ACK,4675,S6,AT                                                 
TEL,4676,S6,3404,1069,2944,0,0,2                               
TEL,4677,S6,3404,1069,2944,0,0,3                               
TEL,4678,S6,3404,1069,2944,0,0,4                               
TEL,4679,S6,3404,1069,2944,0,0,5                               
TEL,4680,S6,3373,1068,2944,0,99163,0                           
TEL,4681,S6,3373,1068,2944,0,99163,1                           
TEL,4682,S6,3373,1068,2944,0,99163,2                           
TEL,4683,S6,3373,1068,2944,0,99163,3                           
TEL,4684,S6,3280,1064,2944,0,100000,0                          
TEL,4685,S6,3280,1064,2944,0,100000,1                          
TEL,4686,S6,3280,1064,2944,0,100000,2                          
TEL,4687,S6,3280,1064,2944,0,100000,3                          
TEL,4688,S6,3404,1069,2944,0,100000,0                          
TEL,4689,S6,3404,1069,2944,0,100000,1                          
TEL,4690,S6,3404,1069,2944,0,100000,2                          
TEL,4691,S6,3404,1069,2944,0,100000,3                          
TEL,4692,S6,3435,1070,2944,0,100000,0                          
TEL,4693,S6,3435,1070,2944,0,100000,1                          
TEL,4694,S6,3435,1070,2944,0,100000,2                          
TEL,4695,S6,3435,1070,2944,0,100000,3                          
TEL,4696,S6,3342,1067,2944,0,100000,0                          
TEL,4697,S6,3342,1067,2944,0,100000,1                          
TEL,4698,S6,3342,1067,2944,0,100000,2                          
TEL,4699,S6,3342,1067,2944,0,100000,3                          
TEL,4700,S6,3435,1070,2944,0,100000,0                          
TEL,4701,S6,3435,1070,2944,0,100000,1                          
TEL,4702,S6,3435,1070,2944,0,100000,2                          
TEL,4703,S6,3435,1070,2944,0,100000,3                          
TEL,4704,S6,3342,1067,2944,0,100000,0                          
TEL,4705,S6,3342,1067,2944,0,100000,1                          
TEL,4706,S6,3342,1067,2944,0,100000,2                          
TEL,4707,S6,3342,1067,2944,0,100000,3                          
TEL,4708,S6,3435,1070,2944,0,100000,0                          
TEL,4709,S6,3435,1070,2944,0,100000,1                          
TEL,4710,S6,3435,1070,2944,0,100000,2                          
TEL,4711,S6,3435,1070,2944,0,100000,3                          
TEL,4712,S6,3404,1069,2944,0,100000,0                          
TEL,4713,S6,3404,1069,2944,0,100000,1                          
TEL,4714,S6,3404,1069,2944,0,100000,2                          
TEL,4715,S6,3404,1069,2944,0,100000,3                          
TEL,4716,S6,3435,1070,2944,0,100000,0                          
TEL,4717,S6,3435,1070,2944,0,100000,1                          
TEL,4718,S6,3435,1070,2944,0,100000,2                          
TEL,4719,S6,3435,1070,2944,0,100000,3                          
TEL,4720,S6,3404,1069,2944,0,100000,0                          
TEL,4721,S6,3404,1069,2944,0,100000,1                          
TEL,4722,S6,3404,1069,2944,0,100000,2                          
TEL,4723,S6,3404,1069,2944,0,100000,3                          
TEL,4724,S6,3342,1067,2944,0,100000,0                          
TEL,4725,S6,3342,1067,2944,0,100000,1                          
TEL,4726,S6,3342,1067,2944,0,100000,2                          
TEL,4727,S6,3342,1067,2944,0,100000,3                          
TEL,4728,S6,3404,1069,2944,0,100000,0                          
TEL,4729,S6,3404,1069,2944,0,100000,1                          
TEL,4730,S6,3404,1069,2944,0,100000,2                          
TEL,4731,S6,3404,1069,2944,0,100000,3                          
TEL,4732,S6,3466,1071,2944,0,100000,0                          
TEL,4733,S6,3466,1071,2944,0,100000,1                          
TEL,4734,S6,3466,1071,2944,0,100000,2                          
TEL,4735,S6,3466,1071,2944,0,100000,3                          
TEL,4736,S6,3404,1069,2944,0,100000,0                          
TEL,4737,S6,3404,1069,2944,0,100000,1                          
TEL,4738,S6,3404,1069,2944,0,100000,2                          
TEL,4739,S6,3404,1069,2944,0,100000,3                          
TEL,4740,S6,3342,1067,2944,0,100000,0                          
TEL,4741,S6,3342,1067,2944,0,100000,1                          
TEL,4742,S6,3342,1067,2944,0,100000,2                          
TEL,4743,S6,3342,1067,2944,0,100000,3                          
TEL,4744,S6,3404,1069,2944,0,100000,0                          
TEL,4745,S6,3404,1069,2944,0,100000,1                          
TEL,4746,S6,3404,1069,2944,0,100000,2                          
TEL,4747,S6,3404,1069,2944,0,100000,3                          
TEL,4748,S6,3342,1067,2944,0,100000,0                          
TEL,4749,S6,3342,1067,2944,0,100000,1                          
TEL,4750,S6,3342,1067,2944,0,100000,2                          
TEL,4751,S6,3342,1067,2944,0,100000,3                          
TEL,4752,S6,3342,1067,2944,0,100000,0                          
TEL,4753,S6,3342,1067,2944,0,100000,1                          
TEL,4754,S6,3342,1067,2944,0,100000,2                          
TEL,4755,S6,3342,1067,2944,0,100000,3                          
TEL,4756,S6,3342,1067,2944,0,100000,0                          
TEL,4757,S6,3342,1067,2944,0,100000,1                          
TEL,4758,S6,3342,1067,2944,0,100000,2                          
TEL,4759,S6,3342,1067,2944,0,100000,3                          
TEL,4760,S6,3342,1067,2944,0,100000,0                          
TEL,4761,S6,3342,1067,2944,0,100000,1                          
TEL,4762,S6,3342,1067,2944,0,100000,2                          
TEL,4763,S6,3342,1067,2944,0,100000,3                          
TEL,4764,S6,3435,1070,2944,0,100000,0                          
TEL,4765,S6,3435,1070,2944,0,100000,1                          
TEL,4766,S6,3435,1070,2944,0,100000,2                          
TEL,4767,S6,3435,1070,2944,0,100000,3                          
TEL,4768,S6,3435,1070,2944,0,100000,0                          
TEL,4769,S6,3435,1070,2944,0,100000,1                          
TEL,4770,S6,3435,1070,2944,0,100000,2                          
TEL,4771,S6,3435,1070,2944,0,100000,3                          
TEL,4772,S6,3342,1067,2944,0,100000,0                          
TEL,4773,S6,3342,1067,2944,0,100000,1                          
TEL,4774,S6,3342,1067,2944,0,100000,2                          
TEL,4775,S6,3342,1067,2944,0,100000,3                          
TEL,4776,S6,3249,1063,2944,0,100000,0                          
TEL,4777,S6,3249,1063,2944,0,100000,1                          
TEL,4778,S6,3249,1063,2944,0,100000,2                          
TEL,4779,S6,3249,1063,2944,0,100000,3                          
TEL,4780,S6,3342,1067,2944,0,100000,0                          
TEL,4781,S6,3342,1067,2944,0,100000,1                          
TEL,4782,S6,3342,1067,2944,0,100000,2                          
TEL,4783,S6,3342,1067,2944,0,100000,3                          
TEL,4784,S6,3404,1069,2944,0,100000,0                          
TEL,4785,S6,3404,1069,2944,0,100000,1                          
TEL,4786,S6,3404,1069,2944,0,100000,2                          
TEL,4787,S6,3404,1069,2944,0,100000,3                          
TEL,4788,S6,3435,1070,2944,0,100000,0                          
TEL,4789,S6,3435,1070,2944,0,100000,1                          
TEL,4790,S6,3435,1070,2944,0,100000,2                          
TEL,4791,S6,3435,1070,2944,0,100000,3                          
TEL,4792,S6,3342,1067,2944,0,100000,0                          
TEL,4793,S6,3342,1067,2944,0,100000,1                          
TEL,4794,S6,3342,1067,2944,0,100000,2                          
TEL,4795,S6,3342,1067,2944,0,100000,3                          
TEL,4796,S6,3466,1071,2944,0,100000,0                          
TEL,4797,S6,3466,1071,2944,0,100000,1                          
TEL,4798,S6,3466,1071,2944,0,100000,2                          
TEL,4799,S6,3466,1071,2944,0,100000,3                          
TEL,4800,S6,3404,1069,2944,0,100000,0                          
TEL,4801,S6,3404,1069,2944,0,100000,1                          
TEL,4802,S6,3404,1069,2944,0,100000,2                          
TEL,4803,S6,3404,1069,2944,0,100000,3                          
TEL,4804,S6,3342,1067,2944,0,100000,0                          
TEL,4805,S6,3342,1067,2944,0,100000,1                          
TEL,4806,S6,3342,1067,2944,0,100000,2                          
TEL,4807,S6,3342,1067,2944,0,100000,3                          
TEL,4808,S6,3373,1068,2944,0,100000,0                          
TEL,4809,S6,3373,1068,2944,0,100000,1                          
TEL,4810,S6,3373,1068,2944,0,100000,2                          
TEL,4811,S6,3373,1068,2944,0,100000,3                          
TEL,4812,S6,3404,1069,2944,0,100000,0                          
TEL,4813,S6,3404,1069,2944,0,100000,1                          
TEL,4814,S6,3404,1069,2944,0,100000,2                          
TEL,4815,S6,3404,1069,2944,0,100000,3                          
TEL,4816,S6,3342,1067,2944,0,100000,0                          
TEL,4817,S6,3342,1067,2944,0,100000,1                          
TEL,4818,S6,3342,1067,2944,0,100000,2                          
TEL,4819,S6,3342,1067,2944,0,100000,3                          
TEL,4820,S6,3342,1067,2944,0,100000,0                          
TEL,4821,S6,3342,1067,2944,0,100000,1                          
TEL,4822,S6,3342,1067,2944,0,100000,2                          
TEL,4823,S6,3342,1067,2944,0,100000,3                          
TEL,4824,S6,3435,1070,2944,0,100000,0                          
TEL,4825,S6,3435,1070,2944,0,100000,1                          
TEL,4826,S6,3435,1070,2944,0,100000,2                          
TEL,4827,S6,3435,1070,2944,0,100000,3                          
TEL,4828,S6,3373,1068,2944,0,100000,0                          
TEL,4829,S6,3373,1068,2944,0,100000,1                          
TEL,4830,S6,3373,1068,2944,0,100000,2                          
TEL,4831,S6,3373,1068,2944,0,100000,3                          
TEL,4832,S6,3342,1067,2944,0,100000,0                          
TEL,4833,S6,3342,1067,2944,0,100000,1                          
TEL,4834,S6,3342,1067,2944,0,100000,2                          
TEL,4835,S6,3342,1067,2944,0,100000,3                          
TEL,4836,S6,3404,1069,2944,0,100000,0                          
TEL,4837,S6,3404,1069,2944,0,100000,1                          
TEL,4838,S6,3404,1069,2944,0,100000,2                          
TEL,4839,S6,3404,1069,2944,0,100000,3                          
TEL,4840,S6,3435,1070,2944,0,100000,0                          
TEL,4841,S6,3435,1070,2944,0,100000,1                          
TEL,4842,S6,3435,1070,2944,0,100000,2                          
TEL,4843,S6,3435,1070,2944,0,100000,3                          
TEL,4844,S6,3404,1069,2944,0,100000,0                          
TEL,4845,S6,3404,1069,2944,0,100000,1                          
TEL,4846,S6,3404,1069,2944,0,100000,2                          
TEL,4847,S6,3404,1069,2944,0,100000,3                          
TEL,4848,S6,3342,1067,2944,0,100000,0                          
TEL,4849,S6,3342,1067,2944,0,100000,1                          
TEL,4850,S6,3342,1067,2944,0,100000,2                          
TEL,4851,S6,3342,1067,2944,0,100000,3                          
TEL,4852,S6,3342,1067,2944,0,100000,0                          
TEL,4853,S6,3342,1067,2944,0,100000,1                          
TEL,4854,S6,3342,1067,2944,0,100000,2                          
TEL,4855,S6,3342,1067,2944,0,100000,3                          
TEL,4856,S6,3342,1067,2944,0,100000,0                          
TEL,4857,S6,3342,1067,2944,0,100000,1                          
TEL,4858,S6,3342,1067,2944,0,100000,2                          
TEL,4859,S6,3342,1067,2944,0,100000,3                          
TEL,4860,S6,3342,1067,2944,0,100000,0                          
TEL,4861,S6,3342,1067,2944,0,100000,1                          
TEL,4862,S6,3342,1067,2944,0,100000,2                          
TEL,4863,S6,3342,1067,2944,0,100000,3                          
TEL,4864,S6,3342,1067,2944,0,100000,0                          
TEL,4865,S6,3342,1067,2944,0,100000,1                          
TEL,4866,S6,3342,1067,2944,0,100000,2                          
TEL,4867,S6,3342,1067,2944,0,100000,3                          
TEL,4868,S6,3466,1071,2944,0,100000,0                          
TEL,4869,S6,3466,1071,2944,0,100000,1                          
TEL,4870,S6,3466,1071,2944,0,100000,2                          
TEL,4871,S6,3466,1071,2944,0,100000,3                          
TEL,4872,S6,3373,1068,2944,0,100000,0                          
TEL,4873,S6,3373,1068,2944,0,100000,1                          
TEL,4874,S6,3373,1068,2944,0,100000,2                          
TEL,4875,S6,3373,1068,2944,0,100000,3                          
TEL,4876,S6,3404,1069,2944,0,100000,0                          
TEL,4877,S6,3404,1069,2944,0,100000,1                          
TEL,4878,S6,3404,1069,2944,0,100000,2                          
TEL,4879,S6,3404,1069,2944,0,100000,3                          
TEL,4880,S6,3435,1070,2944,0,100000,0                          
TEL,4881,S6,3435,1070,2944,0,100000,1                          
TEL,4882,S6,3435,1070,2944,0,100000,2                          
TEL,4883,S6,3435,1070,2944,0,100000,3                          
TEL,4884,S6,3435,1070,2944,0,100000,0                          
TEL,4885,S6,3435,1070,2944,0,100000,1                          
TEL,4886,S6,3435,1070,2944,0,100000,2                          
TEL,4887,S6,3435,1070,2944,0,100000,3                          
TEL,4888,S6,3342,1067,2944,0,100000,0                          
TEL,4889,S6,3342,1067,2944,0,100000,1                          
TEL,4890,S6,3342,1067,2944,0,100000,2                          
TEL,4891,S6,3342,1067,2944,0,100000,3                          
TEL,4892,S6,3466,1071,2944,0,100000,0                          
TEL,4893,S6,3466,1071,2944,0,100000,1                          
TEL,4894,S6,3466,1071,2944,0,100000,2                          
TEL,4895,S6,3466,1071,2944,0,100000,3                          
TEL,4896,S6,3342,1067,2944,0,100000,0                          
TEL,4897,S6,3342,1067,2944,0,100000,1                          
TEL,4898,S6,3342,1067,2944,0,100000,2                          
TEL,4899,S6,3342,1067,2944,0,100000,3                          
TEL,4900,S6,3435,1070,2944,0,100000,0                          
TEL,4901,S6,3435,1070,2944,0,100000,1                          
TEL,4902,S6,3435,1070,2944,0,100000,2                          
TEL,4903,S6,3435,1070,2944,0,100000,3                          
TEL,4904,S6,3373,1068,2944,0,100000,0                          
TEL,4905,S6,3373,1068,2944,0,100000,1                          
TEL,4906,S6,3373,1068,2944,0,100000,2                          
TEL,4907,S6,3373,1068,2944,0,100000,3                          
TEL,4908,S6,3404,1069,2944,0,100000,0                          
TEL,4909,S6,3404,1069,2944,0,100000,1                          
TEL,4910,S6,3404,1069,2944,0,100000,2                          
TEL,4911,S6,3404,1069,2944,0,100000,3                          
TEL,4912,S6,3342,1067,2944,0,100000,0                          
TEL,4913,S6,3342,1067,2944,0,100000,1                          
TEL,4914,S6,3342,1067,2944,0,100000,2                          
TEL,4915,S6,3342,1067,2944,0,100000,3                          
TEL,4916,S6,3342,1067,2944,0,100000,0                          
TEL,4917,S6,3342,1067,2944,0,100000,1                          
TEL,4918,S6,3342,1067,2944,0,100000,2                          
TEL,4919,S6,3342,1067,2944,0,100000,3                          
TEL,4920,S6,3435,1070,2944,0,100000,0                          
TEL,4921,S6,3435,1070,2944,0,100000,1                          
TEL,4922,S6,3435,1070,2944,0,100000,2                          
TEL,4923,S6,3435,1070,2944,0,100000,3                          
TEL,4924,S6,3404,1069,2944,0,100000,0                          
TEL,4925,S6,3404,1069,2944,0,100000,1                          
TEL,4926,S6,3404,1069,2944,0,100000,2                          
TEL,4927,S6,3404,1069,2944,0,100000,3                          
TEL,4928,S6,3342,1067,2944,0,100000,0                          
TEL,4929,S6,3342,1067,2944,0,100000,1                          
TEL,4930,S6,3342,1067,2944,0,100000,2                          
TEL,4931,S6,3342,1067,2944,0,100000,3                          
TEL,4932,S6,3435,1070,2944,0,100000,0                          
TEL,4933,S6,3435,1070,2944,0,100000,1                          
TEL,4934,S6,3435,1070,2944,0,100000,2                          
TEL,4935,S6,3435,1070,2944,0,100000,3                          
TEL,4936,S6,3342,1067,2944,0,100000,0                          
TEL,4937,S6,3342,1067,2944,0,100000,1                          
TEL,4938,S6,3342,1067,2944,0,100000,2                          
TEL,4939,S6,3342,1067,2944,0,100000,3                          
TEL,4940,S6,3466,1071,2944,0,100000,0                          
TEL,4941,S6,3466,1071,2944,0,100000,1                          
TEL,4942,S6,3466,1071,2944,0,100000,2                          
TEL,4943,S6,3466,1071,2944,0,100000,3                          
TEL,4944,S6,3404,1069,2944,0,100000,0                          
TEL,4945,S6,3404,1069,2944,0,100000,1                          
TEL,4946,S6,3404,1069,2944,0,100000,2                          
TEL,4947,S6,3404,1069,2944,0,100000,3                          
TEL,4948,S6,3342,1067,2944,0,100000,0                          
TEL,4949,S6,3342,1067,2944,0,100000,1                          
TEL,4950,S6,3342,1067,2944,0,100000,2                          
TEL,4951,S6,3342,1067,2944,0,100000,3                          
TEL,4952,S6,3342,1067,2944,0,100000,0                          
TEL,4953,S6,3342,1067,2944,0,100000,1                          
TEL,4954,S6,3342,1067,2944,0,100000,2                          
TEL,4955,S6,3342,1067,2944,0,100000,3                          
TEL,4956,S6,3435,1070,2944,0,100000,0                          
TEL,4957,S6,3435,1070,2944,0,100000,1                          
TEL,4958,S6,3435,1070,2944,0,100000,2                          
TEL,4959,S6,3435,1070,2944,0,100000,3                          
TEL,4960,S6,3342,1067,2944,0,100000,0                          
TEL,4961,S6,3342,1067,2944,0,100000,1                          
TEL,4962,S6,3342,1067,2944,0,100000,2                          
TEL,4963,S6,3342,1067,2944,0,100000,3                          
TEL,4964,S6,3466,1071,2944,0,100000,0                          
TEL,4965,S6,3466,1071,2944,0,100000,1                          
TEL,4966,S6,3466,1071,2944,0,100000,2                          
TEL,4967,S6,3466,1071,2944,0,100000,3                          
TEL,4968,S6,3435,1070,2944,0,100000,0                          
TEL,4969,S6,3435,1070,2944,0,100000,1                          
TEL,4970,S6,3435,1070,2944,0,100000,2                          
TEL,4971,S6,3435,1070,2944,0,100000,3                          
TEL,4972,S6,3404,1069,2944,0,100000,0                          
TEL,4973,S6,3404,1069,2944,0,100000,1                          
TEL,4974,S6,3404,1069,2944,0,100000,2                          
TEL,4975,S6,3404,1069,2944,0,100000,3                          
TEL,4976,S6,3435,1070,2944,0,100000,0                          
TEL,4977,S6,3435,1070,2944,0,100000,1                          
TEL,4978,S6,3435,1070,2944,0,100000,2                          
TEL,4979,S6,3435,1070,2944,0,100000,3                          
TEL,4980,S6,3342,1067,2944,0,100000,0                          
TEL,4981,S6,3342,1067,2944,0,100000,1                          
TEL,4982,S6,3342,1067,2944,0,100000,2                          
TEL,4983,S6,3342,1067,2944,0,100000,3                          
TEL,4984,S6,3342,1067,2944,0,100000,0                          
TEL,4985,S6,3342,1067,2944,0,100000,1                          
TEL,4986,S6,3342,1067,2944,0,100000,2                          
TEL,4987,S6,3342,1067,2944,0,100000,3                          
TEL,4988,S6,3466,1071,2944,0,100000,0                          
TEL,4989,S6,3466,1071,2944,0,100000,1                          
TEL,4990,S6,3466,1071,2944,0,100000,2                          
TEL,4991,S6,3466,1071,2944,0,100000,3                          
TEL,4992,S6,3435,1070,2944,0,100000,0                          
TEL,4993,S6,3435,1070,2944,0,100000,1                          
TEL,4994,S6,3435,1070,2944,0,100000,2                          
TEL,4995,S6,3435,1070,2944,0,100000,3                          
TEL,4996,S6,3435,1070,2944,0,100000,0                          
TEL,4997,S6,3435,1070,2944,0,100000,1                          
TEL,4998,S6,3435,1070,2944,0,100000,2                          
TEL,4999,S6,3435,1070,2944,0,100000,3                          
TEL,5000,S6,3435,1070,2944,0,100000,0                          
TEL,5001,S6,3435,1070,2944,0,100000,1                          
TEL,5002,S6,3435,1070,2944,0,100000,2                          
TEL,5003,S6,3435,1070,2944,0,100000,3                          
TEL,5004,S6,3435,1070,2944,0,100000,0                          
TEL,5005,S6,3435,1070,2944,0,100000,1                          
TEL,5006,S6,3435,1070,2944,0,100000,2                          
TEL,5007,S6,3435,1070,2944,0,100000,3                          
TEL,5008,S6,3404,1069,2944,0,100000,0                          
TEL,5009,S6,3404,1069,2944,0,100000,1                          
TEL,5010,S6,3404,1069,2944,0,100000,2                          
TEL,5011,S6,3404,1069,2944,0,100000,3                          
TEL,5012,S6,3435,1070,2944,0,100000,0                          
TEL,5013,S6,3435,1070,2944,0,100000,1                          
TEL,5014,S6,3435,1070,2944,0,100000,2                          
TEL,5015,S6,3435,1070,2944,0,100000,3                          
TEL,5016,S6,3435,1070,2944,0,100000,0                          
TEL,5017,S6,3435,1070,2944,0,100000,1                          
TEL,5018,S6,3435,1070,2944,0,100000,2                          
TEL,5019,S6,3435,1070,2944,0,100000,3                          
TEL,5020,S6,3435,1070,2944,0,100000,0                          
TEL,5021,S6,3435,1070,2944,0,100000,1                          
TEL,5022,S6,3435,1070,2944,0,100000,2                          
TEL,5023,S6,3435,1070,2944,0,100000,3                          
TEL,5024,S6,3466,1071,2944,0,100000,0                          
TEL,5025,S6,3466,1071,2944,0,100000,1                          
TEL,5026,S6,3466,1071,2944,0,100000,2                          
TEL,5027,S6,3466,1071,2944,0,100000,3                          
TEL,5028,S6,3435,1070,2944,0,100000,0                          
TEL,5029,S6,3435,1070,2944,0,100000,1                          
TEL,5030,S6,3435,1070,2944,0,100000,2                          
TEL,5031,S6,3435,1070,2944,0,100000,3                          
BTN,31,S6,PRESSED,5032,87259602,87259619,87259621              
TEL,5033,S6,3435,1070,2944,0,100000,0                          
TEL,5034,S6,3435,1070,2944,0,100000,1                          
TEL,5035,S6,3435,1070,2944,0,100000,2                          
TEL,5036,S6,3435,1070,2944,0,100000,3                          
TEL,5037,S6,3342,1067,2944,0,100000,0                          
TEL,5038,S6,3342,1067,2944,0,100000,1                          
TEL,5039,S6,3342,1067,2944,0,100000,2                          
TEL,5040,S6,3342,1067,2944,0,100000,3                          
TEL,5041,S6,3342,1066,2944,0,100000,0                          
TEL,5042,S6,3342,1066,2944,0,100000,1                          
TEL,5043,S6,3342,1066,2944,0,100000,2                          
TEL,5044,S6,3342,1066,2944,0,100000,3                          
TEL,5045,S6,3435,1070,2944,0,100000,0                          
TEL,5046,S6,3435,1070,2944,0,100000,1                          
TEL,5047,S6,3435,1070,2944,0,100000,2                          
TEL,5048,S6,3435,1070,2944,0,100000,3                          
TEL,5049,S6,3435,1070,2944,0,100000,0                          
TEL,5050,S6,3435,1070,2944,0,100000,1                          
TEL,5051,S6,3435,1070,2944,0,100000,2                          
TEL,5052,S6,3435,1070,2944,0,100000,3                          
TEL,5053,S6,3404,1069,2944,0,100000,0                          
TEL,5054,S6,3404,1069,2944,0,100000,1                          
TEL,5055,S6,3404,1069,2944,0,100000,2                          
TEL,5056,S6,3404,1069,2944,0,100000,3                          
TEL,5057,S6,3373,1068,2944,0,100000,0                          
TEL,5058,S6,3373,1068,2944,0,100000,1                          
TEL,5059,S6,3373,1068,2944,0,100000,2                          
TEL,5060,S6,3373,1068,2944,0,100000,3                          
TEL,5061,S6,3435,1070,2944,0,100000,0                          
TEL,5062,S6,3435,1070,2944,0,100000,1                          
TEL,5063,S6,3435,1070,2944,0,100000,2                          
TEL,5064,S6,3435,1070,2944,0,100000,3                          
TEL,5065,S6,3435,1070,2944,0,100000,0                          
TEL,5066,S6,3435,1070,2944,0,100000,1                          
TEL,5067,S6,3435,1070,2944,0,100000,2                          
TEL,5068,S6,3435,1070,2944,0,100000,3                          
TEL,5069,S6,3435,1070,2944,0,100000,0                          
TEL,5070,S6,3435,1070,2944,0,100000,1                          
TEL,5071,S6,3435,1070,2944,0,100000,2                          
TEL,5072,S6,3435,1070,2944,0,100000,3                          
TEL,5073,S6,3373,1068,2944,0,100000,0                          
TEL,5074,S6,3373,1068,2944,0,100000,1                          
TEL,5075,S6,3373,1068,2944,0,100000,2                          
TEL,5076,S6,3373,1068,2944,0,100000,3                          
TEL,5077,S6,3342,1067,2944,0,100000,0                          
TEL,5078,S6,3342,1067,2944,0,100000,1                          
TEL,5079,S6,3342,1067,2944,0,100000,2                          
TEL,5080,S6,3342,1067,2944,0,100000,3                          
TEL,5081,S6,3466,1071,2944,0,100000,0                          
TEL,5082,S6,3466,1071,2944,0,100000,1                          
TEL,5083,S6,3466,1071,2944,0,100000,2                          
TEL,5084,S6,3466,1071,2944,0,100000,3                          
TEL,5085,S6,3435,1070,2944,0,100000,0                          
TEL,5086,S6,3435,1070,2944,0,100000,1                          
TEL,5087,S6,3435,1070,2944,0,100000,2                          
TEL,5088,S6,3435,1070,2944,0,100000,3                          
TEL,5089,S6,3342,1066,2944,0,100000,0                          
TEL,5090,S6,3342,1066,2944,0,100000,1                          
TEL,5091,S6,3342,1066,2944,0,100000,2                          
TEL,5092,S6,3342,1066,2944,0,100000,3                          
TEL,5093,S6,3404,1069,2944,0,100000,0                          
TEL,5094,S6,3404,1069,2944,0,100000,1                          
TEL,5095,S6,3404,1069,2944,0,100000,2                          
TEL,5096,S6,3404,1069,2944,0,100000,3                          
BTN,32,S6,PRESSED,5097,88900095,88900113,88900114              
TEL,5098,S6,3404,1069,2944,0,100000,0                          
TEL,5099,S6,3404,1069,2944,0,100000,1                          
TEL,5100,S6,3404,1069,2944,0,100000,2                          
TEL,5101,S6,3404,1069,2944,0,100000,3                          
TEL,5102,S6,3435,1070,2944,0,100000,0                          
TEL,5103,S6,3435,1070,2944,0,100000,1                          
TEL,5104,S6,3435,1070,2944,0,100000,2                          
TEL,5105,S6,3435,1070,2944,0,100000,3                          
TEL,5106,S6,3342,1067,2944,0,100000,0                          
TEL,5107,S6,3342,1067,2944,0,100000,1                          
TEL,5108,S6,3342,1067,2944,0,100000,2                          
TEL,5109,S6,3342,1067,2944,0,100000,3                          
TEL,5110,S6,3342,1067,2944,0,100000,0                          
TEL,5111,S6,3342,1067,2944,0,100000,1                          
TEL,5112,S6,3342,1067,2944,0,100000,2                          
TEL,5113,S6,3342,1067,2944,0,100000,3                          
TEL,5114,S6,3404,1069,2944,0,100000,0                          
TEL,5115,S6,3404,1069,2944,0,100000,1                          
TEL,5116,S6,3404,1069,2944,0,100000,2                          
TEL,5117,S6,3404,1069,2944,0,100000,3                          
TEL,5118,S6,3342,1067,2944,0,100000,0                          
TEL,5119,S6,3342,1067,2944,0,100000,1                          
TEL,5120,S6,3342,1067,2944,0,100000,2                          
TEL,5121,S6,3342,1067,2944,0,100000,3                          
TEL,5122,S6,3342,1067,2944,0,100000,0                          
TEL,5123,S6,3342,1067,2944,0,100000,1                          
TEL,5124,S6,3342,1067,2944,0,100000,2                          
TEL,5125,S6,3342,1067,2944,0,100000,3                          
TEL,5126,S6,3373,1068,2944,0,100000,0                          
TEL,5127,S6,3373,1068,2944,0,100000,1                          
TEL,5128,S6,3373,1068,2944,0,100000,2                          
TEL,5129,S6,3373,1068,2944,0,100000,3                          
TEL,5130,S6,3404,1069,2944,0,100000,0                          
TEL,5131,S6,3404,1069,2944,0,100000,1                          
TEL,5132,S6,3404,1069,2944,0,100000,2                          
TEL,5133,S6,3404,1069,2944,0,100000,3                          
TEL,5134,S6,3342,1067,2944,0,100000,0                          
TEL,5135,S6,3342,1067,2944,0,100000,1                          
TEL,5136,S6,3342,1067,2944,0,100000,2                          
TEL,5137,S6,3342,1067,2944,0,100000,3                          
TEL,5138,S6,3466,1071,2944,0,100000,0                          
TEL,5139,S6,3466,1071,2944,0,100000,1                          
TEL,5140,S6,3466,1071,2944,0,100000,2                          
TEL,5141,S6,3466,1071,2944,0,100000,3                          
TEL,5142,S6,3404,1069,2944,0,100000,0                          
TEL,5143,S6,3404,1069,2944,0,100000,1                          
TEL,5144,S6,3404,1069,2944,0,100000,2                          
TEL,5145,S6,3404,1069,2944,0,100000,3                          
TEL,5146,S6,3342,1067,2944,0,100000,0                          
TEL,5147,S6,3342,1067,2944,0,100000,1                          
TEL,5148,S6,3342,1067,2944,0,100000,2                          
TEL,5149,S6,3342,1067,2944,0,100000,3                          
TEL,5150,S6,3404,1069,2944,0,100000,0                          
TEL,5151,S6,3404,1069,2944,0,100000,1                          
TEL,5152,S6,3404,1069,2944,0,100000,2                          
TEL,5153,S6,3404,1069,2944,0,100000,3                          
TEL,5154,S6,3435,1070,2944,0,100000,0                          
TEL,5155,S6,3435,1070,2944,0,100000,1                          
TEL,5156,S6,3435,1070,2944,0,100000,2                          
TEL,5157,S6,3435,1070,2944,0,100000,3                          
TEL,5158,S6,3435,1070,2944,0,100000,0                          
TEL,5159,S6,3435,1070,2944,0,100000,1                          
TEL,5160,S6,3435,1070,2944,0,100000,2                          
TEL,5161,S6,3435,1070,2944,0,100000,3                          
BTN,33,S6,PRESSED,5162,90438512,90438530,90438531              
TEL,5163,S6,3435,1070,2944,0,100000,0                          
TEL,5164,S6,3435,1070,2944,0,100000,1                          
TEL,5165,S6,3435,1070,2944,0,100000,2                          
TEL,5166,S6,3435,1070,2944,0,100000,3                          
TEL,5167,S6,3435,1070,2944,0,100000,0                          
TEL,5168,S6,3435,1070,2944,0,100000,1                          
TEL,5169,S6,3435,1070,2944,0,100000,2                          
TEL,5170,S6,3435,1070,2944,0,100000,3                          
TEL,5171,S6,3435,1070,2944,0,100000,0                          
TEL,5172,S6,3435,1070,2944,0,100000,1                          
TEL,5173,S6,3435,1070,2944,0,100000,2                          
TEL,5174,S6,3435,1070,2944,0,100000,3                          
TEL,5175,S6,3435,1070,2944,0,100000,0                          
TEL,5176,S6,3435,1070,2944,0,100000,1                          
TEL,5177,S6,3435,1070,2944,0,100000,2                          
TEL,5178,S6,3435,1070,2944,0,100000,3                          
TEL,5179,S6,3435,1070,2944,0,100000,0                          
TEL,5180,S6,3435,1070,2944,0,100000,1                          
TEL,5181,S6,3435,1070,2944,0,100000,2                          
TEL,5182,S6,3435,1070,2944,0,100000,3                          
TEL,5183,S6,3342,1067,2944,0,100000,0                          
TEL,5184,S6,3342,1067,2944,0,100000,1                          
TEL,5185,S6,3342,1067,2944,0,100000,2                          
TEL,5186,S6,3342,1067,2944,0,100000,3                          
TEL,5187,S6,3404,1069,2944,0,100000,0                          
TEL,5188,S6,3404,1069,2944,0,100000,1                          
TEL,5189,S6,3404,1069,2944,0,100000,2                          
TEL,5190,S6,3404,1069,2944,0,100000,3                          
TEL,5191,S6,3435,1070,2944,0,100000,0                          
TEL,5192,S6,3435,1070,2944,0,100000,1                          
TEL,5193,S6,3435,1070,2944,0,100000,2                          
TEL,5194,S6,3435,1070,2944,0,100000,3                          
TEL,5195,S6,3435,1070,2944,0,100000,0                          
TEL,5196,S6,3435,1070,2944,0,100000,1                          
TEL,5197,S6,3435,1070,2944,0,100000,2                          
TEL,5198,S6,3435,1070,2944,0,100000,3                          
TEL,5199,S6,3435,1070,2944,0,100000,0                          
TEL,5200,S6,3435,1070,2944,0,100000,1                          
TEL,5201,S6,3435,1070,2944,0,100000,2                          
TEL,5202,S6,3435,1070,2944,0,100000,3                          
TEL,5203,S6,3529,1073,2944,0,100000,0                          
TEL,5204,S6,3529,1073,2944,0,100000,1                          
TEL,5205,S6,3529,1073,2944,0,100000,2                          
TEL,5206,S6,3529,1073,2944,0,100000,3                          
TEL,5207,S6,3435,1070,2944,0,100000,0                          
TEL,5208,S6,3435,1070,2944,0,100000,1                          
TEL,5209,S6,3435,1070,2944,0,100000,2                          
TEL,5210,S6,3435,1070,2944,0,100000,3                          
TEL,5211,S6,3435,1070,2944,0,100000,0                          
TEL,5212,S6,3435,1070,2944,0,100000,1                          
TEL,5213,S6,3435,1070,2944,0,100000,2                          
TEL,5214,S6,3435,1070,2944,0,100000,3                          
TEL,5215,S6,3435,1070,2944,0,100000,0                          
TEL,5216,S6,3435,1070,2944,0,100000,1                          
TEL,5217,S6,3435,1070,2944,0,100000,2                          
TEL,5218,S6,3435,1070,2944,0,100000,3                          
BTN,34,S6,PRESSED,5219,91815307,91815325,91815326              
TEL,5220,S6,3435,1070,2944,0,100000,0                          
TEL,5221,S6,3435,1070,2944,0,100000,1                          
TEL,5222,S6,3435,1070,2944,0,100000,2                          
TEL,5223,S6,3435,1070,2944,0,100000,3                          
TEL,5224,S6,3435,1070,2944,0,100000,0                          
TEL,5225,S6,3435,1070,2944,0,100000,1                          
TEL,5226,S6,3435,1070,2944,0,100000,2                          
TEL,5227,S6,3435,1070,2944,0,100000,3                          
TEL,5228,S6,3435,1070,2944,0,100000,0                          
TEL,5229,S6,3435,1070,2944,0,100000,1                          
TEL,5230,S6,3435,1070,2944,0,100000,2                          
TEL,5231,S6,3435,1070,2944,0,100000,3                          
TEL,5232,S6,3435,1070,2944,0,100000,0                          
TEL,5233,S6,3435,1070,2944,0,100000,1                          
TEL,5234,S6,3435,1070,2944,0,100000,2                          
TEL,5235,S6,3435,1070,2944,0,100000,3                          
TEL,5236,S6,3373,1068,2944,0,100000,0                          
TEL,5237,S6,3373,1068,2944,0,100000,1                          
TEL,5238,S6,3373,1068,2944,0,100000,2                          
TEL,5239,S6,3373,1068,2944,0,100000,3                          
TEL,5240,S6,3373,1068,2944,0,100000,0                          
TEL,5241,S6,3373,1068,2944,0,100000,1                          
TEL,5242,S6,3373,1068,2944,0,100000,2                          
TEL,5243,S6,3373,1068,2944,0,100000,3                          
TEL,5244,S6,3404,1069,2944,0,100000,0                          
TEL,5245,S6,3404,1069,2944,0,100000,1                          
TEL,5246,S6,3404,1069,2944,0,100000,2                          
TEL,5247,S6,3404,1069,2944,0,100000,3                          
TEL,5248,S6,3435,1070,2944,0,100000,0                          
TEL,5249,S6,3435,1070,2944,0,100000,1                          
TEL,5250,S6,3435,1070,2944,0,100000,2                          
TEL,5251,S6,3435,1070,2944,0,100000,3                          
TEL,5252,S6,3560,1074,2944,0,100000,0                          
TEL,5253,S6,3560,1074,2944,0,100000,1                          
TEL,5254,S6,3560,1074,2944,0,100000,2                          
TEL,5255,S6,3560,1074,2944,0,100000,3                          
TEL,5256,S6,3435,1070,2944,0,100000,0                          
TEL,5257,S6,3435,1070,2944,0,100000,1                          
TEL,5258,S6,3435,1070,2944,0,100000,2                          
TEL,5259,S6,3435,1070,2944,0,100000,3                          
TEL,5260,S6,3435,1070,2944,0,100000,0                          
TEL,5261,S6,3435,1070,2944,0,100000,1                          
TEL,5262,S6,3435,1070,2944,0,100000,2                          
TEL,5263,S6,3435,1070,2944,0,100000,3                          
TEL,5264,S6,3373,1068,2944,0,100000,0                          
TEL,5265,S6,3373,1068,2944,0,100000,1                          
TEL,5266,S6,3373,1068,2944,0,100000,2                          
TEL,5267,S6,3373,1068,2944,0,100000,3                          
TEL,5268,S6,3404,1069,2944,0,100000,0                          
TEL,5269,S6,3404,1069,2944,0,100000,1                          
TEL,5270,S6,3404,1069,2944,0,100000,2                          
TEL,5271,S6,3404,1069,2944,0,100000,3                          
TEL,5272,S6,3342,1067,2944,0,100000,0                          
TEL,5273,S6,3342,1067,2944,0,100000,1                          
TEL,5274,S6,3342,1067,2944,0,100000,2                          
TEL,5275,S6,3342,1067,2944,0,100000,3                          
TEL,5276,S6,3342,1067,2944,0,100000,0                          
TEL,5277,S6,3342,1067,2944,0,100000,1                          
TEL,5278,S6,3342,1067,2944,0,100000,2                          
TEL,5279,S6,3342,1067,2944,0,100000,3                          
BTN,35,S6,PRESSED,5280,93325266,93325286,93325288              
TEL,5281,S6,3404,1069,2944,0,100000,0                          
TEL,5282,S6,3404,1069,2944,0,100000,1                          
TEL,5283,S6,3404,1069,2944,0,100000,2                          
TEL,5284,S6,3404,1069,2944,0,100000,3                          
TEL,5285,S6,3404,1069,2944,0,100000,0                          
TEL,5286,S6,3404,1069,2944,0,100000,1                          
TEL,5287,S6,3404,1069,2944,0,100000,2                          
TEL,5288,S6,3404,1069,2944,0,100000,3                          
TEL,5289,S6,3404,1069,2944,0,100000,0                          
TEL,5290,S6,3404,1069,2944,0,100000,1                          
TEL,5291,S6,3404,1069,2944,0,100000,2                          
TEL,5292,S6,3404,1069,2944,0,100000,3                          
TEL,5293,S6,3435,1070,2944,0,100000,0                          
TEL,5294,S6,3435,1070,2944,0,100000,1                          
TEL,5295,S6,3435,1070,2944,0,100000,2                          
TEL,5296,S6,3435,1070,2944,0,100000,3                          
TEL,5297,S6,3311,1065,2944,0,100000,0                          
TEL,5298,S6,3311,1065,2944,0,100000,1                          
TEL,5299,S6,3311,1065,2944,0,100000,2                          
TEL,5300,S6,3311,1065,2944,0,100000,3                          
TEL,5301,S6,3435,1070,2944,0,100000,0                          
TEL,5302,S6,3435,1070,2944,0,100000,1                          
TEL,5303,S6,3435,1070,2944,0,100000,2                          
TEL,5304,S6,3435,1070,2944,0,100000,3                          
TEL,5305,S6,3435,1070,2944,0,100000,0                          
TEL,5306,S6,3435,1070,2944,0,100000,1                          
TEL,5307,S6,3435,1070,2944,0,100000,2                          
TEL,5308,S6,3435,1070,2944,0,100000,3                          
TEL,5309,S6,3466,1071,2944,0,100000,0                          
TEL,5310,S6,3466,1071,2944,0,100000,1                          
TEL,5311,S6,3466,1071,2944,0,100000,2                          
TEL,5312,S6,3466,1071,2944,0,100000,3                          
TEL,5313,S6,3373,1068,2944,0,100000,0                          
TEL,5314,S6,3373,1068,2944,0,100000,1                          
TEL,5315,S6,3373,1068,2944,0,100000,2                          
TEL,5316,S6,3373,1068,2944,0,100000,3                          
TEL,5317,S6,3373,1068,2944,0,100000,0                          
TEL,5318,S6,3373,1068,2944,0,100000,1                          
TEL,5319,S6,3373,1068,2944,0,100000,2                          
TEL,5320,S6,3373,1068,2944,0,100000,3                          
TEL,5321,S6,3435,1070,2944,0,100000,0                          
TEL,5322,S6,3435,1070,2944,0,100000,1                          
TEL,5323,S6,3435,1070,2944,0,100000,2                          
TEL,5324,S6,3435,1070,2944,0,100000,3                          
TEL,5325,S6,3435,1070,2944,0,100000,0                          
TEL,5326,S6,3435,1070,2944,0,100000,1                          
TEL,5327,S6,3435,1070,2944,0,100000,2                          
TEL,5328,S6,3435,1070,2944,0,100000,3                          
BTN,36,S6,PRESSED,5329,94609889,94609907,94609908              
TEL,5330,S6,3342,1066,2944,0,100000,0                          
TEL,5331,S6,3342,1066,2944,0,100000,1                          
TEL,5332,S6,3342,1066,2944,0,100000,2                          
TEL,5333,S6,3342,1066,2944,0,100000,3                          
TEL,5334,S6,3435,1070,2944,0,100000,0                          
TEL,5335,S6,3435,1070,2944,0,100000,1                          
TEL,5336,S6,3435,1070,2944,0,100000,2                          
TEL,5337,S6,3435,1070,2944,0,100000,3                          
TEL,5338,S6,3435,1070,2944,0,100000,0                          
TEL,5339,S6,3435,1070,2944,0,100000,1                          
TEL,5340,S6,3435,1070,2944,0,100000,2                          
TEL,5341,S6,3435,1070,2944,0,100000,3                          
TEL,5342,S6,3342,1067,2944,0,100000,0                          
TEL,5343,S6,3342,1067,2944,0,100000,1                          
TEL,5344,S6,3342,1067,2944,0,100000,2                          
TEL,5345,S6,3342,1067,2944,0,100000,3                          
TEL,5346,S6,3560,1074,2944,0,100000,0                          
TEL,5347,S6,3560,1074,2944,0,100000,1                          
TEL,5348,S6,3560,1074,2944,0,100000,2                          
TEL,5349,S6,3560,1074,2944,0,100000,3                          
TEL,5350,S6,3342,1067,2944,0,100000,0                          
TEL,5351,S6,3342,1067,2944,0,100000,1                          
TEL,5352,S6,3342,1067,2944,0,100000,2                          
TEL,5353,S6,3342,1067,2944,0,100000,3                          
TEL,5354,S6,3435,1070,2944,0,100000,0                          
TEL,5355,S6,3435,1070,2944,0,100000,1                          
TEL,5356,S6,3435,1070,2944,0,100000,2                          
TEL,5357,S6,3435,1070,2944,0,100000,3                          
TEL,5358,S6,3404,1069,2944,0,100000,0                          
TEL,5359,S6,3404,1069,2944,0,100000,1                          
TEL,5360,S6,3404,1069,2944,0,100000,2                          
TEL,5361,S6,3404,1069,2944,0,100000,3                          
TEL,5362,S6,3466,1071,2944,0,100000,0                          
TEL,5363,S6,3466,1071,2944,0,100000,1                          
TEL,5364,S6,3466,1071,2944,0,100000,2                          
TEL,5365,S6,3466,1071,2944,0,100000,3                          
TEL,5366,S6,3404,1069,2944,0,100000,0                          
TEL,5367,S6,3404,1069,2944,0,100000,1                          
TEL,5368,S6,3404,1069,2944,0,100000,2                          
TEL,5369,S6,3404,1069,2944,0,100000,3                          
TEL,5370,S6,3435,1070,2944,0,100000,0                          
TEL,5371,S6,3435,1070,2944,0,100000,1                          
TEL,5372,S6,3435,1070,2944,0,100000,2                          
TEL,5373,S6,3435,1070,2944,0,100000,3                          
TEL,5374,S6,3435,1070,2944,0,100000,0                          
TEL,5375,S6,3435,1070,2944,0,100000,1                          
TEL,5376,S6,3435,1070,2944,0,100000,2                          
TEL,5377,S6,3435,1070,2944,0,100000,3                          
TEL,5378,S6,3404,1069,2944,0,100000,0                          
TEL,5379,S6,3404,1069,2944,0,100000,1                          
TEL,5380,S6,3404,1069,2944,0,100000,2                          
TEL,5381,S6,3404,1069,2944,0,100000,3                          
TEL,5382,S6,3342,1067,2944,0,100000,0                          
TEL,5383,S6,3342,1067,2944,0,100000,1                          
TEL,5384,S6,3342,1067,2944,0,100000,2                          
TEL,5385,S6,3342,1067,2944,0,100000,3                          
TEL,5386,S6,3342,1067,2944,0,100000,0                          
TEL,5387,S6,3342,1067,2944,0,100000,1                          
TEL,5388,S6,3342,1067,2944,0,100000,2                          
TEL,5389,S6,3342,1067,2944,0,100000,3                          
TEL,5390,S6,3342,1067,2944,0,100000,0                          
TEL,5391,S6,3342,1067,2944,0,100000,1                          
TEL,5392,S6,3342,1067,2944,0,100000,2                          
TEL,5393,S6,3342,1067,2944,0,100000,3                          
BTN,37,S6,PRESSED,5394,96172160,96172182,96172183              
TEL,5395,S6,3435,1070,2944,0,100000,0                          
TEL,5396,S6,3435,1070,2944,0,100000,1                          
TEL,5397,S6,3435,1070,2944,0,100000,2                          
TEL,5398,S6,3435,1070,2944,0,100000,3                          
TEL,5399,S6,3404,1069,2944,0,100000,0                          
TEL,5400,S6,3404,1069,2944,0,100000,1                          
TEL,5401,S6,3404,1069,2944,0,100000,2                          
TEL,5402,S6,3404,1069,2944,0,100000,3                          
TEL,5403,S6,3404,1069,2944,0,100000,0                          
TEL,5404,S6,3404,1069,2944,0,100000,1                          
TEL,5405,S6,3404,1069,2944,0,100000,2                          
TEL,5406,S6,3404,1069,2944,0,100000,3                          
TEL,5407,S6,3404,1069,2944,0,100000,0                          
TEL,5408,S6,3404,1069,2944,0,100000,1                          
TEL,5409,S6,3404,1069,2944,0,100000,2                          
TEL,5410,S6,3404,1069,2944,0,100000,3                          
TEL,5411,S6,3435,1070,2944,0,100000,0                          
TEL,5412,S6,3435,1070,2944,0,100000,1                          
TEL,5413,S6,3435,1070,2944,0,100000,2                          
TEL,5414,S6,3435,1070,2944,0,100000,3                          
TEL,5415,S6,3342,1067,2944,0,100000,0                          
TEL,5416,S6,3342,1067,2944,0,100000,1                          
TEL,5417,S6,3342,1067,2944,0,100000,2                          
TEL,5418,S6,3342,1067,2944,0,100000,3                          
TEL,5419,S6,3560,1074,2944,0,100000,0                          
TEL,5420,S6,3560,1074,2944,0,100000,1                          
TEL,5421,S6,3560,1074,2944,0,100000,2                          
TEL,5422,S6,3560,1074,2944,0,100000,3                          
TEL,5423,S6,3560,1074,2944,0,100000,0                          
TEL,5424,S6,3560,1074,2944,0,100000,1                          
TEL,5425,S6,3560,1074,2944,0,100000,2                          
TEL,5426,S6,3560,1074,2944,0,100000,3                          
TEL,5427,S6,3435,1070,2944,0,100000,0                          
TEL,5428,S6,3435,1070,2944,0,100000,1                          
TEL,5429,S6,3435,1070,2944,0,100000,2                          
TEL,5430,S6,3435,1070,2944,0,100000,3                          
TEL,5431,S6,3342,1067,2944,0,100000,0                          
TEL,5432,S6,3342,1067,2944,0,100000,1                          
TEL,5433,S6,3342,1067,2944,0,100000,2                          
TEL,5434,S6,3342,1067,2944,0,100000,3                          
TEL,5435,S6,3342,1067,2944,0,100000,0                          
TEL,5436,S6,3342,1067,2944,0,100000,1                          
TEL,5437,S6,3342,1067,2944,0,100000,2                          
TEL,5438,S6,3342,1067,2944,0,100000,3                          
TEL,5439,S6,3342,1067,2944,0,100000,0                          
TEL,5440,S6,3342,1067,2944,0,100000,1                          
TEL,5441,S6,3342,1067,2944,0,100000,2                          
TEL,5442,S6,3342,1067,2944,0,100000,3                          
TEL,5443,S6,3342,1067,2944,0,100000,0                          
TEL,5444,S6,3342,1067,2944,0,100000,1                          
TEL,5445,S6,3342,1067,2944,0,100000,2                          
TEL,5446,S6,3342,1067,2944,0,100000,3                          
TEL,5447,S6,3435,1070,2944,0,100000,0                          
TEL,5448,S6,3435,1070,2944,0,100000,1                          
TEL,5449,S6,3435,1070,2944,0,100000,2                          
TEL,5450,S6,3435,1070,2944,0,100000,3                          
BTN,38,S6,PRESSED,5451,97531342,97531359,97531361              
TEL,5452,S6,3466,1071,2944,0,100000,0                          
TEL,5453,S6,3466,1071,2944,0,100000,1                          
TEL,5454,S6,3466,1071,2944,0,100000,2                          
TEL,5455,S6,3466,1071,2944,0,100000,3                          
TEL,5456,S6,3466,1071,2944,0,100000,0                          
TEL,5457,S6,3466,1071,2944,0,100000,1                          
TEL,5458,S6,3466,1071,2944,0,100000,2                          
TEL,5459,S6,3466,1071,2944,0,100000,3                          
TEL,5460,S6,3342,1067,2944,0,100000,0                          
TEL,5461,S6,3342,1067,2944,0,100000,1                          
TEL,5462,S6,3342,1067,2944,0,100000,2                          
TEL,5463,S6,3342,1067,2944,0,100000,3                          
TEL,5464,S6,3373,1068,2944,0,100000,0                          
TEL,5465,S6,3373,1068,2944,0,100000,1                          
TEL,5466,S6,3373,1068,2944,0,100000,2                          
TEL,5467,S6,3373,1068,2944,0,100000,3                          
TEL,5468,S6,3435,1070,2944,0,100000,0                          
TEL,5469,S6,3435,1070,2944,0,100000,1                          
TEL,5470,S6,3435,1070,2944,0,100000,2                          
TEL,5471,S6,3435,1070,2944,0,100000,3                          
TEL,5472,S6,3466,1071,2944,0,100000,0                          
TEL,5473,S6,3466,1071,2944,0,100000,1                          
TEL,5474,S6,3466,1071,2944,0,100000,2                          
TEL,5475,S6,3466,1071,2944,0,100000,3                          
TEL,5476,S6,3498,1072,2944,0,100000,0                          
TEL,5477,S6,3498,1072,2944,0,100000,1                          
TEL,5478,S6,3498,1072,2944,0,100000,2                          
TEL,5479,S6,3498,1072,2944,0,100000,3                          
TEL,5480,S6,3435,1070,2944,0,100000,0                          
TEL,5481,S6,3435,1070,2944,0,100000,1                          
TEL,5482,S6,3435,1070,2944,0,100000,2                          
TEL,5483,S6,3435,1070,2944,0,100000,3                          
TEL,5484,S6,3466,1071,2944,0,100000,0                          
TEL,5485,S6,3466,1071,2944,0,100000,1                          
TEL,5486,S6,3466,1071,2944,0,100000,2                          
TEL,5487,S6,3466,1071,2944,0,100000,3                          
TEL,5488,S6,3435,1070,2944,0,100000,0                          
TEL,5489,S6,3435,1070,2944,0,100000,1                          
TEL,5490,S6,3435,1070,2944,0,100000,2                          
TEL,5491,S6,3435,1070,2944,0,100000,3                          
TEL,5492,S6,3342,1067,2944,0,100000,0                          
TEL,5493,S6,3342,1067,2944,0,100000,1                          
TEL,5494,S6,3342,1067,2944,0,100000,2                          
TEL,5495,S6,3342,1067,2944,0,100000,3                          
TEL,5496,S6,3435,1070,2944,0,100000,0                          
TEL,5497,S6,3435,1070,2944,0,100000,1                          
TEL,5498,S6,3435,1070,2944,0,100000,2                          
TEL,5499,S6,3435,1070,2944,0,100000,3                          
TEL,5500,S6,3435,1070,2944,0,100000,0                          
TEL,5501,S6,3435,1070,2944,0,100000,1                          
TEL,5502,S6,3435,1070,2944,0,100000,2                          
TEL,5503,S6,3435,1070,2944,0,100000,3                          
TEL,5504,S6,3435,1070,2944,0,100000,0                          
TEL,5505,S6,3435,1070,2944,0,100000,1                          
TEL,5506,S6,3435,1070,2944,0,100000,2                          
TEL,5507,S6,3435,1070,2944,0,100000,3                          
BTN,39,S6,PRESSED,5508,98994114,98994131,98994133              
TEL,5509,S6,3404,1069,2944,0,100000,0                          
TEL,5510,S6,3404,1069,2944,0,100000,1                          
TEL,5511,S6,3404,1069,2944,0,100000,2                          
TEL,5512,S6,3404,1069,2944,0,100000,3                          
TEL,5513,S6,3466,1071,2944,0,100000,0                          
TEL,5514,S6,3466,1071,2944,0,100000,1                          
TEL,5515,S6,3466,1071,2944,0,100000,2                          
TEL,5516,S6,3466,1071,2944,0,100000,3                          
TEL,5517,S6,3404,1069,2944,0,100000,0                          
TEL,5518,S6,3404,1069,2944,0,100000,1                          
TEL,5519,S6,3404,1069,2944,0,100000,2                          
TEL,5520,S6,3404,1069,2944,0,100000,3                          
TEL,5521,S6,3342,1066,2944,0,100000,0                          
TEL,5522,S6,3342,1066,2944,0,100000,1                          
TEL,5523,S6,3342,1066,2944,0,100000,2                          
TEL,5524,S6,3342,1066,2944,0,100000,3                          
TEL,5525,S6,3404,1069,2944,0,100000,0                          
TEL,5526,S6,3404,1069,2944,0,100000,1                          
TEL,5527,S6,3404,1069,2944,0,100000,2                          
TEL,5528,S6,3404,1069,2944,0,100000,3                          
TEL,5529,S6,3435,1070,2944,0,100000,0                          
TEL,5530,S6,3435,1070,2944,0,100000,1                          
TEL,5531,S6,3435,1070,2944,0,100000,2                          
TEL,5532,S6,3435,1070,2944,0,100000,3                          
TEL,5533,S6,3435,1070,2944,0,100000,0                          
TEL,5534,S6,3435,1070,2944,0,100000,1                          
TEL,5535,S6,3435,1070,2944,0,100000,2                          
TEL,5536,S6,3435,1070,2944,0,100000,3                          
TEL,5537,S6,3373,1068,2944,0,100000,0                          
TEL,5538,S6,3373,1068,2944,0,100000,1                          
TEL,5539,S6,3373,1068,2944,0,100000,2                          
TEL,5540,S6,3373,1068,2944,0,100000,3                          
TEL,5541,S6,3591,1075,2944,0,100000,0                          
TEL,5542,S6,3591,1075,2944,0,100000,1                          
TEL,5543,S6,3591,1075,2944,0,100000,2                          
TEL,5544,S6,3591,1075,2944,0,100000,3                          
TEL,5545,S6,3342,1067,2944,0,100000,0                          
TEL,5546,S6,3342,1067,2944,0,100000,1                          
TEL,5547,S6,3342,1067,2944,0,100000,2                          
TEL,5548,S6,3342,1067,2944,0,100000,3                          
TEL,5549,S6,3435,1070,2944,0,100000,0                          
TEL,5550,S6,3435,1070,2944,0,100000,1                          
TEL,5551,S6,3435,1070,2944,0,100000,2                          
TEL,5552,S6,3435,1070,2944,0,100000,3                          
TEL,5553,S6,3342,1066,2944,0,100000,0                          
TEL,5554,S6,3342,1066,2944,0,100000,1                          
TEL,5555,S6,3342,1066,2944,0,100000,2                          
TEL,5556,S6,3342,1066,2944,0,100000,3                          
TEL,5557,S6,3435,1070,2944,0,100000,0                          
TEL,5558,S6,3435,1070,2944,0,100000,1                          
TEL,5559,S6,3435,1070,2944,0,100000,2                          
TEL,5560,S6,3435,1070,2944,0,100000,3                          
TEL,5561,S6,3466,1071,2944,0,100000,0                          
TEL,5562,S6,3466,1071,2944,0,100000,1                          
TEL,5563,S6,3466,1071,2944,0,100000,2                          
TEL,5564,S6,3466,1071,2944,0,100000,3                          
TEL,5565,S6,3435,1070,2944,0,100000,0                          
TEL,5566,S6,3435,1070,2944,0,100000,1                          
TEL,5567,S6,3435,1070,2944,0,100000,2                          
TEL,5568,S6,3435,1070,2944,0,100000,3                          
TEL,5569,S6,3311,1065,2944,0,100000,0                          
TEL,5570,S6,3311,1065,2944,0,100000,1                          
TEL,5571,S6,3311,1065,2944,0,100000,2                          
TEL,5572,S6,3311,1065,2944,0,100000,3                          
BTN,40,S6,PRESSED,5573,100525556,100525586,100525587           
TEL,5574,S6,3466,1071,2944,0,100000,0                          
TEL,5575,S6,3466,1071,2944,0,100000,1                          
TEL,5576,S6,3466,1071,2944,0,100000,2                          
TEL,5577,S6,3466,1071,2944,0,100000,3                          
TEL,5578,S6,3404,1069,2944,0,100000,0                          
TEL,5579,S6,3404,1069,2944,0,100000,1                          
TEL,5580,S6,3404,1069,2944,0,100000,2                          
TEL,5581,S6,3404,1069,2944,0,100000,3                          
TEL,5582,S6,3435,1070,2944,0,100000,0                          
TEL,5583,S6,3435,1070,2944,0,100000,1                          
TEL,5584,S6,3435,1070,2944,0,100000,2                          
TEL,5585,S6,3435,1070,2944,0,100000,3                          
TEL,5586,S6,3342,1067,2944,0,100000,0                          
TEL,5587,S6,3342,1067,2944,0,100000,1                          
TEL,5588,S6,3342,1067,2944,0,100000,2                          
TEL,5589,S6,3342,1067,2944,0,100000,3                          
TEL,5590,S6,3404,1069,2944,0,100000,0                          
TEL,5591,S6,3404,1069,2944,0,100000,1                          
TEL,5592,S6,3404,1069,2944,0,100000,2                          
TEL,5593,S6,3404,1069,2944,0,100000,3                          
TEL,5594,S6,3342,1067,2944,0,100000,0                          
TEL,5595,S6,3342,1067,2944,0,100000,1                          
TEL,5596,S6,3342,1067,2944,0,100000,2                          
TEL,5597,S6,3342,1067,2944,0,100000,3                          
TEL,5598,S6,3435,1070,2944,0,100000,0                          
TEL,5599,S6,3435,1070,2944,0,100000,1                          
TEL,5600,S6,3435,1070,2944,0,100000,2                          
TEL,5601,S6,3435,1070,2944,0,100000,3                          
TEL,5602,S6,3404,1069,2944,0,100000,0                          
TEL,5603,S6,3404,1069,2944,0,100000,1                          
TEL,5604,S6,3404,1069,2944,0,100000,2                          
TEL,5605,S6,3404,1069,2944,0,100000,3                          
TEL,5606,S6,3404,1069,2944,0,100000,0                          
TEL,5607,S6,3404,1069,2944,0,100000,1                          
TEL,5608,S6,3404,1069,2944,0,100000,2                          
TEL,5609,S6,3404,1069,2944,0,100000,3                          
TEL,5610,S6,3435,1070,2944,0,100000,0                          
TEL,5611,S6,3435,1070,2944,0,100000,1                          
TEL,5612,S6,3435,1070,2944,0,100000,2                          
TEL,5613,S6,3435,1070,2944,0,100000,3                          
TEL,5614,S6,3435,1070,2944,0,100000,0                          
TEL,5615,S6,3435,1070,2944,0,100000,1                          
TEL,5616,S6,3435,1070,2944,0,100000,2                          
TEL,5617,S6,3435,1070,2944,0,100000,3                          
TEL,5618,S6,3342,1067,2944,0,100000,0                          
TEL,5619,S6,3342,1067,2944,0,100000,1                          
TEL,5620,S6,3342,1067,2944,0,100000,2                          
TEL,5621,S6,3342,1067,2944,0,100000,3                          
TEL,5622,S6,3342,1067,2944,0,100000,0                          
TEL,5623,S6,3342,1067,2944,0,100000,1                          
TEL,5624,S6,3342,1067,2944,0,100000,2                          
TEL,5625,S6,3342,1067,2944,0,100000,3                          
TEL,5626,S6,3466,1071,2944,0,100000,0                          
TEL,5627,S6,3466,1071,2944,0,100000,1                          
TEL,5628,S6,3466,1071,2944,0,100000,2                          
TEL,5629,S6,3466,1071,2944,0,100000,3                          
BTN,41,S6,PRESSED,5630,101930680,101930697,101930699           
TEL,5631,S6,3435,1070,2944,0,100000,0                          
TEL,5632,S6,3435,1070,2944,0,100000,1                          
TEL,5633,S6,3435,1070,2944,0,100000,2                          
TEL,5634,S6,3435,1070,2944,0,100000,3                          
TEL,5635,S6,3435,1070,2944,0,100000,0                          
TEL,5636,S6,3435,1070,2944,0,100000,1                          
TEL,5637,S6,3435,1070,2944,0,100000,2                          
TEL,5638,S6,3435,1070,2944,0,100000,3                          
TEL,5639,S6,3435,1070,2944,0,100000,0                          
TEL,5640,S6,3435,1070,2944,0,100000,1                          
TEL,5641,S6,3435,1070,2944,0,100000,2                          
TEL,5642,S6,3435,1070,2944,0,100000,3                          
TEL,5643,S6,3435,1070,2944,0,100000,0                          
TEL,5644,S6,3435,1070,2944,0,100000,1                          
TEL,5645,S6,3435,1070,2944,0,100000,2                          
TEL,5646,S6,3435,1070,2944,0,100000,3                          
TEL,5647,S6,3404,1069,2944,0,100000,0                          
TEL,5648,S6,3404,1069,2944,0,100000,1                          
TEL,5649,S6,3404,1069,2944,0,100000,2                          
TEL,5650,S6,3404,1069,2944,0,100000,3                          
TEL,5651,S6,3435,1070,2944,0,100000,0                          
TEL,5652,S6,3435,1070,2944,0,100000,1                          
TEL,5653,S6,3435,1070,2944,0,100000,2                          
TEL,5654,S6,3435,1070,2944,0,100000,3                          
TEL,5655,S6,3560,1074,2944,0,100000,0                          
TEL,5656,S6,3560,1074,2944,0,100000,1                          
TEL,5657,S6,3560,1074,2944,0,100000,2                          
TEL,5658,S6,3560,1074,2944,0,100000,3                          
TEL,5659,S6,3435,1070,2944,0,100000,0                          
TEL,5660,S6,3435,1070,2944,0,100000,1                          
TEL,5661,S6,3435,1070,2944,0,100000,2                          
TEL,5662,S6,3435,1070,2944,0,100000,3                          
TEL,5663,S6,3373,1068,2944,0,100000,0                          
TEL,5664,S6,3373,1068,2944,0,100000,1                          
TEL,5665,S6,3373,1068,2944,0,100000,2                          
TEL,5666,S6,3373,1068,2944,0,100000,3                          
TEL,5667,S6,3435,1070,2944,0,100000,0                          
TEL,5668,S6,3435,1070,2944,0,100000,1                          
TEL,5669,S6,3435,1070,2944,0,100000,2                          
TEL,5670,S6,3435,1070,2944,0,100000,3                          
TEL,5671,S6,3435,1070,2944,0,100000,0                          
TEL,5672,S6,3435,1070,2944,0,100000,1                          
TEL,5673,S6,3435,1070,2944,0,100000,2                          
TEL,5674,S6,3435,1070,2944,0,100000,3                          
TEL,5675,S6,3404,1069,2944,0,100000,0                          
TEL,5676,S6,3404,1069,2944,0,100000,1                          
TEL,5677,S6,3404,1069,2944,0,100000,2                          
TEL,5678,S6,3404,1069,2944,0,100000,3                          
TEL,5679,S6,3435,1070,2944,0,100000,0                          
TEL,5680,S6,3435,1070,2944,0,100000,1                          
TEL,5681,S6,3435,1070,2944,0,100000,2                          
TEL,5682,S6,3435,1070,2944,0,100000,3                          
TEL,5683,S6,3435,1070,2944,0,100000,0                          
TEL,5684,S6,3435,1070,2944,0,100000,1                          
TEL,5685,S6,3435,1070,2944,0,100000,2                          
TEL,5686,S6,3435,1070,2944,0,100000,3                          
BTN,42,S6,PRESSED,5687,103409194,103409211,103409213           
TEL,5688,S6,3404,1069,2944,0,100000,0                          
TEL,5689,S6,3404,1069,2944,0,100000,1                          
TEL,5690,S6,3404,1069,2944,0,100000,2                          
TEL,5691,S6,3404,1069,2944,0,100000,3                          
TEL,5692,S6,3404,1069,2944,0,100000,0                          
TEL,5693,S6,3404,1069,2944,0,100000,1                          
TEL,5694,S6,3404,1069,2944,0,100000,2                          
TEL,5695,S6,3404,1069,2944,0,100000,3                          
TEL,5696,S6,3435,1070,2944,0,100000,0                          
TEL,5697,S6,3435,1070,2944,0,100000,1                          
TEL,5698,S6,3435,1070,2944,0,100000,2                          
TEL,5699,S6,3435,1070,2944,0,100000,3                          
TEL,5700,S6,3435,1070,2944,0,100000,0                          
TEL,5701,S6,3435,1070,2944,0,100000,1                          
TEL,5702,S6,3435,1070,2944,0,100000,2                          
TEL,5703,S6,3435,1070,2944,0,100000,3                          
TEL,5704,S6,3435,1070,2944,0,100000,0                          
TEL,5705,S6,3435,1070,2944,0,100000,1                          
TEL,5706,S6,3435,1070,2944,0,100000,2                          
TEL,5707,S6,3435,1070,2944,0,100000,3                          
TEL,5708,S6,3435,1070,2944,0,100000,0                          
TEL,5709,S6,3435,1070,2944,0,100000,1                          
TEL,5710,S6,3435,1070,2944,0,100000,2                          
TEL,5711,S6,3435,1070,2944,0,100000,3                          
TEL,5712,S6,3435,1070,2944,0,100000,0                          
TEL,5713,S6,3435,1070,2944,0,100000,1                          
TEL,5714,S6,3435,1070,2944,0,100000,2                          
TEL,5715,S6,3435,1070,2944,0,100000,3                          
TEL,5716,S6,3435,1070,2944,0,100000,0                          
TEL,5717,S6,3435,1070,2944,0,100000,1                          
TEL,5718,S6,3435,1070,2944,0,100000,2                          
TEL,5719,S6,3435,1070,2944,0,100000,3                          
TEL,5720,S6,3435,1070,2944,0,100000,0                          
TEL,5721,S6,3435,1070,2944,0,100000,1                          
TEL,5722,S6,3435,1070,2944,0,100000,2                          
TEL,5723,S6,3435,1070,2944,0,100000,3                          
TEL,5724,S6,3435,1070,2944,0,100000,0                          
TEL,5725,S6,3435,1070,2944,0,100000,1                          
TEL,5726,S6,3435,1070,2944,0,100000,2                          
TEL,5727,S6,3435,1070,2944,0,100000,3                          
TEL,5728,S6,3435,1070,2944,0,100000,0                          
TEL,5729,S6,3435,1070,2944,0,100000,1                          
TEL,5730,S6,3435,1070,2944,0,100000,2                          
TEL,5731,S6,3435,1070,2944,0,100000,3                          
TEL,5732,S6,3404,1069,2944,0,100000,0                          
TEL,5733,S6,3404,1069,2944,0,100000,1                          
TEL,5734,S6,3404,1069,2944,0,100000,2                          
TEL,5735,S6,3404,1069,2944,0,100000,3                          
TEL,5736,S6,3404,1069,2944,0,100000,0                          
TEL,5737,S6,3404,1069,2944,0,100000,1                          
TEL,5738,S6,3404,1069,2944,0,100000,2                          
TEL,5739,S6,3404,1069,2944,0,100000,3                          
BTN,43,S6,PRESSED,5740,104700149,104700166,104700172           
TEL,5741,S6,3435,1070,2944,0,100000,0                          
TEL,5742,S6,3435,1070,2944,0,100000,1                          
TEL,5743,S6,3435,1070,2944,0,100000,2                          
TEL,5744,S6,3435,1070,2944,0,100000,3                          
TEL,5745,S6,3373,1068,2944,0,100000,0                          
TEL,5746,S6,3373,1068,2944,0,100000,1                          
TEL,5747,S6,3373,1068,2944,0,100000,2                          
TEL,5748,S6,3373,1068,2944,0,100000,3                          
TEL,5749,S6,3435,1070,2944,0,100000,0                          
TEL,5750,S6,3435,1070,2944,0,100000,1                          
TEL,5751,S6,3435,1070,2944,0,100000,2                          
TEL,5752,S6,3435,1070,2944,0,100000,3                          
TEL,5753,S6,3435,1070,2944,0,100000,0                          
TEL,5754,S6,3435,1070,2944,0,100000,1                          
TEL,5755,S6,3435,1070,2944,0,100000,2                          
TEL,5756,S6,3435,1070,2944,0,100000,3                          
TEL,5757,S6,3435,1070,2944,0,100000,0                          
TEL,5758,S6,3435,1070,2944,0,100000,1                          
TEL,5759,S6,3435,1070,2944,0,100000,2                          
TEL,5760,S6,3435,1070,2944,0,100000,3                          
TEL,5761,S6,3373,1068,2944,0,100000,0                          
TEL,5762,S6,3373,1068,2944,0,100000,1                          
TEL,5763,S6,3373,1068,2944,0,100000,2                          
TEL,5764,S6,3373,1068,2944,0,100000,3                          
TEL,5765,S6,3435,1070,2944,0,100000,0                          
TEL,5766,S6,3435,1070,2944,0,100000,1                          
TEL,5767,S6,3435,1070,2944,0,100000,2                          
TEL,5768,S6,3435,1070,2944,0,100000,3                          
TEL,5769,S6,3466,1071,2944,0,100000,0                          
TEL,5770,S6,3466,1071,2944,0,100000,1                          
TEL,5771,S6,3466,1071,2944,0,100000,2                          
TEL,5772,S6,3466,1071,2944,0,100000,3                          
TEL,5773,S6,3404,1069,2944,0,100000,0                          
TEL,5774,S6,3404,1069,2944,0,100000,1                          
TEL,5775,S6,3404,1069,2944,0,100000,2                          
TEL,5776,S6,3404,1069,2944,0,100000,3                          
TEL,5777,S6,3373,1068,2944,0,100000,0                          
TEL,5778,S6,3373,1068,2944,0,100000,1                          
TEL,5779,S6,3373,1068,2944,0,100000,2                          
TEL,5780,S6,3373,1068,2944,0,100000,3                          
TEL,5781,S6,3404,1069,2944,0,100000,0                          
TEL,5782,S6,3404,1069,2944,0,100000,1                          
TEL,5783,S6,3404,1069,2944,0,100000,2                          
TEL,5784,S6,3404,1069,2944,0,100000,3                          
TEL,5785,S6,3435,1070,2944,0,100000,0                          
TEL,5786,S6,3435,1070,2944,0,100000,1                          
TEL,5787,S6,3435,1070,2944,0,100000,2                          
TEL,5788,S6,3435,1070,2944,0,100000,3                          
TEL,5789,S6,3435,1070,2944,0,100000,0                          
TEL,5790,S6,3435,1070,2944,0,100000,1                          
TEL,5791,S6,3435,1070,2944,0,100000,2                          
TEL,5792,S6,3435,1070,2944,0,100000,3                          
TEL,5793,S6,3342,1066,2944,0,100000,0                          
TEL,5794,S6,3342,1066,2944,0,100000,1                          
TEL,5795,S6,3342,1066,2944,0,100000,2                          
TEL,5796,S6,3342,1066,2944,0,100000,3                          
TEL,5797,S6,3466,1071,2944,0,100000,0                          
TEL,5798,S6,3466,1071,2944,0,100000,1                          
TEL,5799,S6,3466,1071,2944,0,100000,2                          
TEL,5800,S6,3466,1071,2944,0,100000,3                          
TEL,5801,S6,3435,1070,2944,0,100000,0                          
TEL,5802,S6,3435,1070,2944,0,100000,1                          
TEL,5803,S6,3435,1070,2944,0,100000,2                          
TEL,5804,S6,3435,1070,2944,0,100000,3                          
TEL,5805,S6,3435,1070,2944,0,100000,0                          
TEL,5806,S6,3435,1070,2944,0,100000,1                          
TEL,5807,S6,3435,1070,2944,0,100000,2                          
TEL,5808,S6,3435,1070,2944,0,100000,3                          
BTN,44,S6,PRESSED,5809,106378859,106378876,106378878           
TEL,5810,S6,3342,1066,2944,0,100000,0                          
TEL,5811,S6,3342,1066,2944,0,100000,1                          
TEL,5812,S6,3342,1066,2944,0,100000,2                          
TEL,5813,S6,3342,1066,2944,0,100000,3                          
TEL,5814,S6,3435,1070,2944,0,100000,0                          
TEL,5815,S6,3435,1070,2944,0,100000,1                          
TEL,5816,S6,3435,1070,2944,0,100000,2                          
TEL,5817,S6,3435,1070,2944,0,100000,3                          
TEL,5818,S6,3404,1069,2944,0,100000,0                          
TEL,5819,S6,3404,1069,2944,0,100000,1                          
TEL,5820,S6,3404,1069,2944,0,100000,2                          
TEL,5821,S6,3404,1069,2944,0,100000,3                          
TEL,5822,S6,3342,1067,2944,0,100000,0                          
TEL,5823,S6,3342,1067,2944,0,100000,1                          
TEL,5824,S6,3342,1067,2944,0,100000,2                          
TEL,5825,S6,3342,1067,2944,0,100000,3                          
TEL,5826,S6,3404,1069,2944,0,100000,0                          
TEL,5827,S6,3404,1069,2944,0,100000,1                          
TEL,5828,S6,3404,1069,2944,0,100000,2                          
TEL,5829,S6,3404,1069,2944,0,100000,3                          
TEL,5830,S6,3404,1069,2944,0,100000,0                          
TEL,5831,S6,3404,1069,2944,0,100000,1                          
TEL,5832,S6,3404,1069,2944,0,100000,2                          
TEL,5833,S6,3404,1069,2944,0,100000,3                          
TEL,5834,S6,3404,1069,2944,0,100000,0                          
TEL,5835,S6,3404,1069,2944,0,100000,1                          
TEL,5836,S6,3404,1069,2944,0,100000,2                          
TEL,5837,S6,3404,1069,2944,0,100000,3                          
TEL,5838,S6,3435,1070,2944,0,100000,0                          
TEL,5839,S6,3435,1070,2944,0,100000,1                          
TEL,5840,S6,3435,1070,2944,0,100000,2                          
TEL,5841,S6,3435,1070,2944,0,100000,3                          
TEL,5842,S6,3342,1067,2944,0,100000,0                          
TEL,5843,S6,3342,1067,2944,0,100000,1                          
TEL,5844,S6,3342,1067,2944,0,100000,2                          
TEL,5845,S6,3342,1067,2944,0,100000,3                          
TEL,5846,S6,3435,1070,2944,0,100000,0                          
TEL,5847,S6,3435,1070,2944,0,100000,1                          
TEL,5848,S6,3435,1070,2944,0,100000,2                          
TEL,5849,S6,3435,1070,2944,0,100000,3                          
TEL,5850,S6,3404,1069,2944,0,100000,0                          
TEL,5851,S6,3404,1069,2944,0,100000,1                          
TEL,5852,S6,3404,1069,2944,0,100000,2                          
TEL,5853,S6,3404,1069,2944,0,100000,3                          
TEL,5854,S6,3404,1069,2944,0,100000,0                          
TEL,5855,S6,3404,1069,2944,0,100000,1                          
TEL,5856,S6,3404,1069,2944,0,100000,2                          
TEL,5857,S6,3404,1069,2944,0,100000,3                          
TEL,5858,S6,3435,1070,2944,0,100000,0                          
TEL,5859,S6,3435,1070,2944,0,100000,1                          
TEL,5860,S6,3435,1070,2944,0,100000,2                          
TEL,5861,S6,3435,1070,2944,0,100000,3                          
TEL,5862,S6,3466,1071,2944,0,100000,0                          
TEL,5863,S6,3466,1071,2944,0,100000,1                          
TEL,5864,S6,3466,1071,2944,0,100000,2                          
TEL,5865,S6,3466,1071,2944,0,100000,3                          
TEL,5866,S6,3404,1069,2944,0,100000,0                          
TEL,5867,S6,3404,1069,2944,0,100000,1                          
TEL,5868,S6,3404,1069,2944,0,100000,2                          
TEL,5869,S6,3404,1069,2944,0,100000,3                          
TEL,5870,S6,3373,1068,2944,0,100000,0                          
TEL,5871,S6,3373,1068,2944,0,100000,1                          
TEL,5872,S6,3373,1068,2944,0,100000,2                          
TEL,5873,S6,3373,1068,2944,0,100000,3                          
TEL,5874,S6,3435,1070,2944,0,100000,0                          
TEL,5875,S6,3435,1070,2944,0,100000,1                          
TEL,5876,S6,3435,1070,2944,0,100000,2                          
TEL,5877,S6,3435,1070,2944,0,100000,3                          
BTN,45,S6,PRESSED,5878,108081390,108081408,108081409           
TEL,5879,S6,3404,1069,2944,0,100000,0                          
TEL,5880,S6,3404,1069,2944,0,100000,1                          
TEL,5881,S6,3404,1069,2944,0,100000,2                          
TEL,5882,S6,3404,1069,2944,0,100000,3                          
TEL,5883,S6,3435,1070,2944,0,100000,0                          
TEL,5884,S6,3435,1070,2944,0,100000,1                          
TEL,5885,S6,3435,1070,2944,0,100000,2                          
TEL,5886,S6,3435,1070,2944,0,100000,3                          
TEL,5887,S6,3466,1071,2944,0,100000,0                          
TEL,5888,S6,3466,1071,2944,0,100000,1                          
TEL,5889,S6,3466,1071,2944,0,100000,2                          
TEL,5890,S6,3466,1071,2944,0,100000,3                          
TEL,5891,S6,3466,1071,2944,0,100000,0                          
TEL,5892,S6,3466,1071,2944,0,100000,1                          
TEL,5893,S6,3466,1071,2944,0,100000,2                          
TEL,5894,S6,3466,1071,2944,0,100000,3                          
TEL,5895,S6,3466,1071,2944,0,100000,0                          
TEL,5896,S6,3466,1071,2944,0,100000,1                          
TEL,5897,S6,3466,1071,2944,0,100000,2                          
TEL,5898,S6,3466,1071,2944,0,100000,3                          
TEL,5899,S6,3435,1070,2944,0,100000,0                          
TEL,5900,S6,3435,1070,2944,0,100000,1                          
TEL,5901,S6,3435,1070,2944,0,100000,2                          
TEL,5902,S6,3435,1070,2944,0,100000,3                          
TEL,5903,S6,3435,1070,2944,0,100000,0                          
TEL,5904,S6,3435,1070,2944,0,100000,1                          
TEL,5905,S6,3435,1070,2944,0,100000,2                          
TEL,5906,S6,3435,1070,2944,0,100000,3                          
TEL,5907,S6,3466,1071,2944,0,100000,0                          
TEL,5908,S6,3466,1071,2944,0,100000,1                          
TEL,5909,S6,3466,1071,2944,0,100000,2                          
TEL,5910,S6,3466,1071,2944,0,100000,3                          
TEL,5911,S6,3466,1071,2944,0,100000,0                          
TEL,5912,S6,3466,1071,2944,0,100000,1                          
TEL,5913,S6,3466,1071,2944,0,100000,2                          
TEL,5914,S6,3466,1071,2944,0,100000,3                          
TEL,5915,S6,3342,1067,2944,0,100000,0                          
TEL,5916,S6,3342,1067,2944,0,100000,1                          
TEL,5917,S6,3342,1067,2944,0,100000,2                          
TEL,5918,S6,3342,1067,2944,0,100000,3                          
TEL,5919,S6,3435,1070,2944,0,100000,0                          
TEL,5920,S6,3435,1070,2944,0,100000,1                          
TEL,5921,S6,3435,1070,2944,0,100000,2                          
TEL,5922,S6,3435,1070,2944,0,100000,3                          
TEL,5923,S6,3342,1067,2944,0,100000,0                          
TEL,5924,S6,3342,1067,2944,0,100000,1                          
TEL,5925,S6,3342,1067,2944,0,100000,2                          
TEL,5926,S6,3342,1067,2944,0,100000,3                          
TEL,5927,S6,3435,1070,2944,0,100000,0                          
TEL,5928,S6,3435,1070,2944,0,100000,1                          
TEL,5929,S6,3435,1070,2944,0,100000,2                          
TEL,5930,S6,3435,1070,2944,0,100000,3                          
TEL,5931,S6,3404,1069,2944,0,100000,0                          
TEL,5932,S6,3404,1069,2944,0,100000,1                          
TEL,5933,S6,3404,1069,2944,0,100000,2                          
TEL,5934,S6,3404,1069,2944,0,100000,3                          
TEL,5935,S6,3342,1067,2944,0,100000,0                          
TEL,5936,S6,3342,1067,2944,0,100000,1                          
TEL,5937,S6,3342,1067,2944,0,100000,2                          
TEL,5938,S6,3342,1067,2944,0,100000,3                          
BTN,46,S6,PRESSED,5939,109590129,109590146,109590148           
TEL,5940,S6,3404,1069,2944,0,100000,0                          
TEL,5941,S6,3404,1069,2944,0,100000,1                          
TEL,5942,S6,3404,1069,2944,0,100000,2                          
TEL,5943,S6,3404,1069,2944,0,100000,3                          
TEL,5944,S6,3466,1071,2944,0,100000,0                          
TEL,5945,S6,3466,1071,2944,0,100000,1                          
TEL,5946,S6,3466,1071,2944,0,100000,2                          
TEL,5947,S6,3466,1071,2944,0,100000,3                          
TEL,5948,S6,3404,1069,2944,0,100000,0                          
TEL,5949,S6,3404,1069,2944,0,100000,1                          
TEL,5950,S6,3404,1069,2944,0,100000,2                          
TEL,5951,S6,3404,1069,2944,0,100000,3                          
TEL,5952,S6,3435,1070,2944,0,100000,0                          
TEL,5953,S6,3435,1070,2944,0,100000,1                          
TEL,5954,S6,3435,1070,2944,0,100000,2                          
TEL,5955,S6,3435,1070,2944,0,100000,3                          
TEL,5956,S6,3373,1068,2944,0,100000,0                          
TEL,5957,S6,3373,1068,2944,0,100000,1                          
TEL,5958,S6,3373,1068,2944,0,100000,2                          
TEL,5959,S6,3373,1068,2944,0,100000,3                          
TEL,5960,S6,3342,1067,2944,0,100000,0                          
TEL,5961,S6,3342,1067,2944,0,100000,1                          
TEL,5962,S6,3342,1067,2944,0,100000,2                          
TEL,5963,S6,3342,1067,2944,0,100000,3                          
TEL,5964,S6,3342,1067,2944,0,100000,0                          
TEL,5965,S6,3342,1067,2944,0,100000,1                          
TEL,5966,S6,3342,1067,2944,0,100000,2                          
TEL,5967,S6,3342,1067,2944,0,100000,3                          
TEL,5968,S6,3404,1069,2944,0,100000,0                          
TEL,5969,S6,3404,1069,2944,0,100000,1                          
TEL,5970,S6,3404,1069,2944,0,100000,2                          
TEL,5971,S6,3404,1069,2944,0,100000,3                          
TEL,5972,S6,3435,1070,2944,0,100000,0                          
TEL,5973,S6,3435,1070,2944,0,100000,1                          
TEL,5974,S6,3435,1070,2944,0,100000,2                          
TEL,5975,S6,3435,1070,2944,0,100000,3                          
TEL,5976,S6,3342,1067,2944,0,100000,0                          
TEL,5977,S6,3342,1067,2944,0,100000,1                          
TEL,5978,S6,3342,1067,2944,0,100000,2                          
TEL,5979,S6,3342,1067,2944,0,100000,3                          
TEL,5980,S6,3466,1071,2944,0,100000,0                          
TEL,5981,S6,3466,1071,2944,0,100000,1                          
TEL,5982,S6,3466,1071,2944,0,100000,2                          
TEL,5983,S6,3466,1071,2944,0,100000,3                          
TEL,5984,S6,3435,1070,2944,0,100000,0                          
TEL,5985,S6,3435,1070,2944,0,100000,1                          
TEL,5986,S6,3435,1070,2944,0,100000,2                          
TEL,5987,S6,3435,1070,2944,0,100000,3                          
TEL,5988,S6,3435,1070,2944,0,100000,0                          
TEL,5989,S6,3435,1070,2944,0,100000,1                          
TEL,5990,S6,3435,1070,2944,0,100000,2                          
TEL,5991,S6,3435,1070,2944,0,100000,3                          
TEL,5992,S6,3404,1069,2944,0,100000,0                          
TEL,5993,S6,3404,1069,2944,0,100000,1                          
TEL,5994,S6,3404,1069,2944,0,100000,2                          
TEL,5995,S6,3404,1069,2944,0,100000,3                          
BTN,47,S6,PRESSED,5996,110930466,110930483,110930485           
TEL,5997,S6,3435,1070,2944,0,100000,0                          
TEL,5998,S6,3435,1070,2944,0,100000,1                          
TEL,5999,S6,3435,1070,2944,0,100000,2                          
TEL,6000,S6,3435,1070,2944,0,100000,3                          
TEL,6001,S6,3342,1066,2944,0,100000,0                          
TEL,6002,S6,3342,1066,2944,0,100000,1                          
TEL,6003,S6,3342,1066,2944,0,100000,2                          
TEL,6004,S6,3342,1066,2944,0,100000,3                          
TEL,6005,S6,3466,1071,2944,0,100000,0                          
TEL,6006,S6,3466,1071,2944,0,100000,1                          
TEL,6007,S6,3466,1071,2944,0,100000,2                          
TEL,6008,S6,3466,1071,2944,0,100000,3                          
TEL,6009,S6,3591,1075,2944,0,100000,0                          
TEL,6010,S6,3591,1075,2944,0,100000,1                          
TEL,6011,S6,3591,1075,2944,0,100000,2                          
TEL,6012,S6,3591,1075,2944,0,100000,3                          
TEL,6013,S6,3404,1069,2944,0,100000,0                          
TEL,6014,S6,3404,1069,2944,0,100000,1                          
TEL,6015,S6,3404,1069,2944,0,100000,2                          
TEL,6016,S6,3404,1069,2944,0,100000,3                          
TEL,6017,S6,3342,1066,2944,0,100000,0                          
TEL,6018,S6,3342,1066,2944,0,100000,1                          
TEL,6019,S6,3342,1066,2944,0,100000,2                          
TEL,6020,S6,3342,1066,2944,0,100000,3                          
TEL,6021,S6,3435,1070,2944,0,100000,0                          
TEL,6022,S6,3435,1070,2944,0,100000,1                          
TEL,6023,S6,3435,1070,2944,0,100000,2                          
TEL,6024,S6,3435,1070,2944,0,100000,3                          
TEL,6025,S6,3404,1069,2944,0,100000,0                          
TEL,6026,S6,3404,1069,2944,0,100000,1                          
TEL,6027,S6,3404,1069,2944,0,100000,2                          
TEL,6028,S6,3404,1069,2944,0,100000,3                          
TEL,6029,S6,3466,1071,2944,0,100000,0                          
TEL,6030,S6,3466,1071,2944,0,100000,1                          
TEL,6031,S6,3466,1071,2944,0,100000,2                          
TEL,6032,S6,3466,1071,2944,0,100000,3                          
TEL,6033,S6,3373,1068,2944,0,100000,0                          
TEL,6034,S6,3373,1068,2944,0,100000,1                          
TEL,6035,S6,3373,1068,2944,0,100000,2                          
TEL,6036,S6,3373,1068,2944,0,100000,3                          
TEL,6037,S6,3404,1069,2944,0,100000,0                          
TEL,6038,S6,3404,1069,2944,0,100000,1                          
TEL,6039,S6,3404,1069,2944,0,100000,2                          
TEL,6040,S6,3404,1069,2944,0,100000,3                          
TEL,6041,S6,3342,1067,2944,0,100000,0                          
TEL,6042,S6,3342,1067,2944,0,100000,1                          
TEL,6043,S6,3342,1067,2944,0,100000,2                          
TEL,6044,S6,3342,1067,2944,0,100000,3                          
TEL,6045,S6,3404,1069,2944,0,100000,0                          
TEL,6046,S6,3404,1069,2944,0,100000,1                          
TEL,6047,S6,3404,1069,2944,0,100000,2                          
TEL,6048,S6,3404,1069,2944,0,100000,3                          
BTN,48,S6,PRESSED,6049,112284903,112284920,112284922           
TEL,6050,S6,3342,1066,2944,0,100000,0                          
TEL,6051,S6,3342,1066,2944,0,100000,1                          
TEL,6052,S6,3342,1066,2944,0,100000,2                          
TEL,6053,S6,3342,1066,2944,0,100000,3                          
TEL,6054,S6,3342,1067,2944,0,100000,0                          
TEL,6055,S6,3342,1067,2944,0,100000,1                          
TEL,6056,S6,3342,1067,2944,0,100000,2                          
TEL,6057,S6,3342,1067,2944,0,100000,3                          
TEL,6058,S6,3435,1070,2944,0,100000,0                          
TEL,6059,S6,3435,1070,2944,0,100000,1                          
TEL,6060,S6,3435,1070,2944,0,100000,2                          
TEL,6061,S6,3435,1070,2944,0,100000,3                          
TEL,6062,S6,3435,1070,2944,0,100000,0                          
TEL,6063,S6,3435,1070,2944,0,100000,1                          
TEL,6064,S6,3435,1070,2944,0,100000,2                          
TEL,6065,S6,3435,1070,2944,0,100000,3                          
TEL,6066,S6,3342,1067,2944,0,100000,0                          
TEL,6067,S6,3342,1067,2944,0,100000,1                          
TEL,6068,S6,3342,1067,2944,0,100000,2                          
TEL,6069,S6,3342,1067,2944,0,100000,3                          
TEL,6070,S6,3435,1070,2944,0,100000,0                          
TEL,6071,S6,3435,1070,2944,0,100000,1                          
TEL,6072,S6,3435,1070,2944,0,100000,2                          
TEL,6073,S6,3435,1070,2944,0,100000,3                          
TEL,6074,S6,3435,1070,2944,0,100000,0                          
TEL,6075,S6,3435,1070,2944,0,100000,1                          
TEL,6076,S6,3435,1070,2944,0,100000,2                          
TEL,6077,S6,3435,1070,2944,0,100000,3                          
TEL,6078,S6,3404,1069,2944,0,100000,0                          
TEL,6079,S6,3404,1069,2944,0,100000,1                          
TEL,6080,S6,3404,1069,2944,0,100000,2                          
TEL,6081,S6,3404,1069,2944,0,100000,3                          
TEL,6082,S6,3342,1067,2944,0,100000,0                          
TEL,6083,S6,3342,1067,2944,0,100000,1                          
TEL,6084,S6,3342,1067,2944,0,100000,2                          
TEL,6085,S6,3342,1067,2944,0,100000,3                          
TEL,6086,S6,3404,1069,2944,0,100000,0                          
TEL,6087,S6,3404,1069,2944,0,100000,1                          
TEL,6088,S6,3404,1069,2944,0,100000,2                          
TEL,6089,S6,3404,1069,2944,0,100000,3                          
TEL,6090,S6,3404,1069,2944,0,100000,0                          
TEL,6091,S6,3404,1069,2944,0,100000,1                          
TEL,6092,S6,3404,1069,2944,0,100000,2                          
TEL,6093,S6,3404,1069,2944,0,100000,3                          
TEL,6094,S6,3466,1071,2944,0,100000,0                          
TEL,6095,S6,3466,1071,2944,0,100000,1                          
TEL,6096,S6,3466,1071,2944,0,100000,2                          
TEL,6097,S6,3466,1071,2944,0,100000,3                          
TEL,6098,S6,3342,1067,2944,0,100000,0                          
TEL,6099,S6,3342,1067,2944,0,100000,1                          
TEL,6100,S6,3342,1067,2944,0,100000,2                          
TEL,6101,S6,3342,1067,2944,0,100000,3                          
TEL,6102,S6,3404,1069,2944,0,100000,0                          
TEL,6103,S6,3404,1069,2944,0,100000,1                          
TEL,6104,S6,3404,1069,2944,0,100000,2                          
TEL,6105,S6,3404,1069,2944,0,100000,3                          
TEL,6106,S6,3404,1069,2944,0,100000,0                          
TEL,6107,S6,3404,1069,2944,0,100000,1                          
TEL,6108,S6,3404,1069,2944,0,100000,2                          
TEL,6109,S6,3404,1069,2944,0,100000,3                          
TEL,6110,S6,3435,1070,2944,0,100000,0                          
TEL,6111,S6,3435,1070,2944,0,100000,1                          
TEL,6112,S6,3435,1070,2944,0,100000,2                          
TEL,6113,S6,3435,1070,2944,0,100000,3                          
BTN,49,S6,PRESSED,6114,113840988,113841006,113841007           
TEL,6115,S6,3435,1070,2944,0,100000,0                          
TEL,6116,S6,3435,1070,2944,0,100000,1                          
TEL,6117,S6,3435,1070,2944,0,100000,2                          
TEL,6118,S6,3435,1070,2944,0,100000,3                          
TEL,6119,S6,3373,1068,2944,0,100000,0                          
TEL,6120,S6,3373,1068,2944,0,100000,1                          
TEL,6121,S6,3373,1068,2944,0,100000,2                          
TEL,6122,S6,3373,1068,2944,0,100000,3                          
TEL,6123,S6,3404,1069,2944,0,100000,0                          
TEL,6124,S6,3404,1069,2944,0,100000,1                          
TEL,6125,S6,3404,1069,2944,0,100000,2                          
TEL,6126,S6,3404,1069,2944,0,100000,3                          
TEL,6127,S6,3435,1070,2944,0,100000,0                          
TEL,6128,S6,3435,1070,2944,0,100000,1                          
TEL,6129,S6,3435,1070,2944,0,100000,2                          
TEL,6130,S6,3435,1070,2944,0,100000,3                          
TEL,6131,S6,3404,1069,2944,0,100000,0                          
TEL,6132,S6,3404,1069,2944,0,100000,1                          
TEL,6133,S6,3404,1069,2944,0,100000,2                          
TEL,6134,S6,3404,1069,2944,0,100000,3                          
TEL,6135,S6,3404,1069,2944,0,100000,0                          
TEL,6136,S6,3404,1069,2944,0,100000,1                          
TEL,6137,S6,3404,1069,2944,0,100000,2                          
TEL,6138,S6,3404,1069,2944,0,100000,3                          
TEL,6139,S6,3342,1067,2944,0,100000,0                          
TEL,6140,S6,3342,1067,2944,0,100000,1                          
TEL,6141,S6,3342,1067,2944,0,100000,2                          
TEL,6142,S6,3342,1067,2944,0,100000,3                          
TEL,6143,S6,3404,1069,2944,0,100000,0                          
TEL,6144,S6,3404,1069,2944,0,100000,1                          
TEL,6145,S6,3404,1069,2944,0,100000,2                          
TEL,6146,S6,3404,1069,2944,0,100000,3                          
TEL,6147,S6,3342,1067,2944,0,100000,0                          
TEL,6148,S6,3342,1067,2944,0,100000,1                          
TEL,6149,S6,3342,1067,2944,0,100000,2                          
TEL,6150,S6,3342,1067,2944,0,100000,3                          
TEL,6151,S6,3435,1070,2944,0,100000,0                          
TEL,6152,S6,3435,1070,2944,0,100000,1                          
TEL,6153,S6,3435,1070,2944,0,100000,2                          
TEL,6154,S6,3435,1070,2944,0,100000,3                          
TEL,6155,S6,3466,1071,2944,0,100000,0                          
TEL,6156,S6,3466,1071,2944,0,100000,1                          
TEL,6157,S6,3466,1071,2944,0,100000,2                          
TEL,6158,S6,3466,1071,2944,0,100000,3                          
TEL,6159,S6,3404,1069,2944,0,100000,0                          
TEL,6160,S6,3404,1069,2944,0,100000,1                          
TEL,6161,S6,3404,1069,2944,0,100000,2                          
TEL,6162,S6,3404,1069,2944,0,100000,3                          
TEL,6163,S6,3435,1070,2944,0,100000,0                          
TEL,6164,S6,3435,1070,2944,0,100000,1                          
TEL,6165,S6,3435,1070,2944,0,100000,2                          
TEL,6166,S6,3435,1070,2944,0,100000,3                          
TEL,6167,S6,3435,1070,2944,0,100000,0                          
TEL,6168,S6,3435,1070,2944,0,100000,1                          
TEL,6169,S6,3435,1070,2944,0,100000,2                          
TEL,6170,S6,3435,1070,2944,0,100000,3                          
BTN,50,S6,PRESSED,6171,115277506,115277523,115277525           
TEL,6172,S6,3435,1070,2944,0,100000,0                          
TEL,6173,S6,3435,1070,2944,0,100000,1                          
TEL,6174,S6,3435,1070,2944,0,100000,2                          
TEL,6175,S6,3435,1070,2944,0,100000,3                          
TEL,6176,S6,3404,1069,2944,0,100000,0                          
TEL,6177,S6,3404,1069,2944,0,100000,1                          
TEL,6178,S6,3404,1069,2944,0,100000,2                          
TEL,6179,S6,3404,1069,2944,0,100000,3                          
TEL,6180,S6,3435,1070,2944,0,100000,0                          
TEL,6181,S6,3435,1070,2944,0,100000,1                          
TEL,6182,S6,3435,1070,2944,0,100000,2                          
TEL,6183,S6,3435,1070,2944,0,100000,3                          
TEL,6184,S6,3435,1070,2944,0,100000,0                          
TEL,6185,S6,3435,1070,2944,0,100000,1                          
TEL,6186,S6,3435,1070,2944,0,100000,2                          
TEL,6187,S6,3435,1070,2944,0,100000,3                          
TEL,6188,S6,3342,1067,2944,0,100000,0                          
TEL,6189,S6,3342,1067,2944,0,100000,1                          
TEL,6190,S6,3342,1067,2944,0,100000,2                          
TEL,6191,S6,3342,1067,2944,0,100000,3                          
TEL,6192,S6,3466,1071,2944,0,100000,0                          
TEL,6193,S6,3466,1071,2944,0,100000,1                          
TEL,6194,S6,3466,1071,2944,0,100000,2                          
TEL,6195,S6,3466,1071,2944,0,100000,3                          
TEL,6196,S6,3435,1070,2944,0,100000,0                          
TEL,6197,S6,3435,1070,2944,0,100000,1                          
TEL,6198,S6,3435,1070,2944,0,100000,2                          
TEL,6199,S6,3435,1070,2944,0,100000,3                          
TEL,6200,S6,3342,1067,2944,0,100000,0                          
TEL,6201,S6,3342,1067,2944,0,100000,1                          
TEL,6202,S6,3342,1067,2944,0,100000,2                          
TEL,6203,S6,3342,1067,2944,0,100000,3                          
TEL,6204,S6,3560,1074,2944,0,100000,0                          
TEL,6205,S6,3560,1074,2944,0,100000,1                          
TEL,6206,S6,3560,1074,2944,0,100000,2                          
TEL,6207,S6,3560,1074,2944,0,100000,3                          
TEL,6208,S6,3404,1069,2944,0,100000,0                          
TEL,6209,S6,3404,1069,2944,0,100000,1                          
TEL,6210,S6,3404,1069,2944,0,100000,2                          
TEL,6211,S6,3404,1069,2944,0,100000,3                          
TEL,6212,S6,3342,1067,2944,0,100000,0                          
TEL,6213,S6,3342,1067,2944,0,100000,1                          
TEL,6214,S6,3342,1067,2944,0,100000,2                          
TEL,6215,S6,3342,1067,2944,0,100000,3                          
TEL,6216,S6,3404,1069,2944,0,100000,0                          
TEL,6217,S6,3404,1069,2944,0,100000,1                          
TEL,6218,S6,3404,1069,2944,0,100000,2                          
TEL,6219,S6,3404,1069,2944,0,100000,3                          
TEL,6220,S6,3342,1067,2944,0,100000,0                          
TEL,6221,S6,3342,1067,2944,0,100000,1                          
TEL,6222,S6,3342,1067,2944,0,100000,2                          
TEL,6223,S6,3342,1067,2944,0,100000,3                          
TEL,6224,S6,3342,1067,2944,0,100000,0                          
TEL,6225,S6,3342,1067,2944,0,100000,1                          
TEL,6226,S6,3342,1067,2944,0,100000,2                          
TEL,6227,S6,3342,1067,2944,0,100000,3                          
TEL,6228,S6,3342,1067,2944,0,100000,0                          
TEL,6229,S6,3342,1067,2944,0,100000,1                          
TEL,6230,S6,3342,1067,2944,0,100000,2                          
TEL,6231,S6,3342,1067,2944,0,100000,3                          
BTN,51,S6,PRESSED,6232,116783920,116783938,116783939           
TEL,6233,S6,3466,1071,2944,0,100000,0                          
TEL,6234,S6,3466,1071,2944,0,100000,1                          
TEL,6235,S6,3466,1071,2944,0,100000,2                          
TEL,6236,S6,3466,1071,2944,0,100000,3                          
TEL,6237,S6,3435,1070,2944,0,100000,0                          
TEL,6238,S6,3435,1070,2944,0,100000,1                          
TEL,6239,S6,3435,1070,2944,0,100000,2                          
TEL,6240,S6,3435,1070,2944,0,100000,3                          
TEL,6241,S6,3342,1066,2944,0,100000,0                          
TEL,6242,S6,3342,1066,2944,0,100000,1                          
TEL,6243,S6,3342,1066,2944,0,100000,2                          
TEL,6244,S6,3342,1066,2944,0,100000,3                          
TEL,6245,S6,3435,1070,2944,0,100000,0                          
TEL,6246,S6,3435,1070,2944,0,100000,1                          
TEL,6247,S6,3435,1070,2944,0,100000,2                          
TEL,6248,S6,3435,1070,2944,0,100000,3                          
TEL,6249,S6,3342,1067,2944,0,100000,0                          
TEL,6250,S6,3342,1067,2944,0,100000,1                          
TEL,6251,S6,3342,1067,2944,0,100000,2                          
TEL,6252,S6,3342,1067,2944,0,100000,3                          
TEL,6253,S6,3435,1070,2944,0,100000,0                          
TEL,6254,S6,3435,1070,2944,0,100000,1                          
TEL,6255,S6,3435,1070,2944,0,100000,2                          
TEL,6256,S6,3435,1070,2944,0,100000,3                          
TEL,6257,S6,3311,1065,2944,0,100000,0                          
TEL,6258,S6,3311,1065,2944,0,100000,1                          
TEL,6259,S6,3311,1065,2944,0,100000,2                          
TEL,6260,S6,3311,1065,2944,0,100000,3                          
TEL,6261,S6,3404,1069,2944,0,100000,0                          
TEL,6262,S6,3404,1069,2944,0,100000,1                          
TEL,6263,S6,3404,1069,2944,0,100000,2                          
TEL,6264,S6,3404,1069,2944,0,100000,3                          
TEL,6265,S6,3342,1067,2944,0,100000,0                          
TEL,6266,S6,3342,1067,2944,0,100000,1                          
TEL,6267,S6,3342,1067,2944,0,100000,2                          
TEL,6268,S6,3342,1067,2944,0,100000,3                          
TEL,6269,S6,3373,1068,2944,0,100000,0                          
TEL,6270,S6,3373,1068,2944,0,100000,1                          
TEL,6271,S6,3373,1068,2944,0,100000,2                          
TEL,6272,S6,3373,1068,2944,0,100000,3                          
TEL,6273,S6,3342,1066,2944,0,100000,0                          
TEL,6274,S6,3342,1066,2944,0,100000,1                          
TEL,6275,S6,3342,1066,2944,0,100000,2                          
TEL,6276,S6,3342,1066,2944,0,100000,3                          
TEL,6277,S6,3342,1067,2944,0,100000,0                          
TEL,6278,S6,3342,1067,2944,0,100000,1                          
TEL,6279,S6,3342,1067,2944,0,100000,2                          
TEL,6280,S6,3342,1067,2944,0,100000,3                          
TEL,6281,S6,3404,1069,2944,0,100000,0                          
TEL,6282,S6,3404,1069,2944,0,100000,1                          
TEL,6283,S6,3404,1069,2944,0,100000,2                          
TEL,6284,S6,3404,1069,2944,0,100000,3                          
BTN,52,S6,PRESSED,6285,118086452,118086469,118086471           
TEL,6286,S6,3466,1071,2944,0,100000,0                          
TEL,6287,S6,3466,1071,2944,0,100000,1                          
TEL,6288,S6,3466,1071,2944,0,100000,2                          
TEL,6289,S6,3466,1071,2944,0,100000,3                          
TEL,6290,S6,3466,1071,2944,0,100000,0                          
TEL,6291,S6,3466,1071,2944,0,100000,1                          
TEL,6292,S6,3466,1071,2944,0,100000,2                          
TEL,6293,S6,3466,1071,2944,0,100000,3                          
TEL,6294,S6,3435,1070,2944,0,100000,0                          
TEL,6295,S6,3435,1070,2944,0,100000,1                          
TEL,6296,S6,3435,1070,2944,0,100000,2                          
TEL,6297,S6,3435,1070,2944,0,100000,3                          
TEL,6298,S6,3404,1069,2944,0,100000,0                          
TEL,6299,S6,3404,1069,2944,0,100000,1                          
TEL,6300,S6,3404,1069,2944,0,100000,2                          
TEL,6301,S6,3404,1069,2944,0,100000,3                          
TEL,6302,S6,3435,1070,2944,0,100000,0                          
TEL,6303,S6,3435,1070,2944,0,100000,1                          
TEL,6304,S6,3435,1070,2944,0,100000,2                          
TEL,6305,S6,3435,1070,2944,0,100000,3                          
TEL,6306,S6,3342,1067,2944,0,100000,0                          
TEL,6307,S6,3342,1067,2944,0,100000,1                          
TEL,6308,S6,3342,1067,2944,0,100000,2                          
TEL,6309,S6,3342,1067,2944,0,100000,3                          
TEL,6310,S6,3342,1067,2944,0,100000,0                          
TEL,6311,S6,3342,1067,2944,0,100000,1                          
TEL,6312,S6,3342,1067,2944,0,100000,2                          
TEL,6313,S6,3342,1067,2944,0,100000,3                          
TEL,6314,S6,3435,1070,2944,0,100000,0                          
TEL,6315,S6,3435,1070,2944,0,100000,1                          
TEL,6316,S6,3435,1070,2944,0,100000,2                          
TEL,6317,S6,3435,1070,2944,0,100000,3                          
TEL,6318,S6,3435,1070,2944,0,100000,0                          
TEL,6319,S6,3435,1070,2944,0,100000,1                          
TEL,6320,S6,3435,1070,2944,0,100000,2                          
TEL,6321,S6,3435,1070,2944,0,100000,3                          
TEL,6322,S6,3373,1068,2944,0,100000,0                          
TEL,6323,S6,3373,1068,2944,0,100000,1                          
TEL,6324,S6,3373,1068,2944,0,100000,2                          
TEL,6325,S6,3373,1068,2944,0,100000,3                          
TEL,6326,S6,3342,1067,2944,0,100000,0                          
TEL,6327,S6,3342,1067,2944,0,100000,1                          
TEL,6328,S6,3342,1067,2944,0,100000,2                          
TEL,6329,S6,3342,1067,2944,0,100000,3                          
TEL,6330,S6,3435,1070,2944,0,100000,0                          
TEL,6331,S6,3435,1070,2944,0,100000,1                          
TEL,6332,S6,3435,1070,2944,0,100000,2                          
TEL,6333,S6,3435,1070,2944,0,100000,3                          
TEL,6334,S6,3342,1067,2944,0,100000,0                          
TEL,6335,S6,3342,1067,2944,0,100000,1                          
TEL,6336,S6,3342,1067,2944,0,100000,2                          
TEL,6337,S6,3342,1067,2944,0,100000,3                          
TEL,6338,S6,3342,1067,2944,0,100000,0                          
TEL,6339,S6,3342,1067,2944,0,100000,1                          
TEL,6340,S6,3342,1067,2944,0,100000,2                          
TEL,6341,S6,3342,1067,2944,0,100000,3                          
TEL,6342,S6,3435,1070,2944,0,100000,0                          
TEL,6343,S6,3435,1070,2944,0,100000,1                          
TEL,6344,S6,3435,1070,2944,0,100000,2                          
TEL,6345,S6,3435,1070,2944,0,100000,3                          
TEL,6346,S6,3404,1069,2944,0,100000,0                          
TEL,6347,S6,3404,1069,2944,0,100000,1                          
TEL,6348,S6,3404,1069,2944,0,100000,2                          
TEL,6349,S6,3404,1069,2944,0,100000,3                          
BTN,53,S6,PRESSED,6350,119679204,119679221,119679223           
TEL,6351,S6,3435,1070,2944,0,100000,0                          
TEL,6352,S6,3435,1070,2944,0,100000,1                          
TEL,6353,S6,3435,1070,2944,0,100000,2                          
TEL,6354,S6,3435,1070,2944,0,100000,3                          
TEL,6355,S6,3435,1070,2944,0,100000,0                          
TEL,6356,S6,3435,1070,2944,0,100000,1                          
TEL,6357,S6,3435,1070,2944,0,100000,2                          
TEL,6358,S6,3435,1070,2944,0,100000,3                          
TEL,6359,S6,3404,1069,2944,0,100000,0                          
TEL,6360,S6,3404,1069,2944,0,100000,1                          
TEL,6361,S6,3404,1069,2944,0,100000,2                          
TEL,6362,S6,3404,1069,2944,0,100000,3                          
TEL,6363,S6,3466,1071,2944,0,100000,0                          
TEL,6364,S6,3466,1071,2944,0,100000,1                          
TEL,6365,S6,3466,1071,2944,0,100000,2                          
TEL,6366,S6,3466,1071,2944,0,100000,3                          
TEL,6367,S6,3435,1070,2944,0,100000,0                          
TEL,6368,S6,3435,1070,2944,0,100000,1                          
TEL,6369,S6,3435,1070,2944,0,100000,2                          
TEL,6370,S6,3435,1070,2944,0,100000,3                          
TEL,6371,S6,3466,1071,2944,0,100000,0                          
TEL,6372,S6,3466,1071,2944,0,100000,1                          
TEL,6373,S6,3466,1071,2944,0,100000,2                          
TEL,6374,S6,3466,1071,2944,0,100000,3                          
TEL,6375,S6,3435,1070,2944,0,100000,0                          
TEL,6376,S6,3435,1070,2944,0,100000,1                          
TEL,6377,S6,3435,1070,2944,0,100000,2                          
TEL,6378,S6,3435,1070,2944,0,100000,3                          
TEL,6379,S6,3435,1070,2944,0,100000,0                          
TEL,6380,S6,3435,1070,2944,0,100000,1                          
TEL,6381,S6,3435,1070,2944,0,100000,2                          
TEL,6382,S6,3435,1070,2944,0,100000,3                          
TEL,6383,S6,3435,1070,2944,0,100000,0                          
TEL,6384,S6,3435,1070,2944,0,100000,1                          
TEL,6385,S6,3435,1070,2944,0,100000,2                          
TEL,6386,S6,3435,1070,2944,0,100000,3                          
TEL,6387,S6,3404,1069,2944,0,100000,0                          
TEL,6388,S6,3404,1069,2944,0,100000,1                          
TEL,6389,S6,3404,1069,2944,0,100000,2                          
TEL,6390,S6,3404,1069,2944,0,100000,3                          
TEL,6391,S6,3435,1070,2944,0,100000,0                          
TEL,6392,S6,3435,1070,2944,0,100000,1                          
TEL,6393,S6,3435,1070,2944,0,100000,2                          
TEL,6394,S6,3435,1070,2944,0,100000,3                          
TEL,6395,S6,3404,1069,2944,0,100000,0                          
TEL,6396,S6,3404,1069,2944,0,100000,1                          
TEL,6397,S6,3404,1069,2944,0,100000,2                          
TEL,6398,S6,3404,1069,2944,0,100000,3                          
TEL,6399,S6,3435,1070,2944,0,100000,0                          
TEL,6400,S6,3435,1070,2944,0,100000,1                          
TEL,6401,S6,3435,1070,2944,0,100000,2                          
TEL,6402,S6,3435,1070,2944,0,100000,3                          
TEL,6403,S6,3466,1071,2944,0,100000,0                          
TEL,6404,S6,3466,1071,2944,0,100000,1                          
TEL,6405,S6,3466,1071,2944,0,100000,2                          
TEL,6406,S6,3466,1071,2944,0,100000,3                          
TEL,6407,S6,3404,1069,2944,0,100000,0                          
TEL,6408,S6,3404,1069,2944,0,100000,1                          
TEL,6409,S6,3404,1069,2944,0,100000,2                          
TEL,6410,S6,3404,1069,2944,0,100000,3                          
BTN,54,S6,PRESSED,6411,121137952,121137969,121137971           
TEL,6412,S6,3435,1070,2944,0,100000,0                          
TEL,6413,S6,3435,1070,2944,0,100000,1                          
TEL,6414,S6,3435,1070,2944,0,100000,2                          
TEL,6415,S6,3435,1070,2944,0,100000,3                          
TEL,6416,S6,3435,1070,2944,0,100000,0                          
TEL,6417,S6,3435,1070,2944,0,100000,1                          
TEL,6418,S6,3435,1070,2944,0,100000,2                          
TEL,6419,S6,3435,1070,2944,0,100000,3                          
TEL,6420,S6,3404,1069,2944,0,100000,0                          
TEL,6421,S6,3404,1069,2944,0,100000,1                          
TEL,6422,S6,3404,1069,2944,0,100000,2                          
TEL,6423,S6,3404,1069,2944,0,100000,3                          
TEL,6424,S6,3404,1069,2944,0,100000,0                          
TEL,6425,S6,3404,1069,2944,0,100000,1                          
TEL,6426,S6,3404,1069,2944,0,100000,2                          
TEL,6427,S6,3404,1069,2944,0,100000,3                          
TEL,6428,S6,3435,1070,2944,0,100000,0                          
TEL,6429,S6,3435,1070,2944,0,100000,1                          
TEL,6430,S6,3435,1070,2944,0,100000,2                          
TEL,6431,S6,3435,1070,2944,0,100000,3                          
TEL,6432,S6,3404,1069,2944,0,100000,0                          
TEL,6433,S6,3404,1069,2944,0,100000,1                          
TEL,6434,S6,3404,1069,2944,0,100000,2                          
TEL,6435,S6,3404,1069,2944,0,100000,3                          
TEL,6436,S6,3342,1067,2944,0,100000,0                          
TEL,6437,S6,3342,1067,2944,0,100000,1                          
TEL,6438,S6,3342,1067,2944,0,100000,2                          
TEL,6439,S6,3342,1067,2944,0,100000,3                          
TEL,6440,S6,3466,1071,2944,0,100000,0                          
TEL,6441,S6,3466,1071,2944,0,100000,1                          
TEL,6442,S6,3466,1071,2944,0,100000,2                          
TEL,6443,S6,3466,1071,2944,0,100000,3                          
TEL,6444,S6,3373,1068,2944,0,100000,0                          
TEL,6445,S6,3373,1068,2944,0,100000,1                          
TEL,6446,S6,3373,1068,2944,0,100000,2                          
TEL,6447,S6,3373,1068,2944,0,100000,3                          
TEL,6448,S6,3435,1070,2944,0,100000,0                          
TEL,6449,S6,3435,1070,2944,0,100000,1                          
TEL,6450,S6,3435,1070,2944,0,100000,2                          
TEL,6451,S6,3435,1070,2944,0,100000,3                          
TEL,6452,S6,3404,1069,2944,0,100000,0                          
TEL,6453,S6,3404,1069,2944,0,100000,1                          
TEL,6454,S6,3404,1069,2944,0,100000,2                          
TEL,6455,S6,3404,1069,2944,0,100000,3                          
TEL,6456,S6,3342,1067,2944,0,100000,0                          
TEL,6457,S6,3342,1067,2944,0,100000,1                          
TEL,6458,S6,3342,1067,2944,0,100000,2                          
TEL,6459,S6,3342,1067,2944,0,100000,3                          
TEL,6460,S6,3435,1070,2944,0,100000,0                          
TEL,6461,S6,3435,1070,2944,0,100000,1                          
TEL,6462,S6,3435,1070,2944,0,100000,2                          
TEL,6463,S6,3435,1070,2944,0,100000,3                          
TEL,6464,S6,3342,1067,2944,0,100000,0                          
TEL,6465,S6,3342,1067,2944,0,100000,1                          
TEL,6466,S6,3342,1067,2944,0,100000,2                          
TEL,6467,S6,3342,1067,2944,0,100000,3                          
TEL,6468,S6,3342,1067,2944,0,100000,0                          
TEL,6469,S6,3342,1067,2944,0,100000,1                          
TEL,6470,S6,3342,1067,2944,0,100000,2                          
TEL,6471,S6,3342,1067,2944,0,100000,3                          
BTN,55,S6,PRESSED,6472,122698819,122698836,122698838           
TEL,6473,S6,3342,1067,2944,0,100000,0                          
TEL,6474,S6,3342,1067,2944,0,100000,1                          
TEL,6475,S6,3342,1067,2944,0,100000,2                          
TEL,6476,S6,3342,1067,2944,0,100000,3                          
TEL,6477,S6,3435,1070,2944,0,100000,0                          
TEL,6478,S6,3435,1070,2944,0,100000,1                          
TEL,6479,S6,3435,1070,2944,0,100000,2                          
TEL,6480,S6,3435,1070,2944,0,100000,3                          
TEL,6481,S6,3342,1066,2944,0,100000,0                          
TEL,6482,S6,3342,1066,2944,0,100000,1                          
TEL,6483,S6,3342,1066,2944,0,100000,2                          
TEL,6484,S6,3342,1066,2944,0,100000,3                          
TEL,6485,S6,3466,1071,2944,0,100000,0                          
TEL,6486,S6,3466,1071,2944,0,100000,1                          
TEL,6487,S6,3466,1071,2944,0,100000,2                          
TEL,6488,S6,3466,1071,2944,0,100000,3                          
TEL,6489,S6,3435,1070,2944,0,100000,0                          
TEL,6490,S6,3435,1070,2944,0,100000,1                          
TEL,6491,S6,3435,1070,2944,0,100000,2                          
TEL,6492,S6,3435,1070,2944,0,100000,3                          
TEL,6493,S6,3342,1067,2944,0,100000,0                          
TEL,6494,S6,3342,1067,2944,0,100000,1                          
TEL,6495,S6,3342,1067,2944,0,100000,2                          
TEL,6496,S6,3342,1067,2944,0,100000,3                          
TEL,6497,S6,3342,1066,2944,0,100000,0                          
TEL,6498,S6,3342,1066,2944,0,100000,1                          
TEL,6499,S6,3342,1066,2944,0,100000,2                          
TEL,6500,S6,3342,1066,2944,0,100000,3                          
TEL,6501,S6,3435,1070,2944,0,100000,0                          
TEL,6502,S6,3435,1070,2944,0,100000,1                          
TEL,6503,S6,3435,1070,2944,0,100000,2                          
TEL,6504,S6,3435,1070,2944,0,100000,3                          
TEL,6505,S6,3435,1070,2944,0,100000,0                          
TEL,6506,S6,3435,1070,2944,0,100000,1                          
TEL,6507,S6,3435,1070,2944,0,100000,2                          
TEL,6508,S6,3435,1070,2944,0,100000,3                          
TEL,6509,S6,3404,1069,2944,0,100000,0                          
TEL,6510,S6,3404,1069,2944,0,100000,1                          
TEL,6511,S6,3404,1069,2944,0,100000,2                          
TEL,6512,S6,3404,1069,2944,0,100000,3                          
TEL,6513,S6,3342,1066,2944,0,100000,0                          
TEL,6514,S6,3342,1066,2944,0,100000,1                          
TEL,6515,S6,3342,1066,2944,0,100000,2                          
TEL,6516,S6,3342,1066,2944,0,100000,3                          
TEL,6517,S6,3404,1069,2944,0,100000,0                          
TEL,6518,S6,3404,1069,2944,0,100000,1                          
TEL,6519,S6,3404,1069,2944,0,100000,2                          
TEL,6520,S6,3404,1069,2944,0,100000,3                          
TEL,6521,S6,3435,1070,2944,0,100000,0                          
TEL,6522,S6,3435,1070,2944,0,100000,1                          
TEL,6523,S6,3435,1070,2944,0,100000,2                          
TEL,6524,S6,3435,1070,2944,0,100000,3                          
BTN,56,S6,PRESSED,6525,123941718,123941736,123941738           
TEL,6526,S6,3435,1070,2944,0,100000,0                          
TEL,6527,S6,3435,1070,2944,0,100000,1                          
TEL,6528,S6,3435,1070,2944,0,100000,2                          
TEL,6529,S6,3435,1070,2944,0,100000,3                          
TEL,6530,S6,3435,1070,2944,0,100000,0                          
TEL,6531,S6,3435,1070,2944,0,100000,1                          
TEL,6532,S6,3435,1070,2944,0,100000,2                          
TEL,6533,S6,3435,1070,2944,0,100000,3                          
TEL,6534,S6,3435,1070,2944,0,100000,0                          
TEL,6535,S6,3435,1070,2944,0,100000,1                          
TEL,6536,S6,3435,1070,2944,0,100000,2                          
TEL,6537,S6,3435,1070,2944,0,100000,3                          
TEL,6538,S6,3435,1070,2944,0,100000,0                          
TEL,6539,S6,3435,1070,2944,0,100000,1                          
TEL,6540,S6,3435,1070,2944,0,100000,2                          
TEL,6541,S6,3435,1070,2944,0,100000,3                          
TEL,6542,S6,3342,1067,2944,0,100000,0                          
TEL,6543,S6,3342,1067,2944,0,100000,1                          
TEL,6544,S6,3342,1067,2944,0,100000,2                          
TEL,6545,S6,3342,1067,2944,0,100000,3                          
TEL,6546,S6,3404,1069,2944,0,100000,0                          
TEL,6547,S6,3404,1069,2944,0,100000,1                          
TEL,6548,S6,3404,1069,2944,0,100000,2                          
TEL,6549,S6,3404,1069,2944,0,100000,3                          
TEL,6550,S6,3404,1069,2944,0,100000,0                          
TEL,6551,S6,3404,1069,2944,0,100000,1                          
TEL,6552,S6,3404,1069,2944,0,100000,2                          
TEL,6553,S6,3404,1069,2944,0,100000,3                          
TEL,6554,S6,3342,1067,2944,0,100000,0                          
TEL,6555,S6,3342,1067,2944,0,100000,1                          
TEL,6556,S6,3342,1067,2944,0,100000,2                          
TEL,6557,S6,3342,1067,2944,0,100000,3                          
TEL,6558,S6,3373,1068,2944,0,100000,0                          
TEL,6559,S6,3373,1068,2944,0,100000,1                          
TEL,6560,S6,3373,1068,2944,0,100000,2                          
TEL,6561,S6,3373,1068,2944,0,100000,3                          
TEL,6562,S6,3435,1070,2944,0,100000,0                          
TEL,6563,S6,3435,1070,2944,0,100000,1                          
TEL,6564,S6,3435,1070,2944,0,100000,2                          
TEL,6565,S6,3435,1070,2944,0,100000,3                          
TEL,6566,S6,3342,1067,2944,0,100000,0                          
TEL,6567,S6,3342,1067,2944,0,100000,1                          
TEL,6568,S6,3342,1067,2944,0,100000,2                          
TEL,6569,S6,3342,1067,2944,0,100000,3                          
TEL,6570,S6,3404,1069,2944,0,100000,0                          
TEL,6571,S6,3404,1069,2944,0,100000,1                          
TEL,6572,S6,3404,1069,2944,0,100000,2                          
TEL,6573,S6,3404,1069,2944,0,100000,3                          
TEL,6574,S6,3404,1069,2944,0,100000,0                          
TEL,6575,S6,3404,1069,2944,0,100000,1                          
TEL,6576,S6,3404,1069,2944,0,100000,2                          
TEL,6577,S6,3404,1069,2944,0,100000,3                          
TEL,6578,S6,3404,1069,2944,0,100000,0                          
TEL,6579,S6,3404,1069,2944,0,100000,1                          
TEL,6580,S6,3404,1069,2944,0,100000,2                          
TEL,6581,S6,3404,1069,2944,0,100000,3                          
BTN,57,S6,PRESSED,6582,125330620,125330637,125330639           
TEL,6583,S6,3404,1069,2944,0,100000,0                          
TEL,6584,S6,3404,1069,2944,0,100000,1                          
TEL,6585,S6,3404,1069,2944,0,100000,2                          
TEL,6586,S6,3404,1069,2944,0,100000,3                          
TEL,6587,S6,3404,1069,2944,0,100000,0                          
TEL,6588,S6,3404,1069,2944,0,100000,1                          
TEL,6589,S6,3404,1069,2944,0,100000,2                          
TEL,6590,S6,3404,1069,2944,0,100000,3                          
TEL,6591,S6,3435,1070,2944,0,100000,0                          
TEL,6592,S6,3435,1070,2944,0,100000,1                          
TEL,6593,S6,3435,1070,2944,0,100000,2                          
TEL,6594,S6,3435,1070,2944,0,100000,3                          
TEL,6595,S6,3435,1070,2944,0,100000,0                          
TEL,6596,S6,3435,1070,2944,0,100000,1                          
TEL,6597,S6,3435,1070,2944,0,100000,2                          
TEL,6598,S6,3435,1070,2944,0,100000,3                          
TEL,6599,S6,3435,1070,2944,0,100000,0                          
TEL,6600,S6,3435,1070,2944,0,100000,1                          
TEL,6601,S6,3435,1070,2944,0,100000,2                          
TEL,6602,S6,3435,1070,2944,0,100000,3                          
TEL,6603,S6,3404,1069,2944,0,100000,0                          
TEL,6604,S6,3404,1069,2944,0,100000,1                          
TEL,6605,S6,3404,1069,2944,0,100000,2                          
TEL,6606,S6,3404,1069,2944,0,100000,3                          
TEL,6607,S6,3435,1070,2944,0,100000,0                          
TEL,6608,S6,3435,1070,2944,0,100000,1                          
TEL,6609,S6,3435,1070,2944,0,100000,2                          
TEL,6610,S6,3435,1070,2944,0,100000,3                          
TEL,6611,S6,3404,1069,2944,0,100000,0                          
TEL,6612,S6,3404,1069,2944,0,100000,1                          
TEL,6613,S6,3404,1069,2944,0,100000,2                          
TEL,6614,S6,3404,1069,2944,0,100000,3                          
TEL,6615,S6,3342,1067,2944,0,100000,0                          
TEL,6616,S6,3342,1067,2944,0,100000,1                          
TEL,6617,S6,3342,1067,2944,0,100000,2                          
TEL,6618,S6,3342,1067,2944,0,100000,3                          
TEL,6619,S6,3435,1070,2944,0,100000,0                          
TEL,6620,S6,3435,1070,2944,0,100000,1                          
TEL,6621,S6,3435,1070,2944,0,100000,2                          
TEL,6622,S6,3435,1070,2944,0,100000,3                          
TEL,6623,S6,3435,1070,2944,0,100000,0                          
TEL,6624,S6,3435,1070,2944,0,100000,1                          
TEL,6625,S6,3435,1070,2944,0,100000,2                          
TEL,6626,S6,3435,1070,2944,0,100000,3                          
TEL,6627,S6,3404,1069,2944,0,100000,0                          
TEL,6628,S6,3404,1069,2944,0,100000,1                          
TEL,6629,S6,3404,1069,2944,0,100000,2                          
TEL,6630,S6,3404,1069,2944,0,100000,3                          
TEL,6631,S6,3404,1069,2944,0,100000,0                          
TEL,6632,S6,3404,1069,2944,0,100000,1                          
TEL,6633,S6,3404,1069,2944,0,100000,2                          
TEL,6634,S6,3404,1069,2944,0,100000,3                          
TEL,6635,S6,3435,1070,2944,0,100000,0                          
TEL,6636,S6,3435,1070,2944,0,100000,1                          
TEL,6637,S6,3435,1070,2944,0,100000,2                          
TEL,6638,S6,3435,1070,2944,0,100000,3                          
TEL,6639,S6,3342,1067,2944,0,100000,0                          
TEL,6640,S6,3342,1067,2944,0,100000,1                          
TEL,6641,S6,3342,1067,2944,0,100000,2                          
TEL,6642,S6,3342,1067,2944,0,100000,3                          
TEL,6643,S6,3404,1069,2944,0,100000,0                          
TEL,6644,S6,3404,1069,2944,0,100000,1                          
TEL,6645,S6,3404,1069,2944,0,100000,2                          
TEL,6646,S6,3404,1069,2944,0,100000,3                          
BTN,58,S6,PRESSED,6647,126948816,126948834,126948835           
TEL,6648,S6,3466,1071,2944,0,100000,0                          
TEL,6649,S6,3466,1071,2944,0,100000,1                          
TEL,6650,S6,3466,1071,2944,0,100000,2                          
TEL,6651,S6,3466,1071,2944,0,100000,3                          
TEL,6652,S6,3435,1070,2944,0,100000,0                          
TEL,6653,S6,3435,1070,2944,0,100000,1                          
TEL,6654,S6,3435,1070,2944,0,100000,2                          
TEL,6655,S6,3435,1070,2944,0,100000,3                          
TEL,6656,S6,3373,1068,2944,0,100000,0                          
TEL,6657,S6,3373,1068,2944,0,100000,1                          
TEL,6658,S6,3373,1068,2944,0,100000,2                          
TEL,6659,S6,3373,1068,2944,0,100000,3                          
TEL,6660,S6,3435,1070,2944,0,100000,0                          
TEL,6661,S6,3435,1070,2944,0,100000,1                          
TEL,6662,S6,3435,1070,2944,0,100000,2                          
TEL,6663,S6,3435,1070,2944,0,100000,3                          
TEL,6664,S6,3435,1070,2944,0,100000,0                          
TEL,6665,S6,3435,1070,2944,0,100000,1                          
TEL,6666,S6,3435,1070,2944,0,100000,2                          
TEL,6667,S6,3435,1070,2944,0,100000,3                          
TEL,6668,S6,3342,1067,2944,0,100000,0                          
TEL,6669,S6,3342,1067,2944,0,100000,1                          
TEL,6670,S6,3342,1067,2944,0,100000,2                          
TEL,6671,S6,3342,1067,2944,0,100000,3                          
TEL,6672,S6,3342,1067,2944,0,100000,0                          
TEL,6673,S6,3342,1067,2944,0,100000,1                          
TEL,6674,S6,3342,1067,2944,0,100000,2                          
TEL,6675,S6,3342,1067,2944,0,100000,3                          
TEL,6676,S6,3404,1069,2944,0,100000,0                          
TEL,6677,S6,3404,1069,2944,0,100000,1                          
TEL,6678,S6,3404,1069,2944,0,100000,2                          
TEL,6679,S6,3404,1069,2944,0,100000,3                          
TEL,6680,S6,3466,1071,2944,0,100000,0                          
TEL,6681,S6,3466,1071,2944,0,100000,1                          
TEL,6682,S6,3466,1071,2944,0,100000,2                          
TEL,6683,S6,3466,1071,2944,0,100000,3                          
TEL,6684,S6,3404,1069,2944,0,100000,0                          
TEL,6685,S6,3404,1069,2944,0,100000,1                          
TEL,6686,S6,3404,1069,2944,0,100000,2                          
TEL,6687,S6,3404,1069,2944,0,100000,3                          
TEL,6688,S6,3404,1069,2944,0,100000,0                          
TEL,6689,S6,3404,1069,2944,0,100000,1                          
TEL,6690,S6,3404,1069,2944,0,100000,2                          
TEL,6691,S6,3404,1069,2944,0,100000,3                          
TEL,6692,S6,3435,1070,2944,0,100000,0                          
TEL,6693,S6,3435,1070,2944,0,100000,1                          
TEL,6694,S6,3435,1070,2944,0,100000,2                          
TEL,6695,S6,3435,1070,2944,0,100000,3                          
TEL,6696,S6,3435,1070,2944,0,100000,0                          
TEL,6697,S6,3435,1070,2944,0,100000,1                          
TEL,6698,S6,3435,1070,2944,0,100000,2                          
TEL,6699,S6,3435,1070,2944,0,100000,3                          
TEL,6700,S6,3435,1070,2944,0,100000,0                          
TEL,6701,S6,3435,1070,2944,0,100000,1                          
TEL,6702,S6,3435,1070,2944,0,100000,2                          
TEL,6703,S6,3435,1070,2944,0,100000,3                          
TEL,6704,S6,3373,1068,2944,0,100000,0                          
TEL,6705,S6,3373,1068,2944,0,100000,1                          
TEL,6706,S6,3373,1068,2944,0,100000,2                          
TEL,6707,S6,3373,1068,2944,0,100000,3                          
BTN,59,S6,PRESSED,6708,128415714,128415734,128415736           
TEL,6709,S6,3466,1071,2944,0,100000,0                          
TEL,6710,S6,3466,1071,2944,0,100000,1                          
TEL,6711,S6,3466,1071,2944,0,100000,2                          
TEL,6712,S6,3466,1071,2944,0,100000,3                          
TEL,6713,S6,3466,1071,2944,0,100000,0                          
TEL,6714,S6,3466,1071,2944,0,100000,1                          
TEL,6715,S6,3466,1071,2944,0,100000,2                          
TEL,6716,S6,3466,1071,2944,0,100000,3                          
TEL,6717,S6,3404,1069,2944,0,100000,0                          
TEL,6718,S6,3404,1069,2944,0,100000,1                          
TEL,6719,S6,3404,1069,2944,0,100000,2                          
TEL,6720,S6,3404,1069,2944,0,100000,3                          
TEL,6721,S6,3373,1068,2944,0,100000,0                          
TEL,6722,S6,3373,1068,2944,0,100000,1                          
TEL,6723,S6,3373,1068,2944,0,100000,2                          
TEL,6724,S6,3373,1068,2944,0,100000,3                          
TEL,6725,S6,3435,1070,2944,0,100000,0                          
TEL,6726,S6,3435,1070,2944,0,100000,1                          
TEL,6727,S6,3435,1070,2944,0,100000,2                          
TEL,6728,S6,3435,1070,2944,0,100000,3                          
TEL,6729,S6,3466,1071,2944,0,100000,0                          
TEL,6730,S6,3466,1071,2944,0,100000,1                          
TEL,6731,S6,3466,1071,2944,0,100000,2                          
TEL,6732,S6,3466,1071,2944,0,100000,3                          
TEL,6733,S6,3435,1070,2944,0,100000,0                          
TEL,6734,S6,3435,1070,2944,0,100000,1                          
TEL,6735,S6,3435,1070,2944,0,100000,2                          
TEL,6736,S6,3435,1070,2944,0,100000,3                          
TEL,6737,S6,3311,1065,2944,0,100000,0                          
TEL,6738,S6,3311,1065,2944,0,100000,1                          
TEL,6739,S6,3311,1065,2944,0,100000,2                          
TEL,6740,S6,3311,1065,2944,0,100000,3                          
TEL,6741,S6,3435,1070,2944,0,100000,0                          
TEL,6742,S6,3435,1070,2944,0,100000,1                          
TEL,6743,S6,3435,1070,2944,0,100000,2                          
TEL,6744,S6,3435,1070,2944,0,100000,3                          
TEL,6745,S6,3435,1070,2944,0,100000,0                          
TEL,6746,S6,3435,1070,2944,0,100000,1                          
TEL,6747,S6,3435,1070,2944,0,100000,2                          
TEL,6748,S6,3435,1070,2944,0,100000,3                          
TEL,6749,S6,3435,1070,2944,0,100000,0                          
TEL,6750,S6,3435,1070,2944,0,100000,1                          
TEL,6751,S6,3435,1070,2944,0,100000,2                          
TEL,6752,S6,3435,1070,2944,0,100000,3                          
TEL,6753,S6,3342,1066,2944,0,100000,0                          
TEL,6754,S6,3342,1066,2944,0,100000,1                          
TEL,6755,S6,3342,1066,2944,0,100000,2                          
TEL,6756,S6,3342,1066,2944,0,100000,3                          
TEL,6757,S6,3529,1073,2944,0,100000,0                          
TEL,6758,S6,3529,1073,2944,0,100000,1                          
TEL,6759,S6,3529,1073,2944,0,100000,2                          
TEL,6760,S6,3529,1073,2944,0,100000,3                          
TEL,6761,S6,3435,1070,2944,0,100000,0                          
TEL,6762,S6,3435,1070,2944,0,100000,1                          
TEL,6763,S6,3435,1070,2944,0,100000,2                          
TEL,6764,S6,3435,1070,2944,0,100000,3                          
TEL,6765,S6,3466,1071,2944,0,100000,0                          
TEL,6766,S6,3466,1071,2944,0,100000,1                          
TEL,6767,S6,3466,1071,2944,0,100000,2                          
TEL,6768,S6,3466,1071,2944,0,100000,3                          
BTN,60,S6,PRESSED,6769,130011104,130011121,130011123           
TEL,6770,S6,3342,1066,2944,0,100000,0                          
TEL,6771,S6,3342,1066,2944,0,100000,1                          
TEL,6772,S6,3342,1066,2944,0,100000,2                          
TEL,6773,S6,3342,1066,2944,0,100000,3                          
TEL,6774,S6,3342,1066,2944,0,100000,0                          
TEL,6775,S6,3342,1066,2944,0,100000,1                          
TEL,6776,S6,3342,1066,2944,0,100000,2                          
TEL,6777,S6,3342,1066,2944,0,100000,3                          
TEL,6778,S6,3435,1070,2944,0,100000,0                          
TEL,6779,S6,3435,1070,2944,0,100000,1                          
TEL,6780,S6,3435,1070,2944,0,100000,2                          
TEL,6781,S6,3435,1070,2944,0,100000,3                          
TEL,6782,S6,3404,1069,2944,0,100000,0                          
TEL,6783,S6,3404,1069,2944,0,100000,1                          
TEL,6784,S6,3404,1069,2944,0,100000,2                          
TEL,6785,S6,3404,1069,2944,0,100000,3                          
TEL,6786,S6,3342,1067,2944,0,100000,0                          
TEL,6787,S6,3342,1067,2944,0,100000,1                          
TEL,6788,S6,3342,1067,2944,0,100000,2                          
TEL,6789,S6,3342,1067,2944,0,100000,3                          
TEL,6790,S6,3435,1070,2944,0,100000,0                          
TEL,6791,S6,3435,1070,2944,0,100000,1                          
TEL,6792,S6,3435,1070,2944,0,100000,2                          
TEL,6793,S6,3435,1070,2944,0,100000,3                          
TEL,6794,S6,3404,1069,2944,0,100000,0                          
TEL,6795,S6,3404,1069,2944,0,100000,1                          
TEL,6796,S6,3404,1069,2944,0,100000,2                          
TEL,6797,S6,3404,1069,2944,0,100000,3                          
TEL,6798,S6,3404,1069,2944,0,100000,0                          
TEL,6799,S6,3404,1069,2944,0,100000,1                          
TEL,6800,S6,3404,1069,2944,0,100000,2                          
TEL,6801,S6,3404,1069,2944,0,100000,3                          
TEL,6802,S6,3466,1071,2944,0,100000,0                          
TEL,6803,S6,3466,1071,2944,0,100000,1                          
TEL,6804,S6,3466,1071,2944,0,100000,2                          
TEL,6805,S6,3466,1071,2944,0,100000,3                          
TEL,6806,S6,3342,1067,2944,0,100000,0                          
TEL,6807,S6,3342,1067,2944,0,100000,1                          
TEL,6808,S6,3342,1067,2944,0,100000,2                          
TEL,6809,S6,3342,1067,2944,0,100000,3                          
TEL,6810,S6,3404,1069,2944,0,100000,0                          
TEL,6811,S6,3404,1069,2944,0,100000,1                          
TEL,6812,S6,3404,1069,2944,0,100000,2                          
TEL,6813,S6,3404,1069,2944,0,100000,3                          
TEL,6814,S6,3435,1070,2944,0,100000,0                          
TEL,6815,S6,3435,1070,2944,0,100000,1                          
TEL,6816,S6,3435,1070,2944,0,100000,2                          
TEL,6817,S6,3435,1070,2944,0,100000,3                          
TEL,6818,S6,3435,1070,2944,0,100000,0                          
TEL,6819,S6,3435,1070,2944,0,100000,1                          
TEL,6820,S6,3435,1070,2944,0,100000,2                          
TEL,6821,S6,3435,1070,2944,0,100000,3                          
TEL,6822,S6,3404,1069,2944,0,100000,0                          
TEL,6823,S6,3404,1069,2944,0,100000,1                          
TEL,6824,S6,3404,1069,2944,0,100000,2                          
TEL,6825,S6,3404,1069,2944,0,100000,3                          
TEL,6826,S6,3466,1071,2944,0,100000,0                          
TEL,6827,S6,3466,1071,2944,0,100000,1                          
TEL,6828,S6,3466,1071,2944,0,100000,2                          
TEL,6829,S6,3466,1071,2944,0,100000,3                          
TEL,6830,S6,3435,1070,2944,0,100000,0                          
TEL,6831,S6,3435,1070,2944,0,100000,1                          
TEL,6832,S6,3435,1070,2944,0,100000,2                          
TEL,6833,S6,3435,1070,2944,0,100000,3                          
TEL,6834,S6,3466,1071,2944,0,100000,0                          
TEL,6835,S6,3466,1071,2944,0,100000,1                          
TEL,6836,S6,3466,1071,2944,0,100000,2                          
TEL,6837,S6,3466,1071,2944,0,100000,3                          
TEL,6838,S6,3435,1070,2944,0,100000,0                          
TEL,6839,S6,3435,1070,2944,0,100000,1                          
TEL,6840,S6,3435,1070,2944,0,100000,2                          
TEL,6841,S6,3435,1070,2944,0,100000,3                          
TEL,6842,S6,3342,1067,2944,0,100000,0                          
TEL,6843,S6,3342,1067,2944,0,100000,1                          
TEL,6844,S6,3342,1067,2944,0,100000,2                          
TEL,6845,S6,3342,1067,2944,0,100000,3                          
TEL,6846,S6,3404,1069,2944,0,100000,0                          
TEL,6847,S6,3404,1069,2944,0,100000,1                          
TEL,6848,S6,3404,1069,2944,0,100000,2                          
TEL,6849,S6,3404,1069,2944,0,100000,3                          
TEL,6850,S6,3435,1070,2944,0,100000,0                          
TEL,6851,S6,3435,1070,2944,0,100000,1                          
TEL,6852,S6,3435,1070,2944,0,100000,2                          
TEL,6853,S6,3435,1070,2944,0,100000,3                          
TEL,6854,S6,3435,1070,2944,0,100000,0                          
TEL,6855,S6,3435,1070,2944,0,100000,1                          
TEL,6856,S6,3435,1070,2944,0,100000,2                          
TEL,6857,S6,3435,1070,2944,0,100000,3                          
TEL,6858,S6,3435,1070,2944,0,100000,0                          
TEL,6859,S6,3435,1070,2944,0,100000,1                          
TEL,6860,S6,3435,1070,2944,0,100000,2                          
TEL,6861,S6,3435,1070,2944,0,100000,3                          
TEL,6862,S6,3435,1070,2944,0,100000,0                          
TEL,6863,S6,3435,1070,2944,0,100000,1                          
TEL,6864,S6,3435,1070,2944,0,100000,2                          
TEL,6865,S6,3435,1070,2944,0,100000,3                          
TEL,6866,S6,3435,1070,2944,0,100000,0                          
TEL,6867,S6,3435,1070,2944,0,100000,1                          
TEL,6868,S6,3435,1070,2944,0,100000,2                          
TEL,6869,S6,3435,1070,2944,0,100000,3                          
TEL,6870,S6,3466,1071,2944,0,100000,0                          
TEL,6871,S6,3466,1071,2944,0,100000,1                          
TEL,6872,S6,3466,1071,2944,0,100000,2                          
TEL,6873,S6,3466,1071,2944,0,100000,3                          
TEL,6874,S6,3466,1071,2944,0,100000,0                          
TEL,6875,S6,3466,1071,2944,0,100000,1                          
TEL,6876,S6,3466,1071,2944,0,100000,2                          
TEL,6877,S6,3466,1071,2944,0,100000,3                          
TEL,6878,S6,3435,1070,2944,0,100000,0                          
TEL,6879,S6,3435,1070,2944,0,100000,1                          
TEL,6880,S6,3435,1070,2944,0,100000,2                          
TEL,6881,S6,3435,1070,2944,0,100000,3                          
ACK,6882,S0,AT                                                 
REC,S6,31,87259602,17,2,70,2781,ok                             
REC,S6,32,88900095,18,1,74,2780,ok                             
REC,S6,33,90438512,18,1,70,2782,ok                             
REC,S6,34,91815307,18,1,10258,2782,ok                          
REC,S6,35,93325266,20,2,297,2782,ok                            
REC,S6,36,94609889,18,1,71,2779,ok                             
REC,S6,37,96172160,22,1,71,2779,ok                             
REC,S6,38,97531342,17,2,71,2782,ok                             
REC,S6,39,98994114,17,2,76,2782,ok                             
REC,S6,40,100525556,30,1,72,2780,ok                            
REC,S6,41,101930680,17,2,71,2782,ok                            
REC,S6,42,103409194,17,2,71,2780,ok                            
REC,S6,43,104700149,17,6,72,2781,ok                            
REC,S6,44,106378859,17,2,71,2783,ok                            
REC,S6,45,108081390,18,1,72,2783,ok                            
REC,S6,46,109590129,17,2,76,2781,ok                            
REC,S6,47,110930466,17,2,72,2783,ok                            
REC,S6,48,112284903,17,2,72,2781,ok                            
REC,S6,49,113840988,18,1,72,2783,ok                            
REC,S6,50,115277506,17,2,72,2782,ok                            
REC,S6,51,116783920,18,1,72,2782,ok                            
REC,S6,52,118086452,17,2,72,2781,ok                            
REC,S6,53,119679204,17,2,72,2780,ok                            
REC,S6,54,121137952,17,2,72,2780,ok                            
REC,S6,55,122698819,17,2,73,2783,ok                            
REC,S6,56,123941718,18,2,72,2783,ok                            
REC,S6,57,125330620,17,2,72,2781,ok                            
REC,S6,58,126948816,18,1,73,2780,ok                            
REC,S6,59,128415714,20,2,9852,2779,ok                          
REC,S6,60,130011104,17,2,77,2781,ok                            
CNT,S0,accepted,30                                             
CNT,S0,repeat,35                                               
CNT,S0,btn_queue_drop,0                                        
CNT,S0,tx_queue_drop,0                                         
CNT,S0,tx_queue_max,4                                          
CNT,S0,pool_overflow,0                                         
CNT,S0,droplog_overflow,0                                      
CNT,S0,tx_timeout,0                                            
CNT,S0,tx_start_fail,0                                         
CNT,S0,spurious_tc,0                                           
CNT,S0,encode_error,0                                          
CNT,S0,tel_sent,2176                                           
CNT,S0,tel_drop,0                                              
CNT,S0,tel_period_min_us,99163                                 
CNT,S0,tel_period_avg_us,99998                                 
CNT,S0,tel_period_max_us,100000                                
CNT,S0,tel_wait_avg_us,4316                                    
CNT,S0,tel_wait_max_us,11353                                   
CNT,S0,stack_hwm_telemetry,328                                 
CNT,S0,stack_hwm_button,328                                    
CNT,S0,stack_hwm_uart_tx,380                                   
END,S0,30                                                      
