TEL,9142,S5,3404,1069,2942,4994,10000,0                        
ACK,9143,S5,AT                                                 
TEL,9144,S5,3404,1069,2942,4994,10015,1                        
TEL,9145,S5,3404,1069,2942,5041,9985,0                         
TEL,9146,S5,3311,1066,2942,4994,10000,0                        
TEL,9147,S5,3404,1069,2942,4994,10000,0                        
TEL,9148,S5,3404,1069,2942,4994,10000,0                        
TEL,9149,S5,3373,1068,2942,4994,10000,0                        
TEL,9150,S5,3404,1069,2942,4994,10000,0                        
TEL,9151,S5,3404,1069,2942,4994,10000,0                        
TEL,9152,S5,3373,1068,2942,4994,10000,0                        
TEL,9153,S5,3373,1068,2942,4994,10000,0                        
TEL,9154,S5,3373,1068,2942,4994,10000,0                        
TEL,9155,S5,3373,1068,2942,4994,10000,0                        
TEL,9156,S5,3404,1069,2942,4994,10000,0                        
TEL,9157,S5,3342,1067,2942,4994,10000,0                        
TEL,9158,S5,3373,1068,2942,4994,10000,0                        
TEL,9159,S5,3373,1068,2942,4994,10000,0                        
TEL,9160,S5,3404,1069,2942,4994,10000,0                        
TEL,9161,S5,3342,1067,2942,4994,10000,0                        
TEL,9162,S5,3373,1068,2942,4994,10000,0                        
TEL,9163,S5,3404,1069,2942,4994,10000,0                        
TEL,9164,S5,3404,1069,2942,4994,10000,0                        
TEL,9165,S5,3404,1069,2942,4994,10000,0                        
TEL,9166,S5,3466,1072,2942,4994,10000,0                        
TEL,9167,S5,3404,1069,2942,4994,10000,0                        
TEL,9168,S5,3435,1070,2942,4994,10000,0                        
TEL,9169,S5,3404,1069,2942,4994,10000,0                        
TEL,9170,S5,3373,1068,2942,4994,10000,0                        
TEL,9171,S5,3404,1069,2942,4994,10000,0                        
TEL,9172,S5,3404,1069,2942,4994,10000,0                        
TEL,9173,S5,3342,1067,2942,4994,10000,0                        
TEL,9174,S5,3404,1069,2942,4994,10000,0                        
TEL,9175,S5,3404,1069,2942,4994,10000,0                        
TEL,9176,S5,3404,1069,2942,4994,10000,0                        
TEL,9177,S5,3373,1068,2942,4994,10000,0                        
TEL,9178,S5,3373,1068,2942,4994,10000,0                        
TEL,9179,S5,3342,1067,2942,4994,10000,0                        
TEL,9180,S5,3404,1069,2942,4994,10000,0                        
TEL,9181,S5,3373,1068,2942,4994,10000,0                        
TEL,9182,S5,3404,1069,2942,4994,10000,0                        
TEL,9183,S5,3404,1069,2942,4994,10000,0                        
TEL,9184,S5,3342,1067,2942,4994,10000,0                        
TEL,9185,S5,3404,1069,2942,4994,10000,0                        
TEL,9186,S5,3373,1068,2942,4994,10000,0                        
TEL,9187,S5,3404,1069,2942,4994,10000,0                        
TEL,9188,S5,3342,1067,2942,4994,10000,0                        
TEL,9189,S5,3404,1069,2942,4994,10000,0                        
TEL,9190,S5,3404,1069,2942,4994,10000,0                        
TEL,9191,S5,3404,1069,2942,4994,10000,0                        
TEL,9192,S5,3373,1068,2942,4994,10000,0                        
TEL,9193,S5,3404,1069,2942,4994,10000,0                        
TEL,9194,S5,3217,1063,2942,4994,10000,0                        
TEL,9195,S5,3373,1068,2942,4994,10000,0                        
TEL,9196,S5,3404,1069,2942,4994,10000,0                        
TEL,9197,S5,3435,1071,2942,4994,10000,0                        
TEL,9198,S5,3373,1068,2942,4994,10000,0                        
TEL,9199,S5,3404,1069,2942,4994,10000,0                        
TEL,9200,S5,3342,1067,2942,4994,10000,0                        
TEL,9201,S5,3280,1065,2942,4994,10000,0                        
TEL,9202,S5,3280,1065,2942,4994,10000,0                        
TEL,9203,S5,3373,1068,2942,4994,10000,0                        
TEL,9204,S5,3404,1069,2942,4994,10000,0                        
TEL,9205,S5,3404,1069,2942,4994,10000,0                        
TEL,9206,S5,3373,1068,2942,4994,10000,0                        
TEL,9207,S5,3373,1068,2942,4994,10000,0                        
TEL,9208,S5,3217,1063,2942,4994,10000,0                        
TEL,9209,S5,3404,1069,2942,4994,10000,0                        
TEL,9210,S5,3404,1069,2942,4994,10000,0                        
TEL,9211,S5,3404,1069,2942,4994,10000,0                        
TEL,9212,S5,3404,1069,2942,4994,10000,0                        
TEL,9213,S5,3373,1068,2942,4994,10000,0                        
TEL,9214,S5,3404,1069,2942,4994,10000,0                        
TEL,9215,S5,3373,1068,2942,4994,10000,0                        
TEL,9216,S5,3342,1067,2942,4994,10000,0                        
TEL,9217,S5,3404,1069,2942,4994,10000,0                        
TEL,9218,S5,3404,1069,2942,4994,10000,0                        
TEL,9219,S5,3404,1069,2942,4994,10000,0                        
TEL,9220,S5,3373,1068,2942,4994,10000,0                        
TEL,9221,S5,3404,1069,2942,4994,10000,0                        
TEL,9222,S5,3342,1067,2942,4994,10000,0                        
TEL,9223,S5,3373,1068,2942,4994,10000,0                        
TEL,9224,S5,3373,1068,2942,4994,10000,0                        
TEL,9225,S5,3404,1069,2942,4994,10000,0                        
TEL,9226,S5,3373,1068,2942,4994,10000,0                        
TEL,9227,S5,3435,1071,2942,4994,10000,0                        
TEL,9228,S5,3373,1068,2942,4994,10000,0                        
TEL,9229,S5,3404,1069,2942,4994,10000,0                        
TEL,9230,S5,3404,1069,2942,4994,10000,0                        
TEL,9231,S5,3404,1069,2942,4994,10000,0                        
TEL,9232,S5,3342,1067,2942,4994,10000,0                        
TEL,9233,S5,3404,1069,2942,4994,10000,0                        
TEL,9234,S5,3404,1069,2942,4994,10000,0                        
TEL,9235,S5,3373,1068,2942,4994,10000,0                        
TEL,9236,S5,3373,1068,2942,4994,10000,0                        
TEL,9237,S5,3404,1069,2942,4994,10000,0                        
TEL,9238,S5,3404,1069,2942,4994,10000,0                        
TEL,9239,S5,3404,1069,2942,4994,10000,0                        
TEL,9240,S5,3404,1069,2942,4994,10000,0                        
TEL,9241,S5,3342,1067,2942,4994,10000,0                        
TEL,9242,S5,3404,1069,2942,4994,10000,0                        
TEL,9243,S5,3342,1067,2942,4994,10000,0                        
TEL,9244,S5,3404,1069,2942,4994,10000,0                        
TEL,9245,S5,3466,1072,2942,4994,10000,0                        
TEL,9246,S5,3404,1069,2942,4994,10000,0                        
TEL,9247,S5,3404,1069,2942,4994,10000,0                        
TEL,9248,S5,3373,1068,2942,4994,10000,0                        
TEL,9249,S5,3404,1069,2942,4994,10000,0                        
TEL,9250,S5,3373,1068,2942,4994,10000,0                        
TEL,9251,S5,3373,1068,2942,4994,10000,0                        
TEL,9252,S5,3373,1068,2942,4994,10000,0                        
TEL,9253,S5,3404,1069,2942,4994,10000,0                        
TEL,9254,S5,3373,1068,2942,4994,10000,0                        
TEL,9255,S5,3342,1067,2942,4994,10000,0                        
TEL,9256,S5,3404,1069,2942,4994,10000,0                        
TEL,9257,S5,3342,1067,2942,4994,10000,0                        
TEL,9258,S5,3373,1068,2942,4994,10000,0                        
TEL,9259,S5,3342,1067,2942,4994,10000,0                        
TEL,9260,S5,3404,1069,2942,4994,10000,0                        
TEL,9261,S5,3404,1069,2942,4994,10000,0                        
TEL,9262,S5,3280,1065,2942,4994,10000,0                        
TEL,9263,S5,3435,1071,2942,4994,10000,0                        
TEL,9264,S5,3280,1065,2942,4994,10000,0                        
TEL,9265,S5,3373,1068,2942,4994,10000,0                        
TEL,9266,S5,3342,1067,2942,4994,10000,0                        
TEL,9267,S5,3404,1069,2942,4994,10000,0                        
TEL,9268,S5,3404,1069,2942,4994,10000,0                        
TEL,9269,S5,3217,1063,2942,4994,10000,0                        
TEL,9270,S5,3373,1068,2942,4994,10000,0                        
TEL,9271,S5,3373,1068,2942,4994,10000,0                        
TEL,9272,S5,3342,1067,2942,4994,10000,0                        
TEL,9273,S5,3404,1069,2942,4994,10000,0                        
TEL,9274,S5,3435,1071,2942,4994,10000,0                        
TEL,9275,S5,3342,1067,2942,4994,10000,0                        
TEL,9276,S5,3373,1068,2942,4994,10000,0                        
TEL,9277,S5,3373,1068,2942,4994,10000,0                        
TEL,9278,S5,3498,1073,2942,4994,10000,0                        
TEL,9279,S5,3404,1069,2942,4994,10000,0                        
TEL,9280,S5,3342,1067,2942,4994,10000,0                        
TEL,9281,S5,3342,1067,2942,4994,10000,0                        
TEL,9282,S5,3280,1065,2942,4994,10000,0                        
TEL,9283,S5,3404,1069,2942,4994,10000,0                        
TEL,9284,S5,3404,1069,2942,4994,10000,0                        
TEL,9285,S5,3435,1071,2942,4994,10000,0                        
TEL,9286,S5,3404,1069,2942,4994,10000,0                        
TEL,9287,S5,3404,1069,2942,4994,10000,0                        
TEL,9288,S5,3404,1069,2942,4994,10000,0                        
TEL,9289,S5,3373,1068,2942,4994,10000,0                        
TEL,9290,S5,3404,1069,2942,4994,10000,0                        
TEL,9291,S5,3342,1067,2942,4994,10000,0                        
TEL,9292,S5,3373,1068,2942,4994,10000,0                        
TEL,9293,S5,3342,1067,2942,4994,10000,0                        
TEL,9294,S5,3373,1068,2942,4994,10000,0                        
TEL,9295,S5,3373,1068,2942,4994,10000,0                        
TEL,9296,S5,3342,1067,2942,4994,10000,0                        
TEL,9297,S5,3373,1068,2942,4994,10000,0                        
TEL,9298,S5,3373,1068,2942,4994,10000,0                        
TEL,9299,S5,3373,1068,2942,4994,10000,0                        
TEL,9300,S5,3404,1069,2942,4994,10000,0                        
TEL,9301,S5,3373,1068,2942,4994,10000,0                        
TEL,9302,S5,3342,1067,2942,4994,10000,0                        
TEL,9303,S5,3373,1068,2942,4994,10000,0                        
TEL,9304,S5,3280,1065,2942,4994,10000,0                        
TEL,9305,S5,3373,1068,2942,4994,10000,0                        
TEL,9306,S5,3404,1069,2942,4994,10000,0                        
TEL,9307,S5,3404,1069,2942,4994,10000,0                        
TEL,9308,S5,3373,1068,2942,4994,10000,0                        
TEL,9309,S5,3280,1065,2942,4994,10000,0                        
TEL,9310,S5,3373,1068,2942,4994,10000,0                        
TEL,9311,S5,3404,1069,2942,4994,10000,0                        
TEL,9312,S5,3342,1067,2942,4994,10000,0                        
TEL,9313,S5,3404,1069,2942,4994,10000,0                        
TEL,9314,S5,3404,1069,2942,4994,10000,0                        
TEL,9315,S5,3373,1068,2942,4994,10000,0                        
TEL,9316,S5,3373,1068,2942,4994,10000,0                        
TEL,9317,S5,3404,1069,2942,4994,10000,0                        
TEL,9318,S5,3404,1069,2942,4994,10000,0                        
TEL,9319,S5,3373,1068,2942,4994,10000,0                        
TEL,9320,S5,3404,1069,2942,4994,10000,0                        
TEL,9321,S5,3404,1069,2942,4994,10000,0                        
TEL,9322,S5,3404,1069,2942,4994,10000,0                        
TEL,9323,S5,3342,1067,2942,4994,10000,0                        
TEL,9324,S5,3404,1069,2942,4994,10000,0                        
TEL,9325,S5,3466,1072,2942,4994,10000,0                        
TEL,9326,S5,3404,1069,2942,4994,10000,0                        
TEL,9327,S5,3404,1069,2942,4994,10000,0                        
TEL,9328,S5,3466,1072,2942,4994,10000,0                        
TEL,9329,S5,3404,1069,2942,4994,10000,0                        
TEL,9330,S5,3342,1067,2942,4994,10000,0                        
TEL,9331,S5,3404,1069,2942,4994,10000,0                        
TEL,9332,S5,3280,1065,2942,4994,10000,0                        
TEL,9333,S5,3404,1069,2942,4994,10000,0                        
TEL,9334,S5,3373,1068,2942,4994,10000,0                        
TEL,9335,S5,3466,1072,2942,4994,10000,0                        
TEL,9336,S5,3404,1069,2942,4994,10000,0                        
TEL,9337,S5,3404,1069,2942,4994,10000,0                        
TEL,9338,S5,3404,1069,2942,4994,10000,0                        
TEL,9339,S5,3342,1067,2942,4994,10000,0                        
TEL,9340,S5,3342,1067,2942,4994,10000,0                        
TEL,9341,S5,3404,1069,2942,4994,10000,0                        
TEL,9342,S5,3342,1067,2942,4994,10000,0                        
TEL,9343,S5,3342,1067,2942,4994,10000,0                        
TEL,9344,S5,3342,1067,2942,4994,10000,0                        
TEL,9345,S5,3404,1069,2942,4994,10000,0                        
TEL,9346,S5,3404,1069,2942,4994,10000,0                        
TEL,9347,S5,3404,1069,2942,4994,10000,0                        
TEL,9348,S5,3404,1069,2942,4994,10000,0                        
TEL,9349,S5,3404,1069,2942,4994,10000,0                        
TEL,9350,S5,3404,1069,2942,4994,10000,0                        
TEL,9351,S5,3404,1069,2942,4994,10000,0                        
TEL,9352,S5,3404,1069,2942,4994,10000,0                        
TEL,9353,S5,3342,1067,2942,4994,10000,0                        
TEL,9354,S5,3404,1069,2942,4994,10000,0                        
TEL,9355,S5,3466,1072,2942,4994,10000,0                        
TEL,9356,S5,3404,1069,2942,4994,10000,0                        
TEL,9357,S5,3404,1069,2942,4994,10000,0                        
TEL,9358,S5,3373,1068,2942,4994,10000,0                        
TEL,9359,S5,3373,1068,2942,4994,10000,0                        
TEL,9360,S5,3404,1069,2942,4994,10000,0                        
TEL,9361,S5,3404,1069,2942,4994,10000,0                        
TEL,9362,S5,3342,1067,2942,4994,10000,0                        
TEL,9363,S5,3373,1068,2942,4994,10000,0                        
TEL,9364,S5,3373,1068,2942,4994,10000,0                        
TEL,9365,S5,3404,1069,2942,4994,10000,0                        
TEL,9366,S5,3404,1069,2942,4994,10000,0                        
TEL,9367,S5,3373,1068,2942,4994,10000,0                        
TEL,9368,S5,3404,1069,2942,4994,10000,0                        
TEL,9369,S5,3404,1069,2942,4994,10000,0                        
TEL,9370,S5,3404,1069,2942,4994,10000,0                        
TEL,9371,S5,3404,1069,2942,4994,10000,0                        
TEL,9372,S5,3404,1069,2942,4994,10000,0                        
TEL,9373,S5,3404,1069,2942,4994,10000,0                        
TEL,9374,S5,3435,1071,2942,4994,10000,0                        
TEL,9375,S5,3404,1069,2942,4994,10000,0                        
TEL,9376,S5,3342,1067,2942,4994,10000,0                        
TEL,9377,S5,3404,1069,2942,4994,10000,0                        
TEL,9378,S5,3373,1068,2942,4994,10000,0                        
TEL,9379,S5,3404,1069,2942,4994,10000,0                        
TEL,9380,S5,3404,1069,2942,4994,10000,0                        
TEL,9381,S5,3342,1067,2942,4994,10000,0                        
TEL,9382,S5,3404,1069,2942,4994,10000,0                        
TEL,9383,S5,3342,1067,2942,4994,10000,0                        
TEL,9384,S5,3342,1067,2942,4994,10000,0                        
TEL,9385,S5,3373,1068,2942,4994,10000,0                        
TEL,9386,S5,3373,1068,2942,4994,10000,0                        
TEL,9387,S5,3435,1070,2942,4994,10000,0                        
TEL,9388,S5,3373,1068,2942,4994,10000,0                        
TEL,9389,S5,3280,1065,2942,4994,10000,0                        
TEL,9390,S5,3404,1069,2942,4994,10000,0                        
TEL,9391,S5,3373,1068,2942,4994,10000,0                        
TEL,9392,S5,3342,1067,2942,4994,10000,0                        
TEL,9393,S5,3404,1069,2942,4994,10000,0                        
TEL,9394,S5,3373,1068,2942,4994,10000,0                        
TEL,9395,S5,3404,1069,2942,4994,10000,0                        
TEL,9396,S5,3404,1069,2942,4994,10000,0                        
TEL,9397,S5,3342,1067,2942,4994,10000,0                        
TEL,9398,S5,3404,1069,2942,4994,10000,0                        
TEL,9399,S5,3342,1067,2942,4994,10000,0                        
TEL,9400,S5,3404,1069,2942,4994,10000,0                        
TEL,9401,S5,3373,1068,2942,4994,10000,0                        
TEL,9402,S5,3404,1069,2942,4994,10000,0                        
TEL,9403,S5,3404,1069,2942,4994,10000,0                        
TEL,9404,S5,3404,1069,2942,4994,10000,0                        
TEL,9405,S5,3466,1072,2942,4994,10000,0                        
TEL,9406,S5,3404,1069,2942,4994,10000,0                        
TEL,9407,S5,3404,1069,2942,4994,10000,0                        
TEL,9408,S5,3342,1067,2942,4994,10000,0                        
TEL,9409,S5,3404,1069,2942,4994,10000,0                        
TEL,9410,S5,3373,1068,2942,4994,10000,0                        
TEL,9411,S5,3373,1068,2942,4994,10000,0                        
TEL,9412,S5,3373,1068,2942,4994,10000,0                        
TEL,9413,S5,3404,1069,2942,4994,10000,0                        
TEL,9414,S5,3373,1068,2942,4994,10000,0                        
TEL,9415,S5,3404,1069,2942,4994,10000,0                        
TEL,9416,S5,3373,1068,2942,4994,10000,0                        
TEL,9417,S5,3466,1072,2942,4994,10000,0                        
TEL,9418,S5,3466,1072,2942,4994,10000,0                        
TEL,9419,S5,3342,1067,2942,4994,10000,0                        
TEL,9420,S5,3404,1069,2942,4994,10000,0                        
TEL,9421,S5,3373,1068,2942,4994,10000,0                        
TEL,9422,S5,3404,1069,2942,4994,10000,0                        
TEL,9423,S5,3342,1067,2942,4994,10000,0                        
TEL,9424,S5,3342,1067,2942,4994,10000,0                        
TEL,9425,S5,3404,1069,2942,4994,10000,0                        
TEL,9426,S5,3404,1069,2942,4994,10000,0                        
TEL,9427,S5,3404,1069,2942,4994,10000,0                        
TEL,9428,S5,3404,1069,2942,4994,10000,0                        
TEL,9429,S5,3404,1069,2942,4994,10000,0                        
TEL,9430,S5,3435,1071,2942,4994,10000,0                        
TEL,9431,S5,3404,1069,2942,4994,10000,0                        
TEL,9432,S5,3404,1069,2942,4994,10000,0                        
TEL,9433,S5,3404,1069,2942,4994,10000,0                        
TEL,9434,S5,3404,1069,2942,4994,10000,0                        
TEL,9435,S5,3404,1069,2942,4994,10000,0                        
TEL,9436,S5,3217,1063,2942,4994,10000,0                        
TEL,9437,S5,3404,1069,2942,4994,10000,0                        
TEL,9438,S5,3404,1069,2942,4994,10000,0                        
TEL,9439,S5,3342,1067,2942,4994,10000,0                        
TEL,9440,S5,3311,1066,2942,4994,10000,0                        
TEL,9441,S5,3404,1069,2942,4994,10000,0                        
TEL,9442,S5,3373,1068,2942,4994,10000,0                        
TEL,9443,S5,3404,1069,2942,4994,10000,0                        
TEL,9444,S5,3342,1067,2942,4994,10000,0                        
TEL,9445,S5,3342,1067,2942,4994,10000,0                        
TEL,9446,S5,3373,1068,2942,4994,10000,0                        
TEL,9447,S5,3466,1072,2942,4994,10000,0                        
TEL,9448,S5,3404,1069,2942,4994,10000,0                        
TEL,9449,S5,3404,1069,2942,4994,10000,0                        
TEL,9450,S5,3373,1068,2942,4994,10000,0                        
TEL,9451,S5,3404,1069,2942,4994,10000,0                        
TEL,9452,S5,3404,1069,2942,4994,10000,0                        
TEL,9453,S5,3404,1069,2942,4994,10000,0                        
TEL,9454,S5,3404,1069,2942,4994,10000,0                        
TEL,9455,S5,3373,1068,2942,4994,10000,0                        
TEL,9456,S5,3342,1067,2942,4994,10000,0                        
TEL,9457,S5,3404,1069,2942,4994,10000,0                        
TEL,9458,S5,3373,1068,2942,4994,10000,0                        
TEL,9459,S5,3404,1069,2942,4994,10000,0                        
TEL,9460,S5,3404,1069,2942,4994,10000,0                        
TEL,9461,S5,3342,1067,2942,4994,10000,0                        
TEL,9462,S5,3404,1069,2942,4994,10000,0                        
TEL,9463,S5,3404,1069,2942,4994,10000,0                        
TEL,9464,S5,3404,1069,2942,4994,10000,0                        
TEL,9465,S5,3498,1073,2942,4994,10000,0                        
TEL,9466,S5,3280,1065,2942,4994,10000,0                        
TEL,9467,S5,3404,1069,2942,4994,10000,0                        
TEL,9468,S5,3404,1069,2942,4994,10000,0                        
TEL,9469,S5,3404,1069,2942,4994,10000,0                        
TEL,9470,S5,3404,1069,2942,4994,10000,0                        
TEL,9471,S5,3404,1069,2942,4994,10000,0                        
TEL,9472,S5,3311,1066,2942,4994,10000,0                        
TEL,9473,S5,3404,1069,2942,4994,10000,0                        
TEL,9474,S5,3404,1069,2942,4994,10000,0                        
TEL,9475,S5,3404,1069,2942,4994,10000,0                        
TEL,9476,S5,3404,1069,2942,4994,10000,0                        
TEL,9477,S5,3404,1069,2942,4994,10000,0                        
TEL,9478,S5,3373,1068,2942,4994,10000,0                        
TEL,9479,S5,3404,1069,2942,4994,10000,0                        
TEL,9480,S5,3373,1068,2942,4994,10000,0                        
TEL,9481,S5,3280,1065,2942,4994,10000,0                        
TEL,9482,S5,3373,1068,2942,4994,10000,0                        
TEL,9483,S5,3404,1069,2942,4994,10000,0                        
TEL,9484,S5,3435,1071,2942,4994,10000,0                        
TEL,9485,S5,3373,1068,2942,4994,10000,0                        
TEL,9486,S5,3373,1068,2942,4994,10000,0                        
TEL,9487,S5,3404,1069,2942,4994,10000,0                        
TEL,9488,S5,3342,1067,2942,4994,10000,0                        
TEL,9489,S5,3404,1069,2942,4994,10000,0                        
TEL,9490,S5,3373,1068,2942,4994,10000,0                        
TEL,9491,S5,3404,1069,2942,4994,10000,0                        
TEL,9492,S5,3373,1068,2942,4994,10000,0                        
TEL,9493,S5,3404,1069,2942,4994,10000,0                        
TEL,9494,S5,3404,1069,2942,4994,10000,0                        
TEL,9495,S5,3404,1069,2942,4994,10000,0                        
TEL,9496,S5,3404,1069,2942,4994,10000,0                        
TEL,9497,S5,3404,1069,2942,4994,10000,0                        
TEL,9498,S5,3373,1068,2942,4994,10000,0                        
TEL,9499,S5,3373,1068,2942,4994,10000,0                        
TEL,9500,S5,3280,1065,2942,4994,10000,0                        
TEL,9501,S5,3404,1069,2942,4994,10000,0                        
TEL,9502,S5,3280,1065,2942,4994,10000,0                        
TEL,9503,S5,3466,1072,2942,4994,10000,0                        
TEL,9504,S5,3342,1067,2942,4994,10000,0                        
TEL,9505,S5,3373,1068,2942,4994,10000,0                        
TEL,9506,S5,3404,1069,2942,4994,10000,0                        
TEL,9507,S5,3404,1069,2942,4994,10000,0                        
TEL,9508,S5,3404,1069,2942,4994,10000,0                        
TEL,9509,S5,3373,1068,2942,4994,10000,0                        
TEL,9510,S5,3280,1065,2942,4994,10000,0                        
TEL,9511,S5,3404,1069,2942,4994,10000,0                        
TEL,9512,S5,3373,1068,2942,4994,10000,0                        
TEL,9513,S5,3280,1065,2942,4994,10000,0                        
TEL,9514,S5,3373,1068,2942,4994,10000,0                        
TEL,9515,S5,3404,1069,2942,4994,10000,0                        
TEL,9516,S5,3404,1069,2942,4994,10000,0                        
TEL,9517,S5,3404,1069,2942,4994,10000,0                        
TEL,9518,S5,3404,1069,2942,4994,10000,0                        
TEL,9519,S5,3404,1069,2942,4994,10000,0                        
TEL,9520,S5,3249,1064,2942,4994,10000,0                        
TEL,9521,S5,3404,1069,2942,4994,10000,0                        
TEL,9522,S5,3435,1070,2942,4994,10000,0                        
TEL,9523,S5,3435,1071,2942,4994,10000,0                        
TEL,9524,S5,3373,1068,2942,4994,10000,0                        
TEL,9525,S5,3404,1069,2942,4994,10000,0                        
TEL,9526,S5,3404,1069,2942,4994,10000,0                        
TEL,9527,S5,3404,1069,2942,4994,10000,0                        
TEL,9528,S5,3373,1068,2942,4994,10000,0                        
TEL,9529,S5,3404,1069,2942,4994,10000,0                        
TEL,9530,S5,3342,1067,2942,4994,10000,0                        
TEL,9531,S5,3373,1068,2942,4994,10000,0                        
TEL,9532,S5,3280,1065,2942,4994,10000,0                        
TEL,9533,S5,3373,1068,2942,4994,10000,0                        
TEL,9534,S5,3404,1069,2942,4994,10000,0                        
TEL,9535,S5,3404,1069,2942,4994,10000,0                        
TEL,9536,S5,3280,1065,2942,4994,10000,0                        
TEL,9537,S5,3404,1069,2942,4994,10000,0                        
TEL,9538,S5,3373,1068,2942,4994,10000,0                        
TEL,9539,S5,3373,1068,2942,4994,10000,0                        
TEL,9540,S5,3404,1069,2942,4994,10000,0                        
TEL,9541,S5,3404,1069,2942,4994,10000,0                        
TEL,9542,S5,3404,1069,2942,4994,10000,0                        
TEL,9543,S5,3404,1069,2942,4994,10000,0                        
TEL,9544,S5,3404,1069,2942,4994,10000,0                        
TEL,9545,S5,3342,1067,2942,4994,10000,0                        
TEL,9546,S5,3404,1069,2942,4994,10000,0                        
TEL,9547,S5,3404,1069,2942,4994,10000,0                        
TEL,9548,S5,3373,1068,2942,4994,10000,0                        
TEL,9549,S5,3404,1069,2942,4994,10000,0                        
TEL,9550,S5,3373,1068,2942,4994,10000,0                        
TEL,9551,S5,3373,1068,2942,4994,10000,0                        
TEL,9552,S5,3342,1067,2942,4994,10000,0                        
TEL,9553,S5,3280,1065,2942,4994,10000,0                        
TEL,9554,S5,3373,1068,2942,4994,10000,0                        
TEL,9555,S5,3404,1069,2942,4994,10000,0                        
TEL,9556,S5,3373,1068,2942,4994,10000,0                        
TEL,9557,S5,3404,1069,2942,4994,10000,0                        
TEL,9558,S5,3404,1069,2942,4994,10000,0                        
TEL,9559,S5,3404,1069,2942,4994,10000,0                        
TEL,9560,S5,3217,1063,2942,4994,10000,0                        
TEL,9561,S5,3404,1069,2942,4994,10000,0                        
TEL,9562,S5,3373,1068,2942,4994,10000,0                        
TEL,9563,S5,3280,1065,2942,4994,10000,0                        
TEL,9564,S5,3217,1063,2942,4994,10000,0                        
TEL,9565,S5,3404,1069,2942,4994,10000,0                        
TEL,9566,S5,3466,1072,2942,4994,10000,0                        
TEL,9567,S5,3404,1069,2942,4994,10000,0                        
TEL,9568,S5,3342,1067,2942,4994,10000,0                        
TEL,9569,S5,3404,1069,2942,4994,10000,0                        
TEL,9570,S5,3404,1069,2942,4994,10000,0                        
TEL,9571,S5,3404,1069,2942,4994,10000,0                        
TEL,9572,S5,3373,1068,2942,4994,10000,0                        
TEL,9573,S5,3404,1069,2942,4994,10000,0                        
TEL,9574,S5,3404,1069,2942,4994,10000,0                        
TEL,9575,S5,3280,1065,2942,4994,10000,0                        
TEL,9576,S5,3373,1068,2942,4994,10000,0                        
TEL,9577,S5,3404,1069,2942,4994,10000,0                        
TEL,9578,S5,3404,1069,2942,4994,10000,0                        
TEL,9579,S5,3404,1069,2942,4994,10000,0                        
TEL,9580,S5,3342,1067,2942,4994,10000,0                        
TEL,9581,S5,3404,1069,2942,4994,10000,0                        
TEL,9582,S5,3342,1067,2942,4994,10000,0                        
TEL,9583,S5,3404,1069,2942,4994,10000,0                        
TEL,9584,S5,3311,1066,2942,4994,10000,0                        
TEL,9585,S5,3404,1069,2942,4994,10000,0                        
TEL,9586,S5,3404,1069,2942,4994,10000,0                        
TEL,9587,S5,3342,1067,2942,4994,10000,0                        
TEL,9588,S5,3404,1069,2942,4994,10000,0                        
TEL,9589,S5,3373,1068,2942,4994,10000,0                        
TEL,9590,S5,3404,1069,2942,4994,10000,0                        
TEL,9591,S5,3373,1068,2942,4994,10000,0                        
TEL,9592,S5,3404,1069,2942,4994,10000,0                        
TEL,9593,S5,3404,1069,2942,4994,10000,0                        
TEL,9594,S5,3373,1068,2942,4994,10000,0                        
TEL,9595,S5,3342,1067,2942,4994,10000,0                        
TEL,9596,S5,3404,1069,2942,4994,10000,0                        
TEL,9597,S5,3435,1071,2942,4994,10000,0                        
TEL,9598,S5,3373,1068,2942,4994,10000,0                        
TEL,9599,S5,3404,1069,2942,4994,10000,0                        
TEL,9600,S5,3373,1068,2942,4994,10000,0                        
TEL,9601,S5,3404,1069,2942,4994,10000,0                        
TEL,9602,S5,3373,1068,2942,4994,10000,0                        
TEL,9603,S5,3373,1068,2942,4994,10000,0                        
TEL,9604,S5,3404,1069,2942,4994,10000,0                        
TEL,9605,S5,3373,1068,2942,4994,10000,0                        
TEL,9606,S5,3404,1069,2942,4994,10000,0                        
TEL,9607,S5,3373,1068,2942,4994,10000,0                        
TEL,9608,S5,3342,1067,2942,4994,10000,0                        
TEL,9609,S5,3280,1065,2942,4994,10000,0                        
TEL,9610,S5,3373,1068,2942,4994,10000,0                        
TEL,9611,S5,3404,1069,2942,4994,10000,0                        
TEL,9612,S5,3404,1069,2942,4994,10000,0                        
TEL,9613,S5,3404,1069,2942,4994,10000,0                        
TEL,9614,S5,3404,1069,2942,4994,10000,0                        
TEL,9615,S5,3404,1069,2942,4994,10000,0                        
TEL,9616,S5,3342,1067,2942,4994,10000,0                        
TEL,9617,S5,3373,1068,2942,4994,10000,0                        
TEL,9618,S5,3217,1063,2942,4994,10000,0                        
TEL,9619,S5,3404,1069,2942,4994,10000,0                        
TEL,9620,S5,3404,1069,2942,4994,10000,0                        
TEL,9621,S5,3466,1072,2942,4994,10000,0                        
TEL,9622,S5,3404,1069,2942,4994,10000,0                        
TEL,9623,S5,3498,1073,2942,4994,10000,0                        
TEL,9624,S5,3404,1069,2942,4994,10000,0                        
TEL,9625,S5,3373,1068,2942,4994,10000,0                        
TEL,9626,S5,3373,1068,2942,4994,10000,0                        
TEL,9627,S5,3404,1069,2942,4994,10000,0                        
TEL,9628,S5,3404,1069,2942,4994,10000,0                        
TEL,9629,S5,3404,1069,2942,4994,10000,0                        
TEL,9630,S5,3342,1067,2942,4994,10000,0                        
TEL,9631,S5,3342,1067,2942,4994,10000,0                        
TEL,9632,S5,3342,1067,2942,4994,10000,0                        
TEL,9633,S5,3404,1069,2942,4994,10000,0                        
TEL,9634,S5,3498,1073,2942,4994,10000,0                        
TEL,9635,S5,3435,1071,2942,4994,10000,0                        
TEL,9636,S5,3404,1069,2942,4994,10000,0                        
TEL,9637,S5,3404,1069,2942,4994,10000,0                        
TEL,9638,S5,3404,1069,2942,4994,10000,0                        
TEL,9639,S5,3435,1071,2942,4994,10000,0                        
TEL,9640,S5,3342,1067,2942,4994,10000,0                        
TEL,9641,S5,3404,1069,2942,4994,10000,0                        
TEL,9642,S5,3311,1066,2942,4994,10000,0                        
TEL,9643,S5,3435,1070,2942,4994,10000,0                        
TEL,9644,S5,3466,1072,2942,4994,10000,0                        
TEL,9645,S5,3404,1069,2942,4994,10000,0                        
TEL,9646,S5,3404,1069,2942,4994,10000,0                        
TEL,9647,S5,3404,1069,2942,4994,10000,0                        
TEL,9648,S5,3342,1067,2942,4994,10000,0                        
TEL,9649,S5,3404,1069,2942,4994,10000,0                        
TEL,9650,S5,3342,1067,2942,4994,10000,0                        
TEL,9651,S5,3404,1069,2942,4994,10000,0                        
TEL,9652,S5,3373,1068,2942,4994,10000,0                        
TEL,9653,S5,3404,1069,2942,4994,10000,0                        
TEL,9654,S5,3373,1068,2942,4994,10000,0                        
TEL,9655,S5,3342,1067,2942,4994,10000,0                        
TEL,9656,S5,3404,1069,2942,4994,10000,0                        
TEL,9657,S5,3404,1069,2942,4994,10000,0                        
TEL,9658,S5,3404,1069,2942,4994,10000,0                        
TEL,9659,S5,3404,1069,2942,4994,10000,0                        
TEL,9660,S5,3342,1067,2942,4994,10000,0                        
TEL,9661,S5,3404,1069,2942,4994,10000,0                        
TEL,9662,S5,3342,1067,2942,4994,10000,0                        
TEL,9663,S5,3404,1069,2942,4994,10000,0                        
TEL,9664,S5,3435,1070,2942,4994,10000,0                        
TEL,9665,S5,3373,1068,2942,4994,10000,0                        
TEL,9666,S5,3280,1065,2942,4994,10000,0                        
TEL,9667,S5,3466,1072,2942,4994,10000,0                        
TEL,9668,S5,3404,1069,2942,4994,10000,0                        
TEL,9669,S5,3404,1069,2942,4994,10000,0                        
TEL,9670,S5,3373,1068,2942,4994,10000,0                        
TEL,9671,S5,3404,1069,2942,4994,10000,0                        
TEL,9672,S5,3373,1068,2942,4994,10000,0                        
TEL,9673,S5,3404,1069,2942,4994,10000,0                        
TEL,9674,S5,3435,1071,2942,4994,10000,0                        
TEL,9675,S5,3404,1069,2942,4994,10000,0                        
TEL,9676,S5,3404,1069,2942,4994,10000,0                        
TEL,9677,S5,3373,1068,2942,4994,10000,0                        
TEL,9678,S5,3373,1068,2942,4994,10000,0                        
TEL,9679,S5,3404,1069,2942,4994,10000,0                        
TEL,9680,S5,3435,1070,2942,4994,10000,0                        
TEL,9681,S5,3404,1069,2942,4994,10000,0                        
TEL,9682,S5,3435,1071,2942,4994,10000,0                        
TEL,9683,S5,3404,1069,2942,4994,10000,0                        
TEL,9684,S5,3404,1069,2942,4994,10000,0                        
TEL,9685,S5,3280,1065,2942,4994,10000,0                        
TEL,9686,S5,3342,1067,2942,4994,10000,0                        
TEL,9687,S5,3373,1068,2942,4994,10000,0                        
TEL,9688,S5,3373,1068,2942,4994,10000,0                        
TEL,9689,S5,3404,1069,2942,4994,10000,0                        
TEL,9690,S5,3404,1069,2942,4994,10000,0                        
TEL,9691,S5,3373,1068,2942,4994,10000,0                        
TEL,9692,S5,3466,1072,2942,4994,10000,0                        
TEL,9693,S5,3404,1069,2942,4994,10000,0                        
TEL,9694,S5,3404,1069,2942,4994,10000,0                        
TEL,9695,S5,3404,1069,2942,4994,10000,0                        
TEL,9696,S5,3404,1069,2942,4994,10000,0                        
TEL,9697,S5,3404,1069,2942,4994,10000,0                        
TEL,9698,S5,3404,1069,2942,4994,10000,0                        
TEL,9699,S5,3435,1071,2942,4994,10000,0                        
TEL,9700,S5,3404,1069,2942,4994,10000,0                        
TEL,9701,S5,3404,1069,2942,4994,10000,0                        
TEL,9702,S5,3404,1069,2942,4994,10000,0                        
TEL,9703,S5,3404,1069,2942,4994,10000,0                        
TEL,9704,S5,3404,1069,2942,4994,10000,0                        
TEL,9705,S5,3373,1068,2942,4994,10000,0                        
TEL,9706,S5,3404,1069,2942,4994,10000,0                        
TEL,9707,S5,3404,1069,2942,4994,10000,0                        
TEL,9708,S5,3404,1069,2942,4994,10000,0                        
TEL,9709,S5,3404,1069,2942,4994,10000,0                        
TEL,9710,S5,3342,1067,2942,4994,10000,0                        
TEL,9711,S5,3404,1069,2942,4994,10000,0                        
TEL,9712,S5,3342,1067,2942,4994,10000,0                        
TEL,9713,S5,3404,1069,2942,4994,10000,0                        
TEL,9714,S5,3373,1068,2942,4994,10000,0                        
TEL,9715,S5,3404,1069,2942,4994,10000,0                        
TEL,9716,S5,3217,1063,2942,4994,10000,0                        
TEL,9717,S5,3373,1068,2942,4994,10000,0                        
TEL,9718,S5,3404,1069,2942,4994,10000,0                        
TEL,9719,S5,3373,1068,2942,4994,10000,0                        
TEL,9720,S5,3404,1069,2942,4994,10000,0                        
TEL,9721,S5,3280,1065,2942,4994,10000,0                        
TEL,9722,S5,3373,1068,2942,4994,10000,0                        
TEL,9723,S5,3404,1069,2942,4994,10000,0                        
TEL,9724,S5,3373,1068,2942,4994,10000,0                        
TEL,9725,S5,3404,1069,2942,4994,10000,0                        
TEL,9726,S5,3373,1068,2942,4994,10000,0                        
TEL,9727,S5,3404,1069,2942,4994,10000,0                        
TEL,9728,S5,3342,1067,2942,4994,10000,0                        
TEL,9729,S5,3404,1069,2942,4994,10000,0                        
TEL,9730,S5,3404,1069,2942,4994,10000,0                        
TEL,9731,S5,3373,1068,2942,4994,10000,0                        
TEL,9732,S5,3404,1069,2942,4994,10000,0                        
TEL,9733,S5,3342,1067,2942,4994,10000,0                        
TEL,9734,S5,3373,1068,2942,4994,10000,0                        
TEL,9735,S5,3404,1069,2942,4994,10000,0                        
TEL,9736,S5,3404,1069,2942,4994,10000,0                        
TEL,9737,S5,3404,1069,2942,4994,10000,0                        
TEL,9738,S5,3342,1067,2942,4994,10000,0                        
TEL,9739,S5,3373,1068,2942,4994,10000,0                        
TEL,9740,S5,3342,1067,2942,4994,10000,0                        
TEL,9741,S5,3404,1069,2942,4994,10000,0                        
TEL,9742,S5,3404,1069,2942,4994,10000,0                        
TEL,9743,S5,3404,1069,2942,4994,10000,0                        
TEL,9744,S5,3435,1071,2942,4994,10000,0                        
TEL,9745,S5,3404,1069,2942,4994,10000,0                        
TEL,9746,S5,3404,1069,2942,4994,10000,0                        
TEL,9747,S5,3404,1069,2942,4994,10000,0                        
TEL,9748,S5,3373,1068,2942,4994,10000,0                        
TEL,9749,S5,3404,1069,2942,4994,10000,0                        
TEL,9750,S5,3404,1069,2942,4994,10000,0                        
TEL,9751,S5,3404,1069,2942,4994,10000,0                        
TEL,9752,S5,3404,1069,2942,4994,10000,0                        
TEL,9753,S5,3404,1069,2942,4994,10000,0                        
TEL,9754,S5,3373,1068,2942,4994,10000,0                        
TEL,9755,S5,3404,1069,2942,4994,10000,0                        
TEL,9756,S5,3404,1069,2942,4994,10000,0                        
TEL,9757,S5,3404,1069,2942,4994,10000,0                        
TEL,9758,S5,3404,1069,2942,4994,10000,0                        
TEL,9759,S5,3435,1070,2942,4994,10000,0                        
TEL,9760,S5,3404,1069,2942,4994,10000,0                        
TEL,9761,S5,3404,1069,2942,4994,10000,0                        
TEL,9762,S5,3217,1063,2942,4994,10000,0                        
TEL,9763,S5,3249,1064,2942,4994,10000,0                        
TEL,9764,S5,3404,1069,2942,4994,10000,0                        
TEL,9765,S5,3342,1067,2942,4994,10000,0                        
TEL,9766,S5,3342,1067,2942,4994,10000,0                        
TEL,9767,S5,3373,1068,2942,4994,10000,0                        
TEL,9768,S5,3404,1069,2942,4994,10000,0                        
TEL,9769,S5,3404,1069,2942,4994,10000,0                        
TEL,9770,S5,3404,1069,2942,4994,10000,0                        
TEL,9771,S5,3404,1069,2942,4994,10000,0                        
TEL,9772,S5,3373,1068,2942,4994,10000,0                        
TEL,9773,S5,3404,1069,2942,4994,10000,0                        
TEL,9774,S5,3404,1069,2942,4994,10000,0                        
TEL,9775,S5,3404,1069,2942,4994,10000,0                        
TEL,9776,S5,3342,1067,2942,4994,10000,0                        
TEL,9777,S5,3404,1069,2942,4994,10000,0                        
TEL,9778,S5,3466,1072,2942,4994,10000,0                        
TEL,9779,S5,3498,1073,2942,4994,10000,0                        
TEL,9780,S5,3404,1069,2942,4994,10000,0                        
TEL,9781,S5,3404,1069,2942,4994,10000,0                        
TEL,9782,S5,3373,1068,2942,4994,10000,0                        
TEL,9783,S5,3373,1068,2942,4994,10000,0                        
TEL,9784,S5,3404,1069,2942,4994,10000,0                        
TEL,9785,S5,3404,1069,2942,4994,10000,0                        
TEL,9786,S5,3373,1068,2942,4994,10000,0                        
TEL,9787,S5,3217,1063,2942,4994,10000,0                        
TEL,9788,S5,3404,1069,2942,4994,10000,0                        
TEL,9789,S5,3404,1069,2942,4994,10000,0                        
TEL,9790,S5,3404,1069,2942,4994,10000,0                        
TEL,9791,S5,3404,1069,2942,4994,10000,0                        
TEL,9792,S5,3342,1067,2942,4994,10000,0                        
TEL,9793,S5,3404,1069,2942,4994,10000,0                        
TEL,9794,S5,3373,1068,2942,4994,10000,0                        
TEL,9795,S5,3404,1069,2942,4994,10000,0                        
TEL,9796,S5,3404,1069,2942,4994,10000,0                        
TEL,9797,S5,3404,1069,2942,4994,10000,0                        
TEL,9798,S5,3373,1068,2942,4994,10000,0                        
TEL,9799,S5,3404,1069,2942,4994,10000,0                        
TEL,9800,S5,3373,1068,2942,4994,10000,0                        
TEL,9801,S5,3404,1069,2942,4994,10000,0                        
TEL,9802,S5,3373,1068,2942,4994,10000,0                        
TEL,9803,S5,3373,1068,2942,4994,10000,0                        
TEL,9804,S5,3404,1069,2942,4994,10000,0                        
TEL,9805,S5,3342,1067,2942,4994,10000,0                        
TEL,9806,S5,3373,1068,2942,4994,10000,0                        
TEL,9807,S5,3373,1068,2942,4994,10000,0                        
TEL,9808,S5,3435,1070,2942,4994,10000,0                        
TEL,9809,S5,3404,1069,2942,4994,10000,0                        
TEL,9810,S5,3373,1068,2942,4994,10000,0                        
TEL,9811,S5,3373,1068,2942,4994,10000,0                        
TEL,9812,S5,3404,1069,2942,4994,10000,0                        
TEL,9813,S5,3404,1069,2942,4994,10000,0                        
TEL,9814,S5,3373,1068,2942,4994,10000,0                        
TEL,9815,S5,3373,1068,2942,4994,10000,0                        
TEL,9816,S5,3404,1069,2942,4994,10000,0                        
TEL,9817,S5,3404,1069,2942,4994,10000,0                        
TEL,9818,S5,3404,1069,2942,4994,10000,0                        
TEL,9819,S5,3404,1069,2942,4994,10000,0                        
TEL,9820,S5,3466,1072,2942,4994,10000,0                        
TEL,9821,S5,3404,1069,2942,4994,10000,0                        
TEL,9822,S5,3404,1069,2942,4994,10000,0                        
TEL,9823,S5,3373,1068,2942,4994,10000,0                        
TEL,9824,S5,3311,1066,2942,4994,10000,0                        
TEL,9825,S5,3404,1069,2942,4994,10000,0                        
TEL,9826,S5,3404,1069,2942,4994,10000,0                        
TEL,9827,S5,3342,1067,2942,4994,10000,0                        
TEL,9828,S5,3404,1069,2942,4994,10000,0                        
TEL,9829,S5,3404,1069,2942,4994,10000,0                        
TEL,9830,S5,3498,1073,2942,4994,10000,0                        
TEL,9831,S5,3435,1071,2942,4994,10000,0                        
TEL,9832,S5,3342,1067,2942,4994,10000,0                        
TEL,9833,S5,3373,1068,2942,4994,10000,0                        
TEL,9834,S5,3404,1069,2942,4994,10000,0                        
TEL,9835,S5,3404,1069,2942,4994,10000,0                        
TEL,9836,S5,3373,1068,2942,4994,10000,0                        
TEL,9837,S5,3373,1068,2942,4994,10000,0                        
TEL,9838,S5,3466,1072,2942,4994,10000,0                        
TEL,9839,S5,3404,1069,2942,4994,10000,0                        
TEL,9840,S5,3342,1067,2942,4994,10000,0                        
TEL,9841,S5,3373,1068,2942,4994,10000,0                        
TEL,9842,S5,3404,1069,2942,4994,10000,0                        
TEL,9843,S5,3404,1069,2942,4994,10000,0                        
TEL,9844,S5,3373,1068,2942,4994,10000,0                        
TEL,9845,S5,3404,1069,2942,4994,10000,0                        
TEL,9846,S5,3404,1069,2942,4994,10000,0                        
TEL,9847,S5,3373,1068,2942,4994,10000,0                        
TEL,9848,S5,3404,1069,2942,4994,10000,0                        
TEL,9849,S5,3404,1069,2942,4994,10000,0                        
TEL,9850,S5,3373,1068,2942,4994,10000,0                        
TEL,9851,S5,3404,1069,2942,4994,10000,0                        
TEL,9852,S5,3373,1068,2942,4994,10000,0                        
TEL,9853,S5,3404,1069,2942,4994,10000,0                        
TEL,9854,S5,3404,1069,2942,4994,10000,0                        
TEL,9855,S5,3373,1068,2942,4994,10000,0                        
TEL,9856,S5,3435,1071,2942,4994,10000,0                        
TEL,9857,S5,3404,1069,2942,4994,10000,0                        
TEL,9858,S5,3373,1068,2942,4994,10000,0                        
TEL,9859,S5,3435,1071,2942,4994,10000,0                        
TEL,9860,S5,3342,1067,2942,4994,10000,0                        
TEL,9861,S5,3342,1067,2942,4994,10000,0                        
TEL,9862,S5,3404,1069,2942,4994,10000,0                        
TEL,9863,S5,3342,1067,2942,4994,10000,0                        
TEL,9864,S5,3404,1069,2942,4994,10000,0                        
TEL,9865,S5,3404,1069,2942,4994,10000,0                        
TEL,9866,S5,3404,1069,2942,4994,10000,0                        
TEL,9867,S5,3435,1071,2942,4994,10000,0                        
TEL,9868,S5,3404,1069,2942,4994,10000,0                        
TEL,9869,S5,3404,1069,2942,4994,10000,0                        
TEL,9870,S5,3342,1067,2942,4994,10000,0                        
TEL,9871,S5,3373,1068,2942,4994,10000,0                        
TEL,9872,S5,3342,1067,2942,4994,10000,0                        
TEL,9873,S5,3404,1069,2942,4994,10000,0                        
TEL,9874,S5,3373,1068,2942,4994,10000,0                        
TEL,9875,S5,3186,1061,2942,4994,10000,0                        
TEL,9876,S5,3404,1069,2942,4994,10000,0                        
TEL,9877,S5,3404,1069,2942,4994,10000,0                        
TEL,9878,S5,3373,1068,2942,4994,10000,0                        
TEL,9879,S5,3404,1069,2942,4994,10000,0                        
TEL,9880,S5,3373,1068,2942,4994,10000,0                        
TEL,9881,S5,3404,1069,2942,4994,10000,0                        
TEL,9882,S5,3404,1069,2942,4994,10000,0                        
TEL,9883,S5,3404,1069,2942,4994,10000,0                        
TEL,9884,S5,3404,1069,2942,4994,10000,0                        
TEL,9885,S5,3404,1069,2942,4994,10000,0                        
TEL,9886,S5,3404,1069,2942,4994,10000,0                        
TEL,9887,S5,3466,1072,2942,4994,10000,0                        
TEL,9888,S5,3342,1067,2942,4994,10000,0                        
TEL,9889,S5,3404,1069,2942,4994,10000,0                        
TEL,9890,S5,3435,1071,2942,4994,10000,0                        
TEL,9891,S5,3404,1069,2942,4994,10000,0                        
TEL,9892,S5,3373,1068,2942,4994,10000,0                        
TEL,9893,S5,3404,1069,2942,4994,10000,0                        
TEL,9894,S5,3404,1069,2942,4994,10000,0                        
TEL,9895,S5,3404,1069,2942,4994,10000,0                        
TEL,9896,S5,3404,1069,2942,4994,10000,0                        
TEL,9897,S5,3404,1069,2942,4994,10000,0                        
TEL,9898,S5,3466,1072,2942,4994,10000,0                        
TEL,9899,S5,3404,1069,2942,4994,10000,0                        
TEL,9900,S5,3373,1068,2942,4994,10000,0                        
TEL,9901,S5,3404,1069,2942,4994,10000,0                        
TEL,9902,S5,3435,1071,2942,4994,10000,0                        
TEL,9903,S5,3404,1069,2942,4994,10000,0                        
TEL,9904,S5,3342,1067,2942,4994,10000,0                        
TEL,9905,S5,3435,1071,2942,4994,10000,0                        
TEL,9906,S5,3435,1071,2942,4994,10000,0                        
TEL,9907,S5,3404,1069,2942,4994,10000,0                        
TEL,9908,S5,3404,1069,2942,4994,10000,0                        
TEL,9909,S5,3404,1069,2942,4994,10000,0                        
TEL,9910,S5,3404,1069,2942,4994,10000,0                        
TEL,9911,S5,3404,1069,2942,4994,10000,0                        
TEL,9912,S5,3373,1068,2942,4994,10000,0                        
TEL,9913,S5,3404,1069,2942,4994,10000,0                        
TEL,9914,S5,3404,1069,2942,4994,10000,0                        
TEL,9915,S5,3404,1069,2942,4994,10000,0                        
TEL,9916,S5,3404,1069,2942,4994,10000,0                        
TEL,9917,S5,3404,1069,2942,4994,10000,0                        
TEL,9918,S5,3404,1069,2942,4994,10000,0                        
TEL,9919,S5,3342,1067,2942,4994,10000,0                        
TEL,9920,S5,3186,1062,2942,4994,10000,0                        
TEL,9921,S5,3466,1072,2942,4994,10000,0                        
TEL,9922,S5,3404,1069,2942,4994,10000,0                        
TEL,9923,S5,3404,1069,2942,4994,10000,0                        
TEL,9924,S5,3404,1069,2942,4994,10000,0                        
TEL,9925,S5,3404,1069,2942,4994,10000,0                        
TEL,9926,S5,3404,1069,2942,4994,10000,0                        
TEL,9927,S5,3404,1069,2942,4994,10000,0                        
TEL,9928,S5,3373,1068,2942,4994,10000,0                        
TEL,9929,S5,3404,1069,2942,4994,10000,0                        
TEL,9930,S5,3342,1067,2942,4994,10000,0                        
TEL,9931,S5,3404,1069,2942,4994,10000,0                        
TEL,9932,S5,3404,1069,2942,4994,10000,0                        
TEL,9933,S5,3404,1069,2942,4994,10000,0                        
TEL,9934,S5,3342,1067,2942,4994,10000,0                        
TEL,9935,S5,3404,1069,2942,4994,10000,0                        
TEL,9936,S5,3342,1067,2942,4994,10000,0                        
TEL,9937,S5,3404,1069,2942,4994,10000,0                        
TEL,9938,S5,3373,1068,2942,4994,10000,0                        
TEL,9939,S5,3466,1072,2942,4994,10000,0                        
TEL,9940,S5,3404,1069,2942,4994,10000,0                        
TEL,9941,S5,3373,1068,2942,4994,10000,0                        
TEL,9942,S5,3373,1068,2942,4994,10000,0                        
TEL,9943,S5,3373,1068,2942,4994,10000,0                        
TEL,9944,S5,3404,1069,2942,4994,10000,0                        
TEL,9945,S5,3404,1069,2942,4994,10000,0                        
TEL,9946,S5,3404,1069,2942,4994,10000,0                        
TEL,9947,S5,3404,1069,2942,4994,10000,0                        
TEL,9948,S5,3373,1068,2942,4994,10000,0                        
TEL,9949,S5,3404,1069,2942,4994,10000,0                        
TEL,9950,S5,3404,1069,2942,4994,10000,0                        
TEL,9951,S5,3404,1069,2942,4994,10000,0                        
TEL,9952,S5,3249,1064,2942,4994,10000,0                        
TEL,9953,S5,3404,1069,2942,4994,10000,0                        
TEL,9954,S5,3404,1069,2942,4994,10000,0                        
TEL,9955,S5,3373,1068,2942,4994,10000,0                        
TEL,9956,S5,3404,1069,2942,4994,10000,0                        
TEL,9957,S5,3280,1065,2942,4994,10000,0                        
TEL,9958,S5,3404,1069,2942,4994,10000,0                        
TEL,9959,S5,3404,1069,2942,4994,10000,0                        
TEL,9960,S5,3404,1069,2942,4994,10000,0                        
TEL,9961,S5,3373,1068,2942,4994,10000,0                        
TEL,9962,S5,3404,1069,2942,4994,10000,0                        
TEL,9963,S5,3404,1069,2942,4994,10000,0                        
TEL,9964,S5,3404,1069,2942,4994,10000,0                        
TEL,9965,S5,3373,1068,2942,4994,10000,0                        
TEL,9966,S5,3404,1069,2942,4994,10000,0                        
TEL,9967,S5,3404,1069,2942,4994,10000,0                        
TEL,9968,S5,3342,1067,2942,4994,10000,0                        
TEL,9969,S5,3435,1070,2942,4994,10000,0                        
TEL,9970,S5,3373,1068,2942,4994,10000,0                        
TEL,9971,S5,3466,1072,2942,4994,10000,0                        
TEL,9972,S5,3373,1068,2942,4994,10000,0                        
TEL,9973,S5,3373,1068,2942,4994,10000,0                        
TEL,9974,S5,3373,1068,2942,4994,10000,0                        
TEL,9975,S5,3404,1069,2942,4994,10000,0                        
TEL,9976,S5,3373,1068,2942,4994,10000,0                        
TEL,9977,S5,3404,1069,2942,4994,10000,0                        
TEL,9978,S5,3404,1069,2942,4994,10000,0                        
TEL,9979,S5,3280,1065,2942,4994,10000,0                        
TEL,9980,S5,3404,1069,2942,4994,10000,0                        
TEL,9981,S5,3591,1076,2942,4994,10000,0                        
TEL,9982,S5,3404,1069,2942,4994,10000,0                        
TEL,9983,S5,3404,1069,2942,4994,10000,0                        
TEL,9984,S5,3311,1066,2942,4994,10000,0                        
TEL,9985,S5,3373,1068,2942,4994,10000,0                        
TEL,9986,S5,3404,1069,2942,4994,10000,0                        
TEL,9987,S5,3373,1068,2942,4994,10000,0                        
TEL,9988,S5,3404,1069,2942,4994,10000,0                        
TEL,9989,S5,3404,1069,2942,4994,10000,0                        
TEL,9990,S5,3404,1069,2942,4994,10000,0                        
TEL,9991,S5,3404,1069,2942,4994,10000,0                        
TEL,9992,S5,3404,1069,2942,4994,10000,0                        
TEL,9993,S5,3404,1069,2942,4994,10000,0                        
TEL,9994,S5,3404,1069,2942,4994,10000,0                        
TEL,9995,S5,3373,1068,2942,4994,10000,0                        
TEL,9996,S5,3404,1069,2942,4994,10000,0                        
TEL,9997,S5,3435,1071,2942,4994,10000,0                        
TEL,9998,S5,3404,1069,2942,4994,10000,0                        
TEL,9999,S5,3404,1069,2942,4994,10000,0                        
TEL,10000,S5,3373,1068,2942,4994,10000,0                       
TEL,10001,S5,3404,1069,2942,4994,10000,0                       
TEL,10002,S5,3280,1065,2942,4994,10000,0                       
TEL,10003,S5,3404,1069,2942,4994,10000,0                       
TEL,10004,S5,3404,1069,2942,4994,10000,0                       
TEL,10005,S5,3404,1069,2942,4994,10000,0                       
TEL,10006,S5,3373,1068,2942,4994,10000,0                       
TEL,10007,S5,3342,1067,2942,4994,10000,0                       
TEL,10008,S5,3373,1068,2942,4994,10000,0                       
TEL,10009,S5,3404,1069,2942,4994,10000,0                       
TEL,10010,S5,3404,1069,2942,4994,10000,0                       
TEL,10011,S5,3373,1068,2942,4994,10000,0                       
TEL,10012,S5,3404,1069,2942,4994,10000,0                       
TEL,10013,S5,3404,1069,2942,4994,10000,0                       
TEL,10014,S5,3404,1069,2942,4994,10000,0                       
TEL,10015,S5,3404,1069,2942,4994,10000,0                       
TEL,10016,S5,3404,1069,2942,4994,10000,0                       
TEL,10017,S5,3404,1069,2942,4994,10000,0                       
TEL,10018,S5,3404,1069,2942,4994,10000,0                       
TEL,10019,S5,3404,1069,2942,4994,10000,0                       
TEL,10020,S5,3498,1073,2942,4994,10000,0                       
TEL,10021,S5,3404,1069,2942,4994,10000,0                       
TEL,10022,S5,3404,1069,2942,4994,10000,0                       
TEL,10023,S5,3466,1072,2942,4994,10000,0                       
TEL,10024,S5,3404,1069,2942,4994,10000,0                       
TEL,10025,S5,3373,1068,2942,4994,10000,0                       
TEL,10026,S5,3404,1069,2942,4994,10000,0                       
TEL,10027,S5,3373,1068,2942,4994,10000,0                       
TEL,10028,S5,3404,1069,2942,4994,10000,0                       
TEL,10029,S5,3404,1069,2942,4994,10000,0                       
TEL,10030,S5,3373,1068,2942,4994,10000,0                       
TEL,10031,S5,3404,1069,2942,4994,10000,0                       
TEL,10032,S5,3404,1069,2942,4994,10000,0                       
TEL,10033,S5,3342,1067,2942,4994,10000,0                       
TEL,10034,S5,3280,1065,2942,4994,10000,0                       
TEL,10035,S5,3404,1069,2942,4994,10000,0                       
TEL,10036,S5,3404,1069,2942,4994,10000,0                       
TEL,10037,S5,3217,1063,2942,4994,10000,0                       
TEL,10038,S5,3373,1068,2942,4994,10000,0                       
TEL,10039,S5,3404,1069,2942,4994,10000,0                       
TEL,10040,S5,3404,1069,2942,4994,10000,0                       
TEL,10041,S5,3342,1067,2942,4994,10000,0                       
TEL,10042,S5,3404,1069,2942,4994,10000,0                       
TEL,10043,S5,3404,1069,2942,4994,10000,0                       
TEL,10044,S5,3404,1069,2942,4994,10000,0                       
TEL,10045,S5,3404,1069,2942,4994,10000,0                       
TEL,10046,S5,3404,1069,2942,4994,10000,0                       
TEL,10047,S5,3404,1069,2942,4994,10000,0                       
TEL,10048,S5,3311,1066,2942,4994,10000,0                       
TEL,10049,S5,3373,1068,2942,4994,10000,0                       
TEL,10050,S5,3373,1068,2942,4994,10000,0                       
TEL,10051,S5,3404,1069,2942,4994,10000,0                       
TEL,10052,S5,3404,1069,2942,4994,10000,0                       
TEL,10053,S5,3498,1073,2942,4994,10000,0                       
TEL,10054,S5,3404,1069,2942,4994,10000,0                       
TEL,10055,S5,3373,1068,2942,4994,10000,0                       
TEL,10056,S5,3404,1069,2942,4994,10000,0                       
TEL,10057,S5,3404,1069,2942,4994,10000,0                       
TEL,10058,S5,3404,1069,2942,4994,10000,0                       
TEL,10059,S5,3404,1069,2942,4994,10000,0                       
TEL,10060,S5,3373,1068,2942,4994,10000,0                       
TEL,10061,S5,3404,1069,2942,4994,10000,0                       
TEL,10062,S5,3373,1068,2942,4994,10000,0                       
TEL,10063,S5,3373,1068,2942,4994,10000,0                       
TEL,10064,S5,3466,1072,2942,4994,10000,0                       
TEL,10065,S5,3466,1072,2942,4994,10000,0                       
TEL,10066,S5,3404,1069,2942,4994,10000,0                       
TEL,10067,S5,3404,1069,2942,4994,10000,0                       
TEL,10068,S5,3342,1067,2942,4994,10000,0                       
TEL,10069,S5,3404,1069,2942,4994,10000,0                       
TEL,10070,S5,3404,1069,2942,4994,10000,0                       
TEL,10071,S5,3373,1068,2942,4994,10000,0                       
TEL,10072,S5,3404,1069,2942,4994,10000,0                       
TEL,10073,S5,3373,1068,2942,4994,10000,0                       
TEL,10074,S5,3435,1071,2942,4994,10000,0                       
TEL,10075,S5,3404,1069,2942,4994,10000,0                       
TEL,10076,S5,3373,1068,2942,4994,10000,0                       
TEL,10077,S5,3404,1069,2942,4994,10000,0                       
TEL,10078,S5,3404,1069,2942,4994,10000,0                       
TEL,10079,S5,3404,1069,2942,4994,10000,0                       
TEL,10080,S5,3342,1067,2942,4994,10000,0                       
TEL,10081,S5,3404,1069,2942,4994,10000,0                       
TEL,10082,S5,3404,1069,2942,4994,10000,0                       
TEL,10083,S5,3342,1067,2942,4994,10000,0                       
TEL,10084,S5,3404,1069,2942,4994,10000,0                       
TEL,10085,S5,3404,1069,2942,4994,10000,0                       
TEL,10086,S5,3404,1069,2942,4994,10000,0                       
TEL,10087,S5,3404,1069,2942,4994,10000,0                       
TEL,10088,S5,3404,1069,2942,4994,10000,0                       
TEL,10089,S5,3373,1068,2942,4994,10000,0                       
TEL,10090,S5,3404,1069,2942,4994,10000,0                       
TEL,10091,S5,3404,1069,2942,4994,10000,0                       
TEL,10092,S5,3404,1069,2942,4994,10000,0                       
TEL,10093,S5,3404,1069,2942,4994,10000,0                       
TEL,10094,S5,3373,1068,2942,4994,10000,0                       
TEL,10095,S5,3404,1069,2942,4994,10000,0                       
TEL,10096,S5,3342,1067,2942,4994,10000,0                       
TEL,10097,S5,3373,1068,2942,4994,10000,0                       
TEL,10098,S5,3404,1069,2942,4994,10000,0                       
TEL,10099,S5,3342,1067,2942,4994,10000,0                       
TEL,10100,S5,3435,1071,2942,4994,10000,0                       
TEL,10101,S5,3404,1069,2942,4994,10000,0                       
TEL,10102,S5,3404,1069,2942,4994,10000,0                       
TEL,10103,S5,3404,1069,2942,4994,10000,0                       
TEL,10104,S5,3404,1069,2942,4994,10000,0                       
TEL,10105,S5,3404,1069,2942,4994,10000,0                       
TEL,10106,S5,3404,1069,2942,4994,10000,0                       
TEL,10107,S5,3373,1068,2942,4994,10000,0                       
TEL,10108,S5,3404,1069,2942,4994,10000,0                       
TEL,10109,S5,3404,1069,2942,4994,10000,0                       
TEL,10110,S5,3404,1069,2942,4994,10000,0                       
TEL,10111,S5,3404,1069,2942,4994,10000,0                       
TEL,10112,S5,3342,1067,2942,4994,10000,0                       
TEL,10113,S5,3404,1069,2942,4994,10000,0                       
TEL,10114,S5,3404,1069,2942,4994,10000,0                       
TEL,10115,S5,3373,1068,2942,4994,10000,0                       
TEL,10116,S5,3342,1067,2942,4994,10000,0                       
TEL,10117,S5,3404,1069,2942,4994,10000,0                       
TEL,10118,S5,3404,1069,2942,4994,10000,0                       
TEL,10119,S5,3404,1069,2942,4994,10000,0                       
TEL,10120,S5,3498,1073,2942,4994,10000,0                       
TEL,10121,S5,3404,1069,2942,4994,10000,0                       
TEL,10122,S5,3404,1069,2942,4994,10000,0                       
TEL,10123,S5,3404,1069,2942,4994,10000,0                       
TEL,10124,S5,3404,1069,2942,4994,10000,0                       
TEL,10125,S5,3373,1068,2942,4994,10000,0                       
TEL,10126,S5,3404,1069,2942,4994,10000,0                       
TEL,10127,S5,3373,1068,2942,4994,10000,0                       
TEL,10128,S5,3342,1067,2942,4994,10000,0                       
TEL,10129,S5,3404,1069,2942,4994,10000,0                       
TEL,10130,S5,3404,1069,2942,4994,10000,0                       
TEL,10131,S5,3404,1069,2942,4994,10000,0                       
TEL,10132,S5,3373,1068,2942,4994,10000,0                       
TEL,10133,S5,3373,1068,2942,4994,10000,0                       
TEL,10134,S5,3404,1069,2942,4994,10000,0                       
TEL,10135,S5,3404,1069,2942,4994,10000,0                       
TEL,10136,S5,3373,1068,2942,4994,10000,0                       
TEL,10137,S5,3404,1069,2942,4994,10000,0                       
TEL,10138,S5,3404,1069,2942,4994,10000,0                       
TEL,10139,S5,3373,1068,2942,4994,10000,0                       
TEL,10140,S5,3404,1069,2942,4994,10000,0                       
TEL,10141,S5,3404,1069,2942,4994,10000,0                       
TEL,10142,S5,3466,1072,2942,4994,10000,0                       
TEL,10143,S5,3373,1068,2942,4994,10000,0                       
TEL,10144,S5,3342,1067,2942,4994,10000,0                       
TEL,10145,S5,3404,1069,2942,4994,10000,0                       
TEL,10146,S5,3373,1068,2942,4994,10000,0                       
TEL,10147,S5,3404,1069,2942,4994,10000,0                       
TEL,10148,S5,3373,1068,2942,4994,10000,0                       
TEL,10149,S5,3435,1071,2942,4994,10000,0                       
TEL,10150,S5,3404,1069,2942,4994,10000,0                       
TEL,10151,S5,3404,1069,2942,4994,10000,0                       
TEL,10152,S5,3373,1068,2942,4994,10000,0                       
TEL,10153,S5,3404,1069,2942,4994,10000,0                       
TEL,10154,S5,3404,1069,2942,4994,10000,0                       
TEL,10155,S5,3404,1069,2942,4994,10000,0                       
TEL,10156,S5,3373,1068,2942,4994,10000,0                       
TEL,10157,S5,3404,1069,2942,4994,10000,0                       
TEL,10158,S5,3404,1069,2942,4994,10000,0                       
TEL,10159,S5,3404,1069,2942,4994,10000,0                       
TEL,10160,S5,3342,1067,2942,4994,10000,0                       
TEL,10161,S5,3466,1072,2942,4994,10000,0                       
TEL,10162,S5,3404,1069,2942,4994,10000,0                       
TEL,10163,S5,3342,1067,2942,4994,10000,0                       
TEL,10164,S5,3404,1069,2942,4994,10000,0                       
TEL,10165,S5,3342,1067,2942,4994,10000,0                       
TEL,10166,S5,3342,1067,2942,4994,10000,0                       
TEL,10167,S5,3404,1069,2942,4994,10000,0                       
TEL,10168,S5,3373,1068,2942,4994,10000,0                       
TEL,10169,S5,3404,1069,2942,4994,10000,0                       
ACK,0,S5,AT                                                    
TEL,1,S5,3249,1063,2944,4995,0,1                               
TEL,2,S5,3342,1066,2944,5058,9760,0                            
TEL,3,S5,3342,1066,2944,4994,10000,0                           
TEL,4,S5,3373,1068,2944,4994,10000,0                           
TEL,5,S5,3373,1068,2944,4994,10000,0                           
TEL,6,S5,3404,1069,2944,4994,10000,0                           
TEL,7,S5,3342,1067,2944,4994,10000,0                           
TEL,8,S5,3373,1068,2944,4994,10000,0                           
TEL,9,S5,3404,1069,2944,4994,10000,0                           
TEL,10,S5,3373,1068,2944,4994,10000,0                          
TEL,11,S5,3249,1063,2944,4994,10000,0                          
TEL,12,S5,3404,1069,2944,4994,10000,0                          
TEL,13,S5,3373,1068,2944,4994,10000,0                          
TEL,14,S5,3373,1068,2944,4994,10000,0                          
TEL,15,S5,3404,1069,2944,4994,10000,0                          
TEL,16,S5,3404,1069,2944,4994,10000,0                          
TEL,17,S5,3404,1069,2944,4994,10000,0                          
TEL,18,S5,3373,1068,2944,4994,10000,0                          
TEL,19,S5,3404,1069,2944,4994,10000,0                          
TEL,20,S5,3342,1067,2944,4994,10000,0                          
TEL,21,S5,3373,1068,2944,4994,10000,0                          
TEL,22,S5,3373,1068,2944,4994,10000,0                          
TEL,23,S5,3404,1069,2944,4994,10000,0                          
TEL,24,S5,3373,1068,2944,4994,10000,0                          
TEL,25,S5,3404,1069,2944,4994,10000,0                          
TEL,26,S5,3373,1068,2944,4994,10000,0                          
TEL,27,S5,3373,1068,2944,4994,10000,0                          
TEL,28,S5,3373,1068,2944,4994,10000,0                          
TEL,29,S5,3373,1068,2944,4994,10000,0                          
TEL,30,S5,3404,1069,2944,4994,10000,0                          
TEL,31,S5,3373,1068,2944,4994,10000,0                          
TEL,32,S5,3342,1067,2944,4994,10000,0                          
TEL,33,S5,3311,1065,2944,4994,10000,0                          
TEL,34,S5,3404,1069,2944,4994,10000,0                          
TEL,35,S5,3404,1069,2944,4994,10000,0                          
TEL,36,S5,3498,1072,2944,4994,10000,0                          
TEL,37,S5,3404,1069,2944,4994,10000,0                          
TEL,38,S5,3404,1069,2944,4994,10000,0                          
TEL,39,S5,3373,1068,2944,4994,10000,0                          
TEL,40,S5,3404,1069,2944,4994,10000,0                          
TEL,41,S5,3373,1068,2944,4994,10000,0                          
TEL,42,S5,3311,1065,2944,4994,10000,0                          
TEL,43,S5,3373,1068,2944,4994,10000,0                          
TEL,44,S5,3373,1068,2944,4994,10000,0                          
TEL,45,S5,3404,1069,2944,4994,10000,0                          
TEL,46,S5,3311,1065,2944,4994,10000,0                          
TEL,47,S5,3498,1072,2944,4994,10000,0                          
TEL,48,S5,3529,1073,2944,4994,10000,0                          
TEL,49,S5,3404,1069,2944,4994,10000,0                          
TEL,50,S5,3404,1069,2944,4994,10000,0                          
TEL,51,S5,3311,1065,2944,4994,10000,0                          
TEL,52,S5,3373,1068,2944,4994,10000,0                          
TEL,53,S5,3342,1067,2944,4994,10000,0                          
TEL,54,S5,3373,1068,2944,4994,10000,0                          
TEL,55,S5,3404,1069,2944,4994,10000,0                          
TEL,56,S5,3404,1069,2944,4994,10000,0                          
TEL,57,S5,3373,1068,2944,4994,10000,0                          
TEL,58,S5,3404,1069,2944,4994,10000,0                          
TEL,59,S5,3404,1069,2944,4994,10000,0                          
TEL,60,S5,3529,1073,2944,4994,10000,0                          
TEL,61,S5,3404,1069,2944,4994,10000,0                          
TEL,62,S5,3373,1068,2944,4994,10000,0                          
TEL,63,S5,3404,1069,2944,4994,10000,0                          
TEL,64,S5,3342,1066,2944,4994,10000,0                          
TEL,65,S5,3404,1069,2944,4994,10000,0                          
TEL,66,S5,3373,1068,2944,4994,10000,0                          
TEL,67,S5,3342,1067,2944,4994,10000,0                          
TEL,68,S5,3373,1068,2944,4994,10000,0                          
TEL,69,S5,3373,1068,2944,4994,10000,0                          
TEL,70,S5,3498,1072,2944,4994,10000,0                          
TEL,71,S5,3373,1068,2944,4994,10000,0                          
TEL,72,S5,3373,1068,2944,4994,10000,0                          
TEL,73,S5,3373,1068,2944,4994,10000,0                          
TEL,74,S5,3249,1063,2944,4994,10000,0                          
TEL,75,S5,3404,1069,2944,4994,10000,0                          
TEL,76,S5,3404,1069,2944,4994,10000,0                          
TEL,77,S5,3404,1069,2944,4994,10000,0                          
TEL,78,S5,3373,1068,2944,4994,10000,0                          
TEL,79,S5,3404,1069,2944,4994,10000,0                          
TEL,80,S5,3342,1067,2944,4994,10000,0                          
TEL,81,S5,3404,1069,2944,4994,10000,0                          
TEL,82,S5,3404,1069,2944,4994,10000,0                          
TEL,83,S5,3404,1069,2944,4994,10000,0                          
TEL,84,S5,3373,1068,2944,4994,10000,0                          
TEL,85,S5,3404,1069,2944,4994,10000,0                          
TEL,86,S5,3249,1063,2944,4994,10000,0                          
TEL,87,S5,3404,1069,2944,4994,10000,0                          
TEL,88,S5,3342,1067,2944,4994,10000,0                          
TEL,89,S5,3404,1069,2944,4994,10000,0                          
TEL,90,S5,3373,1068,2944,4994,10000,0                          
TEL,91,S5,3249,1063,2944,4994,10000,0                          
TEL,92,S5,3404,1069,2944,4994,10000,0                          
TEL,93,S5,3404,1069,2944,4994,10000,0                          
TEL,94,S5,3404,1069,2944,4994,10000,0                          
TEL,95,S5,3404,1069,2944,4994,10000,0                          
TEL,96,S5,3435,1070,2944,4994,10000,0                          
TEL,97,S5,3404,1069,2944,4994,10000,0                          
TEL,98,S5,3373,1068,2944,4994,10000,0                          
TEL,99,S5,3404,1069,2944,4994,10000,0                          
TEL,100,S5,3373,1068,2944,4994,10000,0                         
TEL,101,S5,3404,1069,2944,4994,10000,0                         
TEL,102,S5,3373,1068,2944,4994,10000,0                         
TEL,103,S5,3373,1068,2944,4994,10000,0                         
TEL,104,S5,3404,1069,2944,4994,10000,0                         
TEL,105,S5,3373,1068,2944,4994,10000,0                         
TEL,106,S5,3404,1069,2944,4994,10000,0                         
TEL,107,S5,3404,1069,2944,4994,10000,0                         
TEL,108,S5,3373,1068,2944,4994,10000,0                         
TEL,109,S5,3404,1069,2944,4994,10000,0                         
TEL,110,S5,3373,1068,2944,4994,10000,0                         
TEL,111,S5,3404,1069,2944,4994,10000,0                         
TEL,112,S5,3342,1067,2944,4994,10000,0                         
TEL,113,S5,3404,1069,2944,4994,10000,0                         
TEL,114,S5,3404,1069,2944,4994,10000,0                         
TEL,115,S5,3404,1069,2944,4994,10000,0                         
TEL,116,S5,3373,1068,2944,4994,10000,0                         
TEL,117,S5,3404,1069,2944,4994,10000,0                         
TEL,118,S5,3404,1069,2944,4994,10000,0                         
TEL,119,S5,3373,1068,2944,4994,10000,0                         
TEL,120,S5,3373,1068,2944,4994,10000,0                         
TEL,121,S5,3373,1068,2944,4994,10000,0                         
TEL,122,S5,3373,1068,2944,4994,10000,0                         
TEL,123,S5,3404,1069,2944,4994,10000,0                         
TEL,124,S5,3373,1068,2944,4994,10000,0                         
TEL,125,S5,3404,1069,2944,4994,10000,0                         
TEL,126,S5,3404,1069,2944,4994,10000,0                         
TEL,127,S5,3498,1072,2944,4994,10000,0                         
TEL,128,S5,3342,1067,2944,4994,10000,0                         
TEL,129,S5,3404,1069,2944,4994,10000,0                         
TEL,130,S5,3404,1069,2944,4994,10000,0                         
TEL,131,S5,3373,1068,2944,4994,10000,0                         
TEL,132,S5,3373,1068,2944,4994,10000,0                         
TEL,133,S5,3373,1068,2944,4994,10000,0                         
TEL,134,S5,3373,1068,2944,4994,10000,0                         
TEL,135,S5,3404,1069,2944,4994,10000,0                         
TEL,136,S5,3404,1069,2944,4994,10000,0                         
TEL,137,S5,3404,1069,2944,4994,10000,0                         
TEL,138,S5,3404,1069,2944,4994,10000,0                         
TEL,139,S5,3404,1069,2944,4994,10000,0                         
TEL,140,S5,3404,1069,2944,4994,10000,0                         
TEL,141,S5,3404,1069,2944,4994,10000,0                         
TEL,142,S5,3404,1069,2944,4994,10000,0                         
TEL,143,S5,3404,1069,2944,4994,10000,0                         
TEL,144,S5,3373,1068,2944,4994,10000,0                         
TEL,145,S5,3373,1068,2944,4994,10000,0                         
TEL,146,S5,3404,1069,2944,4994,10000,0                         
TEL,147,S5,3404,1069,2944,4994,10000,0                         
TEL,148,S5,3404,1069,2944,4994,10000,0                         
TEL,149,S5,3404,1069,2944,4994,10000,0                         
TEL,150,S5,3404,1069,2944,4994,10000,0                         
TEL,151,S5,3404,1069,2944,4994,10000,0                         
TEL,152,S5,3404,1069,2944,4994,10000,0                         
TEL,153,S5,3404,1069,2944,4994,10000,0                         
TEL,154,S5,3404,1069,2944,4994,10000,0                         
TEL,155,S5,3373,1068,2944,4994,10000,0                         
TEL,156,S5,3404,1069,2944,4994,10000,0                         
TEL,157,S5,3404,1069,2944,4994,10000,0                         
TEL,158,S5,3404,1069,2944,4994,10000,0                         
TEL,159,S5,3404,1069,2944,4994,10000,0                         
TEL,160,S5,3373,1068,2944,4994,10000,0                         
TEL,161,S5,3404,1069,2944,4994,10000,0                         
TEL,162,S5,3404,1069,2944,4994,10000,0                         
TEL,163,S5,3373,1068,2944,4994,10000,0                         
TEL,164,S5,3404,1069,2944,4994,10000,0                         
TEL,165,S5,3404,1069,2944,4994,10000,0                         
TEL,166,S5,3342,1067,2944,4994,10000,0                         
TEL,167,S5,3342,1067,2944,4994,10000,0                         
TEL,168,S5,3404,1069,2944,4994,10000,0                         
TEL,169,S5,3404,1069,2944,4994,10000,0                         
TEL,170,S5,3342,1067,2944,4994,10000,0                         
TEL,171,S5,3404,1069,2944,4994,10000,0                         
TEL,172,S5,3373,1068,2944,4994,10000,0                         
TEL,173,S5,3373,1068,2944,4994,10000,0                         
TEL,174,S5,3342,1067,2944,4994,10000,0                         
TEL,175,S5,3373,1068,2944,4994,10000,0                         
TEL,176,S5,3342,1066,2944,4994,10000,0                         
TEL,177,S5,3404,1069,2944,4994,10000,0                         
TEL,178,S5,3404,1069,2944,4994,10000,0                         
TEL,179,S5,3373,1068,2944,4994,10000,0                         
TEL,180,S5,3404,1069,2944,4994,10000,0                         
TEL,181,S5,3404,1069,2944,4994,10000,0                         
TEL,182,S5,3466,1071,2944,4994,10000,0                         
TEL,183,S5,3404,1069,2944,4994,10000,0                         
TEL,184,S5,3373,1068,2944,4994,10000,0                         
TEL,185,S5,3404,1069,2944,4994,10000,0                         
TEL,186,S5,3404,1069,2944,4994,10000,0                         
TEL,187,S5,3373,1068,2944,4994,10000,0                         
TEL,188,S5,3404,1069,2944,4994,10000,0                         
TEL,189,S5,3404,1069,2944,4994,10000,0                         
TEL,190,S5,3373,1068,2944,4994,10000,0                         
TEL,191,S5,3404,1069,2944,4994,10000,0                         
TEL,192,S5,3342,1067,2944,4994,10000,0                         
TEL,193,S5,3404,1069,2944,4994,10000,0                         
TEL,194,S5,3404,1069,2944,4994,10000,0                         
TEL,195,S5,3373,1068,2944,4994,10000,0                         
TEL,196,S5,3404,1069,2944,4994,10000,0                         
TEL,197,S5,3404,1069,2944,4994,10000,0                         
TEL,198,S5,3373,1068,2944,4994,10000,0                         
TEL,199,S5,3404,1069,2944,4994,10000,0                         
TEL,200,S5,3373,1068,2944,4994,10000,0                         
TEL,201,S5,3373,1068,2944,4994,10000,0                         
TEL,202,S5,3404,1069,2944,4994,10000,0                         
TEL,203,S5,3404,1069,2944,4994,10000,0                         
TEL,204,S5,3404,1069,2944,4994,10000,0                         
TEL,205,S5,3404,1069,2944,4994,10000,0                         
TEL,206,S5,3342,1067,2944,4994,10000,0                         
TEL,207,S5,3404,1069,2944,4994,10000,0                         
TEL,208,S5,3373,1068,2944,4994,10000,0                         
TEL,209,S5,3373,1068,2944,4994,10000,0                         
TEL,210,S5,3373,1068,2944,4994,10000,0                         
TEL,211,S5,3404,1069,2944,4994,10000,0                         
TEL,212,S5,3404,1069,2944,4994,10000,0                         
TEL,213,S5,3404,1069,2944,4994,10000,0                         
TEL,214,S5,3373,1068,2944,4994,10000,0                         
TEL,215,S5,3404,1069,2944,4994,10000,0                         
TEL,216,S5,3342,1067,2944,4994,10000,0                         
TEL,217,S5,3342,1067,2944,4994,10000,0                         
TEL,218,S5,3373,1068,2944,4994,10000,0                         
TEL,219,S5,3404,1069,2944,4994,10000,0                         
TEL,220,S5,3529,1073,2944,4994,10000,0                         
TEL,221,S5,3373,1068,2944,4994,10000,0                         
TEL,222,S5,3404,1069,2944,4994,10000,0                         
TEL,223,S5,3404,1069,2944,4994,10000,0                         
BTN,1,S5,PRESSED,224,2229948,2229965,2229967                   
TEL,225,S5,3342,1067,2944,5165,10003,0                         
TEL,226,S5,3342,1066,2944,4994,9997,0                          
TEL,227,S5,3529,1073,2944,4994,10000,0                         
TEL,228,S5,3529,1073,2944,4994,10000,0                         
TEL,229,S5,3404,1069,2944,4994,10000,0                         
TEL,230,S5,3404,1069,2944,4994,10000,0                         
TEL,231,S5,3404,1069,2944,4994,10000,0                         
TEL,232,S5,3342,1067,2944,4994,10000,0                         
TEL,233,S5,3404,1069,2944,4994,10000,0                         
TEL,234,S5,3404,1069,2944,4994,10000,0                         
TEL,235,S5,3342,1067,2944,4994,10000,0                         
TEL,236,S5,3404,1069,2944,4994,10000,0                         
TEL,237,S5,3404,1069,2944,4994,10000,0                         
TEL,238,S5,3404,1069,2944,4994,10000,0                         
TEL,239,S5,3373,1068,2944,4994,10000,0                         
TEL,240,S5,3342,1067,2944,4994,10000,0                         
TEL,241,S5,3404,1069,2944,4994,10000,0                         
TEL,242,S5,3404,1069,2944,4994,10000,0                         
TEL,243,S5,3311,1065,2944,4994,10000,0                         
TEL,244,S5,3404,1069,2944,4994,10000,0                         
TEL,245,S5,3498,1072,2944,4994,10000,0                         
TEL,246,S5,3404,1069,2944,4994,10000,0                         
TEL,247,S5,3249,1063,2944,4994,10000,0                         
TEL,248,S5,3404,1069,2944,4994,10000,0                         
TEL,249,S5,3404,1069,2944,4994,10000,0                         
TEL,250,S5,3404,1069,2944,4994,10000,0                         
TEL,251,S5,3404,1069,2944,4994,10000,0                         
TEL,252,S5,3404,1069,2944,4994,10000,0                         
TEL,253,S5,3404,1069,2944,4994,10000,0                         
TEL,254,S5,3404,1069,2944,4994,10000,0                         
TEL,255,S5,3373,1068,2944,4994,10000,0                         
TEL,256,S5,3404,1069,2944,4994,10000,0                         
TEL,257,S5,3373,1068,2944,4994,10000,0                         
TEL,258,S5,3373,1068,2944,4994,10000,0                         
TEL,259,S5,3404,1069,2944,4994,10000,0                         
TEL,260,S5,3404,1069,2944,4994,10000,0                         
TEL,261,S5,3404,1069,2944,4994,10000,0                         
TEL,262,S5,3404,1069,2944,4994,10000,0                         
TEL,263,S5,3404,1069,2944,4994,10000,0                         
TEL,264,S5,3404,1069,2944,4994,10000,0                         
TEL,265,S5,3373,1068,2944,4994,10000,0                         
TEL,266,S5,3373,1068,2944,4994,10000,0                         
TEL,267,S5,3404,1069,2944,4994,10000,0                         
TEL,268,S5,3404,1069,2944,4994,10000,0                         
TEL,269,S5,3404,1069,2944,4994,10000,0                         
TEL,270,S5,3404,1069,2944,4994,10000,0                         
TEL,271,S5,3373,1068,2944,4994,10000,0                         
TEL,272,S5,3435,1070,2944,4994,10000,0                         
TEL,273,S5,3373,1068,2944,4994,10000,0                         
TEL,274,S5,3373,1068,2944,4994,10000,0                         
TEL,275,S5,3373,1068,2944,4994,10000,0                         
TEL,276,S5,3404,1069,2944,4994,10000,0                         
TEL,277,S5,3404,1069,2944,4994,10000,0                         
TEL,278,S5,3404,1069,2944,4994,10000,0                         
TEL,279,S5,3404,1069,2944,4994,10000,0                         
TEL,280,S5,3404,1069,2944,4994,10000,0                         
TEL,281,S5,3373,1068,2944,4994,10000,0                         
TEL,282,S5,3404,1069,2944,4994,10000,0                         
TEL,283,S5,3404,1069,2944,4994,10000,0                         
TEL,284,S5,3404,1069,2944,4994,10000,0                         
TEL,285,S5,3404,1069,2944,4994,10000,0                         
TEL,286,S5,3404,1069,2944,4994,10000,0                         
TEL,287,S5,3373,1068,2944,4994,10000,0                         
TEL,288,S5,3404,1069,2944,4994,10000,0                         
TEL,289,S5,3404,1069,2944,4994,10000,0                         
TEL,290,S5,3404,1069,2944,4994,10000,0                         
TEL,291,S5,3404,1069,2944,4994,10000,0                         
TEL,292,S5,3404,1069,2944,4994,10000,0                         
TEL,293,S5,3404,1069,2944,4994,10000,0                         
TEL,294,S5,3404,1069,2944,4994,10000,0                         
TEL,295,S5,3404,1069,2944,4994,10000,0                         
TEL,296,S5,3404,1069,2944,4994,10000,0                         
TEL,297,S5,3404,1069,2944,4994,10000,0                         
TEL,298,S5,3404,1069,2944,4994,10000,0                         
TEL,299,S5,3404,1069,2944,4994,10000,0                         
TEL,300,S5,3404,1069,2944,4994,10000,0                         
TEL,301,S5,3373,1068,2944,4994,10000,0                         
TEL,302,S5,3373,1068,2944,4994,10000,0                         
TEL,303,S5,3404,1069,2944,4994,10000,0                         
TEL,304,S5,3342,1066,2944,4994,10000,0                         
TEL,305,S5,3404,1069,2944,4994,10000,0                         
TEL,306,S5,3373,1068,2944,4994,10000,0                         
TEL,307,S5,3373,1068,2944,4994,10000,0                         
TEL,308,S5,3404,1069,2944,4994,10000,0                         
TEL,309,S5,3404,1069,2944,4994,10000,0                         
TEL,310,S5,3404,1069,2944,4994,10000,0                         
TEL,311,S5,3373,1068,2944,4994,10000,0                         
TEL,312,S5,3404,1069,2944,4994,10000,0                         
TEL,313,S5,3404,1069,2944,4994,10000,0                         
TEL,314,S5,3404,1069,2944,4994,10000,0                         
TEL,315,S5,3404,1069,2944,4994,10000,0                         
TEL,316,S5,3404,1069,2944,4994,10000,0                         
TEL,317,S5,3404,1069,2944,4994,10000,0                         
TEL,318,S5,3404,1069,2944,4994,10000,0                         
TEL,319,S5,3404,1069,2944,4994,10000,0                         
TEL,320,S5,3342,1067,2944,4994,10000,0                         
TEL,321,S5,3404,1069,2944,4994,10000,0                         
TEL,322,S5,3404,1069,2944,4994,10000,0                         
TEL,323,S5,3342,1067,2944,4994,10000,0                         
TEL,324,S5,3404,1069,2944,4994,10000,0                         
TEL,325,S5,3373,1068,2944,4994,10000,0                         
TEL,326,S5,3404,1069,2944,4994,10000,0                         
TEL,327,S5,3404,1069,2944,4994,10000,0                         
TEL,328,S5,3404,1069,2944,4994,10000,0                         
TEL,329,S5,3373,1068,2944,4994,10000,0                         
TEL,330,S5,3404,1069,2944,4994,10000,0                         
TEL,331,S5,3342,1067,2944,4994,10000,0                         
TEL,332,S5,3373,1068,2944,4994,10000,0                         
TEL,333,S5,3373,1068,2944,4994,10000,0                         
TEL,334,S5,3404,1069,2944,4994,10000,0                         
TEL,335,S5,3404,1069,2944,4994,10000,0                         
TEL,336,S5,3435,1070,2944,4994,10000,0                         
TEL,337,S5,3373,1068,2944,4994,10000,0                         
BTN,2,S5,PRESSED,338,3357743,3357763,3357765                   
TEL,339,S5,3404,1069,2944,5044,10000,0                         
TEL,340,S5,3435,1070,2944,4994,10000,0                         
TEL,341,S5,3404,1069,2944,4994,10000,0                         
TEL,342,S5,3373,1068,2944,4994,10000,0                         
TEL,343,S5,3404,1069,2944,4994,10000,0                         
TEL,344,S5,3311,1065,2944,4994,10000,0                         
TEL,345,S5,3404,1069,2944,4994,10000,0                         
TEL,346,S5,3404,1069,2944,4994,10000,0                         
TEL,347,S5,3404,1069,2944,4994,10000,0                         
TEL,348,S5,3373,1068,2944,4994,10000,0                         
TEL,349,S5,3373,1068,2944,4994,10000,0                         
TEL,350,S5,3404,1069,2944,4994,10000,0                         
TEL,351,S5,3342,1067,2944,4994,10000,0                         
TEL,352,S5,3342,1067,2944,4997,10000,0                         
TEL,353,S5,3404,1069,2944,4994,10000,0                         
TEL,354,S5,3404,1069,2944,4994,10000,0                         
TEL,355,S5,3249,1063,2944,4994,10000,0                         
TEL,356,S5,3404,1069,2944,4994,10000,0                         
TEL,357,S5,3404,1069,2944,4994,10000,0                         
TEL,358,S5,3404,1069,2944,4994,10000,0                         
TEL,359,S5,3404,1069,2944,4994,10000,0                         
TEL,360,S5,3404,1069,2944,4994,10000,0                         
TEL,361,S5,3404,1069,2944,4994,10000,0                         
TEL,362,S5,3373,1068,2944,4994,10000,0                         
TEL,363,S5,3404,1069,2944,4994,10000,0                         
TEL,364,S5,3373,1068,2944,4994,10000,0                         
TEL,365,S5,3342,1067,2944,4994,10000,0                         
TEL,366,S5,3342,1067,2944,4994,10000,0                         
TEL,367,S5,3404,1069,2944,4994,10000,0                         
TEL,368,S5,3404,1069,2944,4994,10000,0                         
TEL,369,S5,3404,1069,2944,4994,10000,0                         
TEL,370,S5,3404,1069,2944,4994,10000,0                         
TEL,371,S5,3498,1072,2944,4994,10000,0                         
TEL,372,S5,3404,1069,2944,4994,10000,0                         
TEL,373,S5,3404,1069,2944,4994,10000,0                         
TEL,374,S5,3404,1069,2944,4994,10000,0                         
TEL,375,S5,3404,1069,2944,4994,10000,0                         
TEL,376,S5,3373,1068,2944,4994,10000,0                         
TEL,377,S5,3404,1069,2944,4994,10000,0                         
TEL,378,S5,3404,1069,2944,4994,10000,0                         
TEL,379,S5,3404,1069,2944,4994,10000,0                         
TEL,380,S5,3404,1069,2944,4994,10000,0                         
TEL,381,S5,3404,1069,2944,4994,10000,0                         
TEL,382,S5,3404,1069,2944,4994,10000,0                         
TEL,383,S5,3404,1069,2944,4994,10000,0                         
TEL,384,S5,3342,1067,2944,4994,10000,0                         
TEL,385,S5,3404,1069,2944,4994,10000,0                         
TEL,386,S5,3466,1071,2944,4994,10000,0                         
TEL,387,S5,3342,1067,2944,4994,10000,0                         
TEL,388,S5,3404,1069,2944,4994,10000,0                         
TEL,389,S5,3373,1068,2944,4994,10000,0                         
TEL,390,S5,3404,1069,2944,4994,10000,0                         
TEL,391,S5,3404,1069,2944,4994,10000,0                         
TEL,392,S5,3404,1069,2944,4994,10000,0                         
TEL,393,S5,3342,1067,2944,4994,10000,0                         
TEL,394,S5,3466,1071,2944,4994,10000,0                         
TEL,395,S5,3404,1069,2944,4994,10000,0                         
TEL,396,S5,3373,1068,2944,4994,10000,0                         
TEL,397,S5,3373,1068,2944,4994,10000,0                         
TEL,398,S5,3404,1069,2944,4994,10000,0                         
TEL,399,S5,3404,1069,2944,4994,10000,0                         
TEL,400,S5,3342,1067,2944,4994,10000,0                         
TEL,401,S5,3404,1069,2944,4994,10000,0                         
TEL,402,S5,3311,1065,2944,4994,10000,0                         
TEL,403,S5,3404,1069,2944,4994,10000,0                         
TEL,404,S5,3373,1068,2944,4994,10000,0                         
TEL,405,S5,3404,1069,2944,4994,10000,0                         
TEL,406,S5,3404,1069,2944,4994,10000,0                         
TEL,407,S5,3404,1069,2944,4994,10000,0                         
TEL,408,S5,3373,1068,2944,4994,10000,0                         
TEL,409,S5,3404,1069,2944,4994,10000,0                         
TEL,410,S5,3373,1068,2944,4994,10000,0                         
TEL,411,S5,3404,1069,2944,4994,10000,0                         
TEL,412,S5,3342,1067,2944,4994,10000,0                         
TEL,413,S5,3404,1069,2944,4994,10000,0                         
TEL,414,S5,3404,1069,2944,4994,10000,0                         
TEL,415,S5,3404,1069,2944,4994,10000,0                         
TEL,416,S5,3404,1069,2944,4994,10000,0                         
TEL,417,S5,3404,1069,2944,4994,10000,0                         
TEL,418,S5,3404,1069,2944,4994,10000,0                         
TEL,419,S5,3404,1069,2944,4994,10000,0                         
TEL,420,S5,3373,1068,2944,4994,10000,0                         
TEL,421,S5,3373,1068,2944,4994,10000,0                         
TEL,422,S5,3373,1068,2944,4994,10000,0                         
TEL,423,S5,3404,1069,2944,4994,10000,0                         
TEL,424,S5,3342,1067,2944,4994,10000,0                         
TEL,425,S5,3404,1069,2944,4994,10000,0                         
TEL,426,S5,3404,1069,2944,4994,10000,0                         
TEL,427,S5,3404,1069,2944,4994,10000,0                         
TEL,428,S5,3404,1069,2944,4994,10000,0                         
TEL,429,S5,3373,1068,2944,4994,10000,0                         
TEL,430,S5,3404,1069,2944,4994,10000,0                         
TEL,431,S5,3404,1069,2944,4994,10000,0                         
TEL,432,S5,3373,1068,2944,4994,10000,0                         
TEL,433,S5,3404,1069,2944,4994,10000,0                         
TEL,434,S5,3373,1068,2944,4994,10000,0                         
TEL,435,S5,3373,1068,2944,4994,10000,0                         
TEL,436,S5,3404,1069,2944,4994,10000,0                         
TEL,437,S5,3404,1069,2944,4994,10000,0                         
TEL,438,S5,3466,1071,2944,4994,10000,0                         
TEL,439,S5,3404,1069,2944,4994,10000,0                         
TEL,440,S5,3373,1068,2944,4994,10000,0                         
TEL,441,S5,3404,1069,2944,4994,10000,0                         
TEL,442,S5,3373,1068,2944,4994,10000,0                         
TEL,443,S5,3404,1069,2944,4994,10000,0                         
TEL,444,S5,3404,1069,2944,4994,10000,0                         
TEL,445,S5,3404,1069,2944,4994,10000,0                         
TEL,446,S5,3404,1069,2944,4994,10000,0                         
TEL,447,S5,3373,1068,2944,4994,10000,0                         
TEL,448,S5,3342,1067,2944,4994,10000,0                         
TEL,449,S5,3404,1069,2944,4994,10000,0                         
TEL,450,S5,3404,1069,2944,4994,10000,0                         
TEL,451,S5,3373,1068,2944,4994,10000,0                         
TEL,452,S5,3249,1063,2944,4994,10000,0                         
TEL,453,S5,3373,1068,2944,4994,10000,0                         
TEL,454,S5,3404,1069,2944,4994,10000,0                         
TEL,455,S5,3404,1069,2944,4994,10000,0                         
BTN,3,S5,PRESSED,456,4529907,4529925,4529926                   
TEL,457,S5,3404,1069,2944,5162,10003,0                         
TEL,458,S5,3435,1070,2944,4994,9997,0                          
TEL,459,S5,3404,1069,2944,4994,10000,0                         
TEL,460,S5,3373,1068,2944,4994,10000,0                         
TEL,461,S5,3404,1069,2944,4994,10000,0                         
TEL,462,S5,3404,1069,2944,4994,10000,0                         
TEL,463,S5,3404,1069,2944,4994,10000,0                         
TEL,464,S5,3342,1067,2944,4994,10000,0                         
TEL,465,S5,3373,1068,2944,4994,10000,0                         
TEL,466,S5,3404,1069,2944,4994,10000,0                         
TEL,467,S5,3529,1073,2944,4994,10000,0                         
TEL,468,S5,3404,1069,2944,4994,10000,0                         
TEL,469,S5,3404,1069,2944,4994,10000,0                         
TEL,470,S5,3342,1067,2944,4994,10000,0                         
TEL,471,S5,3342,1067,2944,5003,10000,0                         
TEL,472,S5,3435,1070,2944,4994,10000,0                         
TEL,473,S5,3404,1069,2944,4994,10000,0                         
TEL,474,S5,3342,1067,2944,4994,10000,0                         
TEL,475,S5,3404,1069,2944,4994,10000,0                         
TEL,476,S5,3404,1069,2944,4994,10000,0                         
TEL,477,S5,3404,1069,2944,4994,10000,0                         
TEL,478,S5,3404,1069,2944,4994,10000,0                         
TEL,479,S5,3404,1069,2944,4994,10000,0                         
TEL,480,S5,3342,1067,2944,4994,10000,0                         
TEL,481,S5,3404,1069,2944,4994,10000,0                         
TEL,482,S5,3404,1069,2944,4994,10000,0                         
TEL,483,S5,3373,1068,2944,4994,10000,0                         
TEL,484,S5,3404,1069,2944,4994,10000,0                         
TEL,485,S5,3404,1069,2944,4994,10000,0                         
TEL,486,S5,3404,1069,2944,4994,10000,0                         
TEL,487,S5,3404,1069,2944,4994,10000,0                         
TEL,488,S5,3404,1069,2944,4994,10000,0                         
TEL,489,S5,3404,1069,2944,4994,10000,0                         
TEL,490,S5,3404,1069,2944,4994,10000,0                         
TEL,491,S5,3342,1067,2944,4994,10000,0                         
TEL,492,S5,3404,1069,2944,4994,10000,0                         
TEL,493,S5,3404,1069,2944,4994,10000,0                         
TEL,494,S5,3404,1069,2944,4994,10000,0                         
TEL,495,S5,3404,1069,2944,4994,10000,0                         
TEL,496,S5,3435,1070,2944,4994,10000,0                         
TEL,497,S5,3404,1069,2944,4994,10000,0                         
TEL,498,S5,3404,1069,2944,4994,10000,0                         
TEL,499,S5,3404,1069,2944,4994,10000,0                         
TEL,500,S5,3404,1069,2944,4994,10000,0                         
TEL,501,S5,3404,1069,2944,4994,10000,0                         
TEL,502,S5,3404,1069,2944,4994,10000,0                         
TEL,503,S5,3404,1069,2944,4994,10000,0                         
TEL,504,S5,3404,1069,2944,4994,10000,0                         
TEL,505,S5,3404,1069,2944,4994,10000,0                         
TEL,506,S5,3249,1063,2944,4994,10000,0                         
TEL,507,S5,3373,1068,2944,4994,10000,0                         
TEL,508,S5,3373,1068,2944,4994,10000,0                         
TEL,509,S5,3404,1069,2944,4994,10000,0                         
TEL,510,S5,3342,1067,2944,4994,10000,0                         
TEL,511,S5,3404,1069,2944,4994,10000,0                         
TEL,512,S5,3342,1067,2944,4994,10000,0                         
TEL,513,S5,3404,1069,2944,4994,10000,0                         
TEL,514,S5,3404,1069,2944,4994,10000,0                         
TEL,515,S5,3373,1068,2944,4994,10000,0                         
TEL,516,S5,3373,1068,2944,4994,10000,0                         
TEL,517,S5,3404,1069,2944,4994,10000,0                         
TEL,518,S5,3311,1065,2944,4994,10000,0                         
TEL,519,S5,3404,1069,2944,4994,10000,0                         
TEL,520,S5,3404,1069,2944,4994,10000,0                         
TEL,521,S5,3404,1069,2944,4994,10000,0                         
TEL,522,S5,3404,1069,2944,4994,10000,0                         
TEL,523,S5,3249,1063,2944,4994,10000,0                         
TEL,524,S5,3404,1069,2944,4994,10000,0                         
TEL,525,S5,3404,1069,2944,4994,10000,0                         
TEL,526,S5,3404,1069,2944,4994,10000,0                         
TEL,527,S5,3373,1068,2944,4994,10000,0                         
TEL,528,S5,3280,1064,2944,4994,10000,0                         
TEL,529,S5,3404,1069,2944,4994,10000,0                         
TEL,530,S5,3404,1069,2944,4994,10000,0                         
TEL,531,S5,3373,1068,2944,4994,10000,0                         
TEL,532,S5,3404,1069,2944,4994,10000,0                         
TEL,533,S5,3404,1069,2944,4994,10000,0                         
TEL,534,S5,3404,1069,2944,4994,10000,0                         
TEL,535,S5,3311,1065,2944,4994,10000,0                         
TEL,536,S5,3404,1069,2944,4994,10000,0                         
TEL,537,S5,3404,1069,2944,4994,10000,0                         
TEL,538,S5,3404,1069,2944,4994,10000,0                         
TEL,539,S5,3404,1069,2944,4994,10000,0                         
TEL,540,S5,3373,1068,2944,4994,10000,0                         
TEL,541,S5,3404,1069,2944,4994,10000,0                         
TEL,542,S5,3404,1069,2944,4994,10000,0                         
TEL,543,S5,3373,1068,2944,4994,10000,0                         
TEL,544,S5,3404,1069,2944,4994,10000,0                         
TEL,545,S5,3404,1069,2944,4994,10000,0                         
TEL,546,S5,3373,1068,2944,4994,10000,0                         
TEL,547,S5,3498,1072,2944,4994,10000,0                         
TEL,548,S5,3404,1069,2944,4994,10000,0                         
TEL,549,S5,3404,1069,2944,4994,10000,0                         
TEL,550,S5,3404,1069,2944,4994,10000,0                         
TEL,551,S5,3373,1068,2944,4994,10000,0                         
TEL,552,S5,3342,1067,2944,4994,10000,0                         
TEL,553,S5,3404,1069,2944,4994,10000,0                         
TEL,554,S5,3373,1068,2944,4994,10000,0                         
TEL,555,S5,3404,1069,2944,4994,10000,0                         
TEL,556,S5,3404,1069,2944,4994,10000,0                         
TEL,557,S5,3342,1067,2944,4994,10000,0                         
TEL,558,S5,3404,1069,2944,4994,10000,0                         
TEL,559,S5,3404,1069,2944,4994,10000,0                         
TEL,560,S5,3342,1067,2944,4994,10000,0                         
TEL,561,S5,3404,1069,2944,4994,10000,0                         
TEL,562,S5,3404,1069,2944,4994,10000,0                         
TEL,563,S5,3373,1068,2944,4994,10000,0                         
TEL,564,S5,3404,1069,2944,4994,10000,0                         
TEL,565,S5,3404,1069,2944,4994,10000,0                         
TEL,566,S5,3404,1069,2944,4994,10000,0                         
TEL,567,S5,3404,1069,2944,4994,10000,0                         
TEL,568,S5,3404,1069,2944,4994,10000,0                         
TEL,569,S5,3404,1069,2944,4994,10000,0                         
TEL,570,S5,3404,1069,2944,4994,10000,0                         
TEL,571,S5,3373,1068,2944,4994,10000,0                         
TEL,572,S5,3404,1069,2944,4994,10000,0                         
TEL,573,S5,3404,1069,2944,4994,10000,0                         
TEL,574,S5,3529,1073,2944,4994,10000,0                         
TEL,575,S5,3373,1068,2944,4994,10000,0                         
TEL,576,S5,3435,1070,2944,4994,10000,0                         
BTN,4,S5,PRESSED,577,5729432,5729449,5729451                   
TEL,578,S5,3404,1069,2944,5132,10003,0                         
TEL,579,S5,3311,1065,2944,4994,9997,0                          
TEL,580,S5,3404,1069,2944,4994,10000,0                         
TEL,581,S5,3404,1069,2944,4994,10000,0                         
TEL,582,S5,3373,1068,2944,4994,10000,0                         
TEL,583,S5,3404,1069,2944,4994,10000,0                         
TEL,584,S5,3404,1069,2944,4994,10000,0                         
TEL,585,S5,3404,1069,2944,4994,10000,0                         
TEL,586,S5,3404,1069,2944,4994,10000,0                         
TEL,587,S5,3404,1069,2944,4994,10000,0                         
TEL,588,S5,3373,1068,2944,4994,10000,0                         
TEL,589,S5,3404,1069,2944,4994,10000,0                         
TEL,590,S5,3404,1069,2944,4997,10000,0                         
TEL,591,S5,3435,1070,2944,4994,10000,0                         
TEL,592,S5,3404,1069,2944,4994,10000,0                         
TEL,593,S5,3373,1068,2944,4994,10000,0                         
TEL,594,S5,3404,1069,2944,4994,10000,0                         
TEL,595,S5,3404,1069,2944,4994,10000,0                         
TEL,596,S5,3404,1069,2944,4994,10000,0                         
TEL,597,S5,3404,1069,2944,4994,10000,0                         
TEL,598,S5,3311,1065,2944,4994,10000,0                         
TEL,599,S5,3373,1068,2944,4994,10000,0                         
TEL,600,S5,3373,1068,2944,4994,10000,0                         
TEL,601,S5,3404,1069,2944,4994,10000,0                         
TEL,602,S5,3342,1067,2944,4994,10000,0                         
TEL,603,S5,3404,1069,2944,4994,10000,0                         
TEL,604,S5,3373,1068,2944,4994,10000,0                         
TEL,605,S5,3404,1069,2944,4994,10000,0                         
TEL,606,S5,3404,1069,2944,4994,10000,0                         
TEL,607,S5,3373,1068,2944,4994,10000,0                         
TEL,608,S5,3311,1065,2944,4994,10000,0                         
TEL,609,S5,3404,1069,2944,4994,10000,0                         
TEL,610,S5,3373,1068,2944,4994,10000,0                         
TEL,611,S5,3404,1069,2944,4994,10000,0                         
TEL,612,S5,3249,1063,2944,4994,10000,0                         
TEL,613,S5,3404,1069,2944,4994,10000,0                         
TEL,614,S5,3466,1071,2944,4994,10000,0                         
TEL,615,S5,3373,1068,2944,4994,10000,0                         
TEL,616,S5,3373,1068,2944,4994,10000,0                         
TEL,617,S5,3404,1069,2944,4994,10000,0                         
TEL,618,S5,3373,1068,2944,4994,10000,0                         
TEL,619,S5,3311,1065,2944,4994,10000,0                         
TEL,620,S5,3404,1069,2944,4994,10000,0                         
TEL,621,S5,3529,1073,2944,4994,10000,0                         
TEL,622,S5,3404,1069,2944,4994,10000,0                         
TEL,623,S5,3373,1068,2944,4994,10000,0                         
TEL,624,S5,3342,1067,2944,4994,10000,0                         
TEL,625,S5,3404,1069,2944,4994,10000,0                         
TEL,626,S5,3404,1069,2944,4994,10000,0                         
TEL,627,S5,3404,1069,2944,4994,10000,0                         
TEL,628,S5,3373,1068,2944,4994,10000,0                         
TEL,629,S5,3466,1071,2944,4994,10000,0                         
TEL,630,S5,3404,1069,2944,4994,10000,0                         
TEL,631,S5,3404,1069,2944,4994,10000,0                         
TEL,632,S5,3249,1063,2944,4994,10000,0                         
TEL,633,S5,3404,1069,2944,4994,10000,0                         
TEL,634,S5,3373,1068,2944,4994,10000,0                         
TEL,635,S5,3404,1069,2944,4994,10000,0                         
TEL,636,S5,3404,1069,2944,4994,10000,0                         
TEL,637,S5,3404,1069,2944,4994,10000,0                         
TEL,638,S5,3342,1067,2944,4994,10000,0                         
TEL,639,S5,3404,1069,2944,4994,10000,0                         
TEL,640,S5,3435,1070,2944,4994,10000,0                         
TEL,641,S5,3466,1071,2944,4994,10000,0                         
TEL,642,S5,3404,1069,2944,4994,10000,0                         
TEL,643,S5,3404,1069,2944,4994,10000,0                         
TEL,644,S5,3373,1068,2944,4994,10000,0                         
TEL,645,S5,3404,1069,2944,4994,10000,0                         
TEL,646,S5,3342,1067,2944,4994,10000,0                         
TEL,647,S5,3466,1071,2944,4994,10000,0                         
TEL,648,S5,3373,1068,2944,4994,10000,0                         
TEL,649,S5,3404,1069,2944,4994,10000,0                         
TEL,650,S5,3404,1069,2944,4994,10000,0                         
TEL,651,S5,3404,1069,2944,4994,10000,0                         
TEL,652,S5,3404,1069,2944,4994,10000,0                         
TEL,653,S5,3404,1069,2944,4994,10000,0                         
TEL,654,S5,3404,1069,2944,4994,10000,0                         
TEL,655,S5,3404,1069,2944,4994,10000,0                         
TEL,656,S5,3373,1068,2944,4994,10000,0                         
TEL,657,S5,3404,1069,2944,4994,10000,0                         
TEL,658,S5,3404,1069,2944,4994,10000,0                         
TEL,659,S5,3404,1069,2944,4994,10000,0                         
TEL,660,S5,3373,1068,2944,4994,10000,0                         
TEL,661,S5,3404,1069,2944,4994,10000,0                         
TEL,662,S5,3404,1069,2944,4994,10000,0                         
TEL,663,S5,3404,1069,2944,4994,10000,0                         
TEL,664,S5,3404,1069,2944,4994,10000,0                         
TEL,665,S5,3404,1069,2944,4994,10000,0                         
TEL,666,S5,3342,1067,2944,4994,10000,0                         
TEL,667,S5,3373,1068,2944,4994,10000,0                         
TEL,668,S5,3404,1069,2944,4994,10000,0                         
TEL,669,S5,3404,1069,2944,4994,10000,0                         
TEL,670,S5,3404,1069,2944,4994,10000,0                         
TEL,671,S5,3529,1073,2944,4994,10000,0                         
TEL,672,S5,3342,1067,2944,4994,10000,0                         
TEL,673,S5,3466,1071,2944,4994,10000,0                         
TEL,674,S5,3404,1069,2944,4994,10000,0                         
TEL,675,S5,3373,1068,2944,4994,10000,0                         
TEL,676,S5,3404,1069,2944,4994,10000,0                         
TEL,677,S5,3404,1069,2944,4994,10000,0                         
TEL,678,S5,3404,1069,2944,4994,10000,0                         
TEL,679,S5,3404,1069,2944,4994,10000,0                         
TEL,680,S5,3404,1069,2944,4994,10000,0                         
TEL,681,S5,3404,1069,2944,4994,10000,0                         
TEL,682,S5,3342,1067,2944,4994,10000,0                         
TEL,683,S5,3404,1069,2944,4994,10000,0                         
TEL,684,S5,3404,1069,2944,4994,10000,0                         
TEL,685,S5,3342,1067,2944,4994,10000,0                         
TEL,686,S5,3404,1069,2944,4994,10000,0                         
TEL,687,S5,3404,1069,2944,4994,10000,0                         
TEL,688,S5,3435,1070,2944,4994,10000,0                         
TEL,689,S5,3404,1069,2944,4994,10000,0                         
TEL,690,S5,3404,1069,2944,4994,10000,0                         
TEL,691,S5,3404,1069,2944,4994,10000,0                         
TEL,692,S5,3404,1069,2944,4994,10000,0                         
TEL,693,S5,3404,1069,2944,4994,10000,0                         
TEL,694,S5,3342,1067,2944,4994,10000,0                         
TEL,695,S5,3404,1069,2944,4994,10000,0                         
TEL,696,S5,3404,1069,2944,4994,10000,0                         
TEL,697,S5,3373,1068,2944,4994,10000,0                         
TEL,698,S5,3373,1068,2944,4994,10000,0                         
TEL,699,S5,3373,1068,2944,4994,10000,0                         
TEL,700,S5,3404,1069,2944,4994,10000,0                         
TEL,701,S5,3404,1069,2944,4994,10000,0                         
TEL,702,S5,3498,1072,2944,4994,10000,0                         
TEL,703,S5,3342,1067,2944,4994,10000,0                         
TEL,704,S5,3342,1067,2944,4994,10000,0                         
TEL,705,S5,3404,1069,2944,4994,10000,0                         
TEL,706,S5,3466,1071,2944,4994,10000,0                         
TEL,707,S5,3404,1069,2944,4994,10000,0                         
BTN,5,S5,PRESSED,708,7028820,7028837,7028839                   
TEL,709,S5,3404,1069,2944,5095,10003,0                         
TEL,710,S5,3342,1066,2944,4994,9997,0                          
TEL,711,S5,3404,1069,2944,4994,10000,0                         
TEL,712,S5,3373,1068,2944,4994,10000,0                         
TEL,713,S5,3404,1069,2944,4994,10000,0                         
TEL,714,S5,3404,1069,2944,4994,10000,0                         
TEL,715,S5,3373,1068,2944,4994,10000,0                         
TEL,716,S5,3404,1069,2944,4994,10000,0                         
TEL,717,S5,3404,1069,2944,4994,10000,0                         
TEL,718,S5,3311,1065,2944,4994,10000,0                         
TEL,719,S5,3404,1069,2944,4994,10000,0                         
TEL,720,S5,3342,1067,2944,5003,10000,0                         
TEL,721,S5,3435,1070,2944,4994,10000,0                         
TEL,722,S5,3404,1069,2944,4994,10000,0                         
TEL,723,S5,3373,1068,2944,4994,10000,0                         
TEL,724,S5,3404,1069,2944,4994,10000,0                         
TEL,725,S5,3404,1069,2944,4994,10000,0                         
TEL,726,S5,3404,1069,2944,4994,10000,0                         
TEL,727,S5,3404,1069,2944,4994,10000,0                         
TEL,728,S5,3404,1069,2944,4994,10000,0                         
TEL,729,S5,3342,1067,2944,4994,10000,0                         
TEL,730,S5,3373,1068,2944,4994,10000,0                         
TEL,731,S5,3373,1068,2944,4994,10000,0                         
TEL,732,S5,3404,1069,2944,4994,10000,0                         
TEL,733,S5,3404,1069,2944,4994,10000,0                         
TEL,734,S5,3435,1070,2944,4994,10000,0                         
TEL,735,S5,3373,1068,2944,4994,10000,0                         
TEL,736,S5,3404,1069,2944,4994,10000,0                         
TEL,737,S5,3404,1069,2944,4994,10000,0                         
TEL,738,S5,3404,1069,2944,4994,10000,0                         
TEL,739,S5,3342,1067,2944,4994,10000,0                         
TEL,740,S5,3404,1069,2944,4994,10000,0                         
TEL,741,S5,3373,1068,2944,4994,10000,0                         
TEL,742,S5,3466,1071,2944,4994,10000,0                         
TEL,743,S5,3404,1069,2944,4994,10000,0                         
TEL,744,S5,3404,1069,2944,4994,10000,0                         
TEL,745,S5,3404,1069,2944,4994,10000,0                         
TEL,746,S5,3404,1069,2944,4994,10000,0                         
TEL,747,S5,3373,1068,2944,4994,10000,0                         
TEL,748,S5,3404,1069,2944,4994,10000,0                         
TEL,749,S5,3404,1069,2944,4994,10000,0                         
TEL,750,S5,3404,1069,2944,4994,10000,0                         
TEL,751,S5,3404,1069,2944,4994,10000,0                         
TEL,752,S5,3404,1069,2944,4994,10000,0                         
TEL,753,S5,3404,1069,2944,4994,10000,0                         
TEL,754,S5,3404,1069,2944,4994,10000,0                         
TEL,755,S5,3404,1069,2944,4994,10000,0                         
TEL,756,S5,3404,1069,2944,4994,10000,0                         
TEL,757,S5,3373,1068,2944,4994,10000,0                         
TEL,758,S5,3404,1069,2944,4994,10000,0                         
TEL,759,S5,3404,1069,2944,4994,10000,0                         
TEL,760,S5,3404,1069,2944,4994,10000,0                         
TEL,761,S5,3373,1068,2944,4994,10000,0                         
TEL,762,S5,3404,1069,2944,4994,10000,0                         
TEL,763,S5,3373,1068,2944,4994,10000,0                         
TEL,764,S5,3404,1069,2944,4994,10000,0                         
TEL,765,S5,3373,1068,2944,4994,10000,0                         
TEL,766,S5,3404,1069,2944,4994,10000,0                         
TEL,767,S5,3404,1069,2944,4994,10000,0                         
TEL,768,S5,3342,1066,2944,4994,10000,0                         
TEL,769,S5,3404,1069,2944,4994,10000,0                         
TEL,770,S5,3404,1069,2944,4994,10000,0                         
TEL,771,S5,3404,1069,2944,4994,10000,0                         
TEL,772,S5,3404,1069,2944,4994,10000,0                         
TEL,773,S5,3466,1071,2944,4994,10000,0                         
TEL,774,S5,3404,1069,2944,4994,10000,0                         
TEL,775,S5,3404,1069,2944,4994,10000,0                         
TEL,776,S5,3404,1069,2944,4994,10000,0                         
TEL,777,S5,3342,1067,2944,4994,10000,0                         
TEL,778,S5,3404,1069,2944,4994,10000,0                         
TEL,779,S5,3373,1068,2944,4994,10000,0                         
TEL,780,S5,3404,1069,2944,4994,10000,0                         
TEL,781,S5,3373,1068,2944,4994,10000,0                         
TEL,782,S5,3404,1069,2944,4994,10000,0                         
TEL,783,S5,3404,1069,2944,4994,10000,0                         
TEL,784,S5,3435,1070,2944,4994,10000,0                         
TEL,785,S5,3404,1069,2944,4994,10000,0                         
TEL,786,S5,3373,1068,2944,4994,10000,0                         
TEL,787,S5,3466,1071,2944,4994,10000,0                         
TEL,788,S5,3404,1069,2944,4994,10000,0                         
TEL,789,S5,3311,1065,2944,4994,10000,0                         
TEL,790,S5,3498,1072,2944,4994,10000,0                         
TEL,791,S5,3404,1069,2944,4994,10000,0                         
TEL,792,S5,3373,1068,2944,4994,10000,0                         
TEL,793,S5,3404,1069,2944,4994,10000,0                         
TEL,794,S5,3342,1067,2944,4994,10000,0                         
TEL,795,S5,3342,1067,2944,4994,10000,0                         
TEL,796,S5,3404,1069,2944,4994,10000,0                         
TEL,797,S5,3404,1069,2944,4994,10000,0                         
TEL,798,S5,3373,1068,2944,4994,10000,0                         
TEL,799,S5,3404,1069,2944,4994,10000,0                         
TEL,800,S5,3373,1068,2944,4994,10000,0                         
TEL,801,S5,3373,1068,2944,4994,10000,0                         
TEL,802,S5,3404,1069,2944,4994,10000,0                         
TEL,803,S5,3404,1069,2944,4994,10000,0                         
TEL,804,S5,3404,1069,2944,4994,10000,0                         
TEL,805,S5,3373,1068,2944,4994,10000,0                         
TEL,806,S5,3373,1068,2944,4994,10000,0                         
TEL,807,S5,3404,1069,2944,4994,10000,0                         
TEL,808,S5,3404,1069,2944,4994,10000,0                         
TEL,809,S5,3404,1069,2944,4994,10000,0                         
TEL,810,S5,3404,1069,2944,4994,10000,0                         
TEL,811,S5,3404,1069,2944,4994,10000,0                         
TEL,812,S5,3404,1069,2944,4994,10000,0                         
TEL,813,S5,3311,1065,2944,4994,10000,0                         
TEL,814,S5,3404,1069,2944,4994,10000,0                         
TEL,815,S5,3404,1069,2944,4994,10000,0                         
TEL,816,S5,3342,1067,2944,4994,10000,0                         
TEL,817,S5,3404,1069,2944,4994,10000,0                         
TEL,818,S5,3404,1069,2944,4994,10000,0                         
TEL,819,S5,3404,1069,2944,4994,10000,0                         
TEL,820,S5,3404,1069,2944,4994,10000,0                         
TEL,821,S5,3404,1069,2944,4994,10000,0                         
TEL,822,S5,3404,1069,2944,4994,10000,0                         
TEL,823,S5,3404,1069,2944,4994,10000,0                         
TEL,824,S5,3342,1067,2944,4994,10000,0                         
TEL,825,S5,3404,1069,2944,4994,10000,0                         
TEL,826,S5,3373,1068,2944,4994,10000,0                         
TEL,827,S5,3373,1068,2944,4994,10000,0                         
TEL,828,S5,3404,1069,2944,4994,10000,0                         
TEL,829,S5,3373,1068,2944,4994,10000,0                         
TEL,830,S5,3404,1069,2944,4994,10000,0                         
TEL,831,S5,3404,1069,2944,4994,10000,0                         
TEL,832,S5,3342,1067,2944,4994,10000,0                         
TEL,833,S5,3404,1069,2944,4994,10000,0                         
TEL,834,S5,3373,1068,2944,4994,10000,0                         
TEL,835,S5,3404,1069,2944,4994,10000,0                         
TEL,836,S5,3373,1068,2944,4994,10000,0                         
TEL,837,S5,3404,1069,2944,4994,10000,0                         
TEL,838,S5,3404,1069,2944,4994,10000,0                         
TEL,839,S5,3373,1068,2944,4994,10000,0                         
TEL,840,S5,3404,1069,2944,4994,10000,0                         
TEL,841,S5,3404,1069,2944,4994,10000,0                         
TEL,842,S5,3373,1068,2944,4994,10000,0                         
TEL,843,S5,3404,1069,2944,4994,10000,0                         
TEL,844,S5,3466,1071,2944,4994,10000,0                         
TEL,845,S5,3404,1069,2944,4994,10000,0                         
TEL,846,S5,3404,1069,2944,4994,10000,0                         
TEL,847,S5,3404,1069,2944,4994,10000,0                         
TEL,848,S5,3435,1070,2944,4994,10000,0                         
TEL,849,S5,3466,1071,2944,4994,10000,0                         
TEL,850,S5,3404,1069,2944,4994,10000,0                         
TEL,851,S5,3404,1069,2944,4994,10000,0                         
TEL,852,S5,3404,1069,2944,4994,10000,0                         
TEL,853,S5,3404,1069,2944,4994,10000,0                         
TEL,854,S5,3373,1068,2944,4994,10000,0                         
TEL,855,S5,3404,1069,2944,4994,10000,0                         
TEL,856,S5,3404,1069,2944,5008,10000,0                         
BTN,6,S5,PRESSED,857,8500541,8505221,8505223                   
TEL,858,S5,3435,1070,2944,5046,10000,0                         
TEL,859,S5,3342,1066,2944,4994,10000,0                         
TEL,860,S5,3342,1067,2944,4994,10000,0                         
TEL,861,S5,3311,1065,2944,4994,10000,0                         
TEL,862,S5,3404,1069,2944,4994,10000,0                         
TEL,863,S5,3404,1069,2944,4994,10000,0                         
TEL,864,S5,3342,1067,2944,4994,10000,0                         
TEL,865,S5,3404,1069,2944,4994,10000,0                         
TEL,866,S5,3404,1069,2944,4994,10000,0                         
TEL,867,S5,3373,1068,2944,4994,10000,0                         
TEL,868,S5,3404,1069,2944,4994,10000,0                         
TEL,869,S5,3404,1069,2944,4994,10000,0                         
TEL,870,S5,3404,1069,2944,4994,10000,0                         
TEL,871,S5,3404,1069,2944,4994,10000,0                         
TEL,872,S5,3342,1067,2944,4994,10000,0                         
TEL,873,S5,3404,1069,2944,4994,10000,0                         
TEL,874,S5,3373,1068,2944,4994,10000,0                         
TEL,875,S5,3404,1069,2944,4994,10000,0                         
TEL,876,S5,3404,1069,2944,4994,10000,0                         
TEL,877,S5,3373,1068,2944,4994,10000,0                         
TEL,878,S5,3404,1069,2944,4994,10000,0                         
TEL,879,S5,3404,1069,2944,4994,10000,0                         
TEL,880,S5,3342,1067,2944,4994,10000,0                         
TEL,881,S5,3404,1069,2944,4994,10000,0                         
TEL,882,S5,3342,1067,2944,4994,10000,0                         
TEL,883,S5,3404,1069,2944,4994,10000,0                         
TEL,884,S5,3404,1069,2944,4994,10000,0                         
TEL,885,S5,3404,1069,2944,4994,10000,0                         
TEL,886,S5,3404,1069,2944,4994,10000,0                         
TEL,887,S5,3404,1069,2944,4994,10000,0                         
TEL,888,S5,3404,1069,2944,4994,10000,0                         
TEL,889,S5,3529,1073,2944,4994,10000,0                         
TEL,890,S5,3404,1069,2944,4994,10000,0                         
TEL,891,S5,3404,1069,2944,4994,10000,0                         
TEL,892,S5,3404,1069,2944,4994,10000,0                         
TEL,893,S5,3404,1069,2944,4994,10000,0                         
TEL,894,S5,3404,1069,2944,4994,10000,0                         
TEL,895,S5,3404,1069,2944,4994,10000,0                         
TEL,896,S5,3342,1066,2944,4994,10000,0                         
TEL,897,S5,3404,1069,2944,4994,10000,0                         
TEL,898,S5,3373,1068,2944,4994,10000,0                         
TEL,899,S5,3373,1068,2944,4994,10000,0                         
TEL,900,S5,3249,1063,2944,4994,10000,0                         
TEL,901,S5,3404,1069,2944,4994,10000,0                         
TEL,902,S5,3342,1067,2944,4994,10000,0                         
TEL,903,S5,3529,1073,2944,4994,10000,0                         
TEL,904,S5,3404,1069,2944,4994,10000,0                         
TEL,905,S5,3373,1068,2944,4994,10000,0                         
TEL,906,S5,3404,1069,2944,4994,10000,0                         
TEL,907,S5,3404,1069,2944,4994,10000,0                         
TEL,908,S5,3404,1069,2944,4994,10000,0                         
TEL,909,S5,3404,1069,2944,4994,10000,0                         
TEL,910,S5,3342,1067,2944,4994,10000,0                         
TEL,911,S5,3404,1069,2944,4994,10000,0                         
TEL,912,S5,3342,1067,2944,4994,10000,0                         
TEL,913,S5,3404,1069,2944,4994,10000,0                         
TEL,914,S5,3404,1069,2944,4994,10000,0                         
TEL,915,S5,3404,1069,2944,4994,10000,0                         
TEL,916,S5,3404,1069,2944,4994,10000,0                         
TEL,917,S5,3311,1065,2944,4994,10000,0                         
TEL,918,S5,3404,1069,2944,4994,10000,0                         
TEL,919,S5,3404,1069,2944,4994,10000,0                         
TEL,920,S5,3404,1069,2944,4994,10000,0                         
TEL,921,S5,3404,1069,2944,4994,10000,0                         
TEL,922,S5,3498,1072,2944,4994,10000,0                         
TEL,923,S5,3404,1069,2944,4994,10000,0                         
TEL,924,S5,3404,1069,2944,4994,10000,0                         
TEL,925,S5,3373,1068,2944,4994,10000,0                         
TEL,926,S5,3373,1068,2944,4994,10000,0                         
TEL,927,S5,3373,1068,2944,4994,10000,0                         
TEL,928,S5,3529,1073,2944,4994,10000,0                         
TEL,929,S5,3404,1069,2944,4994,10000,0                         
TEL,930,S5,3373,1068,2944,4994,10000,0                         
TEL,931,S5,3404,1069,2944,4994,10000,0                         
TEL,932,S5,3404,1069,2944,4994,10000,0                         
TEL,933,S5,3342,1067,2944,4994,10000,0                         
TEL,934,S5,3466,1071,2944,4994,10000,0                         
TEL,935,S5,3404,1069,2944,4994,10000,0                         
TEL,936,S5,3404,1069,2944,4994,10000,0                         
TEL,937,S5,3404,1069,2944,4994,10000,0                         
TEL,938,S5,3373,1068,2944,4994,10000,0                         
TEL,939,S5,3404,1069,2944,4994,10000,0                         
TEL,940,S5,3404,1069,2944,4994,10000,0                         
TEL,941,S5,3404,1069,2944,4994,10000,0                         
TEL,942,S5,3373,1068,2944,4994,10000,0                         
TEL,943,S5,3404,1069,2944,4994,10000,0                         
TEL,944,S5,3404,1069,2944,4994,10000,0                         
TEL,945,S5,3404,1069,2944,4994,10000,0                         
TEL,946,S5,3311,1065,2944,4994,10000,0                         
TEL,947,S5,3373,1068,2944,4994,10000,0                         
TEL,948,S5,3404,1069,2944,4994,10000,0                         
TEL,949,S5,3404,1069,2944,4994,10000,0                         
TEL,950,S5,3373,1068,2944,4994,10000,0                         
TEL,951,S5,3404,1069,2944,4994,10000,0                         
TEL,952,S5,3404,1069,2944,4994,10000,0                         
TEL,953,S5,3404,1069,2944,4994,10000,0                         
TEL,954,S5,3373,1068,2944,4994,10000,0                         
TEL,955,S5,3404,1069,2944,4994,10000,0                         
TEL,956,S5,3404,1069,2944,4994,10000,0                         
TEL,957,S5,3373,1068,2944,4994,10000,0                         
TEL,958,S5,3373,1068,2944,4994,10000,0                         
TEL,959,S5,3342,1067,2944,4994,10000,0                         
TEL,960,S5,3342,1067,2944,4994,10000,0                         
TEL,961,S5,3404,1069,2944,4994,10000,0                         
TEL,962,S5,3404,1069,2944,4994,10000,0                         
TEL,963,S5,3342,1067,2944,4994,10000,0                         
TEL,964,S5,3373,1068,2944,4994,10000,0                         
TEL,965,S5,3404,1069,2944,4994,10000,0                         
TEL,966,S5,3373,1068,2944,4994,10000,0                         
TEL,967,S5,3404,1069,2944,4994,10000,0                         
TEL,968,S5,3373,1068,2944,4994,10000,0                         
TEL,969,S5,3404,1069,2944,4994,10000,0                         
TEL,970,S5,3404,1069,2944,4994,10000,0                         
TEL,971,S5,3373,1068,2944,4994,10000,0                         
TEL,972,S5,3404,1069,2944,4994,10000,0                         
TEL,973,S5,3404,1069,2944,4994,10000,0                         
TEL,974,S5,3404,1069,2944,4994,10000,0                         
TEL,975,S5,3342,1067,2944,4994,10000,0                         
TEL,976,S5,3342,1067,2944,4994,10000,0                         
TEL,977,S5,3373,1068,2944,4994,10000,0                         
TEL,978,S5,3404,1069,2944,4994,10000,0                         
TEL,979,S5,3404,1069,2944,5008,10000,0                         
BTN,7,S5,PRESSED,980,9722713,9725222,9725224                   
TEL,981,S5,3373,1068,2944,5046,10000,0                         
TEL,982,S5,3435,1070,2944,4994,10000,0                         
TEL,983,S5,3373,1068,2944,4994,10000,0                         
TEL,984,S5,3404,1069,2944,4994,10000,0                         
TEL,985,S5,3404,1069,2944,4994,10000,0                         
TEL,986,S5,3529,1073,2944,4994,10000,0                         
TEL,987,S5,3404,1069,2944,4994,10000,0                         
TEL,988,S5,3404,1069,2944,4994,10000,0                         
TEL,989,S5,3404,1069,2944,4994,10000,0                         
TEL,990,S5,3404,1069,2944,4994,10000,0                         
TEL,991,S5,3373,1068,2944,4994,10000,0                         
TEL,992,S5,3560,1074,2944,4994,10000,0                         
TEL,993,S5,3404,1069,2944,4994,10000,0                         
TEL,994,S5,3373,1068,2944,4994,10000,0                         
TEL,995,S5,3373,1068,2944,4994,10000,0                         
TEL,996,S5,3404,1069,2944,4994,10000,0                         
TEL,997,S5,3466,1071,2944,4994,10000,0                         
TEL,998,S5,3404,1069,2944,4994,10000,0                         
TEL,999,S5,3404,1069,2944,4994,10000,0                         
TEL,1000,S5,3404,1069,2944,4994,10000,0                        
TEL,1001,S5,3373,1068,2944,4994,10000,0                        
TEL,1002,S5,3404,1069,2944,4994,10000,0                        
TEL,1003,S5,3404,1069,2944,4994,10000,0                        
TEL,1004,S5,3404,1069,2944,4994,10000,0                        
TEL,1005,S5,3404,1069,2944,4994,10000,0                        
TEL,1006,S5,3404,1069,2944,4994,10000,0                        
TEL,1007,S5,3466,1071,2944,4994,10000,0                        
TEL,1008,S5,3404,1069,2944,4994,10000,0                        
TEL,1009,S5,3404,1069,2944,4994,10000,0                        
TEL,1010,S5,3342,1067,2944,4994,10000,0                        
TEL,1011,S5,3404,1069,2944,4994,10000,0                        
TEL,1012,S5,3373,1068,2944,4994,10000,0                        
TEL,1013,S5,3404,1069,2944,4994,10000,0                        
TEL,1014,S5,3404,1069,2944,4994,10000,0                        
TEL,1015,S5,3404,1069,2944,4994,10000,0                        
TEL,1016,S5,3404,1069,2944,4994,10000,0                        
TEL,1017,S5,3373,1068,2944,4994,10000,0                        
TEL,1018,S5,3404,1069,2944,4994,10000,0                        
TEL,1019,S5,3404,1069,2944,4994,10000,0                        
TEL,1020,S5,3404,1069,2944,4994,10000,0                        
TEL,1021,S5,3404,1069,2944,4994,10000,0                        
TEL,1022,S5,3342,1067,2944,4994,10000,0                        
TEL,1023,S5,3404,1069,2944,4994,10000,0                        
TEL,1024,S5,3311,1065,2944,4994,10000,0                        
TEL,1025,S5,3404,1069,2944,4994,10000,0                        
TEL,1026,S5,3404,1069,2944,4994,10000,0                        
TEL,1027,S5,3404,1069,2944,4994,10000,0                        
TEL,1028,S5,3404,1069,2944,4994,10000,0                        
TEL,1029,S5,3404,1069,2944,4994,10000,0                        
TEL,1030,S5,3404,1069,2944,4994,10000,0                        
TEL,1031,S5,3404,1069,2944,4994,10000,0                        
TEL,1032,S5,3404,1069,2944,4994,10000,0                        
TEL,1033,S5,3404,1069,2944,4994,10000,0                        
TEL,1034,S5,3404,1069,2944,4994,10000,0                        
TEL,1035,S5,3404,1069,2944,4994,10000,0                        
TEL,1036,S5,3404,1069,2944,4994,10000,0                        
TEL,1037,S5,3342,1067,2944,4994,10000,0                        
TEL,1038,S5,3404,1069,2944,4994,10000,0                        
TEL,1039,S5,3404,1069,2944,4994,10000,0                        
TEL,1040,S5,3342,1067,2944,4994,10000,0                        
TEL,1041,S5,3404,1069,2944,4994,10000,0                        
TEL,1042,S5,3373,1068,2944,4994,10000,0                        
TEL,1043,S5,3466,1071,2944,4994,10000,0                        
TEL,1044,S5,3404,1069,2944,4994,10000,0                        
TEL,1045,S5,3404,1069,2944,4994,10000,0                        
TEL,1046,S5,3404,1069,2944,4994,10000,0                        
TEL,1047,S5,3404,1069,2944,4994,10000,0                        
TEL,1048,S5,3404,1069,2944,4994,10000,0                        
TEL,1049,S5,3373,1068,2944,4994,10000,0                        
TEL,1050,S5,3404,1069,2944,4994,10000,0                        
TEL,1051,S5,3404,1069,2944,4994,10000,0                        
TEL,1052,S5,3404,1069,2944,4994,10000,0                        
TEL,1053,S5,3404,1069,2944,4994,10000,0                        
TEL,1054,S5,3373,1068,2944,4994,10000,0                        
TEL,1055,S5,3404,1069,2944,4994,10000,0                        
TEL,1056,S5,3373,1068,2944,4994,10000,0                        
TEL,1057,S5,3404,1069,2944,4994,10000,0                        
TEL,1058,S5,3404,1069,2944,4994,10000,0                        
TEL,1059,S5,3404,1069,2944,4994,10000,0                        
TEL,1060,S5,3404,1069,2944,4994,10000,0                        
TEL,1061,S5,3404,1069,2944,4994,10000,0                        
TEL,1062,S5,3404,1069,2944,4994,10000,0                        
TEL,1063,S5,3404,1069,2944,4994,10000,0                        
TEL,1064,S5,3404,1069,2944,4994,10000,0                        
TEL,1065,S5,3404,1069,2944,4994,10000,0                        
TEL,1066,S5,3404,1069,2944,4994,10000,0                        
TEL,1067,S5,3404,1069,2944,4994,10000,0                        
TEL,1068,S5,3404,1069,2944,4994,10000,0                        
TEL,1069,S5,3404,1069,2944,4994,10000,0                        
TEL,1070,S5,3404,1069,2944,4994,10000,0                        
TEL,1071,S5,3373,1068,2944,4994,10000,0                        
TEL,1072,S5,3342,1067,2944,4994,10000,0                        
TEL,1073,S5,3404,1069,2944,4994,10000,0                        
TEL,1074,S5,3404,1069,2944,4994,10000,0                        
TEL,1075,S5,3404,1069,2944,4994,10000,0                        
TEL,1076,S5,3373,1068,2944,4994,10000,0                        
TEL,1077,S5,3404,1069,2944,4994,10000,0                        
TEL,1078,S5,3404,1069,2944,4994,10000,0                        
TEL,1079,S5,3373,1068,2944,4994,10000,0                        
TEL,1080,S5,3404,1069,2944,4994,10000,0                        
TEL,1081,S5,3404,1069,2944,4994,10000,0                        
TEL,1082,S5,3404,1069,2944,4994,10000,0                        
TEL,1083,S5,3342,1067,2944,4994,10000,0                        
TEL,1084,S5,3342,1067,2944,4994,10000,0                        
TEL,1085,S5,3342,1067,2944,4994,10000,0                        
TEL,1086,S5,3404,1069,2944,4994,10000,0                        
TEL,1087,S5,3373,1068,2944,4994,10000,0                        
TEL,1088,S5,3280,1064,2944,4994,10000,0                        
TEL,1089,S5,3342,1067,2944,4994,10000,0                        
TEL,1090,S5,3466,1071,2944,4994,10000,0                        
TEL,1091,S5,3404,1069,2944,4994,10000,0                        
TEL,1092,S5,3404,1069,2944,4994,10000,0                        
TEL,1093,S5,3529,1073,2944,4994,10000,0                        
TEL,1094,S5,3404,1069,2944,4994,10000,0                        
TEL,1095,S5,3529,1073,2944,4994,10000,0                        
TEL,1096,S5,3404,1069,2944,4994,10000,0                        
TEL,1097,S5,3529,1073,2944,4994,10000,0                        
TEL,1098,S5,3466,1071,2944,4994,10000,0                        
TEL,1099,S5,3404,1069,2944,4994,10000,0                        
TEL,1100,S5,3404,1069,2944,4994,10000,0                        
TEL,1101,S5,3404,1069,2944,4994,10000,0                        
TEL,1102,S5,3404,1069,2944,4994,10000,0                        
TEL,1103,S5,3404,1069,2944,4994,10000,0                        
TEL,1104,S5,3373,1068,2944,5008,10000,0                        
BTN,8,S5,PRESSED,1105,10961788,10965222,10965223               
TEL,1106,S5,3404,1069,2944,5046,10000,0                        
TEL,1107,S5,3404,1069,2944,4994,10000,0                        
TEL,1108,S5,3404,1069,2944,4994,10000,0                        
TEL,1109,S5,3404,1069,2944,4994,10000,0                        
TEL,1110,S5,3373,1068,2944,4994,10000,0                        
TEL,1111,S5,3373,1068,2944,4994,10000,0                        
TEL,1112,S5,3404,1069,2944,4994,10000,0                        
TEL,1113,S5,3498,1072,2944,4994,10000,0                        
TEL,1114,S5,3404,1069,2944,4994,10000,0                        
TEL,1115,S5,3404,1069,2944,4994,10000,0                        
TEL,1116,S5,3529,1073,2944,4994,10000,0                        
TEL,1117,S5,3373,1068,2944,4994,10000,0                        
TEL,1118,S5,3373,1068,2944,4994,10000,0                        
TEL,1119,S5,3404,1069,2944,4994,10000,0                        
TEL,1120,S5,3342,1067,2944,4994,10000,0                        
TEL,1121,S5,3404,1069,2944,4994,10000,0                        
TEL,1122,S5,3373,1068,2944,4994,10000,0                        
TEL,1123,S5,3373,1068,2944,4994,10000,0                        
TEL,1124,S5,3342,1067,2944,4994,10000,0                        
TEL,1125,S5,3373,1068,2944,4994,10000,0                        
TEL,1126,S5,3404,1069,2944,4994,10000,0                        
TEL,1127,S5,3404,1069,2944,4994,10000,0                        
TEL,1128,S5,3404,1069,2944,4994,10000,0                        
TEL,1129,S5,3404,1069,2944,4994,10000,0                        
TEL,1130,S5,3404,1069,2944,4994,10000,0                        
TEL,1131,S5,3373,1068,2944,4994,10000,0                        
TEL,1132,S5,3404,1069,2944,4994,10000,0                        
TEL,1133,S5,3404,1069,2944,4994,10000,0                        
TEL,1134,S5,3466,1071,2944,4994,10000,0                        
TEL,1135,S5,3373,1068,2944,4994,10000,0                        
TEL,1136,S5,3373,1068,2944,4994,10000,0                        
TEL,1137,S5,3404,1069,2944,4994,10000,0                        
TEL,1138,S5,3404,1069,2944,4994,10000,0                        
TEL,1139,S5,3342,1067,2944,4994,10000,0                        
TEL,1140,S5,3404,1069,2944,4994,10000,0                        
TEL,1141,S5,3404,1069,2944,4994,10000,0                        
TEL,1142,S5,3404,1069,2944,4994,10000,0                        
TEL,1143,S5,3373,1068,2944,4994,10000,0                        
TEL,1144,S5,3404,1069,2944,4994,10000,0                        
TEL,1145,S5,3311,1065,2944,4994,10000,0                        
TEL,1146,S5,3404,1069,2944,4994,10000,0                        
TEL,1147,S5,3404,1069,2944,4994,10000,0                        
TEL,1148,S5,3404,1069,2944,4994,10000,0                        
TEL,1149,S5,3404,1069,2944,4994,10000,0                        
TEL,1150,S5,3249,1063,2944,4994,10000,0                        
TEL,1151,S5,3342,1067,2944,4994,10000,0                        
TEL,1152,S5,3435,1070,2944,4994,10000,0                        
TEL,1153,S5,3498,1072,2944,4994,10000,0                        
TEL,1154,S5,3498,1072,2944,4994,10000,0                        
TEL,1155,S5,3404,1069,2944,4994,10000,0                        
TEL,1156,S5,3404,1069,2944,4994,10000,0                        
TEL,1157,S5,3373,1068,2944,4994,10000,0                        
TEL,1158,S5,3404,1069,2944,4994,10000,0                        
TEL,1159,S5,3404,1069,2944,4994,10000,0                        
TEL,1160,S5,3404,1069,2944,4994,10000,0                        
TEL,1161,S5,3404,1069,2944,4994,10000,0                        
TEL,1162,S5,3404,1069,2944,4994,10000,0                        
TEL,1163,S5,3404,1069,2944,4994,10000,0                        
TEL,1164,S5,3404,1069,2944,4994,10000,0                        
TEL,1165,S5,3404,1069,2944,4994,10000,0                        
TEL,1166,S5,3404,1069,2944,4994,10000,0                        
TEL,1167,S5,3311,1065,2944,4994,10000,0                        
TEL,1168,S5,3404,1069,2944,4994,10000,0                        
TEL,1169,S5,3373,1068,2944,4994,10000,0                        
TEL,1170,S5,3404,1069,2944,4994,10000,0                        
TEL,1171,S5,3404,1069,2944,4994,10000,0                        
TEL,1172,S5,3404,1069,2944,4994,10000,0                        
TEL,1173,S5,3404,1069,2944,4994,10000,0                        
TEL,1174,S5,3404,1069,2944,4994,10000,0                        
TEL,1175,S5,3404,1069,2944,4994,10000,0                        
TEL,1176,S5,3404,1069,2944,4994,10000,0                        
TEL,1177,S5,3249,1063,2944,4994,10000,0                        
TEL,1178,S5,3311,1065,2944,4994,10000,0                        
TEL,1179,S5,3342,1067,2944,4994,10000,0                        
TEL,1180,S5,3373,1068,2944,4994,10000,0                        
TEL,1181,S5,3373,1068,2944,4994,10000,0                        
TEL,1182,S5,3404,1069,2944,4994,10000,0                        
TEL,1183,S5,3404,1069,2944,4994,10000,0                        
TEL,1184,S5,3435,1070,2944,4994,10000,0                        
TEL,1185,S5,3404,1069,2944,4994,10000,0                        
TEL,1186,S5,3373,1068,2944,4994,10000,0                        
TEL,1187,S5,3404,1069,2944,4994,10000,0                        
TEL,1188,S5,3249,1063,2944,4994,10000,0                        
TEL,1189,S5,3404,1069,2944,4994,10000,0                        
TEL,1190,S5,3404,1069,2944,4994,10000,0                        
TEL,1191,S5,3404,1069,2944,4994,10000,0                        
TEL,1192,S5,3404,1069,2944,4994,10000,0                        
TEL,1193,S5,3404,1069,2944,4994,10000,0                        
TEL,1194,S5,3404,1069,2944,4994,10000,0                        
TEL,1195,S5,3373,1068,2944,4994,10000,0                        
TEL,1196,S5,3342,1067,2944,4994,10000,0                        
TEL,1197,S5,3404,1069,2944,4994,10000,0                        
TEL,1198,S5,3404,1069,2944,4994,10000,0                        
TEL,1199,S5,3404,1069,2944,4994,10000,0                        
TEL,1200,S5,3435,1070,2944,4994,10000,0                        
TEL,1201,S5,3373,1068,2944,4994,10000,0                        
TEL,1202,S5,3404,1069,2944,4994,10000,0                        
TEL,1203,S5,3466,1071,2944,4994,10000,0                        
TEL,1204,S5,3404,1069,2944,4994,10000,0                        
TEL,1205,S5,3404,1069,2944,4994,10000,0                        
TEL,1206,S5,3373,1068,2944,4994,10000,0                        
TEL,1207,S5,3373,1068,2944,4994,10000,0                        
TEL,1208,S5,3373,1068,2944,4994,10000,0                        
TEL,1209,S5,3342,1067,2944,4994,10000,0                        
TEL,1210,S5,3404,1069,2944,4994,10000,0                        
TEL,1211,S5,3404,1069,2944,4994,10000,0                        
TEL,1212,S5,3404,1069,2944,4994,10000,0                        
TEL,1213,S5,3404,1069,2944,4994,10000,0                        
TEL,1214,S5,3342,1067,2944,4994,10000,0                        
TEL,1215,S5,3404,1069,2944,4994,10000,0                        
TEL,1216,S5,3373,1068,2944,4994,10000,0                        
TEL,1217,S5,3404,1069,2944,4994,10000,0                        
TEL,1218,S5,3404,1069,2944,4994,10000,0                        
TEL,1219,S5,3404,1069,2944,4994,10000,0                        
TEL,1220,S5,3342,1067,2944,4994,10000,0                        
TEL,1221,S5,3342,1067,2944,4994,10000,0                        
TEL,1222,S5,3342,1066,2944,4994,10000,0                        
TEL,1223,S5,3373,1068,2944,4994,10000,0                        
TEL,1224,S5,3342,1067,2944,4994,10000,0                        
TEL,1225,S5,3342,1067,2944,4994,10000,0                        
TEL,1226,S5,3404,1069,2944,4994,10000,0                        
TEL,1227,S5,3404,1069,2944,4994,10000,0                        
TEL,1228,S5,3404,1069,2944,4994,10000,0                        
TEL,1229,S5,3404,1069,2944,4994,10000,0                        
TEL,1230,S5,3373,1068,2944,4994,10000,0                        
BTN,9,S5,PRESSED,1231,12220114,12220132,12220133               
TEL,1232,S5,3404,1069,2944,4995,10003,1                        
TEL,1233,S5,3404,1069,2944,5041,9997,0                         
TEL,1234,S5,3404,1069,2944,4994,10000,0                        
TEL,1235,S5,3373,1068,2944,4994,10000,0                        
TEL,1236,S5,3404,1069,2944,4994,10000,0                        
TEL,1237,S5,3404,1069,2944,4994,10000,0                        
TEL,1238,S5,3404,1069,2944,4994,10000,0                        
TEL,1239,S5,3373,1068,2944,4994,10000,0                        
TEL,1240,S5,3249,1063,2944,4994,10000,0                        
TEL,1241,S5,3404,1069,2944,4994,10000,0                        
TEL,1242,S5,3404,1069,2944,4994,10000,0                        
TEL,1243,S5,3404,1069,2944,4994,10000,0                        
TEL,1244,S5,3404,1069,2944,4994,10000,0                        
TEL,1245,S5,3404,1069,2944,4994,10000,0                        
TEL,1246,S5,3404,1069,2944,4994,10000,0                        
TEL,1247,S5,3404,1069,2944,4994,10000,0                        
TEL,1248,S5,3466,1071,2944,4994,10000,0                        
TEL,1249,S5,3404,1069,2944,4994,10000,0                        
TEL,1250,S5,3404,1069,2944,4994,10000,0                        
TEL,1251,S5,3404,1069,2944,4994,10000,0                        
TEL,1252,S5,3373,1068,2944,4994,10000,0                        
TEL,1253,S5,3404,1069,2944,4994,10000,0                        
TEL,1254,S5,3404,1069,2944,4994,10000,0                        
TEL,1255,S5,3311,1065,2944,4994,10000,0                        
TEL,1256,S5,3404,1069,2944,4994,10000,0                        
TEL,1257,S5,3404,1069,2944,4994,10000,0                        
TEL,1258,S5,3404,1069,2944,4994,10000,0                        
TEL,1259,S5,3373,1068,2944,4994,10000,0                        
TEL,1260,S5,3404,1069,2944,4994,10000,0                        
TEL,1261,S5,3404,1069,2944,4994,10000,0                        
TEL,1262,S5,3404,1069,2944,4994,10000,0                        
TEL,1263,S5,3404,1069,2944,4994,10000,0                        
TEL,1264,S5,3404,1069,2944,4994,10000,0                        
TEL,1265,S5,3404,1069,2944,4994,10000,0                        
TEL,1266,S5,3404,1069,2944,4994,10000,0                        
TEL,1267,S5,3404,1069,2944,4994,10000,0                        
TEL,1268,S5,3404,1069,2944,4994,10000,0                        
TEL,1269,S5,3404,1069,2944,4994,10000,0                        
TEL,1270,S5,3404,1069,2944,4994,10000,0                        
TEL,1271,S5,3404,1069,2944,4994,10000,0                        
TEL,1272,S5,3404,1069,2944,4994,10000,0                        
TEL,1273,S5,3404,1069,2944,4994,10000,0                        
TEL,1274,S5,3404,1069,2944,4994,10000,0                        
TEL,1275,S5,3342,1067,2944,4994,10000,0                        
TEL,1276,S5,3435,1070,2944,4994,10000,0                        
TEL,1277,S5,3466,1071,2944,4994,10000,0                        
TEL,1278,S5,3404,1069,2944,4994,10000,0                        
TEL,1279,S5,3404,1069,2944,4994,10000,0                        
TEL,1280,S5,3342,1067,2944,4994,10000,0                        
TEL,1281,S5,3404,1069,2944,4994,10000,0                        
TEL,1282,S5,3404,1069,2944,4994,10000,0                        
TEL,1283,S5,3404,1069,2944,4994,10000,0                        
TEL,1284,S5,3373,1068,2944,4994,10000,0                        
TEL,1285,S5,3404,1069,2944,4994,10000,0                        
TEL,1286,S5,3404,1069,2944,4994,10000,0                        
TEL,1287,S5,3373,1068,2944,4994,10000,0                        
TEL,1288,S5,3373,1068,2944,4994,10000,0                        
TEL,1289,S5,3529,1073,2944,4994,10000,0                        
TEL,1290,S5,3404,1069,2944,4994,10000,0                        
TEL,1291,S5,3529,1073,2944,4994,10000,0                        
TEL,1292,S5,3404,1069,2944,4994,10000,0                        
TEL,1293,S5,3373,1068,2944,4994,10000,0                        
TEL,1294,S5,3435,1070,2944,4994,10000,0                        
TEL,1295,S5,3404,1069,2944,4994,10000,0                        
TEL,1296,S5,3498,1072,2944,4994,10000,0                        
TEL,1297,S5,3404,1069,2944,4994,10000,0                        
TEL,1298,S5,3404,1069,2944,4994,10000,0                        
TEL,1299,S5,3404,1069,2944,4994,10000,0                        
TEL,1300,S5,3404,1069,2944,4994,10000,0                        
TEL,1301,S5,3404,1069,2944,4994,10000,0                        
TEL,1302,S5,3404,1069,2944,4994,10000,0                        
TEL,1303,S5,3404,1069,2944,4994,10000,0                        
TEL,1304,S5,3404,1069,2944,4994,10000,0                        
TEL,1305,S5,3404,1069,2944,4994,10000,0                        
TEL,1306,S5,3342,1067,2944,4994,10000,0                        
TEL,1307,S5,3373,1068,2944,4994,10000,0                        
TEL,1308,S5,3404,1069,2944,4994,10000,0                        
TEL,1309,S5,3466,1071,2944,4994,10000,0                        
TEL,1310,S5,3404,1069,2944,4994,10000,0                        
TEL,1311,S5,3404,1069,2944,4994,10000,0                        
TEL,1312,S5,3435,1070,2944,4994,10000,0                        
TEL,1313,S5,3404,1069,2944,4994,10000,0                        
TEL,1314,S5,3404,1069,2944,4994,10000,0                        
TEL,1315,S5,3404,1069,2944,4994,10000,0                        
TEL,1316,S5,3404,1069,2944,4994,10000,0                        
TEL,1317,S5,3404,1069,2944,4994,10000,0                        
TEL,1318,S5,3404,1069,2944,4994,10000,0                        
TEL,1319,S5,3404,1069,2944,4994,10000,0                        
TEL,1320,S5,3404,1069,2944,4994,10000,0                        
TEL,1321,S5,3404,1069,2944,4994,10000,0                        
TEL,1322,S5,3404,1069,2944,4994,10000,0                        
TEL,1323,S5,3373,1068,2944,4994,10000,0                        
TEL,1324,S5,3529,1073,2944,4994,10000,0                        
TEL,1325,S5,3404,1069,2944,4994,10000,0                        
TEL,1326,S5,3404,1069,2944,4994,10000,0                        
TEL,1327,S5,3373,1068,2944,4994,10000,0                        
TEL,1328,S5,3404,1069,2944,4994,10000,0                        
TEL,1329,S5,3404,1069,2944,4994,10000,0                        
TEL,1330,S5,3404,1069,2944,4994,10000,0                        
TEL,1331,S5,3404,1069,2944,4994,10000,0                        
TEL,1332,S5,3404,1069,2944,4994,10000,0                        
TEL,1333,S5,3404,1069,2944,4994,10000,0                        
TEL,1334,S5,3404,1069,2944,4994,10000,0                        
TEL,1335,S5,3404,1069,2944,4994,10000,0                        
TEL,1336,S5,3373,1068,2944,4994,10000,0                        
TEL,1337,S5,3404,1069,2944,4994,10000,0                        
TEL,1338,S5,3249,1063,2944,4994,10000,0                        
TEL,1339,S5,3404,1069,2944,4994,10000,0                        
TEL,1340,S5,3373,1068,2944,4994,10000,0                        
TEL,1341,S5,3373,1068,2944,4994,10000,0                        
TEL,1342,S5,3404,1069,2944,4994,10000,0                        
TEL,1343,S5,3404,1069,2944,4994,10000,0                        
TEL,1344,S5,3435,1070,2944,4994,10000,0                        
TEL,1345,S5,3404,1069,2944,4994,10000,0                        
TEL,1346,S5,3404,1069,2944,4994,10000,0                        
TEL,1347,S5,3404,1069,2944,4994,10000,0                        
TEL,1348,S5,3404,1069,2944,4994,10000,0                        
TEL,1349,S5,3404,1069,2944,4994,10000,0                        
TEL,1350,S5,3373,1068,2944,4994,10000,0                        
TEL,1351,S5,3404,1069,2944,4994,10000,0                        
TEL,1352,S5,3404,1069,2944,4994,10000,0                        
BTN,10,S5,PRESSED,1353,13429361,13429378,13429380              
TEL,1354,S5,3404,1069,2944,5130,10000,0                        
TEL,1355,S5,3217,1062,2944,4994,10000,0                        
TEL,1356,S5,3404,1069,2944,4994,10000,0                        
TEL,1357,S5,3404,1069,2944,4994,10000,0                        
TEL,1358,S5,3404,1069,2944,4994,10000,0                        
TEL,1359,S5,3404,1069,2944,4994,10000,0                        
TEL,1360,S5,3435,1070,2944,4994,10000,0                        
TEL,1361,S5,3466,1071,2944,4994,10000,0                        
TEL,1362,S5,3404,1069,2944,4994,10000,0                        
TEL,1363,S5,3404,1069,2944,4994,10000,0                        
TEL,1364,S5,3404,1069,2944,4994,10000,0                        
TEL,1365,S5,3404,1069,2944,4994,10000,0                        
TEL,1366,S5,3373,1068,2944,4994,10000,0                        
TEL,1367,S5,3404,1069,2944,4994,10000,0                        
TEL,1368,S5,3404,1069,2944,4994,10000,0                        
TEL,1369,S5,3342,1067,2944,4994,10000,0                        
TEL,1370,S5,3466,1071,2944,4994,10000,0                        
TEL,1371,S5,3373,1068,2944,4994,10000,0                        
TEL,1372,S5,3529,1073,2944,4994,10000,0                        
TEL,1373,S5,3404,1069,2944,4994,10000,0                        
TEL,1374,S5,3404,1069,2944,4994,10000,0                        
TEL,1375,S5,3404,1069,2944,4994,10000,0                        
TEL,1376,S5,3342,1067,2944,4994,10000,0                        
TEL,1377,S5,3404,1069,2944,4994,10000,0                        
TEL,1378,S5,3404,1069,2944,4994,10000,0                        
TEL,1379,S5,3373,1068,2944,4994,10000,0                        
TEL,1380,S5,3404,1069,2944,4994,10000,0                        
TEL,1381,S5,3373,1068,2944,4994,10000,0                        
TEL,1382,S5,3404,1069,2944,4994,10000,0                        
TEL,1383,S5,3404,1069,2944,4994,10000,0                        
TEL,1384,S5,3404,1069,2944,4994,10000,0                        
TEL,1385,S5,3404,1069,2944,4994,10000,0                        
TEL,1386,S5,3373,1068,2944,4994,10000,0                        
TEL,1387,S5,3342,1067,2944,4994,10000,0                        
TEL,1388,S5,3404,1069,2944,4994,10000,0                        
TEL,1389,S5,3373,1068,2944,4994,10000,0                        
TEL,1390,S5,3342,1067,2944,4994,10000,0                        
TEL,1391,S5,3404,1069,2944,4994,10000,0                        
TEL,1392,S5,3404,1069,2944,4994,10000,0                        
TEL,1393,S5,3342,1067,2944,4994,10000,0                        
TEL,1394,S5,3404,1069,2944,4994,10000,0                        
TEL,1395,S5,3311,1065,2944,4994,10000,0                        
TEL,1396,S5,3529,1073,2944,4994,10000,0                        
TEL,1397,S5,3404,1069,2944,4994,10000,0                        
TEL,1398,S5,3311,1065,2944,4994,10000,0                        
TEL,1399,S5,3373,1068,2944,4994,10000,0                        
TEL,1400,S5,3404,1069,2944,4994,10000,0                        
TEL,1401,S5,3404,1069,2944,4994,10000,0                        
TEL,1402,S5,3404,1069,2944,4994,10000,0                        
TEL,1403,S5,3404,1069,2944,4994,10000,0                        
TEL,1404,S5,3404,1069,2944,4994,10000,0                        
TEL,1405,S5,3404,1069,2944,4994,10000,0                        
TEL,1406,S5,3404,1069,2944,4994,10000,0                        
TEL,1407,S5,3404,1069,2944,4994,10000,0                        
TEL,1408,S5,3435,1070,2944,4994,10000,0                        
TEL,1409,S5,3404,1069,2944,4994,10000,0                        
TEL,1410,S5,3435,1070,2944,4994,10000,0                        
TEL,1411,S5,3404,1069,2944,4994,10000,0                        
TEL,1412,S5,3404,1069,2944,4994,10000,0                        
TEL,1413,S5,3404,1069,2944,4994,10000,0                        
TEL,1414,S5,3404,1069,2944,4994,10000,0                        
TEL,1415,S5,3466,1071,2944,4994,10000,0                        
TEL,1416,S5,3373,1068,2944,4994,10000,0                        
TEL,1417,S5,3404,1069,2944,4994,10000,0                        
TEL,1418,S5,3404,1069,2944,4994,10000,0                        
TEL,1419,S5,3280,1064,2944,4994,10000,0                        
TEL,1420,S5,3404,1069,2944,4994,10000,0                        
TEL,1421,S5,3404,1069,2944,4994,10000,0                        
TEL,1422,S5,3373,1068,2944,4994,10000,0                        
TEL,1423,S5,3342,1067,2944,4994,10000,0                        
TEL,1424,S5,3404,1069,2944,4994,10000,0                        
TEL,1425,S5,3404,1069,2944,4994,10000,0                        
TEL,1426,S5,3404,1069,2944,4994,10000,0                        
TEL,1427,S5,3373,1068,2944,4994,10000,0                        
TEL,1428,S5,3404,1069,2944,4994,10000,0                        
TEL,1429,S5,3404,1069,2944,4994,10000,0                        
TEL,1430,S5,3404,1069,2944,4994,10000,0                        
TEL,1431,S5,3373,1068,2944,4994,10000,0                        
TEL,1432,S5,3373,1068,2944,4994,10000,0                        
TEL,1433,S5,3404,1069,2944,4994,10000,0                        
TEL,1434,S5,3404,1069,2944,4994,10000,0                        
TEL,1435,S5,3404,1069,2944,4994,10000,0                        
TEL,1436,S5,3404,1069,2944,4994,10000,0                        
TEL,1437,S5,3404,1069,2944,4994,10000,0                        
TEL,1438,S5,3404,1069,2944,4994,10000,0                        
TEL,1439,S5,3404,1069,2944,4994,10000,0                        
TEL,1440,S5,3404,1069,2944,4994,10000,0                        
TEL,1441,S5,3404,1069,2944,4994,10000,0                        
TEL,1442,S5,3404,1069,2944,4994,10000,0                        
TEL,1443,S5,3498,1072,2944,4994,10000,0                        
TEL,1444,S5,3404,1069,2944,4994,10000,0                        
TEL,1445,S5,3498,1072,2944,4994,10000,0                        
TEL,1446,S5,3373,1068,2944,4994,10000,0                        
TEL,1447,S5,3404,1069,2944,4994,10000,0                        
TEL,1448,S5,3404,1069,2944,4994,10000,0                        
TEL,1449,S5,3373,1068,2944,4994,10000,0                        
TEL,1450,S5,3404,1069,2944,4994,10000,0                        
TEL,1451,S5,3404,1069,2944,4994,10000,0                        
TEL,1452,S5,3404,1069,2944,4994,10000,0                        
TEL,1453,S5,3373,1068,2944,4994,10000,0                        
TEL,1454,S5,3404,1069,2944,4994,10000,0                        
TEL,1455,S5,3342,1067,2944,4994,10000,0                        
TEL,1456,S5,3435,1070,2944,4994,10000,0                        
TEL,1457,S5,3404,1069,2944,4994,10000,0                        
TEL,1458,S5,3404,1069,2944,4994,10000,0                        
TEL,1459,S5,3404,1069,2944,4994,10000,0                        
TEL,1460,S5,3404,1069,2944,4994,10000,0                        
TEL,1461,S5,3404,1069,2944,4994,10000,0                        
TEL,1462,S5,3404,1069,2944,4994,10000,0                        
TEL,1463,S5,3404,1069,2944,4994,10000,0                        
TEL,1464,S5,3404,1069,2944,4994,10000,0                        
TEL,1465,S5,3404,1069,2944,4994,10000,0                        
TEL,1466,S5,3404,1069,2944,4994,10000,0                        
TEL,1467,S5,3373,1068,2944,4994,10000,0                        
TEL,1468,S5,3404,1069,2944,4994,10000,0                        
TEL,1469,S5,3404,1069,2944,4994,10000,0                        
TEL,1470,S5,3529,1073,2944,4994,10000,0                        
TEL,1471,S5,3404,1069,2944,4994,10000,0                        
TEL,1472,S5,3466,1071,2944,4994,10000,0                        
TEL,1473,S5,3404,1069,2944,4994,10000,0                        
TEL,1474,S5,3404,1069,2944,4994,10000,0                        
TEL,1475,S5,3404,1069,2944,4994,10000,0                        
TEL,1476,S5,3373,1068,2944,4994,10000,0                        
BTN,11,S5,PRESSED,1477,14655665,14655686,14655687              
TEL,1478,S5,3404,1069,2944,5044,10000,0                        
TEL,1479,S5,3311,1065,2944,4994,10000,0                        
TEL,1480,S5,3529,1073,2944,4994,10000,0                        
TEL,1481,S5,3404,1069,2944,4994,10000,0                        
TEL,1482,S5,3311,1065,2944,4994,10000,0                        
TEL,1483,S5,3404,1069,2944,4994,10000,0                        
TEL,1484,S5,3373,1068,2944,4994,10000,0                        
TEL,1485,S5,3498,1072,2944,4994,10000,0                        
TEL,1486,S5,3404,1069,2944,4994,10000,0                        
TEL,1487,S5,3404,1069,2944,4994,10000,0                        
TEL,1488,S5,3342,1067,2944,4994,10000,0                        
TEL,1489,S5,3404,1069,2944,4994,10000,0                        
TEL,1490,S5,3404,1069,2944,4994,10000,0                        
TEL,1491,S5,3373,1068,2944,4994,10000,0                        
TEL,1492,S5,3404,1069,2944,4994,10000,0                        
TEL,1493,S5,3404,1069,2944,4994,10000,0                        
TEL,1494,S5,3404,1069,2944,4994,10000,0                        
TEL,1495,S5,3404,1069,2944,4994,10000,0                        
TEL,1496,S5,3404,1069,2944,4994,10000,0                        
TEL,1497,S5,3498,1072,2944,4994,10000,0                        
TEL,1498,S5,3404,1069,2944,4994,10000,0                        
TEL,1499,S5,3404,1069,2944,4994,10000,0                        
TEL,1500,S5,3404,1069,2944,4994,10000,0                        
TEL,1501,S5,3404,1069,2944,4994,10000,0                        
TEL,1502,S5,3404,1069,2944,4994,10000,0                        
TEL,1503,S5,3404,1069,2944,4994,10000,0                        
TEL,1504,S5,3342,1066,2944,4994,10000,0                        
TEL,1505,S5,3404,1069,2944,4994,10000,0                        
TEL,1506,S5,3404,1069,2944,4994,10000,0                        
TEL,1507,S5,3373,1068,2944,4994,10000,0                        
TEL,1508,S5,3404,1069,2944,4994,10000,0                        
TEL,1509,S5,3373,1068,2944,4994,10000,0                        
TEL,1510,S5,3404,1069,2944,4994,10000,0                        
TEL,1511,S5,3404,1069,2944,4994,10000,0                        
TEL,1512,S5,3249,1063,2944,4994,10000,0                        
TEL,1513,S5,3404,1069,2944,4994,10000,0                        
TEL,1514,S5,3404,1069,2944,4994,10000,0                        
TEL,1515,S5,3404,1069,2944,4994,10000,0                        
TEL,1516,S5,3404,1069,2944,4994,10000,0                        
TEL,1517,S5,3404,1069,2944,4994,10000,0                        
TEL,1518,S5,3373,1068,2944,4994,10000,0                        
TEL,1519,S5,3498,1072,2944,4994,10000,0                        
TEL,1520,S5,3373,1068,2944,4994,10000,0                        
TEL,1521,S5,3404,1069,2944,4994,10000,0                        
TEL,1522,S5,3404,1069,2944,4994,10000,0                        
TEL,1523,S5,3404,1069,2944,4994,10000,0                        
TEL,1524,S5,3404,1069,2944,4994,10000,0                        
TEL,1525,S5,3404,1069,2944,4994,10000,0                        
TEL,1526,S5,3404,1069,2944,4994,10000,0                        
TEL,1527,S5,3249,1063,2944,4994,10000,0                        
TEL,1528,S5,3404,1069,2944,4994,10000,0                        
TEL,1529,S5,3404,1069,2944,4994,10000,0                        
TEL,1530,S5,3404,1069,2944,4994,10000,0                        
TEL,1531,S5,3404,1069,2944,4994,10000,0                        
TEL,1532,S5,3404,1069,2944,4994,10000,0                        
TEL,1533,S5,3404,1069,2944,4994,10000,0                        
TEL,1534,S5,3404,1069,2944,4994,10000,0                        
TEL,1535,S5,3404,1069,2944,4994,10000,0                        
TEL,1536,S5,3435,1070,2944,4994,10000,0                        
TEL,1537,S5,3404,1069,2944,4994,10000,0                        
TEL,1538,S5,3404,1069,2944,4994,10000,0                        
TEL,1539,S5,3311,1065,2944,4994,10000,0                        
TEL,1540,S5,3529,1073,2944,4994,10000,0                        
TEL,1541,S5,3404,1069,2944,4994,10000,0                        
TEL,1542,S5,3404,1069,2944,4994,10000,0                        
TEL,1543,S5,3404,1069,2944,4994,10000,0                        
TEL,1544,S5,3404,1069,2944,4994,10000,0                        
TEL,1545,S5,3404,1069,2944,4994,10000,0                        
TEL,1546,S5,3498,1072,2944,4994,10000,0                        
TEL,1547,S5,3404,1069,2944,4994,10000,0                        
TEL,1548,S5,3404,1069,2944,4994,10000,0                        
TEL,1549,S5,3404,1069,2944,4994,10000,0                        
TEL,1550,S5,3249,1063,2944,4994,10000,0                        
TEL,1551,S5,3404,1069,2944,4994,10000,0                        
TEL,1552,S5,3404,1069,2944,4994,10000,0                        
TEL,1553,S5,3373,1068,2944,4994,10000,0                        
TEL,1554,S5,3342,1067,2944,4994,10000,0                        
TEL,1555,S5,3404,1069,2944,4994,10000,0                        
TEL,1556,S5,3404,1069,2944,4994,10000,0                        
TEL,1557,S5,3404,1069,2944,4994,10000,0                        
TEL,1558,S5,3404,1069,2944,4994,10000,0                        
TEL,1559,S5,3404,1069,2944,4994,10000,0                        
TEL,1560,S5,3404,1069,2944,4994,10000,0                        
TEL,1561,S5,3342,1067,2944,4994,10000,0                        
TEL,1562,S5,3404,1069,2944,4994,10000,0                        
TEL,1563,S5,3404,1069,2944,4994,10000,0                        
TEL,1564,S5,3404,1069,2944,4994,10000,0                        
TEL,1565,S5,3404,1069,2944,4994,10000,0                        
TEL,1566,S5,3404,1069,2944,4994,10000,0                        
TEL,1567,S5,3404,1069,2944,4994,10000,0                        
TEL,1568,S5,3404,1069,2944,4994,10000,0                        
TEL,1569,S5,3404,1069,2944,4994,10000,0                        
TEL,1570,S5,3404,1069,2944,4994,10000,0                        
TEL,1571,S5,3404,1069,2944,4994,10000,0                        
TEL,1572,S5,3404,1069,2944,4994,10000,0                        
TEL,1573,S5,3404,1069,2944,4994,10000,0                        
TEL,1574,S5,3404,1069,2944,4994,10000,0                        
TEL,1575,S5,3249,1063,2944,4994,10000,0                        
TEL,1576,S5,3404,1069,2944,4994,10000,0                        
TEL,1577,S5,3404,1069,2944,4994,10000,0                        
TEL,1578,S5,3404,1069,2944,4994,10000,0                        
TEL,1579,S5,3404,1069,2944,4994,10000,0                        
TEL,1580,S5,3311,1065,2944,4994,10000,0                        
TEL,1581,S5,3404,1069,2944,4994,10000,0                        
TEL,1582,S5,3404,1069,2944,4994,10000,0                        
TEL,1583,S5,3404,1069,2944,4994,10000,0                        
TEL,1584,S5,3435,1070,2944,4994,10000,0                        
TEL,1585,S5,3466,1071,2944,4994,10000,0                        
TEL,1586,S5,3404,1069,2944,4994,10000,0                        
TEL,1587,S5,3311,1065,2944,4994,10000,0                        
TEL,1588,S5,3404,1069,2944,4994,10000,0                        
TEL,1589,S5,3342,1067,2944,4994,10000,0                        
TEL,1590,S5,3404,1069,2944,4994,10000,0                        
TEL,1591,S5,3404,1069,2944,4994,10000,0                        
TEL,1592,S5,3404,1069,2944,4994,10000,0                        
TEL,1593,S5,3404,1069,2944,4994,10000,0                        
TEL,1594,S5,3311,1065,2944,4994,10000,0                        
TEL,1595,S5,3404,1069,2944,4994,10000,0                        
TEL,1596,S5,3529,1073,2944,4994,10000,0                        
TEL,1597,S5,3404,1069,2944,4994,10000,0                        
TEL,1598,S5,3435,1070,2944,4994,10000,0                        
TEL,1599,S5,3404,1069,2944,4994,10000,0                        
TEL,1600,S5,3342,1067,2944,4994,10000,0                        
TEL,1601,S5,3498,1072,2944,4994,10000,0                        
TEL,1602,S5,3342,1067,2944,4994,10000,0                        
TEL,1603,S5,3404,1069,2944,4994,10000,0                        
TEL,1604,S5,3404,1069,2944,4994,10000,0                        
TEL,1605,S5,3342,1067,2944,4994,10000,0                        
TEL,1606,S5,3529,1073,2944,4994,10000,0                        
TEL,1607,S5,3404,1069,2944,4994,10000,0                        
TEL,1608,S5,3404,1069,2944,4994,10000,0                        
TEL,1609,S5,3373,1068,2944,4994,10000,0                        
TEL,1610,S5,3404,1069,2944,5008,10000,0                        
BTN,12,S5,PRESSED,1611,15980812,15985222,15985223              
TEL,1612,S5,3342,1066,2944,5046,10000,0                        
TEL,1613,S5,3342,1066,2944,4994,10000,0                        
TEL,1614,S5,3404,1069,2944,4994,10000,0                        
TEL,1615,S5,3404,1069,2944,4994,10000,0                        
TEL,1616,S5,3404,1069,2944,4994,10000,0                        
TEL,1617,S5,3311,1065,2944,4994,10000,0                        
TEL,1618,S5,3404,1069,2944,4994,10000,0                        
TEL,1619,S5,3404,1069,2944,4994,10000,0                        
TEL,1620,S5,3498,1072,2944,4994,10000,0                        
TEL,1621,S5,3373,1068,2944,4994,10000,0                        
TEL,1622,S5,3404,1069,2944,4994,10000,0                        
TEL,1623,S5,3404,1069,2944,4997,10000,0                        
TEL,1624,S5,3342,1066,2944,4994,10000,0                        
TEL,1625,S5,3404,1069,2944,4994,10000,0                        
TEL,1626,S5,3404,1069,2944,4994,10000,0                        
TEL,1627,S5,3404,1069,2944,4994,10000,0                        
TEL,1628,S5,3373,1068,2944,4994,10000,0                        
TEL,1629,S5,3373,1068,2944,4994,10000,0                        
TEL,1630,S5,3373,1068,2944,4994,10000,0                        
TEL,1631,S5,3404,1069,2944,4994,10000,0                        
TEL,1632,S5,3404,1069,2944,4994,10000,0                        
TEL,1633,S5,3373,1068,2944,4994,10000,0                        
TEL,1634,S5,3404,1069,2944,4994,10000,0                        
TEL,1635,S5,3404,1069,2944,4994,10000,0                        
TEL,1636,S5,3404,1069,2944,4994,10000,0                        
TEL,1637,S5,3373,1068,2944,4994,10000,0                        
TEL,1638,S5,3404,1069,2944,4994,10000,0                        
TEL,1639,S5,3404,1069,2944,4994,10000,0                        
TEL,1640,S5,3498,1072,2944,4994,10000,0                        
TEL,1641,S5,3404,1069,2944,4994,10000,0                        
TEL,1642,S5,3404,1069,2944,4994,10000,0                        
TEL,1643,S5,3404,1069,2944,4994,10000,0                        
TEL,1644,S5,3373,1068,2944,4994,10000,0                        
TEL,1645,S5,3373,1068,2944,4994,10000,0                        
TEL,1646,S5,3404,1069,2944,4994,10000,0                        
TEL,1647,S5,3404,1069,2944,4994,10000,0                        
TEL,1648,S5,3435,1070,2944,4994,10000,0                        
TEL,1649,S5,3404,1069,2944,4994,10000,0                        
TEL,1650,S5,3404,1069,2944,4994,10000,0                        
TEL,1651,S5,3404,1069,2944,4994,10000,0                        
TEL,1652,S5,3342,1067,2944,4994,10000,0                        
TEL,1653,S5,3404,1069,2944,4994,10000,0                        
TEL,1654,S5,3404,1069,2944,4994,10000,0                        
TEL,1655,S5,3404,1069,2944,4994,10000,0                        
TEL,1656,S5,3373,1068,2944,4994,10000,0                        
TEL,1657,S5,3466,1071,2944,4994,10000,0                        
TEL,1658,S5,3311,1065,2944,4994,10000,0                        
TEL,1659,S5,3404,1069,2944,4994,10000,0                        
TEL,1660,S5,3404,1069,2944,4994,10000,0                        
TEL,1661,S5,3404,1069,2944,4994,10000,0                        
TEL,1662,S5,3404,1069,2944,4994,10000,0                        
TEL,1663,S5,3342,1067,2944,4994,10000,0                        
TEL,1664,S5,3373,1068,2944,4994,10000,0                        
TEL,1665,S5,3373,1068,2944,4994,10000,0                        
TEL,1666,S5,3373,1068,2944,4994,10000,0                        
TEL,1667,S5,3404,1069,2944,4994,10000,0                        
TEL,1668,S5,3404,1069,2944,4994,10000,0                        
TEL,1669,S5,3404,1069,2944,4994,10000,0                        
TEL,1670,S5,3404,1069,2944,4994,10000,0                        
TEL,1671,S5,3404,1069,2944,4994,10000,0                        
TEL,1672,S5,3404,1069,2944,4994,10000,0                        
TEL,1673,S5,3404,1069,2944,4994,10000,0                        
TEL,1674,S5,3404,1069,2944,4994,10000,0                        
TEL,1675,S5,3373,1068,2944,4994,10000,0                        
TEL,1676,S5,3311,1065,2944,4994,10000,0                        
TEL,1677,S5,3373,1068,2944,4994,10000,0                        
TEL,1678,S5,3404,1069,2944,4994,10000,0                        
TEL,1679,S5,3249,1063,2944,4994,10000,0                        
TEL,1680,S5,3342,1067,2944,4994,10000,0                        
TEL,1681,S5,3404,1069,2944,4994,10000,0                        
TEL,1682,S5,3404,1069,2944,4994,10000,0                        
TEL,1683,S5,3404,1069,2944,4994,10000,0                        
TEL,1684,S5,3404,1069,2944,4994,10000,0                        
TEL,1685,S5,3404,1069,2944,4994,10000,0                        
TEL,1686,S5,3404,1069,2944,4994,10000,0                        
TEL,1687,S5,3404,1069,2944,4994,10000,0                        
TEL,1688,S5,3311,1065,2944,4994,10000,0                        
TEL,1689,S5,3404,1069,2944,4994,10000,0                        
TEL,1690,S5,3404,1069,2944,4994,10000,0                        
TEL,1691,S5,3404,1069,2944,4994,10000,0                        
TEL,1692,S5,3404,1069,2944,4994,10000,0                        
TEL,1693,S5,3404,1069,2944,4994,10000,0                        
TEL,1694,S5,3342,1067,2944,4994,10000,0                        
TEL,1695,S5,3342,1067,2944,4994,10000,0                        
TEL,1696,S5,3280,1064,2944,4994,10000,0                        
TEL,1697,S5,3373,1068,2944,4994,10000,0                        
TEL,1698,S5,3404,1069,2944,4994,10000,0                        
TEL,1699,S5,3373,1068,2944,4994,10000,0                        
TEL,1700,S5,3404,1069,2944,4994,10000,0                        
TEL,1701,S5,3404,1069,2944,4994,10000,0                        
TEL,1702,S5,3404,1069,2944,4994,10000,0                        
TEL,1703,S5,3373,1068,2944,4994,10000,0                        
TEL,1704,S5,3404,1069,2944,4994,10000,0                        
TEL,1705,S5,3404,1069,2944,4994,10000,0                        
TEL,1706,S5,3404,1069,2944,4994,10000,0                        
TEL,1707,S5,3404,1069,2944,4994,10000,0                        
TEL,1708,S5,3404,1069,2944,4994,10000,0                        
TEL,1709,S5,3342,1067,2944,4994,10000,0                        
TEL,1710,S5,3404,1069,2944,4994,10000,0                        
TEL,1711,S5,3404,1069,2944,4994,10000,0                        
TEL,1712,S5,3435,1070,2944,4994,10000,0                        
TEL,1713,S5,3404,1069,2944,4994,10000,0                        
TEL,1714,S5,3373,1068,2944,4994,10000,0                        
TEL,1715,S5,3373,1068,2944,4994,10000,0                        
TEL,1716,S5,3404,1069,2944,4994,10000,0                        
TEL,1717,S5,3404,1069,2944,4994,10000,0                        
TEL,1718,S5,3466,1071,2944,4994,10000,0                        
TEL,1719,S5,3373,1068,2944,4994,10000,0                        
TEL,1720,S5,3404,1069,2944,4994,10000,0                        
TEL,1721,S5,3529,1073,2944,4994,10000,0                        
TEL,1722,S5,3404,1069,2944,4994,10000,0                        
TEL,1723,S5,3404,1069,2944,4994,10000,0                        
TEL,1724,S5,3342,1067,2944,4994,10000,0                        
TEL,1725,S5,3342,1067,2944,4994,10000,0                        
TEL,1726,S5,3404,1069,2944,4994,10000,0                        
TEL,1727,S5,3404,1069,2944,4994,10000,0                        
TEL,1728,S5,3404,1069,2944,4994,10000,0                        
TEL,1729,S5,3373,1068,2944,4994,10000,0                        
TEL,1730,S5,3404,1069,2944,4994,10000,0                        
TEL,1731,S5,3373,1068,2944,4994,10000,0                        
TEL,1732,S5,3373,1068,2944,4994,10000,0                        
TEL,1733,S5,3466,1071,2944,4994,10000,0                        
TEL,1734,S5,3404,1069,2944,4994,10000,0                        
TEL,1735,S5,3404,1069,2944,4994,10000,0                        
TEL,1736,S5,3373,1068,2944,4994,10000,0                        
TEL,1737,S5,3404,1069,2944,4994,10000,0                        
TEL,1738,S5,3404,1069,2944,4994,10000,0                        
TEL,1739,S5,3404,1069,2944,4994,10000,0                        
TEL,1740,S5,3404,1069,2944,4994,10000,0                        
TEL,1741,S5,3404,1069,2944,4994,10000,0                        
TEL,1742,S5,3373,1068,2944,4994,10000,0                        
TEL,1743,S5,3404,1069,2944,4994,10000,0                        
TEL,1744,S5,3373,1068,2944,4994,10000,0                        
TEL,1745,S5,3404,1069,2944,4994,10000,0                        
TEL,1746,S5,3373,1068,2944,4994,10000,0                        
TEL,1747,S5,3342,1067,2944,4994,10000,0                        
TEL,1748,S5,3404,1069,2944,4994,10000,0                        
TEL,1749,S5,3404,1069,2944,4994,10000,0                        
TEL,1750,S5,3404,1069,2944,4994,10000,0                        
TEL,1751,S5,3404,1069,2944,4994,10000,0                        
TEL,1752,S5,3404,1069,2944,4994,10000,0                        
TEL,1753,S5,3373,1068,2944,4994,10000,0                        
TEL,1754,S5,3404,1069,2944,4994,10000,0                        
TEL,1755,S5,3249,1063,2944,4994,10000,0                        
TEL,1756,S5,3404,1069,2944,4994,10000,0                        
TEL,1757,S5,3404,1069,2944,4994,10000,0                        
TEL,1758,S5,3404,1069,2944,4994,10000,0                        
TEL,1759,S5,3404,1069,2944,4994,10000,0                        
TEL,1760,S5,3373,1068,2944,5008,10000,0                        
BTN,13,S5,PRESSED,1761,17470810,17475222,17475223              
TEL,1762,S5,3342,1066,2944,5046,10000,0                        
TEL,1763,S5,3373,1068,2944,4994,10000,0                        
TEL,1764,S5,3404,1069,2944,4994,10000,0                        
TEL,1765,S5,3404,1069,2944,4994,10000,0                        
TEL,1766,S5,3404,1069,2944,4994,10000,0                        
TEL,1767,S5,3404,1069,2944,4994,10000,0                        
TEL,1768,S5,3373,1068,2944,4994,10000,0                        
TEL,1769,S5,3404,1069,2944,4994,10000,0                        
TEL,1770,S5,3404,1069,2944,4994,10000,0                        
TEL,1771,S5,3404,1069,2944,4994,10000,0                        
TEL,1772,S5,3404,1069,2944,4994,10000,0                        
TEL,1773,S5,3404,1069,2944,4994,10000,0                        
TEL,1774,S5,3373,1068,2944,5016,10000,0                        
TEL,1775,S5,3435,1070,2944,4994,10000,0                        
TEL,1776,S5,3342,1067,2944,4994,10000,0                        
TEL,1777,S5,3404,1069,2944,4994,10000,0                        
TEL,1778,S5,3342,1067,2944,4994,10000,0                        
TEL,1779,S5,3404,1069,2944,4994,10000,0                        
TEL,1780,S5,3404,1069,2944,4994,10000,0                        
TEL,1781,S5,3404,1069,2944,4994,10000,0                        
TEL,1782,S5,3404,1069,2944,4994,10000,0                        
TEL,1783,S5,3404,1069,2944,4994,10000,0                        
TEL,1784,S5,3404,1069,2944,4994,10000,0                        
TEL,1785,S5,3404,1069,2944,4994,10000,0                        
TEL,1786,S5,3404,1069,2944,4994,10000,0                        
TEL,1787,S5,3404,1069,2944,4994,10000,0                        
TEL,1788,S5,3404,1069,2944,4994,10000,0                        
TEL,1789,S5,3404,1069,2944,4994,10000,0                        
TEL,1790,S5,3404,1069,2944,4994,10000,0                        
TEL,1791,S5,3404,1069,2944,4994,10000,0                        
TEL,1792,S5,3435,1070,2944,4994,10000,0                        
TEL,1793,S5,3404,1069,2944,4994,10000,0                        
TEL,1794,S5,3404,1069,2944,4994,10000,0                        
TEL,1795,S5,3404,1069,2944,4994,10000,0                        
TEL,1796,S5,3373,1068,2944,4994,10000,0                        
TEL,1797,S5,3404,1069,2944,4994,10000,0                        
TEL,1798,S5,3404,1069,2944,4994,10000,0                        
TEL,1799,S5,3404,1069,2944,4994,10000,0                        
TEL,1800,S5,3404,1069,2944,4994,10000,0                        
TEL,1801,S5,3404,1069,2944,4994,10000,0                        
TEL,1802,S5,3404,1069,2944,4994,10000,0                        
TEL,1803,S5,3342,1067,2944,4994,10000,0                        
TEL,1804,S5,3529,1073,2944,4994,10000,0                        
TEL,1805,S5,3404,1069,2944,4994,10000,0                        
TEL,1806,S5,3404,1069,2944,4994,10000,0                        
TEL,1807,S5,3404,1069,2944,4994,10000,0                        
TEL,1808,S5,3342,1066,2944,4994,10000,0                        
TEL,1809,S5,3404,1069,2944,4994,10000,0                        
TEL,1810,S5,3404,1069,2944,4994,10000,0                        
TEL,1811,S5,3373,1068,2944,4994,10000,0                        
TEL,1812,S5,3404,1069,2944,4994,10000,0                        
TEL,1813,S5,3404,1069,2944,4994,10000,0                        
TEL,1814,S5,3404,1069,2944,4994,10000,0                        
TEL,1815,S5,3404,1069,2944,4994,10000,0                        
TEL,1816,S5,3404,1069,2944,4994,10000,0                        
TEL,1817,S5,3404,1069,2944,4994,10000,0                        
TEL,1818,S5,3404,1069,2944,4994,10000,0                        
TEL,1819,S5,3404,1069,2944,4994,10000,0                        
TEL,1820,S5,3466,1071,2944,4994,10000,0                        
TEL,1821,S5,3373,1068,2944,4994,10000,0                        
TEL,1822,S5,3404,1069,2944,4994,10000,0                        
TEL,1823,S5,3373,1068,2944,4994,10000,0                        
TEL,1824,S5,3435,1070,2944,4994,10000,0                        
TEL,1825,S5,3373,1068,2944,4994,10000,0                        
TEL,1826,S5,3498,1072,2944,4994,10000,0                        
TEL,1827,S5,3404,1069,2944,4994,10000,0                        
TEL,1828,S5,3404,1069,2944,4994,10000,0                        
TEL,1829,S5,3404,1069,2944,4994,10000,0                        
TEL,1830,S5,3373,1068,2944,4994,10000,0                        
TEL,1831,S5,3529,1073,2944,4994,10000,0                        
TEL,1832,S5,3404,1069,2944,4994,10000,0                        
TEL,1833,S5,3404,1069,2944,4994,10000,0                        
TEL,1834,S5,3373,1068,2944,4994,10000,0                        
TEL,1835,S5,3404,1069,2944,4994,10000,0                        
TEL,1836,S5,3404,1069,2944,4994,10000,0                        
TEL,1837,S5,3404,1069,2944,4994,10000,0                        
TEL,1838,S5,3404,1069,2944,4994,10000,0                        
TEL,1839,S5,3404,1069,2944,4994,10000,0                        
TEL,1840,S5,3466,1071,2944,4994,10000,0                        
TEL,1841,S5,3529,1073,2944,4994,10000,0                        
TEL,1842,S5,3404,1069,2944,4994,10000,0                        
TEL,1843,S5,3404,1069,2944,4994,10000,0                        
TEL,1844,S5,3404,1069,2944,4994,10000,0                        
TEL,1845,S5,3404,1069,2944,4994,10000,0                        
TEL,1846,S5,3404,1069,2944,4994,10000,0                        
TEL,1847,S5,3404,1069,2944,4994,10000,0                        
TEL,1848,S5,3404,1069,2944,4994,10000,0                        
TEL,1849,S5,3404,1069,2944,4994,10000,0                        
TEL,1850,S5,3404,1069,2944,4994,10000,0                        
TEL,1851,S5,3404,1069,2944,4994,10000,0                        
TEL,1852,S5,3342,1067,2944,4994,10000,0                        
TEL,1853,S5,3404,1069,2944,4994,10000,0                        
TEL,1854,S5,3404,1069,2944,4994,10000,0                        
TEL,1855,S5,3404,1069,2944,4994,10000,0                        
TEL,1856,S5,3435,1070,2944,4994,10000,0                        
TEL,1857,S5,3404,1069,2944,4994,10000,0                        
TEL,1858,S5,3404,1069,2944,4994,10000,0                        
TEL,1859,S5,3404,1069,2944,4994,10000,0                        
TEL,1860,S5,3373,1068,2944,4994,10000,0                        
TEL,1861,S5,3404,1069,2944,4994,10000,0                        
TEL,1862,S5,3404,1069,2944,4994,10000,0                        
TEL,1863,S5,3404,1069,2944,4994,10000,0                        
TEL,1864,S5,3404,1069,2944,4994,10000,0                        
TEL,1865,S5,3404,1069,2944,4994,10000,0                        
TEL,1866,S5,3404,1069,2944,4994,10000,0                        
TEL,1867,S5,3404,1069,2944,4994,10000,0                        
TEL,1868,S5,3373,1068,2944,4994,10000,0                        
TEL,1869,S5,3342,1067,2944,4994,10000,0                        
TEL,1870,S5,3404,1069,2944,4994,10000,0                        
TEL,1871,S5,3404,1069,2944,4994,10000,0                        
TEL,1872,S5,3373,1068,2944,4994,10000,0                        
TEL,1873,S5,3404,1069,2944,4994,10000,0                        
TEL,1874,S5,3404,1069,2944,4994,10000,0                        
TEL,1875,S5,3373,1068,2944,4994,10000,0                        
TEL,1876,S5,3404,1069,2944,4994,10000,0                        
TEL,1877,S5,3404,1069,2944,4994,10000,0                        
TEL,1878,S5,3404,1069,2944,4994,10000,0                        
TEL,1879,S5,3466,1071,2944,4994,10000,0                        
TEL,1880,S5,3373,1068,2944,4994,10000,0                        
TEL,1881,S5,3404,1069,2944,4994,10000,0                        
TEL,1882,S5,3404,1069,2944,4994,10000,0                        
TEL,1883,S5,3404,1069,2944,4994,10000,0                        
TEL,1884,S5,3373,1068,2944,4994,10000,0                        
TEL,1885,S5,3373,1068,2944,4994,10000,0                        
TEL,1886,S5,3404,1069,2944,4994,10000,0                        
TEL,1887,S5,3249,1063,2944,4994,10000,0                        
TEL,1888,S5,3404,1069,2944,4994,10000,0                        
TEL,1889,S5,3404,1069,2944,4994,10000,0                        
TEL,1890,S5,3404,1069,2944,4994,10000,0                        
TEL,1891,S5,3404,1069,2944,4994,10000,0                        
TEL,1892,S5,3404,1069,2944,4994,10000,0                        
TEL,1893,S5,3404,1069,2944,4994,10000,0                        
TEL,1894,S5,3404,1069,2944,4994,10000,0                        
TEL,1895,S5,3404,1069,2944,4994,10000,0                        
TEL,1896,S5,3404,1069,2944,4994,10000,0                        
TEL,1897,S5,3373,1068,2944,4994,10000,0                        
TEL,1898,S5,3466,1071,2944,4994,10000,0                        
TEL,1899,S5,3373,1068,2944,4994,10000,0                        
TEL,1900,S5,3404,1069,2944,4994,10000,0                        
TEL,1901,S5,3435,1070,2944,4994,10000,0                        
TEL,1902,S5,3404,1069,2944,4994,10000,0                        
TEL,1903,S5,3404,1069,2944,4994,10000,0                        
TEL,1904,S5,3435,1070,2944,5008,10000,0                        
BTN,14,S5,PRESSED,1905,18903353,18905222,18905223              
TEL,1906,S5,3466,1071,2944,5046,10000,0                        
TEL,1907,S5,3373,1068,2944,4994,10000,0                        
TEL,1908,S5,3404,1069,2944,4994,10000,0                        
TEL,1909,S5,3373,1068,2944,4994,10000,0                        
TEL,1910,S5,3404,1069,2944,4994,10000,0                        
TEL,1911,S5,3342,1067,2944,4994,10000,0                        
TEL,1912,S5,3404,1069,2944,4994,10000,0                        
TEL,1913,S5,3404,1069,2944,4994,10000,0                        
TEL,1914,S5,3404,1069,2944,4994,10000,0                        
TEL,1915,S5,3404,1069,2944,4994,10000,0                        
TEL,1916,S5,3404,1069,2944,4994,10000,0                        
TEL,1917,S5,3404,1069,2944,4994,10000,0                        
TEL,1918,S5,3466,1071,2944,4997,10000,0                        
TEL,1919,S5,3466,1071,2944,4994,10000,0                        
TEL,1920,S5,3342,1067,2944,4994,10000,0                        
TEL,1921,S5,3498,1072,2944,4994,10000,0                        
TEL,1922,S5,3404,1069,2944,4994,10000,0                        
TEL,1923,S5,3404,1069,2944,4994,10000,0                        
TEL,1924,S5,3342,1067,2944,4994,10000,0                        
TEL,1925,S5,3373,1068,2944,4994,10000,0                        
TEL,1926,S5,3404,1069,2944,4994,10000,0                        
TEL,1927,S5,3373,1068,2944,4994,10000,0                        
TEL,1928,S5,3404,1069,2944,4994,10000,0                        
TEL,1929,S5,3373,1068,2944,4994,10000,0                        
TEL,1930,S5,3404,1069,2944,4994,10000,0                        
TEL,1931,S5,3373,1068,2944,4994,10000,0                        
TEL,1932,S5,3498,1072,2944,4994,10000,0                        
TEL,1933,S5,3404,1069,2944,4994,10000,0                        
TEL,1934,S5,3404,1069,2944,4994,10000,0                        
TEL,1935,S5,3404,1069,2944,4994,10000,0                        
TEL,1936,S5,3342,1067,2944,4994,10000,0                        
TEL,1937,S5,3404,1069,2944,4994,10000,0                        
TEL,1938,S5,3404,1069,2944,4994,10000,0                        
TEL,1939,S5,3404,1069,2944,4994,10000,0                        
TEL,1940,S5,3466,1071,2944,4994,10000,0                        
TEL,1941,S5,3404,1069,2944,4994,10000,0                        
TEL,1942,S5,3404,1069,2944,4994,10000,0                        
TEL,1943,S5,3404,1069,2944,4994,10000,0                        
TEL,1944,S5,3404,1069,2944,4994,10000,0                        
TEL,1945,S5,3404,1069,2944,4994,10000,0                        
TEL,1946,S5,3373,1068,2944,4994,10000,0                        
TEL,1947,S5,3466,1071,2944,4994,10000,0                        
TEL,1948,S5,3404,1069,2944,4994,10000,0                        
TEL,1949,S5,3404,1069,2944,4994,10000,0                        
TEL,1950,S5,3404,1069,2944,4994,10000,0                        
TEL,1951,S5,3373,1068,2944,4994,10000,0                        
TEL,1952,S5,3342,1067,2944,4994,10000,0                        
TEL,1953,S5,3404,1069,2944,4994,10000,0                        
TEL,1954,S5,3404,1069,2944,4994,10000,0                        
TEL,1955,S5,3404,1069,2944,4994,10000,0                        
TEL,1956,S5,3404,1069,2944,4994,10000,0                        
TEL,1957,S5,3404,1069,2944,4994,10000,0                        
TEL,1958,S5,3342,1067,2944,4994,10000,0                        
TEL,1959,S5,3373,1068,2944,4994,10000,0                        
TEL,1960,S5,3404,1069,2944,4994,10000,0                        
TEL,1961,S5,3404,1069,2944,4994,10000,0                        
TEL,1962,S5,3373,1068,2944,4994,10000,0                        
TEL,1963,S5,3311,1065,2944,4994,10000,0                        
TEL,1964,S5,3404,1069,2944,4994,10000,0                        
TEL,1965,S5,3342,1067,2944,4994,10000,0                        
TEL,1966,S5,3404,1069,2944,4994,10000,0                        
TEL,1967,S5,3529,1073,2944,4994,10000,0                        
TEL,1968,S5,3435,1070,2944,4994,10000,0                        
TEL,1969,S5,3373,1068,2944,4994,10000,0                        
TEL,1970,S5,3466,1071,2944,4994,10000,0                        
TEL,1971,S5,3373,1068,2944,4994,10000,0                        
TEL,1972,S5,3404,1069,2944,4994,10000,0                        
TEL,1973,S5,3373,1068,2944,4994,10000,0                        
TEL,1974,S5,3373,1068,2944,4994,10000,0                        
TEL,1975,S5,3498,1072,2944,4994,10000,0                        
TEL,1976,S5,3311,1065,2944,4994,10000,0                        
TEL,1977,S5,3342,1067,2944,4994,10000,0                        
TEL,1978,S5,3404,1069,2944,4994,10000,0                        
TEL,1979,S5,3404,1069,2944,4994,10000,0                        
TEL,1980,S5,3404,1069,2944,4994,10000,0                        
TEL,1981,S5,3342,1067,2944,4994,10000,0                        
TEL,1982,S5,3373,1068,2944,4994,10000,0                        
TEL,1983,S5,3404,1069,2944,4994,10000,0                        
TEL,1984,S5,3404,1069,2944,4994,10000,0                        
TEL,1985,S5,3404,1069,2944,4994,10000,0                        
TEL,1986,S5,3404,1069,2944,4994,10000,0                        
TEL,1987,S5,3311,1065,2944,4994,10000,0                        
TEL,1988,S5,3404,1069,2944,4994,10000,0                        
TEL,1989,S5,3373,1068,2944,4994,10000,0                        
TEL,1990,S5,3404,1069,2944,4994,10000,0                        
TEL,1991,S5,3529,1073,2944,4994,10000,0                        
TEL,1992,S5,3404,1069,2944,4994,10000,0                        
TEL,1993,S5,3404,1069,2944,4994,10000,0                        
TEL,1994,S5,3404,1069,2944,4994,10000,0                        
TEL,1995,S5,3404,1069,2944,4994,10000,0                        
TEL,1996,S5,3373,1068,2944,4994,10000,0                        
TEL,1997,S5,3311,1065,2944,4994,10000,0                        
TEL,1998,S5,3404,1069,2944,4994,10000,0                        
TEL,1999,S5,3404,1069,2944,4994,10000,0                        
TEL,2000,S5,3404,1069,2944,4994,10000,0                        
TEL,2001,S5,3404,1069,2944,4994,10000,0                        
TEL,2002,S5,3342,1067,2944,4994,10000,0                        
TEL,2003,S5,3342,1067,2944,4994,10000,0                        
TEL,2004,S5,3404,1069,2944,4994,10000,0                        
TEL,2005,S5,3404,1069,2944,4994,10000,0                        
TEL,2006,S5,3404,1069,2944,4994,10000,0                        
TEL,2007,S5,3404,1069,2944,4994,10000,0                        
TEL,2008,S5,3404,1069,2944,4994,10000,0                        
TEL,2009,S5,3404,1069,2944,4994,10000,0                        
TEL,2010,S5,3404,1069,2944,4994,10000,0                        
TEL,2011,S5,3404,1069,2944,4994,10000,0                        
TEL,2012,S5,3404,1069,2944,4994,10000,0                        
TEL,2013,S5,3404,1069,2944,4994,10000,0                        
TEL,2014,S5,3404,1069,2944,4994,10000,0                        
TEL,2015,S5,3404,1069,2944,4994,10000,0                        
TEL,2016,S5,3342,1067,2944,4994,10000,0                        
TEL,2017,S5,3373,1068,2944,4994,10000,0                        
TEL,2018,S5,3373,1068,2944,4994,10000,0                        
TEL,2019,S5,3404,1069,2944,4994,10000,0                        
TEL,2020,S5,3404,1069,2944,4994,10000,0                        
TEL,2021,S5,3498,1072,2944,4994,10000,0                        
TEL,2022,S5,3404,1069,2944,4994,10000,0                        
TEL,2023,S5,3404,1069,2944,4994,10000,0                        
TEL,2024,S5,3373,1068,2944,4994,10000,0                        
TEL,2025,S5,3373,1068,2944,4994,10000,0                        
TEL,2026,S5,3404,1069,2944,4994,10000,0                        
TEL,2027,S5,3373,1068,2944,4994,10000,0                        
TEL,2028,S5,3404,1069,2944,4994,10000,0                        
TEL,2029,S5,3404,1069,2944,4994,10000,0                        
TEL,2030,S5,3404,1069,2944,4994,10000,0                        
TEL,2031,S5,3373,1068,2944,4994,10000,0                        
TEL,2032,S5,3373,1068,2944,4994,10000,0                        
TEL,2033,S5,3373,1068,2944,4994,10000,0                        
TEL,2034,S5,3404,1069,2944,4994,10000,0                        
TEL,2035,S5,3404,1069,2944,4994,10000,0                        
BTN,15,S5,PRESSED,2036,20205736,20205754,20205756              
TEL,2037,S5,3373,1068,2944,5044,10000,0                        
TEL,2038,S5,3373,1068,2944,4994,10000,0                        
TEL,2039,S5,3404,1069,2944,4994,10000,0                        
TEL,2040,S5,3404,1069,2944,4994,10000,0                        
TEL,2041,S5,3404,1069,2944,4994,10000,0                        
TEL,2042,S5,3404,1069,2944,4994,10000,0                        
TEL,2043,S5,3404,1069,2944,4994,10000,0                        
TEL,2044,S5,3404,1069,2944,4994,10000,0                        
TEL,2045,S5,3373,1068,2944,4994,10000,0                        
TEL,2046,S5,3404,1069,2944,4994,10000,0                        
TEL,2047,S5,3404,1069,2944,4994,10000,0                        
TEL,2048,S5,3342,1067,2944,4994,10000,0                        
TEL,2049,S5,3404,1069,2944,4994,10000,0                        
TEL,2050,S5,3466,1071,2944,5003,10000,0                        
TEL,2051,S5,3342,1067,2944,4994,10000,0                        
TEL,2052,S5,3404,1069,2944,4994,10000,0                        
TEL,2053,S5,3404,1069,2944,4994,10000,0                        
TEL,2054,S5,3466,1071,2944,4994,10000,0                        
TEL,2055,S5,3404,1069,2944,4994,10000,0                        
TEL,2056,S5,3404,1069,2944,4994,10000,0                        
TEL,2057,S5,3404,1069,2944,4994,10000,0                        
TEL,2058,S5,3373,1068,2944,4994,10000,0                        
TEL,2059,S5,3404,1069,2944,4994,10000,0                        
TEL,2060,S5,3342,1067,2944,4994,10000,0                        
TEL,2061,S5,3498,1072,2944,4994,10000,0                        
TEL,2062,S5,3435,1070,2944,4994,10000,0                        
TEL,2063,S5,3404,1069,2944,4994,10000,0                        
TEL,2064,S5,3342,1067,2944,4994,10000,0                        
TEL,2065,S5,3404,1069,2944,4994,10000,0                        
TEL,2066,S5,3404,1069,2944,4994,10000,0                        
TEL,2067,S5,3404,1069,2944,4994,10000,0                        
TEL,2068,S5,3466,1071,2944,4994,10000,0                        
TEL,2069,S5,3342,1067,2944,4994,10000,0                        
TEL,2070,S5,3404,1069,2944,4994,10000,0                        
TEL,2071,S5,3404,1069,2944,4994,10000,0                        
TEL,2072,S5,3404,1069,2944,4994,10000,0                        
TEL,2073,S5,3404,1069,2944,4994,10000,0                        
TEL,2074,S5,3373,1068,2944,4994,10000,0                        
TEL,2075,S5,3404,1069,2944,4994,10000,0                        
TEL,2076,S5,3404,1069,2944,4994,10000,0                        
TEL,2077,S5,3404,1069,2944,4994,10000,0                        
TEL,2078,S5,3404,1069,2944,4994,10000,0                        
TEL,2079,S5,3404,1069,2944,4994,10000,0                        
TEL,2080,S5,3373,1068,2944,4994,10000,0                        
TEL,2081,S5,3404,1069,2944,4994,10000,0                        
TEL,2082,S5,3404,1069,2944,4994,10000,0                        
TEL,2083,S5,3404,1069,2944,4994,10000,0                        
TEL,2084,S5,3404,1069,2944,4994,10000,0                        
TEL,2085,S5,3373,1068,2944,4994,10000,0                        
TEL,2086,S5,3498,1072,2944,4994,10000,0                        
TEL,2087,S5,3404,1069,2944,4994,10000,0                        
TEL,2088,S5,3466,1071,2944,4994,10000,0                        
TEL,2089,S5,3404,1069,2944,4994,10000,0                        
TEL,2090,S5,3404,1069,2944,4994,10000,0                        
TEL,2091,S5,3404,1069,2944,4994,10000,0                        
TEL,2092,S5,3404,1069,2944,4994,10000,0                        
TEL,2093,S5,3404,1069,2944,4994,10000,0                        
TEL,2094,S5,3404,1069,2944,4994,10000,0                        
TEL,2095,S5,3404,1069,2944,4994,10000,0                        
TEL,2096,S5,3373,1068,2944,4994,10000,0                        
TEL,2097,S5,3404,1069,2944,4994,10000,0                        
TEL,2098,S5,3404,1069,2944,4994,10000,0                        
TEL,2099,S5,3404,1069,2944,4994,10000,0                        
TEL,2100,S5,3404,1069,2944,4994,10000,0                        
TEL,2101,S5,3404,1069,2944,4994,10000,0                        
TEL,2102,S5,3435,1070,2944,4994,10000,0                        
TEL,2103,S5,3404,1069,2944,4994,10000,0                        
TEL,2104,S5,3404,1069,2944,4994,10000,0                        
TEL,2105,S5,3404,1069,2944,4994,10000,0                        
TEL,2106,S5,3404,1069,2944,4994,10000,0                        
TEL,2107,S5,3466,1071,2944,4994,10000,0                        
TEL,2108,S5,3404,1069,2944,4994,10000,0                        
TEL,2109,S5,3404,1069,2944,4994,10000,0                        
TEL,2110,S5,3404,1069,2944,4994,10000,0                        
TEL,2111,S5,3404,1069,2944,4994,10000,0                        
TEL,2112,S5,3435,1070,2944,4994,10000,0                        
TEL,2113,S5,3404,1069,2944,4994,10000,0                        
TEL,2114,S5,3404,1069,2944,4994,10000,0                        
TEL,2115,S5,3373,1068,2944,4994,10000,0                        
TEL,2116,S5,3404,1069,2944,4994,10000,0                        
TEL,2117,S5,3498,1072,2944,4994,10000,0                        
TEL,2118,S5,3404,1069,2944,4994,10000,0                        
TEL,2119,S5,3404,1069,2944,4994,10000,0                        
TEL,2120,S5,3404,1069,2944,4994,10000,0                        
TEL,2121,S5,3404,1069,2944,4994,10000,0                        
TEL,2122,S5,3404,1069,2944,4994,10000,0                        
TEL,2123,S5,3373,1068,2944,4994,10000,0                        
TEL,2124,S5,3404,1069,2944,4994,10000,0                        
TEL,2125,S5,3404,1069,2944,4994,10000,0                        
TEL,2126,S5,3404,1069,2944,4994,10000,0                        
TEL,2127,S5,3404,1069,2944,4994,10000,0                        
TEL,2128,S5,3342,1066,2944,4994,10000,0                        
TEL,2129,S5,3404,1069,2944,4994,10000,0                        
TEL,2130,S5,3373,1068,2944,4994,10000,0                        
TEL,2131,S5,3404,1069,2944,4994,10000,0                        
TEL,2132,S5,3404,1069,2944,4994,10000,0                        
TEL,2133,S5,3373,1068,2944,4994,10000,0                        
TEL,2134,S5,3404,1069,2944,4994,10000,0                        
TEL,2135,S5,3404,1069,2944,4994,10000,0                        
TEL,2136,S5,3404,1069,2944,4994,10000,0                        
TEL,2137,S5,3342,1067,2944,4994,10000,0                        
TEL,2138,S5,3404,1069,2944,4994,10000,0                        
TEL,2139,S5,3404,1069,2944,4994,10000,0                        
TEL,2140,S5,3404,1069,2944,4994,10000,0                        
TEL,2141,S5,3404,1069,2944,4994,10000,0                        
TEL,2142,S5,3404,1069,2944,4994,10000,0                        
TEL,2143,S5,3373,1068,2944,4994,10000,0                        
TEL,2144,S5,3435,1070,2944,4994,10000,0                        
TEL,2145,S5,3404,1069,2944,4994,10000,0                        
TEL,2146,S5,3373,1068,2944,4994,10000,0                        
TEL,2147,S5,3404,1069,2944,4994,10000,0                        
TEL,2148,S5,3373,1068,2944,4994,10000,0                        
TEL,2149,S5,3404,1069,2944,4994,10000,0                        
TEL,2150,S5,3373,1068,2944,4994,10000,0                        
TEL,2151,S5,3373,1068,2944,4994,10000,0                        
TEL,2152,S5,3404,1069,2944,4994,10000,0                        
TEL,2153,S5,3404,1069,2944,4994,10000,0                        
TEL,2154,S5,3404,1069,2944,4994,10000,0                        
TEL,2155,S5,3404,1069,2944,4994,10000,0                        
TEL,2156,S5,3404,1069,2944,4994,10000,0                        
TEL,2157,S5,3404,1069,2944,4994,10000,0                        
TEL,2158,S5,3373,1068,2944,4994,10000,0                        
TEL,2159,S5,3373,1068,2944,4994,10000,0                        
TEL,2160,S5,3529,1073,2944,4994,10000,0                        
TEL,2161,S5,3404,1069,2944,4994,10000,0                        
TEL,2162,S5,3404,1069,2944,4994,10000,0                        
TEL,2163,S5,3529,1073,2944,4994,10000,0                        
TEL,2164,S5,3404,1069,2944,4994,10000,0                        
TEL,2165,S5,3404,1069,2944,4994,10000,0                        
TEL,2166,S5,3404,1069,2944,4994,10000,0                        
TEL,2167,S5,3404,1069,2944,4994,10000,0                        
TEL,2168,S5,3404,1069,2944,4994,10000,0                        
TEL,2169,S5,3404,1069,2944,4994,10000,0                        
TEL,2170,S5,3404,1069,2944,4994,10000,0                        
TEL,2171,S5,3404,1069,2944,4994,10000,0                        
TEL,2172,S5,3373,1068,2944,4994,10000,0                        
BTN,16,S5,PRESSED,2173,21568597,21568614,21568616              
TEL,2174,S5,3404,1069,2944,5081,10003,0                        
TEL,2175,S5,3280,1064,2944,4994,9997,0                         
TEL,2176,S5,3342,1067,2944,4994,10000,0                        
TEL,2177,S5,3404,1069,2944,4994,10000,0                        
TEL,2178,S5,3373,1068,2944,4994,10000,0                        
TEL,2179,S5,3404,1069,2944,4994,10000,0                        
TEL,2180,S5,3404,1069,2944,4994,10000,0                        
TEL,2181,S5,3373,1068,2944,4994,10000,0                        
TEL,2182,S5,3404,1069,2944,4994,10000,0                        
TEL,2183,S5,3529,1073,2944,4994,10000,0                        
TEL,2184,S5,3404,1069,2944,4994,10000,0                        
TEL,2185,S5,3373,1068,2944,4994,10000,0                        
TEL,2186,S5,3373,1068,2944,4994,10000,0                        
TEL,2187,S5,3373,1068,2944,4994,10000,0                        
TEL,2188,S5,3404,1069,2944,4994,10000,0                        
TEL,2189,S5,3373,1068,2944,4994,10000,0                        
TEL,2190,S5,3404,1069,2944,4994,10000,0                        
TEL,2191,S5,3404,1069,2944,4994,10000,0                        
TEL,2192,S5,3404,1069,2944,4994,10000,0                        
TEL,2193,S5,3435,1070,2944,4994,10000,0                        
TEL,2194,S5,3373,1068,2944,4994,10000,0                        
TEL,2195,S5,3373,1068,2944,4994,10000,0                        
TEL,2196,S5,3404,1069,2944,4994,10000,0                        
TEL,2197,S5,3404,1069,2944,4994,10000,0                        
TEL,2198,S5,3404,1069,2944,4994,10000,0                        
TEL,2199,S5,3373,1068,2944,4994,10000,0                        
TEL,2200,S5,3404,1069,2944,4994,10000,0                        
TEL,2201,S5,3373,1068,2944,4994,10000,0                        
TEL,2202,S5,3404,1069,2944,4994,10000,0                        
TEL,2203,S5,3373,1068,2944,4994,10000,0                        
TEL,2204,S5,3404,1069,2944,4994,10000,0                        
TEL,2205,S5,3404,1069,2944,4994,10000,0                        
TEL,2206,S5,3311,1065,2944,4994,10000,0                        
TEL,2207,S5,3466,1071,2944,4994,10000,0                        
TEL,2208,S5,3435,1070,2944,4994,10000,0                        
TEL,2209,S5,3404,1069,2944,4994,10000,0                        
TEL,2210,S5,3529,1073,2944,4994,10000,0                        
TEL,2211,S5,3373,1068,2944,4994,10000,0                        
TEL,2212,S5,3373,1068,2944,4994,10000,0                        
TEL,2213,S5,3373,1068,2944,4994,10000,0                        
TEL,2214,S5,3404,1069,2944,4994,10000,0                        
TEL,2215,S5,3404,1069,2944,4994,10000,0                        
TEL,2216,S5,3404,1069,2944,4994,10000,0                        
TEL,2217,S5,3373,1068,2944,4994,10000,0                        
TEL,2218,S5,3404,1069,2944,4994,10000,0                        
TEL,2219,S5,3404,1069,2944,4994,10000,0                        
TEL,2220,S5,3404,1069,2944,4994,10000,0                        
TEL,2221,S5,3498,1072,2944,4994,10000,0                        
TEL,2222,S5,3404,1069,2944,4994,10000,0                        
TEL,2223,S5,3373,1068,2944,4994,10000,0                        
TEL,2224,S5,3404,1069,2944,4994,10000,0                        
TEL,2225,S5,3404,1069,2944,4994,10000,0                        
TEL,2226,S5,3404,1069,2944,4994,10000,0                        
TEL,2227,S5,3404,1069,2944,4994,10000,0                        
TEL,2228,S5,3404,1069,2944,4994,10000,0                        
TEL,2229,S5,3404,1069,2944,4994,10000,0                        
TEL,2230,S5,3404,1069,2944,4994,10000,0                        
TEL,2231,S5,3498,1072,2944,4994,10000,0                        
TEL,2232,S5,3404,1069,2944,4994,10000,0                        
TEL,2233,S5,3249,1063,2944,4994,10000,0                        
TEL,2234,S5,3404,1069,2944,4994,10000,0                        
TEL,2235,S5,3342,1067,2944,4994,10000,0                        
TEL,2236,S5,3249,1063,2944,4994,10000,0                        
TEL,2237,S5,3373,1068,2944,4994,10000,0                        
TEL,2238,S5,3342,1067,2944,4994,10000,0                        
TEL,2239,S5,3529,1073,2944,4994,10000,0                        
TEL,2240,S5,3342,1067,2944,4994,10000,0                        
TEL,2241,S5,3404,1069,2944,4994,10000,0                        
TEL,2242,S5,3404,1069,2944,4994,10000,0                        
TEL,2243,S5,3404,1069,2944,4994,10000,0                        
TEL,2244,S5,3373,1068,2944,4994,10000,0                        
TEL,2245,S5,3404,1069,2944,4994,10000,0                        
TEL,2246,S5,3404,1069,2944,4994,10000,0                        
TEL,2247,S5,3404,1069,2944,4994,10000,0                        
TEL,2248,S5,3404,1069,2944,4994,10000,0                        
TEL,2249,S5,3342,1067,2944,4994,10000,0                        
TEL,2250,S5,3404,1069,2944,4994,10000,0                        
TEL,2251,S5,3404,1069,2944,4994,10000,0                        
TEL,2252,S5,3404,1069,2944,4994,10000,0                        
TEL,2253,S5,3404,1069,2944,4994,10000,0                        
TEL,2254,S5,3373,1068,2944,4994,10000,0                        
TEL,2255,S5,3404,1069,2944,4994,10000,0                        
TEL,2256,S5,3435,1070,2944,4994,10000,0                        
TEL,2257,S5,3373,1068,2944,4994,10000,0                        
TEL,2258,S5,3404,1069,2944,4994,10000,0                        
TEL,2259,S5,3404,1069,2944,4994,10000,0                        
TEL,2260,S5,3404,1069,2944,4994,10000,0                        
TEL,2261,S5,3404,1069,2944,4994,10000,0                        
TEL,2262,S5,3404,1069,2944,4994,10000,0                        
TEL,2263,S5,3404,1069,2944,4994,10000,0                        
TEL,2264,S5,3404,1069,2944,4994,10000,0                        
TEL,2265,S5,3404,1069,2944,4994,10000,0                        
TEL,2266,S5,3404,1069,2944,4994,10000,0                        
TEL,2267,S5,3404,1069,2944,4994,10000,0                        
TEL,2268,S5,3404,1069,2944,4994,10000,0                        
TEL,2269,S5,3404,1069,2944,4994,10000,0                        
TEL,2270,S5,3404,1069,2944,4994,10000,0                        
TEL,2271,S5,3404,1069,2944,4994,10000,0                        
TEL,2272,S5,3404,1069,2944,4994,10000,0                        
TEL,2273,S5,3404,1069,2944,4994,10000,0                        
TEL,2274,S5,3404,1069,2944,4994,10000,0                        
TEL,2275,S5,3404,1069,2944,4994,10000,0                        
TEL,2276,S5,3404,1069,2944,4994,10000,0                        
TEL,2277,S5,3373,1068,2944,4994,10000,0                        
TEL,2278,S5,3404,1069,2944,4994,10000,0                        
TEL,2279,S5,3529,1073,2944,4994,10000,0                        
TEL,2280,S5,3373,1068,2944,4994,10000,0                        
TEL,2281,S5,3404,1069,2944,4994,10000,0                        
TEL,2282,S5,3466,1071,2944,4994,10000,0                        
TEL,2283,S5,3404,1069,2944,4994,10000,0                        
TEL,2284,S5,3404,1069,2944,4994,10000,0                        
TEL,2285,S5,3404,1069,2944,4994,10000,0                        
TEL,2286,S5,3311,1065,2944,4994,10000,0                        
TEL,2287,S5,3404,1069,2944,4994,10000,0                        
TEL,2288,S5,3435,1070,2944,4994,10000,0                        
TEL,2289,S5,3404,1069,2944,4994,10000,0                        
TEL,2290,S5,3373,1068,2944,4994,10000,0                        
TEL,2291,S5,3404,1069,2944,4994,10000,0                        
TEL,2292,S5,3404,1069,2944,4994,10000,0                        
TEL,2293,S5,3404,1069,2944,4994,10000,0                        
TEL,2294,S5,3404,1069,2944,4994,10000,0                        
TEL,2295,S5,3466,1071,2944,4994,10000,0                        
TEL,2296,S5,3404,1069,2944,4994,10000,0                        
TEL,2297,S5,3404,1069,2944,4994,10000,0                        
TEL,2298,S5,3529,1073,2944,4994,10000,0                        
TEL,2299,S5,3404,1069,2944,4994,10000,0                        
TEL,2300,S5,3404,1069,2944,4994,10000,0                        
TEL,2301,S5,3404,1069,2944,4994,10000,0                        
TEL,2302,S5,3404,1069,2944,4994,10000,0                        
TEL,2303,S5,3404,1069,2944,4994,10000,0                        
TEL,2304,S5,3498,1072,2944,4994,10000,0                        
TEL,2305,S5,3342,1067,2944,4994,10000,0                        
TEL,2306,S5,3404,1069,2944,4994,10000,0                        
TEL,2307,S5,3404,1069,2944,4994,10000,0                        
TEL,2308,S5,3404,1069,2944,4994,10000,0                        
TEL,2309,S5,3342,1067,2944,4994,10000,0                        
TEL,2310,S5,3404,1069,2944,4994,10000,0                        
TEL,2311,S5,3404,1069,2944,4994,10000,0                        
TEL,2312,S5,3404,1069,2944,4994,10000,0                        
TEL,2313,S5,3404,1069,2944,4994,10000,0                        
TEL,2314,S5,3373,1068,2944,4994,10000,0                        
TEL,2315,S5,3404,1069,2944,4994,10000,0                        
BTN,17,S5,PRESSED,2316,22989259,22989276,22989278              
TEL,2317,S5,3373,1068,2944,5124,10000,0                        
TEL,2318,S5,3342,1067,2944,4994,10000,0                        
TEL,2319,S5,3342,1067,2944,4994,10000,0                        
TEL,2320,S5,3404,1069,2944,4994,10000,0                        
TEL,2321,S5,3404,1069,2944,4994,10000,0                        
TEL,2322,S5,3404,1069,2944,4994,10000,0                        
TEL,2323,S5,3404,1069,2944,4994,10000,0                        
TEL,2324,S5,3404,1069,2944,4994,10000,0                        
TEL,2325,S5,3373,1068,2944,4994,10000,0                        
TEL,2326,S5,3404,1069,2944,4994,10000,0                        
TEL,2327,S5,3404,1069,2944,4994,10000,0                        
TEL,2328,S5,3404,1069,2944,4994,10000,0                        
TEL,2329,S5,3404,1069,2944,4994,10000,0                        
TEL,2330,S5,3404,1069,2944,4994,10000,0                        
TEL,2331,S5,3373,1068,2944,4994,10000,0                        
TEL,2332,S5,3404,1069,2944,4994,10000,0                        
TEL,2333,S5,3404,1069,2944,4994,10000,0                        
TEL,2334,S5,3404,1069,2944,4994,10000,0                        
TEL,2335,S5,3404,1069,2944,4994,10000,0                        
TEL,2336,S5,3435,1070,2944,4994,10000,0                        
TEL,2337,S5,3404,1069,2944,4994,10000,0                        
TEL,2338,S5,3404,1069,2944,4994,10000,0                        
TEL,2339,S5,3404,1069,2944,4994,10000,0                        
TEL,2340,S5,3404,1069,2944,4994,10000,0                        
TEL,2341,S5,3404,1069,2944,4994,10000,0                        
TEL,2342,S5,3404,1069,2944,4994,10000,0                        
TEL,2343,S5,3404,1069,2944,4994,10000,0                        
TEL,2344,S5,3404,1069,2944,4994,10000,0                        
TEL,2345,S5,3404,1069,2944,4994,10000,0                        
TEL,2346,S5,3498,1072,2944,4994,10000,0                        
TEL,2347,S5,3404,1069,2944,4994,10000,0                        
TEL,2348,S5,3404,1069,2944,4994,10000,0                        
TEL,2349,S5,3404,1069,2944,4994,10000,0                        
TEL,2350,S5,3404,1069,2944,4994,10000,0                        
TEL,2351,S5,3373,1068,2944,4994,10000,0                        
TEL,2352,S5,3404,1069,2944,4994,10000,0                        
TEL,2353,S5,3404,1069,2944,4994,10000,0                        
TEL,2354,S5,3498,1072,2944,4994,10000,0                        
TEL,2355,S5,3404,1069,2944,4994,10000,0                        
TEL,2356,S5,3404,1069,2944,4994,10000,0                        
TEL,2357,S5,3404,1069,2944,4994,10000,0                        
TEL,2358,S5,3404,1069,2944,4994,10000,0                        
TEL,2359,S5,3404,1069,2944,4994,10000,0                        
TEL,2360,S5,3466,1071,2944,4994,10000,0                        
TEL,2361,S5,3404,1069,2944,4994,10000,0                        
TEL,2362,S5,3404,1069,2944,4994,10000,0                        
TEL,2363,S5,3404,1069,2944,4994,10000,0                        
TEL,2364,S5,3404,1069,2944,4994,10000,0                        
TEL,2365,S5,3404,1069,2944,4994,10000,0                        
TEL,2366,S5,3404,1069,2944,4994,10000,0                        
TEL,2367,S5,3404,1069,2944,4994,10000,0                        
TEL,2368,S5,3342,1067,2944,4994,10000,0                        
TEL,2369,S5,3404,1069,2944,4994,10000,0                        
TEL,2370,S5,3404,1069,2944,4994,10000,0                        
TEL,2371,S5,3404,1069,2944,4994,10000,0                        
TEL,2372,S5,3373,1068,2944,4994,10000,0                        
TEL,2373,S5,3404,1069,2944,4994,10000,0                        
TEL,2374,S5,3404,1069,2944,4994,10000,0                        
TEL,2375,S5,3404,1069,2944,4994,10000,0                        
TEL,2376,S5,3404,1069,2944,4994,10000,0                        
TEL,2377,S5,3404,1069,2944,4994,10000,0                        
TEL,2378,S5,3404,1069,2944,4994,10000,0                        
TEL,2379,S5,3404,1069,2944,4994,10000,0                        
TEL,2380,S5,3404,1069,2944,4994,10000,0                        
TEL,2381,S5,3373,1068,2944,4994,10000,0                        
TEL,2382,S5,3404,1069,2944,4994,10000,0                        
TEL,2383,S5,3404,1069,2944,4994,10000,0                        
TEL,2384,S5,3342,1067,2944,4994,10000,0                        
TEL,2385,S5,3529,1073,2944,4994,10000,0                        
TEL,2386,S5,3404,1069,2944,4994,10000,0                        
TEL,2387,S5,3404,1069,2944,4994,10000,0                        
TEL,2388,S5,3466,1071,2944,4994,10000,0                        
TEL,2389,S5,3404,1069,2944,4994,10000,0                        
TEL,2390,S5,3404,1069,2944,4994,10000,0                        
TEL,2391,S5,3404,1069,2944,4994,10000,0                        
TEL,2392,S5,3404,1069,2944,4994,10000,0                        
TEL,2393,S5,3404,1069,2944,4994,10000,0                        
TEL,2394,S5,3404,1069,2944,4994,10000,0                        
TEL,2395,S5,3404,1069,2944,4994,10000,0                        
TEL,2396,S5,3404,1069,2944,4994,10000,0                        
TEL,2397,S5,3404,1069,2944,4994,10000,0                        
TEL,2398,S5,3404,1069,2944,4994,10000,0                        
TEL,2399,S5,3311,1065,2944,4994,10000,0                        
TEL,2400,S5,3435,1070,2944,4994,10000,0                        
TEL,2401,S5,3404,1069,2944,4994,10000,0                        
TEL,2402,S5,3404,1069,2944,4994,10000,0                        
TEL,2403,S5,3373,1068,2944,4994,10000,0                        
TEL,2404,S5,3404,1069,2944,4994,10000,0                        
TEL,2405,S5,3404,1069,2944,4994,10000,0                        
TEL,2406,S5,3404,1069,2944,4994,10000,0                        
TEL,2407,S5,3498,1072,2944,4994,10000,0                        
TEL,2408,S5,3404,1069,2944,4994,10000,0                        
TEL,2409,S5,3404,1069,2944,4994,10000,0                        
TEL,2410,S5,3373,1068,2944,4994,10000,0                        
TEL,2411,S5,3404,1069,2944,4994,10000,0                        
TEL,2412,S5,3622,1076,2944,4994,10000,0                        
TEL,2413,S5,3466,1071,2944,4994,10000,0                        
TEL,2414,S5,3373,1068,2944,4994,10000,0                        
TEL,2415,S5,3404,1069,2944,4994,10000,0                        
TEL,2416,S5,3466,1071,2944,4994,10000,0                        
TEL,2417,S5,3466,1071,2944,4994,10000,0                        
TEL,2418,S5,3404,1069,2944,4994,10000,0                        
TEL,2419,S5,3404,1069,2944,4994,10000,0                        
TEL,2420,S5,3498,1072,2944,4994,10000,0                        
TEL,2421,S5,3404,1069,2944,4994,10000,0                        
TEL,2422,S5,3404,1069,2944,4994,10000,0                        
TEL,2423,S5,3404,1069,2944,4994,10000,0                        
TEL,2424,S5,3404,1069,2944,4994,10000,0                        
TEL,2425,S5,3404,1069,2944,4994,10000,0                        
TEL,2426,S5,3404,1069,2944,4994,10000,0                        
TEL,2427,S5,3404,1069,2944,4994,10000,0                        
TEL,2428,S5,3404,1069,2944,4994,10000,0                        
TEL,2429,S5,3404,1069,2944,4994,10000,0                        
TEL,2430,S5,3404,1069,2944,4994,10000,0                        
TEL,2431,S5,3404,1069,2944,4994,10000,0                        
TEL,2432,S5,3404,1069,2944,4994,10000,0                        
TEL,2433,S5,3404,1069,2944,4994,10000,0                        
TEL,2434,S5,3404,1069,2944,4994,10000,0                        
TEL,2435,S5,3466,1071,2944,4994,10000,0                        
TEL,2436,S5,3404,1069,2944,4994,10000,0                        
TEL,2437,S5,3404,1069,2944,4994,10000,0                        
TEL,2438,S5,3498,1072,2944,4994,10000,0                        
TEL,2439,S5,3342,1067,2944,4994,10000,0                        
TEL,2440,S5,3404,1069,2944,4994,10000,0                        
TEL,2441,S5,3404,1069,2944,4994,10000,0                        
TEL,2442,S5,3404,1069,2944,4994,10000,0                        
TEL,2443,S5,3404,1069,2944,4994,10000,0                        
TEL,2444,S5,3342,1067,2944,4994,10000,0                        
TEL,2445,S5,3404,1069,2944,4994,10000,0                        
TEL,2446,S5,3404,1069,2944,4994,10000,0                        
TEL,2447,S5,3404,1069,2944,4994,10000,0                        
TEL,2448,S5,3404,1069,2944,4994,10000,0                        
BTN,18,S5,PRESSED,2449,24307276,24307296,24307298              
TEL,2450,S5,3404,1069,2944,5044,10000,0                        
TEL,2451,S5,3373,1068,2944,4994,10000,0                        
TEL,2452,S5,3404,1069,2944,4994,10000,0                        
TEL,2453,S5,3404,1069,2944,4994,10000,0                        
TEL,2454,S5,3311,1065,2944,4994,10000,0                        
TEL,2455,S5,3311,1065,2944,4994,10000,0                        
TEL,2456,S5,3404,1069,2944,4994,10000,0                        
TEL,2457,S5,3404,1069,2944,4994,10000,0                        
TEL,2458,S5,3404,1069,2944,4994,10000,0                        
TEL,2459,S5,3404,1069,2944,4994,10000,0                        
TEL,2460,S5,3342,1067,2944,4994,10000,0                        
TEL,2461,S5,3404,1069,2944,4994,10000,0                        
TEL,2462,S5,3404,1069,2944,4994,10000,0                        
TEL,2463,S5,3498,1072,2944,4997,10000,0                        
TEL,2464,S5,3435,1070,2944,4994,10000,0                        
TEL,2465,S5,3404,1069,2944,4994,10000,0                        
TEL,2466,S5,3404,1069,2944,4994,10000,0                        
TEL,2467,S5,3404,1069,2944,4994,10000,0                        
TEL,2468,S5,3404,1069,2944,4994,10000,0                        
TEL,2469,S5,3404,1069,2944,4994,10000,0                        
TEL,2470,S5,3404,1069,2944,4994,10000,0                        
TEL,2471,S5,3373,1068,2944,4994,10000,0                        
TEL,2472,S5,3466,1071,2944,4994,10000,0                        
TEL,2473,S5,3466,1071,2944,4994,10000,0                        
TEL,2474,S5,3373,1068,2944,4994,10000,0                        
TEL,2475,S5,3342,1067,2944,4994,10000,0                        
TEL,2476,S5,3404,1069,2944,4994,10000,0                        
TEL,2477,S5,3404,1069,2944,4994,10000,0                        
TEL,2478,S5,3404,1069,2944,4994,10000,0                        
TEL,2479,S5,3373,1068,2944,4994,10000,0                        
TEL,2480,S5,3373,1068,2944,4994,10000,0                        
TEL,2481,S5,3342,1067,2944,4994,10000,0                        
TEL,2482,S5,3404,1069,2944,4994,10000,0                        
TEL,2483,S5,3404,1069,2944,4994,10000,0                        
TEL,2484,S5,3342,1067,2944,4994,10000,0                        
TEL,2485,S5,3186,1061,2944,4994,10000,0                        
TEL,2486,S5,3404,1069,2944,4994,10000,0                        
TEL,2487,S5,3373,1068,2944,4994,10000,0                        
TEL,2488,S5,3404,1069,2944,4994,10000,0                        
TEL,2489,S5,3404,1069,2944,4994,10000,0                        
TEL,2490,S5,3404,1069,2944,4994,10000,0                        
TEL,2491,S5,3373,1068,2944,4994,10000,0                        
TEL,2492,S5,3404,1069,2944,4994,10000,0                        
TEL,2493,S5,3373,1068,2944,4994,10000,0                        
TEL,2494,S5,3404,1069,2944,4994,10000,0                        
TEL,2495,S5,3404,1069,2944,4994,10000,0                        
TEL,2496,S5,3342,1067,2944,4994,10000,0                        
TEL,2497,S5,3404,1069,2944,4994,10000,0                        
TEL,2498,S5,3404,1069,2944,4994,10000,0                        
TEL,2499,S5,3404,1069,2944,4994,10000,0                        
TEL,2500,S5,3529,1073,2944,4994,10000,0                        
TEL,2501,S5,3404,1069,2944,4994,10000,0                        
TEL,2502,S5,3404,1069,2944,4994,10000,0                        
TEL,2503,S5,3404,1069,2944,4994,10000,0                        
TEL,2504,S5,3404,1069,2944,4994,10000,0                        
TEL,2505,S5,3373,1068,2944,4994,10000,0                        
TEL,2506,S5,3404,1069,2944,4994,10000,0                        
TEL,2507,S5,3404,1069,2944,4994,10000,0                        
TEL,2508,S5,3404,1069,2944,4994,10000,0                        
TEL,2509,S5,3498,1072,2944,4994,10000,0                        
TEL,2510,S5,3404,1069,2944,4994,10000,0                        
TEL,2511,S5,3529,1073,2944,4994,10000,0                        
TEL,2512,S5,3342,1066,2944,4994,10000,0                        
TEL,2513,S5,3342,1067,2944,4994,10000,0                        
TEL,2514,S5,3373,1068,2944,4994,10000,0                        
TEL,2515,S5,3404,1069,2944,4994,10000,0                        
TEL,2516,S5,3404,1069,2944,4994,10000,0                        
TEL,2517,S5,3404,1069,2944,4994,10000,0                        
TEL,2518,S5,3373,1068,2944,4994,10000,0                        
TEL,2519,S5,3404,1069,2944,4994,10000,0                        
TEL,2520,S5,3404,1069,2944,4994,10000,0                        
TEL,2521,S5,3342,1067,2944,4994,10000,0                        
TEL,2522,S5,3404,1069,2944,4994,10000,0                        
TEL,2523,S5,3404,1069,2944,4994,10000,0                        
TEL,2524,S5,3404,1069,2944,4994,10000,0                        
TEL,2525,S5,3342,1067,2944,4994,10000,0                        
TEL,2526,S5,3404,1069,2944,4994,10000,0                        
TEL,2527,S5,3404,1069,2944,4994,10000,0                        
TEL,2528,S5,3404,1069,2944,4994,10000,0                        
TEL,2529,S5,3404,1069,2944,4994,10000,0                        
TEL,2530,S5,3404,1069,2944,4994,10000,0                        
TEL,2531,S5,3404,1069,2944,4994,10000,0                        
TEL,2532,S5,3404,1069,2944,4994,10000,0                        
TEL,2533,S5,3404,1069,2944,4994,10000,0                        
TEL,2534,S5,3404,1069,2944,4994,10000,0                        
TEL,2535,S5,3404,1069,2944,4994,10000,0                        
TEL,2536,S5,3404,1069,2944,4994,10000,0                        
TEL,2537,S5,3373,1068,2944,4994,10000,0                        
TEL,2538,S5,3404,1069,2944,4994,10000,0                        
TEL,2539,S5,3373,1068,2944,4994,10000,0                        
TEL,2540,S5,3373,1068,2944,4994,10000,0                        
TEL,2541,S5,3404,1069,2944,4994,10000,0                        
TEL,2542,S5,3404,1069,2944,4994,10000,0                        
TEL,2543,S5,3404,1069,2944,4994,10000,0                        
TEL,2544,S5,3342,1066,2944,4994,10000,0                        
TEL,2545,S5,3404,1069,2944,4994,10000,0                        
TEL,2546,S5,3404,1069,2944,4994,10000,0                        
TEL,2547,S5,3404,1069,2944,4994,10000,0                        
TEL,2548,S5,3404,1069,2944,4994,10000,0                        
TEL,2549,S5,3373,1068,2944,4994,10000,0                        
TEL,2550,S5,3404,1069,2944,4994,10000,0                        
TEL,2551,S5,3404,1069,2944,4994,10000,0                        
TEL,2552,S5,3342,1067,2944,4994,10000,0                        
TEL,2553,S5,3404,1069,2944,4994,10000,0                        
TEL,2554,S5,3404,1069,2944,4994,10000,0                        
TEL,2555,S5,3404,1069,2944,4994,10000,0                        
TEL,2556,S5,3404,1069,2944,4994,10000,0                        
TEL,2557,S5,3342,1067,2944,4994,10000,0                        
TEL,2558,S5,3404,1069,2944,4994,10000,0                        
TEL,2559,S5,3404,1069,2944,4994,10000,0                        
TEL,2560,S5,3249,1063,2944,4994,10000,0                        
TEL,2561,S5,3404,1069,2944,4994,10000,0                        
TEL,2562,S5,3373,1068,2944,4994,10000,0                        
TEL,2563,S5,3404,1069,2944,4994,10000,0                        
TEL,2564,S5,3404,1069,2944,4994,10000,0                        
TEL,2565,S5,3404,1069,2944,4994,10000,0                        
TEL,2566,S5,3404,1069,2944,4994,10000,0                        
TEL,2567,S5,3342,1067,2944,4994,10000,0                        
TEL,2568,S5,3404,1069,2944,4994,10000,0                        
TEL,2569,S5,3342,1067,2944,4994,10000,0                        
TEL,2570,S5,3404,1069,2944,4994,10000,0                        
TEL,2571,S5,3373,1068,2944,4994,10000,0                        
TEL,2572,S5,3435,1070,2944,4994,10000,0                        
TEL,2573,S5,3404,1069,2944,4994,10000,0                        
TEL,2574,S5,3404,1069,2944,4994,10000,0                        
TEL,2575,S5,3373,1068,2944,4994,10000,0                        
TEL,2576,S5,3404,1069,2944,4994,10000,0                        
TEL,2577,S5,3404,1069,2944,4994,10000,0                        
TEL,2578,S5,3404,1069,2944,4994,10000,0                        
TEL,2579,S5,3404,1069,2944,4994,10000,0                        
TEL,2580,S5,3404,1069,2944,4994,10000,0                        
TEL,2581,S5,3404,1069,2944,4994,10000,0                        
TEL,2582,S5,3404,1069,2944,4994,10000,0                        
TEL,2583,S5,3404,1069,2944,4994,10000,0                        
TEL,2584,S5,3404,1069,2944,4994,10000,0                        
TEL,2585,S5,3404,1069,2944,4994,10000,0                        
TEL,2586,S5,3404,1069,2944,4994,10000,0                        
TEL,2587,S5,3404,1069,2944,4994,10000,0                        
BTN,19,S5,PRESSED,2588,25689101,25689118,25689120              
TEL,2589,S5,3373,1068,2944,5114,10000,0                        
TEL,2590,S5,3342,1067,2944,4994,10000,0                        
TEL,2591,S5,3404,1069,2944,4994,10000,0                        
TEL,2592,S5,3404,1069,2944,4994,10000,0                        
TEL,2593,S5,3404,1069,2944,4994,10000,0                        
TEL,2594,S5,3404,1069,2944,4994,10000,0                        
TEL,2595,S5,3404,1069,2944,4994,10000,0                        
TEL,2596,S5,3404,1069,2944,4994,10000,0                        
TEL,2597,S5,3404,1069,2944,4994,10000,0                        
TEL,2598,S5,3404,1069,2944,4994,10000,0                        
TEL,2599,S5,3498,1072,2944,4994,10000,0                        
TEL,2600,S5,3404,1069,2944,4994,10000,0                        
TEL,2601,S5,3404,1069,2944,4994,10000,0                        
TEL,2602,S5,3342,1067,2944,4994,10000,0                        
TEL,2603,S5,3404,1069,2944,4994,10000,0                        
TEL,2604,S5,3311,1065,2944,4994,10000,0                        
TEL,2605,S5,3404,1069,2944,4994,10000,0                        
TEL,2606,S5,3404,1069,2944,4994,10000,0                        
TEL,2607,S5,3404,1069,2944,4994,10000,0                        
TEL,2608,S5,3435,1070,2944,4994,10000,0                        
TEL,2609,S5,3404,1069,2944,4994,10000,0                        
TEL,2610,S5,3404,1069,2944,4994,10000,0                        
TEL,2611,S5,3404,1069,2944,4994,10000,0                        
TEL,2612,S5,3404,1069,2944,4994,10000,0                        
TEL,2613,S5,3342,1067,2944,4994,10000,0                        
TEL,2614,S5,3404,1069,2944,4994,10000,0                        
TEL,2615,S5,3404,1069,2944,4994,10000,0                        
TEL,2616,S5,3404,1069,2944,4994,10000,0                        
TEL,2617,S5,3404,1069,2944,4994,10000,0                        
TEL,2618,S5,3373,1068,2944,4994,10000,0                        
TEL,2619,S5,3404,1069,2944,4994,10000,0                        
TEL,2620,S5,3404,1069,2944,4994,10000,0                        
TEL,2621,S5,3404,1069,2944,4994,10000,0                        
TEL,2622,S5,3404,1069,2944,4994,10000,0                        
TEL,2623,S5,3404,1069,2944,4994,10000,0                        
TEL,2624,S5,3435,1070,2944,4994,10000,0                        
TEL,2625,S5,3404,1069,2944,4994,10000,0                        
TEL,2626,S5,3404,1069,2944,4994,10000,0                        
TEL,2627,S5,3404,1069,2944,4994,10000,0                        
TEL,2628,S5,3373,1068,2944,4994,10000,0                        
TEL,2629,S5,3342,1067,2944,4994,10000,0                        
TEL,2630,S5,3404,1069,2944,4994,10000,0                        
TEL,2631,S5,3466,1071,2944,4994,10000,0                        
TEL,2632,S5,3498,1072,2944,4994,10000,0                        
TEL,2633,S5,3466,1071,2944,4994,10000,0                        
TEL,2634,S5,3404,1069,2944,4994,10000,0                        
TEL,2635,S5,3404,1069,2944,4994,10000,0                        
TEL,2636,S5,3404,1069,2944,4994,10000,0                        
TEL,2637,S5,3404,1069,2944,4994,10000,0                        
TEL,2638,S5,3373,1068,2944,4994,10000,0                        
TEL,2639,S5,3342,1067,2944,4994,10000,0                        
TEL,2640,S5,3435,1070,2944,4994,10000,0                        
TEL,2641,S5,3529,1073,2944,4994,10000,0                        
TEL,2642,S5,3373,1068,2944,4994,10000,0                        
TEL,2643,S5,3404,1069,2944,4994,10000,0                        
TEL,2644,S5,3529,1073,2944,4994,10000,0                        
TEL,2645,S5,3404,1069,2944,4994,10000,0                        
TEL,2646,S5,3404,1069,2944,4994,10000,0                        
TEL,2647,S5,3404,1069,2944,4994,10000,0                        
TEL,2648,S5,3404,1069,2944,4994,10000,0                        
TEL,2649,S5,3404,1069,2944,4994,10000,0                        
TEL,2650,S5,3404,1069,2944,4994,10000,0                        
TEL,2651,S5,3373,1068,2944,4994,10000,0                        
TEL,2652,S5,3404,1069,2944,4994,10000,0                        
TEL,2653,S5,3404,1069,2944,4994,10000,0                        
TEL,2654,S5,3404,1069,2944,4994,10000,0                        
TEL,2655,S5,3373,1068,2944,4994,10000,0                        
TEL,2656,S5,3435,1070,2944,4994,10000,0                        
TEL,2657,S5,3404,1069,2944,4994,10000,0                        
TEL,2658,S5,3404,1069,2944,4994,10000,0                        
TEL,2659,S5,3404,1069,2944,4994,10000,0                        
TEL,2660,S5,3404,1069,2944,4994,10000,0                        
TEL,2661,S5,3342,1067,2944,4994,10000,0                        
TEL,2662,S5,3373,1068,2944,4994,10000,0                        
TEL,2663,S5,3373,1068,2944,4994,10000,0                        
TEL,2664,S5,3404,1069,2944,4994,10000,0                        
TEL,2665,S5,3404,1069,2944,4994,10000,0                        
TEL,2666,S5,3373,1068,2944,4994,10000,0                        
TEL,2667,S5,3529,1073,2944,4994,10000,0                        
TEL,2668,S5,3373,1068,2944,4994,10000,0                        
TEL,2669,S5,3373,1068,2944,4994,10000,0                        
TEL,2670,S5,3404,1069,2944,4994,10000,0                        
TEL,2671,S5,3404,1069,2944,4994,10000,0                        
TEL,2672,S5,3373,1068,2944,4994,10000,0                        
TEL,2673,S5,3529,1073,2944,4994,10000,0                        
TEL,2674,S5,3404,1069,2944,4994,10000,0                        
TEL,2675,S5,3404,1069,2944,4994,10000,0                        
TEL,2676,S5,3404,1069,2944,4994,10000,0                        
TEL,2677,S5,3373,1068,2944,4994,10000,0                        
TEL,2678,S5,3404,1069,2944,4994,10000,0                        
TEL,2679,S5,3404,1069,2944,4994,10000,0                        
TEL,2680,S5,3373,1068,2944,4994,10000,0                        
TEL,2681,S5,3404,1069,2944,4994,10000,0                        
TEL,2682,S5,3404,1069,2944,4994,10000,0                        
TEL,2683,S5,3373,1068,2944,4994,10000,0                        
TEL,2684,S5,3404,1069,2944,4994,10000,0                        
TEL,2685,S5,3404,1069,2944,4994,10000,0                        
TEL,2686,S5,3404,1069,2944,4994,10000,0                        
TEL,2687,S5,3404,1069,2944,4994,10000,0                        
TEL,2688,S5,3435,1070,2944,4994,10000,0                        
TEL,2689,S5,3373,1068,2944,4994,10000,0                        
TEL,2690,S5,3404,1069,2944,4994,10000,0                        
TEL,2691,S5,3404,1069,2944,4994,10000,0                        
TEL,2692,S5,3404,1069,2944,4994,10000,0                        
TEL,2693,S5,3404,1069,2944,4994,10000,0                        
TEL,2694,S5,3404,1069,2944,4994,10000,0                        
TEL,2695,S5,3404,1069,2944,4994,10000,0                        
TEL,2696,S5,3404,1069,2944,4994,10000,0                        
TEL,2697,S5,3404,1069,2944,4994,10000,0                        
TEL,2698,S5,3622,1076,2944,4994,10000,0                        
TEL,2699,S5,3404,1069,2944,4994,10000,0                        
TEL,2700,S5,3404,1069,2944,4994,10000,0                        
TEL,2701,S5,3404,1069,2944,4994,10000,0                        
TEL,2702,S5,3404,1069,2944,4994,10000,0                        
TEL,2703,S5,3404,1069,2944,4994,10000,0                        
TEL,2704,S5,3280,1064,2944,4994,10000,0                        
TEL,2705,S5,3373,1068,2944,4994,10000,0                        
TEL,2706,S5,3404,1069,2944,4994,10000,0                        
TEL,2707,S5,3404,1069,2944,4994,10000,0                        
TEL,2708,S5,3404,1069,2944,4994,10000,0                        
TEL,2709,S5,3404,1069,2944,4994,10000,0                        
TEL,2710,S5,3404,1069,2944,4994,10000,0                        
TEL,2711,S5,3404,1069,2944,4994,10000,0                        
TEL,2712,S5,3404,1069,2944,4994,10000,0                        
TEL,2713,S5,3404,1069,2944,4994,10000,0                        
TEL,2714,S5,3404,1069,2944,4994,10000,0                        
TEL,2715,S5,3404,1069,2944,4994,10000,0                        
TEL,2716,S5,3373,1068,2944,4994,10000,0                        
TEL,2717,S5,3404,1069,2944,4994,10000,0                        
TEL,2718,S5,3404,1069,2944,4994,10000,0                        
TEL,2719,S5,3373,1068,2944,4994,10000,0                        
TEL,2720,S5,3435,1070,2944,4994,10000,0                        
TEL,2721,S5,3373,1068,2944,4994,10000,0                        
TEL,2722,S5,3404,1069,2944,4994,10000,0                        
TEL,2723,S5,3404,1069,2944,4994,10000,0                        
TEL,2724,S5,3404,1069,2944,4994,10000,0                        
TEL,2725,S5,3404,1069,2944,4994,10000,0                        
BTN,20,S5,PRESSED,2726,27055635,27055652,27055654              
TEL,2727,S5,3498,1072,2944,5044,10000,0                        
TEL,2728,S5,3373,1068,2944,4994,10000,0                        
TEL,2729,S5,3404,1069,2944,4994,10000,0                        
TEL,2730,S5,3404,1069,2944,4994,10000,0                        
TEL,2731,S5,3404,1069,2944,4994,10000,0                        
TEL,2732,S5,3404,1069,2944,4994,10000,0                        
TEL,2733,S5,3404,1069,2944,4994,10000,0                        
TEL,2734,S5,3342,1067,2944,4994,10000,0                        
TEL,2735,S5,3404,1069,2944,4994,10000,0                        
TEL,2736,S5,3342,1067,2944,4994,10000,0                        
TEL,2737,S5,3404,1069,2944,4994,10000,0                        
TEL,2738,S5,3404,1069,2944,4994,10000,0                        
TEL,2739,S5,3404,1069,2944,4994,10000,0                        
TEL,2740,S5,3404,1069,2944,4994,10000,0                        
TEL,2741,S5,3404,1069,2944,4994,10000,0                        
TEL,2742,S5,3373,1068,2944,4994,10000,0                        
TEL,2743,S5,3404,1069,2944,4994,10000,0                        
TEL,2744,S5,3404,1069,2944,4994,10000,0                        
TEL,2745,S5,3342,1067,2944,4994,10000,0                        
TEL,2746,S5,3373,1068,2944,4994,10000,0                        
TEL,2747,S5,3404,1069,2944,4994,10000,0                        
TEL,2748,S5,3404,1069,2944,4994,10000,0                        
TEL,2749,S5,3373,1068,2944,4994,10000,0                        
TEL,2750,S5,3342,1067,2944,4994,10000,0                        
TEL,2751,S5,3311,1065,2944,4994,10000,0                        
TEL,2752,S5,3342,1067,2944,4994,10000,0                        
TEL,2753,S5,3373,1068,2944,4994,10000,0                        
TEL,2754,S5,3373,1068,2944,4994,10000,0                        
TEL,2755,S5,3404,1069,2944,4994,10000,0                        
TEL,2756,S5,3404,1069,2944,4994,10000,0                        
TEL,2757,S5,3404,1069,2944,4994,10000,0                        
TEL,2758,S5,3404,1069,2944,4994,10000,0                        
TEL,2759,S5,3404,1069,2944,4994,10000,0                        
TEL,2760,S5,3404,1069,2944,4994,10000,0                        
TEL,2761,S5,3404,1069,2944,4994,10000,0                        
TEL,2762,S5,3342,1067,2944,4994,10000,0                        
TEL,2763,S5,3404,1069,2944,4994,10000,0                        
TEL,2764,S5,3404,1069,2944,4994,10000,0                        
TEL,2765,S5,3404,1069,2944,4994,10000,0                        
TEL,2766,S5,3404,1069,2944,4994,10000,0                        
TEL,2767,S5,3404,1069,2944,4994,10000,0                        
TEL,2768,S5,3435,1070,2944,4994,10000,0                        
TEL,2769,S5,3404,1069,2944,4994,10000,0                        
TEL,2770,S5,3404,1069,2944,4994,10000,0                        
TEL,2771,S5,3404,1069,2944,4994,10000,0                        
TEL,2772,S5,3373,1068,2944,4994,10000,0                        
TEL,2773,S5,3466,1071,2944,4994,10000,0                        
TEL,2774,S5,3404,1069,2944,4994,10000,0                        
TEL,2775,S5,3404,1069,2944,4994,10000,0                        
TEL,2776,S5,3404,1069,2944,4994,10000,0                        
TEL,2777,S5,3404,1069,2944,4994,10000,0                        
TEL,2778,S5,3404,1069,2944,4994,10000,0                        
TEL,2779,S5,3404,1069,2944,4994,10000,0                        
TEL,2780,S5,3373,1068,2944,4994,10000,0                        
TEL,2781,S5,3404,1069,2944,4994,10000,0                        
TEL,2782,S5,3249,1063,2944,4994,10000,0                        
TEL,2783,S5,3404,1069,2944,4994,10000,0                        
TEL,2784,S5,3373,1068,2944,4994,10000,0                        
TEL,2785,S5,3373,1068,2944,4994,10000,0                        
TEL,2786,S5,3404,1069,2944,4994,10000,0                        
TEL,2787,S5,3373,1068,2944,4994,10000,0                        
TEL,2788,S5,3404,1069,2944,4994,10000,0                        
TEL,2789,S5,3404,1069,2944,4994,10000,0                        
TEL,2790,S5,3404,1069,2944,4994,10000,0                        
TEL,2791,S5,3373,1068,2944,4994,10000,0                        
TEL,2792,S5,3404,1069,2944,4994,10000,0                        
TEL,2793,S5,3404,1069,2944,4994,10000,0                        
TEL,2794,S5,3342,1067,2944,4994,10000,0                        
TEL,2795,S5,3373,1068,2944,4994,10000,0                        
TEL,2796,S5,3342,1067,2944,4994,10000,0                        
TEL,2797,S5,3404,1069,2944,4994,10000,0                        
TEL,2798,S5,3404,1069,2944,4994,10000,0                        
TEL,2799,S5,3404,1069,2944,4994,10000,0                        
TEL,2800,S5,3404,1069,2944,4994,10000,0                        
TEL,2801,S5,3404,1069,2944,4994,10000,0                        
TEL,2802,S5,3498,1072,2944,4994,10000,0                        
TEL,2803,S5,3404,1069,2944,4994,10000,0                        
TEL,2804,S5,3404,1069,2944,4994,10000,0                        
TEL,2805,S5,3404,1069,2944,4994,10000,0                        
TEL,2806,S5,3404,1069,2944,4994,10000,0                        
TEL,2807,S5,3404,1069,2944,4994,10000,0                        
TEL,2808,S5,3373,1068,2944,4994,10000,0                        
TEL,2809,S5,3373,1068,2944,4994,10000,0                        
TEL,2810,S5,3529,1073,2944,4994,10000,0                        
TEL,2811,S5,3404,1069,2944,4994,10000,0                        
TEL,2812,S5,3404,1069,2944,4994,10000,0                        
TEL,2813,S5,3342,1067,2944,4994,10000,0                        
TEL,2814,S5,3529,1073,2944,4994,10000,0                        
TEL,2815,S5,3404,1069,2944,4994,10000,0                        
TEL,2816,S5,3342,1067,2944,4994,10000,0                        
TEL,2817,S5,3404,1069,2944,4994,10000,0                        
TEL,2818,S5,3404,1069,2944,4994,10000,0                        
TEL,2819,S5,3404,1069,2944,4994,10000,0                        
TEL,2820,S5,3404,1069,2944,4994,10000,0                        
TEL,2821,S5,3404,1069,2944,4994,10000,0                        
TEL,2822,S5,3404,1069,2944,4994,10000,0                        
TEL,2823,S5,3249,1063,2944,4994,10000,0                        
TEL,2824,S5,3404,1069,2944,4994,10000,0                        
TEL,2825,S5,3404,1069,2944,4994,10000,0                        
TEL,2826,S5,3404,1069,2944,4994,10000,0                        
TEL,2827,S5,3404,1069,2944,4994,10000,0                        
TEL,2828,S5,3404,1069,2944,4994,10000,0                        
TEL,2829,S5,3404,1069,2944,4994,10000,0                        
TEL,2830,S5,3404,1069,2944,4994,10000,0                        
TEL,2831,S5,3404,1069,2944,4994,10000,0                        
TEL,2832,S5,3342,1067,2944,4994,10000,0                        
TEL,2833,S5,3404,1069,2944,4994,10000,0                        
TEL,2834,S5,3373,1068,2944,4994,10000,0                        
TEL,2835,S5,3404,1069,2944,4994,10000,0                        
TEL,2836,S5,3373,1068,2944,4994,10000,0                        
TEL,2837,S5,3404,1069,2944,4994,10000,0                        
TEL,2838,S5,3249,1063,2944,4994,10000,0                        
TEL,2839,S5,3342,1067,2944,4994,10000,0                        
TEL,2840,S5,3404,1069,2944,4994,10000,0                        
TEL,2841,S5,3404,1069,2944,4994,10000,0                        
TEL,2842,S5,3373,1068,2944,4994,10000,0                        
TEL,2843,S5,3342,1067,2944,4994,10000,0                        
TEL,2844,S5,3404,1069,2944,4994,10000,0                        
TEL,2845,S5,3498,1072,2944,4994,10000,0                        
TEL,2846,S5,3404,1069,2944,4994,10000,0                        
TEL,2847,S5,3404,1069,2944,4994,10000,0                        
TEL,2848,S5,3404,1069,2944,4994,10000,0                        
TEL,2849,S5,3404,1069,2944,4994,10000,0                        
TEL,2850,S5,3404,1069,2944,4994,10000,0                        
TEL,2851,S5,3404,1069,2944,4994,10000,0                        
TEL,2852,S5,3404,1069,2944,4994,10000,0                        
TEL,2853,S5,3404,1069,2944,4994,10000,0                        
TEL,2854,S5,3373,1068,2944,5008,10000,0                        
BTN,21,S5,PRESSED,2855,28330490,28335222,28335223              
TEL,2856,S5,3466,1071,2944,5046,10000,0                        
TEL,2857,S5,3342,1066,2944,4994,10000,0                        
TEL,2858,S5,3404,1069,2944,4994,10000,0                        
TEL,2859,S5,3404,1069,2944,4994,10000,0                        
TEL,2860,S5,3404,1069,2944,4994,10000,0                        
TEL,2861,S5,3466,1071,2944,4994,10000,0                        
TEL,2862,S5,3404,1069,2944,4994,10000,0                        
TEL,2863,S5,3404,1069,2944,4994,10000,0                        
TEL,2864,S5,3373,1068,2944,4994,10000,0                        
TEL,2865,S5,3404,1069,2944,4994,10000,0                        
TEL,2866,S5,3466,1071,2944,4994,10000,0                        
TEL,2867,S5,3404,1069,2944,4994,10000,0                        
TEL,2868,S5,3373,1068,2944,4994,10000,0                        
TEL,2869,S5,3498,1072,2944,4994,10000,0                        
TEL,2870,S5,3404,1069,2944,4994,10000,0                        
TEL,2871,S5,3404,1069,2944,4994,10000,0                        
TEL,2872,S5,3466,1071,2944,4994,10000,0                        
TEL,2873,S5,3373,1068,2944,4994,10000,0                        
TEL,2874,S5,3404,1069,2944,4994,10000,0                        
TEL,2875,S5,3466,1071,2944,4994,10000,0                        
TEL,2876,S5,3404,1069,2944,4994,10000,0                        
TEL,2877,S5,3404,1069,2944,4994,10000,0                        
TEL,2878,S5,3404,1069,2944,4994,10000,0                        
TEL,2879,S5,3498,1072,2944,4994,10000,0                        
TEL,2880,S5,3560,1074,2944,4994,10000,0                        
TEL,2881,S5,3466,1071,2944,4994,10000,0                        
TEL,2882,S5,3404,1069,2944,4994,10000,0                        
TEL,2883,S5,3404,1069,2944,4994,10000,0                        
TEL,2884,S5,3404,1069,2944,4994,10000,0                        
TEL,2885,S5,3404,1069,2944,4994,10000,0                        
TEL,2886,S5,3404,1069,2944,4994,10000,0                        
TEL,2887,S5,3404,1069,2944,4994,10000,0                        
TEL,2888,S5,3404,1069,2944,4994,10000,0                        
TEL,2889,S5,3466,1071,2944,4994,10000,0                        
TEL,2890,S5,3404,1069,2944,4994,10000,0                        
TEL,2891,S5,3373,1068,2944,4994,10000,0                        
TEL,2892,S5,3466,1071,2944,4994,10000,0                        
TEL,2893,S5,3373,1068,2944,4994,10000,0                        
TEL,2894,S5,3404,1069,2944,4994,10000,0                        
TEL,2895,S5,3404,1069,2944,4994,10000,0                        
TEL,2896,S5,3404,1069,2944,4994,10000,0                        
TEL,2897,S5,3404,1069,2944,4994,10000,0                        
TEL,2898,S5,3373,1068,2944,4994,10000,0                        
TEL,2899,S5,3373,1068,2944,4994,10000,0                        
TEL,2900,S5,3404,1069,2944,4994,10000,0                        
TEL,2901,S5,3404,1069,2944,4994,10000,0                        
TEL,2902,S5,3404,1069,2944,4994,10000,0                        
TEL,2903,S5,3404,1069,2944,4994,10000,0                        
TEL,2904,S5,3404,1069,2944,4994,10000,0                        
TEL,2905,S5,3404,1069,2944,4994,10000,0                        
TEL,2906,S5,3404,1069,2944,4994,10000,0                        
TEL,2907,S5,3373,1068,2944,4994,10000,0                        
TEL,2908,S5,3404,1069,2944,4994,10000,0                        
TEL,2909,S5,3404,1069,2944,4994,10000,0                        
TEL,2910,S5,3404,1069,2944,4994,10000,0                        
TEL,2911,S5,3404,1069,2944,4994,10000,0                        
TEL,2912,S5,3435,1070,2944,4994,10000,0                        
TEL,2913,S5,3466,1071,2944,4994,10000,0                        
TEL,2914,S5,3311,1065,2944,4994,10000,0                        
TEL,2915,S5,3404,1069,2944,4994,10000,0                        
TEL,2916,S5,3404,1069,2944,4994,10000,0                        
TEL,2917,S5,3404,1069,2944,4994,10000,0                        
TEL,2918,S5,3404,1069,2944,4994,10000,0                        
TEL,2919,S5,3466,1071,2944,4994,10000,0                        
TEL,2920,S5,3404,1069,2944,4994,10000,0                        
TEL,2921,S5,3404,1069,2944,4994,10000,0                        
TEL,2922,S5,3373,1068,2944,4994,10000,0                        
TEL,2923,S5,3404,1069,2944,4994,10000,0                        
TEL,2924,S5,3404,1069,2944,4994,10000,0                        
TEL,2925,S5,3404,1069,2944,4994,10000,0                        
TEL,2926,S5,3404,1069,2944,4994,10000,0                        
TEL,2927,S5,3404,1069,2944,4994,10000,0                        
TEL,2928,S5,3435,1070,2944,4994,10000,0                        
TEL,2929,S5,3404,1069,2944,4994,10000,0                        
TEL,2930,S5,3404,1069,2944,4994,10000,0                        
TEL,2931,S5,3404,1069,2944,4994,10000,0                        
TEL,2932,S5,3404,1069,2944,4994,10000,0                        
TEL,2933,S5,3404,1069,2944,4994,10000,0                        
TEL,2934,S5,3404,1069,2944,4994,10000,0                        
TEL,2935,S5,3404,1069,2944,4994,10000,0                        
TEL,2936,S5,3404,1069,2944,4994,10000,0                        
TEL,2937,S5,3404,1069,2944,4994,10000,0                        
TEL,2938,S5,3466,1071,2944,4994,10000,0                        
TEL,2939,S5,3373,1068,2944,4994,10000,0                        
TEL,2940,S5,3404,1069,2944,4994,10000,0                        
TEL,2941,S5,3404,1069,2944,4994,10000,0                        
TEL,2942,S5,3404,1069,2944,4994,10000,0                        
TEL,2943,S5,3404,1069,2944,4994,10000,0                        
TEL,2944,S5,3435,1070,2944,4994,10000,0                        
TEL,2945,S5,3404,1069,2944,4994,10000,0                        
TEL,2946,S5,3373,1068,2944,4994,10000,0                        
TEL,2947,S5,3404,1069,2944,4994,10000,0                        
TEL,2948,S5,3373,1068,2944,4994,10000,0                        
TEL,2949,S5,3404,1069,2944,4994,10000,0                        
TEL,2950,S5,3404,1069,2944,4994,10000,0                        
TEL,2951,S5,3435,1070,2944,4994,10000,0                        
TEL,2952,S5,3373,1068,2944,4994,10000,0                        
TEL,2953,S5,3373,1068,2944,4994,10000,0                        
TEL,2954,S5,3404,1069,2944,4994,10000,0                        
TEL,2955,S5,3404,1069,2944,4994,10000,0                        
TEL,2956,S5,3529,1073,2944,4994,10000,0                        
TEL,2957,S5,3373,1068,2944,4994,10000,0                        
TEL,2958,S5,3404,1069,2944,4994,10000,0                        
TEL,2959,S5,3404,1069,2944,4994,10000,0                        
TEL,2960,S5,3342,1067,2944,4994,10000,0                        
TEL,2961,S5,3404,1069,2944,4994,10000,0                        
TEL,2962,S5,3404,1069,2944,4994,10000,0                        
TEL,2963,S5,3404,1069,2944,4994,10000,0                        
TEL,2964,S5,3404,1069,2944,4994,10000,0                        
TEL,2965,S5,3404,1069,2944,4994,10000,0                        
TEL,2966,S5,3404,1069,2944,4994,10000,0                        
TEL,2967,S5,3373,1068,2944,4994,10000,0                        
TEL,2968,S5,3404,1069,2944,4994,10000,0                        
TEL,2969,S5,3404,1069,2944,4994,10000,0                        
TEL,2970,S5,3404,1069,2944,4994,10000,0                        
TEL,2971,S5,3404,1069,2944,4994,10000,0                        
TEL,2972,S5,3404,1069,2944,4994,10000,0                        
TEL,2973,S5,3404,1069,2944,4994,10000,0                        
TEL,2974,S5,3404,1069,2944,4994,10000,0                        
TEL,2975,S5,3404,1069,2944,4994,10000,0                        
TEL,2976,S5,3435,1070,2944,4994,10000,0                        
TEL,2977,S5,3404,1069,2944,4994,10000,0                        
TEL,2978,S5,3498,1072,2944,4994,10000,0                        
TEL,2979,S5,3404,1069,2944,4994,10000,0                        
TEL,2980,S5,3404,1069,2944,4994,10000,0                        
TEL,2981,S5,3404,1069,2944,4994,10000,0                        
TEL,2982,S5,3404,1069,2944,4994,10000,0                        
TEL,2983,S5,3404,1069,2944,4994,10000,0                        
TEL,2984,S5,3404,1069,2944,4994,10000,0                        
TEL,2985,S5,3466,1071,2944,5008,10000,0                        
BTN,22,S5,PRESSED,2986,29633559,29635222,29635223              
TEL,2987,S5,3404,1069,2944,5046,10000,0                        
TEL,2988,S5,3280,1064,2944,4994,10000,0                        
TEL,2989,S5,3404,1069,2944,4994,10000,0                        
TEL,2990,S5,3404,1069,2944,4994,10000,0                        
TEL,2991,S5,3404,1069,2944,4994,10000,0                        
TEL,2992,S5,3404,1069,2944,4994,10000,0                        
TEL,2993,S5,3373,1068,2944,4994,10000,0                        
TEL,2994,S5,3373,1068,2944,4994,10000,0                        
TEL,2995,S5,3404,1069,2944,4994,10000,0                        
TEL,2996,S5,3404,1069,2944,4994,10000,0                        
TEL,2997,S5,3404,1069,2944,4997,10000,0                        
TEL,2998,S5,3404,1069,2944,4994,10000,0                        
TEL,2999,S5,3404,1069,2944,4994,10000,0                        
TEL,3000,S5,3373,1068,2944,4994,10000,0                        
TEL,3001,S5,3404,1069,2944,4994,10000,0                        
TEL,3002,S5,3466,1071,2944,4994,10000,0                        
TEL,3003,S5,3373,1068,2944,4994,10000,0                        
TEL,3004,S5,3404,1069,2944,4994,10000,0                        
TEL,3005,S5,3404,1069,2944,4994,10000,0                        
TEL,3006,S5,3342,1067,2944,4994,10000,0                        
TEL,3007,S5,3404,1069,2944,4994,10000,0                        
TEL,3008,S5,3342,1067,2944,4994,10000,0                        
TEL,3009,S5,3404,1069,2944,4994,10000,0                        
TEL,3010,S5,3404,1069,2944,4994,10000,0                        
TEL,3011,S5,3498,1072,2944,4994,10000,0                        
TEL,3012,S5,3373,1068,2944,4994,10000,0                        
TEL,3013,S5,3404,1069,2944,4994,10000,0                        
TEL,3014,S5,3342,1067,2944,4994,10000,0                        
TEL,3015,S5,3404,1069,2944,4994,10000,0                        
TEL,3016,S5,3404,1069,2944,4994,10000,0                        
TEL,3017,S5,3529,1073,2944,4994,10000,0                        
TEL,3018,S5,3404,1069,2944,4994,10000,0                        
TEL,3019,S5,3404,1069,2944,4994,10000,0                        
TEL,3020,S5,3404,1069,2944,4994,10000,0                        
TEL,3021,S5,3404,1069,2944,4994,10000,0                        
TEL,3022,S5,3373,1068,2944,4994,10000,0                        
TEL,3023,S5,3373,1068,2944,4994,10000,0                        
TEL,3024,S5,3342,1067,2944,4994,10000,0                        
TEL,3025,S5,3404,1069,2944,4994,10000,0                        
TEL,3026,S5,3404,1069,2944,4994,10000,0                        
TEL,3027,S5,3404,1069,2944,4994,10000,0                        
TEL,3028,S5,3404,1069,2944,4994,10000,0                        
TEL,3029,S5,3404,1069,2944,4994,10000,0                        
TEL,3030,S5,3404,1069,2944,4994,10000,0                        
TEL,3031,S5,3404,1069,2944,4994,10000,0                        
TEL,3032,S5,3404,1069,2944,4994,10000,0                        
TEL,3033,S5,3498,1072,2944,4994,10000,0                        
TEL,3034,S5,3404,1069,2944,4994,10000,0                        
TEL,3035,S5,3404,1069,2944,4994,10000,0                        
TEL,3036,S5,3404,1069,2944,4994,10000,0                        
TEL,3037,S5,3404,1069,2944,4994,10000,0                        
TEL,3038,S5,3404,1069,2944,4994,10000,0                        
TEL,3039,S5,3435,1070,2944,4994,10000,0                        
TEL,3040,S5,3435,1070,2944,4994,10000,0                        
TEL,3041,S5,3404,1069,2944,4994,10000,0                        
TEL,3042,S5,3404,1069,2944,4994,10000,0                        
TEL,3043,S5,3404,1069,2944,4994,10000,0                        
TEL,3044,S5,3373,1068,2944,4994,10000,0                        
TEL,3045,S5,3404,1069,2944,4994,10000,0                        
TEL,3046,S5,3404,1069,2944,4994,10000,0                        
TEL,3047,S5,3404,1069,2944,4994,10000,0                        
TEL,3048,S5,3404,1069,2944,4994,10000,0                        
TEL,3049,S5,3404,1069,2944,4994,10000,0                        
TEL,3050,S5,3498,1072,2944,4994,10000,0                        
TEL,3051,S5,3373,1068,2944,4994,10000,0                        
TEL,3052,S5,3404,1069,2944,4994,10000,0                        
TEL,3053,S5,3404,1069,2944,4994,10000,0                        
TEL,3054,S5,3342,1067,2944,4994,10000,0                        
TEL,3055,S5,3373,1068,2944,4994,10000,0                        
TEL,3056,S5,3404,1069,2944,4994,10000,0                        
TEL,3057,S5,3404,1069,2944,4994,10000,0                        
TEL,3058,S5,3404,1069,2944,4994,10000,0                        
TEL,3059,S5,3404,1069,2944,4994,10000,0                        
TEL,3060,S5,3373,1068,2944,4994,10000,0                        
TEL,3061,S5,3342,1067,2944,4994,10000,0                        
TEL,3062,S5,3404,1069,2944,4994,10000,0                        
TEL,3063,S5,3249,1063,2944,4994,10000,0                        
TEL,3064,S5,3404,1069,2944,4994,10000,0                        
TEL,3065,S5,3404,1069,2944,4994,10000,0                        
TEL,3066,S5,3404,1069,2944,4994,10000,0                        
TEL,3067,S5,3404,1069,2944,4994,10000,0                        
TEL,3068,S5,3404,1069,2944,4994,10000,0                        
TEL,3069,S5,3404,1069,2944,4994,10000,0                        
TEL,3070,S5,3373,1068,2944,4994,10000,0                        
TEL,3071,S5,3373,1068,2944,4994,10000,0                        
TEL,3072,S5,3342,1066,2944,4994,10000,0                        
TEL,3073,S5,3404,1069,2944,4994,10000,0                        
TEL,3074,S5,3466,1071,2944,4994,10000,0                        
TEL,3075,S5,3404,1069,2944,4994,10000,0                        
TEL,3076,S5,3342,1067,2944,4994,10000,0                        
TEL,3077,S5,3498,1072,2944,4994,10000,0                        
TEL,3078,S5,3404,1069,2944,4994,10000,0                        
TEL,3079,S5,3404,1069,2944,4994,10000,0                        
TEL,3080,S5,3466,1071,2944,4994,10000,0                        
TEL,3081,S5,3404,1069,2944,4994,10000,0                        
TEL,3082,S5,3404,1069,2944,4994,10000,0                        
TEL,3083,S5,3404,1069,2944,4994,10000,0                        
TEL,3084,S5,3466,1071,2944,4994,10000,0                        
TEL,3085,S5,3404,1069,2944,4994,10000,0                        
TEL,3086,S5,3404,1069,2944,4994,10000,0                        
TEL,3087,S5,3373,1068,2944,4994,10000,0                        
TEL,3088,S5,3373,1068,2944,4994,10000,0                        
TEL,3089,S5,3404,1069,2944,4994,10000,0                        
TEL,3090,S5,3404,1069,2944,4994,10000,0                        
TEL,3091,S5,3498,1072,2944,4994,10000,0                        
TEL,3092,S5,3404,1069,2944,4994,10000,0                        
TEL,3093,S5,3404,1069,2944,4994,10000,0                        
TEL,3094,S5,3373,1068,2944,4994,10000,0                        
TEL,3095,S5,3404,1069,2944,4994,10000,0                        
TEL,3096,S5,3404,1069,2944,4994,10000,0                        
TEL,3097,S5,3404,1069,2944,4994,10000,0                        
TEL,3098,S5,3404,1069,2944,4994,10000,0                        
TEL,3099,S5,3404,1069,2944,4994,10000,0                        
TEL,3100,S5,3373,1068,2944,4994,10000,0                        
TEL,3101,S5,3404,1069,2944,4994,10000,0                        
TEL,3102,S5,3404,1069,2944,4994,10000,0                        
TEL,3103,S5,3373,1068,2944,4994,10000,0                        
TEL,3104,S5,3435,1070,2944,4994,10000,0                        
TEL,3105,S5,3404,1069,2944,4994,10000,0                        
TEL,3106,S5,3373,1068,2944,4994,10000,0                        
TEL,3107,S5,3404,1069,2944,4994,10000,0                        
TEL,3108,S5,3373,1068,2944,4994,10000,0                        
TEL,3109,S5,3404,1069,2944,4994,10000,0                        
TEL,3110,S5,3404,1069,2944,4994,10000,0                        
TEL,3111,S5,3342,1067,2944,4994,10000,0                        
TEL,3112,S5,3404,1069,2944,4994,10000,0                        
TEL,3113,S5,3404,1069,2944,4994,10000,0                        
TEL,3114,S5,3404,1069,2944,4994,10000,0                        
TEL,3115,S5,3404,1069,2944,4994,10000,0                        
TEL,3116,S5,3435,1070,2944,4994,10000,0                        
TEL,3117,S5,3404,1069,2944,4994,10000,0                        
TEL,3118,S5,3404,1069,2944,4994,10000,0                        
TEL,3119,S5,3404,1069,2944,4994,10000,0                        
TEL,3120,S5,3435,1070,2944,4994,10000,0                        
TEL,3121,S5,3404,1069,2944,4994,10000,0                        
TEL,3122,S5,3342,1067,2944,4994,10000,0                        
TEL,3123,S5,3404,1069,2944,4994,10000,0                        
TEL,3124,S5,3373,1068,2944,4994,10000,0                        
TEL,3125,S5,3342,1067,2944,4994,10000,0                        
TEL,3126,S5,3404,1069,2944,4994,10000,0                        
TEL,3127,S5,3466,1071,2944,4994,10000,0                        
TEL,3128,S5,3404,1069,2944,4994,10000,0                        
TEL,3129,S5,3404,1069,2944,4994,10000,0                        
TEL,3130,S5,3404,1069,2944,4994,10000,0                        
TEL,3131,S5,3404,1069,2944,4994,10000,0                        
TEL,3132,S5,3342,1067,2944,4994,10000,0                        
TEL,3133,S5,3404,1069,2944,4994,10000,0                        
TEL,3134,S5,3404,1069,2944,4994,10000,0                        
TEL,3135,S5,3466,1071,2944,4994,10000,0                        
TEL,3136,S5,3342,1067,2944,4994,10000,0                        
TEL,3137,S5,3404,1069,2944,4994,10000,0                        
TEL,3138,S5,3311,1065,2944,4994,10000,0                        
TEL,3139,S5,3404,1069,2944,4994,10000,0                        
BTN,23,S5,PRESSED,3140,31166598,31166615,31166617              
TEL,3141,S5,3404,1069,2944,5044,10000,0                        
TEL,3142,S5,3373,1068,2944,4994,10000,0                        
TEL,3143,S5,3622,1076,2944,4994,10000,0                        
TEL,3144,S5,3404,1069,2944,4994,10000,0                        
TEL,3145,S5,3373,1068,2944,4994,10000,0                        
TEL,3146,S5,3404,1069,2944,4994,10000,0                        
TEL,3147,S5,3404,1069,2944,4994,10000,0                        
TEL,3148,S5,3404,1069,2944,4994,10000,0                        
TEL,3149,S5,3404,1069,2944,4994,10000,0                        
TEL,3150,S5,3404,1069,2944,4994,10000,0                        
TEL,3151,S5,3404,1069,2944,4994,10000,0                        
TEL,3152,S5,3466,1071,2944,4994,10000,0                        
TEL,3153,S5,3404,1069,2944,4994,10000,0                        
TEL,3154,S5,3404,1069,2944,4994,10000,0                        
TEL,3155,S5,3404,1069,2944,4994,10000,0                        
TEL,3156,S5,3404,1069,2944,4994,10000,0                        
TEL,3157,S5,3498,1072,2944,4994,10000,0                        
TEL,3158,S5,3404,1069,2944,4994,10000,0                        
TEL,3159,S5,3404,1069,2944,4994,10000,0                        
TEL,3160,S5,3404,1069,2944,4994,10000,0                        
TEL,3161,S5,3404,1069,2944,4994,10000,0                        
TEL,3162,S5,3529,1073,2944,4994,10000,0                        
TEL,3163,S5,3404,1069,2944,4994,10000,0                        
TEL,3164,S5,3404,1069,2944,4994,10000,0                        
TEL,3165,S5,3404,1069,2944,4994,10000,0                        
TEL,3166,S5,3404,1069,2944,4994,10000,0                        
TEL,3167,S5,3404,1069,2944,4994,10000,0                        
TEL,3168,S5,3342,1067,2944,4994,10000,0                        
TEL,3169,S5,3404,1069,2944,4994,10000,0                        
TEL,3170,S5,3404,1069,2944,4994,10000,0                        
TEL,3171,S5,3466,1071,2944,4994,10000,0                        
TEL,3172,S5,3404,1069,2944,4994,10000,0                        
TEL,3173,S5,3404,1069,2944,4994,10000,0                        
TEL,3174,S5,3591,1075,2944,4994,10000,0                        
TEL,3175,S5,3435,1070,2944,4994,10000,0                        
TEL,3176,S5,3466,1071,2944,4994,10000,0                        
TEL,3177,S5,3404,1069,2944,4994,10000,0                        
TEL,3178,S5,3404,1069,2944,4994,10000,0                        
TEL,3179,S5,3404,1069,2944,4994,10000,0                        
TEL,3180,S5,3404,1069,2944,4994,10000,0                        
TEL,3181,S5,3311,1065,2944,4994,10000,0                        
TEL,3182,S5,3404,1069,2944,4994,10000,0                        
TEL,3183,S5,3466,1071,2944,4994,10000,0                        
TEL,3184,S5,3342,1067,2944,4994,10000,0                        
TEL,3185,S5,3373,1068,2944,4994,10000,0                        
TEL,3186,S5,3404,1069,2944,4994,10000,0                        
TEL,3187,S5,3404,1069,2944,4994,10000,0                        
TEL,3188,S5,3404,1069,2944,4994,10000,0                        
TEL,3189,S5,3498,1072,2944,4994,10000,0                        
TEL,3190,S5,3404,1069,2944,4994,10000,0                        
TEL,3191,S5,3404,1069,2944,4994,10000,0                        
TEL,3192,S5,3404,1069,2944,4994,10000,0                        
TEL,3193,S5,3404,1069,2944,4994,10000,0                        
TEL,3194,S5,3404,1069,2944,4994,10000,0                        
TEL,3195,S5,3404,1069,2944,4994,10000,0                        
TEL,3196,S5,3404,1069,2944,4994,10000,0                        
TEL,3197,S5,3404,1069,2944,4994,10000,0                        
TEL,3198,S5,3404,1069,2944,4994,10000,0                        
TEL,3199,S5,3404,1069,2944,4994,10000,0                        
TEL,3200,S5,3466,1071,2944,4994,10000,0                        
TEL,3201,S5,3404,1069,2944,4994,10000,0                        
TEL,3202,S5,3404,1069,2944,4994,10000,0                        
TEL,3203,S5,3342,1067,2944,4994,10000,0                        
TEL,3204,S5,3404,1069,2944,4994,10000,0                        
TEL,3205,S5,3404,1069,2944,4994,10000,0                        
TEL,3206,S5,3342,1067,2944,4994,10000,0                        
TEL,3207,S5,3373,1068,2944,4994,10000,0                        
TEL,3208,S5,3404,1069,2944,4994,10000,0                        
TEL,3209,S5,3404,1069,2944,4994,10000,0                        
TEL,3210,S5,3466,1071,2944,4994,10000,0                        
TEL,3211,S5,3373,1068,2944,4994,10000,0                        
TEL,3212,S5,3373,1068,2944,4994,10000,0                        
TEL,3213,S5,3373,1068,2944,4994,10000,0                        
TEL,3214,S5,3373,1068,2944,4994,10000,0                        
TEL,3215,S5,3404,1069,2944,4994,10000,0                        
TEL,3216,S5,3435,1070,2944,4994,10000,0                        
TEL,3217,S5,3404,1069,2944,4994,10000,0                        
TEL,3218,S5,3404,1069,2944,4994,10000,0                        
TEL,3219,S5,3404,1069,2944,4994,10000,0                        
TEL,3220,S5,3404,1069,2944,4994,10000,0                        
TEL,3221,S5,3404,1069,2944,4994,10000,0                        
TEL,3222,S5,3404,1069,2944,4994,10000,0                        
TEL,3223,S5,3404,1069,2944,4994,10000,0                        
TEL,3224,S5,3466,1071,2944,4994,10000,0                        
TEL,3225,S5,3404,1069,2944,4994,10000,0                        
TEL,3226,S5,3404,1069,2944,4994,10000,0                        
TEL,3227,S5,3404,1069,2944,4994,10000,0                        
TEL,3228,S5,3404,1069,2944,4994,10000,0                        
TEL,3229,S5,3404,1069,2944,4994,10000,0                        
TEL,3230,S5,3404,1069,2944,4994,10000,0                        
TEL,3231,S5,3373,1068,2944,4994,10000,0                        
TEL,3232,S5,3404,1069,2944,4994,10000,0                        
TEL,3233,S5,3404,1069,2944,4994,10000,0                        
TEL,3234,S5,3404,1069,2944,4994,10000,0                        
TEL,3235,S5,3404,1069,2944,4994,10000,0                        
TEL,3236,S5,3466,1071,2944,4994,10000,0                        
TEL,3237,S5,3373,1068,2944,4994,10000,0                        
TEL,3238,S5,3404,1069,2944,4994,10000,0                        
TEL,3239,S5,3404,1069,2944,4994,10000,0                        
TEL,3240,S5,3404,1069,2944,4994,10000,0                        
TEL,3241,S5,3404,1069,2944,4994,10000,0                        
TEL,3242,S5,3373,1068,2944,4994,10000,0                        
TEL,3243,S5,3404,1069,2944,4994,10000,0                        
TEL,3244,S5,3404,1069,2944,4994,10000,0                        
TEL,3245,S5,3529,1073,2944,4994,10000,0                        
TEL,3246,S5,3373,1068,2944,4994,10000,0                        
TEL,3247,S5,3404,1069,2944,4994,10000,0                        
TEL,3248,S5,3373,1068,2944,4994,10000,0                        
TEL,3249,S5,3529,1073,2944,4994,10000,0                        
TEL,3250,S5,3404,1069,2944,4994,10000,0                        
TEL,3251,S5,3404,1069,2944,4994,10000,0                        
TEL,3252,S5,3404,1069,2944,4994,10000,0                        
TEL,3253,S5,3373,1068,2944,4994,10000,0                        
TEL,3254,S5,3498,1072,2944,4994,10000,0                        
TEL,3255,S5,3342,1067,2944,4994,10000,0                        
TEL,3256,S5,3466,1071,2944,4994,10000,0                        
TEL,3257,S5,3404,1069,2944,4994,10000,0                        
TEL,3258,S5,3404,1069,2944,4994,10000,0                        
TEL,3259,S5,3404,1069,2944,4994,10000,0                        
TEL,3260,S5,3404,1069,2944,4994,10000,0                        
TEL,3261,S5,3404,1069,2944,4994,10000,0                        
TEL,3262,S5,3404,1069,2944,4994,10000,0                        
TEL,3263,S5,3404,1069,2944,4994,10000,0                        
TEL,3264,S5,3342,1067,2944,4994,10000,0                        
TEL,3265,S5,3404,1069,2944,4994,10000,0                        
TEL,3266,S5,3404,1069,2944,4994,10000,0                        
TEL,3267,S5,3404,1069,2944,4994,10000,0                        
TEL,3268,S5,3404,1069,2944,4994,10000,0                        
TEL,3269,S5,3404,1069,2944,4994,10000,0                        
TEL,3270,S5,3404,1069,2944,4994,10000,0                        
TEL,3271,S5,3373,1068,2944,4994,10000,0                        
TEL,3272,S5,3404,1069,2944,4994,10000,0                        
TEL,3273,S5,3404,1069,2944,4994,10000,0                        
TEL,3274,S5,3591,1075,2944,4994,10000,0                        
TEL,3275,S5,3404,1069,2944,4994,10000,0                        
TEL,3276,S5,3404,1069,2944,4994,10000,0                        
TEL,3277,S5,3404,1069,2944,4994,10000,0                        
TEL,3278,S5,3404,1069,2944,4994,10000,0                        
TEL,3279,S5,3404,1069,2944,4994,10000,0                        
TEL,3280,S5,3435,1070,2944,4994,10000,0                        
TEL,3281,S5,3404,1069,2944,4994,10000,0                        
TEL,3282,S5,3404,1069,2944,4994,10000,0                        
TEL,3283,S5,3404,1069,2944,4994,10000,0                        
TEL,3284,S5,3404,1069,2944,4994,10000,0                        
TEL,3285,S5,3404,1069,2944,4994,10000,0                        
TEL,3286,S5,3404,1069,2944,4994,10000,0                        
TEL,3287,S5,3404,1069,2944,4994,10000,0                        
TEL,3288,S5,3404,1069,2944,4994,10000,0                        
TEL,3289,S5,3404,1069,2944,4994,10000,0                        
TEL,3290,S5,3529,1073,2944,4994,10000,0                        
TEL,3291,S5,3404,1069,2944,4994,10000,0                        
TEL,3292,S5,3404,1069,2944,4994,10000,0                        
TEL,3293,S5,3404,1069,2944,4994,10000,0                        
TEL,3294,S5,3466,1071,2944,4994,10000,0                        
TEL,3295,S5,3404,1069,2944,4994,10000,0                        
TEL,3296,S5,3435,1070,2944,4994,10000,0                        
TEL,3297,S5,3466,1071,2944,4994,10000,0                        
TEL,3298,S5,3404,1069,2944,4994,10000,0                        
BTN,24,S5,PRESSED,3299,32747214,32747231,32747233              
TEL,3300,S5,3404,1069,2944,5044,10000,0                        
TEL,3301,S5,3373,1068,2944,4994,10000,0                        
TEL,3302,S5,3404,1069,2944,4994,10000,0                        
TEL,3303,S5,3373,1068,2944,4994,10000,0                        
TEL,3304,S5,3529,1073,2944,4994,10000,0                        
TEL,3305,S5,3404,1069,2944,4994,10000,0                        
TEL,3306,S5,3373,1068,2944,4994,10000,0                        
TEL,3307,S5,3404,1069,2944,4994,10000,0                        
TEL,3308,S5,3404,1069,2944,4994,10000,0                        
TEL,3309,S5,3404,1069,2944,4994,10000,0                        
TEL,3310,S5,3342,1067,2944,4994,10000,0                        
TEL,3311,S5,3342,1067,2944,4994,10000,0                        
TEL,3312,S5,3435,1070,2944,4994,10000,0                        
TEL,3313,S5,3404,1069,2944,4994,10000,0                        
TEL,3314,S5,3404,1069,2944,4994,10000,0                        
TEL,3315,S5,3373,1068,2944,4994,10000,0                        
TEL,3316,S5,3404,1069,2944,4994,10000,0                        
TEL,3317,S5,3404,1069,2944,4994,10000,0                        
TEL,3318,S5,3404,1069,2944,4994,10000,0                        
TEL,3319,S5,3404,1069,2944,4994,10000,0                        
TEL,3320,S5,3373,1068,2944,4994,10000,0                        
TEL,3321,S5,3404,1069,2944,4994,10000,0                        
TEL,3322,S5,3311,1065,2944,4994,10000,0                        
TEL,3323,S5,3404,1069,2944,4994,10000,0                        
TEL,3324,S5,3404,1069,2944,4994,10000,0                        
TEL,3325,S5,3373,1068,2944,4994,10000,0                        
TEL,3326,S5,3404,1069,2944,4994,10000,0                        
TEL,3327,S5,3404,1069,2944,4994,10000,0                        
TEL,3328,S5,3342,1067,2944,4994,10000,0                        
TEL,3329,S5,3404,1069,2944,4994,10000,0                        
TEL,3330,S5,3404,1069,2944,4994,10000,0                        
TEL,3331,S5,3404,1069,2944,4994,10000,0                        
TEL,3332,S5,3404,1069,2944,4994,10000,0                        
TEL,3333,S5,3404,1069,2944,4994,10000,0                        
TEL,3334,S5,3342,1067,2944,4994,10000,0                        
TEL,3335,S5,3404,1069,2944,4994,10000,0                        
TEL,3336,S5,3373,1068,2944,4994,10000,0                        
TEL,3337,S5,3404,1069,2944,4994,10000,0                        
TEL,3338,S5,3404,1069,2944,4994,10000,0                        
TEL,3339,S5,3404,1069,2944,4994,10000,0                        
TEL,3340,S5,3404,1069,2944,4994,10000,0                        
TEL,3341,S5,3404,1069,2944,4994,10000,0                        
TEL,3342,S5,3466,1071,2944,4994,10000,0                        
TEL,3343,S5,3498,1072,2944,4994,10000,0                        
TEL,3344,S5,3280,1064,2944,4994,10000,0                        
TEL,3345,S5,3342,1067,2944,4994,10000,0                        
TEL,3346,S5,3404,1069,2944,4994,10000,0                        
TEL,3347,S5,3404,1069,2944,4994,10000,0                        
TEL,3348,S5,3404,1069,2944,4994,10000,0                        
TEL,3349,S5,3404,1069,2944,4994,10000,0                        
TEL,3350,S5,3373,1068,2944,4994,10000,0                        
TEL,3351,S5,3404,1069,2944,4994,10000,0                        
TEL,3352,S5,3404,1069,2944,4994,10000,0                        
TEL,3353,S5,3404,1069,2944,4994,10000,0                        
TEL,3354,S5,3404,1069,2944,4994,10000,0                        
TEL,3355,S5,3373,1068,2944,4994,10000,0                        
TEL,3356,S5,3404,1069,2944,4994,10000,0                        
TEL,3357,S5,3373,1068,2944,4994,10000,0                        
TEL,3358,S5,3404,1069,2944,4994,10000,0                        
TEL,3359,S5,3373,1068,2944,4994,10000,0                        
TEL,3360,S5,3435,1070,2944,4994,10000,0                        
TEL,3361,S5,3342,1067,2944,4994,10000,0                        
TEL,3362,S5,3404,1069,2944,4994,10000,0                        
TEL,3363,S5,3404,1069,2944,4994,10000,0                        
TEL,3364,S5,3404,1069,2944,4994,10000,0                        
TEL,3365,S5,3404,1069,2944,4994,10000,0                        
TEL,3366,S5,3373,1068,2944,4994,10000,0                        
TEL,3367,S5,3404,1069,2944,4994,10000,0                        
TEL,3368,S5,3404,1069,2944,4994,10000,0                        
TEL,3369,S5,3404,1069,2944,4994,10000,0                        
TEL,3370,S5,3404,1069,2944,4994,10000,0                        
TEL,3371,S5,3404,1069,2944,4994,10000,0                        
TEL,3372,S5,3529,1073,2944,4994,10000,0                        
TEL,3373,S5,3404,1069,2944,4994,10000,0                        
TEL,3374,S5,3404,1069,2944,4994,10000,0                        
TEL,3375,S5,3373,1068,2944,4994,10000,0                        
TEL,3376,S5,3342,1067,2944,4994,10000,0                        
TEL,3377,S5,3404,1069,2944,4994,10000,0                        
TEL,3378,S5,3249,1063,2944,4994,10000,0                        
TEL,3379,S5,3404,1069,2944,4994,10000,0                        
TEL,3380,S5,3404,1069,2944,4994,10000,0                        
TEL,3381,S5,3404,1069,2944,4994,10000,0                        
TEL,3382,S5,3404,1069,2944,4994,10000,0                        
TEL,3383,S5,3404,1069,2944,4994,10000,0                        
TEL,3384,S5,3404,1069,2944,4994,10000,0                        
TEL,3385,S5,3404,1069,2944,4994,10000,0                        
TEL,3386,S5,3404,1069,2944,4994,10000,0                        
TEL,3387,S5,3498,1072,2944,4994,10000,0                        
TEL,3388,S5,3404,1069,2944,4994,10000,0                        
TEL,3389,S5,3404,1069,2944,4994,10000,0                        
TEL,3390,S5,3404,1069,2944,4994,10000,0                        
TEL,3391,S5,3404,1069,2944,4994,10000,0                        
TEL,3392,S5,3466,1071,2944,4994,10000,0                        
TEL,3393,S5,3529,1073,2944,4994,10000,0                        
TEL,3394,S5,3404,1069,2944,4994,10000,0                        
TEL,3395,S5,3404,1069,2944,4994,10000,0                        
TEL,3396,S5,3404,1069,2944,4994,10000,0                        
TEL,3397,S5,3404,1069,2944,4994,10000,0                        
TEL,3398,S5,3404,1069,2944,4994,10000,0                        
TEL,3399,S5,3404,1069,2944,4994,10000,0                        
TEL,3400,S5,3342,1067,2944,4994,10000,0                        
TEL,3401,S5,3373,1068,2944,4994,10000,0                        
TEL,3402,S5,3373,1068,2944,4994,10000,0                        
TEL,3403,S5,3404,1069,2944,4994,10000,0                        
TEL,3404,S5,3466,1071,2944,4994,10000,0                        
TEL,3405,S5,3404,1069,2944,4994,10000,0                        
TEL,3406,S5,3404,1069,2944,4994,10000,0                        
TEL,3407,S5,3404,1069,2944,4994,10000,0                        
TEL,3408,S5,3342,1067,2944,4994,10000,0                        
TEL,3409,S5,3404,1069,2944,4994,10000,0                        
TEL,3410,S5,3404,1069,2944,4994,10000,0                        
TEL,3411,S5,3404,1069,2944,4994,10000,0                        
TEL,3412,S5,3404,1069,2944,4994,10000,0                        
TEL,3413,S5,3404,1069,2944,4994,10000,0                        
TEL,3414,S5,3404,1069,2944,4994,10000,0                        
TEL,3415,S5,3404,1069,2944,4994,10000,0                        
TEL,3416,S5,3404,1069,2944,4994,10000,0                        
TEL,3417,S5,3404,1069,2944,4994,10000,0                        
TEL,3418,S5,3404,1069,2944,4994,10000,0                        
TEL,3419,S5,3404,1069,2944,4994,10000,0                        
TEL,3420,S5,3466,1071,2944,4994,10000,0                        
TEL,3421,S5,3373,1068,2944,4994,10000,0                        
TEL,3422,S5,3404,1069,2944,4994,10000,0                        
TEL,3423,S5,3404,1069,2944,4994,10000,0                        
TEL,3424,S5,3373,1068,2944,4994,10000,0                        
TEL,3425,S5,3404,1069,2944,4994,10000,0                        
TEL,3426,S5,3404,1069,2944,4994,10000,0                        
TEL,3427,S5,3404,1069,2944,4994,10000,0                        
TEL,3428,S5,3373,1068,2944,4994,10000,0                        
TEL,3429,S5,3404,1069,2944,4994,10000,0                        
TEL,3430,S5,3373,1068,2944,4994,10000,0                        
TEL,3431,S5,3373,1068,2944,4994,10000,0                        
TEL,3432,S5,3404,1069,2944,4994,10000,0                        
TEL,3433,S5,3404,1069,2944,4994,10000,0                        
TEL,3434,S5,3529,1073,2944,4994,10000,0                        
TEL,3435,S5,3404,1069,2944,4994,10000,0                        
TEL,3436,S5,3404,1069,2944,4994,10000,0                        
TEL,3437,S5,3404,1069,2944,4994,10000,0                        
TEL,3438,S5,3404,1069,2944,4994,10000,0                        
TEL,3439,S5,3404,1069,2944,4994,10000,0                        
TEL,3440,S5,3404,1069,2944,4994,10000,0                        
TEL,3441,S5,3373,1068,2944,4994,10000,0                        
TEL,3442,S5,3404,1069,2944,4994,10000,0                        
TEL,3443,S5,3498,1072,2944,4994,10000,0                        
TEL,3444,S5,3342,1067,2944,4994,10000,0                        
TEL,3445,S5,3404,1069,2944,4994,10000,0                        
TEL,3446,S5,3404,1069,2944,5008,10000,0                        
BTN,25,S5,PRESSED,3447,34213228,34215222,34215223              
TEL,3448,S5,3466,1071,2944,5046,10000,0                        
TEL,3449,S5,3404,1069,2944,4994,10000,0                        
TEL,3450,S5,3404,1069,2944,4994,10000,0                        
TEL,3451,S5,3404,1069,2944,4994,10000,0                        
TEL,3452,S5,3466,1071,2944,4994,10000,0                        
TEL,3453,S5,3404,1069,2944,4994,10000,0                        
TEL,3454,S5,3404,1069,2944,4994,10000,0                        
TEL,3455,S5,3342,1067,2944,4994,10000,0                        
TEL,3456,S5,3498,1072,2944,4994,10000,0                        
TEL,3457,S5,3529,1073,2944,4994,10000,0                        
TEL,3458,S5,3404,1069,2944,4994,10000,0                        
TEL,3459,S5,3404,1069,2944,4994,10000,0                        
TEL,3460,S5,3404,1069,2944,4994,10000,0                        
TEL,3461,S5,3404,1069,2944,4994,10000,0                        
TEL,3462,S5,3342,1067,2944,4994,10000,0                        
TEL,3463,S5,3466,1071,2944,4994,10000,0                        
TEL,3464,S5,3404,1069,2944,4994,10000,0                        
TEL,3465,S5,3404,1069,2944,4994,10000,0                        
TEL,3466,S5,3373,1068,2944,4994,10000,0                        
TEL,3467,S5,3342,1067,2944,4994,10000,0                        
TEL,3468,S5,3404,1069,2944,4994,10000,0                        
TEL,3469,S5,3529,1073,2944,4994,10000,0                        
TEL,3470,S5,3404,1069,2944,4994,10000,0                        
TEL,3471,S5,3404,1069,2944,4994,10000,0                        
TEL,3472,S5,3498,1072,2944,4994,10000,0                        
TEL,3473,S5,3404,1069,2944,4994,10000,0                        
TEL,3474,S5,3404,1069,2944,4994,10000,0                        
TEL,3475,S5,3342,1067,2944,4994,10000,0                        
TEL,3476,S5,3404,1069,2944,4994,10000,0                        
TEL,3477,S5,3373,1068,2944,4994,10000,0                        
TEL,3478,S5,3404,1069,2944,4994,10000,0                        
TEL,3479,S5,3373,1068,2944,4994,10000,0                        
TEL,3480,S5,3466,1071,2944,4994,10000,0                        
TEL,3481,S5,3404,1069,2944,4994,10000,0                        
TEL,3482,S5,3404,1069,2944,4994,10000,0                        
TEL,3483,S5,3404,1069,2944,4994,10000,0                        
TEL,3484,S5,3404,1069,2944,4994,10000,0                        
TEL,3485,S5,3404,1069,2944,4994,10000,0                        
TEL,3486,S5,3404,1069,2944,4994,10000,0                        
TEL,3487,S5,3404,1069,2944,4994,10000,0                        
TEL,3488,S5,3373,1068,2944,4994,10000,0                        
TEL,3489,S5,3498,1072,2944,4994,10000,0                        
TEL,3490,S5,3404,1069,2944,4994,10000,0                        
TEL,3491,S5,3404,1069,2944,4994,10000,0                        
TEL,3492,S5,3373,1068,2944,4994,10000,0                        
TEL,3493,S5,3373,1068,2944,4994,10000,0                        
TEL,3494,S5,3404,1069,2944,4994,10000,0                        
TEL,3495,S5,3404,1069,2944,4994,10000,0                        
TEL,3496,S5,3498,1072,2944,4994,10000,0                        
TEL,3497,S5,3404,1069,2944,4994,10000,0                        
TEL,3498,S5,3404,1069,2944,4994,10000,0                        
TEL,3499,S5,3404,1069,2944,4994,10000,0                        
TEL,3500,S5,3404,1069,2944,4994,10000,0                        
TEL,3501,S5,3404,1069,2944,4994,10000,0                        
TEL,3502,S5,3404,1069,2944,4994,10000,0                        
TEL,3503,S5,3373,1068,2944,4994,10000,0                        
TEL,3504,S5,3404,1069,2944,4994,10000,0                        
TEL,3505,S5,3373,1068,2944,4994,10000,0                        
TEL,3506,S5,3404,1069,2944,4994,10000,0                        
TEL,3507,S5,3404,1069,2944,4994,10000,0                        
TEL,3508,S5,3404,1069,2944,4994,10000,0                        
TEL,3509,S5,3373,1068,2944,4994,10000,0                        
TEL,3510,S5,3373,1068,2944,4994,10000,0                        
TEL,3511,S5,3498,1072,2944,4994,10000,0                        
TEL,3512,S5,3404,1069,2944,4994,10000,0                        
TEL,3513,S5,3404,1069,2944,4994,10000,0                        
TEL,3514,S5,3373,1068,2944,4994,10000,0                        
TEL,3515,S5,3404,1069,2944,4994,10000,0                        
TEL,3516,S5,3404,1069,2944,4994,10000,0                        
TEL,3517,S5,3404,1069,2944,4994,10000,0                        
TEL,3518,S5,3404,1069,2944,4994,10000,0                        
TEL,3519,S5,3373,1068,2944,4994,10000,0                        
TEL,3520,S5,3435,1070,2944,4994,10000,0                        
TEL,3521,S5,3466,1071,2944,4994,10000,0                        
TEL,3522,S5,3404,1069,2944,4994,10000,0                        
TEL,3523,S5,3404,1069,2944,4994,10000,0                        
TEL,3524,S5,3404,1069,2944,4994,10000,0                        
TEL,3525,S5,3373,1068,2944,4994,10000,0                        
TEL,3526,S5,3404,1069,2944,4994,10000,0                        
TEL,3527,S5,3404,1069,2944,4994,10000,0                        
TEL,3528,S5,3404,1069,2944,4994,10000,0                        
TEL,3529,S5,3498,1072,2944,4994,10000,0                        
TEL,3530,S5,3404,1069,2944,4994,10000,0                        
TEL,3531,S5,3373,1068,2944,4994,10000,0                        
TEL,3532,S5,3466,1071,2944,4994,10000,0                        
TEL,3533,S5,3342,1067,2944,4994,10000,0                        
TEL,3534,S5,3404,1069,2944,4994,10000,0                        
TEL,3535,S5,3342,1067,2944,4994,10000,0                        
TEL,3536,S5,3498,1072,2944,4994,10000,0                        
TEL,3537,S5,3404,1069,2944,4994,10000,0                        
TEL,3538,S5,3404,1069,2944,4994,10000,0                        
TEL,3539,S5,3404,1069,2944,4994,10000,0                        
TEL,3540,S5,3404,1069,2944,4994,10000,0                        
TEL,3541,S5,3404,1069,2944,4994,10000,0                        
TEL,3542,S5,3404,1069,2944,4994,10000,0                        
TEL,3543,S5,3404,1069,2944,4994,10000,0                        
TEL,3544,S5,3404,1069,2944,4994,10000,0                        
TEL,3545,S5,3404,1069,2944,4994,10000,0                        
TEL,3546,S5,3404,1069,2944,4994,10000,0                        
TEL,3547,S5,3404,1069,2944,4994,10000,0                        
TEL,3548,S5,3404,1069,2944,4994,10000,0                        
TEL,3549,S5,3404,1069,2944,4994,10000,0                        
TEL,3550,S5,3373,1068,2944,4994,10000,0                        
TEL,3551,S5,3404,1069,2944,4994,10000,0                        
TEL,3552,S5,3466,1071,2944,4994,10000,0                        
TEL,3553,S5,3404,1069,2944,4994,10000,0                        
TEL,3554,S5,3404,1069,2944,4994,10000,0                        
TEL,3555,S5,3373,1068,2944,4994,10000,0                        
TEL,3556,S5,3404,1069,2944,4994,10000,0                        
TEL,3557,S5,3529,1073,2944,4994,10000,0                        
TEL,3558,S5,3404,1069,2944,4994,10000,0                        
TEL,3559,S5,3404,1069,2944,4994,10000,0                        
TEL,3560,S5,3529,1073,2944,4994,10000,0                        
TEL,3561,S5,3404,1069,2944,4994,10000,0                        
TEL,3562,S5,3404,1069,2944,4994,10000,0                        
TEL,3563,S5,3404,1069,2944,4994,10000,0                        
TEL,3564,S5,3466,1071,2944,4994,10000,0                        
TEL,3565,S5,3311,1065,2944,4994,10000,0                        
TEL,3566,S5,3404,1069,2944,4994,10000,0                        
TEL,3567,S5,3373,1068,2944,4994,10000,0                        
TEL,3568,S5,3435,1070,2944,4994,10000,0                        
TEL,3569,S5,3404,1069,2944,4994,10000,0                        
TEL,3570,S5,3311,1065,2944,4994,10000,0                        
TEL,3571,S5,3404,1069,2944,4994,10000,0                        
TEL,3572,S5,3404,1069,2944,4994,10000,0                        
TEL,3573,S5,3404,1069,2944,4994,10000,0                        
TEL,3574,S5,3404,1069,2944,4994,10000,0                        
TEL,3575,S5,3404,1069,2944,4994,10000,0                        
TEL,3576,S5,3404,1069,2944,4994,10000,0                        
TEL,3577,S5,3404,1069,2944,4994,10000,0                        
TEL,3578,S5,3404,1069,2944,4994,10000,0                        
TEL,3579,S5,3404,1069,2944,4994,10000,0                        
TEL,3580,S5,3373,1068,2944,4994,10000,0                        
TEL,3581,S5,3404,1069,2944,4994,10000,0                        
TEL,3582,S5,3404,1069,2944,4994,10000,0                        
TEL,3583,S5,3404,1069,2944,4994,10000,0                        
TEL,3584,S5,3342,1067,2944,4994,10000,0                        
TEL,3585,S5,3404,1069,2944,4994,10000,0                        
TEL,3586,S5,3404,1069,2944,4994,10000,0                        
TEL,3587,S5,3404,1069,2944,4994,10000,0                        
BTN,26,S5,PRESSED,3588,35616596,35616613,35616615              
TEL,3589,S5,3404,1069,2944,5044,10000,0                        
TEL,3590,S5,3435,1070,2944,4994,10000,0                        
TEL,3591,S5,3404,1069,2944,4994,10000,0                        
TEL,3592,S5,3404,1069,2944,4994,10000,0                        
TEL,3593,S5,3373,1068,2944,4994,10000,0                        
TEL,3594,S5,3404,1069,2944,4994,10000,0                        
TEL,3595,S5,3404,1069,2944,4994,10000,0                        
TEL,3596,S5,3373,1068,2944,4994,10000,0                        
TEL,3597,S5,3404,1069,2944,4994,10000,0                        
TEL,3598,S5,3404,1069,2944,4994,10000,0                        
TEL,3599,S5,3404,1069,2944,4994,10000,0                        
TEL,3600,S5,3435,1070,2944,4994,10000,0                        
TEL,3601,S5,3404,1069,2944,4994,10000,0                        
TEL,3602,S5,3404,1069,2944,4994,10000,0                        
TEL,3603,S5,3404,1069,2944,4997,10000,0                        
TEL,3604,S5,3466,1071,2944,4994,10000,0                        
TEL,3605,S5,3404,1069,2944,4994,10000,0                        
TEL,3606,S5,3622,1076,2944,4994,10000,0                        
TEL,3607,S5,3404,1069,2944,4994,10000,0                        
TEL,3608,S5,3404,1069,2944,4994,10000,0                        
TEL,3609,S5,3342,1067,2944,4994,10000,0                        
TEL,3610,S5,3404,1069,2944,4994,10000,0                        
TEL,3611,S5,3404,1069,2944,4994,10000,0                        
TEL,3612,S5,3404,1069,2944,4994,10000,0                        
TEL,3613,S5,3373,1068,2944,4994,10000,0                        
TEL,3614,S5,3404,1069,2944,4994,10000,0                        
TEL,3615,S5,3404,1069,2944,4994,10000,0                        
TEL,3616,S5,3498,1072,2944,4994,10000,0                        
TEL,3617,S5,3404,1069,2944,4994,10000,0                        
TEL,3618,S5,3404,1069,2944,4994,10000,0                        
TEL,3619,S5,3404,1069,2944,4994,10000,0                        
TEL,3620,S5,3404,1069,2944,4994,10000,0                        
TEL,3621,S5,3373,1068,2944,4994,10000,0                        
TEL,3622,S5,3404,1069,2944,4994,10000,0                        
TEL,3623,S5,3373,1068,2944,4994,10000,0                        
TEL,3624,S5,3404,1069,2944,4994,10000,0                        
TEL,3625,S5,3373,1068,2944,4994,10000,0                        
TEL,3626,S5,3404,1069,2944,4994,10000,0                        
TEL,3627,S5,3342,1067,2944,4994,10000,0                        
TEL,3628,S5,3404,1069,2944,4994,10000,0                        
TEL,3629,S5,3498,1072,2944,4994,10000,0                        
TEL,3630,S5,3404,1069,2944,4994,10000,0                        
TEL,3631,S5,3404,1069,2944,4994,10000,0                        
TEL,3632,S5,3529,1073,2944,4994,10000,0                        
TEL,3633,S5,3373,1068,2944,4994,10000,0                        
TEL,3634,S5,3404,1069,2944,4994,10000,0                        
TEL,3635,S5,3404,1069,2944,4994,10000,0                        
TEL,3636,S5,3404,1069,2944,4994,10000,0                        
TEL,3637,S5,3529,1073,2944,4994,10000,0                        
TEL,3638,S5,3466,1071,2944,4994,10000,0                        
TEL,3639,S5,3404,1069,2944,4994,10000,0                        
TEL,3640,S5,3498,1072,2944,4994,10000,0                        
TEL,3641,S5,3404,1069,2944,4994,10000,0                        
TEL,3642,S5,3404,1069,2944,4994,10000,0                        
TEL,3643,S5,3404,1069,2944,4994,10000,0                        
TEL,3644,S5,3404,1069,2944,4994,10000,0                        
TEL,3645,S5,3404,1069,2944,4994,10000,0                        
TEL,3646,S5,3404,1069,2944,4994,10000,0                        
TEL,3647,S5,3404,1069,2944,4994,10000,0                        
TEL,3648,S5,3342,1067,2944,4994,10000,0                        
TEL,3649,S5,3404,1069,2944,4994,10000,0                        
TEL,3650,S5,3373,1068,2944,4994,10000,0                        
TEL,3651,S5,3404,1069,2944,4994,10000,0                        
TEL,3652,S5,3404,1069,2944,4994,10000,0                        
TEL,3653,S5,3404,1069,2944,4994,10000,0                        
TEL,3654,S5,3404,1069,2944,4994,10000,0                        
TEL,3655,S5,3404,1069,2944,4994,10000,0                        
TEL,3656,S5,3404,1069,2944,4994,10000,0                        
TEL,3657,S5,3404,1069,2944,4994,10000,0                        
TEL,3658,S5,3404,1069,2944,4994,10000,0                        
TEL,3659,S5,3404,1069,2944,4994,10000,0                        
TEL,3660,S5,3466,1071,2944,4994,10000,0                        
TEL,3661,S5,3404,1069,2944,4994,10000,0                        
TEL,3662,S5,3404,1069,2944,4994,10000,0                        
TEL,3663,S5,3404,1069,2944,4994,10000,0                        
TEL,3664,S5,3435,1070,2944,4994,10000,0                        
TEL,3665,S5,3404,1069,2944,4994,10000,0                        
TEL,3666,S5,3342,1067,2944,4994,10000,0                        
TEL,3667,S5,3404,1069,2944,4994,10000,0                        
TEL,3668,S5,3404,1069,2944,4994,10000,0                        
TEL,3669,S5,3404,1069,2944,4994,10000,0                        
TEL,3670,S5,3404,1069,2944,4994,10000,0                        
TEL,3671,S5,3529,1073,2944,4994,10000,0                        
TEL,3672,S5,3404,1069,2944,4994,10000,0                        
TEL,3673,S5,3404,1069,2944,4994,10000,0                        
TEL,3674,S5,3404,1069,2944,4994,10000,0                        
TEL,3675,S5,3404,1069,2944,4994,10000,0                        
TEL,3676,S5,3404,1069,2944,4994,10000,0                        
TEL,3677,S5,3373,1068,2944,4994,10000,0                        
TEL,3678,S5,3373,1068,2944,4994,10000,0                        
TEL,3679,S5,3466,1071,2944,4994,10000,0                        
TEL,3680,S5,3435,1070,2944,4994,10000,0                        
TEL,3681,S5,3404,1069,2944,4994,10000,0                        
TEL,3682,S5,3404,1069,2944,4994,10000,0                        
TEL,3683,S5,3404,1069,2944,4994,10000,0                        
TEL,3684,S5,3404,1069,2944,4994,10000,0                        
TEL,3685,S5,3373,1068,2944,4994,10000,0                        
TEL,3686,S5,3404,1069,2944,4994,10000,0                        
TEL,3687,S5,3404,1069,2944,4994,10000,0                        
TEL,3688,S5,3404,1069,2944,4994,10000,0                        
TEL,3689,S5,3404,1069,2944,4994,10000,0                        
TEL,3690,S5,3404,1069,2944,4994,10000,0                        
TEL,3691,S5,3404,1069,2944,4994,10000,0                        
TEL,3692,S5,3404,1069,2944,4994,10000,0                        
TEL,3693,S5,3373,1068,2944,4994,10000,0                        
TEL,3694,S5,3404,1069,2944,4994,10000,0                        
TEL,3695,S5,3404,1069,2944,4994,10000,0                        
TEL,3696,S5,3342,1067,2944,4994,10000,0                        
TEL,3697,S5,3404,1069,2944,4994,10000,0                        
TEL,3698,S5,3404,1069,2944,4994,10000,0                        
TEL,3699,S5,3404,1069,2944,4994,10000,0                        
TEL,3700,S5,3404,1069,2944,4994,10000,0                        
TEL,3701,S5,3404,1069,2944,4994,10000,0                        
TEL,3702,S5,3404,1069,2944,4994,10000,0                        
TEL,3703,S5,3342,1067,2944,4994,10000,0                        
TEL,3704,S5,3529,1073,2944,4994,10000,0                        
TEL,3705,S5,3404,1069,2944,4994,10000,0                        
TEL,3706,S5,3404,1069,2944,4994,10000,0                        
TEL,3707,S5,3404,1069,2944,4994,10000,0                        
TEL,3708,S5,3373,1068,2944,4994,10000,0                        
TEL,3709,S5,3404,1069,2944,4994,10000,0                        
TEL,3710,S5,3404,1069,2944,4994,10000,0                        
TEL,3711,S5,3404,1069,2944,4994,10000,0                        
TEL,3712,S5,3435,1070,2944,4994,10000,0                        
TEL,3713,S5,3373,1068,2944,4994,10000,0                        
TEL,3714,S5,3404,1069,2944,4994,10000,0                        
TEL,3715,S5,3342,1067,2944,4994,10000,0                        
TEL,3716,S5,3404,1069,2944,4994,10000,0                        
TEL,3717,S5,3466,1071,2944,4994,10000,0                        
TEL,3718,S5,3498,1072,2944,4994,10000,0                        
TEL,3719,S5,3342,1067,2944,4994,10000,0                        
TEL,3720,S5,3249,1063,2944,4994,10000,0                        
TEL,3721,S5,3404,1069,2944,4994,10000,0                        
TEL,3722,S5,3342,1067,2944,4994,10000,0                        
TEL,3723,S5,3404,1069,2944,4994,10000,0                        
TEL,3724,S5,3373,1068,2944,4994,10000,0                        
TEL,3725,S5,3404,1069,2944,4994,10000,0                        
TEL,3726,S5,3404,1069,2944,4994,10000,0                        
BTN,27,S5,PRESSED,3727,36999170,36999188,36999189              
TEL,3728,S5,3342,1067,2944,5116,10003,0                        
TEL,3729,S5,3342,1067,2944,4994,9997,0                         
TEL,3730,S5,3404,1069,2944,4994,10000,0                        
TEL,3731,S5,3404,1069,2944,4994,10000,0                        
TEL,3732,S5,3373,1068,2944,4994,10000,0                        
TEL,3733,S5,3404,1069,2944,4994,10000,0                        
TEL,3734,S5,3404,1069,2944,4994,10000,0                        
TEL,3735,S5,3404,1069,2944,4994,10000,0                        
TEL,3736,S5,3466,1071,2944,4994,10000,0                        
TEL,3737,S5,3466,1071,2944,4994,10000,0                        
TEL,3738,S5,3404,1069,2944,4994,10000,0                        
TEL,3739,S5,3404,1069,2944,4994,10000,0                        
TEL,3740,S5,3404,1069,2944,4994,10000,0                        
TEL,3741,S5,3404,1069,2944,4994,10000,0                        
TEL,3742,S5,3404,1069,2944,4994,10000,0                        
TEL,3743,S5,3404,1069,2944,4994,10000,0                        
TEL,3744,S5,3435,1070,2944,4994,10000,0                        
TEL,3745,S5,3311,1065,2944,4994,10000,0                        
TEL,3746,S5,3404,1069,2944,4994,10000,0                        
TEL,3747,S5,3466,1071,2944,4994,10000,0                        
TEL,3748,S5,3404,1069,2944,4994,10000,0                        
TEL,3749,S5,3404,1069,2944,4994,10000,0                        
TEL,3750,S5,3404,1069,2944,4994,10000,0                        
TEL,3751,S5,3404,1069,2944,4994,10000,0                        
TEL,3752,S5,3404,1069,2944,4994,10000,0                        
TEL,3753,S5,3404,1069,2944,4994,10000,0                        
TEL,3754,S5,3404,1069,2944,4994,10000,0                        
TEL,3755,S5,3404,1069,2944,4994,10000,0                        
TEL,3756,S5,3373,1068,2944,4994,10000,0                        
TEL,3757,S5,3404,1069,2944,4994,10000,0                        
TEL,3758,S5,3404,1069,2944,4994,10000,0                        
TEL,3759,S5,3404,1069,2944,4994,10000,0                        
TEL,3760,S5,3404,1069,2944,4994,10000,0                        
TEL,3761,S5,3404,1069,2944,4994,10000,0                        
TEL,3762,S5,3373,1068,2944,4994,10000,0                        
TEL,3763,S5,3404,1069,2944,4994,10000,0                        
TEL,3764,S5,3404,1069,2944,4994,10000,0                        
TEL,3765,S5,3404,1069,2944,4994,10000,0                        
TEL,3766,S5,3466,1071,2944,4994,10000,0                        
TEL,3767,S5,3373,1068,2944,4994,10000,0                        
TEL,3768,S5,3404,1069,2944,4994,10000,0                        
TEL,3769,S5,3404,1069,2944,4994,10000,0                        
TEL,3770,S5,3373,1068,2944,4994,10000,0                        
TEL,3771,S5,3404,1069,2944,4994,10000,0                        
TEL,3772,S5,3404,1069,2944,4994,10000,0                        
TEL,3773,S5,3404,1069,2944,4994,10000,0                        
TEL,3774,S5,3404,1069,2944,4994,10000,0                        
TEL,3775,S5,3404,1069,2944,4994,10000,0                        
TEL,3776,S5,3342,1067,2944,4994,10000,0                        
TEL,3777,S5,3404,1069,2944,4994,10000,0                        
TEL,3778,S5,3404,1069,2944,4994,10000,0                        
TEL,3779,S5,3342,1067,2944,4994,10000,0                        
TEL,3780,S5,3404,1069,2944,4994,10000,0                        
TEL,3781,S5,3404,1069,2944,4994,10000,0                        
TEL,3782,S5,3404,1069,2944,4994,10000,0                        
TEL,3783,S5,3311,1065,2944,4994,10000,0                        
TEL,3784,S5,3404,1069,2944,4994,10000,0                        
TEL,3785,S5,3404,1069,2944,4994,10000,0                        
TEL,3786,S5,3404,1069,2944,4994,10000,0                        
TEL,3787,S5,3404,1069,2944,4994,10000,0                        
TEL,3788,S5,3404,1069,2944,4994,10000,0                        
TEL,3789,S5,3404,1069,2944,4994,10000,0                        
TEL,3790,S5,3404,1069,2944,4994,10000,0                        
TEL,3791,S5,3373,1068,2944,4994,10000,0                        
TEL,3792,S5,3435,1070,2944,4994,10000,0                        
TEL,3793,S5,3404,1069,2944,4994,10000,0                        
TEL,3794,S5,3404,1069,2944,4994,10000,0                        
TEL,3795,S5,3404,1069,2944,4994,10000,0                        
TEL,3796,S5,3404,1069,2944,4994,10000,0                        
TEL,3797,S5,3404,1069,2944,4994,10000,0                        
TEL,3798,S5,3404,1069,2944,4994,10000,0                        
TEL,3799,S5,3404,1069,2944,4994,10000,0                        
TEL,3800,S5,3404,1069,2944,4994,10000,0                        
TEL,3801,S5,3404,1069,2944,4994,10000,0                        
TEL,3802,S5,3466,1071,2944,4994,10000,0                        
TEL,3803,S5,3404,1069,2944,4994,10000,0                        
TEL,3804,S5,3404,1069,2944,4994,10000,0                        
TEL,3805,S5,3404,1069,2944,4994,10000,0                        
TEL,3806,S5,3404,1069,2944,4994,10000,0                        
TEL,3807,S5,3404,1069,2944,4994,10000,0                        
TEL,3808,S5,3466,1071,2944,4994,10000,0                        
TEL,3809,S5,3404,1069,2944,4994,10000,0                        
TEL,3810,S5,3404,1069,2944,4994,10000,0                        
TEL,3811,S5,3342,1067,2944,4994,10000,0                        
TEL,3812,S5,3404,1069,2944,4994,10000,0                        
TEL,3813,S5,3404,1069,2944,4994,10000,0                        
TEL,3814,S5,3404,1069,2944,4994,10000,0                        
TEL,3815,S5,3404,1069,2944,4994,10000,0                        
TEL,3816,S5,3404,1069,2944,4994,10000,0                        
TEL,3817,S5,3404,1069,2944,4994,10000,0                        
TEL,3818,S5,3404,1069,2944,4994,10000,0                        
TEL,3819,S5,3404,1069,2944,4994,10000,0                        
TEL,3820,S5,3404,1069,2944,4994,10000,0                        
TEL,3821,S5,3404,1069,2944,4994,10000,0                        
TEL,3822,S5,3404,1069,2944,4994,10000,0                        
TEL,3823,S5,3404,1069,2944,4994,10000,0                        
TEL,3824,S5,3342,1067,2944,4994,10000,0                        
TEL,3825,S5,3404,1069,2944,4994,10000,0                        
TEL,3826,S5,3342,1067,2944,4994,10000,0                        
TEL,3827,S5,3404,1069,2944,4994,10000,0                        
TEL,3828,S5,3404,1069,2944,4994,10000,0                        
TEL,3829,S5,3373,1068,2944,4994,10000,0                        
TEL,3830,S5,3404,1069,2944,4994,10000,0                        
TEL,3831,S5,3342,1067,2944,4994,10000,0                        
TEL,3832,S5,3404,1069,2944,4994,10000,0                        
TEL,3833,S5,3404,1069,2944,4994,10000,0                        
TEL,3834,S5,3404,1069,2944,4994,10000,0                        
TEL,3835,S5,3311,1065,2944,4994,10000,0                        
TEL,3836,S5,3404,1069,2944,4994,10000,0                        
TEL,3837,S5,3404,1069,2944,4994,10000,0                        
TEL,3838,S5,3404,1069,2944,4994,10000,0                        
TEL,3839,S5,3404,1069,2944,4994,10000,0                        
TEL,3840,S5,3435,1070,2944,4994,10000,0                        
TEL,3841,S5,3498,1072,2944,4994,10000,0                        
TEL,3842,S5,3404,1069,2944,4994,10000,0                        
TEL,3843,S5,3373,1068,2944,4994,10000,0                        
TEL,3844,S5,3529,1073,2944,4994,10000,0                        
TEL,3845,S5,3404,1069,2944,4994,10000,0                        
TEL,3846,S5,3404,1069,2944,4994,10000,0                        
TEL,3847,S5,3404,1069,2944,4994,10000,0                        
TEL,3848,S5,3373,1068,2944,4994,10000,0                        
TEL,3849,S5,3404,1069,2944,4994,10000,0                        
TEL,3850,S5,3373,1068,2944,4994,10000,0                        
TEL,3851,S5,3373,1068,2944,4994,10000,0                        
TEL,3852,S5,3404,1069,2944,4994,10000,0                        
TEL,3853,S5,3529,1073,2944,4994,10000,0                        
TEL,3854,S5,3404,1069,2944,4994,10000,0                        
TEL,3855,S5,3404,1069,2944,4994,10000,0                        
TEL,3856,S5,3435,1070,2944,4994,10000,0                        
TEL,3857,S5,3404,1069,2944,4994,10000,0                        
TEL,3858,S5,3404,1069,2944,4994,10000,0                        
TEL,3859,S5,3404,1069,2944,4994,10000,0                        
TEL,3860,S5,3373,1068,2944,4994,10000,0                        
TEL,3861,S5,3404,1069,2944,4994,10000,0                        
TEL,3862,S5,3404,1069,2944,4994,10000,0                        
TEL,3863,S5,3404,1069,2944,4994,10000,0                        
TEL,3864,S5,3404,1069,2944,4994,10000,0                        
TEL,3865,S5,3404,1069,2944,4994,10000,0                        
TEL,3866,S5,3404,1069,2944,4994,10000,0                        
TEL,3867,S5,3249,1063,2944,4994,10000,0                        
TEL,3868,S5,3404,1069,2944,4994,10000,0                        
TEL,3869,S5,3404,1069,2944,4994,10000,0                        
TEL,3870,S5,3373,1068,2944,4994,10000,0                        
TEL,3871,S5,3404,1069,2944,4994,10000,0                        
TEL,3872,S5,3342,1067,2944,4994,10000,0                        
TEL,3873,S5,3466,1071,2944,4994,10000,0                        
TEL,3874,S5,3404,1069,2944,4994,10000,0                        
TEL,3875,S5,3404,1069,2944,4994,10000,0                        
TEL,3876,S5,3404,1069,2944,4994,10000,0                        
TEL,3877,S5,3404,1069,2944,4994,10000,0                        
TEL,3878,S5,3342,1067,2944,4994,10000,0                        
TEL,3879,S5,3404,1069,2944,4994,10000,0                        
TEL,3880,S5,3404,1069,2944,4994,10000,0                        
TEL,3881,S5,3404,1069,2944,4994,10000,0                        
TEL,3882,S5,3404,1069,2944,4994,10000,0                        
TEL,3883,S5,3498,1072,2944,4994,10000,0                        
TEL,3884,S5,3404,1069,2944,4994,10000,0                        
TEL,3885,S5,3404,1069,2944,4994,10000,0                        
TEL,3886,S5,3404,1069,2944,4994,10000,0                        
TEL,3887,S5,3466,1071,2944,4994,10000,0                        
BTN,28,S5,PRESSED,3888,38597860,38597878,38597879              
TEL,3889,S5,3404,1069,2944,5044,10000,0                        
TEL,3890,S5,3342,1067,2944,4994,10000,0                        
TEL,3891,S5,3404,1069,2944,4994,10000,0                        
TEL,3892,S5,3404,1069,2944,4994,10000,0                        
TEL,3893,S5,3404,1069,2944,4994,10000,0                        
TEL,3894,S5,3466,1071,2944,4994,10000,0                        
TEL,3895,S5,3404,1069,2944,4994,10000,0                        
TEL,3896,S5,3373,1068,2944,4994,10000,0                        
TEL,3897,S5,3404,1069,2944,4994,10000,0                        
TEL,3898,S5,3404,1069,2944,4994,10000,0                        
TEL,3899,S5,3466,1071,2944,4994,10000,0                        
TEL,3900,S5,3466,1071,2944,4994,10000,0                        
TEL,3901,S5,3404,1069,2944,4994,10000,0                        
TEL,3902,S5,3404,1069,2944,4994,10000,0                        
TEL,3903,S5,3404,1069,2944,4994,10000,0                        
TEL,3904,S5,3373,1068,2944,4994,10000,0                        
TEL,3905,S5,3404,1069,2944,4994,10000,0                        
TEL,3906,S5,3466,1071,2944,4994,10000,0                        
TEL,3907,S5,3498,1072,2944,4994,10000,0                        
TEL,3908,S5,3404,1069,2944,4994,10000,0                        
TEL,3909,S5,3373,1068,2944,4994,10000,0                        
TEL,3910,S5,3404,1069,2944,4994,10000,0                        
TEL,3911,S5,3404,1069,2944,4994,10000,0                        
TEL,3912,S5,3404,1069,2944,4994,10000,0                        
TEL,3913,S5,3404,1069,2944,4994,10000,0                        
TEL,3914,S5,3466,1071,2944,4994,10000,0                        
TEL,3915,S5,3404,1069,2944,4994,10000,0                        
TEL,3916,S5,3404,1069,2944,4994,10000,0                        
TEL,3917,S5,3342,1067,2944,4994,10000,0                        
TEL,3918,S5,3404,1069,2944,4994,10000,0                        
TEL,3919,S5,3404,1069,2944,4994,10000,0                        
TEL,3920,S5,3435,1070,2944,4994,10000,0                        
TEL,3921,S5,3404,1069,2944,4994,10000,0                        
TEL,3922,S5,3404,1069,2944,4994,10000,0                        
TEL,3923,S5,3404,1069,2944,4994,10000,0                        
TEL,3924,S5,3404,1069,2944,4994,10000,0                        
TEL,3925,S5,3404,1069,2944,4994,10000,0                        
TEL,3926,S5,3404,1069,2944,4994,10000,0                        
TEL,3927,S5,3404,1069,2944,4994,10000,0                        
TEL,3928,S5,3373,1068,2944,4994,10000,0                        
TEL,3929,S5,3404,1069,2944,4994,10000,0                        
TEL,3930,S5,3404,1069,2944,4994,10000,0                        
TEL,3931,S5,3404,1069,2944,4994,10000,0                        
TEL,3932,S5,3404,1069,2944,4994,10000,0                        
TEL,3933,S5,3404,1069,2944,4994,10000,0                        
TEL,3934,S5,3404,1069,2944,4994,10000,0                        
TEL,3935,S5,3404,1069,2944,4994,10000,0                        
TEL,3936,S5,3373,1068,2944,4994,10000,0                        
TEL,3937,S5,3498,1072,2944,4994,10000,0                        
TEL,3938,S5,3404,1069,2944,4994,10000,0                        
TEL,3939,S5,3404,1069,2944,4994,10000,0                        
TEL,3940,S5,3404,1069,2944,4994,10000,0                        
TEL,3941,S5,3373,1068,2944,4994,10000,0                        
TEL,3942,S5,3404,1069,2944,4994,10000,0                        
TEL,3943,S5,3373,1068,2944,4994,10000,0                        
TEL,3944,S5,3342,1067,2944,4994,10000,0                        
TEL,3945,S5,3404,1069,2944,4994,10000,0                        
TEL,3946,S5,3529,1073,2944,4994,10000,0                        
TEL,3947,S5,3404,1069,2944,4994,10000,0                        
TEL,3948,S5,3404,1069,2944,4994,10000,0                        
TEL,3949,S5,3404,1069,2944,4994,10000,0                        
TEL,3950,S5,3311,1065,2944,4994,10000,0                        
TEL,3951,S5,3404,1069,2944,4994,10000,0                        
TEL,3952,S5,3342,1066,2944,4994,10000,0                        
TEL,3953,S5,3404,1069,2944,4994,10000,0                        
TEL,3954,S5,3404,1069,2944,4994,10000,0                        
TEL,3955,S5,3404,1069,2944,4994,10000,0                        
TEL,3956,S5,3373,1068,2944,4994,10000,0                        
TEL,3957,S5,3373,1068,2944,4994,10000,0                        
TEL,3958,S5,3404,1069,2944,4994,10000,0                        
TEL,3959,S5,3404,1069,2944,4994,10000,0                        
TEL,3960,S5,3404,1069,2944,4994,10000,0                        
TEL,3961,S5,3404,1069,2944,4994,10000,0                        
TEL,3962,S5,3404,1069,2944,4994,10000,0                        
TEL,3963,S5,3404,1069,2944,4994,10000,0                        
TEL,3964,S5,3404,1069,2944,4994,10000,0                        
TEL,3965,S5,3404,1069,2944,4994,10000,0                        
TEL,3966,S5,3404,1069,2944,4994,10000,0                        
TEL,3967,S5,3373,1068,2944,4994,10000,0                        
TEL,3968,S5,3404,1069,2944,4994,10000,0                        
TEL,3969,S5,3404,1069,2944,4994,10000,0                        
TEL,3970,S5,3404,1069,2944,4994,10000,0                        
TEL,3971,S5,3404,1069,2944,4994,10000,0                        
TEL,3972,S5,3404,1069,2944,4994,10000,0                        
TEL,3973,S5,3529,1073,2944,4994,10000,0                        
TEL,3974,S5,3373,1068,2944,4994,10000,0                        
TEL,3975,S5,3404,1069,2944,4994,10000,0                        
TEL,3976,S5,3404,1069,2944,4994,10000,0                        
TEL,3977,S5,3373,1068,2944,4994,10000,0                        
TEL,3978,S5,3404,1069,2944,4994,10000,0                        
TEL,3979,S5,3404,1069,2944,4994,10000,0                        
TEL,3980,S5,3404,1069,2944,4994,10000,0                        
TEL,3981,S5,3404,1069,2944,4994,10000,0                        
TEL,3982,S5,3498,1072,2944,4994,10000,0                        
TEL,3983,S5,3529,1073,2944,4994,10000,0                        
TEL,3984,S5,3466,1071,2944,4994,10000,0                        
TEL,3985,S5,3373,1068,2944,4994,10000,0                        
TEL,3986,S5,3591,1075,2944,4994,10000,0                        
TEL,3987,S5,3404,1069,2944,4994,10000,0                        
TEL,3988,S5,3249,1063,2944,4994,10000,0                        
TEL,3989,S5,3498,1072,2944,4994,10000,0                        
TEL,3990,S5,3404,1069,2944,4994,10000,0                        
TEL,3991,S5,3342,1067,2944,4994,10000,0                        
TEL,3992,S5,3404,1069,2944,4994,10000,0                        
TEL,3993,S5,3404,1069,2944,4994,10000,0                        
TEL,3994,S5,3404,1069,2944,4994,10000,0                        
TEL,3995,S5,3404,1069,2944,4994,10000,0                        
TEL,3996,S5,3373,1068,2944,4994,10000,0                        
TEL,3997,S5,3404,1069,2944,4994,10000,0                        
TEL,3998,S5,3404,1069,2944,4994,10000,0                        
TEL,3999,S5,3404,1069,2944,4994,10000,0                        
TEL,4000,S5,3342,1067,2944,4994,10000,0                        
TEL,4001,S5,3404,1069,2944,4994,10000,0                        
TEL,4002,S5,3373,1068,2944,4994,10000,0                        
TEL,4003,S5,3404,1069,2944,4994,10000,0                        
TEL,4004,S5,3404,1069,2944,4994,10000,0                        
TEL,4005,S5,3404,1069,2944,4994,10000,0                        
TEL,4006,S5,3404,1069,2944,4994,10000,0                        
TEL,4007,S5,3404,1069,2944,4994,10000,0                        
TEL,4008,S5,3404,1069,2944,4994,10000,0                        
TEL,4009,S5,3373,1068,2944,4994,10000,0                        
TEL,4010,S5,3404,1069,2944,4994,10000,0                        
TEL,4011,S5,3404,1069,2944,4994,10000,0                        
TEL,4012,S5,3404,1069,2944,4994,10000,0                        
TEL,4013,S5,3404,1069,2944,4994,10000,0                        
TEL,4014,S5,3404,1069,2944,4994,10000,0                        
TEL,4015,S5,3404,1069,2944,4994,10000,0                        
TEL,4016,S5,3404,1069,2944,4994,10000,0                        
TEL,4017,S5,3404,1069,2944,4994,10000,0                        
TEL,4018,S5,3342,1067,2944,4994,10000,0                        
TEL,4019,S5,3373,1068,2944,4994,10000,0                        
TEL,4020,S5,3404,1069,2944,4994,10000,0                        
TEL,4021,S5,3404,1069,2944,4994,10000,0                        
TEL,4022,S5,3404,1069,2944,4994,10000,0                        
TEL,4023,S5,3404,1069,2944,4994,10000,0                        
TEL,4024,S5,3404,1069,2944,4994,10000,0                        
TEL,4025,S5,3404,1069,2944,4994,10000,0                        
TEL,4026,S5,3404,1069,2944,4994,10000,0                        
TEL,4027,S5,3404,1069,2944,4994,10000,0                        
TEL,4028,S5,3404,1069,2944,4994,10000,0                        
TEL,4029,S5,3342,1067,2944,4994,10000,0                        
TEL,4030,S5,3404,1069,2944,4994,10000,0                        
TEL,4031,S5,3404,1069,2944,4994,10000,0                        
TEL,4032,S5,3342,1067,2944,4994,10000,0                        
TEL,4033,S5,3404,1069,2944,4994,10000,0                        
TEL,4034,S5,3404,1069,2944,5008,10000,0                        
BTN,29,S5,PRESSED,4035,40051863,40055222,40055223              
TEL,4036,S5,3498,1072,2944,5046,10000,0                        
TEL,4037,S5,3342,1066,2944,4994,10000,0                        
TEL,4038,S5,3404,1069,2944,4994,10000,0                        
TEL,4039,S5,3404,1069,2944,4994,10000,0                        
TEL,4040,S5,3342,1067,2944,4994,10000,0                        
TEL,4041,S5,3311,1065,2944,4994,10000,0                        
TEL,4042,S5,3249,1063,2944,4994,10000,0                        
TEL,4043,S5,3404,1069,2944,4994,10000,0                        
TEL,4044,S5,3404,1069,2944,4994,10000,0                        
TEL,4045,S5,3404,1069,2944,4994,10000,0                        
TEL,4046,S5,3498,1072,2944,4994,10000,0                        
TEL,4047,S5,3404,1069,2944,5003,10000,0                        
TEL,4048,S5,3622,1076,2944,4994,10000,0                        
TEL,4049,S5,3404,1069,2944,4994,10000,0                        
TEL,4050,S5,3404,1069,2944,4994,10000,0                        
TEL,4051,S5,3404,1069,2944,4994,10000,0                        
TEL,4052,S5,3404,1069,2944,4994,10000,0                        
TEL,4053,S5,3404,1069,2944,4994,10000,0                        
TEL,4054,S5,3466,1071,2944,4994,10000,0                        
TEL,4055,S5,3404,1069,2944,4994,10000,0                        
TEL,4056,S5,3466,1071,2944,4994,10000,0                        
TEL,4057,S5,3529,1073,2944,4994,10000,0                        
TEL,4058,S5,3404,1069,2944,4994,10000,0                        
TEL,4059,S5,3466,1071,2944,4994,10000,0                        
TEL,4060,S5,3498,1072,2944,4994,10000,0                        
TEL,4061,S5,3404,1069,2944,4994,10000,0                        
TEL,4062,S5,3404,1069,2944,4994,10000,0                        
TEL,4063,S5,3404,1069,2944,4994,10000,0                        
TEL,4064,S5,3466,1071,2944,4994,10000,0                        
TEL,4065,S5,3404,1069,2944,4994,10000,0                        
TEL,4066,S5,3404,1069,2944,4994,10000,0                        
TEL,4067,S5,3404,1069,2944,4994,10000,0                        
TEL,4068,S5,3373,1068,2944,4994,10000,0                        
TEL,4069,S5,3404,1069,2944,4994,10000,0                        
TEL,4070,S5,3373,1068,2944,4994,10000,0                        
TEL,4071,S5,3404,1069,2944,4994,10000,0                        
TEL,4072,S5,3404,1069,2944,4994,10000,0                        
TEL,4073,S5,3404,1069,2944,4994,10000,0                        
TEL,4074,S5,3373,1068,2944,4994,10000,0                        
TEL,4075,S5,3404,1069,2944,4994,10000,0                        
TEL,4076,S5,3404,1069,2944,4994,10000,0                        
TEL,4077,S5,3466,1071,2944,4994,10000,0                        
TEL,4078,S5,3404,1069,2944,4994,10000,0                        
TEL,4079,S5,3404,1069,2944,4994,10000,0                        
TEL,4080,S5,3435,1070,2944,4994,10000,0                        
TEL,4081,S5,3404,1069,2944,4994,10000,0                        
TEL,4082,S5,3529,1073,2944,4994,10000,0                        
TEL,4083,S5,3404,1069,2944,4994,10000,0                        
TEL,4084,S5,3404,1069,2944,4994,10000,0                        
TEL,4085,S5,3404,1069,2944,4994,10000,0                        
TEL,4086,S5,3404,1069,2944,4994,10000,0                        
TEL,4087,S5,3404,1069,2944,4994,10000,0                        
TEL,4088,S5,3373,1068,2944,4994,10000,0                        
TEL,4089,S5,3404,1069,2944,4994,10000,0                        
TEL,4090,S5,3404,1069,2944,4994,10000,0                        
TEL,4091,S5,3529,1073,2944,4994,10000,0                        
TEL,4092,S5,3404,1069,2944,4994,10000,0                        
TEL,4093,S5,3404,1069,2944,4994,10000,0                        
TEL,4094,S5,3373,1068,2944,4994,10000,0                        
TEL,4095,S5,3342,1067,2944,4994,10000,0                        
TEL,4096,S5,3404,1069,2944,4994,10000,0                        
TEL,4097,S5,3404,1069,2944,4994,10000,0                        
TEL,4098,S5,3498,1072,2944,4994,10000,0                        
TEL,4099,S5,3466,1071,2944,4994,10000,0                        
TEL,4100,S5,3342,1067,2944,4994,10000,0                        
TEL,4101,S5,3404,1069,2944,4994,10000,0                        
TEL,4102,S5,3404,1069,2944,4994,10000,0                        
TEL,4103,S5,3373,1068,2944,4994,10000,0                        
TEL,4104,S5,3404,1069,2944,4994,10000,0                        
TEL,4105,S5,3529,1073,2944,4994,10000,0                        
TEL,4106,S5,3404,1069,2944,4994,10000,0                        
TEL,4107,S5,3404,1069,2944,4994,10000,0                        
TEL,4108,S5,3404,1069,2944,4994,10000,0                        
TEL,4109,S5,3404,1069,2944,4994,10000,0                        
TEL,4110,S5,3373,1068,2944,4994,10000,0                        
TEL,4111,S5,3404,1069,2944,4994,10000,0                        
TEL,4112,S5,3342,1067,2944,4994,10000,0                        
TEL,4113,S5,3373,1068,2944,4994,10000,0                        
TEL,4114,S5,3404,1069,2944,4994,10000,0                        
TEL,4115,S5,3404,1069,2944,4994,10000,0                        
TEL,4116,S5,3404,1069,2944,4994,10000,0                        
TEL,4117,S5,3404,1069,2944,4994,10000,0                        
TEL,4118,S5,3404,1069,2944,4994,10000,0                        
TEL,4119,S5,3404,1069,2944,4994,10000,0                        
TEL,4120,S5,3404,1069,2944,4994,10000,0                        
TEL,4121,S5,3404,1069,2944,4994,10000,0                        
TEL,4122,S5,3404,1069,2944,4994,10000,0                        
TEL,4123,S5,3404,1069,2944,4994,10000,0                        
TEL,4124,S5,3404,1069,2944,4994,10000,0                        
TEL,4125,S5,3404,1069,2944,4994,10000,0                        
TEL,4126,S5,3498,1072,2944,4994,10000,0                        
TEL,4127,S5,3373,1068,2944,4994,10000,0                        
TEL,4128,S5,3342,1067,2944,4994,10000,0                        
TEL,4129,S5,3466,1071,2944,4994,10000,0                        
TEL,4130,S5,3404,1069,2944,4994,10000,0                        
TEL,4131,S5,3404,1069,2944,4994,10000,0                        
TEL,4132,S5,3404,1069,2944,4994,10000,0                        
TEL,4133,S5,3404,1069,2944,4994,10000,0                        
TEL,4134,S5,3404,1069,2944,4994,10000,0                        
TEL,4135,S5,3404,1069,2944,4994,10000,0                        
TEL,4136,S5,3404,1069,2944,4994,10000,0                        
TEL,4137,S5,3466,1071,2944,4994,10000,0                        
TEL,4138,S5,3466,1071,2944,4994,10000,0                        
TEL,4139,S5,3404,1069,2944,4994,10000,0                        
TEL,4140,S5,3466,1071,2944,4994,10000,0                        
TEL,4141,S5,3404,1069,2944,4994,10000,0                        
TEL,4142,S5,3404,1069,2944,4994,10000,0                        
TEL,4143,S5,3404,1069,2944,4994,10000,0                        
TEL,4144,S5,3435,1070,2944,4994,10000,0                        
TEL,4145,S5,3404,1069,2944,4994,10000,0                        
TEL,4146,S5,3404,1069,2944,4994,10000,0                        
TEL,4147,S5,3404,1069,2944,4994,10000,0                        
TEL,4148,S5,3404,1069,2944,4994,10000,0                        
TEL,4149,S5,3404,1069,2944,4994,10000,0                        
TEL,4150,S5,3404,1069,2944,4994,10000,0                        
TEL,4151,S5,3404,1069,2944,4994,10000,0                        
TEL,4152,S5,3404,1069,2944,4994,10000,0                        
TEL,4153,S5,3342,1067,2944,4994,10000,0                        
TEL,4154,S5,3404,1069,2944,4994,10000,0                        
TEL,4155,S5,3404,1069,2944,4994,10000,0                        
TEL,4156,S5,3373,1068,2944,4994,10000,0                        
TEL,4157,S5,3404,1069,2944,4994,10000,0                        
TEL,4158,S5,3404,1069,2944,4994,10000,0                        
TEL,4159,S5,3404,1069,2944,4994,10000,0                        
TEL,4160,S5,3342,1067,2944,4994,10000,0                        
TEL,4161,S5,3404,1069,2944,4994,10000,0                        
TEL,4162,S5,3404,1069,2944,4994,10000,0                        
TEL,4163,S5,3373,1068,2944,4994,10000,0                        
TEL,4164,S5,3404,1069,2944,4994,10000,0                        
TEL,4165,S5,3404,1069,2944,4994,10000,0                        
TEL,4166,S5,3404,1069,2944,4994,10000,0                        
TEL,4167,S5,3404,1069,2944,4994,10000,0                        
TEL,4168,S5,3404,1069,2944,4994,10000,0                        
TEL,4169,S5,3404,1069,2944,4994,10000,0                        
TEL,4170,S5,3404,1069,2944,4994,10000,0                        
TEL,4171,S5,3404,1069,2944,4994,10000,0                        
TEL,4172,S5,3404,1069,2944,4994,10000,0                        
TEL,4173,S5,3404,1069,2944,4994,10000,0                        
TEL,4174,S5,3404,1069,2944,4994,10000,0                        
TEL,4175,S5,3404,1069,2944,4994,10000,0                        
BTN,30,S5,PRESSED,4176,41458881,41458898,41458900              
TEL,4177,S5,3342,1067,2944,5100,10000,0                        
TEL,4178,S5,3466,1071,2944,4994,10000,0                        
TEL,4179,S5,3404,1069,2944,4994,10000,0                        
TEL,4180,S5,3373,1068,2944,4994,10000,0                        
TEL,4181,S5,3373,1068,2944,4994,10000,0                        
TEL,4182,S5,3342,1067,2944,4994,10000,0                        
TEL,4183,S5,3404,1069,2944,4994,10000,0                        
TEL,4184,S5,3404,1069,2944,4994,10000,0                        
TEL,4185,S5,3404,1069,2944,4994,10000,0                        
TEL,4186,S5,3311,1065,2944,4994,10000,0                        
TEL,4187,S5,3404,1069,2944,4994,10000,0                        
TEL,4188,S5,3404,1069,2944,4994,10000,0                        
TEL,4189,S5,3404,1069,2944,4994,10000,0                        
TEL,4190,S5,3404,1069,2944,4994,10000,0                        
TEL,4191,S5,3529,1073,2944,4994,10000,0                        
TEL,4192,S5,3498,1072,2944,4994,10000,0                        
TEL,4193,S5,3404,1069,2944,4994,10000,0                        
TEL,4194,S5,3404,1069,2944,4994,10000,0                        
TEL,4195,S5,3404,1069,2944,4994,10000,0                        
TEL,4196,S5,3404,1069,2944,4994,10000,0                        
TEL,4197,S5,3404,1069,2944,4994,10000,0                        
TEL,4198,S5,3404,1069,2944,4994,10000,0                        
TEL,4199,S5,3404,1069,2944,4994,10000,0                        
TEL,4200,S5,3404,1069,2944,4994,10000,0                        
TEL,4201,S5,3404,1069,2944,4994,10000,0                        
TEL,4202,S5,3498,1072,2944,4994,10000,0                        
TEL,4203,S5,3373,1068,2944,4994,10000,0                        
TEL,4204,S5,3404,1069,2944,4994,10000,0                        
TEL,4205,S5,3373,1068,2944,4994,10000,0                        
TEL,4206,S5,3404,1069,2944,4994,10000,0                        
TEL,4207,S5,3404,1069,2944,4994,10000,0                        
TEL,4208,S5,3466,1071,2944,4994,10000,0                        
TEL,4209,S5,3404,1069,2944,4994,10000,0                        
TEL,4210,S5,3404,1069,2944,4994,10000,0                        
TEL,4211,S5,3404,1069,2944,4994,10000,0                        
TEL,4212,S5,3404,1069,2944,4994,10000,0                        
TEL,4213,S5,3373,1068,2944,4994,10000,0                        
TEL,4214,S5,3466,1071,2944,4994,10000,0                        
TEL,4215,S5,3373,1068,2944,4994,10000,0                        
TEL,4216,S5,3404,1069,2944,4994,10000,0                        
TEL,4217,S5,3404,1069,2944,4994,10000,0                        
TEL,4218,S5,3342,1067,2944,4994,10000,0                        
TEL,4219,S5,3404,1069,2944,4994,10000,0                        
TEL,4220,S5,3404,1069,2944,4994,10000,0                        
TEL,4221,S5,3466,1071,2944,4994,10000,0                        
TEL,4222,S5,3404,1069,2944,4994,10000,0                        
TEL,4223,S5,3404,1069,2944,4994,10000,0                        
TEL,4224,S5,3404,1069,2944,4994,10000,0                        
TEL,4225,S5,3404,1069,2944,4994,10000,0                        
TEL,4226,S5,3404,1069,2944,4994,10000,0                        
TEL,4227,S5,3404,1069,2944,4994,10000,0                        
TEL,4228,S5,3404,1069,2944,4994,10000,0                        
TEL,4229,S5,3373,1068,2944,4994,10000,0                        
TEL,4230,S5,3404,1069,2944,4994,10000,0                        
TEL,4231,S5,3404,1069,2944,4994,10000,0                        
TEL,4232,S5,3404,1069,2944,4994,10000,0                        
TEL,4233,S5,3466,1071,2944,4994,10000,0                        
TEL,4234,S5,3373,1068,2944,4994,10000,0                        
TEL,4235,S5,3404,1069,2944,4994,10000,0                        
TEL,4236,S5,3529,1073,2944,4994,10000,0                        
TEL,4237,S5,3373,1068,2944,4994,10000,0                        
TEL,4238,S5,3404,1069,2944,4994,10000,0                        
TEL,4239,S5,3404,1069,2944,4994,10000,0                        
TEL,4240,S5,3435,1070,2944,4994,10000,0                        
TEL,4241,S5,3404,1069,2944,4994,10000,0                        
TEL,4242,S5,3404,1069,2944,4994,10000,0                        
TEL,4243,S5,3404,1069,2944,4994,10000,0                        
TEL,4244,S5,3404,1069,2944,4994,10000,0                        
TEL,4245,S5,3404,1069,2944,4994,10000,0                        
TEL,4246,S5,3342,1067,2944,4994,10000,0                        
TEL,4247,S5,3529,1073,2944,4994,10000,0                        
TEL,4248,S5,3404,1069,2944,4994,10000,0                        
TEL,4249,S5,3342,1067,2944,4994,10000,0                        
TEL,4250,S5,3404,1069,2944,4994,10000,0                        
TEL,4251,S5,3373,1068,2944,4994,10000,0                        
TEL,4252,S5,3404,1069,2944,4994,10000,0                        
TEL,4253,S5,3404,1069,2944,4994,10000,0                        
TEL,4254,S5,3404,1069,2944,4994,10000,0                        
TEL,4255,S5,3404,1069,2944,4994,10000,0                        
TEL,4256,S5,3466,1071,2944,4994,10000,0                        
TEL,4257,S5,3404,1069,2944,4994,10000,0                        
TEL,4258,S5,3373,1068,2944,4994,10000,0                        
TEL,4259,S5,3404,1069,2944,4994,10000,0                        
TEL,4260,S5,3404,1069,2944,4994,10000,0                        
TEL,4261,S5,3342,1067,2944,4994,10000,0                        
TEL,4262,S5,3404,1069,2944,4994,10000,0                        
TEL,4263,S5,3404,1069,2944,4994,10000,0                        
TEL,4264,S5,3404,1069,2944,4994,10000,0                        
TEL,4265,S5,3404,1069,2944,4994,10000,0                        
TEL,4266,S5,3404,1069,2944,4994,10000,0                        
TEL,4267,S5,3404,1069,2944,4994,10000,0                        
TEL,4268,S5,3404,1069,2944,4994,10000,0                        
TEL,4269,S5,3404,1069,2944,4994,10000,0                        
TEL,4270,S5,3404,1069,2944,4994,10000,0                        
TEL,4271,S5,3404,1069,2944,4994,10000,0                        
TEL,4272,S5,3435,1070,2944,4994,10000,0                        
TEL,4273,S5,3404,1069,2944,4994,10000,0                        
TEL,4274,S5,3373,1068,2944,4994,10000,0                        
TEL,4275,S5,3404,1069,2944,4994,10000,0                        
TEL,4276,S5,3404,1069,2944,4994,10000,0                        
TEL,4277,S5,3404,1069,2944,4994,10000,0                        
TEL,4278,S5,3404,1069,2944,4994,10000,0                        
TEL,4279,S5,3404,1069,2944,4994,10000,0                        
TEL,4280,S5,3404,1069,2944,4994,10000,0                        
TEL,4281,S5,3404,1069,2944,4994,10000,0                        
TEL,4282,S5,3404,1069,2944,4994,10000,0                        
TEL,4283,S5,3498,1072,2944,4994,10000,0                        
TEL,4284,S5,3373,1068,2944,4994,10000,0                        
TEL,4285,S5,3404,1069,2944,4994,10000,0                        
TEL,4286,S5,3404,1069,2944,4994,10000,0                        
TEL,4287,S5,3404,1069,2944,4994,10000,0                        
TEL,4288,S5,3435,1070,2944,4994,10000,0                        
TEL,4289,S5,3404,1069,2944,4994,10000,0                        
TEL,4290,S5,3404,1069,2944,4994,10000,0                        
TEL,4291,S5,3404,1069,2944,4994,10000,0                        
TEL,4292,S5,3342,1067,2944,4994,10000,0                        
TEL,4293,S5,3404,1069,2944,4994,10000,0                        
TEL,4294,S5,3404,1069,2944,4994,10000,0                        
TEL,4295,S5,3622,1076,2944,4994,10000,0                        
TEL,4296,S5,3404,1069,2944,4994,10000,0                        
TEL,4297,S5,3404,1069,2944,4994,10000,0                        
TEL,4298,S5,3404,1069,2944,4994,10000,0                        
TEL,4299,S5,3404,1069,2944,4994,10000,0                        
TEL,4300,S5,3404,1069,2944,4994,10000,0                        
TEL,4301,S5,3404,1069,2944,4994,10000,0                        
TEL,4302,S5,3498,1072,2944,4994,10000,0                        
TEL,4303,S5,3404,1069,2944,4994,10000,0                        
TEL,4304,S5,3404,1069,2944,4994,10000,0                        
TEL,4305,S5,3404,1069,2944,4994,10000,0                        
TEL,4306,S5,3404,1069,2944,4994,10000,0                        
TEL,4307,S5,3404,1069,2944,4994,10000,0                        
TEL,4308,S5,3404,1069,2944,4994,10000,0                        
TEL,4309,S5,3404,1069,2944,4994,10000,0                        
TEL,4310,S5,3404,1069,2944,4994,10000,0                        
TEL,4311,S5,3373,1068,2944,4994,10000,0                        
TEL,4312,S5,3404,1069,2944,4994,10000,0                        
TEL,4313,S5,3404,1069,2944,4994,10000,0                        
TEL,4314,S5,3404,1069,2944,4994,10000,0                        
TEL,4315,S5,3404,1069,2944,4994,10000,0                        
TEL,4316,S5,3404,1069,2944,4994,10000,0                        
TEL,4317,S5,3404,1069,2944,4994,10000,0                        
TEL,4318,S5,3404,1069,2944,4994,10000,0                        
TEL,4319,S5,3404,1069,2944,4994,10000,0                        
TEL,4320,S5,3466,1071,2944,4994,10000,0                        
TEL,4321,S5,3404,1069,2944,4994,10000,0                        
TEL,4322,S5,3435,1070,2944,4994,10000,0                        
TEL,4323,S5,3404,1069,2944,4994,10000,0                        
TEL,4324,S5,3404,1069,2944,4994,10000,0                        
TEL,4325,S5,3404,1069,2944,4994,10000,0                        
TEL,4326,S5,3404,1069,2944,4994,10000,0                        
TEL,4327,S5,3404,1069,2944,4994,10000,0                        
TEL,4328,S5,3404,1069,2944,4994,10000,0                        
TEL,4329,S5,3342,1067,2944,4994,10000,0                        
TEL,4330,S5,3404,1069,2944,4994,10000,0                        
TEL,4331,S5,3404,1069,2944,4994,10000,0                        
TEL,4332,S5,3342,1067,2944,4994,10000,0                        
TEL,4333,S5,3529,1073,2944,4994,10000,0                        
TEL,4334,S5,3404,1069,2944,4994,10000,0                        
TEL,4335,S5,3373,1068,2944,4994,10000,0                        
TEL,4336,S5,3466,1071,2944,4994,10000,0                        
TEL,4337,S5,3404,1069,2944,4994,10000,0                        
TEL,4338,S5,3404,1069,2944,4994,10000,0                        
TEL,4339,S5,3373,1068,2944,4994,10000,0                        
TEL,4340,S5,3404,1069,2944,4994,10000,0                        
TEL,4341,S5,3404,1069,2944,4994,10000,0                        
TEL,4342,S5,3404,1069,2944,4994,10000,0                        
TEL,4343,S5,3404,1069,2944,4994,10000,0                        
TEL,4344,S5,3404,1069,2944,4994,10000,0                        
TEL,4345,S5,3342,1067,2944,4994,10000,0                        
TEL,4346,S5,3373,1068,2944,4994,10000,0                        
TEL,4347,S5,3404,1069,2944,4994,10000,0                        
TEL,4348,S5,3466,1071,2944,4994,10000,0                        
TEL,4349,S5,3404,1069,2944,4994,10000,0                        
TEL,4350,S5,3404,1069,2944,4994,10000,0                        
TEL,4351,S5,3404,1069,2944,4994,10000,0                        
TEL,4352,S5,3404,1069,2944,4994,10000,0                        
TEL,4353,S5,3311,1065,2944,4994,10000,0                        
TEL,4354,S5,3404,1069,2944,4994,10000,0                        
TEL,4355,S5,3404,1069,2944,4994,10000,0                        
TEL,4356,S5,3404,1069,2944,4994,10000,0                        
TEL,4357,S5,3404,1069,2944,4994,10000,0                        
TEL,4358,S5,3373,1068,2944,4994,10000,0                        
TEL,4359,S5,3311,1065,2944,4994,10000,0                        
TEL,4360,S5,3342,1067,2944,4994,10000,0                        
TEL,4361,S5,3404,1069,2944,4994,10000,0                        
TEL,4362,S5,3404,1069,2944,4994,10000,0                        
TEL,4363,S5,3404,1069,2944,4994,10000,0                        
TEL,4364,S5,3404,1069,2944,4994,10000,0                        
TEL,4365,S5,3373,1068,2944,4994,10000,0                        
TEL,4366,S5,3373,1068,2944,4994,10000,0                        
TEL,4367,S5,3404,1069,2944,4994,10000,0                        
TEL,4368,S5,3435,1070,2944,4994,10000,0                        
TEL,4369,S5,3404,1069,2944,4994,10000,0                        
TEL,4370,S5,3404,1069,2944,4994,10000,0                        
TEL,4371,S5,3373,1068,2944,4994,10000,0                        
TEL,4372,S5,3404,1069,2944,4994,10000,0                        
TEL,4373,S5,3404,1069,2944,4994,10000,0                        
TEL,4374,S5,3404,1069,2944,4994,10000,0                        
TEL,4375,S5,3373,1068,2944,4994,10000,0                        
TEL,4376,S5,3404,1069,2944,4994,10000,0                        
TEL,4377,S5,3373,1068,2944,4994,10000,0                        
TEL,4378,S5,3498,1072,2944,4994,10000,0                        
TEL,4379,S5,3404,1069,2944,4994,10000,0                        
TEL,4380,S5,3404,1069,2944,4994,10000,0                        
TEL,4381,S5,3404,1069,2944,4994,10000,0                        
TEL,4382,S5,3342,1067,2944,4994,10000,0                        
TEL,4383,S5,3404,1069,2944,4994,10000,0                        
TEL,4384,S5,3435,1070,2944,4994,10000,0                        
TEL,4385,S5,3404,1069,2944,4994,10000,0                        
TEL,4386,S5,3404,1069,2944,4994,10000,0                        
TEL,4387,S5,3404,1069,2944,4994,10000,0                        
TEL,4388,S5,3466,1071,2944,4994,10000,0                        
TEL,4389,S5,3404,1069,2944,4994,10000,0                        
TEL,4390,S5,3404,1069,2944,4994,10000,0                        
TEL,4391,S5,3404,1069,2944,4994,10000,0                        
TEL,4392,S5,3404,1069,2944,4994,10000,0                        
TEL,4393,S5,3373,1068,2944,4994,10000,0                        
TEL,4394,S5,3404,1069,2944,4994,10000,0                        
TEL,4395,S5,3404,1069,2944,4994,10000,0                        
TEL,4396,S5,3404,1069,2944,4994,10000,0                        
TEL,4397,S5,3404,1069,2944,4994,10000,0                        
TEL,4398,S5,3404,1069,2944,4994,10000,0                        
TEL,4399,S5,3373,1068,2944,4994,10000,0                        
TEL,4400,S5,3435,1070,2944,4994,10000,0                        
TEL,4401,S5,3404,1069,2944,4994,10000,0                        
TEL,4402,S5,3404,1069,2944,4994,10000,0                        
TEL,4403,S5,3404,1069,2944,4994,10000,0                        
TEL,4404,S5,3529,1073,2944,4994,10000,0                        
TEL,4405,S5,3404,1069,2944,4994,10000,0                        
TEL,4406,S5,3466,1071,2944,4994,10000,0                        
TEL,4407,S5,3404,1069,2944,4994,10000,0                        
TEL,4408,S5,3404,1069,2944,4994,10000,0                        
TEL,4409,S5,3404,1069,2944,4994,10000,0                        
TEL,4410,S5,3404,1069,2944,4994,10000,0                        
TEL,4411,S5,3342,1067,2944,4994,10000,0                        
TEL,4412,S5,3466,1071,2944,4994,10000,0                        
TEL,4413,S5,3373,1068,2944,4994,10000,0                        
TEL,4414,S5,3404,1069,2944,4994,10000,0                        
TEL,4415,S5,3404,1069,2944,4994,10000,0                        
TEL,4416,S5,3342,1067,2944,4994,10000,0                        
TEL,4417,S5,3498,1072,2944,4994,10000,0                        
TEL,4418,S5,3373,1068,2944,4994,10000,0                        
TEL,4419,S5,3404,1069,2944,4994,10000,0                        
TEL,4420,S5,3404,1069,2944,4994,10000,0                        
TEL,4421,S5,3342,1067,2944,4994,10000,0                        
TEL,4422,S5,3466,1071,2944,4994,10000,0                        
TEL,4423,S5,3373,1068,2944,4994,10000,0                        
TEL,4424,S5,3404,1069,2944,4994,10000,0                        
TEL,4425,S5,3373,1068,2944,4994,10000,0                        
TEL,4426,S5,3404,1069,2944,4994,10000,0                        
TEL,4427,S5,3404,1069,2944,4994,10000,0                        
TEL,4428,S5,3404,1069,2944,4994,10000,0                        
TEL,4429,S5,3373,1068,2944,4994,10000,0                        
TEL,4430,S5,3373,1068,2944,4994,10000,0                        
TEL,4431,S5,3404,1069,2944,4994,10000,0                        
TEL,4432,S5,3404,1069,2944,4994,10000,0                        
TEL,4433,S5,3373,1068,2944,4994,10000,0                        
TEL,4434,S5,3404,1069,2944,4994,10000,0                        
TEL,4435,S5,3404,1069,2944,4994,10000,0                        
TEL,4436,S5,3404,1069,2944,4994,10000,0                        
TEL,4437,S5,3404,1069,2944,4994,10000,0                        
TEL,4438,S5,3404,1069,2944,4994,10000,0                        
TEL,4439,S5,3404,1069,2944,4994,10000,0                        
TEL,4440,S5,3373,1068,2944,4994,10000,0                        
TEL,4441,S5,3466,1071,2944,4994,10000,0                        
TEL,4442,S5,3404,1069,2944,4994,10000,0                        
TEL,4443,S5,3404,1069,2944,4994,10000,0                        
TEL,4444,S5,3404,1069,2944,4994,10000,0                        
TEL,4445,S5,3404,1069,2944,4994,10000,0                        
TEL,4446,S5,3466,1071,2944,4994,10000,0                        
TEL,4447,S5,3404,1069,2944,4994,10000,0                        
TEL,4448,S5,3342,1067,2944,4994,10000,0                        
TEL,4449,S5,3404,1069,2944,4994,10000,0                        
TEL,4450,S5,3498,1072,2944,4994,10000,0                        
TEL,4451,S5,3466,1071,2944,4994,10000,0                        
TEL,4452,S5,3466,1071,2944,4994,10000,0                        
TEL,4453,S5,3342,1067,2944,4994,10000,0                        
TEL,4454,S5,3404,1069,2944,4994,10000,0                        
TEL,4455,S5,3404,1069,2944,4994,10000,0                        
TEL,4456,S5,3373,1068,2944,4994,10000,0                        
TEL,4457,S5,3529,1073,2944,4994,10000,0                        
TEL,4458,S5,3404,1069,2944,4994,10000,0                        
TEL,4459,S5,3404,1069,2944,4994,10000,0                        
TEL,4460,S5,3404,1069,2944,4994,10000,0                        
TEL,4461,S5,3404,1069,2944,4994,10000,0                        
TEL,4462,S5,3466,1071,2944,4994,10000,0                        
TEL,4463,S5,3404,1069,2944,4994,10000,0                        
TEL,4464,S5,3342,1067,2944,4994,10000,0                        
TEL,4465,S5,3404,1069,2944,4994,10000,0                        
TEL,4466,S5,3342,1067,2944,4994,10000,0                        
TEL,4467,S5,3404,1069,2944,4994,10000,0                        
TEL,4468,S5,3404,1069,2944,4994,10000,0                        
TEL,4469,S5,3404,1069,2944,4994,10000,0                        
TEL,4470,S5,3404,1069,2944,4994,10000,0                        
TEL,4471,S5,3466,1071,2944,4994,10000,0                        
TEL,4472,S5,3404,1069,2944,4994,10000,0                        
TEL,4473,S5,3404,1069,2944,4994,10000,0                        
TEL,4474,S5,3404,1069,2944,4994,10000,0                        
TEL,4475,S5,3404,1069,2944,4994,10000,0                        
TEL,4476,S5,3373,1068,2944,4994,10000,0                        
TEL,4477,S5,3466,1071,2944,4994,10000,0                        
TEL,4478,S5,3466,1071,2944,4994,10000,0                        
TEL,4479,S5,3404,1069,2944,4994,10000,0                        
TEL,4480,S5,3342,1067,2944,4994,10000,0                        
TEL,4481,S5,3404,1069,2944,4994,10000,0                        
TEL,4482,S5,3342,1067,2944,4994,10000,0                        
TEL,4483,S5,3404,1069,2944,4994,10000,0                        
TEL,4484,S5,3404,1069,2944,4994,10000,0                        
TEL,4485,S5,3404,1069,2944,4994,10000,0                        
TEL,4486,S5,3404,1069,2944,4994,10000,0                        
TEL,4487,S5,3404,1069,2944,4994,10000,0                        
TEL,4488,S5,3404,1069,2944,4994,10000,0                        
TEL,4489,S5,3404,1069,2944,4994,10000,0                        
TEL,4490,S5,3404,1069,2944,4994,10000,0                        
TEL,4491,S5,3404,1069,2944,4994,10000,0                        
TEL,4492,S5,3404,1069,2944,4994,10000,0                        
TEL,4493,S5,3404,1069,2944,4994,10000,0                        
TEL,4494,S5,3404,1069,2944,4994,10000,0                        
TEL,4495,S5,3404,1069,2944,4994,10000,0                        
TEL,4496,S5,3435,1070,2944,4994,10000,0                        
TEL,4497,S5,3404,1069,2944,4994,10000,0                        
TEL,4498,S5,3404,1069,2944,4994,10000,0                        
TEL,4499,S5,3404,1069,2944,4994,10000,0                        
TEL,4500,S5,3404,1069,2944,4994,10000,0                        
TEL,4501,S5,3404,1069,2944,4994,10000,0                        
TEL,4502,S5,3373,1068,2944,4994,10000,0                        
TEL,4503,S5,3404,1069,2944,4994,10000,0                        
TEL,4504,S5,3342,1067,2944,4994,10000,0                        
TEL,4505,S5,3249,1063,2944,4994,10000,0                        
TEL,4506,S5,3404,1069,2944,4994,10000,0                        
TEL,4507,S5,3404,1069,2944,4994,10000,0                        
TEL,4508,S5,3404,1069,2944,4994,10000,0                        
TEL,4509,S5,3373,1068,2944,4994,10000,0                        
TEL,4510,S5,3404,1069,2944,4994,10000,0                        
TEL,4511,S5,3404,1069,2944,4994,10000,0                        
TEL,4512,S5,3466,1071,2944,4994,10000,0                        
TEL,4513,S5,3404,1069,2944,4994,10000,0                        
TEL,4514,S5,3404,1069,2944,4994,10000,0                        
TEL,4515,S5,3404,1069,2944,4994,10000,0                        
TEL,4516,S5,3404,1069,2944,4994,10000,0                        
TEL,4517,S5,3373,1068,2944,4994,10000,0                        
TEL,4518,S5,3404,1069,2944,4994,10000,0                        
TEL,4519,S5,3373,1068,2944,4994,10000,0                        
TEL,4520,S5,3435,1070,2944,4994,10000,0                        
TEL,4521,S5,3404,1069,2944,4994,10000,0                        
TEL,4522,S5,3404,1069,2944,4994,10000,0                        
TEL,4523,S5,3404,1069,2944,4994,10000,0                        
TEL,4524,S5,3404,1069,2944,4994,10000,0                        
TEL,4525,S5,3404,1069,2944,4994,10000,0                        
TEL,4526,S5,3404,1069,2944,4994,10000,0                        
TEL,4527,S5,3404,1069,2944,4994,10000,0                        
TEL,4528,S5,3342,1067,2944,4994,10000,0                        
TEL,4529,S5,3404,1069,2944,4994,10000,0                        
TEL,4530,S5,3404,1069,2944,4994,10000,0                        
TEL,4531,S5,3373,1068,2944,4994,10000,0                        
TEL,4532,S5,3404,1069,2944,4994,10000,0                        
TEL,4533,S5,3342,1067,2944,4994,10000,0                        
TEL,4534,S5,3529,1073,2944,4994,10000,0                        
TEL,4535,S5,3404,1069,2944,4994,10000,0                        
TEL,4536,S5,3404,1069,2944,4994,10000,0                        
TEL,4537,S5,3404,1069,2944,4994,10000,0                        
TEL,4538,S5,3466,1071,2944,4994,10000,0                        
TEL,4539,S5,3404,1069,2944,4994,10000,0                        
TEL,4540,S5,3404,1069,2944,4994,10000,0                        
TEL,4541,S5,3466,1071,2944,4994,10000,0                        
TEL,4542,S5,3373,1068,2944,4994,10000,0                        
TEL,4543,S5,3404,1069,2944,4994,10000,0                        
TEL,4544,S5,3342,1067,2944,4994,10000,0                        
TEL,4545,S5,3404,1069,2944,4994,10000,0                        
TEL,4546,S5,3404,1069,2944,4994,10000,0                        
TEL,4547,S5,3342,1067,2944,4994,10000,0                        
TEL,4548,S5,3404,1069,2944,4994,10000,0                        
TEL,4549,S5,3404,1069,2944,4994,10000,0                        
TEL,4550,S5,3404,1069,2944,4994,10000,0                        
TEL,4551,S5,3373,1068,2944,4994,10000,0                        
TEL,4552,S5,3498,1072,2944,4994,10000,0                        
TEL,4553,S5,3466,1071,2944,4994,10000,0                        
TEL,4554,S5,3404,1069,2944,4994,10000,0                        
TEL,4555,S5,3404,1069,2944,4994,10000,0                        
TEL,4556,S5,3404,1069,2944,4994,10000,0                        
TEL,4557,S5,3404,1069,2944,4994,10000,0                        
TEL,4558,S5,3466,1071,2944,4994,10000,0                        
TEL,4559,S5,3404,1069,2944,4994,10000,0                        
TEL,4560,S5,3466,1071,2944,4994,10000,0                        
TEL,4561,S5,3404,1069,2944,4994,10000,0                        
TEL,4562,S5,3404,1069,2944,4994,10000,0                        
TEL,4563,S5,3404,1069,2944,4994,10000,0                        
TEL,4564,S5,3466,1071,2944,4994,10000,0                        
TEL,4565,S5,3404,1069,2944,4994,10000,0                        
TEL,4566,S5,3404,1069,2944,4994,10000,0                        
TEL,4567,S5,3373,1068,2944,4994,10000,0                        
TEL,4568,S5,3466,1071,2944,4994,10000,0                        
TEL,4569,S5,3404,1069,2944,4994,10000,0                        
TEL,4570,S5,3404,1069,2944,4994,10000,0                        
TEL,4571,S5,3404,1069,2944,4994,10000,0                        
TEL,4572,S5,3404,1069,2944,4994,10000,0                        
TEL,4573,S5,3404,1069,2944,4994,10000,0                        
TEL,4574,S5,3404,1069,2944,4994,10000,0                        
TEL,4575,S5,3342,1067,2944,4994,10000,0                        
TEL,4576,S5,3373,1068,2944,4994,10000,0                        
TEL,4577,S5,3404,1069,2944,4994,10000,0                        
TEL,4578,S5,3404,1069,2944,4994,10000,0                        
TEL,4579,S5,3466,1071,2944,4994,10000,0                        
TEL,4580,S5,3466,1071,2944,4994,10000,0                        
TEL,4581,S5,3404,1069,2944,4994,10000,0                        
TEL,4582,S5,3404,1069,2944,4994,10000,0                        
TEL,4583,S5,3404,1069,2944,4994,10000,0                        
TEL,4584,S5,3404,1069,2944,4994,10000,0                        
TEL,4585,S5,3404,1069,2944,4994,10000,0                        
TEL,4586,S5,3404,1069,2944,4994,10000,0                        
TEL,4587,S5,3373,1068,2944,4994,10000,0                        
TEL,4588,S5,3404,1069,2944,4994,10000,0                        
TEL,4589,S5,3404,1069,2944,4994,10000,0                        
TEL,4590,S5,3404,1069,2944,4994,10000,0                        
TEL,4591,S5,3404,1069,2944,4994,10000,0                        
TEL,4592,S5,3435,1070,2944,4994,10000,0                        
TEL,4593,S5,3404,1069,2944,4994,10000,0                        
TEL,4594,S5,3404,1069,2944,4994,10000,0                        
TEL,4595,S5,3404,1069,2944,4994,10000,0                        
TEL,4596,S5,3404,1069,2944,4994,10000,0                        
TEL,4597,S5,3404,1069,2944,4994,10000,0                        
TEL,4598,S5,3311,1065,2944,4994,10000,0                        
TEL,4599,S5,3404,1069,2944,4994,10000,0                        
TEL,4600,S5,3404,1069,2944,4994,10000,0                        
TEL,4601,S5,3404,1069,2944,4994,10000,0                        
TEL,4602,S5,3404,1069,2944,4994,10000,0                        
TEL,4603,S5,3404,1069,2944,4994,10000,0                        
TEL,4604,S5,3404,1069,2944,4994,10000,0                        
TEL,4605,S5,3373,1068,2944,4994,10000,0                        
TEL,4606,S5,3529,1073,2944,4994,10000,0                        
TEL,4607,S5,3404,1069,2944,4994,10000,0                        
TEL,4608,S5,3466,1071,2944,4994,10000,0                        
TEL,4609,S5,3404,1069,2944,4994,10000,0                        
TEL,4610,S5,3404,1069,2944,4994,10000,0                        
TEL,4611,S5,3404,1069,2944,4994,10000,0                        
TEL,4612,S5,3404,1069,2944,4994,10000,0                        
TEL,4613,S5,3404,1069,2944,4994,10000,0                        
TEL,4614,S5,3529,1073,2944,4994,10000,0                        
TEL,4615,S5,3404,1069,2944,4994,10000,0                        
TEL,4616,S5,3404,1069,2944,4994,10000,0                        
TEL,4617,S5,3404,1069,2944,4994,10000,0                        
TEL,4618,S5,3466,1071,2944,4994,10000,0                        
TEL,4619,S5,3311,1065,2944,4994,10000,0                        
TEL,4620,S5,3404,1069,2944,4994,10000,0                        
TEL,4621,S5,3404,1069,2944,4994,10000,0                        
TEL,4622,S5,3404,1069,2944,4994,10000,0                        
TEL,4623,S5,3466,1071,2944,4994,10000,0                        
TEL,4624,S5,3342,1067,2944,4994,10000,0                        
TEL,4625,S5,3404,1069,2944,4994,10000,0                        
TEL,4626,S5,3404,1069,2944,4994,10000,0                        
TEL,4627,S5,3404,1069,2944,4994,10000,0                        
TEL,4628,S5,3404,1069,2944,4994,10000,0                        
TEL,4629,S5,3404,1069,2944,4994,10000,0                        
TEL,4630,S5,3466,1071,2944,4994,10000,0                        
TEL,4631,S5,3404,1069,2944,4994,10000,0                        
TEL,4632,S5,3498,1072,2944,4994,10000,0                        
TEL,4633,S5,3342,1067,2944,4994,10000,0                        
TEL,4634,S5,3404,1069,2944,4994,10000,0                        
TEL,4635,S5,3404,1069,2944,4994,10000,0                        
TEL,4636,S5,3529,1073,2944,4994,10000,0                        
TEL,4637,S5,3404,1069,2944,4994,10000,0                        
TEL,4638,S5,3529,1073,2944,4994,10000,0                        
TEL,4639,S5,3404,1069,2944,4994,10000,0                        
TEL,4640,S5,3466,1071,2944,4994,10000,0                        
TEL,4641,S5,3404,1069,2944,4994,10000,0                        
TEL,4642,S5,3466,1071,2944,4994,10000,0                        
TEL,4643,S5,3404,1069,2944,4994,10000,0                        
TEL,4644,S5,3373,1068,2944,4994,10000,0                        
TEL,4645,S5,3404,1069,2944,4994,10000,0                        
TEL,4646,S5,3404,1069,2944,4994,10000,0                        
TEL,4647,S5,3404,1069,2944,4994,10000,0                        
TEL,4648,S5,3404,1069,2944,4994,10000,0                        
TEL,4649,S5,3404,1069,2944,4994,10000,0                        
TEL,4650,S5,3404,1069,2944,4994,10000,0                        
TEL,4651,S5,3404,1069,2944,4994,10000,0                        
TEL,4652,S5,3404,1069,2944,4994,10000,0                        
TEL,4653,S5,3404,1069,2944,4994,10000,0                        
TEL,4654,S5,3404,1069,2944,4994,10000,0                        
TEL,4655,S5,3404,1069,2944,4994,10000,0                        
TEL,4656,S5,3342,1067,2944,4994,10000,0                        
TEL,4657,S5,3404,1069,2944,4994,10000,0                        
TEL,4658,S5,3404,1069,2944,4994,10000,0                        
TEL,4659,S5,3404,1069,2944,4994,10000,0                        
TEL,4660,S5,3404,1069,2944,4994,10000,0                        
TEL,4661,S5,3404,1069,2944,4994,10000,0                        
TEL,4662,S5,3404,1069,2944,4994,10000,0                        
TEL,4663,S5,3404,1069,2944,4994,10000,0                        
TEL,4664,S5,3404,1069,2944,4994,10000,0                        
TEL,4665,S5,3404,1069,2944,4994,10000,0                        
TEL,4666,S5,3404,1069,2944,4994,10000,0                        
TEL,4667,S5,3404,1069,2944,4994,10000,0                        
TEL,4668,S5,3404,1069,2944,4994,10000,0                        
TEL,4669,S5,3404,1069,2944,4994,10000,0                        
TEL,4670,S5,3342,1067,2944,4994,10000,0                        
TEL,4671,S5,3404,1069,2944,4994,10000,0                        
TEL,4672,S5,3435,1070,2944,4994,10000,0                        
TEL,4673,S5,3404,1069,2944,4994,10000,0                        
ACK,4674,S0,AT                                                 
REC,S5,1,2229948,17,2,68,2782,ok                               
REC,S5,2,3357743,20,2,295,2780,ok                              
REC,S5,3,4529907,18,1,69,2782,ok                               
REC,S5,4,5729432,17,2,69,2780,ok                               
REC,S5,5,7028820,17,2,68,2782,ok                               
REC,S5,6,8500541,4680,2,2887,2780,ok                           
REC,S5,7,9722713,2509,2,2889,2779,ok                           
REC,S5,8,10961788,3434,1,2892,2782,ok                          
REC,S5,9,12220114,18,1,5106,2780,ok                            
REC,S5,10,13429361,17,2,71,2779,ok                             
REC,S5,11,14655665,21,1,2379,2781,ok                           
REC,S5,12,15980812,4410,1,2890,2782,ok                         
REC,S5,13,17470810,4412,1,2889,2782,ok                         
REC,S5,14,18903353,1869,1,2889,2782,ok                         
REC,S5,15,20205736,18,2,2309,2781,ok                           
REC,S5,16,21568597,17,2,71,2783,ok                             
REC,S5,17,22989259,17,2,71,2782,ok                             
REC,S5,18,24307276,20,2,768,2781,ok                            
REC,S5,19,25689101,17,2,75,2781,ok                             
REC,S5,20,27055635,17,2,2410,2781,ok                           
REC,S5,21,28330490,4732,1,2891,2781,ok                         
REC,S5,22,29633559,1663,1,2891,2781,ok                         
REC,S5,23,31166598,17,2,1450,2780,ok                           
REC,S5,24,32747214,17,2,832,2781,ok                            
REC,S5,25,34213228,1994,1,2891,2780,ok                         
REC,S5,26,35616596,17,2,1452,2780,ok                           
REC,S5,27,36999170,18,1,72,2780,ok                             
REC,S5,28,38597860,18,1,186,2781,ok                            
REC,S5,29,40051863,3359,1,2894,2780,ok                         
REC,S5,30,41458881,17,2,72,2784,ok                             
CNT,S0,accepted,30                                             
CNT,S0,repeat,26                                               
CNT,S0,btn_queue_drop,0                                        
CNT,S0,tx_queue_drop,0                                         
CNT,S0,tx_queue_max,2                                          
CNT,S0,pool_overflow,0                                         
CNT,S0,droplog_overflow,0                                      
CNT,S0,tx_timeout,0                                            
CNT,S0,tx_start_fail,0                                         
CNT,S0,spurious_tc,0                                           
CNT,S0,encode_error,0                                          
CNT,S0,tel_sent,4643                                           
CNT,S0,tel_drop,0                                              
CNT,S0,tel_period_min_us,9760                                  
CNT,S0,tel_period_avg_us,9999                                  
CNT,S0,tel_period_max_us,10003                                 
CNT,S0,tel_wait_avg_us,59                                      
CNT,S0,tel_wait_max_us,2912                                    
CNT,S0,stack_hwm_telemetry,328                                 
CNT,S0,stack_hwm_button,328                                    
CNT,S0,stack_hwm_uart_tx,380                                   
END,S0,30                                                      
