ACK,12209,S6,BT                                                
TEL,12210,S6,3498,1072,2944,0,0,2                              
TEL,12211,S6,3498,1072,2944,0,0,3                              
TEL,12212,S6,3498,1072,2944,0,0,4                              
TEL,12213,S6,3498,1072,2944,0,0,5                              
TEL,12214,S6,3498,1072,2944,0,99942,0                          
TEL,12215,S6,3498,1072,2944,0,99942,1                          
TEL,12216,S6,3498,1072,2944,0,99942,2                          
TEL,12217,S6,3498,1072,2944,0,99942,3                          
TEL,12218,S6,3498,1072,2944,0,100000,0                         
TEL,12219,S6,3498,1072,2944,0,100000,1                         
TEL,12220,S6,3498,1072,2944,0,100000,2                         
TEL,12221,S6,3498,1072,2944,0,100000,3                         
TEL,12222,S6,3560,1074,2944,0,100000,0                         
TEL,12223,S6,3560,1074,2944,0,100000,1                         
TEL,12224,S6,3560,1074,2944,0,100000,2                         
TEL,12225,S6,3560,1074,2944,0,100000,3                         
TEL,12226,S6,3466,1071,2944,0,100000,0                         
TEL,12227,S6,3466,1071,2944,0,100000,1                         
TEL,12228,S6,3466,1071,2944,0,100000,2                         
TEL,12229,S6,3466,1071,2944,0,100000,3                         
TEL,12230,S6,3466,1071,2944,0,100000,0                         
TEL,12231,S6,3466,1071,2944,0,100000,1                         
TEL,12232,S6,3466,1071,2944,0,100000,2                         
TEL,12233,S6,3466,1071,2944,0,100000,3                         
TEL,12234,S6,3435,1070,2944,0,100000,0                         
TEL,12235,S6,3435,1070,2944,0,100000,1                         
TEL,12236,S6,3435,1070,2944,0,100000,2                         
TEL,12237,S6,3435,1070,2944,0,100000,3                         
TEL,12238,S6,3466,1071,2944,0,100000,0                         
TEL,12239,S6,3466,1071,2944,0,100000,1                         
TEL,12240,S6,3466,1071,2944,0,100000,2                         
TEL,12241,S6,3466,1071,2944,0,100000,3                         
TEL,12242,S6,3404,1069,2944,0,100000,0                         
TEL,12243,S6,3404,1069,2944,0,100000,1                         
TEL,12244,S6,3404,1069,2944,0,100000,2                         
TEL,12245,S6,3404,1069,2944,0,100000,3                         
TEL,12246,S6,3466,1071,2944,0,100000,0                         
TEL,12247,S6,3466,1071,2944,0,100000,1                         
TEL,12248,S6,3466,1071,2944,0,100000,2                         
TEL,12249,S6,3466,1071,2944,0,100000,3                         
TEL,12250,S6,3466,1071,2944,0,100000,0                         
TEL,12251,S6,3466,1071,2944,0,100000,1                         
TEL,12252,S6,3466,1071,2944,0,100000,2                         
TEL,12253,S6,3466,1071,2944,0,100000,3                         
TEL,12254,S6,3466,1071,2944,0,100000,0                         
TEL,12255,S6,3466,1071,2944,0,100000,1                         
TEL,12256,S6,3466,1071,2944,0,100000,2                         
TEL,12257,S6,3466,1071,2944,0,100000,3                         
TEL,12258,S6,3466,1071,2944,0,100000,0                         
TEL,12259,S6,3466,1071,2944,0,100000,1                         
TEL,12260,S6,3466,1071,2944,0,100000,2                         
TEL,12261,S6,3466,1071,2944,0,100000,3                         
TEL,12262,S6,3466,1071,2944,0,100000,0                         
TEL,12263,S6,3466,1071,2944,0,100000,1                         
TEL,12264,S6,3466,1071,2944,0,100000,2                         
TEL,12265,S6,3466,1071,2944,0,100000,3                         
TEL,12266,S6,3466,1071,2944,0,100000,0                         
TEL,12267,S6,3466,1071,2944,0,100000,1                         
TEL,12268,S6,3466,1071,2944,0,100000,2                         
TEL,12269,S6,3466,1071,2944,0,100000,3                         
TEL,12270,S6,3466,1071,2944,0,100000,0                         
TEL,12271,S6,3466,1071,2944,0,100000,1                         
TEL,12272,S6,3466,1071,2944,0,100000,2                         
TEL,12273,S6,3466,1071,2944,0,100000,3                         
TEL,12274,S6,3466,1071,2944,0,100000,0                         
TEL,12275,S6,3466,1071,2944,0,100000,1                         
TEL,12276,S6,3466,1071,2944,0,100000,2                         
TEL,12277,S6,3466,1071,2944,0,100000,3                         
TEL,12278,S6,3466,1071,2944,0,100000,0                         
TEL,12279,S6,3466,1071,2944,0,100000,1                         
TEL,12280,S6,3466,1071,2944,0,100000,2                         
TEL,12281,S6,3466,1071,2944,0,100000,3                         
TEL,12282,S6,3466,1071,2944,0,100000,0                         
TEL,12283,S6,3466,1071,2944,0,100000,1                         
TEL,12284,S6,3466,1071,2944,0,100000,2                         
TEL,12285,S6,3466,1071,2944,0,100000,3                         
TEL,12286,S6,3466,1071,2944,0,100000,0                         
TEL,12287,S6,3466,1071,2944,0,100000,1                         
TEL,12288,S6,3466,1071,2944,0,100000,2                         
TEL,12289,S6,3466,1071,2944,0,100000,3                         
TEL,12290,S6,3466,1071,2944,0,100000,0                         
TEL,12291,S6,3466,1071,2944,0,100000,1                         
TEL,12292,S6,3466,1071,2944,0,100000,2                         
TEL,12293,S6,3466,1071,2944,0,100000,3                         
TEL,12294,S6,3466,1071,2944,0,100000,0                         
TEL,12295,S6,3466,1071,2944,0,100000,1                         
TEL,12296,S6,3466,1071,2944,0,100000,2                         
TEL,12297,S6,3466,1071,2944,0,100000,3                         
TEL,12298,S6,3466,1071,2944,0,100000,0                         
TEL,12299,S6,3466,1071,2944,0,100000,1                         
TEL,12300,S6,3466,1071,2944,0,100000,2                         
TEL,12301,S6,3466,1071,2944,0,100000,3                         
TEL,12302,S6,3466,1071,2944,0,100000,0                         
TEL,12303,S6,3466,1071,2944,0,100000,1                         
TEL,12304,S6,3466,1071,2944,0,100000,2                         
TEL,12305,S6,3466,1071,2944,0,100000,3                         
TEL,12306,S6,3404,1069,2944,0,100000,0                         
TEL,12307,S6,3404,1069,2944,0,100000,1                         
TEL,12308,S6,3404,1069,2944,0,100000,2                         
TEL,12309,S6,3404,1069,2944,0,100000,3                         
TEL,12310,S6,3466,1071,2944,0,100000,0                         
TEL,12311,S6,3466,1071,2944,0,100000,1                         
TEL,12312,S6,3466,1071,2944,0,100000,2                         
TEL,12313,S6,3466,1071,2944,0,100000,3                         
TEL,12314,S6,3466,1071,2944,0,100000,0                         
TEL,12315,S6,3466,1071,2944,0,100000,1                         
TEL,12316,S6,3466,1071,2944,0,100000,2                         
TEL,12317,S6,3466,1071,2944,0,100000,3                         
TEL,12318,S6,3466,1071,2944,0,100000,0                         
TEL,12319,S6,3466,1071,2944,0,100000,1                         
TEL,12320,S6,3466,1071,2944,0,100000,2                         
TEL,12321,S6,3466,1071,2944,0,100000,3                         
TEL,12322,S6,3466,1071,2944,0,100000,0                         
TEL,12323,S6,3466,1071,2944,0,100000,1                         
TEL,12324,S6,3466,1071,2944,0,100000,2                         
TEL,12325,S6,3466,1071,2944,0,100000,3                         
TEL,12326,S6,3466,1071,2944,0,100000,0                         
TEL,12327,S6,3466,1071,2944,0,100000,1                         
TEL,12328,S6,3466,1071,2944,0,100000,2                         
TEL,12329,S6,3466,1071,2944,0,100000,3                         
TEL,12330,S6,3466,1071,2944,0,100000,0                         
TEL,12331,S6,3466,1071,2944,0,100000,1                         
TEL,12332,S6,3466,1071,2944,0,100000,2                         
TEL,12333,S6,3466,1071,2944,0,100000,3                         
TEL,12334,S6,3466,1071,2944,0,100000,0                         
TEL,12335,S6,3466,1071,2944,0,100000,1                         
TEL,12336,S6,3466,1071,2944,0,100000,2                         
TEL,12337,S6,3466,1071,2944,0,100000,3                         
TEL,12338,S6,3435,1070,2944,0,100000,0                         
TEL,12339,S6,3435,1070,2944,0,100000,1                         
TEL,12340,S6,3435,1070,2944,0,100000,2                         
TEL,12341,S6,3435,1070,2944,0,100000,3                         
TEL,12342,S6,3498,1072,2944,0,100000,0                         
TEL,12343,S6,3498,1072,2944,0,100000,1                         
TEL,12344,S6,3498,1072,2944,0,100000,2                         
TEL,12345,S6,3498,1072,2944,0,100000,3                         
TEL,12346,S6,3529,1073,2944,0,100000,0                         
TEL,12347,S6,3529,1073,2944,0,100000,1                         
TEL,12348,S6,3529,1073,2944,0,100000,2                         
TEL,12349,S6,3529,1073,2944,0,100000,3                         
TEL,12350,S6,3466,1071,2944,0,100000,0                         
TEL,12351,S6,3466,1071,2944,0,100000,1                         
TEL,12352,S6,3466,1071,2944,0,100000,2                         
TEL,12353,S6,3466,1071,2944,0,100000,3                         
TEL,12354,S6,3466,1071,2944,0,100000,0                         
TEL,12355,S6,3466,1071,2944,0,100000,1                         
TEL,12356,S6,3466,1071,2944,0,100000,2                         
TEL,12357,S6,3466,1071,2944,0,100000,3                         
TEL,12358,S6,3466,1071,2944,0,100000,0                         
TEL,12359,S6,3466,1071,2944,0,100000,1                         
TEL,12360,S6,3466,1071,2944,0,100000,2                         
TEL,12361,S6,3466,1071,2944,0,100000,3                         
TEL,12362,S6,3466,1071,2944,0,100000,0                         
TEL,12363,S6,3466,1071,2944,0,100000,1                         
TEL,12364,S6,3466,1071,2944,0,100000,2                         
TEL,12365,S6,3466,1071,2944,0,100000,3                         
TEL,12366,S6,3466,1071,2944,0,100000,0                         
TEL,12367,S6,3466,1071,2944,0,100000,1                         
TEL,12368,S6,3466,1071,2944,0,100000,2                         
TEL,12369,S6,3466,1071,2944,0,100000,3                         
TEL,12370,S6,3466,1071,2944,0,100000,0                         
TEL,12371,S6,3466,1071,2944,0,100000,1                         
TEL,12372,S6,3466,1071,2944,0,100000,2                         
TEL,12373,S6,3466,1071,2944,0,100000,3                         
TEL,12374,S6,3466,1071,2944,0,100000,0                         
TEL,12375,S6,3466,1071,2944,0,100000,1                         
TEL,12376,S6,3466,1071,2944,0,100000,2                         
TEL,12377,S6,3466,1071,2944,0,100000,3                         
TEL,12378,S6,3466,1071,2944,0,100000,0                         
TEL,12379,S6,3466,1071,2944,0,100000,1                         
TEL,12380,S6,3466,1071,2944,0,100000,2                         
TEL,12381,S6,3466,1071,2944,0,100000,3                         
TEL,12382,S6,3435,1070,2944,0,100000,0                         
TEL,12383,S6,3435,1070,2944,0,100000,1                         
TEL,12384,S6,3435,1070,2944,0,100000,2                         
TEL,12385,S6,3435,1070,2944,0,100000,3                         
TEL,12386,S6,3466,1071,2944,0,100000,0                         
TEL,12387,S6,3466,1071,2944,0,100000,1                         
TEL,12388,S6,3466,1071,2944,0,100000,2                         
TEL,12389,S6,3466,1071,2944,0,100000,3                         
TEL,12390,S6,3466,1071,2944,0,100000,0                         
TEL,12391,S6,3466,1071,2944,0,100000,1                         
TEL,12392,S6,3466,1071,2944,0,100000,2                         
TEL,12393,S6,3466,1071,2944,0,100000,3                         
TEL,12394,S6,3466,1071,2944,0,100000,0                         
TEL,12395,S6,3466,1071,2944,0,100000,1                         
TEL,12396,S6,3466,1071,2944,0,100000,2                         
TEL,12397,S6,3466,1071,2944,0,100000,3                         
TEL,12398,S6,3466,1071,2944,0,100000,0                         
TEL,12399,S6,3466,1071,2944,0,100000,1                         
TEL,12400,S6,3466,1071,2944,0,100000,2                         
TEL,12401,S6,3466,1071,2944,0,100000,3                         
TEL,12402,S6,3466,1071,2944,0,100000,0                         
TEL,12403,S6,3466,1071,2944,0,100000,1                         
TEL,12404,S6,3466,1071,2944,0,100000,2                         
TEL,12405,S6,3466,1071,2944,0,100000,3                         
TEL,12406,S6,3435,1070,2944,0,100000,0                         
TEL,12407,S6,3435,1070,2944,0,100000,1                         
TEL,12408,S6,3435,1070,2944,0,100000,2                         
TEL,12409,S6,3435,1070,2944,0,100000,3                         
TEL,12410,S6,3466,1071,2944,0,100000,0                         
TEL,12411,S6,3466,1071,2944,0,100000,1                         
TEL,12412,S6,3466,1071,2944,0,100000,2                         
TEL,12413,S6,3466,1071,2944,0,100000,3                         
TEL,12414,S6,3498,1072,2944,0,100000,0                         
TEL,12415,S6,3498,1072,2944,0,100000,1                         
TEL,12416,S6,3498,1072,2944,0,100000,2                         
TEL,12417,S6,3498,1072,2944,0,100000,3                         
TEL,12418,S6,3466,1071,2944,0,100000,0                         
TEL,12419,S6,3466,1071,2944,0,100000,1                         
TEL,12420,S6,3466,1071,2944,0,100000,2                         
TEL,12421,S6,3466,1071,2944,0,100000,3                         
TEL,12422,S6,3466,1071,2944,0,100000,0                         
TEL,12423,S6,3466,1071,2944,0,100000,1                         
TEL,12424,S6,3466,1071,2944,0,100000,2                         
TEL,12425,S6,3466,1071,2944,0,100000,3                         
TEL,12426,S6,3435,1070,2944,0,100000,0                         
TEL,12427,S6,3435,1070,2944,0,100000,1                         
TEL,12428,S6,3435,1070,2944,0,100000,2                         
TEL,12429,S6,3435,1070,2944,0,100000,3                         
TEL,12430,S6,3466,1071,2944,0,100000,0                         
TEL,12431,S6,3466,1071,2944,0,100000,1                         
TEL,12432,S6,3466,1071,2944,0,100000,2                         
TEL,12433,S6,3466,1071,2944,0,100000,3                         
TEL,12434,S6,3466,1071,2944,0,100000,0                         
TEL,12435,S6,3466,1071,2944,0,100000,1                         
TEL,12436,S6,3466,1071,2944,0,100000,2                         
TEL,12437,S6,3466,1071,2944,0,100000,3                         
TEL,12438,S6,3466,1071,2944,0,100000,0                         
TEL,12439,S6,3466,1071,2944,0,100000,1                         
TEL,12440,S6,3466,1071,2944,0,100000,2                         
TEL,12441,S6,3466,1071,2944,0,100000,3                         
TEL,12442,S6,3466,1071,2944,0,100000,0                         
TEL,12443,S6,3466,1071,2944,0,100000,1                         
TEL,12444,S6,3466,1071,2944,0,100000,2                         
TEL,12445,S6,3466,1071,2944,0,100000,3                         
TEL,12446,S6,3591,1075,2944,0,100000,0                         
TEL,12447,S6,3591,1075,2944,0,100000,1                         
TEL,12448,S6,3591,1075,2944,0,100000,2                         
TEL,12449,S6,3591,1075,2944,0,100000,3                         
TEL,12450,S6,3466,1071,2944,0,100000,0                         
TEL,12451,S6,3466,1071,2944,0,100000,1                         
TEL,12452,S6,3466,1071,2944,0,100000,2                         
TEL,12453,S6,3466,1071,2944,0,100000,3                         
TEL,12454,S6,3466,1071,2944,0,100000,0                         
TEL,12455,S6,3466,1071,2944,0,100000,1                         
TEL,12456,S6,3466,1071,2944,0,100000,2                         
TEL,12457,S6,3466,1071,2944,0,100000,3                         
TEL,12458,S6,3466,1071,2944,0,100000,0                         
TEL,12459,S6,3466,1071,2944,0,100000,1                         
TEL,12460,S6,3466,1071,2944,0,100000,2                         
TEL,12461,S6,3466,1071,2944,0,100000,3                         
TEL,12462,S6,3404,1069,2944,0,100000,0                         
TEL,12463,S6,3404,1069,2944,0,100000,1                         
TEL,12464,S6,3404,1069,2944,0,100000,2                         
TEL,12465,S6,3404,1069,2944,0,100000,3                         
TEL,12466,S6,3466,1071,2944,0,100000,0                         
TEL,12467,S6,3466,1071,2944,0,100000,1                         
TEL,12468,S6,3466,1071,2944,0,100000,2                         
TEL,12469,S6,3466,1071,2944,0,100000,3                         
TEL,12470,S6,3435,1070,2944,0,100000,0                         
TEL,12471,S6,3435,1070,2944,0,100000,1                         
TEL,12472,S6,3435,1070,2944,0,100000,2                         
TEL,12473,S6,3435,1070,2944,0,100000,3                         
TEL,12474,S6,3466,1071,2944,0,100000,0                         
TEL,12475,S6,3466,1071,2944,0,100000,1                         
TEL,12476,S6,3466,1071,2944,0,100000,2                         
TEL,12477,S6,3466,1071,2944,0,100000,3                         
TEL,12478,S6,3466,1071,2944,0,100000,0                         
TEL,12479,S6,3466,1071,2944,0,100000,1                         
TEL,12480,S6,3466,1071,2944,0,100000,2                         
TEL,12481,S6,3466,1071,2944,0,100000,3                         
TEL,12482,S6,3466,1071,2944,0,100000,0                         
TEL,12483,S6,3466,1071,2944,0,100000,1                         
TEL,12484,S6,3466,1071,2944,0,100000,2                         
TEL,12485,S6,3466,1071,2944,0,100000,3                         
TEL,12486,S6,3466,1071,2944,0,100000,0                         
TEL,12487,S6,3466,1071,2944,0,100000,1                         
TEL,12488,S6,3466,1071,2944,0,100000,2                         
TEL,12489,S6,3466,1071,2944,0,100000,3                         
TEL,12490,S6,3466,1071,2944,0,100000,0                         
TEL,12491,S6,3466,1071,2944,0,100000,1                         
TEL,12492,S6,3466,1071,2944,0,100000,2                         
TEL,12493,S6,3466,1071,2944,0,100000,3                         
TEL,12494,S6,3466,1071,2944,0,100000,0                         
TEL,12495,S6,3466,1071,2944,0,100000,1                         
TEL,12496,S6,3466,1071,2944,0,100000,2                         
TEL,12497,S6,3466,1071,2944,0,100000,3                         
TEL,12498,S6,3466,1071,2944,0,100000,0                         
TEL,12499,S6,3466,1071,2944,0,100000,1                         
TEL,12500,S6,3466,1071,2944,0,100000,2                         
TEL,12501,S6,3466,1071,2944,0,100000,3                         
TEL,12502,S6,3466,1071,2944,0,100000,0                         
TEL,12503,S6,3466,1071,2944,0,100000,1                         
TEL,12504,S6,3466,1071,2944,0,100000,2                         
TEL,12505,S6,3466,1071,2944,0,100000,3                         
TEL,12506,S6,3466,1071,2944,0,100000,0                         
TEL,12507,S6,3466,1071,2944,0,100000,1                         
TEL,12508,S6,3466,1071,2944,0,100000,2                         
TEL,12509,S6,3466,1071,2944,0,100000,3                         
TEL,12510,S6,3466,1071,2944,0,100000,0                         
TEL,12511,S6,3466,1071,2944,0,100000,1                         
TEL,12512,S6,3466,1071,2944,0,100000,2                         
TEL,12513,S6,3466,1071,2944,0,100000,3                         
TEL,12514,S6,3466,1071,2944,0,100000,0                         
TEL,12515,S6,3466,1071,2944,0,100000,1                         
TEL,12516,S6,3466,1071,2944,0,100000,2                         
TEL,12517,S6,3466,1071,2944,0,100000,3                         
TEL,12518,S6,3435,1070,2944,0,100000,0                         
TEL,12519,S6,3435,1070,2944,0,100000,1                         
TEL,12520,S6,3435,1070,2944,0,100000,2                         
TEL,12521,S6,3435,1070,2944,0,100000,3                         
TEL,12522,S6,3466,1071,2944,0,100000,0                         
TEL,12523,S6,3466,1071,2944,0,100000,1                         
TEL,12524,S6,3466,1071,2944,0,100000,2                         
TEL,12525,S6,3466,1071,2944,0,100000,3                         
TEL,12526,S6,3466,1071,2944,0,100000,0                         
TEL,12527,S6,3466,1071,2944,0,100000,1                         
TEL,12528,S6,3466,1071,2944,0,100000,2                         
TEL,12529,S6,3466,1071,2944,0,100000,3                         
TEL,12530,S6,3466,1071,2944,0,100000,0                         
TEL,12531,S6,3466,1071,2944,0,100000,1                         
TEL,12532,S6,3466,1071,2944,0,100000,2                         
TEL,12533,S6,3466,1071,2944,0,100000,3                         
TEL,12534,S6,3466,1071,2944,0,100000,0                         
TEL,12535,S6,3466,1071,2944,0,100000,1                         
TEL,12536,S6,3466,1071,2944,0,100000,2                         
TEL,12537,S6,3466,1071,2944,0,100000,3                         
TEL,12538,S6,3435,1070,2944,0,100000,0                         
TEL,12539,S6,3435,1070,2944,0,100000,1                         
TEL,12540,S6,3435,1070,2944,0,100000,2                         
TEL,12541,S6,3435,1070,2944,0,100000,3                         
TEL,12542,S6,3466,1071,2944,0,100000,0                         
TEL,12543,S6,3466,1071,2944,0,100000,1                         
TEL,12544,S6,3466,1071,2944,0,100000,2                         
TEL,12545,S6,3466,1071,2944,0,100000,3                         
TEL,12546,S6,3466,1071,2944,0,100000,0                         
TEL,12547,S6,3466,1071,2944,0,100000,1                         
TEL,12548,S6,3466,1071,2944,0,100000,2                         
TEL,12549,S6,3466,1071,2944,0,100000,3                         
TEL,12550,S6,3466,1071,2944,0,100000,0                         
TEL,12551,S6,3466,1071,2944,0,100000,1                         
TEL,12552,S6,3466,1071,2944,0,100000,2                         
TEL,12553,S6,3466,1071,2944,0,100000,3                         
TEL,12554,S6,3529,1073,2944,0,100000,0                         
TEL,12555,S6,3529,1073,2944,0,100000,1                         
TEL,12556,S6,3529,1073,2944,0,100000,2                         
TEL,12557,S6,3529,1073,2944,0,100000,3                         
TEL,12558,S6,3466,1071,2944,0,100000,0                         
TEL,12559,S6,3466,1071,2944,0,100000,1                         
TEL,12560,S6,3466,1071,2944,0,100000,2                         
TEL,12561,S6,3466,1071,2944,0,100000,3                         
TEL,12562,S6,3466,1071,2944,0,100000,0                         
TEL,12563,S6,3466,1071,2944,0,100000,1                         
TEL,12564,S6,3466,1071,2944,0,100000,2                         
TEL,12565,S6,3466,1071,2944,0,100000,3                         
TEL,12566,S6,3466,1071,2944,0,100000,0                         
TEL,12567,S6,3466,1071,2944,0,100000,1                         
TEL,12568,S6,3466,1071,2944,0,100000,2                         
TEL,12569,S6,3466,1071,2944,0,100000,3                         
TEL,12570,S6,3435,1070,2944,0,100000,0                         
TEL,12571,S6,3435,1070,2944,0,100000,1                         
TEL,12572,S6,3435,1070,2944,0,100000,2                         
TEL,12573,S6,3435,1070,2944,0,100000,3                         
TEL,12574,S6,3342,1067,2944,0,100000,0                         
TEL,12575,S6,3342,1067,2944,0,100000,1                         
TEL,12576,S6,3342,1067,2944,0,100000,2                         
TEL,12577,S6,3342,1067,2944,0,100000,3                         
TEL,12578,S6,3498,1072,2944,0,100000,0                         
TEL,12579,S6,3498,1072,2944,0,100000,1                         
TEL,12580,S6,3498,1072,2944,0,100000,2                         
TEL,12581,S6,3498,1072,2944,0,100000,3                         
TEL,12582,S6,3466,1071,2944,0,100000,0                         
TEL,12583,S6,3466,1071,2944,0,100000,1                         
TEL,12584,S6,3466,1071,2944,0,100000,2                         
TEL,12585,S6,3466,1071,2944,0,100000,3                         
TEL,12586,S6,3466,1071,2944,0,100000,0                         
TEL,12587,S6,3466,1071,2944,0,100000,1                         
TEL,12588,S6,3466,1071,2944,0,100000,2                         
TEL,12589,S6,3466,1071,2944,0,100000,3                         
TEL,12590,S6,3466,1071,2944,0,100000,0                         
TEL,12591,S6,3466,1071,2944,0,100000,1                         
TEL,12592,S6,3466,1071,2944,0,100000,2                         
TEL,12593,S6,3466,1071,2944,0,100000,3                         
TEL,12594,S6,3498,1072,2944,0,100000,0                         
TEL,12595,S6,3498,1072,2944,0,100000,1                         
TEL,12596,S6,3498,1072,2944,0,100000,2                         
TEL,12597,S6,3498,1072,2944,0,100000,3                         
TEL,12598,S6,3466,1071,2944,0,100000,0                         
TEL,12599,S6,3466,1071,2944,0,100000,1                         
TEL,12600,S6,3466,1071,2944,0,100000,2                         
TEL,12601,S6,3466,1071,2944,0,100000,3                         
TEL,12602,S6,3466,1071,2944,0,100000,0                         
TEL,12603,S6,3466,1071,2944,0,100000,1                         
TEL,12604,S6,3466,1071,2944,0,100000,2                         
TEL,12605,S6,3466,1071,2944,0,100000,3                         
TEL,12606,S6,3466,1071,2944,0,100000,0                         
TEL,12607,S6,3466,1071,2944,0,100000,1                         
TEL,12608,S6,3466,1071,2944,0,100000,2                         
TEL,12609,S6,3466,1071,2944,0,100000,3                         
TEL,12610,S6,3466,1071,2944,0,100000,0                         
TEL,12611,S6,3466,1071,2944,0,100000,1                         
TEL,12612,S6,3466,1071,2944,0,100000,2                         
TEL,12613,S6,3466,1071,2944,0,100000,3                         
TEL,12614,S6,3466,1071,2944,0,100000,0                         
TEL,12615,S6,3466,1071,2944,0,100000,1                         
TEL,12616,S6,3466,1071,2944,0,100000,2                         
TEL,12617,S6,3466,1071,2944,0,100000,3                         
TEL,12618,S6,3435,1070,2944,0,100000,0                         
TEL,12619,S6,3435,1070,2944,0,100000,1                         
TEL,12620,S6,3435,1070,2944,0,100000,2                         
TEL,12621,S6,3435,1070,2944,0,100000,3                         
TEL,12622,S6,3498,1072,2944,0,100000,0                         
TEL,12623,S6,3498,1072,2944,0,100000,1                         
TEL,12624,S6,3498,1072,2944,0,100000,2                         
TEL,12625,S6,3498,1072,2944,0,100000,3                         
TEL,12626,S6,3466,1071,2944,0,100000,0                         
TEL,12627,S6,3466,1071,2944,0,100000,1                         
TEL,12628,S6,3466,1071,2944,0,100000,2                         
TEL,12629,S6,3466,1071,2944,0,100000,3                         
TEL,12630,S6,3466,1071,2944,0,100000,0                         
TEL,12631,S6,3466,1071,2944,0,100000,1                         
TEL,12632,S6,3466,1071,2944,0,100000,2                         
TEL,12633,S6,3466,1071,2944,0,100000,3                         
TEL,12634,S6,3529,1073,2944,0,100000,0                         
TEL,12635,S6,3529,1073,2944,0,100000,1                         
TEL,12636,S6,3529,1073,2944,0,100000,2                         
TEL,12637,S6,3529,1073,2944,0,100000,3                         
TEL,12638,S6,3498,1072,2944,0,100000,0                         
TEL,12639,S6,3498,1072,2944,0,100000,1                         
TEL,12640,S6,3498,1072,2944,0,100000,2                         
TEL,12641,S6,3498,1072,2944,0,100000,3                         
TEL,12642,S6,3466,1071,2944,0,100000,0                         
TEL,12643,S6,3466,1071,2944,0,100000,1                         
TEL,12644,S6,3466,1071,2944,0,100000,2                         
TEL,12645,S6,3466,1071,2944,0,100000,3                         
TEL,12646,S6,3466,1071,2944,0,100000,0                         
TEL,12647,S6,3466,1071,2944,0,100000,1                         
TEL,12648,S6,3466,1071,2944,0,100000,2                         
TEL,12649,S6,3466,1071,2944,0,100000,3                         
TEL,12650,S6,3466,1071,2944,0,100000,0                         
TEL,12651,S6,3466,1071,2944,0,100000,1                         
TEL,12652,S6,3466,1071,2944,0,100000,2                         
TEL,12653,S6,3466,1071,2944,0,100000,3                         
TEL,12654,S6,3466,1071,2944,0,100000,0                         
TEL,12655,S6,3466,1071,2944,0,100000,1                         
TEL,12656,S6,3466,1071,2944,0,100000,2                         
TEL,12657,S6,3466,1071,2944,0,100000,3                         
BTN,91,S6,PRESSED,12658,277256174,277256192,277256193          
TEL,12659,S6,3466,1071,2944,0,100000,0                         
TEL,12660,S6,3466,1071,2944,0,100000,1                         
TEL,12661,S6,3466,1071,2944,0,100000,2                         
TEL,12662,S6,3466,1071,2944,0,100000,3                         
TEL,12663,S6,3466,1071,2944,0,100000,0                         
TEL,12664,S6,3466,1071,2944,0,100000,1                         
TEL,12665,S6,3466,1071,2944,0,100000,2                         
TEL,12666,S6,3466,1071,2944,0,100000,3                         
TEL,12667,S6,3466,1071,2944,0,100000,0                         
TEL,12668,S6,3466,1071,2944,0,100000,1                         
TEL,12669,S6,3466,1071,2944,0,100000,2                         
TEL,12670,S6,3466,1071,2944,0,100000,3                         
TEL,12671,S6,3404,1069,2944,0,100000,0                         
TEL,12672,S6,3404,1069,2944,0,100000,1                         
TEL,12673,S6,3404,1069,2944,0,100000,2                         
TEL,12674,S6,3404,1069,2944,0,100000,3                         
TEL,12675,S6,3466,1071,2944,0,100000,0                         
TEL,12676,S6,3466,1071,2944,0,100000,1                         
TEL,12677,S6,3466,1071,2944,0,100000,2                         
TEL,12678,S6,3466,1071,2944,0,100000,3                         
TEL,12679,S6,3498,1072,2944,0,100000,0                         
TEL,12680,S6,3498,1072,2944,0,100000,1                         
TEL,12681,S6,3498,1072,2944,0,100000,2                         
TEL,12682,S6,3498,1072,2944,0,100000,3                         
TEL,12683,S6,3466,1071,2944,0,100000,0                         
TEL,12684,S6,3466,1071,2944,0,100000,1                         
TEL,12685,S6,3466,1071,2944,0,100000,2                         
TEL,12686,S6,3466,1071,2944,0,100000,3                         
TEL,12687,S6,3466,1071,2944,0,100000,0                         
TEL,12688,S6,3466,1071,2944,0,100000,1                         
TEL,12689,S6,3466,1071,2944,0,100000,2                         
TEL,12690,S6,3466,1071,2944,0,100000,3                         
TEL,12691,S6,3435,1070,2944,0,100000,0                         
TEL,12692,S6,3435,1070,2944,0,100000,1                         
TEL,12693,S6,3435,1070,2944,0,100000,2                         
TEL,12694,S6,3435,1070,2944,0,100000,3                         
TEL,12695,S6,3466,1071,2944,0,100000,0                         
TEL,12696,S6,3466,1071,2944,0,100000,1                         
TEL,12697,S6,3466,1071,2944,0,100000,2                         
TEL,12698,S6,3466,1071,2944,0,100000,3                         
TEL,12699,S6,3466,1071,2944,0,100000,0                         
TEL,12700,S6,3466,1071,2944,0,100000,1                         
TEL,12701,S6,3466,1071,2944,0,100000,2                         
TEL,12702,S6,3466,1071,2944,0,100000,3                         
TEL,12703,S6,3466,1071,2944,0,100000,0                         
TEL,12704,S6,3466,1071,2944,0,100000,1                         
TEL,12705,S6,3466,1071,2944,0,100000,2                         
TEL,12706,S6,3466,1071,2944,0,100000,3                         
TEL,12707,S6,3529,1073,2944,0,100000,0                         
TEL,12708,S6,3529,1073,2944,0,100000,1                         
TEL,12709,S6,3529,1073,2944,0,100000,2                         
TEL,12710,S6,3529,1073,2944,0,100000,3                         
TEL,12711,S6,3466,1071,2944,0,100000,0                         
TEL,12712,S6,3466,1071,2944,0,100000,1                         
TEL,12713,S6,3466,1071,2944,0,100000,2                         
TEL,12714,S6,3466,1071,2944,0,100000,3                         
BTN,92,S6,PRESSED,12715,278707769,278707787,278707788          
TEL,12716,S6,3435,1070,2944,0,100000,0                         
TEL,12717,S6,3435,1070,2944,0,100000,1                         
TEL,12718,S6,3435,1070,2944,0,100000,2                         
TEL,12719,S6,3435,1070,2944,0,100000,3                         
TEL,12720,S6,3466,1071,2944,0,100000,0                         
TEL,12721,S6,3466,1071,2944,0,100000,1                         
TEL,12722,S6,3466,1071,2944,0,100000,2                         
TEL,12723,S6,3466,1071,2944,0,100000,3                         
TEL,12724,S6,3435,1070,2944,0,100000,0                         
TEL,12725,S6,3435,1070,2944,0,100000,1                         
TEL,12726,S6,3435,1070,2944,0,100000,2                         
TEL,12727,S6,3435,1070,2944,0,100000,3                         
TEL,12728,S6,3466,1071,2944,0,100000,0                         
TEL,12729,S6,3466,1071,2944,0,100000,1                         
TEL,12730,S6,3466,1071,2944,0,100000,2                         
TEL,12731,S6,3466,1071,2944,0,100000,3                         
TEL,12732,S6,3373,1068,2944,0,100000,0                         
TEL,12733,S6,3373,1068,2944,0,100000,1                         
TEL,12734,S6,3373,1068,2944,0,100000,2                         
TEL,12735,S6,3373,1068,2944,0,100000,3                         
TEL,12736,S6,3466,1071,2944,0,100000,0                         
TEL,12737,S6,3466,1071,2944,0,100000,1                         
TEL,12738,S6,3466,1071,2944,0,100000,2                         
TEL,12739,S6,3466,1071,2944,0,100000,3                         
TEL,12740,S6,3373,1068,2944,0,100000,0                         
TEL,12741,S6,3373,1068,2944,0,100000,1                         
TEL,12742,S6,3373,1068,2944,0,100000,2                         
TEL,12743,S6,3373,1068,2944,0,100000,3                         
TEL,12744,S6,3466,1071,2944,0,100000,0                         
TEL,12745,S6,3466,1071,2944,0,100000,1                         
TEL,12746,S6,3466,1071,2944,0,100000,2                         
TEL,12747,S6,3466,1071,2944,0,100000,3                         
TEL,12748,S6,3373,1068,2944,0,100000,0                         
TEL,12749,S6,3373,1068,2944,0,100000,1                         
TEL,12750,S6,3373,1068,2944,0,100000,2                         
TEL,12751,S6,3373,1068,2944,0,100000,3                         
TEL,12752,S6,3342,1067,2944,0,100000,0                         
TEL,12753,S6,3342,1067,2944,0,100000,1                         
TEL,12754,S6,3342,1067,2944,0,100000,2                         
TEL,12755,S6,3342,1067,2944,0,100000,3                         
TEL,12756,S6,3466,1071,2944,0,100000,0                         
TEL,12757,S6,3466,1071,2944,0,100000,1                         
TEL,12758,S6,3466,1071,2944,0,100000,2                         
TEL,12759,S6,3466,1071,2944,0,100000,3                         
TEL,12760,S6,3466,1071,2944,0,100000,0                         
TEL,12761,S6,3466,1071,2944,0,100000,1                         
TEL,12762,S6,3466,1071,2944,0,100000,2                         
TEL,12763,S6,3466,1071,2944,0,100000,3                         
TEL,12764,S6,3373,1068,2944,0,100000,0                         
TEL,12765,S6,3373,1068,2944,0,100000,1                         
TEL,12766,S6,3373,1068,2944,0,100000,2                         
TEL,12767,S6,3373,1068,2944,0,100000,3                         
TEL,12768,S6,3498,1072,2944,0,100000,0                         
TEL,12769,S6,3498,1072,2944,0,100000,1                         
TEL,12770,S6,3498,1072,2944,0,100000,2                         
TEL,12771,S6,3498,1072,2944,0,100000,3                         
BTN,93,S6,PRESSED,12772,280099373,280099390,280099392          
TEL,12773,S6,3466,1071,2944,0,100000,0                         
TEL,12774,S6,3466,1071,2944,0,100000,1                         
TEL,12775,S6,3466,1071,2944,0,100000,2                         
TEL,12776,S6,3466,1071,2944,0,100000,3                         
TEL,12777,S6,3466,1071,2944,0,100000,0                         
TEL,12778,S6,3466,1071,2944,0,100000,1                         
TEL,12779,S6,3466,1071,2944,0,100000,2                         
TEL,12780,S6,3466,1071,2944,0,100000,3                         
TEL,12781,S6,3311,1065,2944,0,100000,0                         
TEL,12782,S6,3311,1065,2944,0,100000,1                         
TEL,12783,S6,3311,1065,2944,0,100000,2                         
TEL,12784,S6,3311,1065,2944,0,100000,3                         
TEL,12785,S6,3466,1071,2944,0,100000,0                         
TEL,12786,S6,3466,1071,2944,0,100000,1                         
TEL,12787,S6,3466,1071,2944,0,100000,2                         
TEL,12788,S6,3466,1071,2944,0,100000,3                         
TEL,12789,S6,3529,1073,2944,0,100000,0                         
TEL,12790,S6,3529,1073,2944,0,100000,1                         
TEL,12791,S6,3529,1073,2944,0,100000,2                         
TEL,12792,S6,3529,1073,2944,0,100000,3                         
TEL,12793,S6,3466,1071,2944,0,100000,0                         
TEL,12794,S6,3466,1071,2944,0,100000,1                         
TEL,12795,S6,3466,1071,2944,0,100000,2                         
TEL,12796,S6,3466,1071,2944,0,100000,3                         
TEL,12797,S6,3591,1075,2944,0,100000,0                         
TEL,12798,S6,3591,1075,2944,0,100000,1                         
TEL,12799,S6,3591,1075,2944,0,100000,2                         
TEL,12800,S6,3591,1075,2944,0,100000,3                         
TEL,12801,S6,3466,1071,2944,0,100000,0                         
TEL,12802,S6,3466,1071,2944,0,100000,1                         
TEL,12803,S6,3466,1071,2944,0,100000,2                         
TEL,12804,S6,3466,1071,2944,0,100000,3                         
TEL,12805,S6,3466,1071,2944,0,100000,0                         
TEL,12806,S6,3466,1071,2944,0,100000,1                         
TEL,12807,S6,3466,1071,2944,0,100000,2                         
TEL,12808,S6,3466,1071,2944,0,100000,3                         
TEL,12809,S6,3466,1071,2944,0,100000,0                         
TEL,12810,S6,3466,1071,2944,0,100000,1                         
TEL,12811,S6,3466,1071,2944,0,100000,2                         
TEL,12812,S6,3466,1071,2944,0,100000,3                         
TEL,12813,S6,3466,1071,2944,0,100000,0                         
TEL,12814,S6,3466,1071,2944,0,100000,1                         
TEL,12815,S6,3466,1071,2944,0,100000,2                         
TEL,12816,S6,3466,1071,2944,0,100000,3                         
TEL,12817,S6,3466,1071,2944,0,100000,0                         
TEL,12818,S6,3466,1071,2944,0,100000,1                         
TEL,12819,S6,3466,1071,2944,0,100000,2                         
TEL,12820,S6,3466,1071,2944,0,100000,3                         
TEL,12821,S6,3466,1071,2944,0,100000,0                         
TEL,12822,S6,3466,1071,2944,0,100000,1                         
TEL,12823,S6,3466,1071,2944,0,100000,2                         
TEL,12824,S6,3466,1071,2944,0,100000,3                         
BTN,94,S6,PRESSED,12825,281359063,281359080,281359082          
TEL,12826,S6,3498,1072,2944,0,100000,0                         
TEL,12827,S6,3498,1072,2944,0,100000,1                         
TEL,12828,S6,3498,1072,2944,0,100000,2                         
TEL,12829,S6,3498,1072,2944,0,100000,3                         
TEL,12830,S6,3591,1075,2944,0,100000,0                         
TEL,12831,S6,3591,1075,2944,0,100000,1                         
TEL,12832,S6,3591,1075,2944,0,100000,2                         
TEL,12833,S6,3591,1075,2944,0,100000,3                         
TEL,12834,S6,3466,1071,2944,0,100000,0                         
TEL,12835,S6,3466,1071,2944,0,100000,1                         
TEL,12836,S6,3466,1071,2944,0,100000,2                         
TEL,12837,S6,3466,1071,2944,0,100000,3                         
TEL,12838,S6,3529,1073,2944,0,100000,0                         
TEL,12839,S6,3529,1073,2944,0,100000,1                         
TEL,12840,S6,3529,1073,2944,0,100000,2                         
TEL,12841,S6,3529,1073,2944,0,100000,3                         
TEL,12842,S6,3466,1071,2944,0,100000,0                         
TEL,12843,S6,3466,1071,2944,0,100000,1                         
TEL,12844,S6,3466,1071,2944,0,100000,2                         
TEL,12845,S6,3466,1071,2944,0,100000,3                         
TEL,12846,S6,3466,1071,2944,0,100000,0                         
TEL,12847,S6,3466,1071,2944,0,100000,1                         
TEL,12848,S6,3466,1071,2944,0,100000,2                         
TEL,12849,S6,3466,1071,2944,0,100000,3                         
TEL,12850,S6,3591,1075,2944,0,100000,0                         
TEL,12851,S6,3591,1075,2944,0,100000,1                         
TEL,12852,S6,3591,1075,2944,0,100000,2                         
TEL,12853,S6,3591,1075,2944,0,100000,3                         
TEL,12854,S6,3529,1073,2944,0,100000,0                         
TEL,12855,S6,3529,1073,2944,0,100000,1                         
TEL,12856,S6,3529,1073,2944,0,100000,2                         
TEL,12857,S6,3529,1073,2944,0,100000,3                         
TEL,12858,S6,3466,1071,2944,0,100000,0                         
TEL,12859,S6,3466,1071,2944,0,100000,1                         
TEL,12860,S6,3466,1071,2944,0,100000,2                         
TEL,12861,S6,3466,1071,2944,0,100000,3                         
TEL,12862,S6,3466,1071,2944,0,100000,0                         
TEL,12863,S6,3466,1071,2944,0,100000,1                         
TEL,12864,S6,3466,1071,2944,0,100000,2                         
TEL,12865,S6,3466,1071,2944,0,100000,3                         
TEL,12866,S6,3466,1071,2944,0,100000,0                         
TEL,12867,S6,3466,1071,2944,0,100000,1                         
TEL,12868,S6,3466,1071,2944,0,100000,2                         
TEL,12869,S6,3466,1071,2944,0,100000,3                         
TEL,12870,S6,3529,1073,2944,0,100000,0                         
TEL,12871,S6,3529,1073,2944,0,100000,1                         
TEL,12872,S6,3529,1073,2944,0,100000,2                         
TEL,12873,S6,3529,1073,2944,0,100000,3                         
TEL,12874,S6,3466,1071,2944,0,100000,0                         
TEL,12875,S6,3466,1071,2944,0,100000,1                         
TEL,12876,S6,3466,1071,2944,0,100000,2                         
TEL,12877,S6,3466,1071,2944,0,100000,3                         
TEL,12878,S6,3466,1071,2944,0,100000,0                         
TEL,12879,S6,3466,1071,2944,0,100000,1                         
TEL,12880,S6,3466,1071,2944,0,100000,2                         
TEL,12881,S6,3466,1071,2944,0,100000,3                         
TEL,12882,S6,3466,1071,2944,0,100000,0                         
TEL,12883,S6,3466,1071,2944,0,100000,1                         
TEL,12884,S6,3466,1071,2944,0,100000,2                         
TEL,12885,S6,3466,1071,2944,0,100000,3                         
TEL,12886,S6,3498,1072,2944,0,100000,0                         
TEL,12887,S6,3498,1072,2944,0,100000,1                         
TEL,12888,S6,3498,1072,2944,0,100000,2                         
TEL,12889,S6,3498,1072,2944,0,100000,3                         
BTN,95,S6,PRESSED,12890,283004627,283004645,283004646          
TEL,12891,S6,3466,1071,2944,0,100000,0                         
TEL,12892,S6,3466,1071,2944,0,100000,1                         
TEL,12893,S6,3466,1071,2944,0,100000,2                         
TEL,12894,S6,3466,1071,2944,0,100000,3                         
TEL,12895,S6,3466,1071,2944,0,100000,0                         
TEL,12896,S6,3466,1071,2944,0,100000,1                         
TEL,12897,S6,3466,1071,2944,0,100000,2                         
TEL,12898,S6,3466,1071,2944,0,100000,3                         
TEL,12899,S6,3466,1071,2944,0,100000,0                         
TEL,12900,S6,3466,1071,2944,0,100000,1                         
TEL,12901,S6,3466,1071,2944,0,100000,2                         
TEL,12902,S6,3466,1071,2944,0,100000,3                         
TEL,12903,S6,3466,1071,2944,0,100000,0                         
TEL,12904,S6,3466,1071,2944,0,100000,1                         
TEL,12905,S6,3466,1071,2944,0,100000,2                         
TEL,12906,S6,3466,1071,2944,0,100000,3                         
TEL,12907,S6,3466,1071,2944,0,100000,0                         
TEL,12908,S6,3466,1071,2944,0,100000,1                         
TEL,12909,S6,3466,1071,2944,0,100000,2                         
TEL,12910,S6,3466,1071,2944,0,100000,3                         
TEL,12911,S6,3466,1071,2944,0,100000,0                         
TEL,12912,S6,3466,1071,2944,0,100000,1                         
TEL,12913,S6,3466,1071,2944,0,100000,2                         
TEL,12914,S6,3466,1071,2944,0,100000,3                         
TEL,12915,S6,3466,1071,2944,0,100000,0                         
TEL,12916,S6,3466,1071,2944,0,100000,1                         
TEL,12917,S6,3466,1071,2944,0,100000,2                         
TEL,12918,S6,3466,1071,2944,0,100000,3                         
TEL,12919,S6,3435,1070,2944,0,100000,0                         
TEL,12920,S6,3435,1070,2944,0,100000,1                         
TEL,12921,S6,3435,1070,2944,0,100000,2                         
TEL,12922,S6,3435,1070,2944,0,100000,3                         
TEL,12923,S6,3466,1071,2944,0,100000,0                         
TEL,12924,S6,3466,1071,2944,0,100000,1                         
TEL,12925,S6,3466,1071,2944,0,100000,2                         
TEL,12926,S6,3466,1071,2944,0,100000,3                         
TEL,12927,S6,3466,1071,2944,0,100000,0                         
TEL,12928,S6,3466,1071,2944,0,100000,1                         
TEL,12929,S6,3466,1071,2944,0,100000,2                         
TEL,12930,S6,3466,1071,2944,0,100000,3                         
TEL,12931,S6,3466,1071,2944,0,100000,0                         
TEL,12932,S6,3466,1071,2944,0,100000,1                         
TEL,12933,S6,3466,1071,2944,0,100000,2                         
TEL,12934,S6,3466,1071,2944,0,100000,3                         
TEL,12935,S6,3466,1071,2944,0,100000,0                         
TEL,12936,S6,3466,1071,2944,0,100000,1                         
TEL,12937,S6,3466,1071,2944,0,100000,2                         
TEL,12938,S6,3466,1071,2944,0,100000,3                         
TEL,12939,S6,3466,1071,2944,0,100000,0                         
TEL,12940,S6,3466,1071,2944,0,100000,1                         
TEL,12941,S6,3466,1071,2944,0,100000,2                         
TEL,12942,S6,3466,1071,2944,0,100000,3                         
TEL,12943,S6,3466,1071,2944,0,100000,0                         
TEL,12944,S6,3466,1071,2944,0,100000,1                         
TEL,12945,S6,3466,1071,2944,0,100000,2                         
TEL,12946,S6,3466,1071,2944,0,100000,3                         
TEL,12947,S6,3466,1071,2944,0,100000,0                         
TEL,12948,S6,3466,1071,2944,0,100000,1                         
TEL,12949,S6,3466,1071,2944,0,100000,2                         
TEL,12950,S6,3466,1071,2944,0,100000,3                         
BTN,96,S6,PRESSED,12951,284529576,284529593,284529595          
TEL,12952,S6,3466,1071,2944,0,100000,0                         
TEL,12953,S6,3466,1071,2944,0,100000,1                         
TEL,12954,S6,3466,1071,2944,0,100000,2                         
TEL,12955,S6,3466,1071,2944,0,100000,3                         
TEL,12956,S6,3373,1068,2944,0,100000,0                         
TEL,12957,S6,3373,1068,2944,0,100000,1                         
TEL,12958,S6,3373,1068,2944,0,100000,2                         
TEL,12959,S6,3373,1068,2944,0,100000,3                         
TEL,12960,S6,3435,1070,2944,0,100000,0                         
TEL,12961,S6,3435,1070,2944,0,100000,1                         
TEL,12962,S6,3435,1070,2944,0,100000,2                         
TEL,12963,S6,3435,1070,2944,0,100000,3                         
TEL,12964,S6,3529,1073,2944,0,100000,0                         
TEL,12965,S6,3529,1073,2944,0,100000,1                         
TEL,12966,S6,3529,1073,2944,0,100000,2                         
TEL,12967,S6,3529,1073,2944,0,100000,3                         
TEL,12968,S6,3466,1071,2944,0,100000,0                         
TEL,12969,S6,3466,1071,2944,0,100000,1                         
TEL,12970,S6,3466,1071,2944,0,100000,2                         
TEL,12971,S6,3466,1071,2944,0,100000,3                         
TEL,12972,S6,3373,1068,2944,0,100000,0                         
TEL,12973,S6,3373,1068,2944,0,100000,1                         
TEL,12974,S6,3373,1068,2944,0,100000,2                         
TEL,12975,S6,3373,1068,2944,0,100000,3                         
TEL,12976,S6,3435,1070,2944,0,100000,0                         
TEL,12977,S6,3435,1070,2944,0,100000,1                         
TEL,12978,S6,3435,1070,2944,0,100000,2                         
TEL,12979,S6,3435,1070,2944,0,100000,3                         
TEL,12980,S6,3466,1071,2944,0,100000,0                         
TEL,12981,S6,3466,1071,2944,0,100000,1                         
TEL,12982,S6,3466,1071,2944,0,100000,2                         
TEL,12983,S6,3466,1071,2944,0,100000,3                         
TEL,12984,S6,3435,1070,2944,0,100000,0                         
TEL,12985,S6,3435,1070,2944,0,100000,1                         
TEL,12986,S6,3435,1070,2944,0,100000,2                         
TEL,12987,S6,3435,1070,2944,0,100000,3                         
TEL,12988,S6,3373,1068,2944,0,100000,0                         
TEL,12989,S6,3373,1068,2944,0,100000,1                         
TEL,12990,S6,3373,1068,2944,0,100000,2                         
TEL,12991,S6,3373,1068,2944,0,100000,3                         
TEL,12992,S6,3466,1071,2944,0,100000,0                         
TEL,12993,S6,3466,1071,2944,0,100000,1                         
TEL,12994,S6,3466,1071,2944,0,100000,2                         
TEL,12995,S6,3466,1071,2944,0,100000,3                         
TEL,12996,S6,3466,1071,2944,0,100000,0                         
TEL,12997,S6,3466,1071,2944,0,100000,1                         
TEL,12998,S6,3466,1071,2944,0,100000,2                         
TEL,12999,S6,3466,1071,2944,0,100000,3                         
TEL,13000,S6,3466,1071,2944,0,100000,0                         
TEL,13001,S6,3466,1071,2944,0,100000,1                         
TEL,13002,S6,3466,1071,2944,0,100000,2                         
TEL,13003,S6,3466,1071,2944,0,100000,3                         
TEL,13004,S6,3373,1068,2944,0,100000,0                         
TEL,13005,S6,3373,1068,2944,0,100000,1                         
TEL,13006,S6,3373,1068,2944,0,100000,2                         
TEL,13007,S6,3373,1068,2944,0,100000,3                         
TEL,13008,S6,3466,1071,2944,0,100000,0                         
TEL,13009,S6,3466,1071,2944,0,100000,1                         
TEL,13010,S6,3466,1071,2944,0,100000,2                         
TEL,13011,S6,3466,1071,2944,0,100000,3                         
BTN,97,S6,PRESSED,13012,285966865,285966883,285966884          
TEL,13013,S6,3466,1071,2944,0,100000,0                         
TEL,13014,S6,3466,1071,2944,0,100000,1                         
TEL,13015,S6,3466,1071,2944,0,100000,2                         
TEL,13016,S6,3466,1071,2944,0,100000,3                         
TEL,13017,S6,3466,1071,2944,0,100000,0                         
TEL,13018,S6,3466,1071,2944,0,100000,1                         
TEL,13019,S6,3466,1071,2944,0,100000,2                         
TEL,13020,S6,3466,1071,2944,0,100000,3                         
TEL,13021,S6,3466,1071,2944,0,100000,0                         
TEL,13022,S6,3466,1071,2944,0,100000,1                         
TEL,13023,S6,3466,1071,2944,0,100000,2                         
TEL,13024,S6,3466,1071,2944,0,100000,3                         
TEL,13025,S6,3466,1071,2944,0,100000,0                         
TEL,13026,S6,3466,1071,2944,0,100000,1                         
TEL,13027,S6,3466,1071,2944,0,100000,2                         
TEL,13028,S6,3466,1071,2944,0,100000,3                         
TEL,13029,S6,3466,1071,2944,0,100000,0                         
TEL,13030,S6,3466,1071,2944,0,100000,1                         
TEL,13031,S6,3466,1071,2944,0,100000,2                         
TEL,13032,S6,3466,1071,2944,0,100000,3                         
TEL,13033,S6,3466,1071,2944,0,100000,0                         
TEL,13034,S6,3466,1071,2944,0,100000,1                         
TEL,13035,S6,3466,1071,2944,0,100000,2                         
TEL,13036,S6,3466,1071,2944,0,100000,3                         
TEL,13037,S6,3466,1071,2944,0,100000,0                         
TEL,13038,S6,3466,1071,2944,0,100000,1                         
TEL,13039,S6,3466,1071,2944,0,100000,2                         
TEL,13040,S6,3466,1071,2944,0,100000,3                         
TEL,13041,S6,3435,1070,2944,0,100000,0                         
TEL,13042,S6,3435,1070,2944,0,100000,1                         
TEL,13043,S6,3435,1070,2944,0,100000,2                         
TEL,13044,S6,3435,1070,2944,0,100000,3                         
TEL,13045,S6,3466,1071,2944,0,100000,0                         
TEL,13046,S6,3466,1071,2944,0,100000,1                         
TEL,13047,S6,3466,1071,2944,0,100000,2                         
TEL,13048,S6,3466,1071,2944,0,100000,3                         
TEL,13049,S6,3466,1071,2944,0,100000,0                         
TEL,13050,S6,3466,1071,2944,0,100000,1                         
TEL,13051,S6,3466,1071,2944,0,100000,2                         
TEL,13052,S6,3466,1071,2944,0,100000,3                         
TEL,13053,S6,3466,1071,2944,0,100000,0                         
TEL,13054,S6,3466,1071,2944,0,100000,1                         
TEL,13055,S6,3466,1071,2944,0,100000,2                         
TEL,13056,S6,3466,1071,2944,0,100000,3                         
TEL,13057,S6,3466,1071,2944,0,100000,0                         
TEL,13058,S6,3466,1071,2944,0,100000,1                         
TEL,13059,S6,3466,1071,2944,0,100000,2                         
TEL,13060,S6,3466,1071,2944,0,100000,3                         
TEL,13061,S6,3466,1071,2944,0,100000,0                         
TEL,13062,S6,3466,1071,2944,0,100000,1                         
TEL,13063,S6,3466,1071,2944,0,100000,2                         
TEL,13064,S6,3466,1071,2944,0,100000,3                         
TEL,13065,S6,3466,1071,2944,0,100000,0                         
TEL,13066,S6,3466,1071,2944,0,100000,1                         
TEL,13067,S6,3466,1071,2944,0,100000,2                         
TEL,13068,S6,3466,1071,2944,0,100000,3                         
TEL,13069,S6,3466,1071,2944,0,100000,0                         
TEL,13070,S6,3466,1071,2944,0,100000,1                         
TEL,13071,S6,3466,1071,2944,0,100000,2                         
TEL,13072,S6,3466,1071,2944,0,100000,3                         
BTN,98,S6,PRESSED,13073,287515116,287515133,287515135          
TEL,13074,S6,3466,1071,2944,0,100000,0                         
TEL,13075,S6,3466,1071,2944,0,100000,1                         
TEL,13076,S6,3466,1071,2944,0,100000,2                         
TEL,13077,S6,3466,1071,2944,0,100000,3                         
TEL,13078,S6,3435,1070,2944,0,100000,0                         
TEL,13079,S6,3435,1070,2944,0,100000,1                         
TEL,13080,S6,3435,1070,2944,0,100000,2                         
TEL,13081,S6,3435,1070,2944,0,100000,3                         
TEL,13082,S6,3466,1071,2944,0,100000,0                         
TEL,13083,S6,3466,1071,2944,0,100000,1                         
TEL,13084,S6,3466,1071,2944,0,100000,2                         
TEL,13085,S6,3466,1071,2944,0,100000,3                         
TEL,13086,S6,3466,1071,2944,0,100000,0                         
TEL,13087,S6,3466,1071,2944,0,100000,1                         
TEL,13088,S6,3466,1071,2944,0,100000,2                         
TEL,13089,S6,3466,1071,2944,0,100000,3                         
TEL,13090,S6,3466,1071,2944,0,100000,0                         
TEL,13091,S6,3466,1071,2944,0,100000,1                         
TEL,13092,S6,3466,1071,2944,0,100000,2                         
TEL,13093,S6,3466,1071,2944,0,100000,3                         
TEL,13094,S6,3466,1071,2944,0,100000,0                         
TEL,13095,S6,3466,1071,2944,0,100000,1                         
TEL,13096,S6,3466,1071,2944,0,100000,2                         
TEL,13097,S6,3466,1071,2944,0,100000,3                         
TEL,13098,S6,3591,1075,2944,0,100000,0                         
TEL,13099,S6,3591,1075,2944,0,100000,1                         
TEL,13100,S6,3591,1075,2944,0,100000,2                         
TEL,13101,S6,3591,1075,2944,0,100000,3                         
TEL,13102,S6,3466,1071,2944,0,100000,0                         
TEL,13103,S6,3466,1071,2944,0,100000,1                         
TEL,13104,S6,3466,1071,2944,0,100000,2                         
TEL,13105,S6,3466,1071,2944,0,100000,3                         
TEL,13106,S6,3466,1071,2944,0,100000,0                         
TEL,13107,S6,3466,1071,2944,0,100000,1                         
TEL,13108,S6,3466,1071,2944,0,100000,2                         
TEL,13109,S6,3466,1071,2944,0,100000,3                         
TEL,13110,S6,3404,1069,2944,0,100000,0                         
TEL,13111,S6,3404,1069,2944,0,100000,1                         
TEL,13112,S6,3404,1069,2944,0,100000,2                         
TEL,13113,S6,3404,1069,2944,0,100000,3                         
TEL,13114,S6,3466,1071,2944,0,100000,0                         
TEL,13115,S6,3466,1071,2944,0,100000,1                         
TEL,13116,S6,3466,1071,2944,0,100000,2                         
TEL,13117,S6,3466,1071,2944,0,100000,3                         
TEL,13118,S6,3466,1071,2944,0,100000,0                         
TEL,13119,S6,3466,1071,2944,0,100000,1                         
TEL,13120,S6,3466,1071,2944,0,100000,2                         
TEL,13121,S6,3466,1071,2944,0,100000,3                         
TEL,13122,S6,3404,1069,2944,0,100000,0                         
TEL,13123,S6,3404,1069,2944,0,100000,1                         
TEL,13124,S6,3404,1069,2944,0,100000,2                         
TEL,13125,S6,3404,1069,2944,0,100000,3                         
TEL,13126,S6,3466,1071,2944,0,100000,0                         
TEL,13127,S6,3466,1071,2944,0,100000,1                         
TEL,13128,S6,3466,1071,2944,0,100000,2                         
TEL,13129,S6,3466,1071,2944,0,100000,3                         
TEL,13130,S6,3466,1071,2944,0,100000,0                         
TEL,13131,S6,3466,1071,2944,0,100000,1                         
TEL,13132,S6,3466,1071,2944,0,100000,2                         
TEL,13133,S6,3466,1071,2944,0,100000,3                         
BTN,99,S6,PRESSED,13134,288960452,288960470,288960471          
TEL,13135,S6,3466,1071,2944,0,100000,0                         
TEL,13136,S6,3466,1071,2944,0,100000,1                         
TEL,13137,S6,3466,1071,2944,0,100000,2                         
TEL,13138,S6,3466,1071,2944,0,100000,3                         
TEL,13139,S6,3466,1071,2944,0,100000,0                         
TEL,13140,S6,3466,1071,2944,0,100000,1                         
TEL,13141,S6,3466,1071,2944,0,100000,2                         
TEL,13142,S6,3466,1071,2944,0,100000,3                         
TEL,13143,S6,3466,1071,2944,0,100000,0                         
TEL,13144,S6,3466,1071,2944,0,100000,1                         
TEL,13145,S6,3466,1071,2944,0,100000,2                         
TEL,13146,S6,3466,1071,2944,0,100000,3                         
TEL,13147,S6,3466,1071,2944,0,100000,0                         
TEL,13148,S6,3466,1071,2944,0,100000,1                         
TEL,13149,S6,3466,1071,2944,0,100000,2                         
TEL,13150,S6,3466,1071,2944,0,100000,3                         
TEL,13151,S6,3466,1071,2944,0,100000,0                         
TEL,13152,S6,3466,1071,2944,0,100000,1                         
TEL,13153,S6,3466,1071,2944,0,100000,2                         
TEL,13154,S6,3466,1071,2944,0,100000,3                         
TEL,13155,S6,3466,1071,2944,0,100000,0                         
TEL,13156,S6,3466,1071,2944,0,100000,1                         
TEL,13157,S6,3466,1071,2944,0,100000,2                         
TEL,13158,S6,3466,1071,2944,0,100000,3                         
TEL,13159,S6,3373,1068,2944,0,100000,0                         
TEL,13160,S6,3373,1068,2944,0,100000,1                         
TEL,13161,S6,3373,1068,2944,0,100000,2                         
TEL,13162,S6,3373,1068,2944,0,100000,3                         
TEL,13163,S6,3466,1071,2944,0,100000,0                         
TEL,13164,S6,3466,1071,2944,0,100000,1                         
TEL,13165,S6,3466,1071,2944,0,100000,2                         
TEL,13166,S6,3466,1071,2944,0,100000,3                         
TEL,13167,S6,3466,1071,2944,0,100000,0                         
TEL,13168,S6,3466,1071,2944,0,100000,1                         
TEL,13169,S6,3466,1071,2944,0,100000,2                         
TEL,13170,S6,3466,1071,2944,0,100000,3                         
TEL,13171,S6,3466,1071,2944,0,100000,0                         
TEL,13172,S6,3466,1071,2944,0,100000,1                         
TEL,13173,S6,3466,1071,2944,0,100000,2                         
TEL,13174,S6,3466,1071,2944,0,100000,3                         
TEL,13175,S6,3466,1071,2944,0,100000,0                         
TEL,13176,S6,3466,1071,2944,0,100000,1                         
TEL,13177,S6,3466,1071,2944,0,100000,2                         
TEL,13178,S6,3466,1071,2944,0,100000,3                         
TEL,13179,S6,3466,1071,2944,0,100000,0                         
TEL,13180,S6,3466,1071,2944,0,100000,1                         
TEL,13181,S6,3466,1071,2944,0,100000,2                         
TEL,13182,S6,3466,1071,2944,0,100000,3                         
TEL,13183,S6,3466,1071,2944,0,100000,0                         
TEL,13184,S6,3466,1071,2944,0,100000,1                         
TEL,13185,S6,3466,1071,2944,0,100000,2                         
TEL,13186,S6,3466,1071,2944,0,100000,3                         
TEL,13187,S6,3466,1071,2944,0,100000,0                         
TEL,13188,S6,3466,1071,2944,0,100000,1                         
TEL,13189,S6,3466,1071,2944,0,100000,2                         
TEL,13190,S6,3466,1071,2944,0,100000,3                         
TEL,13191,S6,3466,1071,2944,0,100000,0                         
TEL,13192,S6,3466,1071,2944,0,100000,1                         
TEL,13193,S6,3466,1071,2944,0,100000,2                         
TEL,13194,S6,3466,1071,2944,0,100000,3                         
BTN,100,S6,PRESSED,13195,290491794,290491811,290491813         
TEL,13196,S6,3466,1071,2944,0,100000,0                         
TEL,13197,S6,3466,1071,2944,0,100000,1                         
TEL,13198,S6,3466,1071,2944,0,100000,2                         
TEL,13199,S6,3466,1071,2944,0,100000,3                         
TEL,13200,S6,3466,1071,2944,0,100000,0                         
TEL,13201,S6,3466,1071,2944,0,100000,1                         
TEL,13202,S6,3466,1071,2944,0,100000,2                         
TEL,13203,S6,3466,1071,2944,0,100000,3                         
TEL,13204,S6,3466,1071,2944,0,100000,0                         
TEL,13205,S6,3466,1071,2944,0,100000,1                         
TEL,13206,S6,3466,1071,2944,0,100000,2                         
TEL,13207,S6,3466,1071,2944,0,100000,3                         
TEL,13208,S6,3466,1071,2944,0,100000,0                         
TEL,13209,S6,3466,1071,2944,0,100000,1                         
TEL,13210,S6,3466,1071,2944,0,100000,2                         
TEL,13211,S6,3466,1071,2944,0,100000,3                         
TEL,13212,S6,3342,1067,2944,0,100000,0                         
TEL,13213,S6,3342,1067,2944,0,100000,1                         
TEL,13214,S6,3342,1067,2944,0,100000,2                         
TEL,13215,S6,3342,1067,2944,0,100000,3                         
TEL,13216,S6,3466,1071,2944,0,100000,0                         
TEL,13217,S6,3466,1071,2944,0,100000,1                         
TEL,13218,S6,3466,1071,2944,0,100000,2                         
TEL,13219,S6,3466,1071,2944,0,100000,3                         
TEL,13220,S6,3435,1070,2944,0,100000,0                         
TEL,13221,S6,3435,1070,2944,0,100000,1                         
TEL,13222,S6,3435,1070,2944,0,100000,2                         
TEL,13223,S6,3435,1070,2944,0,100000,3                         
TEL,13224,S6,3435,1070,2944,0,100000,0                         
TEL,13225,S6,3435,1070,2944,0,100000,1                         
TEL,13226,S6,3435,1070,2944,0,100000,2                         
TEL,13227,S6,3435,1070,2944,0,100000,3                         
TEL,13228,S6,3373,1068,2944,0,100000,0                         
TEL,13229,S6,3373,1068,2944,0,100000,1                         
TEL,13230,S6,3373,1068,2944,0,100000,2                         
TEL,13231,S6,3373,1068,2944,0,100000,3                         
TEL,13232,S6,3466,1071,2944,0,100000,0                         
TEL,13233,S6,3466,1071,2944,0,100000,1                         
TEL,13234,S6,3466,1071,2944,0,100000,2                         
TEL,13235,S6,3466,1071,2944,0,100000,3                         
TEL,13236,S6,3529,1073,2944,0,100000,0                         
TEL,13237,S6,3529,1073,2944,0,100000,1                         
TEL,13238,S6,3529,1073,2944,0,100000,2                         
TEL,13239,S6,3529,1073,2944,0,100000,3                         
TEL,13240,S6,3529,1073,2944,0,100000,0                         
TEL,13241,S6,3529,1073,2944,0,100000,1                         
TEL,13242,S6,3529,1073,2944,0,100000,2                         
TEL,13243,S6,3529,1073,2944,0,100000,3                         
TEL,13244,S6,3435,1070,2944,0,100000,0                         
TEL,13245,S6,3435,1070,2944,0,100000,1                         
TEL,13246,S6,3435,1070,2944,0,100000,2                         
TEL,13247,S6,3435,1070,2944,0,100000,3                         
TEL,13248,S6,3529,1073,2944,0,100000,0                         
TEL,13249,S6,3529,1073,2944,0,100000,1                         
TEL,13250,S6,3529,1073,2944,0,100000,2                         
TEL,13251,S6,3529,1073,2944,0,100000,3                         
BTN,101,S6,PRESSED,13252,291862999,291863017,291863019         
TEL,13253,S6,3435,1070,2944,0,100000,0                         
TEL,13254,S6,3435,1070,2944,0,100000,1                         
TEL,13255,S6,3435,1070,2944,0,100000,2                         
TEL,13256,S6,3435,1070,2944,0,100000,3                         
TEL,13257,S6,3435,1070,2944,0,100000,0                         
TEL,13258,S6,3435,1070,2944,0,100000,1                         
TEL,13259,S6,3435,1070,2944,0,100000,2                         
TEL,13260,S6,3435,1070,2944,0,100000,3                         
TEL,13261,S6,3529,1073,2944,0,100000,0                         
TEL,13262,S6,3529,1073,2944,0,100000,1                         
TEL,13263,S6,3529,1073,2944,0,100000,2                         
TEL,13264,S6,3529,1073,2944,0,100000,3                         
TEL,13265,S6,3466,1071,2944,0,100000,0                         
TEL,13266,S6,3466,1071,2944,0,100000,1                         
TEL,13267,S6,3466,1071,2944,0,100000,2                         
TEL,13268,S6,3466,1071,2944,0,100000,3                         
TEL,13269,S6,3435,1070,2944,0,100000,0                         
TEL,13270,S6,3435,1070,2944,0,100000,1                         
TEL,13271,S6,3435,1070,2944,0,100000,2                         
TEL,13272,S6,3435,1070,2944,0,100000,3                         
TEL,13273,S6,3466,1071,2944,0,100000,0                         
TEL,13274,S6,3466,1071,2944,0,100000,1                         
TEL,13275,S6,3466,1071,2944,0,100000,2                         
TEL,13276,S6,3466,1071,2944,0,100000,3                         
TEL,13277,S6,3466,1071,2944,0,100000,0                         
TEL,13278,S6,3466,1071,2944,0,100000,1                         
TEL,13279,S6,3466,1071,2944,0,100000,2                         
TEL,13280,S6,3466,1071,2944,0,100000,3                         
TEL,13281,S6,3466,1071,2944,0,100000,0                         
TEL,13282,S6,3466,1071,2944,0,100000,1                         
TEL,13283,S6,3466,1071,2944,0,100000,2                         
TEL,13284,S6,3466,1071,2944,0,100000,3                         
TEL,13285,S6,3466,1071,2944,0,100000,0                         
TEL,13286,S6,3466,1071,2944,0,100000,1                         
TEL,13287,S6,3466,1071,2944,0,100000,2                         
TEL,13288,S6,3466,1071,2944,0,100000,3                         
TEL,13289,S6,3529,1073,2944,0,100000,0                         
TEL,13290,S6,3529,1073,2944,0,100000,1                         
TEL,13291,S6,3529,1073,2944,0,100000,2                         
TEL,13292,S6,3529,1073,2944,0,100000,3                         
TEL,13293,S6,3466,1071,2944,0,100000,0                         
TEL,13294,S6,3466,1071,2944,0,100000,1                         
TEL,13295,S6,3466,1071,2944,0,100000,2                         
TEL,13296,S6,3466,1071,2944,0,100000,3                         
TEL,13297,S6,3466,1071,2944,0,100000,0                         
TEL,13298,S6,3466,1071,2944,0,100000,1                         
TEL,13299,S6,3466,1071,2944,0,100000,2                         
TEL,13300,S6,3466,1071,2944,0,100000,3                         
TEL,13301,S6,3466,1071,2944,0,100000,0                         
TEL,13302,S6,3466,1071,2944,0,100000,1                         
TEL,13303,S6,3466,1071,2944,0,100000,2                         
TEL,13304,S6,3466,1071,2944,0,100000,3                         
TEL,13305,S6,3466,1071,2944,0,100000,0                         
TEL,13306,S6,3466,1071,2944,0,100000,1                         
TEL,13307,S6,3466,1071,2944,0,100000,2                         
TEL,13308,S6,3466,1071,2944,0,100000,3                         
TEL,13309,S6,3466,1071,2944,0,100000,0                         
TEL,13310,S6,3466,1071,2944,0,100000,1                         
TEL,13311,S6,3466,1071,2944,0,100000,2                         
TEL,13312,S6,3466,1071,2944,0,100000,3                         
BTN,102,S6,PRESSED,13313,293376975,293376993,293376994         
TEL,13314,S6,3466,1071,2944,0,100000,0                         
TEL,13315,S6,3466,1071,2944,0,100000,1                         
TEL,13316,S6,3466,1071,2944,0,100000,2                         
TEL,13317,S6,3466,1071,2944,0,100000,3                         
TEL,13318,S6,3466,1071,2944,0,100000,0                         
TEL,13319,S6,3466,1071,2944,0,100000,1                         
TEL,13320,S6,3466,1071,2944,0,100000,2                         
TEL,13321,S6,3466,1071,2944,0,100000,3                         
TEL,13322,S6,3466,1071,2944,0,100000,0                         
TEL,13323,S6,3466,1071,2944,0,100000,1                         
TEL,13324,S6,3466,1071,2944,0,100000,2                         
TEL,13325,S6,3466,1071,2944,0,100000,3                         
TEL,13326,S6,3466,1071,2944,0,100000,0                         
TEL,13327,S6,3466,1071,2944,0,100000,1                         
TEL,13328,S6,3466,1071,2944,0,100000,2                         
TEL,13329,S6,3466,1071,2944,0,100000,3                         
TEL,13330,S6,3466,1071,2944,0,100000,0                         
TEL,13331,S6,3466,1071,2944,0,100000,1                         
TEL,13332,S6,3466,1071,2944,0,100000,2                         
TEL,13333,S6,3466,1071,2944,0,100000,3                         
TEL,13334,S6,3466,1071,2944,0,100000,0                         
TEL,13335,S6,3466,1071,2944,0,100000,1                         
TEL,13336,S6,3466,1071,2944,0,100000,2                         
TEL,13337,S6,3466,1071,2944,0,100000,3                         
TEL,13338,S6,3466,1071,2944,0,100000,0                         
TEL,13339,S6,3466,1071,2944,0,100000,1                         
TEL,13340,S6,3466,1071,2944,0,100000,2                         
TEL,13341,S6,3466,1071,2944,0,100000,3                         
TEL,13342,S6,3466,1071,2944,0,100000,0                         
TEL,13343,S6,3466,1071,2944,0,100000,1                         
TEL,13344,S6,3466,1071,2944,0,100000,2                         
TEL,13345,S6,3466,1071,2944,0,100000,3                         
TEL,13346,S6,3435,1070,2944,0,100000,0                         
TEL,13347,S6,3435,1070,2944,0,100000,1                         
TEL,13348,S6,3435,1070,2944,0,100000,2                         
TEL,13349,S6,3435,1070,2944,0,100000,3                         
TEL,13350,S6,3466,1071,2944,0,100000,0                         
TEL,13351,S6,3466,1071,2944,0,100000,1                         
TEL,13352,S6,3466,1071,2944,0,100000,2                         
TEL,13353,S6,3466,1071,2944,0,100000,3                         
TEL,13354,S6,3466,1071,2944,0,100000,0                         
TEL,13355,S6,3466,1071,2944,0,100000,1                         
TEL,13356,S6,3466,1071,2944,0,100000,2                         
TEL,13357,S6,3466,1071,2944,0,100000,3                         
TEL,13358,S6,3466,1071,2944,0,100000,0                         
TEL,13359,S6,3466,1071,2944,0,100000,1                         
TEL,13360,S6,3466,1071,2944,0,100000,2                         
TEL,13361,S6,3466,1071,2944,0,100000,3                         
TEL,13362,S6,3435,1070,2944,0,100000,0                         
TEL,13363,S6,3435,1070,2944,0,100000,1                         
TEL,13364,S6,3435,1070,2944,0,100000,2                         
TEL,13365,S6,3435,1070,2944,0,100000,3                         
BTN,103,S6,PRESSED,13366,294728129,294728147,294728149         
TEL,13367,S6,3466,1071,2944,0,100000,0                         
TEL,13368,S6,3466,1071,2944,0,100000,1                         
TEL,13369,S6,3466,1071,2944,0,100000,2                         
TEL,13370,S6,3466,1071,2944,0,100000,3                         
TEL,13371,S6,3342,1066,2944,0,100000,0                         
TEL,13372,S6,3342,1066,2944,0,100000,1                         
TEL,13373,S6,3342,1066,2944,0,100000,2                         
TEL,13374,S6,3342,1066,2944,0,100000,3                         
TEL,13375,S6,3466,1071,2944,0,100000,0                         
TEL,13376,S6,3466,1071,2944,0,100000,1                         
TEL,13377,S6,3466,1071,2944,0,100000,2                         
TEL,13378,S6,3466,1071,2944,0,100000,3                         
TEL,13379,S6,3529,1073,2944,0,100000,0                         
TEL,13380,S6,3529,1073,2944,0,100000,1                         
TEL,13381,S6,3529,1073,2944,0,100000,2                         
TEL,13382,S6,3529,1073,2944,0,100000,3                         
TEL,13383,S6,3466,1071,2944,0,100000,0                         
TEL,13384,S6,3466,1071,2944,0,100000,1                         
TEL,13385,S6,3466,1071,2944,0,100000,2                         
TEL,13386,S6,3466,1071,2944,0,100000,3                         
TEL,13387,S6,3466,1071,2944,0,100000,0                         
TEL,13388,S6,3466,1071,2944,0,100000,1                         
TEL,13389,S6,3466,1071,2944,0,100000,2                         
TEL,13390,S6,3466,1071,2944,0,100000,3                         
TEL,13391,S6,3498,1072,2944,0,100000,0                         
TEL,13392,S6,3498,1072,2944,0,100000,1                         
TEL,13393,S6,3498,1072,2944,0,100000,2                         
TEL,13394,S6,3498,1072,2944,0,100000,3                         
TEL,13395,S6,3466,1071,2944,0,100000,0                         
TEL,13396,S6,3466,1071,2944,0,100000,1                         
TEL,13397,S6,3466,1071,2944,0,100000,2                         
TEL,13398,S6,3466,1071,2944,0,100000,3                         
TEL,13399,S6,3466,1071,2944,0,100000,0                         
TEL,13400,S6,3466,1071,2944,0,100000,1                         
TEL,13401,S6,3466,1071,2944,0,100000,2                         
TEL,13402,S6,3466,1071,2944,0,100000,3                         
TEL,13403,S6,3466,1071,2944,0,100000,0                         
TEL,13404,S6,3466,1071,2944,0,100000,1                         
TEL,13405,S6,3466,1071,2944,0,100000,2                         
TEL,13406,S6,3466,1071,2944,0,100000,3                         
TEL,13407,S6,3466,1071,2944,0,100000,0                         
TEL,13408,S6,3466,1071,2944,0,100000,1                         
TEL,13409,S6,3466,1071,2944,0,100000,2                         
TEL,13410,S6,3466,1071,2944,0,100000,3                         
TEL,13411,S6,3435,1070,2944,0,100000,0                         
TEL,13412,S6,3435,1070,2944,0,100000,1                         
TEL,13413,S6,3435,1070,2944,0,100000,2                         
TEL,13414,S6,3435,1070,2944,0,100000,3                         
TEL,13415,S6,3529,1073,2944,0,100000,0                         
TEL,13416,S6,3529,1073,2944,0,100000,1                         
TEL,13417,S6,3529,1073,2944,0,100000,2                         
TEL,13418,S6,3529,1073,2944,0,100000,3                         
TEL,13419,S6,3466,1071,2944,0,100000,0                         
TEL,13420,S6,3466,1071,2944,0,100000,1                         
TEL,13421,S6,3466,1071,2944,0,100000,2                         
TEL,13422,S6,3466,1071,2944,0,100000,3                         
TEL,13423,S6,3466,1071,2944,0,100000,0                         
TEL,13424,S6,3466,1071,2944,0,100000,1                         
TEL,13425,S6,3466,1071,2944,0,100000,2                         
TEL,13426,S6,3466,1071,2944,0,100000,3                         
BTN,104,S6,PRESSED,13427,296213070,296213087,296213089         
TEL,13428,S6,3466,1071,2944,0,100000,0                         
TEL,13429,S6,3466,1071,2944,0,100000,1                         
TEL,13430,S6,3466,1071,2944,0,100000,2                         
TEL,13431,S6,3466,1071,2944,0,100000,3                         
TEL,13432,S6,3466,1071,2944,0,100000,0                         
TEL,13433,S6,3466,1071,2944,0,100000,1                         
TEL,13434,S6,3466,1071,2944,0,100000,2                         
TEL,13435,S6,3466,1071,2944,0,100000,3                         
TEL,13436,S6,3280,1064,2944,0,100000,0                         
TEL,13437,S6,3280,1064,2944,0,100000,1                         
TEL,13438,S6,3280,1064,2944,0,100000,2                         
TEL,13439,S6,3280,1064,2944,0,100000,3                         
TEL,13440,S6,3591,1075,2944,0,100000,0                         
TEL,13441,S6,3591,1075,2944,0,100000,1                         
TEL,13442,S6,3591,1075,2944,0,100000,2                         
TEL,13443,S6,3591,1075,2944,0,100000,3                         
TEL,13444,S6,3466,1071,2944,0,100000,0                         
TEL,13445,S6,3466,1071,2944,0,100000,1                         
TEL,13446,S6,3466,1071,2944,0,100000,2                         
TEL,13447,S6,3466,1071,2944,0,100000,3                         
TEL,13448,S6,3466,1071,2944,0,100000,0                         
TEL,13449,S6,3466,1071,2944,0,100000,1                         
TEL,13450,S6,3466,1071,2944,0,100000,2                         
TEL,13451,S6,3466,1071,2944,0,100000,3                         
TEL,13452,S6,3373,1068,2944,0,100000,0                         
TEL,13453,S6,3373,1068,2944,0,100000,1                         
TEL,13454,S6,3373,1068,2944,0,100000,2                         
TEL,13455,S6,3373,1068,2944,0,100000,3                         
TEL,13456,S6,3466,1071,2944,0,100000,0                         
TEL,13457,S6,3466,1071,2944,0,100000,1                         
TEL,13458,S6,3466,1071,2944,0,100000,2                         
TEL,13459,S6,3466,1071,2944,0,100000,3                         
TEL,13460,S6,3404,1069,2944,0,100000,0                         
TEL,13461,S6,3404,1069,2944,0,100000,1                         
TEL,13462,S6,3404,1069,2944,0,100000,2                         
TEL,13463,S6,3404,1069,2944,0,100000,3                         
TEL,13464,S6,3466,1071,2944,0,100000,0                         
TEL,13465,S6,3466,1071,2944,0,100000,1                         
TEL,13466,S6,3466,1071,2944,0,100000,2                         
TEL,13467,S6,3466,1071,2944,0,100000,3                         
TEL,13468,S6,3435,1070,2944,0,100000,0                         
TEL,13469,S6,3435,1070,2944,0,100000,1                         
TEL,13470,S6,3435,1070,2944,0,100000,2                         
TEL,13471,S6,3435,1070,2944,0,100000,3                         
TEL,13472,S6,3466,1071,2944,0,100000,0                         
TEL,13473,S6,3466,1071,2944,0,100000,1                         
TEL,13474,S6,3466,1071,2944,0,100000,2                         
TEL,13475,S6,3466,1071,2944,0,100000,3                         
TEL,13476,S6,3466,1071,2944,0,100000,0                         
TEL,13477,S6,3466,1071,2944,0,100000,1                         
TEL,13478,S6,3466,1071,2944,0,100000,2                         
TEL,13479,S6,3466,1071,2944,0,100000,3                         
TEL,13480,S6,3466,1071,2944,0,100000,0                         
TEL,13481,S6,3466,1071,2944,0,100000,1                         
TEL,13482,S6,3466,1071,2944,0,100000,2                         
TEL,13483,S6,3466,1071,2944,0,100000,3                         
TEL,13484,S6,3373,1068,2944,0,100000,0                         
TEL,13485,S6,3373,1068,2944,0,100000,1                         
TEL,13486,S6,3373,1068,2944,0,100000,2                         
TEL,13487,S6,3373,1068,2944,0,100000,3                         
BTN,105,S6,PRESSED,13488,297663637,297663655,297663656         
TEL,13489,S6,3466,1071,2944,0,100000,0                         
TEL,13490,S6,3466,1071,2944,0,100000,1                         
TEL,13491,S6,3466,1071,2944,0,100000,2                         
TEL,13492,S6,3466,1071,2944,0,100000,3                         
TEL,13493,S6,3466,1071,2944,0,100000,0                         
TEL,13494,S6,3466,1071,2944,0,100000,1                         
TEL,13495,S6,3466,1071,2944,0,100000,2                         
TEL,13496,S6,3466,1071,2944,0,100000,3                         
TEL,13497,S6,3342,1067,2944,0,100000,0                         
TEL,13498,S6,3342,1067,2944,0,100000,1                         
TEL,13499,S6,3342,1067,2944,0,100000,2                         
TEL,13500,S6,3342,1067,2944,0,100000,3                         
TEL,13501,S6,3529,1073,2944,0,100000,0                         
TEL,13502,S6,3529,1073,2944,0,100000,1                         
TEL,13503,S6,3529,1073,2944,0,100000,2                         
TEL,13504,S6,3529,1073,2944,0,100000,3                         
TEL,13505,S6,3466,1071,2944,0,100000,0                         
TEL,13506,S6,3466,1071,2944,0,100000,1                         
TEL,13507,S6,3466,1071,2944,0,100000,2                         
TEL,13508,S6,3466,1071,2944,0,100000,3                         
TEL,13509,S6,3435,1070,2944,0,100000,0                         
TEL,13510,S6,3435,1070,2944,0,100000,1                         
TEL,13511,S6,3435,1070,2944,0,100000,2                         
TEL,13512,S6,3435,1070,2944,0,100000,3                         
TEL,13513,S6,3466,1071,2944,0,100000,0                         
TEL,13514,S6,3466,1071,2944,0,100000,1                         
TEL,13515,S6,3466,1071,2944,0,100000,2                         
TEL,13516,S6,3466,1071,2944,0,100000,3                         
TEL,13517,S6,3466,1071,2944,0,100000,0                         
TEL,13518,S6,3466,1071,2944,0,100000,1                         
TEL,13519,S6,3466,1071,2944,0,100000,2                         
TEL,13520,S6,3466,1071,2944,0,100000,3                         
TEL,13521,S6,3435,1070,2944,0,100000,0                         
TEL,13522,S6,3435,1070,2944,0,100000,1                         
TEL,13523,S6,3435,1070,2944,0,100000,2                         
TEL,13524,S6,3435,1070,2944,0,100000,3                         
TEL,13525,S6,3466,1071,2944,0,100000,0                         
TEL,13526,S6,3466,1071,2944,0,100000,1                         
TEL,13527,S6,3466,1071,2944,0,100000,2                         
TEL,13528,S6,3466,1071,2944,0,100000,3                         
TEL,13529,S6,3529,1073,2944,0,100000,0                         
TEL,13530,S6,3529,1073,2944,0,100000,1                         
TEL,13531,S6,3529,1073,2944,0,100000,2                         
TEL,13532,S6,3529,1073,2944,0,100000,3                         
TEL,13533,S6,3466,1071,2944,0,100000,0                         
TEL,13534,S6,3466,1071,2944,0,100000,1                         
TEL,13535,S6,3466,1071,2944,0,100000,2                         
TEL,13536,S6,3466,1071,2944,0,100000,3                         
TEL,13537,S6,3466,1071,2944,0,100000,0                         
TEL,13538,S6,3466,1071,2944,0,100000,1                         
TEL,13539,S6,3466,1071,2944,0,100000,2                         
TEL,13540,S6,3466,1071,2944,0,100000,3                         
TEL,13541,S6,3466,1071,2944,0,100000,0                         
TEL,13542,S6,3466,1071,2944,0,100000,1                         
TEL,13543,S6,3466,1071,2944,0,100000,2                         
TEL,13544,S6,3466,1071,2944,0,100000,3                         
BTN,106,S6,PRESSED,13545,299042292,299042309,299042311         
TEL,13546,S6,3466,1071,2944,0,100000,0                         
TEL,13547,S6,3466,1071,2944,0,100000,1                         
TEL,13548,S6,3466,1071,2944,0,100000,2                         
TEL,13549,S6,3466,1071,2944,0,100000,3                         
TEL,13550,S6,3466,1071,2944,0,100000,0                         
TEL,13551,S6,3466,1071,2944,0,100000,1                         
TEL,13552,S6,3466,1071,2944,0,100000,2                         
TEL,13553,S6,3466,1071,2944,0,100000,3                         
TEL,13554,S6,3466,1071,2944,0,100000,0                         
TEL,13555,S6,3466,1071,2944,0,100000,1                         
TEL,13556,S6,3466,1071,2944,0,100000,2                         
TEL,13557,S6,3466,1071,2944,0,100000,3                         
TEL,13558,S6,3466,1071,2944,0,100000,0                         
TEL,13559,S6,3466,1071,2944,0,100000,1                         
TEL,13560,S6,3466,1071,2944,0,100000,2                         
TEL,13561,S6,3466,1071,2944,0,100000,3                         
TEL,13562,S6,3466,1071,2944,0,100000,0                         
TEL,13563,S6,3466,1071,2944,0,100000,1                         
TEL,13564,S6,3466,1071,2944,0,100000,2                         
TEL,13565,S6,3466,1071,2944,0,100000,3                         
TEL,13566,S6,3466,1071,2944,0,100000,0                         
TEL,13567,S6,3466,1071,2944,0,100000,1                         
TEL,13568,S6,3466,1071,2944,0,100000,2                         
TEL,13569,S6,3466,1071,2944,0,100000,3                         
TEL,13570,S6,3466,1071,2944,0,100000,0                         
TEL,13571,S6,3466,1071,2944,0,100000,1                         
TEL,13572,S6,3466,1071,2944,0,100000,2                         
TEL,13573,S6,3466,1071,2944,0,100000,3                         
TEL,13574,S6,3466,1071,2944,0,100000,0                         
TEL,13575,S6,3466,1071,2944,0,100000,1                         
TEL,13576,S6,3466,1071,2944,0,100000,2                         
TEL,13577,S6,3466,1071,2944,0,100000,3                         
TEL,13578,S6,3466,1071,2944,0,100000,0                         
TEL,13579,S6,3466,1071,2944,0,100000,1                         
TEL,13580,S6,3466,1071,2944,0,100000,2                         
TEL,13581,S6,3466,1071,2944,0,100000,3                         
TEL,13582,S6,3466,1071,2944,0,100000,0                         
TEL,13583,S6,3466,1071,2944,0,100000,1                         
TEL,13584,S6,3466,1071,2944,0,100000,2                         
TEL,13585,S6,3466,1071,2944,0,100000,3                         
TEL,13586,S6,3466,1071,2944,0,100000,0                         
TEL,13587,S6,3466,1071,2944,0,100000,1                         
TEL,13588,S6,3466,1071,2944,0,100000,2                         
TEL,13589,S6,3466,1071,2944,0,100000,3                         
TEL,13590,S6,3466,1071,2944,0,100000,0                         
TEL,13591,S6,3466,1071,2944,0,100000,1                         
TEL,13592,S6,3466,1071,2944,0,100000,2                         
TEL,13593,S6,3466,1071,2944,0,100000,3                         
TEL,13594,S6,3466,1071,2944,0,100000,0                         
TEL,13595,S6,3466,1071,2944,0,100000,1                         
TEL,13596,S6,3466,1071,2944,0,100000,2                         
TEL,13597,S6,3466,1071,2944,0,100000,3                         
TEL,13598,S6,3466,1071,2944,0,100000,0                         
TEL,13599,S6,3466,1071,2944,0,100000,1                         
TEL,13600,S6,3466,1071,2944,0,100000,2                         
TEL,13601,S6,3466,1071,2944,0,100000,3                         
TEL,13602,S6,3435,1070,2944,0,100000,0                         
TEL,13603,S6,3435,1070,2944,0,100000,1                         
TEL,13604,S6,3435,1070,2944,0,100000,2                         
TEL,13605,S6,3435,1070,2944,0,100000,3                         
BTN,107,S6,PRESSED,13606,300559824,300559842,300559843         
TEL,13607,S6,3529,1073,2944,0,100000,0                         
TEL,13608,S6,3529,1073,2944,0,100000,1                         
TEL,13609,S6,3529,1073,2944,0,100000,2                         
TEL,13610,S6,3529,1073,2944,0,100000,3                         
TEL,13611,S6,3466,1071,2944,0,100000,0                         
TEL,13612,S6,3466,1071,2944,0,100000,1                         
TEL,13613,S6,3466,1071,2944,0,100000,2                         
TEL,13614,S6,3466,1071,2944,0,100000,3                         
TEL,13615,S6,3466,1071,2944,0,100000,0                         
TEL,13616,S6,3466,1071,2944,0,100000,1                         
TEL,13617,S6,3466,1071,2944,0,100000,2                         
TEL,13618,S6,3466,1071,2944,0,100000,3                         
TEL,13619,S6,3466,1071,2944,0,100000,0                         
TEL,13620,S6,3466,1071,2944,0,100000,1                         
TEL,13621,S6,3466,1071,2944,0,100000,2                         
TEL,13622,S6,3466,1071,2944,0,100000,3                         
TEL,13623,S6,3466,1071,2944,0,100000,0                         
TEL,13624,S6,3466,1071,2944,0,100000,1                         
TEL,13625,S6,3466,1071,2944,0,100000,2                         
TEL,13626,S6,3466,1071,2944,0,100000,3                         
TEL,13627,S6,3466,1071,2944,0,100000,0                         
TEL,13628,S6,3466,1071,2944,0,100000,1                         
TEL,13629,S6,3466,1071,2944,0,100000,2                         
TEL,13630,S6,3466,1071,2944,0,100000,3                         
TEL,13631,S6,3591,1075,2944,0,100000,0                         
TEL,13632,S6,3591,1075,2944,0,100000,1                         
TEL,13633,S6,3591,1075,2944,0,100000,2                         
TEL,13634,S6,3591,1075,2944,0,100000,3                         
TEL,13635,S6,3466,1071,2944,0,100000,0                         
TEL,13636,S6,3466,1071,2944,0,100000,1                         
TEL,13637,S6,3466,1071,2944,0,100000,2                         
TEL,13638,S6,3466,1071,2944,0,100000,3                         
TEL,13639,S6,3466,1071,2944,0,100000,0                         
TEL,13640,S6,3466,1071,2944,0,100000,1                         
TEL,13641,S6,3466,1071,2944,0,100000,2                         
TEL,13642,S6,3466,1071,2944,0,100000,3                         
TEL,13643,S6,3342,1066,2944,0,100000,0                         
TEL,13644,S6,3342,1066,2944,0,100000,1                         
TEL,13645,S6,3342,1066,2944,0,100000,2                         
TEL,13646,S6,3342,1066,2944,0,100000,3                         
TEL,13647,S6,3466,1071,2944,0,100000,0                         
TEL,13648,S6,3466,1071,2944,0,100000,1                         
TEL,13649,S6,3466,1071,2944,0,100000,2                         
TEL,13650,S6,3466,1071,2944,0,100000,3                         
TEL,13651,S6,3466,1071,2944,0,100000,0                         
TEL,13652,S6,3466,1071,2944,0,100000,1                         
TEL,13653,S6,3466,1071,2944,0,100000,2                         
TEL,13654,S6,3466,1071,2944,0,100000,3                         
TEL,13655,S6,3466,1071,2944,0,100000,0                         
TEL,13656,S6,3466,1071,2944,0,100000,1                         
TEL,13657,S6,3466,1071,2944,0,100000,2                         
TEL,13658,S6,3466,1071,2944,0,100000,3                         
TEL,13659,S6,3529,1073,2944,0,100000,0                         
TEL,13660,S6,3529,1073,2944,0,100000,1                         
TEL,13661,S6,3529,1073,2944,0,100000,2                         
TEL,13662,S6,3529,1073,2944,0,100000,3                         
BTN,108,S6,PRESSED,13663,301988861,301988878,301988880         
TEL,13664,S6,3435,1070,2944,0,100000,0                         
TEL,13665,S6,3435,1070,2944,0,100000,1                         
TEL,13666,S6,3435,1070,2944,0,100000,2                         
TEL,13667,S6,3435,1070,2944,0,100000,3                         
TEL,13668,S6,3466,1071,2944,0,100000,0                         
TEL,13669,S6,3466,1071,2944,0,100000,1                         
TEL,13670,S6,3466,1071,2944,0,100000,2                         
TEL,13671,S6,3466,1071,2944,0,100000,3                         
TEL,13672,S6,3466,1071,2944,0,100000,0                         
TEL,13673,S6,3466,1071,2944,0,100000,1                         
TEL,13674,S6,3466,1071,2944,0,100000,2                         
TEL,13675,S6,3466,1071,2944,0,100000,3                         
TEL,13676,S6,3373,1068,2944,0,100000,0                         
TEL,13677,S6,3373,1068,2944,0,100000,1                         
TEL,13678,S6,3373,1068,2944,0,100000,2                         
TEL,13679,S6,3373,1068,2944,0,100000,3                         
TEL,13680,S6,3466,1071,2944,0,100000,0                         
TEL,13681,S6,3466,1071,2944,0,100000,1                         
TEL,13682,S6,3466,1071,2944,0,100000,2                         
TEL,13683,S6,3466,1071,2944,0,100000,3                         
TEL,13684,S6,3466,1071,2944,0,100000,0                         
TEL,13685,S6,3466,1071,2944,0,100000,1                         
TEL,13686,S6,3466,1071,2944,0,100000,2                         
TEL,13687,S6,3466,1071,2944,0,100000,3                         
TEL,13688,S6,3466,1071,2944,0,100000,0                         
TEL,13689,S6,3466,1071,2944,0,100000,1                         
TEL,13690,S6,3466,1071,2944,0,100000,2                         
TEL,13691,S6,3466,1071,2944,0,100000,3                         
TEL,13692,S6,3435,1070,2944,0,100000,0                         
TEL,13693,S6,3435,1070,2944,0,100000,1                         
TEL,13694,S6,3435,1070,2944,0,100000,2                         
TEL,13695,S6,3435,1070,2944,0,100000,3                         
TEL,13696,S6,3466,1071,2944,0,100000,0                         
TEL,13697,S6,3466,1071,2944,0,100000,1                         
TEL,13698,S6,3466,1071,2944,0,100000,2                         
TEL,13699,S6,3466,1071,2944,0,100000,3                         
TEL,13700,S6,3466,1071,2944,0,100000,0                         
TEL,13701,S6,3466,1071,2944,0,100000,1                         
TEL,13702,S6,3466,1071,2944,0,100000,2                         
TEL,13703,S6,3466,1071,2944,0,100000,3                         
TEL,13704,S6,3435,1070,2944,0,100000,0                         
TEL,13705,S6,3435,1070,2944,0,100000,1                         
TEL,13706,S6,3435,1070,2944,0,100000,2                         
TEL,13707,S6,3435,1070,2944,0,100000,3                         
TEL,13708,S6,3342,1066,2944,0,100000,0                         
TEL,13709,S6,3342,1066,2944,0,100000,1                         
TEL,13710,S6,3342,1066,2944,0,100000,2                         
TEL,13711,S6,3342,1066,2944,0,100000,3                         
TEL,13712,S6,3466,1071,2944,0,100000,0                         
TEL,13713,S6,3466,1071,2944,0,100000,1                         
TEL,13714,S6,3466,1071,2944,0,100000,2                         
TEL,13715,S6,3466,1071,2944,0,100000,3                         
TEL,13716,S6,3529,1073,2944,0,100000,0                         
TEL,13717,S6,3529,1073,2944,0,100000,1                         
TEL,13718,S6,3529,1073,2944,0,100000,2                         
TEL,13719,S6,3529,1073,2944,0,100000,3                         
TEL,13720,S6,3466,1071,2944,0,100000,0                         
TEL,13721,S6,3466,1071,2944,0,100000,1                         
TEL,13722,S6,3466,1071,2944,0,100000,2                         
TEL,13723,S6,3466,1071,2944,0,100000,3                         
BTN,109,S6,PRESSED,13724,303476886,303476903,303476905         
TEL,13725,S6,3498,1072,2944,0,100000,0                         
TEL,13726,S6,3498,1072,2944,0,100000,1                         
TEL,13727,S6,3498,1072,2944,0,100000,2                         
TEL,13728,S6,3498,1072,2944,0,100000,3                         
TEL,13729,S6,3466,1071,2944,0,100000,0                         
TEL,13730,S6,3466,1071,2944,0,100000,1                         
TEL,13731,S6,3466,1071,2944,0,100000,2                         
TEL,13732,S6,3466,1071,2944,0,100000,3                         
TEL,13733,S6,3466,1071,2944,0,100000,0                         
TEL,13734,S6,3466,1071,2944,0,100000,1                         
TEL,13735,S6,3466,1071,2944,0,100000,2                         
TEL,13736,S6,3466,1071,2944,0,100000,3                         
TEL,13737,S6,3498,1072,2944,0,100000,0                         
TEL,13738,S6,3498,1072,2944,0,100000,1                         
TEL,13739,S6,3498,1072,2944,0,100000,2                         
TEL,13740,S6,3498,1072,2944,0,100000,3                         
TEL,13741,S6,3466,1071,2944,0,100000,0                         
TEL,13742,S6,3466,1071,2944,0,100000,1                         
TEL,13743,S6,3466,1071,2944,0,100000,2                         
TEL,13744,S6,3466,1071,2944,0,100000,3                         
TEL,13745,S6,3466,1071,2944,0,100000,0                         
TEL,13746,S6,3466,1071,2944,0,100000,1                         
TEL,13747,S6,3466,1071,2944,0,100000,2                         
TEL,13748,S6,3466,1071,2944,0,100000,3                         
TEL,13749,S6,3466,1071,2944,0,100000,0                         
TEL,13750,S6,3466,1071,2944,0,100000,1                         
TEL,13751,S6,3466,1071,2944,0,100000,2                         
TEL,13752,S6,3466,1071,2944,0,100000,3                         
TEL,13753,S6,3466,1071,2944,0,100000,0                         
TEL,13754,S6,3466,1071,2944,0,100000,1                         
TEL,13755,S6,3466,1071,2944,0,100000,2                         
TEL,13756,S6,3466,1071,2944,0,100000,3                         
TEL,13757,S6,3466,1071,2944,0,100000,0                         
TEL,13758,S6,3466,1071,2944,0,100000,1                         
TEL,13759,S6,3466,1071,2944,0,100000,2                         
TEL,13760,S6,3466,1071,2944,0,100000,3                         
TEL,13761,S6,3466,1071,2944,0,100000,0                         
TEL,13762,S6,3466,1071,2944,0,100000,1                         
TEL,13763,S6,3466,1071,2944,0,100000,2                         
TEL,13764,S6,3466,1071,2944,0,100000,3                         
TEL,13765,S6,3466,1071,2944,0,100000,0                         
TEL,13766,S6,3466,1071,2944,0,100000,1                         
TEL,13767,S6,3466,1071,2944,0,100000,2                         
TEL,13768,S6,3466,1071,2944,0,100000,3                         
TEL,13769,S6,3435,1070,2944,0,100000,0                         
TEL,13770,S6,3435,1070,2944,0,100000,1                         
TEL,13771,S6,3435,1070,2944,0,100000,2                         
TEL,13772,S6,3435,1070,2944,0,100000,3                         
TEL,13773,S6,3466,1071,2944,0,100000,0                         
TEL,13774,S6,3466,1071,2944,0,100000,1                         
TEL,13775,S6,3466,1071,2944,0,100000,2                         
TEL,13776,S6,3466,1071,2944,0,100000,3                         
TEL,13777,S6,3529,1073,2944,0,100000,0                         
TEL,13778,S6,3529,1073,2944,0,100000,1                         
TEL,13779,S6,3529,1073,2944,0,100000,2                         
TEL,13780,S6,3529,1073,2944,0,100000,3                         
BTN,110,S6,PRESSED,13781,304869915,304869932,304869934         
TEL,13782,S6,3466,1071,2944,0,100000,0                         
TEL,13783,S6,3466,1071,2944,0,100000,1                         
TEL,13784,S6,3466,1071,2944,0,100000,2                         
TEL,13785,S6,3466,1071,2944,0,100000,3                         
TEL,13786,S6,3466,1071,2944,0,100000,0                         
TEL,13787,S6,3466,1071,2944,0,100000,1                         
TEL,13788,S6,3466,1071,2944,0,100000,2                         
TEL,13789,S6,3466,1071,2944,0,100000,3                         
TEL,13790,S6,3466,1071,2944,0,100000,0                         
TEL,13791,S6,3466,1071,2944,0,100000,1                         
TEL,13792,S6,3466,1071,2944,0,100000,2                         
TEL,13793,S6,3466,1071,2944,0,100000,3                         
TEL,13794,S6,3466,1071,2944,0,100000,0                         
TEL,13795,S6,3466,1071,2944,0,100000,1                         
TEL,13796,S6,3466,1071,2944,0,100000,2                         
TEL,13797,S6,3466,1071,2944,0,100000,3                         
TEL,13798,S6,3466,1071,2944,0,100000,0                         
TEL,13799,S6,3466,1071,2944,0,100000,1                         
TEL,13800,S6,3466,1071,2944,0,100000,2                         
TEL,13801,S6,3466,1071,2944,0,100000,3                         
TEL,13802,S6,3466,1071,2944,0,100000,0                         
TEL,13803,S6,3466,1071,2944,0,100000,1                         
TEL,13804,S6,3466,1071,2944,0,100000,2                         
TEL,13805,S6,3466,1071,2944,0,100000,3                         
TEL,13806,S6,3435,1070,2944,0,100000,0                         
TEL,13807,S6,3435,1070,2944,0,100000,1                         
TEL,13808,S6,3435,1070,2944,0,100000,2                         
TEL,13809,S6,3435,1070,2944,0,100000,3                         
TEL,13810,S6,3466,1071,2944,0,100000,0                         
TEL,13811,S6,3466,1071,2944,0,100000,1                         
TEL,13812,S6,3466,1071,2944,0,100000,2                         
TEL,13813,S6,3466,1071,2944,0,100000,3                         
TEL,13814,S6,3466,1071,2944,0,100000,0                         
TEL,13815,S6,3466,1071,2944,0,100000,1                         
TEL,13816,S6,3466,1071,2944,0,100000,2                         
TEL,13817,S6,3466,1071,2944,0,100000,3                         
TEL,13818,S6,3466,1071,2944,0,100000,0                         
TEL,13819,S6,3466,1071,2944,0,100000,1                         
TEL,13820,S6,3466,1071,2944,0,100000,2                         
TEL,13821,S6,3466,1071,2944,0,100000,3                         
TEL,13822,S6,3435,1070,2944,0,100000,0                         
TEL,13823,S6,3435,1070,2944,0,100000,1                         
TEL,13824,S6,3435,1070,2944,0,100000,2                         
TEL,13825,S6,3435,1070,2944,0,100000,3                         
TEL,13826,S6,3466,1071,2944,0,100000,0                         
TEL,13827,S6,3466,1071,2944,0,100000,1                         
TEL,13828,S6,3466,1071,2944,0,100000,2                         
TEL,13829,S6,3466,1071,2944,0,100000,3                         
TEL,13830,S6,3466,1071,2944,0,100000,0                         
TEL,13831,S6,3466,1071,2944,0,100000,1                         
TEL,13832,S6,3466,1071,2944,0,100000,2                         
TEL,13833,S6,3466,1071,2944,0,100000,3                         
TEL,13834,S6,3466,1071,2944,0,100000,0                         
TEL,13835,S6,3466,1071,2944,0,100000,1                         
TEL,13836,S6,3466,1071,2944,0,100000,2                         
TEL,13837,S6,3466,1071,2944,0,100000,3                         
BTN,111,S6,PRESSED,13838,306243090,306243111,306243113         
TEL,13839,S6,3435,1070,2944,0,100000,0                         
TEL,13840,S6,3435,1070,2944,0,100000,1                         
TEL,13841,S6,3435,1070,2944,0,100000,2                         
TEL,13842,S6,3435,1070,2944,0,100000,3                         
TEL,13843,S6,3466,1071,2944,0,100000,0                         
TEL,13844,S6,3466,1071,2944,0,100000,1                         
TEL,13845,S6,3466,1071,2944,0,100000,2                         
TEL,13846,S6,3466,1071,2944,0,100000,3                         
TEL,13847,S6,3529,1073,2944,0,100000,0                         
TEL,13848,S6,3529,1073,2944,0,100000,1                         
TEL,13849,S6,3529,1073,2944,0,100000,2                         
TEL,13850,S6,3529,1073,2944,0,100000,3                         
TEL,13851,S6,3435,1070,2944,0,100000,0                         
TEL,13852,S6,3435,1070,2944,0,100000,1                         
TEL,13853,S6,3435,1070,2944,0,100000,2                         
TEL,13854,S6,3435,1070,2944,0,100000,3                         
TEL,13855,S6,3466,1071,2944,0,100000,0                         
TEL,13856,S6,3466,1071,2944,0,100000,1                         
TEL,13857,S6,3466,1071,2944,0,100000,2                         
TEL,13858,S6,3466,1071,2944,0,100000,3                         
TEL,13859,S6,3466,1071,2944,0,100000,0                         
TEL,13860,S6,3466,1071,2944,0,100000,1                         
TEL,13861,S6,3466,1071,2944,0,100000,2                         
TEL,13862,S6,3466,1071,2944,0,100000,3                         
TEL,13863,S6,3466,1071,2944,0,100000,0                         
TEL,13864,S6,3466,1071,2944,0,100000,1                         
TEL,13865,S6,3466,1071,2944,0,100000,2                         
TEL,13866,S6,3466,1071,2944,0,100000,3                         
TEL,13867,S6,3591,1075,2944,0,100000,0                         
TEL,13868,S6,3591,1075,2944,0,100000,1                         
TEL,13869,S6,3591,1075,2944,0,100000,2                         
TEL,13870,S6,3591,1075,2944,0,100000,3                         
TEL,13871,S6,3529,1073,2944,0,100000,0                         
TEL,13872,S6,3529,1073,2944,0,100000,1                         
TEL,13873,S6,3529,1073,2944,0,100000,2                         
TEL,13874,S6,3529,1073,2944,0,100000,3                         
TEL,13875,S6,3466,1071,2944,0,100000,0                         
TEL,13876,S6,3466,1071,2944,0,100000,1                         
TEL,13877,S6,3466,1071,2944,0,100000,2                         
TEL,13878,S6,3466,1071,2944,0,100000,3                         
TEL,13879,S6,3560,1074,2944,0,100000,0                         
TEL,13880,S6,3560,1074,2944,0,100000,1                         
TEL,13881,S6,3560,1074,2944,0,100000,2                         
TEL,13882,S6,3560,1074,2944,0,100000,3                         
TEL,13883,S6,3466,1071,2944,0,100000,0                         
TEL,13884,S6,3466,1071,2944,0,100000,1                         
TEL,13885,S6,3466,1071,2944,0,100000,2                         
TEL,13886,S6,3466,1071,2944,0,100000,3                         
TEL,13887,S6,3466,1071,2944,0,100000,0                         
TEL,13888,S6,3466,1071,2944,0,100000,1                         
TEL,13889,S6,3466,1071,2944,0,100000,2                         
TEL,13890,S6,3466,1071,2944,0,100000,3                         
TEL,13891,S6,3560,1074,2944,0,100000,0                         
TEL,13892,S6,3560,1074,2944,0,100000,1                         
TEL,13893,S6,3560,1074,2944,0,100000,2                         
TEL,13894,S6,3560,1074,2944,0,100000,3                         
TEL,13895,S6,3591,1075,2944,0,100000,0                         
TEL,13896,S6,3591,1075,2944,0,100000,1                         
TEL,13897,S6,3591,1075,2944,0,100000,2                         
TEL,13898,S6,3591,1075,2944,0,100000,3                         
BTN,112,S6,PRESSED,13899,307742343,307742360,307742362         
TEL,13900,S6,3404,1069,2944,0,100000,0                         
TEL,13901,S6,3404,1069,2944,0,100000,1                         
TEL,13902,S6,3404,1069,2944,0,100000,2                         
TEL,13903,S6,3404,1069,2944,0,100000,3                         
TEL,13904,S6,3466,1071,2944,0,100000,0                         
TEL,13905,S6,3466,1071,2944,0,100000,1                         
TEL,13906,S6,3466,1071,2944,0,100000,2                         
TEL,13907,S6,3466,1071,2944,0,100000,3                         
TEL,13908,S6,3435,1070,2944,0,100000,0                         
TEL,13909,S6,3435,1070,2944,0,100000,1                         
TEL,13910,S6,3435,1070,2944,0,100000,2                         
TEL,13911,S6,3435,1070,2944,0,100000,3                         
TEL,13912,S6,3466,1071,2944,0,100000,0                         
TEL,13913,S6,3466,1071,2944,0,100000,1                         
TEL,13914,S6,3466,1071,2944,0,100000,2                         
TEL,13915,S6,3466,1071,2944,0,100000,3                         
TEL,13916,S6,3373,1068,2944,0,100000,0                         
TEL,13917,S6,3373,1068,2944,0,100000,1                         
TEL,13918,S6,3373,1068,2944,0,100000,2                         
TEL,13919,S6,3373,1068,2944,0,100000,3                         
TEL,13920,S6,3466,1071,2944,0,100000,0                         
TEL,13921,S6,3466,1071,2944,0,100000,1                         
TEL,13922,S6,3466,1071,2944,0,100000,2                         
TEL,13923,S6,3466,1071,2944,0,100000,3                         
TEL,13924,S6,3466,1071,2944,0,100000,0                         
TEL,13925,S6,3466,1071,2944,0,100000,1                         
TEL,13926,S6,3466,1071,2944,0,100000,2                         
TEL,13927,S6,3466,1071,2944,0,100000,3                         
TEL,13928,S6,3466,1071,2944,0,100000,0                         
TEL,13929,S6,3466,1071,2944,0,100000,1                         
TEL,13930,S6,3466,1071,2944,0,100000,2                         
TEL,13931,S6,3466,1071,2944,0,100000,3                         
TEL,13932,S6,3373,1068,2944,0,100000,0                         
TEL,13933,S6,3373,1068,2944,0,100000,1                         
TEL,13934,S6,3373,1068,2944,0,100000,2                         
TEL,13935,S6,3373,1068,2944,0,100000,3                         
TEL,13936,S6,3466,1071,2944,0,100000,0                         
TEL,13937,S6,3466,1071,2944,0,100000,1                         
TEL,13938,S6,3466,1071,2944,0,100000,2                         
TEL,13939,S6,3466,1071,2944,0,100000,3                         
TEL,13940,S6,3560,1074,2944,0,100000,0                         
TEL,13941,S6,3560,1074,2944,0,100000,1                         
TEL,13942,S6,3560,1074,2944,0,100000,2                         
TEL,13943,S6,3560,1074,2944,0,100000,3                         
TEL,13944,S6,3466,1071,2944,0,100000,0                         
TEL,13945,S6,3466,1071,2944,0,100000,1                         
TEL,13946,S6,3466,1071,2944,0,100000,2                         
TEL,13947,S6,3466,1071,2944,0,100000,3                         
TEL,13948,S6,3373,1068,2944,0,100000,0                         
TEL,13949,S6,3373,1068,2944,0,100000,1                         
TEL,13950,S6,3373,1068,2944,0,100000,2                         
TEL,13951,S6,3373,1068,2944,0,100000,3                         
TEL,13952,S6,3466,1071,2944,0,100000,0                         
TEL,13953,S6,3466,1071,2944,0,100000,1                         
TEL,13954,S6,3466,1071,2944,0,100000,2                         
TEL,13955,S6,3466,1071,2944,0,100000,3                         
TEL,13956,S6,3466,1071,2944,0,100000,0                         
TEL,13957,S6,3466,1071,2944,0,100000,1                         
TEL,13958,S6,3466,1071,2944,0,100000,2                         
TEL,13959,S6,3466,1071,2944,0,100000,3                         
BTN,113,S6,PRESSED,13960,309250256,309250273,309250275         
TEL,13961,S6,3466,1071,2944,0,100000,0                         
TEL,13962,S6,3466,1071,2944,0,100000,1                         
TEL,13963,S6,3466,1071,2944,0,100000,2                         
TEL,13964,S6,3466,1071,2944,0,100000,3                         
TEL,13965,S6,3529,1073,2944,0,100000,0                         
TEL,13966,S6,3529,1073,2944,0,100000,1                         
TEL,13967,S6,3529,1073,2944,0,100000,2                         
TEL,13968,S6,3529,1073,2944,0,100000,3                         
TEL,13969,S6,3466,1071,2944,0,100000,0                         
TEL,13970,S6,3466,1071,2944,0,100000,1                         
TEL,13971,S6,3466,1071,2944,0,100000,2                         
TEL,13972,S6,3466,1071,2944,0,100000,3                         
TEL,13973,S6,3466,1071,2944,0,100000,0                         
TEL,13974,S6,3466,1071,2944,0,100000,1                         
TEL,13975,S6,3466,1071,2944,0,100000,2                         
TEL,13976,S6,3466,1071,2944,0,100000,3                         
TEL,13977,S6,3466,1071,2944,0,100000,0                         
TEL,13978,S6,3466,1071,2944,0,100000,1                         
TEL,13979,S6,3466,1071,2944,0,100000,2                         
TEL,13980,S6,3466,1071,2944,0,100000,3                         
TEL,13981,S6,3466,1071,2944,0,100000,0                         
TEL,13982,S6,3466,1071,2944,0,100000,1                         
TEL,13983,S6,3466,1071,2944,0,100000,2                         
TEL,13984,S6,3466,1071,2944,0,100000,3                         
TEL,13985,S6,3466,1071,2944,0,100000,0                         
TEL,13986,S6,3466,1071,2944,0,100000,1                         
TEL,13987,S6,3466,1071,2944,0,100000,2                         
TEL,13988,S6,3466,1071,2944,0,100000,3                         
TEL,13989,S6,3466,1071,2944,0,100000,0                         
TEL,13990,S6,3466,1071,2944,0,100000,1                         
TEL,13991,S6,3466,1071,2944,0,100000,2                         
TEL,13992,S6,3466,1071,2944,0,100000,3                         
TEL,13993,S6,3529,1073,2944,0,100000,0                         
TEL,13994,S6,3529,1073,2944,0,100000,1                         
TEL,13995,S6,3529,1073,2944,0,100000,2                         
TEL,13996,S6,3529,1073,2944,0,100000,3                         
TEL,13997,S6,3466,1071,2944,0,100000,0                         
TEL,13998,S6,3466,1071,2944,0,100000,1                         
TEL,13999,S6,3466,1071,2944,0,100000,2                         
TEL,14000,S6,3466,1071,2944,0,100000,3                         
TEL,14001,S6,3466,1071,2944,0,100000,0                         
TEL,14002,S6,3466,1071,2944,0,100000,1                         
TEL,14003,S6,3466,1071,2944,0,100000,2                         
TEL,14004,S6,3466,1071,2944,0,100000,3                         
TEL,14005,S6,3466,1071,2944,0,100000,0                         
TEL,14006,S6,3466,1071,2944,0,100000,1                         
TEL,14007,S6,3466,1071,2944,0,100000,2                         
TEL,14008,S6,3466,1071,2944,0,100000,3                         
TEL,14009,S6,3435,1070,2944,0,100000,0                         
TEL,14010,S6,3435,1070,2944,0,100000,1                         
TEL,14011,S6,3435,1070,2944,0,100000,2                         
TEL,14012,S6,3435,1070,2944,0,100000,3                         
TEL,14013,S6,3466,1071,2944,0,100000,0                         
TEL,14014,S6,3466,1071,2944,0,100000,1                         
TEL,14015,S6,3466,1071,2944,0,100000,2                         
TEL,14016,S6,3466,1071,2944,0,100000,3                         
TEL,14017,S6,3466,1071,2944,0,100000,0                         
TEL,14018,S6,3466,1071,2944,0,100000,1                         
TEL,14019,S6,3466,1071,2944,0,100000,2                         
TEL,14020,S6,3466,1071,2944,0,100000,3                         
BTN,114,S6,PRESSED,14021,310742820,310742838,310742839         
TEL,14022,S6,3466,1071,2944,0,100000,0                         
TEL,14023,S6,3466,1071,2944,0,100000,1                         
TEL,14024,S6,3466,1071,2944,0,100000,2                         
TEL,14025,S6,3466,1071,2944,0,100000,3                         
TEL,14026,S6,3466,1071,2944,0,100000,0                         
TEL,14027,S6,3466,1071,2944,0,100000,1                         
TEL,14028,S6,3466,1071,2944,0,100000,2                         
TEL,14029,S6,3466,1071,2944,0,100000,3                         
TEL,14030,S6,3435,1070,2944,0,100000,0                         
TEL,14031,S6,3435,1070,2944,0,100000,1                         
TEL,14032,S6,3435,1070,2944,0,100000,2                         
TEL,14033,S6,3435,1070,2944,0,100000,3                         
TEL,14034,S6,3498,1072,2944,0,100000,0                         
TEL,14035,S6,3498,1072,2944,0,100000,1                         
TEL,14036,S6,3498,1072,2944,0,100000,2                         
TEL,14037,S6,3498,1072,2944,0,100000,3                         
TEL,14038,S6,3466,1071,2944,0,100000,0                         
TEL,14039,S6,3466,1071,2944,0,100000,1                         
TEL,14040,S6,3466,1071,2944,0,100000,2                         
TEL,14041,S6,3466,1071,2944,0,100000,3                         
TEL,14042,S6,3435,1070,2944,0,100000,0                         
TEL,14043,S6,3435,1070,2944,0,100000,1                         
TEL,14044,S6,3435,1070,2944,0,100000,2                         
TEL,14045,S6,3435,1070,2944,0,100000,3                         
TEL,14046,S6,3560,1074,2944,0,100000,0                         
TEL,14047,S6,3560,1074,2944,0,100000,1                         
TEL,14048,S6,3560,1074,2944,0,100000,2                         
TEL,14049,S6,3560,1074,2944,0,100000,3                         
TEL,14050,S6,3466,1071,2944,0,100000,0                         
TEL,14051,S6,3466,1071,2944,0,100000,1                         
TEL,14052,S6,3466,1071,2944,0,100000,2                         
TEL,14053,S6,3466,1071,2944,0,100000,3                         
TEL,14054,S6,3466,1071,2944,0,100000,0                         
TEL,14055,S6,3466,1071,2944,0,100000,1                         
TEL,14056,S6,3466,1071,2944,0,100000,2                         
TEL,14057,S6,3466,1071,2944,0,100000,3                         
TEL,14058,S6,3466,1071,2944,0,100000,0                         
TEL,14059,S6,3466,1071,2944,0,100000,1                         
TEL,14060,S6,3466,1071,2944,0,100000,2                         
TEL,14061,S6,3466,1071,2944,0,100000,3                         
TEL,14062,S6,3466,1071,2944,0,100000,0                         
TEL,14063,S6,3466,1071,2944,0,100000,1                         
TEL,14064,S6,3466,1071,2944,0,100000,2                         
TEL,14065,S6,3466,1071,2944,0,100000,3                         
TEL,14066,S6,3466,1071,2944,0,100000,0                         
TEL,14067,S6,3466,1071,2944,0,100000,1                         
TEL,14068,S6,3466,1071,2944,0,100000,2                         
TEL,14069,S6,3466,1071,2944,0,100000,3                         
TEL,14070,S6,3466,1071,2944,0,100000,0                         
TEL,14071,S6,3466,1071,2944,0,100000,1                         
TEL,14072,S6,3466,1071,2944,0,100000,2                         
TEL,14073,S6,3466,1071,2944,0,100000,3                         
TEL,14074,S6,3466,1071,2944,0,100000,0                         
TEL,14075,S6,3466,1071,2944,0,100000,1                         
TEL,14076,S6,3466,1071,2944,0,100000,2                         
TEL,14077,S6,3466,1071,2944,0,100000,3                         
TEL,14078,S6,3466,1071,2944,0,100000,0                         
TEL,14079,S6,3466,1071,2944,0,100000,1                         
TEL,14080,S6,3466,1071,2944,0,100000,2                         
TEL,14081,S6,3466,1071,2944,0,100000,3                         
BTN,115,S6,PRESSED,14082,312339098,312339116,312339118         
TEL,14083,S6,3466,1071,2944,0,100000,0                         
TEL,14084,S6,3466,1071,2944,0,100000,1                         
TEL,14085,S6,3466,1071,2944,0,100000,2                         
TEL,14086,S6,3466,1071,2944,0,100000,3                         
TEL,14087,S6,3529,1073,2944,0,100000,0                         
TEL,14088,S6,3529,1073,2944,0,100000,1                         
TEL,14089,S6,3529,1073,2944,0,100000,2                         
TEL,14090,S6,3529,1073,2944,0,100000,3                         
TEL,14091,S6,3342,1067,2944,0,100000,0                         
TEL,14092,S6,3342,1067,2944,0,100000,1                         
TEL,14093,S6,3342,1067,2944,0,100000,2                         
TEL,14094,S6,3342,1067,2944,0,100000,3                         
TEL,14095,S6,3466,1071,2944,0,100000,0                         
TEL,14096,S6,3466,1071,2944,0,100000,1                         
TEL,14097,S6,3466,1071,2944,0,100000,2                         
TEL,14098,S6,3466,1071,2944,0,100000,3                         
TEL,14099,S6,3435,1070,2944,0,100000,0                         
TEL,14100,S6,3435,1070,2944,0,100000,1                         
TEL,14101,S6,3435,1070,2944,0,100000,2                         
TEL,14102,S6,3435,1070,2944,0,100000,3                         
TEL,14103,S6,3466,1071,2944,0,100000,0                         
TEL,14104,S6,3466,1071,2944,0,100000,1                         
TEL,14105,S6,3466,1071,2944,0,100000,2                         
TEL,14106,S6,3466,1071,2944,0,100000,3                         
TEL,14107,S6,3466,1071,2944,0,100000,0                         
TEL,14108,S6,3466,1071,2944,0,100000,1                         
TEL,14109,S6,3466,1071,2944,0,100000,2                         
TEL,14110,S6,3466,1071,2944,0,100000,3                         
TEL,14111,S6,3529,1073,2944,0,100000,0                         
TEL,14112,S6,3529,1073,2944,0,100000,1                         
TEL,14113,S6,3529,1073,2944,0,100000,2                         
TEL,14114,S6,3529,1073,2944,0,100000,3                         
TEL,14115,S6,3466,1071,2944,0,100000,0                         
TEL,14116,S6,3466,1071,2944,0,100000,1                         
TEL,14117,S6,3466,1071,2944,0,100000,2                         
TEL,14118,S6,3466,1071,2944,0,100000,3                         
TEL,14119,S6,3529,1073,2944,0,100000,0                         
TEL,14120,S6,3529,1073,2944,0,100000,1                         
TEL,14121,S6,3529,1073,2944,0,100000,2                         
TEL,14122,S6,3529,1073,2944,0,100000,3                         
TEL,14123,S6,3435,1070,2944,0,100000,0                         
TEL,14124,S6,3435,1070,2944,0,100000,1                         
TEL,14125,S6,3435,1070,2944,0,100000,2                         
TEL,14126,S6,3435,1070,2944,0,100000,3                         
TEL,14127,S6,3529,1073,2944,0,100000,0                         
TEL,14128,S6,3529,1073,2944,0,100000,1                         
TEL,14129,S6,3529,1073,2944,0,100000,2                         
TEL,14130,S6,3529,1073,2944,0,100000,3                         
TEL,14131,S6,3466,1071,2944,0,100000,0                         
TEL,14132,S6,3466,1071,2944,0,100000,1                         
TEL,14133,S6,3466,1071,2944,0,100000,2                         
TEL,14134,S6,3466,1071,2944,0,100000,3                         
TEL,14135,S6,3560,1074,2944,0,100000,0                         
TEL,14136,S6,3560,1074,2944,0,100000,1                         
TEL,14137,S6,3560,1074,2944,0,100000,2                         
TEL,14138,S6,3560,1074,2944,0,100000,3                         
TEL,14139,S6,3498,1072,2944,0,100000,0                         
TEL,14140,S6,3498,1072,2944,0,100000,1                         
TEL,14141,S6,3498,1072,2944,0,100000,2                         
TEL,14142,S6,3498,1072,2944,0,100000,3                         
TEL,14143,S6,3466,1071,2944,0,100000,0                         
TEL,14144,S6,3466,1071,2944,0,100000,1                         
TEL,14145,S6,3466,1071,2944,0,100000,2                         
TEL,14146,S6,3466,1071,2944,0,100000,3                         
BTN,116,S6,PRESSED,14147,313922686,313922703,313922705         
TEL,14148,S6,3466,1071,2944,0,100000,0                         
TEL,14149,S6,3466,1071,2944,0,100000,1                         
TEL,14150,S6,3466,1071,2944,0,100000,2                         
TEL,14151,S6,3466,1071,2944,0,100000,3                         
TEL,14152,S6,3466,1071,2944,0,100000,0                         
TEL,14153,S6,3466,1071,2944,0,100000,1                         
TEL,14154,S6,3466,1071,2944,0,100000,2                         
TEL,14155,S6,3466,1071,2944,0,100000,3                         
TEL,14156,S6,3373,1068,2944,0,100000,0                         
TEL,14157,S6,3373,1068,2944,0,100000,1                         
TEL,14158,S6,3373,1068,2944,0,100000,2                         
TEL,14159,S6,3373,1068,2944,0,100000,3                         
TEL,14160,S6,3529,1073,2944,0,100000,0                         
TEL,14161,S6,3529,1073,2944,0,100000,1                         
TEL,14162,S6,3529,1073,2944,0,100000,2                         
TEL,14163,S6,3529,1073,2944,0,100000,3                         
TEL,14164,S6,3529,1073,2944,0,100000,0                         
TEL,14165,S6,3529,1073,2944,0,100000,1                         
TEL,14166,S6,3529,1073,2944,0,100000,2                         
TEL,14167,S6,3529,1073,2944,0,100000,3                         
TEL,14168,S6,3466,1071,2944,0,100000,0                         
TEL,14169,S6,3466,1071,2944,0,100000,1                         
TEL,14170,S6,3466,1071,2944,0,100000,2                         
TEL,14171,S6,3466,1071,2944,0,100000,3                         
TEL,14172,S6,3373,1068,2944,0,100000,0                         
TEL,14173,S6,3373,1068,2944,0,100000,1                         
TEL,14174,S6,3373,1068,2944,0,100000,2                         
TEL,14175,S6,3373,1068,2944,0,100000,3                         
TEL,14176,S6,3466,1071,2944,0,100000,0                         
TEL,14177,S6,3466,1071,2944,0,100000,1                         
TEL,14178,S6,3466,1071,2944,0,100000,2                         
TEL,14179,S6,3466,1071,2944,0,100000,3                         
TEL,14180,S6,3466,1071,2944,0,100000,0                         
TEL,14181,S6,3466,1071,2944,0,100000,1                         
TEL,14182,S6,3466,1071,2944,0,100000,2                         
TEL,14183,S6,3466,1071,2944,0,100000,3                         
TEL,14184,S6,3466,1071,2944,0,100000,0                         
TEL,14185,S6,3466,1071,2944,0,100000,1                         
TEL,14186,S6,3466,1071,2944,0,100000,2                         
TEL,14187,S6,3466,1071,2944,0,100000,3                         
TEL,14188,S6,3373,1068,2944,0,100000,0                         
TEL,14189,S6,3373,1068,2944,0,100000,1                         
TEL,14190,S6,3373,1068,2944,0,100000,2                         
TEL,14191,S6,3373,1068,2944,0,100000,3                         
TEL,14192,S6,3466,1071,2944,0,100000,0                         
TEL,14193,S6,3466,1071,2944,0,100000,1                         
TEL,14194,S6,3466,1071,2944,0,100000,2                         
TEL,14195,S6,3466,1071,2944,0,100000,3                         
TEL,14196,S6,3466,1071,2944,0,100000,0                         
TEL,14197,S6,3466,1071,2944,0,100000,1                         
TEL,14198,S6,3466,1071,2944,0,100000,2                         
TEL,14199,S6,3466,1071,2944,0,100000,3                         
TEL,14200,S6,3466,1071,2944,0,100000,0                         
TEL,14201,S6,3466,1071,2944,0,100000,1                         
TEL,14202,S6,3466,1071,2944,0,100000,2                         
TEL,14203,S6,3466,1071,2944,0,100000,3                         
TEL,14204,S6,3373,1068,2944,0,100000,0                         
TEL,14205,S6,3373,1068,2944,0,100000,1                         
TEL,14206,S6,3373,1068,2944,0,100000,2                         
TEL,14207,S6,3373,1068,2944,0,100000,3                         
TEL,14208,S6,3466,1071,2944,0,100000,0                         
TEL,14209,S6,3466,1071,2944,0,100000,1                         
TEL,14210,S6,3466,1071,2944,0,100000,2                         
TEL,14211,S6,3466,1071,2944,0,100000,3                         
BTN,117,S6,PRESSED,14212,315467931,315467949,315467950         
TEL,14213,S6,3466,1071,2944,0,100000,0                         
TEL,14214,S6,3466,1071,2944,0,100000,1                         
TEL,14215,S6,3466,1071,2944,0,100000,2                         
TEL,14216,S6,3466,1071,2944,0,100000,3                         
TEL,14217,S6,3466,1071,2944,0,100000,0                         
TEL,14218,S6,3466,1071,2944,0,100000,1                         
TEL,14219,S6,3466,1071,2944,0,100000,2                         
TEL,14220,S6,3466,1071,2944,0,100000,3                         
TEL,14221,S6,3466,1071,2944,0,100000,0                         
TEL,14222,S6,3466,1071,2944,0,100000,1                         
TEL,14223,S6,3466,1071,2944,0,100000,2                         
TEL,14224,S6,3466,1071,2944,0,100000,3                         
TEL,14225,S6,3466,1071,2944,0,100000,0                         
TEL,14226,S6,3466,1071,2944,0,100000,1                         
TEL,14227,S6,3466,1071,2944,0,100000,2                         
TEL,14228,S6,3466,1071,2944,0,100000,3                         
TEL,14229,S6,3466,1071,2944,0,100000,0                         
TEL,14230,S6,3466,1071,2944,0,100000,1                         
TEL,14231,S6,3466,1071,2944,0,100000,2                         
TEL,14232,S6,3466,1071,2944,0,100000,3                         
TEL,14233,S6,3466,1071,2944,0,100000,0                         
TEL,14234,S6,3466,1071,2944,0,100000,1                         
TEL,14235,S6,3466,1071,2944,0,100000,2                         
TEL,14236,S6,3466,1071,2944,0,100000,3                         
TEL,14237,S6,3529,1073,2944,0,100000,0                         
TEL,14238,S6,3529,1073,2944,0,100000,1                         
TEL,14239,S6,3529,1073,2944,0,100000,2                         
TEL,14240,S6,3529,1073,2944,0,100000,3                         
TEL,14241,S6,3466,1071,2944,0,100000,0                         
TEL,14242,S6,3466,1071,2944,0,100000,1                         
TEL,14243,S6,3466,1071,2944,0,100000,2                         
TEL,14244,S6,3466,1071,2944,0,100000,3                         
TEL,14245,S6,3466,1071,2944,0,100000,0                         
TEL,14246,S6,3466,1071,2944,0,100000,1                         
TEL,14247,S6,3466,1071,2944,0,100000,2                         
TEL,14248,S6,3466,1071,2944,0,100000,3                         
TEL,14249,S6,3498,1072,2944,0,100000,0                         
TEL,14250,S6,3498,1072,2944,0,100000,1                         
TEL,14251,S6,3498,1072,2944,0,100000,2                         
TEL,14252,S6,3498,1072,2944,0,100000,3                         
TEL,14253,S6,3560,1074,2944,0,100000,0                         
TEL,14254,S6,3560,1074,2944,0,100000,1                         
TEL,14255,S6,3560,1074,2944,0,100000,2                         
TEL,14256,S6,3560,1074,2944,0,100000,3                         
TEL,14257,S6,3466,1071,2944,0,100000,0                         
TEL,14258,S6,3466,1071,2944,0,100000,1                         
TEL,14259,S6,3466,1071,2944,0,100000,2                         
TEL,14260,S6,3466,1071,2944,0,100000,3                         
TEL,14261,S6,3466,1071,2944,0,100000,0                         
TEL,14262,S6,3466,1071,2944,0,100000,1                         
TEL,14263,S6,3466,1071,2944,0,100000,2                         
TEL,14264,S6,3466,1071,2944,0,100000,3                         
TEL,14265,S6,3560,1074,2944,0,100000,0                         
TEL,14266,S6,3560,1074,2944,0,100000,1                         
TEL,14267,S6,3560,1074,2944,0,100000,2                         
TEL,14268,S6,3560,1074,2944,0,100000,3                         
BTN,118,S6,PRESSED,14269,316933727,316933745,316933746         
TEL,14270,S6,3466,1071,2944,0,100000,0                         
TEL,14271,S6,3466,1071,2944,0,100000,1                         
TEL,14272,S6,3466,1071,2944,0,100000,2                         
TEL,14273,S6,3466,1071,2944,0,100000,3                         
TEL,14274,S6,3466,1071,2944,0,100000,0                         
TEL,14275,S6,3466,1071,2944,0,100000,1                         
TEL,14276,S6,3466,1071,2944,0,100000,2                         
TEL,14277,S6,3466,1071,2944,0,100000,3                         
TEL,14278,S6,3466,1071,2944,0,100000,0                         
TEL,14279,S6,3466,1071,2944,0,100000,1                         
TEL,14280,S6,3466,1071,2944,0,100000,2                         
TEL,14281,S6,3466,1071,2944,0,100000,3                         
TEL,14282,S6,3466,1071,2944,0,100000,0                         
TEL,14283,S6,3466,1071,2944,0,100000,1                         
TEL,14284,S6,3466,1071,2944,0,100000,2                         
TEL,14285,S6,3466,1071,2944,0,100000,3                         
TEL,14286,S6,3466,1071,2944,0,100000,0                         
TEL,14287,S6,3466,1071,2944,0,100000,1                         
TEL,14288,S6,3466,1071,2944,0,100000,2                         
TEL,14289,S6,3466,1071,2944,0,100000,3                         
TEL,14290,S6,3466,1071,2944,0,100000,0                         
TEL,14291,S6,3466,1071,2944,0,100000,1                         
TEL,14292,S6,3466,1071,2944,0,100000,2                         
TEL,14293,S6,3466,1071,2944,0,100000,3                         
TEL,14294,S6,3466,1071,2944,0,100000,0                         
TEL,14295,S6,3466,1071,2944,0,100000,1                         
TEL,14296,S6,3466,1071,2944,0,100000,2                         
TEL,14297,S6,3466,1071,2944,0,100000,3                         
TEL,14298,S6,3560,1074,2944,0,100000,0                         
TEL,14299,S6,3560,1074,2944,0,100000,1                         
TEL,14300,S6,3560,1074,2944,0,100000,2                         
TEL,14301,S6,3560,1074,2944,0,100000,3                         
TEL,14302,S6,3435,1070,2944,0,100000,0                         
TEL,14303,S6,3435,1070,2944,0,100000,1                         
TEL,14304,S6,3435,1070,2944,0,100000,2                         
TEL,14305,S6,3435,1070,2944,0,100000,3                         
TEL,14306,S6,3466,1071,2944,0,100000,0                         
TEL,14307,S6,3466,1071,2944,0,100000,1                         
TEL,14308,S6,3466,1071,2944,0,100000,2                         
TEL,14309,S6,3466,1071,2944,0,100000,3                         
TEL,14310,S6,3466,1071,2944,0,100000,0                         
TEL,14311,S6,3466,1071,2944,0,100000,1                         
TEL,14312,S6,3466,1071,2944,0,100000,2                         
TEL,14313,S6,3466,1071,2944,0,100000,3                         
TEL,14314,S6,3466,1071,2944,0,100000,0                         
TEL,14315,S6,3466,1071,2944,0,100000,1                         
TEL,14316,S6,3466,1071,2944,0,100000,2                         
TEL,14317,S6,3466,1071,2944,0,100000,3                         
TEL,14318,S6,3560,1074,2944,0,100000,0                         
TEL,14319,S6,3560,1074,2944,0,100000,1                         
TEL,14320,S6,3560,1074,2944,0,100000,2                         
TEL,14321,S6,3560,1074,2944,0,100000,3                         
TEL,14322,S6,3466,1071,2944,0,100000,0                         
TEL,14323,S6,3466,1071,2944,0,100000,1                         
TEL,14324,S6,3466,1071,2944,0,100000,2                         
TEL,14325,S6,3466,1071,2944,0,100000,3                         
TEL,14326,S6,3466,1071,2944,0,100000,0                         
TEL,14327,S6,3466,1071,2944,0,100000,1                         
TEL,14328,S6,3466,1071,2944,0,100000,2                         
TEL,14329,S6,3466,1071,2944,0,100000,3                         
BTN,119,S6,PRESSED,14330,318345807,318345824,318345826         
TEL,14331,S6,3466,1071,2944,0,100000,0                         
TEL,14332,S6,3466,1071,2944,0,100000,1                         
TEL,14333,S6,3466,1071,2944,0,100000,2                         
TEL,14334,S6,3466,1071,2944,0,100000,3                         
TEL,14335,S6,3466,1071,2944,0,100000,0                         
TEL,14336,S6,3466,1071,2944,0,100000,1                         
TEL,14337,S6,3466,1071,2944,0,100000,2                         
TEL,14338,S6,3466,1071,2944,0,100000,3                         
TEL,14339,S6,3466,1071,2944,0,100000,0                         
TEL,14340,S6,3466,1071,2944,0,100000,1                         
TEL,14341,S6,3466,1071,2944,0,100000,2                         
TEL,14342,S6,3466,1071,2944,0,100000,3                         
TEL,14343,S6,3466,1071,2944,0,100000,0                         
TEL,14344,S6,3466,1071,2944,0,100000,1                         
TEL,14345,S6,3466,1071,2944,0,100000,2                         
TEL,14346,S6,3466,1071,2944,0,100000,3                         
TEL,14347,S6,3466,1071,2944,0,100000,0                         
TEL,14348,S6,3466,1071,2944,0,100000,1                         
TEL,14349,S6,3466,1071,2944,0,100000,2                         
TEL,14350,S6,3466,1071,2944,0,100000,3                         
TEL,14351,S6,3466,1071,2944,0,100000,0                         
TEL,14352,S6,3466,1071,2944,0,100000,1                         
TEL,14353,S6,3466,1071,2944,0,100000,2                         
TEL,14354,S6,3466,1071,2944,0,100000,3                         
TEL,14355,S6,3435,1070,2944,0,100000,0                         
TEL,14356,S6,3435,1070,2944,0,100000,1                         
TEL,14357,S6,3435,1070,2944,0,100000,2                         
TEL,14358,S6,3435,1070,2944,0,100000,3                         
TEL,14359,S6,3466,1071,2944,0,100000,0                         
TEL,14360,S6,3466,1071,2944,0,100000,1                         
TEL,14361,S6,3466,1071,2944,0,100000,2                         
TEL,14362,S6,3466,1071,2944,0,100000,3                         
TEL,14363,S6,3498,1072,2944,0,100000,0                         
TEL,14364,S6,3498,1072,2944,0,100000,1                         
TEL,14365,S6,3498,1072,2944,0,100000,2                         
TEL,14366,S6,3498,1072,2944,0,100000,3                         
TEL,14367,S6,3466,1071,2944,0,100000,0                         
TEL,14368,S6,3466,1071,2944,0,100000,1                         
TEL,14369,S6,3466,1071,2944,0,100000,2                         
TEL,14370,S6,3466,1071,2944,0,100000,3                         
TEL,14371,S6,3529,1073,2944,0,100000,0                         
TEL,14372,S6,3529,1073,2944,0,100000,1                         
TEL,14373,S6,3529,1073,2944,0,100000,2                         
TEL,14374,S6,3529,1073,2944,0,100000,3                         
TEL,14375,S6,3466,1071,2944,0,100000,0                         
TEL,14376,S6,3466,1071,2944,0,100000,1                         
TEL,14377,S6,3466,1071,2944,0,100000,2                         
TEL,14378,S6,3466,1071,2944,0,100000,3                         
TEL,14379,S6,3466,1071,2944,0,100000,0                         
TEL,14380,S6,3466,1071,2944,0,100000,1                         
TEL,14381,S6,3466,1071,2944,0,100000,2                         
TEL,14382,S6,3466,1071,2944,0,100000,3                         
TEL,14383,S6,3466,1071,2944,0,100000,0                         
TEL,14384,S6,3466,1071,2944,0,100000,1                         
TEL,14385,S6,3466,1071,2944,0,100000,2                         
TEL,14386,S6,3466,1071,2944,0,100000,3                         
BTN,120,S6,PRESSED,14387,319829170,319829188,319829189         
TEL,14388,S6,3466,1071,2944,0,100000,0                         
TEL,14389,S6,3466,1071,2944,0,100000,1                         
TEL,14390,S6,3466,1071,2944,0,100000,2                         
TEL,14391,S6,3466,1071,2944,0,100000,3                         
TEL,14392,S6,3466,1071,2944,0,100000,0                         
TEL,14393,S6,3466,1071,2944,0,100000,1                         
TEL,14394,S6,3466,1071,2944,0,100000,2                         
TEL,14395,S6,3466,1071,2944,0,100000,3                         
TEL,14396,S6,3373,1068,2944,0,100000,0                         
TEL,14397,S6,3373,1068,2944,0,100000,1                         
TEL,14398,S6,3373,1068,2944,0,100000,2                         
TEL,14399,S6,3373,1068,2944,0,100000,3                         
TEL,14400,S6,3435,1070,2944,0,100000,0                         
TEL,14401,S6,3435,1070,2944,0,100000,1                         
TEL,14402,S6,3435,1070,2944,0,100000,2                         
TEL,14403,S6,3435,1070,2944,0,100000,3                         
TEL,14404,S6,3466,1071,2944,0,100000,0                         
TEL,14405,S6,3466,1071,2944,0,100000,1                         
TEL,14406,S6,3466,1071,2944,0,100000,2                         
TEL,14407,S6,3466,1071,2944,0,100000,3                         
TEL,14408,S6,3466,1071,2944,0,100000,0                         
TEL,14409,S6,3466,1071,2944,0,100000,1                         
TEL,14410,S6,3466,1071,2944,0,100000,2                         
TEL,14411,S6,3466,1071,2944,0,100000,3                         
TEL,14412,S6,3373,1068,2944,0,100000,0                         
TEL,14413,S6,3373,1068,2944,0,100000,1                         
TEL,14414,S6,3373,1068,2944,0,100000,2                         
TEL,14415,S6,3373,1068,2944,0,100000,3                         
TEL,14416,S6,3466,1071,2944,0,100000,0                         
TEL,14417,S6,3466,1071,2944,0,100000,1                         
TEL,14418,S6,3466,1071,2944,0,100000,2                         
TEL,14419,S6,3466,1071,2944,0,100000,3                         
TEL,14420,S6,3466,1071,2944,0,100000,0                         
TEL,14421,S6,3466,1071,2944,0,100000,1                         
TEL,14422,S6,3466,1071,2944,0,100000,2                         
TEL,14423,S6,3466,1071,2944,0,100000,3                         
TEL,14424,S6,3466,1071,2944,0,100000,0                         
TEL,14425,S6,3466,1071,2944,0,100000,1                         
TEL,14426,S6,3466,1071,2944,0,100000,2                         
TEL,14427,S6,3466,1071,2944,0,100000,3                         
TEL,14428,S6,3435,1070,2944,0,100000,0                         
TEL,14429,S6,3435,1070,2944,0,100000,1                         
TEL,14430,S6,3435,1070,2944,0,100000,2                         
TEL,14431,S6,3435,1070,2944,0,100000,3                         
TEL,14432,S6,3466,1071,2944,0,100000,0                         
TEL,14433,S6,3466,1071,2944,0,100000,1                         
TEL,14434,S6,3466,1071,2944,0,100000,2                         
TEL,14435,S6,3466,1071,2944,0,100000,3                         
TEL,14436,S6,3466,1071,2944,0,100000,0                         
TEL,14437,S6,3466,1071,2944,0,100000,1                         
TEL,14438,S6,3466,1071,2944,0,100000,2                         
TEL,14439,S6,3466,1071,2944,0,100000,3                         
TEL,14440,S6,3466,1071,2944,0,100000,0                         
TEL,14441,S6,3466,1071,2944,0,100000,1                         
TEL,14442,S6,3466,1071,2944,0,100000,2                         
TEL,14443,S6,3466,1071,2944,0,100000,3                         
TEL,14444,S6,3373,1068,2944,0,100000,0                         
TEL,14445,S6,3373,1068,2944,0,100000,1                         
TEL,14446,S6,3373,1068,2944,0,100000,2                         
TEL,14447,S6,3373,1068,2944,0,100000,3                         
TEL,14448,S6,3466,1071,2944,0,100000,0                         
TEL,14449,S6,3466,1071,2944,0,100000,1                         
TEL,14450,S6,3466,1071,2944,0,100000,2                         
TEL,14451,S6,3466,1071,2944,0,100000,3                         
TEL,14452,S6,3466,1071,2944,0,100000,0                         
TEL,14453,S6,3466,1071,2944,0,100000,1                         
TEL,14454,S6,3466,1071,2944,0,100000,2                         
TEL,14455,S6,3466,1071,2944,0,100000,3                         
TEL,14456,S6,3466,1071,2944,0,100000,0                         
TEL,14457,S6,3466,1071,2944,0,100000,1                         
TEL,14458,S6,3466,1071,2944,0,100000,2                         
TEL,14459,S6,3466,1071,2944,0,100000,3                         
TEL,14460,S6,3373,1068,2944,0,100000,0                         
TEL,14461,S6,3373,1068,2944,0,100000,1                         
TEL,14462,S6,3373,1068,2944,0,100000,2                         
TEL,14463,S6,3373,1068,2944,0,100000,3                         
TEL,14464,S6,3466,1071,2944,0,100000,0                         
TEL,14465,S6,3466,1071,2944,0,100000,1                         
TEL,14466,S6,3466,1071,2944,0,100000,2                         
TEL,14467,S6,3466,1071,2944,0,100000,3                         
TEL,14468,S6,3466,1071,2944,0,100000,0                         
TEL,14469,S6,3466,1071,2944,0,100000,1                         
TEL,14470,S6,3466,1071,2944,0,100000,2                         
TEL,14471,S6,3466,1071,2944,0,100000,3                         
TEL,14472,S6,3466,1071,2944,0,100000,0                         
TEL,14473,S6,3466,1071,2944,0,100000,1                         
TEL,14474,S6,3466,1071,2944,0,100000,2                         
TEL,14475,S6,3466,1071,2944,0,100000,3                         
TEL,14476,S6,3373,1068,2944,0,100000,0                         
TEL,14477,S6,3373,1068,2944,0,100000,1                         
TEL,14478,S6,3373,1068,2944,0,100000,2                         
TEL,14479,S6,3373,1068,2944,0,100000,3                         
TEL,14480,S6,3435,1070,2944,0,100000,0                         
TEL,14481,S6,3435,1070,2944,0,100000,1                         
TEL,14482,S6,3435,1070,2944,0,100000,2                         
TEL,14483,S6,3435,1070,2944,0,100000,3                         
TEL,14484,S6,3498,1072,2944,0,100000,0                         
TEL,14485,S6,3498,1072,2944,0,100000,1                         
TEL,14486,S6,3498,1072,2944,0,100000,2                         
TEL,14487,S6,3498,1072,2944,0,100000,3                         
TEL,14488,S6,3435,1070,2944,0,100000,0                         
TEL,14489,S6,3435,1070,2944,0,100000,1                         
TEL,14490,S6,3435,1070,2944,0,100000,2                         
TEL,14491,S6,3435,1070,2944,0,100000,3                         
TEL,14492,S6,3373,1068,2944,0,100000,0                         
TEL,14493,S6,3373,1068,2944,0,100000,1                         
TEL,14494,S6,3373,1068,2944,0,100000,2                         
TEL,14495,S6,3373,1068,2944,0,100000,3                         
TEL,14496,S6,3466,1071,2944,0,100000,0                         
TEL,14497,S6,3466,1071,2944,0,100000,1                         
TEL,14498,S6,3466,1071,2944,0,100000,2                         
TEL,14499,S6,3466,1071,2944,0,100000,3                         
TEL,14500,S6,3466,1071,2944,0,100000,0                         
TEL,14501,S6,3466,1071,2944,0,100000,1                         
TEL,14502,S6,3466,1071,2944,0,100000,2                         
TEL,14503,S6,3466,1071,2944,0,100000,3                         
TEL,14504,S6,3466,1071,2944,0,100000,0                         
TEL,14505,S6,3466,1071,2944,0,100000,1                         
TEL,14506,S6,3466,1071,2944,0,100000,2                         
TEL,14507,S6,3466,1071,2944,0,100000,3                         
TEL,14508,S6,3373,1068,2944,0,100000,0                         
TEL,14509,S6,3373,1068,2944,0,100000,1                         
TEL,14510,S6,3373,1068,2944,0,100000,2                         
TEL,14511,S6,3373,1068,2944,0,100000,3                         
TEL,14512,S6,3435,1070,2944,0,100000,0                         
TEL,14513,S6,3435,1070,2944,0,100000,1                         
TEL,14514,S6,3435,1070,2944,0,100000,2                         
TEL,14515,S6,3435,1070,2944,0,100000,3                         
TEL,14516,S6,3560,1074,2944,0,100000,0                         
TEL,14517,S6,3560,1074,2944,0,100000,1                         
TEL,14518,S6,3560,1074,2944,0,100000,2                         
TEL,14519,S6,3560,1074,2944,0,100000,3                         
TEL,14520,S6,3466,1071,2944,0,100000,0                         
TEL,14521,S6,3466,1071,2944,0,100000,1                         
TEL,14522,S6,3466,1071,2944,0,100000,2                         
TEL,14523,S6,3466,1071,2944,0,100000,3                         
ACK,14524,S0,BT                                                
REC,S6,91,277256174,18,1,71,2781,ok                            
REC,S6,92,278707769,18,1,71,2783,ok                            
REC,S6,93,280099373,17,2,71,2781,ok                            
REC,S6,94,281359063,17,2,71,2783,ok                            
REC,S6,95,283004627,18,1,72,2779,ok                            
REC,S6,96,284529576,17,2,71,2783,ok                            
REC,S6,97,285966865,18,1,72,2782,ok                            
REC,S6,98,287515116,17,2,76,2784,ok                            
REC,S6,99,288960452,18,1,72,2783,ok                            
REC,S6,100,290491794,17,2,72,2780,ok                           
REC,S6,101,291862999,18,2,72,2780,ok                           
REC,S6,102,293376975,18,1,72,2780,ok                           
REC,S6,103,294728129,18,2,76,2781,ok                           
REC,S6,104,296213070,17,2,72,2783,ok                           
REC,S6,105,297663637,18,1,73,2781,ok                           
REC,S6,106,299042292,17,2,10278,2780,ok                        
REC,S6,107,300559824,18,1,73,2781,ok                           
REC,S6,108,301988861,17,2,72,2783,ok                           
REC,S6,109,303476886,17,2,73,2781,ok                           
REC,S6,110,304869915,17,2,73,2780,ok                           
REC,S6,111,306243090,21,2,9475,2779,ok                         
REC,S6,112,307742343,17,2,10226,2780,ok                        
REC,S6,113,309250256,17,2,2314,2779,ok                         
REC,S6,114,310742820,18,1,9751,2783,ok                         
REC,S6,115,312339098,18,2,77,2781,ok                           
REC,S6,116,313922686,17,2,73,2780,ok                           
REC,S6,117,315467931,18,1,74,2783,ok                           
REC,S6,118,316933727,18,1,74,2780,ok                           
REC,S6,119,318345807,17,2,6764,2783,ok                         
REC,S6,120,319829170,18,1,74,2780,ok                           
CNT,S0,accepted,30                                             
CNT,S0,repeat,89                                               
CNT,S0,btn_queue_drop,0                                        
CNT,S0,tx_queue_drop,0                                         
CNT,S0,tx_queue_max,4                                          
CNT,S0,pool_overflow,0                                         
CNT,S0,droplog_overflow,0                                      
CNT,S0,tx_timeout,0                                            
CNT,S0,tx_start_fail,0                                         
CNT,S0,spurious_tc,0                                           
CNT,S0,encode_error,0                                          
CNT,S0,tel_sent,2284                                           
CNT,S0,tel_drop,0                                              
CNT,S0,tel_period_min_us,99942                                 
CNT,S0,tel_period_avg_us,99999                                 
CNT,S0,tel_period_max_us,100000                                
CNT,S0,tel_wait_avg_us,4318                                    
CNT,S0,tel_wait_max_us,11356                                   
CNT,S0,stack_hwm_telemetry,328                                 
CNT,S0,stack_hwm_button,328                                    
CNT,S0,stack_hwm_uart_tx,380                                   
END,S0,30                                                      
