ACK,6884,S5,BT                                                 
TEL,6885,S5,3435,1070,2944,4995,0,2                            
TEL,6886,S5,3466,1071,2944,5060,9677,0                         
TEL,6887,S5,3466,1071,2944,4994,9997,0                         
TEL,6888,S5,3435,1070,2944,4994,10000,0                        
TEL,6889,S5,3404,1069,2944,4994,10000,0                        
TEL,6890,S5,3466,1071,2944,4994,10000,0                        
TEL,6891,S5,3435,1070,2944,4994,10000,0                        
TEL,6892,S5,3498,1072,2944,4994,10000,0                        
TEL,6893,S5,3404,1069,2944,4994,10000,0                        
TEL,6894,S5,3498,1072,2944,4994,10000,0                        
TEL,6895,S5,3404,1069,2944,4994,10000,0                        
TEL,6896,S5,3466,1071,2944,4994,10000,0                        
TEL,6897,S5,3404,1069,2944,4994,10000,0                        
TEL,6898,S5,3498,1072,2944,4994,10000,0                        
TEL,6899,S5,3404,1069,2944,4994,10000,0                        
TEL,6900,S5,3404,1069,2944,4994,10000,0                        
TEL,6901,S5,3404,1069,2944,4994,10000,0                        
TEL,6902,S5,3342,1067,2944,4994,10000,0                        
TEL,6903,S5,3466,1071,2944,4994,10000,0                        
TEL,6904,S5,3404,1069,2944,4994,10000,0                        
TEL,6905,S5,3404,1069,2944,4994,10000,0                        
TEL,6906,S5,3404,1069,2944,4994,10000,0                        
TEL,6907,S5,3373,1068,2944,4994,10000,0                        
TEL,6908,S5,3404,1069,2944,4994,10000,0                        
TEL,6909,S5,3466,1071,2944,4994,10000,0                        
TEL,6910,S5,3404,1069,2944,4994,10000,0                        
TEL,6911,S5,3466,1071,2944,4994,10000,0                        
TEL,6912,S5,3498,1072,2944,4994,10000,0                        
TEL,6913,S5,3622,1076,2944,4994,10000,0                        
TEL,6914,S5,3466,1071,2944,4994,10000,0                        
TEL,6915,S5,3404,1069,2944,4994,10000,0                        
TEL,6916,S5,3466,1071,2944,4994,10000,0                        
TEL,6917,S5,3466,1071,2944,4994,10000,0                        
TEL,6918,S5,3466,1071,2944,4994,10000,0                        
TEL,6919,S5,3466,1071,2944,4994,10000,0                        
TEL,6920,S5,3404,1069,2944,4994,10000,0                        
TEL,6921,S5,3466,1071,2944,4994,10000,0                        
TEL,6922,S5,3498,1072,2944,4994,10000,0                        
TEL,6923,S5,3498,1072,2944,4994,10000,0                        
TEL,6924,S5,3404,1069,2944,4994,10000,0                        
TEL,6925,S5,3404,1069,2944,4994,10000,0                        
TEL,6926,S5,3404,1069,2944,4994,10000,0                        
TEL,6927,S5,3529,1073,2944,4994,10000,0                        
TEL,6928,S5,3404,1069,2944,4994,10000,0                        
TEL,6929,S5,3311,1065,2944,4994,10000,0                        
TEL,6930,S5,3622,1076,2944,4994,10000,0                        
TEL,6931,S5,3404,1069,2944,4994,10000,0                        
TEL,6932,S5,3466,1071,2944,4994,10000,0                        
TEL,6933,S5,3498,1072,2944,4994,10000,0                        
TEL,6934,S5,3466,1071,2944,4994,10000,0                        
TEL,6935,S5,3498,1072,2944,4994,10000,0                        
TEL,6936,S5,3466,1071,2944,4994,10000,0                        
TEL,6937,S5,3622,1076,2944,4994,10000,0                        
TEL,6938,S5,3404,1069,2944,4994,10000,0                        
TEL,6939,S5,3466,1071,2944,4994,10000,0                        
TEL,6940,S5,3466,1071,2944,4994,10000,0                        
TEL,6941,S5,3404,1069,2944,4994,10000,0                        
TEL,6942,S5,3404,1069,2944,4994,10000,0                        
TEL,6943,S5,3404,1069,2944,4994,10000,0                        
TEL,6944,S5,3404,1069,2944,4994,10000,0                        
TEL,6945,S5,3498,1072,2944,4994,10000,0                        
TEL,6946,S5,3404,1069,2944,4994,10000,0                        
TEL,6947,S5,3404,1069,2944,4994,10000,0                        
TEL,6948,S5,3498,1072,2944,4994,10000,0                        
TEL,6949,S5,3466,1071,2944,4994,10000,0                        
TEL,6950,S5,3435,1070,2944,4994,10000,0                        
TEL,6951,S5,3466,1071,2944,4994,10000,0                        
TEL,6952,S5,3404,1069,2944,4994,10000,0                        
TEL,6953,S5,3466,1071,2944,4994,10000,0                        
TEL,6954,S5,3498,1072,2944,4994,10000,0                        
TEL,6955,S5,3435,1070,2944,4994,10000,0                        
TEL,6956,S5,3498,1072,2944,4994,10000,0                        
TEL,6957,S5,3466,1071,2944,4994,10000,0                        
TEL,6958,S5,3466,1071,2944,4994,10000,0                        
TEL,6959,S5,3466,1071,2944,4994,10000,0                        
TEL,6960,S5,3466,1071,2944,4994,10000,0                        
TEL,6961,S5,3404,1069,2944,4994,10000,0                        
TEL,6962,S5,3498,1072,2944,4994,10000,0                        
TEL,6963,S5,3404,1069,2944,4994,10000,0                        
TEL,6964,S5,3498,1072,2944,4994,10000,0                        
TEL,6965,S5,3466,1071,2944,4994,10000,0                        
TEL,6966,S5,3404,1069,2944,4994,10000,0                        
TEL,6967,S5,3466,1071,2944,4994,10000,0                        
TEL,6968,S5,3466,1071,2944,4994,10000,0                        
TEL,6969,S5,3498,1072,2944,4994,10000,0                        
TEL,6970,S5,3404,1069,2944,4994,10000,0                        
TEL,6971,S5,3466,1071,2944,4994,10000,0                        
TEL,6972,S5,3466,1071,2944,4994,10000,0                        
TEL,6973,S5,3466,1071,2944,4994,10000,0                        
TEL,6974,S5,3404,1069,2944,4994,10000,0                        
TEL,6975,S5,3404,1069,2944,4994,10000,0                        
TEL,6976,S5,3404,1069,2944,4994,10000,0                        
TEL,6977,S5,3529,1073,2944,4994,10000,0                        
TEL,6978,S5,3373,1068,2944,4994,10000,0                        
TEL,6979,S5,3404,1069,2944,4994,10000,0                        
TEL,6980,S5,3498,1072,2944,4994,10000,0                        
TEL,6981,S5,3498,1072,2944,4994,10000,0                        
TEL,6982,S5,3404,1069,2944,4994,10000,0                        
TEL,6983,S5,3404,1069,2944,4994,10000,0                        
TEL,6984,S5,3404,1069,2944,4994,10000,0                        
TEL,6985,S5,3404,1069,2944,4994,10000,0                        
TEL,6986,S5,3466,1071,2944,4994,10000,0                        
TEL,6987,S5,3466,1071,2944,4994,10000,0                        
TEL,6988,S5,3404,1069,2944,4994,10000,0                        
TEL,6989,S5,3466,1071,2944,4994,10000,0                        
TEL,6990,S5,3466,1071,2944,4994,10000,0                        
TEL,6991,S5,3404,1069,2944,4994,10000,0                        
TEL,6992,S5,3466,1071,2944,4994,10000,0                        
TEL,6993,S5,3404,1069,2944,4994,10000,0                        
TEL,6994,S5,3435,1070,2944,4994,10000,0                        
TEL,6995,S5,3466,1071,2944,4994,10000,0                        
TEL,6996,S5,3466,1071,2944,4994,10000,0                        
TEL,6997,S5,3466,1071,2944,4994,10000,0                        
TEL,6998,S5,3404,1069,2944,4994,10000,0                        
TEL,6999,S5,3404,1069,2944,4994,10000,0                        
TEL,7000,S5,3498,1072,2944,4994,10000,0                        
TEL,7001,S5,3404,1069,2944,4994,10000,0                        
TEL,7002,S5,3466,1071,2944,4994,10000,0                        
TEL,7003,S5,3466,1071,2944,4994,10000,0                        
TEL,7004,S5,3466,1071,2944,4994,10000,0                        
TEL,7005,S5,3404,1069,2944,4994,10000,0                        
TEL,7006,S5,3498,1072,2944,4994,10000,0                        
TEL,7007,S5,3404,1069,2944,4994,10000,0                        
TEL,7008,S5,3529,1073,2944,4994,10000,0                        
TEL,7009,S5,3404,1069,2944,4994,10000,0                        
TEL,7010,S5,3498,1072,2944,4994,10000,0                        
TEL,7011,S5,3498,1072,2944,4994,10000,0                        
TEL,7012,S5,3404,1069,2944,4994,10000,0                        
TEL,7013,S5,3404,1069,2944,4994,10000,0                        
TEL,7014,S5,3404,1069,2944,4994,10000,0                        
TEL,7015,S5,3404,1069,2944,4994,10000,0                        
TEL,7016,S5,3466,1071,2944,4994,10000,0                        
TEL,7017,S5,3466,1071,2944,4994,10000,0                        
TEL,7018,S5,3591,1075,2944,4994,10000,0                        
TEL,7019,S5,3435,1070,2944,4994,10000,0                        
TEL,7020,S5,3404,1069,2944,4994,10000,0                        
TEL,7021,S5,3498,1072,2944,4994,10000,0                        
TEL,7022,S5,3404,1069,2944,4994,10000,0                        
TEL,7023,S5,3404,1069,2944,4994,10000,0                        
TEL,7024,S5,3498,1072,2944,4994,10000,0                        
TEL,7025,S5,3404,1069,2944,4994,10000,0                        
TEL,7026,S5,3466,1071,2944,4994,10000,0                        
TEL,7027,S5,3498,1072,2944,4994,10000,0                        
TEL,7028,S5,3466,1071,2944,4994,10000,0                        
TEL,7029,S5,3466,1071,2944,4994,10000,0                        
TEL,7030,S5,3466,1071,2944,4994,10000,0                        
TEL,7031,S5,3435,1070,2944,4994,10000,0                        
TEL,7032,S5,3498,1072,2944,4994,10000,0                        
TEL,7033,S5,3404,1069,2944,4994,10000,0                        
TEL,7034,S5,3466,1071,2944,4994,10000,0                        
TEL,7035,S5,3435,1070,2944,4994,10000,0                        
TEL,7036,S5,3498,1072,2944,4994,10000,0                        
TEL,7037,S5,3404,1069,2944,4994,10000,0                        
TEL,7038,S5,3466,1071,2944,4994,10000,0                        
TEL,7039,S5,3404,1069,2944,4994,10000,0                        
TEL,7040,S5,3404,1069,2944,4994,10000,0                        
TEL,7041,S5,3404,1069,2944,4994,10000,0                        
TEL,7042,S5,3404,1069,2944,4994,10000,0                        
TEL,7043,S5,3404,1069,2944,4994,10000,0                        
TEL,7044,S5,3529,1073,2944,4994,10000,0                        
TEL,7045,S5,3311,1065,2944,4994,10000,0                        
TEL,7046,S5,3404,1069,2944,4994,10000,0                        
TEL,7047,S5,3498,1072,2944,4994,10000,0                        
TEL,7048,S5,3466,1071,2944,4994,10000,0                        
TEL,7049,S5,3498,1072,2944,4994,10000,0                        
TEL,7050,S5,3466,1071,2944,4994,10000,0                        
TEL,7051,S5,3435,1070,2944,4994,10000,0                        
TEL,7052,S5,3498,1072,2944,4994,10000,0                        
TEL,7053,S5,3404,1069,2944,4994,10000,0                        
TEL,7054,S5,3404,1069,2944,4994,10000,0                        
TEL,7055,S5,3404,1069,2944,4994,10000,0                        
TEL,7056,S5,3249,1063,2944,4994,10000,0                        
TEL,7057,S5,3373,1068,2944,4994,10000,0                        
TEL,7058,S5,3498,1072,2944,4994,10000,0                        
TEL,7059,S5,3466,1071,2944,4994,10000,0                        
TEL,7060,S5,3498,1072,2944,4994,10000,0                        
TEL,7061,S5,3466,1071,2944,4994,10000,0                        
TEL,7062,S5,3498,1072,2944,4994,10000,0                        
TEL,7063,S5,3404,1069,2944,4994,10000,0                        
TEL,7064,S5,3404,1069,2944,4994,10000,0                        
TEL,7065,S5,3466,1071,2944,4994,10000,0                        
TEL,7066,S5,3466,1071,2944,4994,10000,0                        
TEL,7067,S5,3498,1072,2944,4994,10000,0                        
TEL,7068,S5,3404,1069,2944,4994,10000,0                        
TEL,7069,S5,3404,1069,2944,4994,10000,0                        
TEL,7070,S5,3466,1071,2944,4994,10000,0                        
TEL,7071,S5,3466,1071,2944,4994,10000,0                        
TEL,7072,S5,3466,1071,2944,4994,10000,0                        
TEL,7073,S5,3404,1069,2944,4994,10000,0                        
TEL,7074,S5,3498,1072,2944,4994,10000,0                        
TEL,7075,S5,3466,1071,2944,4994,10000,0                        
TEL,7076,S5,3466,1071,2944,4994,10000,0                        
TEL,7077,S5,3466,1071,2944,4994,10000,0                        
TEL,7078,S5,3404,1069,2944,4994,10000,0                        
TEL,7079,S5,3404,1069,2944,4994,10000,0                        
TEL,7080,S5,3529,1073,2944,4994,10000,0                        
TEL,7081,S5,3466,1071,2944,4994,10000,0                        
TEL,7082,S5,3498,1072,2944,4994,10000,0                        
TEL,7083,S5,3435,1070,2944,4994,10000,0                        
TEL,7084,S5,3498,1072,2944,4994,10000,0                        
TEL,7085,S5,3466,1071,2944,4994,10000,0                        
TEL,7086,S5,3404,1069,2944,4994,10000,0                        
TEL,7087,S5,3404,1069,2944,4994,10000,0                        
TEL,7088,S5,3466,1071,2944,4994,10000,0                        
TEL,7089,S5,3404,1069,2944,4994,10000,0                        
TEL,7090,S5,3498,1072,2944,4994,10000,0                        
TEL,7091,S5,3404,1069,2944,4994,10000,0                        
TEL,7092,S5,3404,1069,2944,4994,10000,0                        
TEL,7093,S5,3466,1071,2944,4994,10000,0                        
TEL,7094,S5,3466,1071,2944,4994,10000,0                        
TEL,7095,S5,3498,1072,2944,4994,10000,0                        
TEL,7096,S5,3404,1069,2944,4994,10000,0                        
TEL,7097,S5,3466,1071,2944,4994,10000,0                        
TEL,7098,S5,3404,1069,2944,4994,10000,0                        
TEL,7099,S5,3435,1070,2944,4994,10000,0                        
TEL,7100,S5,3498,1072,2944,4994,10000,0                        
TEL,7101,S5,3404,1069,2944,4994,10000,0                        
TEL,7102,S5,3404,1069,2944,4994,10000,0                        
TEL,7103,S5,3466,1071,2944,4994,10000,0                        
TEL,7104,S5,3404,1069,2944,4994,10000,0                        
TEL,7105,S5,3435,1070,2944,4994,10000,0                        
TEL,7106,S5,3498,1072,2944,4994,10000,0                        
TEL,7107,S5,3498,1072,2944,4994,10000,0                        
TEL,7108,S5,3404,1069,2944,4994,10000,0                        
TEL,7109,S5,3498,1072,2944,4994,10000,0                        
TEL,7110,S5,3529,1073,2944,4994,10000,0                        
TEL,7111,S5,3435,1070,2944,4994,10000,0                        
TEL,7112,S5,3529,1073,2944,4994,10000,0                        
TEL,7113,S5,3498,1072,2944,4994,10000,0                        
TEL,7114,S5,3404,1069,2944,4994,10000,0                        
TEL,7115,S5,3435,1070,2944,4994,10000,0                        
TEL,7116,S5,3529,1073,2944,4994,10000,0                        
TEL,7117,S5,3498,1072,2944,4994,10000,0                        
TEL,7118,S5,3529,1073,2944,4994,10000,0                        
TEL,7119,S5,3404,1069,2944,4994,10000,0                        
TEL,7120,S5,3373,1068,2944,4994,10000,0                        
TEL,7121,S5,3404,1069,2944,4994,10000,0                        
TEL,7122,S5,3404,1069,2944,4994,10000,0                        
TEL,7123,S5,3404,1069,2944,4994,10000,0                        
TEL,7124,S5,3498,1072,2944,4994,10000,0                        
TEL,7125,S5,3373,1068,2944,4994,10000,0                        
TEL,7126,S5,3498,1072,2944,4994,10000,0                        
TEL,7127,S5,3404,1069,2944,4994,10000,0                        
TEL,7128,S5,3498,1072,2944,4994,10000,0                        
TEL,7129,S5,3404,1069,2944,4994,10000,0                        
TEL,7130,S5,3466,1071,2944,4994,10000,0                        
TEL,7131,S5,3466,1071,2944,4994,10000,0                        
TEL,7132,S5,3529,1073,2944,4994,10000,0                        
TEL,7133,S5,3311,1065,2944,4994,10000,0                        
TEL,7134,S5,3498,1072,2944,4994,10000,0                        
TEL,7135,S5,3466,1071,2944,4994,10000,0                        
TEL,7136,S5,3529,1073,2944,4994,10000,0                        
TEL,7137,S5,3498,1072,2944,4994,10000,0                        
TEL,7138,S5,3498,1072,2944,4994,10000,0                        
TEL,7139,S5,3466,1071,2944,4994,10000,0                        
TEL,7140,S5,3404,1069,2944,4994,10000,0                        
TEL,7141,S5,3404,1069,2944,4994,10000,0                        
TEL,7142,S5,3466,1071,2944,4994,10000,0                        
TEL,7143,S5,3404,1069,2944,4994,10000,0                        
TEL,7144,S5,3498,1072,2944,4994,10000,0                        
TEL,7145,S5,3404,1069,2944,4994,10000,0                        
TEL,7146,S5,3466,1071,2944,4994,10000,0                        
TEL,7147,S5,3435,1070,2944,4994,10000,0                        
TEL,7148,S5,3404,1069,2944,4994,10000,0                        
TEL,7149,S5,3404,1069,2944,4994,10000,0                        
TEL,7150,S5,3498,1072,2944,4994,10000,0                        
TEL,7151,S5,3404,1069,2944,4994,10000,0                        
TEL,7152,S5,3404,1069,2944,4994,10000,0                        
TEL,7153,S5,3404,1069,2944,4994,10000,0                        
TEL,7154,S5,3529,1073,2944,4994,10000,0                        
TEL,7155,S5,3466,1071,2944,4994,10000,0                        
TEL,7156,S5,3404,1069,2944,4994,10000,0                        
TEL,7157,S5,3435,1070,2944,4994,10000,0                        
TEL,7158,S5,3498,1072,2944,4994,10000,0                        
TEL,7159,S5,3466,1071,2944,4994,10000,0                        
TEL,7160,S5,3498,1072,2944,4994,10000,0                        
TEL,7161,S5,3529,1073,2944,4994,10000,0                        
TEL,7162,S5,3404,1069,2944,4994,10000,0                        
TEL,7163,S5,3435,1070,2944,4994,10000,0                        
TEL,7164,S5,3466,1071,2944,4994,10000,0                        
TEL,7165,S5,3466,1071,2944,4994,10000,0                        
TEL,7166,S5,3498,1072,2944,4994,10000,0                        
TEL,7167,S5,3466,1071,2944,4994,10000,0                        
TEL,7168,S5,3466,1071,2944,4994,10000,0                        
TEL,7169,S5,3435,1070,2944,4994,10000,0                        
TEL,7170,S5,3498,1072,2944,4994,10000,0                        
TEL,7171,S5,3529,1073,2944,4994,10000,0                        
TEL,7172,S5,3466,1071,2944,4994,10000,0                        
TEL,7173,S5,3404,1069,2944,4994,10000,0                        
TEL,7174,S5,3404,1069,2944,4994,10000,0                        
TEL,7175,S5,3404,1069,2944,4994,10000,0                        
TEL,7176,S5,3498,1072,2944,4994,10000,0                        
TEL,7177,S5,3466,1071,2944,4994,10000,0                        
TEL,7178,S5,3466,1071,2944,4994,10000,0                        
TEL,7179,S5,3342,1067,2944,4994,10000,0                        
TEL,7180,S5,3404,1069,2944,4994,10000,0                        
TEL,7181,S5,3466,1071,2944,4994,10000,0                        
TEL,7182,S5,3498,1072,2944,4994,10000,0                        
TEL,7183,S5,3466,1071,2944,4994,10000,0                        
TEL,7184,S5,3529,1073,2944,4994,10000,0                        
TEL,7185,S5,3466,1071,2944,4994,10000,0                        
TEL,7186,S5,3435,1070,2944,4994,10000,0                        
TEL,7187,S5,3435,1070,2944,4994,10000,0                        
TEL,7188,S5,3466,1071,2944,4994,10000,0                        
TEL,7189,S5,3404,1069,2944,4994,10000,0                        
TEL,7190,S5,3466,1071,2944,4994,10000,0                        
TEL,7191,S5,3498,1072,2944,4994,10000,0                        
TEL,7192,S5,3466,1071,2944,4994,10000,0                        
TEL,7193,S5,3404,1069,2944,4994,10000,0                        
TEL,7194,S5,3498,1072,2944,4994,10000,0                        
TEL,7195,S5,3529,1073,2944,4994,10000,0                        
TEL,7196,S5,3404,1069,2944,4994,10000,0                        
TEL,7197,S5,3466,1071,2944,4994,10000,0                        
TEL,7198,S5,3498,1072,2944,4994,10000,0                        
TEL,7199,S5,3466,1071,2944,4994,10000,0                        
TEL,7200,S5,3529,1073,2944,4994,10000,0                        
TEL,7201,S5,3498,1072,2944,4994,10000,0                        
TEL,7202,S5,3498,1072,2944,4994,10000,0                        
TEL,7203,S5,3466,1071,2944,4994,10000,0                        
TEL,7204,S5,3498,1072,2944,4994,10000,0                        
TEL,7205,S5,3498,1072,2944,4994,10000,0                        
TEL,7206,S5,3498,1072,2944,4994,10000,0                        
TEL,7207,S5,3498,1072,2944,4994,10000,0                        
TEL,7208,S5,3498,1072,2944,4994,10000,0                        
TEL,7209,S5,3404,1069,2944,4994,10000,0                        
TEL,7210,S5,3466,1071,2944,4994,10000,0                        
TEL,7211,S5,3404,1069,2944,4994,10000,0                        
TEL,7212,S5,3498,1072,2944,4994,10000,0                        
TEL,7213,S5,3466,1071,2944,4994,10000,0                        
TEL,7214,S5,3498,1072,2944,4994,10000,0                        
TEL,7215,S5,3498,1072,2944,4994,10000,0                        
TEL,7216,S5,3466,1071,2944,4994,10000,0                        
TEL,7217,S5,3529,1073,2944,4994,10000,0                        
TEL,7218,S5,3404,1069,2944,4994,10000,0                        
TEL,7219,S5,3498,1072,2944,4994,10000,0                        
TEL,7220,S5,3466,1071,2944,4994,10000,0                        
TEL,7221,S5,3466,1071,2944,4994,10000,0                        
TEL,7222,S5,3466,1071,2944,4994,10000,0                        
TEL,7223,S5,3466,1071,2944,4994,10000,0                        
TEL,7224,S5,3498,1072,2944,4994,10000,0                        
TEL,7225,S5,3404,1069,2944,4994,10000,0                        
TEL,7226,S5,3498,1072,2944,4994,10000,0                        
TEL,7227,S5,3466,1071,2944,4994,10000,0                        
TEL,7228,S5,3404,1069,2944,4994,10000,0                        
TEL,7229,S5,3466,1071,2944,4994,10000,0                        
TEL,7230,S5,3498,1072,2944,4994,10000,0                        
TEL,7231,S5,3404,1069,2944,4994,10000,0                        
TEL,7232,S5,3498,1072,2944,4994,10000,0                        
TEL,7233,S5,3404,1069,2944,4994,10000,0                        
TEL,7234,S5,3404,1069,2944,4994,10000,0                        
TEL,7235,S5,3498,1072,2944,4994,10000,0                        
TEL,7236,S5,3404,1069,2944,4994,10000,0                        
TEL,7237,S5,3529,1073,2944,4994,10000,0                        
TEL,7238,S5,3498,1072,2944,4994,10000,0                        
TEL,7239,S5,3529,1073,2944,4994,10000,0                        
TEL,7240,S5,3466,1071,2944,4994,10000,0                        
TEL,7241,S5,3498,1072,2944,4994,10000,0                        
TEL,7242,S5,3435,1070,2944,4994,10000,0                        
TEL,7243,S5,3498,1072,2944,4994,10000,0                        
TEL,7244,S5,3498,1072,2944,4994,10000,0                        
TEL,7245,S5,3498,1072,2944,4994,10000,0                        
TEL,7246,S5,3498,1072,2944,4994,10000,0                        
TEL,7247,S5,3498,1072,2944,4994,10000,0                        
TEL,7248,S5,3498,1072,2944,4994,10000,0                        
TEL,7249,S5,3466,1071,2944,4994,10000,0                        
TEL,7250,S5,3404,1069,2944,4994,10000,0                        
TEL,7251,S5,3466,1071,2944,4994,10000,0                        
TEL,7252,S5,3498,1072,2944,4994,10000,0                        
TEL,7253,S5,3529,1073,2944,4994,10000,0                        
TEL,7254,S5,3498,1072,2944,4994,10000,0                        
TEL,7255,S5,3466,1071,2944,4994,10000,0                        
TEL,7256,S5,3498,1072,2944,4994,10000,0                        
TEL,7257,S5,3498,1072,2944,4994,10000,0                        
TEL,7258,S5,3466,1071,2944,4994,10000,0                        
TEL,7259,S5,3466,1071,2944,4994,10000,0                        
TEL,7260,S5,3466,1071,2944,4994,10000,0                        
TEL,7261,S5,3466,1071,2944,4994,10000,0                        
TEL,7262,S5,3435,1070,2944,4994,10000,0                        
TEL,7263,S5,3466,1071,2944,4994,10000,0                        
TEL,7264,S5,3498,1072,2944,4994,10000,0                        
TEL,7265,S5,3498,1072,2944,4994,10000,0                        
TEL,7266,S5,3498,1072,2944,4994,10000,0                        
TEL,7267,S5,3404,1069,2944,4994,10000,0                        
TEL,7268,S5,3529,1073,2944,4994,10000,0                        
TEL,7269,S5,3466,1071,2944,4994,10000,0                        
TEL,7270,S5,3373,1068,2944,4994,10000,0                        
TEL,7271,S5,3498,1072,2944,4994,10000,0                        
TEL,7272,S5,3498,1072,2944,4994,10000,0                        
TEL,7273,S5,3498,1072,2944,4994,10000,0                        
TEL,7274,S5,3498,1072,2944,4994,10000,0                        
TEL,7275,S5,3498,1072,2944,4994,10000,0                        
TEL,7276,S5,3498,1072,2944,4994,10000,0                        
TEL,7277,S5,3498,1072,2944,4994,10000,0                        
TEL,7278,S5,3404,1069,2944,4994,10000,0                        
TEL,7279,S5,3529,1073,2944,4994,10000,0                        
TEL,7280,S5,3466,1071,2944,4994,10000,0                        
TEL,7281,S5,3466,1071,2944,4994,10000,0                        
TEL,7282,S5,3498,1072,2944,4994,10000,0                        
TEL,7283,S5,3466,1071,2944,4994,10000,0                        
TEL,7284,S5,3466,1071,2944,4994,10000,0                        
TEL,7285,S5,3498,1072,2944,4994,10000,0                        
TEL,7286,S5,3529,1073,2944,4994,10000,0                        
TEL,7287,S5,3529,1073,2944,4994,10000,0                        
TEL,7288,S5,3466,1071,2944,4994,10000,0                        
TEL,7289,S5,3404,1069,2944,4994,10000,0                        
TEL,7290,S5,3498,1072,2944,4994,10000,0                        
TEL,7291,S5,3498,1072,2944,4994,10000,0                        
TEL,7292,S5,3466,1071,2944,4994,10000,0                        
TEL,7293,S5,3373,1068,2944,4994,10000,0                        
TEL,7294,S5,3498,1072,2944,4994,10000,0                        
TEL,7295,S5,3498,1072,2944,4994,10000,0                        
TEL,7296,S5,3498,1072,2944,4994,10000,0                        
TEL,7297,S5,3498,1072,2944,4994,10000,0                        
TEL,7298,S5,3529,1073,2944,4994,10000,0                        
TEL,7299,S5,3466,1071,2944,4994,10000,0                        
TEL,7300,S5,3498,1072,2944,4994,10000,0                        
TEL,7301,S5,3498,1072,2944,4994,10000,0                        
TEL,7302,S5,3311,1065,2944,4994,10000,0                        
TEL,7303,S5,3529,1073,2944,4994,10000,0                        
TEL,7304,S5,3498,1072,2944,4994,10000,0                        
TEL,7305,S5,3622,1076,2944,4994,10000,0                        
TEL,7306,S5,3498,1072,2944,4994,10000,0                        
TEL,7307,S5,3435,1070,2944,4994,10000,0                        
TEL,7308,S5,3498,1072,2944,4994,10000,0                        
TEL,7309,S5,3498,1072,2944,4994,10000,0                        
TEL,7310,S5,3529,1073,2944,4994,10000,0                        
TEL,7311,S5,3466,1071,2944,4994,10000,0                        
TEL,7312,S5,3466,1071,2944,4994,10000,0                        
TEL,7313,S5,3622,1076,2944,4994,10000,0                        
TEL,7314,S5,3498,1072,2944,4994,10000,0                        
TEL,7315,S5,3529,1073,2944,4994,10000,0                        
TEL,7316,S5,3498,1072,2944,4994,10000,0                        
TEL,7317,S5,3498,1072,2944,4994,10000,0                        
TEL,7318,S5,3498,1072,2944,4994,10000,0                        
TEL,7319,S5,3498,1072,2944,4994,10000,0                        
TEL,7320,S5,3498,1072,2944,4994,10000,0                        
TEL,7321,S5,3529,1073,2944,4994,10000,0                        
TEL,7322,S5,3466,1071,2944,4994,10000,0                        
TEL,7323,S5,3466,1071,2944,4994,10000,0                        
TEL,7324,S5,3404,1069,2944,4994,10000,0                        
TEL,7325,S5,3466,1071,2944,4994,10000,0                        
TEL,7326,S5,3498,1072,2944,4994,10000,0                        
TEL,7327,S5,3498,1072,2944,4994,10000,0                        
TEL,7328,S5,3466,1071,2944,4994,10000,0                        
TEL,7329,S5,3498,1072,2944,4994,10000,0                        
TEL,7330,S5,3404,1069,2944,4994,10000,0                        
TEL,7331,S5,3404,1069,2944,4994,10000,0                        
TEL,7332,S5,3435,1070,2944,4994,10000,0                        
TEL,7333,S5,3466,1071,2944,4994,10000,0                        
TEL,7334,S5,3498,1072,2944,4994,10000,0                        
TEL,7335,S5,3498,1072,2944,4994,10000,0                        
TEL,7336,S5,3466,1071,2944,4994,10000,0                        
TEL,7337,S5,3529,1073,2944,4994,10000,0                        
TEL,7338,S5,3498,1072,2944,4994,10000,0                        
TEL,7339,S5,3435,1070,2944,4994,10000,0                        
TEL,7340,S5,3404,1069,2944,4994,10000,0                        
TEL,7341,S5,3466,1071,2944,4994,10000,0                        
TEL,7342,S5,3529,1073,2944,4994,10000,0                        
TEL,7343,S5,3404,1069,2944,4994,10000,0                        
TEL,7344,S5,3404,1069,2944,4994,10000,0                        
TEL,7345,S5,3435,1070,2944,4994,10000,0                        
TEL,7346,S5,3498,1072,2944,4994,10000,0                        
TEL,7347,S5,3466,1071,2944,4994,10000,0                        
TEL,7348,S5,3435,1070,2944,4994,10000,0                        
TEL,7349,S5,3466,1071,2944,4994,10000,0                        
TEL,7350,S5,3591,1075,2944,4994,10000,0                        
TEL,7351,S5,3466,1071,2944,4994,10000,0                        
TEL,7352,S5,3342,1067,2944,4994,10000,0                        
TEL,7353,S5,3466,1071,2944,4994,10000,0                        
TEL,7354,S5,3466,1071,2944,4994,10000,0                        
TEL,7355,S5,3529,1073,2944,4994,10000,0                        
TEL,7356,S5,3498,1072,2944,4994,10000,0                        
TEL,7357,S5,3529,1073,2944,4994,10000,0                        
TEL,7358,S5,3498,1072,2944,4994,10000,0                        
TEL,7359,S5,3466,1071,2944,4994,10000,0                        
TEL,7360,S5,3466,1071,2944,4994,10000,0                        
TEL,7361,S5,3466,1071,2944,4994,10000,0                        
TEL,7362,S5,3404,1069,2944,4994,10000,0                        
TEL,7363,S5,3529,1073,2944,4994,10000,0                        
TEL,7364,S5,3311,1065,2944,4994,10000,0                        
TEL,7365,S5,3435,1070,2944,4994,10000,0                        
TEL,7366,S5,3404,1069,2944,4994,10000,0                        
TEL,7367,S5,3529,1073,2944,4994,10000,0                        
TEL,7368,S5,3498,1072,2944,4994,10000,0                        
TEL,7369,S5,3529,1073,2944,4994,10000,0                        
TEL,7370,S5,3498,1072,2944,4994,10000,0                        
TEL,7371,S5,3498,1072,2944,4994,10000,0                        
TEL,7372,S5,3373,1068,2944,4994,10000,0                        
TEL,7373,S5,3498,1072,2944,4994,10000,0                        
TEL,7374,S5,3529,1073,2944,4994,10000,0                        
TEL,7375,S5,3529,1073,2944,4994,10000,0                        
TEL,7376,S5,3498,1072,2944,4994,10000,0                        
TEL,7377,S5,3529,1073,2944,4994,10000,0                        
TEL,7378,S5,3466,1071,2944,4994,10000,0                        
TEL,7379,S5,3342,1067,2944,4994,10000,0                        
TEL,7380,S5,3466,1071,2944,4994,10000,0                        
TEL,7381,S5,3466,1071,2944,4994,10000,0                        
TEL,7382,S5,3529,1073,2944,4994,10000,0                        
TEL,7383,S5,3622,1076,2944,4994,10000,0                        
TEL,7384,S5,3529,1073,2944,4994,10000,0                        
TEL,7385,S5,3498,1072,2944,4994,10000,0                        
TEL,7386,S5,3498,1072,2944,4994,10000,0                        
TEL,7387,S5,3466,1071,2944,4994,10000,0                        
TEL,7388,S5,3404,1069,2944,4994,10000,0                        
TEL,7389,S5,3498,1072,2944,4994,10000,0                        
TEL,7390,S5,3404,1069,2944,4994,10000,0                        
TEL,7391,S5,3498,1072,2944,4994,10000,0                        
TEL,7392,S5,3404,1069,2944,4994,10000,0                        
TEL,7393,S5,3498,1072,2944,4994,10000,0                        
TEL,7394,S5,3529,1073,2944,4994,10000,0                        
TEL,7395,S5,3498,1072,2944,4994,10000,0                        
TEL,7396,S5,3498,1072,2944,4994,10000,0                        
TEL,7397,S5,3498,1072,2944,4994,10000,0                        
TEL,7398,S5,3466,1071,2944,4994,10000,0                        
TEL,7399,S5,3498,1072,2944,4994,10000,0                        
TEL,7400,S5,3404,1069,2944,4994,10000,0                        
TEL,7401,S5,3529,1073,2944,4994,10000,0                        
TEL,7402,S5,3498,1072,2944,4994,10000,0                        
TEL,7403,S5,3498,1072,2944,4994,10000,0                        
TEL,7404,S5,3466,1071,2944,4994,10000,0                        
TEL,7405,S5,3498,1072,2944,4994,10000,0                        
TEL,7406,S5,3498,1072,2944,4994,10000,0                        
TEL,7407,S5,3529,1073,2944,4994,10000,0                        
TEL,7408,S5,3466,1071,2944,4994,10000,0                        
TEL,7409,S5,3529,1073,2944,4994,10000,0                        
TEL,7410,S5,3498,1072,2944,4994,10000,0                        
TEL,7411,S5,3498,1072,2944,4994,10000,0                        
TEL,7412,S5,3498,1072,2944,4994,10000,0                        
TEL,7413,S5,3498,1072,2944,4994,10000,0                        
TEL,7414,S5,3466,1071,2944,4994,10000,0                        
TEL,7415,S5,3498,1072,2944,4994,10000,0                        
TEL,7416,S5,3529,1073,2944,4994,10000,0                        
TEL,7417,S5,3529,1073,2944,4994,10000,0                        
TEL,7418,S5,3529,1073,2944,4994,10000,0                        
TEL,7419,S5,3498,1072,2944,4994,10000,0                        
TEL,7420,S5,3404,1069,2944,4994,10000,0                        
TEL,7421,S5,3529,1073,2944,4994,10000,0                        
TEL,7422,S5,3466,1071,2944,4994,10000,0                        
TEL,7423,S5,3404,1069,2944,4994,10000,0                        
TEL,7424,S5,3466,1071,2944,4994,10000,0                        
TEL,7425,S5,3466,1071,2944,4994,10000,0                        
TEL,7426,S5,3466,1071,2944,4994,10000,0                        
TEL,7427,S5,3498,1072,2944,4994,10000,0                        
TEL,7428,S5,3529,1073,2944,4994,10000,0                        
TEL,7429,S5,3498,1072,2944,4994,10000,0                        
TEL,7430,S5,3498,1072,2944,4994,10000,0                        
TEL,7431,S5,3498,1072,2944,4994,10000,0                        
TEL,7432,S5,3466,1071,2944,4994,10000,0                        
TEL,7433,S5,3529,1073,2944,4994,10000,0                        
TEL,7434,S5,3466,1071,2944,4994,10000,0                        
TEL,7435,S5,3435,1070,2944,4994,10000,0                        
TEL,7436,S5,3466,1071,2944,4994,10000,0                        
TEL,7437,S5,3404,1069,2944,4994,10000,0                        
TEL,7438,S5,3498,1072,2944,4994,10000,0                        
TEL,7439,S5,3498,1072,2944,4994,10000,0                        
TEL,7440,S5,3466,1071,2944,4994,10000,0                        
TEL,7441,S5,3498,1072,2944,4994,10000,0                        
TEL,7442,S5,3529,1073,2944,4994,10000,0                        
TEL,7443,S5,3529,1073,2944,4994,10000,0                        
TEL,7444,S5,3498,1072,2944,4994,10000,0                        
TEL,7445,S5,3404,1069,2944,4994,10000,0                        
TEL,7446,S5,3498,1072,2944,4994,10000,0                        
TEL,7447,S5,3529,1073,2944,4994,10000,0                        
TEL,7448,S5,3311,1065,2944,4994,10000,0                        
TEL,7449,S5,3404,1069,2944,4994,10000,0                        
TEL,7450,S5,3404,1069,2944,4994,10000,0                        
TEL,7451,S5,3435,1070,2944,4994,10000,0                        
TEL,7452,S5,3622,1076,2944,4994,10000,0                        
TEL,7453,S5,3529,1073,2944,4994,10000,0                        
TEL,7454,S5,3466,1071,2944,4994,10000,0                        
TEL,7455,S5,3529,1073,2944,4994,10000,0                        
TEL,7456,S5,3466,1071,2944,4994,10000,0                        
TEL,7457,S5,3622,1076,2944,4994,10000,0                        
TEL,7458,S5,3466,1071,2944,4994,10000,0                        
TEL,7459,S5,3529,1073,2944,4994,10000,0                        
TEL,7460,S5,3404,1069,2944,4994,10000,0                        
TEL,7461,S5,3404,1069,2944,4994,10000,0                        
TEL,7462,S5,3466,1071,2944,4994,10000,0                        
TEL,7463,S5,3529,1073,2944,4994,10000,0                        
TEL,7464,S5,3435,1070,2944,4994,10000,0                        
TEL,7465,S5,3529,1073,2944,4994,10000,0                        
TEL,7466,S5,3466,1071,2944,4994,10000,0                        
TEL,7467,S5,3466,1071,2944,4994,10000,0                        
TEL,7468,S5,3529,1073,2944,4994,10000,0                        
TEL,7469,S5,3529,1073,2944,4994,10000,0                        
TEL,7470,S5,3466,1071,2944,4994,10000,0                        
TEL,7471,S5,3529,1073,2944,4994,10000,0                        
TEL,7472,S5,3529,1073,2944,4994,10000,0                        
TEL,7473,S5,3466,1071,2944,4994,10000,0                        
TEL,7474,S5,3529,1073,2944,4994,10000,0                        
TEL,7475,S5,3342,1067,2944,4994,10000,0                        
TEL,7476,S5,3591,1075,2944,4994,10000,0                        
TEL,7477,S5,3498,1072,2944,4994,10000,0                        
TEL,7478,S5,3404,1069,2944,4994,10000,0                        
TEL,7479,S5,3498,1072,2944,4994,10000,0                        
TEL,7480,S5,3529,1073,2944,4994,10000,0                        
TEL,7481,S5,3498,1072,2944,4994,10000,0                        
TEL,7482,S5,3498,1072,2944,4994,10000,0                        
TEL,7483,S5,3529,1073,2944,4994,10000,0                        
TEL,7484,S5,3466,1071,2944,4994,10000,0                        
TEL,7485,S5,3404,1069,2944,4994,10000,0                        
TEL,7486,S5,3498,1072,2944,4994,10000,0                        
TEL,7487,S5,3498,1072,2944,4994,10000,0                        
TEL,7488,S5,3529,1073,2944,4994,10000,0                        
TEL,7489,S5,3466,1071,2944,4994,10000,0                        
TEL,7490,S5,3466,1071,2944,4994,10000,0                        
TEL,7491,S5,3498,1072,2944,4994,10000,0                        
TEL,7492,S5,3404,1069,2944,4994,10000,0                        
TEL,7493,S5,3498,1072,2944,4994,10000,0                        
TEL,7494,S5,3529,1073,2944,4994,10000,0                        
TEL,7495,S5,3466,1071,2944,4994,10000,0                        
TEL,7496,S5,3466,1071,2944,4994,10000,0                        
TEL,7497,S5,3435,1070,2944,4994,10000,0                        
TEL,7498,S5,3498,1072,2944,4994,10000,0                        
TEL,7499,S5,3498,1072,2944,4994,10000,0                        
TEL,7500,S5,3466,1071,2944,4994,10000,0                        
TEL,7501,S5,3498,1072,2944,4994,10000,0                        
TEL,7502,S5,3466,1071,2944,4994,10000,0                        
TEL,7503,S5,3498,1072,2944,4994,10000,0                        
TEL,7504,S5,3466,1071,2944,4994,10000,0                        
TEL,7505,S5,3404,1069,2944,4994,10000,0                        
TEL,7506,S5,3466,1071,2944,4994,10000,0                        
TEL,7507,S5,3466,1071,2944,4994,10000,0                        
TEL,7508,S5,3466,1071,2944,4994,10000,0                        
TEL,7509,S5,3466,1071,2944,4994,10000,0                        
TEL,7510,S5,3466,1071,2944,4994,10000,0                        
TEL,7511,S5,3622,1076,2944,4994,10000,0                        
TEL,7512,S5,3435,1070,2944,4994,10000,0                        
TEL,7513,S5,3404,1069,2944,4994,10000,0                        
TEL,7514,S5,3529,1073,2944,4994,10000,0                        
TEL,7515,S5,3498,1072,2944,4994,10000,0                        
TEL,7516,S5,3529,1073,2944,4994,10000,0                        
TEL,7517,S5,3498,1072,2944,4994,10000,0                        
TEL,7518,S5,3498,1072,2944,4994,10000,0                        
TEL,7519,S5,3498,1072,2944,4994,10000,0                        
TEL,7520,S5,3498,1072,2944,4994,10000,0                        
TEL,7521,S5,3498,1072,2944,4994,10000,0                        
TEL,7522,S5,3498,1072,2944,4994,10000,0                        
TEL,7523,S5,3529,1073,2944,4994,10000,0                        
TEL,7524,S5,3311,1065,2944,4994,10000,0                        
TEL,7525,S5,3498,1072,2944,4994,10000,0                        
TEL,7526,S5,3498,1072,2944,4994,10000,0                        
TEL,7527,S5,3498,1072,2944,4994,10000,0                        
TEL,7528,S5,3498,1072,2944,4994,10000,0                        
TEL,7529,S5,3529,1073,2944,4994,10000,0                        
TEL,7530,S5,3498,1072,2944,4994,10000,0                        
TEL,7531,S5,3466,1071,2944,4994,10000,0                        
TEL,7532,S5,3466,1071,2944,4994,10000,0                        
TEL,7533,S5,3529,1073,2944,4994,10000,0                        
TEL,7534,S5,3498,1072,2944,4994,10000,0                        
TEL,7535,S5,3622,1076,2944,4994,10000,0                        
TEL,7536,S5,3498,1072,2944,4994,10000,0                        
TEL,7537,S5,3498,1072,2944,4994,10000,0                        
TEL,7538,S5,3529,1073,2944,4994,10000,0                        
TEL,7539,S5,3498,1072,2944,4994,10000,0                        
TEL,7540,S5,3529,1073,2944,4994,10000,0                        
TEL,7541,S5,3466,1071,2944,4994,10000,0                        
TEL,7542,S5,3498,1072,2944,4994,10000,0                        
TEL,7543,S5,3622,1077,2944,4994,10000,0                        
TEL,7544,S5,3466,1071,2944,4994,10000,0                        
TEL,7545,S5,3404,1069,2944,4994,10000,0                        
TEL,7546,S5,3498,1072,2944,4994,10000,0                        
TEL,7547,S5,3560,1074,2944,4994,10000,0                        
TEL,7548,S5,3529,1073,2944,4994,10000,0                        
TEL,7549,S5,3466,1071,2944,4994,10000,0                        
TEL,7550,S5,3498,1072,2944,4994,10000,0                        
TEL,7551,S5,3498,1072,2944,4994,10000,0                        
TEL,7552,S5,3466,1071,2944,4994,10000,0                        
TEL,7553,S5,3498,1072,2944,4994,10000,0                        
TEL,7554,S5,3466,1071,2944,4994,10000,0                        
TEL,7555,S5,3466,1071,2944,4994,10000,0                        
TEL,7556,S5,3466,1071,2944,4994,10000,0                        
TEL,7557,S5,3498,1072,2944,4994,10000,0                        
TEL,7558,S5,3466,1071,2944,4994,10000,0                        
TEL,7559,S5,3529,1073,2944,4994,10000,0                        
TEL,7560,S5,3498,1072,2944,4994,10000,0                        
TEL,7561,S5,3529,1073,2944,4994,10000,0                        
TEL,7562,S5,3498,1072,2944,4994,10000,0                        
TEL,7563,S5,3498,1072,2944,4994,10000,0                        
BTN,61,S5,PRESSED,7564,213564390,213564408,213564409           
TEL,7565,S5,3498,1072,2944,5132,10000,0                        
TEL,7566,S5,3466,1071,2944,4994,10000,0                        
TEL,7567,S5,3498,1072,2944,4994,10000,0                        
TEL,7568,S5,3529,1073,2944,4994,10000,0                        
TEL,7569,S5,3529,1073,2944,4994,10000,0                        
TEL,7570,S5,3498,1072,2944,4994,10000,0                        
TEL,7571,S5,3529,1073,2944,4994,10000,0                        
TEL,7572,S5,3622,1076,2944,4994,10000,0                        
TEL,7573,S5,3466,1071,2944,4994,10000,0                        
TEL,7574,S5,3498,1072,2944,4994,10000,0                        
TEL,7575,S5,3498,1072,2944,4994,10000,0                        
TEL,7576,S5,3498,1072,2944,4994,10000,0                        
TEL,7577,S5,3529,1073,2944,4994,10000,0                        
TEL,7578,S5,3498,1072,2944,4994,10000,0                        
TEL,7579,S5,3529,1073,2944,4994,10000,0                        
TEL,7580,S5,3529,1073,2944,4994,10000,0                        
TEL,7581,S5,3498,1072,2944,4994,10000,0                        
TEL,7582,S5,3622,1076,2944,4994,10000,0                        
TEL,7583,S5,3498,1072,2944,4994,10000,0                        
TEL,7584,S5,3529,1073,2944,4994,10000,0                        
TEL,7585,S5,3529,1073,2944,4994,10000,0                        
TEL,7586,S5,3404,1069,2944,4994,10000,0                        
TEL,7587,S5,3466,1071,2944,4994,10000,0                        
TEL,7588,S5,3498,1072,2944,4994,10000,0                        
TEL,7589,S5,3498,1072,2944,4994,10000,0                        
TEL,7590,S5,3498,1072,2944,4994,10000,0                        
TEL,7591,S5,3466,1071,2944,4994,10000,0                        
TEL,7592,S5,3498,1072,2944,4994,10000,0                        
TEL,7593,S5,3498,1072,2944,4994,10000,0                        
TEL,7594,S5,3498,1072,2944,4994,10000,0                        
TEL,7595,S5,3435,1070,2944,4994,10000,0                        
TEL,7596,S5,3498,1072,2944,4994,10000,0                        
TEL,7597,S5,3622,1076,2944,4994,10000,0                        
TEL,7598,S5,3529,1073,2944,4994,10000,0                        
TEL,7599,S5,3466,1071,2944,4994,10000,0                        
TEL,7600,S5,3466,1071,2944,4994,10000,0                        
TEL,7601,S5,3466,1071,2944,4994,10000,0                        
TEL,7602,S5,3498,1072,2944,4994,10000,0                        
TEL,7603,S5,3498,1072,2944,4994,10000,0                        
TEL,7604,S5,3498,1072,2944,4994,10000,0                        
TEL,7605,S5,3498,1072,2944,4994,10000,0                        
TEL,7606,S5,3498,1072,2944,4994,10000,0                        
TEL,7607,S5,3622,1076,2944,4994,10000,0                        
TEL,7608,S5,3373,1068,2944,4994,10000,0                        
TEL,7609,S5,3466,1071,2944,4994,10000,0                        
TEL,7610,S5,3498,1072,2944,4994,10000,0                        
TEL,7611,S5,3466,1071,2944,4994,10000,0                        
TEL,7612,S5,3435,1070,2944,4994,10000,0                        
TEL,7613,S5,3404,1069,2944,4994,10000,0                        
TEL,7614,S5,3529,1073,2944,4994,10000,0                        
TEL,7615,S5,3466,1071,2944,4994,10000,0                        
TEL,7616,S5,3529,1073,2944,4994,10000,0                        
TEL,7617,S5,3373,1068,2944,4994,10000,0                        
TEL,7618,S5,3466,1071,2944,4994,10000,0                        
TEL,7619,S5,3466,1071,2944,4994,10000,0                        
TEL,7620,S5,3466,1071,2944,4994,10000,0                        
TEL,7621,S5,3498,1072,2944,4994,10000,0                        
TEL,7622,S5,3529,1073,2944,4994,10000,0                        
TEL,7623,S5,3591,1075,2944,4994,10000,0                        
TEL,7624,S5,3498,1072,2944,4994,10000,0                        
TEL,7625,S5,3529,1073,2944,4994,10000,0                        
TEL,7626,S5,3498,1072,2944,4994,10000,0                        
TEL,7627,S5,3591,1075,2944,4994,10000,0                        
TEL,7628,S5,3466,1071,2944,4994,10000,0                        
TEL,7629,S5,3404,1069,2944,4994,10000,0                        
TEL,7630,S5,3498,1072,2944,4994,10000,0                        
TEL,7631,S5,3498,1072,2944,4994,10000,0                        
TEL,7632,S5,3498,1072,2944,4994,10000,0                        
TEL,7633,S5,3498,1072,2944,4994,10000,0                        
TEL,7634,S5,3498,1072,2944,4994,10000,0                        
TEL,7635,S5,3404,1069,2944,4994,10000,0                        
TEL,7636,S5,3498,1072,2944,4994,10000,0                        
TEL,7637,S5,3529,1073,2944,4994,10000,0                        
TEL,7638,S5,3529,1073,2944,4994,10000,0                        
TEL,7639,S5,3591,1075,2944,4994,10000,0                        
TEL,7640,S5,3498,1072,2944,4994,10000,0                        
TEL,7641,S5,3498,1072,2944,4994,10000,0                        
TEL,7642,S5,3498,1072,2944,4994,10000,0                        
TEL,7643,S5,3498,1072,2944,4994,10000,0                        
TEL,7644,S5,3466,1071,2944,4994,10000,0                        
TEL,7645,S5,3498,1072,2944,4994,10000,0                        
TEL,7646,S5,3373,1068,2944,4994,10000,0                        
TEL,7647,S5,3498,1072,2944,4994,10000,0                        
TEL,7648,S5,3498,1072,2944,4994,10000,0                        
TEL,7649,S5,3498,1072,2944,4994,10000,0                        
TEL,7650,S5,3498,1072,2944,4994,10000,0                        
TEL,7651,S5,3498,1072,2944,4994,10000,0                        
TEL,7652,S5,3498,1072,2944,4994,10000,0                        
TEL,7653,S5,3498,1072,2944,4994,10000,0                        
TEL,7654,S5,3498,1072,2944,4994,10000,0                        
TEL,7655,S5,3529,1073,2944,4994,10000,0                        
TEL,7656,S5,3404,1069,2944,4994,10000,0                        
TEL,7657,S5,3435,1070,2944,4994,10000,0                        
TEL,7658,S5,3529,1073,2944,4994,10000,0                        
TEL,7659,S5,3498,1072,2944,4994,10000,0                        
TEL,7660,S5,3529,1073,2944,4994,10000,0                        
TEL,7661,S5,3529,1073,2944,4994,10000,0                        
TEL,7662,S5,3498,1072,2944,4994,10000,0                        
TEL,7663,S5,3466,1071,2944,4994,10000,0                        
TEL,7664,S5,3466,1071,2944,4994,10000,0                        
TEL,7665,S5,3498,1072,2944,4994,10000,0                        
TEL,7666,S5,3529,1073,2944,4994,10000,0                        
TEL,7667,S5,3529,1073,2944,4994,10000,0                        
TEL,7668,S5,3529,1073,2944,4994,10000,0                        
TEL,7669,S5,3498,1072,2944,4994,10000,0                        
TEL,7670,S5,3498,1072,2944,4994,10000,0                        
TEL,7671,S5,3498,1072,2944,4994,10000,0                        
TEL,7672,S5,3404,1069,2944,4994,10000,0                        
TEL,7673,S5,3404,1069,2944,4994,10000,0                        
TEL,7674,S5,3498,1072,2944,4994,10000,0                        
TEL,7675,S5,3435,1070,2944,4994,10000,0                        
TEL,7676,S5,3498,1072,2944,4994,10000,0                        
TEL,7677,S5,3404,1069,2944,4994,10000,0                        
TEL,7678,S5,3498,1072,2944,4994,10000,0                        
TEL,7679,S5,3404,1069,2944,4994,10000,0                        
TEL,7680,S5,3498,1072,2944,4994,10000,0                        
TEL,7681,S5,3498,1072,2944,4994,10000,0                        
TEL,7682,S5,3529,1073,2944,4994,10000,0                        
TEL,7683,S5,3498,1072,2944,4994,10000,0                        
TEL,7684,S5,3498,1072,2944,4994,10000,0                        
TEL,7685,S5,3591,1075,2944,4994,10000,0                        
TEL,7686,S5,3466,1071,2944,4994,10000,0                        
TEL,7687,S5,3498,1072,2944,4994,10000,0                        
TEL,7688,S5,3529,1073,2944,4994,10000,0                        
TEL,7689,S5,3498,1072,2944,4994,10000,0                        
TEL,7690,S5,3498,1072,2944,4994,10000,0                        
TEL,7691,S5,3498,1072,2944,4994,10000,0                        
TEL,7692,S5,3529,1073,2944,4994,10000,0                        
TEL,7693,S5,3498,1072,2944,4994,10000,0                        
TEL,7694,S5,3498,1072,2944,4994,10000,0                        
TEL,7695,S5,3466,1071,2944,4994,10000,0                        
TEL,7696,S5,3498,1072,2944,4994,10000,0                        
TEL,7697,S5,3498,1072,2944,4994,10000,0                        
TEL,7698,S5,3529,1073,2944,4994,10000,0                        
TEL,7699,S5,3529,1073,2944,4994,10000,0                        
TEL,7700,S5,3529,1073,2944,4994,10000,0                        
TEL,7701,S5,3404,1069,2944,4994,10000,0                        
TEL,7702,S5,3498,1072,2944,4994,10000,0                        
TEL,7703,S5,3529,1073,2944,4994,10000,0                        
TEL,7704,S5,3498,1072,2944,4994,10000,0                        
TEL,7705,S5,3466,1071,2944,4994,10000,0                        
TEL,7706,S5,3498,1072,2944,4994,10000,0                        
TEL,7707,S5,3435,1070,2944,4994,10000,0                        
TEL,7708,S5,3466,1071,2944,4994,10000,0                        
TEL,7709,S5,3466,1071,2944,4994,10000,0                        
TEL,7710,S5,3529,1073,2944,4994,10000,0                        
TEL,7711,S5,3466,1071,2944,4994,10000,0                        
TEL,7712,S5,3466,1071,2944,4994,10000,0                        
TEL,7713,S5,3466,1071,2944,4994,10000,0                        
TEL,7714,S5,3498,1072,2944,4994,10000,0                        
TEL,7715,S5,3498,1072,2944,4994,10000,0                        
TEL,7716,S5,3498,1072,2944,4994,10000,0                        
TEL,7717,S5,3466,1071,2944,4994,10000,0                        
TEL,7718,S5,3498,1072,2944,4994,10000,0                        
TEL,7719,S5,3529,1073,2944,4994,10000,0                        
TEL,7720,S5,3466,1071,2944,4994,10000,0                        
TEL,7721,S5,3466,1071,2944,4994,10000,0                        
TEL,7722,S5,3466,1071,2944,4994,10000,0                        
TEL,7723,S5,3498,1072,2944,4994,10000,0                        
TEL,7724,S5,3498,1072,2944,4994,10000,0                        
BTN,62,S5,PRESSED,7725,215168314,215168331,215168333           
TEL,7726,S5,3498,1072,2944,5052,10000,1                        
TEL,7727,S5,3373,1068,2944,5044,10000,0                        
TEL,7728,S5,3435,1070,2944,4994,10000,0                        
TEL,7729,S5,3498,1072,2944,4994,10000,0                        
TEL,7730,S5,3466,1071,2944,4994,10000,0                        
TEL,7731,S5,3466,1071,2944,4994,10000,0                        
TEL,7732,S5,3404,1069,2944,4994,10000,0                        
TEL,7733,S5,3435,1070,2944,4994,10000,0                        
TEL,7734,S5,3435,1070,2944,4994,10000,0                        
TEL,7735,S5,3498,1072,2944,4994,10000,0                        
TEL,7736,S5,3466,1071,2944,4994,10000,0                        
TEL,7737,S5,3435,1070,2944,4994,10000,0                        
TEL,7738,S5,3498,1072,2944,4994,10000,0                        
TEL,7739,S5,3435,1070,2944,4994,10000,0                        
TEL,7740,S5,3529,1073,2944,4994,10000,0                        
TEL,7741,S5,3466,1071,2944,4994,10000,0                        
TEL,7742,S5,3466,1071,2944,4994,10000,0                        
TEL,7743,S5,3498,1072,2944,4994,10000,0                        
TEL,7744,S5,3529,1073,2944,4994,10000,0                        
TEL,7745,S5,3529,1073,2944,4994,10000,0                        
TEL,7746,S5,3466,1071,2944,4994,10000,0                        
TEL,7747,S5,3498,1072,2944,4994,10000,0                        
TEL,7748,S5,3466,1071,2944,4994,10000,0                        
TEL,7749,S5,3498,1072,2944,4994,10000,0                        
TEL,7750,S5,3466,1071,2944,4994,10000,0                        
TEL,7751,S5,3466,1071,2944,4994,10000,0                        
TEL,7752,S5,3404,1069,2944,4994,10000,0                        
TEL,7753,S5,3498,1072,2944,4994,10000,0                        
TEL,7754,S5,3466,1071,2944,4994,10000,0                        
TEL,7755,S5,3529,1073,2944,4994,10000,0                        
TEL,7756,S5,3404,1069,2944,4994,10000,0                        
TEL,7757,S5,3498,1072,2944,4994,10000,0                        
TEL,7758,S5,3529,1073,2944,4994,10000,0                        
TEL,7759,S5,3498,1072,2944,4994,10000,0                        
TEL,7760,S5,3498,1072,2944,4994,10000,0                        
TEL,7761,S5,3404,1069,2944,4994,10000,0                        
TEL,7762,S5,3404,1069,2944,4994,10000,0                        
TEL,7763,S5,3466,1071,2944,4994,10000,0                        
TEL,7764,S5,3435,1070,2944,4994,10000,0                        
TEL,7765,S5,3529,1073,2944,4994,10000,0                        
TEL,7766,S5,3466,1071,2944,4994,10000,0                        
TEL,7767,S5,3466,1071,2944,4994,10000,0                        
TEL,7768,S5,3404,1069,2944,4994,10000,0                        
TEL,7769,S5,3466,1071,2944,4994,10000,0                        
TEL,7770,S5,3404,1069,2944,4994,10000,0                        
TEL,7771,S5,3466,1071,2944,4994,10000,0                        
TEL,7772,S5,3404,1069,2944,4994,10000,0                        
TEL,7773,S5,3466,1071,2944,4994,10000,0                        
TEL,7774,S5,3404,1069,2944,4994,10000,0                        
TEL,7775,S5,3466,1071,2944,4994,10000,0                        
TEL,7776,S5,3404,1069,2944,4994,10000,0                        
TEL,7777,S5,3498,1072,2944,4994,10000,0                        
TEL,7778,S5,3498,1072,2944,4994,10000,0                        
TEL,7779,S5,3529,1073,2944,4994,10000,0                        
TEL,7780,S5,3529,1073,2944,4994,10000,0                        
TEL,7781,S5,3466,1071,2944,4994,10000,0                        
TEL,7782,S5,3498,1072,2944,4994,10000,0                        
TEL,7783,S5,3529,1073,2944,4994,10000,0                        
TEL,7784,S5,3404,1069,2944,4994,10000,0                        
TEL,7785,S5,3498,1072,2944,4994,10000,0                        
TEL,7786,S5,3622,1076,2944,4994,10000,0                        
TEL,7787,S5,3529,1073,2944,4994,10000,0                        
TEL,7788,S5,3498,1072,2944,4994,10000,0                        
TEL,7789,S5,3466,1071,2944,4994,10000,0                        
TEL,7790,S5,3498,1072,2944,4994,10000,0                        
TEL,7791,S5,3466,1071,2944,4994,10000,0                        
TEL,7792,S5,3404,1069,2944,4994,10000,0                        
TEL,7793,S5,3498,1072,2944,4994,10000,0                        
TEL,7794,S5,3498,1072,2944,4994,10000,0                        
TEL,7795,S5,3498,1072,2944,4994,10000,0                        
TEL,7796,S5,3404,1069,2944,4994,10000,0                        
TEL,7797,S5,3466,1071,2944,4994,10000,0                        
TEL,7798,S5,3498,1072,2944,4994,10000,0                        
TEL,7799,S5,3529,1073,2944,4994,10000,0                        
TEL,7800,S5,3498,1072,2944,4994,10000,0                        
TEL,7801,S5,3498,1072,2944,4994,10000,0                        
TEL,7802,S5,3435,1070,2944,4994,10000,0                        
TEL,7803,S5,3342,1066,2944,4994,10000,0                        
TEL,7804,S5,3498,1072,2944,4994,10000,0                        
TEL,7805,S5,3498,1072,2944,4994,10000,0                        
TEL,7806,S5,3498,1072,2944,4994,10000,0                        
TEL,7807,S5,3498,1072,2944,4994,10000,0                        
TEL,7808,S5,3498,1072,2944,4994,10000,0                        
TEL,7809,S5,3498,1072,2944,4994,10000,0                        
TEL,7810,S5,3529,1073,2944,4994,10000,0                        
TEL,7811,S5,3466,1071,2944,4994,10000,0                        
TEL,7812,S5,3373,1068,2944,4994,10000,0                        
TEL,7813,S5,3498,1072,2944,4994,10000,0                        
TEL,7814,S5,3498,1072,2944,4994,10000,0                        
TEL,7815,S5,3311,1065,2944,4994,10000,0                        
TEL,7816,S5,3466,1071,2944,4994,10000,0                        
TEL,7817,S5,3498,1072,2944,4994,10000,0                        
TEL,7818,S5,3404,1069,2944,4994,10000,0                        
TEL,7819,S5,3498,1072,2944,4994,10000,0                        
TEL,7820,S5,3466,1071,2944,4994,10000,0                        
TEL,7821,S5,3466,1071,2944,4994,10000,0                        
TEL,7822,S5,3404,1069,2944,4994,10000,0                        
TEL,7823,S5,3466,1071,2944,4994,10000,0                        
TEL,7824,S5,3498,1072,2944,4994,10000,0                        
TEL,7825,S5,3529,1073,2944,4994,10000,0                        
TEL,7826,S5,3404,1069,2944,4994,10000,0                        
TEL,7827,S5,3466,1071,2944,4994,10000,0                        
TEL,7828,S5,3529,1073,2944,4994,10000,0                        
TEL,7829,S5,3529,1073,2944,4994,10000,0                        
TEL,7830,S5,3529,1073,2944,4994,10000,0                        
TEL,7831,S5,3466,1071,2944,4994,10000,0                        
TEL,7832,S5,3466,1071,2944,4994,10000,0                        
TEL,7833,S5,3498,1072,2944,4994,10000,0                        
TEL,7834,S5,3529,1073,2944,4994,10000,0                        
TEL,7835,S5,3498,1072,2944,4994,10000,0                        
TEL,7836,S5,3466,1071,2944,4994,10000,0                        
TEL,7837,S5,3498,1072,2944,4994,10000,0                        
TEL,7838,S5,3529,1073,2944,4994,10000,0                        
TEL,7839,S5,3404,1069,2944,4994,10000,0                        
TEL,7840,S5,3466,1071,2944,4994,10000,0                        
TEL,7841,S5,3466,1071,2944,4994,10000,0                        
TEL,7842,S5,3498,1072,2944,4994,10000,0                        
TEL,7843,S5,3466,1071,2944,4994,10000,0                        
TEL,7844,S5,3466,1071,2944,4994,10000,0                        
TEL,7845,S5,3529,1073,2944,4994,10000,0                        
TEL,7846,S5,3498,1072,2944,4994,10000,0                        
TEL,7847,S5,3466,1071,2944,4994,10000,0                        
TEL,7848,S5,3498,1072,2944,4994,10000,0                        
TEL,7849,S5,3529,1073,2944,4994,10000,0                        
TEL,7850,S5,3342,1067,2944,4994,10000,0                        
TEL,7851,S5,3529,1073,2944,4994,10000,0                        
TEL,7852,S5,3498,1072,2944,4994,10000,0                        
TEL,7853,S5,3498,1072,2944,4994,10000,0                        
TEL,7854,S5,3498,1072,2944,4994,10000,0                        
TEL,7855,S5,3498,1072,2944,4994,10000,0                        
TEL,7856,S5,3498,1072,2944,4994,10000,0                        
TEL,7857,S5,3466,1071,2944,4994,10000,0                        
TEL,7858,S5,3498,1072,2944,4994,10000,0                        
TEL,7859,S5,3466,1071,2944,4994,10000,0                        
TEL,7860,S5,3404,1069,2944,4994,10000,0                        
TEL,7861,S5,3466,1071,2944,4994,10000,0                        
TEL,7862,S5,3466,1071,2944,4994,10000,0                        
TEL,7863,S5,3529,1073,2944,4994,10000,0                        
TEL,7864,S5,3529,1073,2944,4994,10000,0                        
TEL,7865,S5,3529,1073,2944,4994,10000,0                        
TEL,7866,S5,3404,1069,2944,4994,10000,0                        
TEL,7867,S5,3498,1072,2944,4994,10000,0                        
TEL,7868,S5,3404,1069,2944,4994,10000,0                        
TEL,7869,S5,3466,1071,2944,4994,10000,0                        
TEL,7870,S5,3404,1069,2944,4994,10000,0                        
TEL,7871,S5,3529,1073,2944,4994,10000,0                        
TEL,7872,S5,3466,1071,2944,4994,10000,0                        
TEL,7873,S5,3498,1072,2944,4994,10000,0                        
TEL,7874,S5,3435,1070,2944,4994,10000,0                        
TEL,7875,S5,3466,1071,2944,4994,10000,0                        
TEL,7876,S5,3622,1077,2944,4994,10000,0                        
TEL,7877,S5,3498,1072,2944,4994,10000,0                        
TEL,7878,S5,3498,1072,2944,4994,10000,0                        
TEL,7879,S5,3498,1072,2944,4994,10000,0                        
TEL,7880,S5,3529,1073,2944,4994,10000,0                        
TEL,7881,S5,3404,1069,2944,4994,10000,0                        
TEL,7882,S5,3466,1071,2944,4994,10000,0                        
TEL,7883,S5,3466,1071,2944,4994,10000,0                        
TEL,7884,S5,3498,1072,2944,4994,10000,0                        
TEL,7885,S5,3529,1073,2944,4994,10000,0                        
TEL,7886,S5,3622,1076,2944,4994,10000,0                        
TEL,7887,S5,3435,1070,2944,4994,10000,0                        
TEL,7888,S5,3404,1069,2944,4994,10000,0                        
TEL,7889,S5,3466,1071,2944,4994,10000,0                        
TEL,7890,S5,3466,1071,2944,4994,10000,0                        
TEL,7891,S5,3498,1072,2944,4994,10000,0                        
TEL,7892,S5,3498,1072,2944,4994,10000,0                        
TEL,7893,S5,3466,1071,2944,4994,10000,0                        
TEL,7894,S5,3529,1073,2944,4994,10000,0                        
BTN,63,S5,PRESSED,7895,216856068,216856086,216856087           
TEL,7896,S5,3404,1069,2944,5051,10000,1                        
TEL,7897,S5,3373,1068,2944,5044,10000,0                        
TEL,7898,S5,3435,1070,2944,4994,10000,0                        
TEL,7899,S5,3498,1072,2944,4994,10000,0                        
TEL,7900,S5,3529,1073,2944,4994,10000,0                        
TEL,7901,S5,3498,1072,2944,4994,10000,0                        
TEL,7902,S5,3529,1073,2944,4994,10000,0                        
TEL,7903,S5,3529,1073,2944,4994,10000,0                        
TEL,7904,S5,3498,1072,2944,4994,10000,0                        
TEL,7905,S5,3498,1072,2944,4994,10000,0                        
TEL,7906,S5,3529,1073,2944,4994,10000,0                        
TEL,7907,S5,3529,1073,2944,4994,10000,0                        
TEL,7908,S5,3498,1072,2944,4994,10000,0                        
TEL,7909,S5,3498,1072,2944,4994,10000,0                        
TEL,7910,S5,3498,1072,2944,4994,10000,0                        
TEL,7911,S5,3498,1072,2944,4994,10000,0                        
TEL,7912,S5,3466,1071,2944,4994,10000,0                        
TEL,7913,S5,3435,1070,2944,4994,10000,0                        
TEL,7914,S5,3498,1072,2944,4994,10000,0                        
TEL,7915,S5,3466,1071,2944,4994,10000,0                        
TEL,7916,S5,3498,1072,2944,4994,10000,0                        
TEL,7917,S5,3498,1072,2944,4994,10000,0                        
TEL,7918,S5,3404,1069,2944,4994,10000,0                        
TEL,7919,S5,3498,1072,2944,4994,10000,0                        
TEL,7920,S5,3498,1072,2944,4994,10000,0                        
TEL,7921,S5,3529,1073,2944,4994,10000,0                        
TEL,7922,S5,3498,1072,2944,4994,10000,0                        
TEL,7923,S5,3498,1072,2944,4994,10000,0                        
TEL,7924,S5,3466,1071,2944,4994,10000,0                        
TEL,7925,S5,3498,1072,2944,4994,10000,0                        
TEL,7926,S5,3466,1071,2944,4994,10000,0                        
TEL,7927,S5,3498,1072,2944,4994,10000,0                        
TEL,7928,S5,3591,1075,2944,4994,10000,0                        
TEL,7929,S5,3498,1072,2944,4994,10000,0                        
TEL,7930,S5,3498,1072,2944,4994,10000,0                        
TEL,7931,S5,3529,1073,2944,4994,10000,0                        
TEL,7932,S5,3498,1072,2944,4994,10000,0                        
TEL,7933,S5,3498,1072,2944,4994,10000,0                        
TEL,7934,S5,3373,1068,2944,4994,10000,0                        
TEL,7935,S5,3498,1072,2944,4994,10000,0                        
TEL,7936,S5,3529,1073,2944,4994,10000,0                        
TEL,7937,S5,3466,1071,2944,4994,10000,0                        
TEL,7938,S5,3529,1073,2944,4994,10000,0                        
TEL,7939,S5,3466,1071,2944,4994,10000,0                        
TEL,7940,S5,3498,1072,2944,4994,10000,0                        
TEL,7941,S5,3466,1071,2944,4994,10000,0                        
TEL,7942,S5,3498,1072,2944,4994,10000,0                        
TEL,7943,S5,3529,1073,2944,4994,10000,0                        
TEL,7944,S5,3498,1072,2944,4994,10000,0                        
TEL,7945,S5,3498,1072,2944,4994,10000,0                        
TEL,7946,S5,3591,1075,2944,4994,10000,0                        
TEL,7947,S5,3466,1071,2944,4994,10000,0                        
TEL,7948,S5,3342,1067,2944,4994,10000,0                        
TEL,7949,S5,3529,1073,2944,4994,10000,0                        
TEL,7950,S5,3529,1073,2944,4994,10000,0                        
TEL,7951,S5,3529,1073,2944,4994,10000,0                        
TEL,7952,S5,3498,1072,2944,4994,10000,0                        
TEL,7953,S5,3466,1071,2944,4994,10000,0                        
TEL,7954,S5,3529,1073,2944,4994,10000,0                        
TEL,7955,S5,3529,1073,2944,4994,10000,0                        
TEL,7956,S5,3466,1071,2944,4994,10000,0                        
TEL,7957,S5,3498,1072,2944,4994,10000,0                        
TEL,7958,S5,3498,1072,2944,4994,10000,0                        
TEL,7959,S5,3466,1071,2944,4994,10000,0                        
TEL,7960,S5,3498,1072,2944,4994,10000,0                        
TEL,7961,S5,3498,1072,2944,4994,10000,0                        
TEL,7962,S5,3466,1071,2944,4994,10000,0                        
TEL,7963,S5,3466,1071,2944,4994,10000,0                        
TEL,7964,S5,3466,1071,2944,4994,10000,0                        
TEL,7965,S5,3498,1072,2944,4994,10000,0                        
TEL,7966,S5,3498,1072,2944,4994,10000,0                        
TEL,7967,S5,3404,1069,2944,4994,10000,0                        
TEL,7968,S5,3498,1072,2944,4994,10000,0                        
TEL,7969,S5,3498,1072,2944,4994,10000,0                        
TEL,7970,S5,3529,1073,2944,4994,10000,0                        
TEL,7971,S5,3498,1072,2944,4994,10000,0                        
TEL,7972,S5,3498,1072,2944,4994,10000,0                        
TEL,7973,S5,3498,1072,2944,4994,10000,0                        
TEL,7974,S5,3498,1072,2944,4994,10000,0                        
TEL,7975,S5,3498,1072,2944,4994,10000,0                        
TEL,7976,S5,3529,1073,2944,4994,10000,0                        
TEL,7977,S5,3498,1072,2944,4994,10000,0                        
TEL,7978,S5,3498,1072,2944,4994,10000,0                        
TEL,7979,S5,3466,1071,2944,4994,10000,0                        
TEL,7980,S5,3498,1072,2944,4994,10000,0                        
TEL,7981,S5,3466,1071,2944,4994,10000,0                        
TEL,7982,S5,3529,1073,2944,4994,10000,0                        
TEL,7983,S5,3498,1072,2944,4994,10000,0                        
TEL,7984,S5,3529,1073,2944,4994,10000,0                        
TEL,7985,S5,3529,1073,2944,4994,10000,0                        
TEL,7986,S5,3466,1071,2944,4994,10000,0                        
TEL,7987,S5,3529,1073,2944,4994,10000,0                        
TEL,7988,S5,3498,1072,2944,4994,10000,0                        
TEL,7989,S5,3466,1071,2944,4994,10000,0                        
TEL,7990,S5,3498,1072,2944,4994,10000,0                        
TEL,7991,S5,3529,1073,2944,4994,10000,0                        
TEL,7992,S5,3404,1069,2944,4994,10000,0                        
TEL,7993,S5,3498,1072,2944,4994,10000,0                        
TEL,7994,S5,3529,1073,2944,4994,10000,0                        
TEL,7995,S5,3529,1073,2944,4994,10000,0                        
TEL,7996,S5,3466,1071,2944,4994,10000,0                        
TEL,7997,S5,3498,1072,2944,4994,10000,0                        
TEL,7998,S5,3529,1073,2944,4994,10000,0                        
TEL,7999,S5,3529,1073,2944,4994,10000,0                        
TEL,8000,S5,3529,1073,2944,4994,10000,0                        
TEL,8001,S5,3498,1072,2944,4994,10000,0                        
TEL,8002,S5,3466,1071,2944,4994,10000,0                        
TEL,8003,S5,3466,1071,2944,4994,10000,0                        
TEL,8004,S5,3498,1072,2944,4994,10000,0                        
TEL,8005,S5,3622,1076,2944,4994,10000,0                        
TEL,8006,S5,3529,1073,2944,4994,10000,0                        
TEL,8007,S5,3529,1073,2944,4994,10000,0                        
TEL,8008,S5,3529,1073,2944,4994,10000,0                        
TEL,8009,S5,3466,1071,2944,4994,10000,0                        
TEL,8010,S5,3529,1073,2944,4994,10000,0                        
TEL,8011,S5,3498,1072,2944,4994,10000,0                        
TEL,8012,S5,3466,1071,2944,4994,10000,0                        
TEL,8013,S5,3498,1072,2944,4994,10000,0                        
TEL,8014,S5,3498,1072,2944,4994,10000,0                        
TEL,8015,S5,3498,1072,2944,4994,10000,0                        
TEL,8016,S5,3529,1073,2944,4994,10000,0                        
TEL,8017,S5,3466,1071,2944,4994,10000,0                        
TEL,8018,S5,3435,1070,2944,4994,10000,0                        
TEL,8019,S5,3466,1071,2944,4994,10000,0                        
TEL,8020,S5,3498,1072,2944,4994,10000,0                        
TEL,8021,S5,3529,1073,2944,4994,10000,0                        
TEL,8022,S5,3529,1073,2944,4994,10000,0                        
TEL,8023,S5,3498,1072,2944,4994,10000,0                        
TEL,8024,S5,3404,1069,2944,4994,10000,0                        
TEL,8025,S5,3622,1077,2944,4994,10000,0                        
TEL,8026,S5,3498,1072,2944,4994,10000,0                        
TEL,8027,S5,3466,1071,2944,4994,10000,0                        
TEL,8028,S5,3529,1073,2944,4994,10000,0                        
TEL,8029,S5,3466,1071,2944,4994,10000,0                        
TEL,8030,S5,3498,1072,2944,4994,10000,0                        
TEL,8031,S5,3529,1073,2944,4994,10000,0                        
TEL,8032,S5,3466,1071,2944,4994,10000,0                        
TEL,8033,S5,3466,1071,2944,4994,10000,0                        
TEL,8034,S5,3404,1069,2944,4994,10000,0                        
TEL,8035,S5,3529,1073,2944,4994,10000,0                        
TEL,8036,S5,3529,1073,2944,4994,10000,0                        
TEL,8037,S5,3466,1071,2944,4994,10000,0                        
TEL,8038,S5,3529,1073,2944,4994,10000,0                        
TEL,8039,S5,3404,1069,2944,4994,10000,0                        
TEL,8040,S5,3404,1069,2944,4994,10000,0                        
TEL,8041,S5,3498,1072,2944,4994,10000,0                        
TEL,8042,S5,3529,1073,2944,4994,10000,0                        
TEL,8043,S5,3498,1072,2944,4994,10000,0                        
TEL,8044,S5,3466,1071,2944,4994,10000,0                        
TEL,8045,S5,3498,1072,2944,4994,10000,0                        
TEL,8046,S5,3529,1073,2944,4994,10000,0                        
TEL,8047,S5,3529,1073,2944,4994,10000,0                        
TEL,8048,S5,3498,1072,2944,4994,10000,0                        
TEL,8049,S5,3498,1072,2944,4994,10000,0                        
BTN,64,S5,PRESSED,8050,218394126,218394143,218394145           
TEL,8051,S5,3498,1072,2944,5114,10000,0                        
TEL,8052,S5,3373,1068,2944,4994,10000,0                        
TEL,8053,S5,3498,1072,2944,4994,10000,0                        
TEL,8054,S5,3404,1069,2944,4994,10000,0                        
TEL,8055,S5,3466,1071,2944,4994,10000,0                        
TEL,8056,S5,3498,1072,2944,4994,10000,0                        
TEL,8057,S5,3529,1073,2944,4994,10000,0                        
TEL,8058,S5,3498,1072,2944,4994,10000,0                        
TEL,8059,S5,3435,1070,2944,4994,10000,0                        
TEL,8060,S5,3498,1072,2944,4994,10000,0                        
TEL,8061,S5,3498,1072,2944,4994,10000,0                        
TEL,8062,S5,3466,1071,2944,4994,10000,0                        
TEL,8063,S5,3466,1071,2944,4994,10000,0                        
TEL,8064,S5,3466,1071,2944,4994,10000,0                        
TEL,8065,S5,3529,1073,2944,4994,10000,0                        
TEL,8066,S5,3498,1072,2944,4994,10000,0                        
TEL,8067,S5,3404,1069,2944,4994,10000,0                        
TEL,8068,S5,3404,1069,2944,4994,10000,0                        
TEL,8069,S5,3498,1072,2944,4994,10000,0                        
TEL,8070,S5,3498,1072,2944,4994,10000,0                        
TEL,8071,S5,3529,1073,2944,4994,10000,0                        
TEL,8072,S5,3529,1073,2944,4994,10000,0                        
TEL,8073,S5,3498,1072,2944,4994,10000,0                        
TEL,8074,S5,3498,1072,2944,4994,10000,0                        
TEL,8075,S5,3529,1073,2944,4994,10000,0                        
TEL,8076,S5,3466,1071,2944,4994,10000,0                        
TEL,8077,S5,3498,1072,2944,4994,10000,0                        
TEL,8078,S5,3498,1072,2944,4994,10000,0                        
TEL,8079,S5,3529,1073,2944,4994,10000,0                        
TEL,8080,S5,3404,1069,2944,4994,10000,0                        
TEL,8081,S5,3498,1072,2944,4994,10000,0                        
TEL,8082,S5,3529,1073,2944,4994,10000,0                        
TEL,8083,S5,3591,1075,2944,4994,10000,0                        
TEL,8084,S5,3529,1073,2944,4994,10000,0                        
TEL,8085,S5,3529,1073,2944,4994,10000,0                        
TEL,8086,S5,3529,1073,2944,4994,10000,0                        
TEL,8087,S5,3529,1073,2944,4994,10000,0                        
TEL,8088,S5,3498,1072,2944,4994,10000,0                        
TEL,8089,S5,3404,1069,2944,4994,10000,0                        
TEL,8090,S5,3404,1069,2944,4994,10000,0                        
TEL,8091,S5,3498,1072,2944,4994,10000,0                        
TEL,8092,S5,3466,1071,2944,4994,10000,0                        
TEL,8093,S5,3498,1072,2944,4994,10000,0                        
TEL,8094,S5,3498,1072,2944,4994,10000,0                        
TEL,8095,S5,3466,1071,2944,4994,10000,0                        
TEL,8096,S5,3466,1071,2944,4994,10000,0                        
TEL,8097,S5,3466,1071,2944,4994,10000,0                        
TEL,8098,S5,3466,1071,2944,4994,10000,0                        
TEL,8099,S5,3498,1072,2944,4994,10000,0                        
TEL,8100,S5,3529,1073,2944,4994,10000,0                        
TEL,8101,S5,3498,1072,2944,4994,10000,0                        
TEL,8102,S5,3498,1072,2944,4994,10000,0                        
TEL,8103,S5,3498,1072,2944,4994,10000,0                        
TEL,8104,S5,3435,1070,2944,4994,10000,0                        
TEL,8105,S5,3529,1073,2944,4994,10000,0                        
TEL,8106,S5,3498,1072,2944,4994,10000,0                        
TEL,8107,S5,3529,1073,2944,4994,10000,0                        
TEL,8108,S5,3404,1069,2944,4994,10000,0                        
TEL,8109,S5,3404,1069,2944,4994,10000,0                        
TEL,8110,S5,3342,1067,2944,4994,10000,0                        
TEL,8111,S5,3498,1072,2944,4994,10000,0                        
TEL,8112,S5,3404,1069,2944,4994,10000,0                        
TEL,8113,S5,3529,1073,2944,4994,10000,0                        
TEL,8114,S5,3404,1069,2944,4994,10000,0                        
TEL,8115,S5,3529,1073,2944,4994,10000,0                        
TEL,8116,S5,3498,1072,2944,4994,10000,0                        
TEL,8117,S5,3466,1071,2944,4994,10000,0                        
TEL,8118,S5,3466,1071,2944,4994,10000,0                        
TEL,8119,S5,3498,1072,2944,4994,10000,0                        
TEL,8120,S5,3466,1071,2944,4994,10000,0                        
TEL,8121,S5,3404,1069,2944,4994,10000,0                        
TEL,8122,S5,3498,1072,2944,4994,10000,0                        
TEL,8123,S5,3435,1070,2944,4994,10000,0                        
TEL,8124,S5,3466,1071,2944,4994,10000,0                        
TEL,8125,S5,3466,1071,2944,4994,10000,0                        
TEL,8126,S5,3466,1071,2944,4994,10000,0                        
TEL,8127,S5,3529,1073,2944,4994,10000,0                        
TEL,8128,S5,3498,1072,2944,4994,10000,0                        
TEL,8129,S5,3498,1072,2944,4994,10000,0                        
TEL,8130,S5,3529,1073,2944,4994,10000,0                        
TEL,8131,S5,3529,1073,2944,4994,10000,0                        
TEL,8132,S5,3498,1072,2944,4994,10000,0                        
TEL,8133,S5,3529,1073,2944,4994,10000,0                        
TEL,8134,S5,3498,1072,2944,4994,10000,0                        
TEL,8135,S5,3529,1073,2944,4994,10000,0                        
TEL,8136,S5,3529,1073,2944,4994,10000,0                        
TEL,8137,S5,3498,1072,2944,4994,10000,0                        
TEL,8138,S5,3404,1069,2944,4994,10000,0                        
TEL,8139,S5,3404,1069,2944,4994,10000,0                        
TEL,8140,S5,3466,1071,2944,4994,10000,0                        
TEL,8141,S5,3498,1072,2944,4994,10000,0                        
TEL,8142,S5,3529,1073,2944,4994,10000,0                        
TEL,8143,S5,3466,1071,2944,4994,10000,0                        
TEL,8144,S5,3404,1069,2944,4994,10000,0                        
TEL,8145,S5,3498,1072,2944,4994,10000,0                        
TEL,8146,S5,3373,1068,2944,4994,10000,0                        
TEL,8147,S5,3498,1072,2944,4994,10000,0                        
TEL,8148,S5,3466,1071,2944,4994,10000,0                        
TEL,8149,S5,3404,1069,2944,4994,10000,0                        
TEL,8150,S5,3404,1069,2944,4994,10000,0                        
TEL,8151,S5,3498,1072,2944,4994,10000,0                        
TEL,8152,S5,3498,1072,2944,4994,10000,0                        
TEL,8153,S5,3498,1072,2944,4994,10000,0                        
TEL,8154,S5,3529,1073,2944,4994,10000,0                        
TEL,8155,S5,3466,1071,2944,4994,10000,0                        
TEL,8156,S5,3466,1071,2944,4994,10000,0                        
TEL,8157,S5,3404,1069,2944,4994,10000,0                        
TEL,8158,S5,3466,1071,2944,4994,10000,0                        
TEL,8159,S5,3404,1069,2944,4994,10000,0                        
TEL,8160,S5,3498,1072,2944,4994,10000,0                        
TEL,8161,S5,3529,1073,2944,4994,10000,0                        
TEL,8162,S5,3404,1069,2944,4994,10000,0                        
TEL,8163,S5,3529,1073,2944,4994,10000,0                        
TEL,8164,S5,3404,1069,2944,4994,10000,0                        
TEL,8165,S5,3498,1072,2944,4994,10000,0                        
TEL,8166,S5,3498,1072,2944,4994,10000,0                        
TEL,8167,S5,3466,1071,2944,4994,10000,0                        
TEL,8168,S5,3498,1072,2944,4994,10000,0                        
TEL,8169,S5,3404,1069,2944,4994,10000,0                        
TEL,8170,S5,3498,1072,2944,4994,10000,0                        
TEL,8171,S5,3498,1072,2944,4994,10000,0                        
TEL,8172,S5,3498,1072,2944,4994,10000,0                        
TEL,8173,S5,3529,1073,2944,4994,10000,0                        
TEL,8174,S5,3498,1072,2944,4994,10000,0                        
TEL,8175,S5,3498,1072,2944,4994,10000,0                        
TEL,8176,S5,3435,1070,2944,4994,10000,0                        
TEL,8177,S5,3466,1071,2944,4994,10000,0                        
TEL,8178,S5,3466,1071,2944,4994,10000,0                        
TEL,8179,S5,3498,1072,2944,4994,10000,0                        
TEL,8180,S5,3498,1072,2944,4994,10000,0                        
TEL,8181,S5,3529,1073,2944,4994,10000,0                        
TEL,8182,S5,3529,1073,2944,4994,10000,0                        
TEL,8183,S5,3404,1069,2944,4994,10000,0                        
TEL,8184,S5,3466,1071,2944,4994,10000,0                        
TEL,8185,S5,3498,1072,2944,4994,10000,0                        
TEL,8186,S5,3404,1069,2944,4994,10000,0                        
TEL,8187,S5,3466,1071,2944,4994,10000,0                        
TEL,8188,S5,3404,1069,2944,4994,10000,0                        
TEL,8189,S5,3529,1073,2944,4994,10000,0                        
BTN,65,S5,PRESSED,8190,219781221,219781238,219781243           
TEL,8191,S5,3466,1071,2944,5044,10000,0                        
TEL,8192,S5,3435,1070,2944,4994,10000,0                        
TEL,8193,S5,3466,1071,2944,4994,10000,0                        
TEL,8194,S5,3498,1072,2944,4994,10000,0                        
TEL,8195,S5,3498,1072,2944,4994,10000,0                        
TEL,8196,S5,3529,1073,2944,4994,10000,0                        
TEL,8197,S5,3529,1073,2944,4994,10000,0                        
TEL,8198,S5,3311,1065,2944,4994,10000,0                        
TEL,8199,S5,3373,1068,2944,4994,10000,0                        
TEL,8200,S5,3529,1073,2944,4994,10000,0                        
TEL,8201,S5,3498,1072,2944,4994,10000,0                        
TEL,8202,S5,3529,1073,2944,4994,10000,0                        
TEL,8203,S5,3435,1070,2944,4994,10000,0                        
TEL,8204,S5,3529,1073,2944,4994,10000,0                        
TEL,8205,S5,3466,1071,2944,4994,10000,0                        
TEL,8206,S5,3529,1073,2944,4994,10000,0                        
TEL,8207,S5,3466,1071,2944,4994,10000,0                        
TEL,8208,S5,3498,1072,2944,4994,10000,0                        
TEL,8209,S5,3529,1073,2944,4994,10000,0                        
TEL,8210,S5,3498,1072,2944,4994,10000,0                        
TEL,8211,S5,3498,1072,2944,4994,10000,0                        
TEL,8212,S5,3498,1072,2944,4994,10000,0                        
TEL,8213,S5,3466,1071,2944,4994,10000,0                        
TEL,8214,S5,3498,1072,2944,4994,10000,0                        
TEL,8215,S5,3466,1071,2944,4994,10000,0                        
TEL,8216,S5,3529,1073,2944,4994,10000,0                        
TEL,8217,S5,3498,1072,2944,4994,10000,0                        
TEL,8218,S5,3622,1076,2944,4994,10000,0                        
TEL,8219,S5,3529,1073,2944,4994,10000,0                        
TEL,8220,S5,3466,1071,2944,4994,10000,0                        
TEL,8221,S5,3404,1069,2944,4994,10000,0                        
TEL,8222,S5,3404,1069,2944,4994,10000,0                        
TEL,8223,S5,3498,1072,2944,4994,10000,0                        
TEL,8224,S5,3498,1072,2944,4994,10000,0                        
TEL,8225,S5,3466,1071,2944,4994,10000,0                        
TEL,8226,S5,3622,1076,2944,4994,10000,0                        
TEL,8227,S5,3466,1071,2944,4994,10000,0                        
TEL,8228,S5,3404,1069,2944,4994,10000,0                        
TEL,8229,S5,3529,1073,2944,4994,10000,0                        
TEL,8230,S5,3498,1072,2944,4994,10000,0                        
TEL,8231,S5,3529,1073,2944,4994,10000,0                        
TEL,8232,S5,3529,1073,2944,4994,10000,0                        
TEL,8233,S5,3529,1073,2944,4994,10000,0                        
TEL,8234,S5,3498,1072,2944,4994,10000,0                        
TEL,8235,S5,3498,1072,2944,4994,10000,0                        
TEL,8236,S5,3498,1072,2944,4994,10000,0                        
TEL,8237,S5,3498,1072,2944,4994,10000,0                        
TEL,8238,S5,3498,1072,2944,4994,10000,0                        
TEL,8239,S5,3466,1071,2944,4994,10000,0                        
TEL,8240,S5,3498,1072,2944,4994,10000,0                        
TEL,8241,S5,3498,1072,2944,4994,10000,0                        
TEL,8242,S5,3529,1073,2944,4994,10000,0                        
TEL,8243,S5,3498,1072,2944,4994,10000,0                        
TEL,8244,S5,3498,1072,2944,4994,10000,0                        
TEL,8245,S5,3529,1073,2944,4994,10000,0                        
TEL,8246,S5,3529,1073,2944,4994,10000,0                        
TEL,8247,S5,3466,1071,2944,4994,10000,0                        
TEL,8248,S5,3498,1072,2944,4994,10000,0                        
TEL,8249,S5,3529,1073,2944,4994,10000,0                        
TEL,8250,S5,3498,1072,2944,4994,10000,0                        
TEL,8251,S5,3529,1073,2944,4994,10000,0                        
TEL,8252,S5,3466,1071,2944,4994,10000,0                        
TEL,8253,S5,3498,1072,2944,4994,10000,0                        
TEL,8254,S5,3529,1073,2944,4994,10000,0                        
TEL,8255,S5,3529,1073,2944,4994,10000,0                        
TEL,8256,S5,3404,1069,2944,4994,10000,0                        
TEL,8257,S5,3529,1073,2944,4994,10000,0                        
TEL,8258,S5,3466,1071,2944,4994,10000,0                        
TEL,8259,S5,3529,1073,2944,4994,10000,0                        
TEL,8260,S5,3529,1073,2944,4994,10000,0                        
TEL,8261,S5,3466,1071,2944,4994,10000,0                        
TEL,8262,S5,3498,1072,2944,4994,10000,0                        
TEL,8263,S5,3529,1073,2944,4994,10000,0                        
TEL,8264,S5,3498,1072,2944,4994,10000,0                        
TEL,8265,S5,3466,1071,2944,4994,10000,0                        
TEL,8266,S5,3466,1071,2944,4994,10000,0                        
TEL,8267,S5,3498,1072,2944,4994,10000,0                        
TEL,8268,S5,3529,1073,2944,4994,10000,0                        
TEL,8269,S5,3404,1069,2944,4994,10000,0                        
TEL,8270,S5,3529,1073,2944,4994,10000,0                        
TEL,8271,S5,3529,1073,2944,4994,10000,0                        
TEL,8272,S5,3498,1072,2944,4994,10000,0                        
TEL,8273,S5,3498,1072,2944,4994,10000,0                        
TEL,8274,S5,3498,1072,2944,4994,10000,0                        
TEL,8275,S5,3435,1070,2944,4994,10000,0                        
TEL,8276,S5,3498,1072,2944,4994,10000,0                        
TEL,8277,S5,3404,1069,2944,4994,10000,0                        
TEL,8278,S5,3498,1072,2944,4994,10000,0                        
TEL,8279,S5,3529,1073,2944,4994,10000,0                        
TEL,8280,S5,3529,1073,2944,4994,10000,0                        
TEL,8281,S5,3498,1072,2944,4994,10000,0                        
TEL,8282,S5,3529,1073,2944,4994,10000,0                        
TEL,8283,S5,3498,1072,2944,4994,10000,0                        
TEL,8284,S5,3498,1072,2944,4994,10000,0                        
TEL,8285,S5,3498,1072,2944,4994,10000,0                        
TEL,8286,S5,3498,1072,2944,4994,10000,0                        
TEL,8287,S5,3529,1073,2944,4994,10000,0                        
TEL,8288,S5,3466,1071,2944,4994,10000,0                        
TEL,8289,S5,3591,1075,2944,4994,10000,0                        
TEL,8290,S5,3466,1071,2944,4994,10000,0                        
TEL,8291,S5,3373,1068,2944,4994,10000,0                        
TEL,8292,S5,3529,1073,2944,4994,10000,0                        
TEL,8293,S5,3466,1071,2944,4994,10000,0                        
TEL,8294,S5,3529,1073,2944,4994,10000,0                        
TEL,8295,S5,3498,1072,2944,4994,10000,0                        
TEL,8296,S5,3498,1072,2944,4994,10000,0                        
TEL,8297,S5,3466,1071,2944,4994,10000,0                        
TEL,8298,S5,3498,1072,2944,4994,10000,0                        
TEL,8299,S5,3466,1071,2944,4994,10000,0                        
TEL,8300,S5,3498,1072,2944,4994,10000,0                        
TEL,8301,S5,3498,1072,2944,4994,10000,0                        
TEL,8302,S5,3498,1072,2944,4994,10000,0                        
TEL,8303,S5,3529,1073,2944,4994,10000,0                        
TEL,8304,S5,3498,1072,2944,4994,10000,0                        
TEL,8305,S5,3404,1069,2944,4994,10000,0                        
TEL,8306,S5,3498,1072,2944,4994,10000,0                        
TEL,8307,S5,3529,1073,2944,4994,10000,0                        
TEL,8308,S5,3529,1073,2944,4994,10000,0                        
TEL,8309,S5,3498,1072,2944,4994,10000,0                        
TEL,8310,S5,3529,1073,2944,4994,10000,0                        
TEL,8311,S5,3498,1072,2944,4994,10000,0                        
TEL,8312,S5,3466,1071,2944,4994,10000,0                        
TEL,8313,S5,3498,1072,2944,4994,10000,0                        
TEL,8314,S5,3529,1073,2944,4994,10000,0                        
TEL,8315,S5,3435,1070,2944,4994,10000,0                        
TEL,8316,S5,3498,1072,2944,4994,10000,0                        
TEL,8317,S5,3404,1069,2944,4994,10000,0                        
TEL,8318,S5,3498,1072,2944,4994,10000,0                        
TEL,8319,S5,3498,1072,2944,4994,10000,0                        
TEL,8320,S5,3498,1072,2944,4994,10000,0                        
TEL,8321,S5,3498,1072,2944,4994,10000,0                        
TEL,8322,S5,3529,1073,2944,4994,10000,0                        
TEL,8323,S5,3498,1072,2944,4994,10000,0                        
TEL,8324,S5,3529,1073,2944,4994,10000,0                        
TEL,8325,S5,3529,1073,2944,4994,10000,0                        
TEL,8326,S5,3498,1072,2944,4994,10000,0                        
TEL,8327,S5,3498,1072,2944,4994,10000,0                        
TEL,8328,S5,3529,1073,2944,4994,10000,0                        
TEL,8329,S5,3498,1072,2944,4994,10000,0                        
TEL,8330,S5,3529,1073,2944,4994,10000,0                        
TEL,8331,S5,3466,1071,2944,4994,10000,0                        
TEL,8332,S5,3498,1072,2944,4994,10000,0                        
TEL,8333,S5,3498,1072,2944,4994,10000,0                        
TEL,8334,S5,3498,1072,2944,4994,10000,0                        
TEL,8335,S5,3498,1072,2944,4994,10000,0                        
TEL,8336,S5,3466,1071,2944,4994,10000,0                        
TEL,8337,S5,3466,1071,2944,4994,10000,0                        
TEL,8338,S5,3498,1072,2944,4994,10000,0                        
TEL,8339,S5,3529,1073,2944,4994,10000,0                        
TEL,8340,S5,3529,1073,2944,4994,10000,0                        
TEL,8341,S5,3435,1070,2944,4994,10000,0                        
TEL,8342,S5,3498,1072,2944,4994,10000,0                        
TEL,8343,S5,3498,1072,2944,4994,10000,0                        
TEL,8344,S5,3529,1073,2944,4994,10000,0                        
TEL,8345,S5,3529,1073,2944,4994,10000,0                        
TEL,8346,S5,3404,1069,2944,4994,10000,0                        
TEL,8347,S5,3435,1070,2944,4994,10000,0                        
BTN,66,S5,PRESSED,8348,221352830,221352851,221352852           
TEL,8349,S5,3498,1072,2944,5044,10000,0                        
TEL,8350,S5,3466,1071,2944,4994,10000,0                        
TEL,8351,S5,3498,1072,2944,4994,10000,0                        
TEL,8352,S5,3498,1072,2944,4994,10000,0                        
TEL,8353,S5,3498,1072,2944,4994,10000,0                        
TEL,8354,S5,3498,1072,2944,4994,10000,0                        
TEL,8355,S5,3498,1072,2944,4994,10000,0                        
TEL,8356,S5,3373,1068,2944,4994,10000,0                        
TEL,8357,S5,3498,1072,2944,4994,10000,0                        
TEL,8358,S5,3404,1069,2944,4994,10000,0                        
TEL,8359,S5,3404,1069,2944,4994,10000,0                        
TEL,8360,S5,3466,1071,2944,4994,10000,0                        
TEL,8361,S5,3404,1069,2944,4994,10000,0                        
TEL,8362,S5,3498,1072,2944,4994,10000,0                        
TEL,8363,S5,3498,1072,2944,4994,10000,0                        
TEL,8364,S5,3529,1073,2944,4994,10000,0                        
TEL,8365,S5,3466,1071,2944,4994,10000,0                        
TEL,8366,S5,3466,1071,2944,4994,10000,0                        
TEL,8367,S5,3529,1073,2944,4994,10000,0                        
TEL,8368,S5,3404,1069,2944,4994,10000,0                        
TEL,8369,S5,3498,1072,2944,4994,10000,0                        
TEL,8370,S5,3466,1071,2944,4994,10000,0                        
TEL,8371,S5,3529,1073,2944,4994,10000,0                        
TEL,8372,S5,3498,1072,2944,4994,10000,0                        
TEL,8373,S5,3466,1071,2944,4994,10000,0                        
TEL,8374,S5,3466,1071,2944,4994,10000,0                        
TEL,8375,S5,3404,1069,2944,4994,10000,0                        
TEL,8376,S5,3498,1072,2944,4994,10000,0                        
TEL,8377,S5,3529,1073,2944,4994,10000,0                        
TEL,8378,S5,3404,1069,2944,4994,10000,0                        
TEL,8379,S5,3435,1070,2944,4994,10000,0                        
TEL,8380,S5,3498,1072,2944,4994,10000,0                        
TEL,8381,S5,3498,1072,2944,4994,10000,0                        
TEL,8382,S5,3529,1073,2944,4994,10000,0                        
TEL,8383,S5,3498,1072,2944,4994,10000,0                        
TEL,8384,S5,3529,1073,2944,4994,10000,0                        
TEL,8385,S5,3529,1073,2944,4994,10000,0                        
TEL,8386,S5,3498,1072,2944,4994,10000,0                        
TEL,8387,S5,3498,1072,2944,4994,10000,0                        
TEL,8388,S5,3498,1072,2944,4994,10000,0                        
TEL,8389,S5,3529,1073,2944,4994,10000,0                        
TEL,8390,S5,3466,1071,2944,4994,10000,0                        
TEL,8391,S5,3404,1069,2944,4994,10000,0                        
TEL,8392,S5,3498,1072,2944,4994,10000,0                        
TEL,8393,S5,3498,1072,2944,4994,10000,0                        
TEL,8394,S5,3498,1072,2944,4994,10000,0                        
TEL,8395,S5,3529,1073,2944,4994,10000,0                        
TEL,8396,S5,3498,1072,2944,4994,10000,0                        
TEL,8397,S5,3498,1072,2944,4994,10000,0                        
TEL,8398,S5,3498,1072,2944,4994,10000,0                        
TEL,8399,S5,3404,1069,2944,4994,10000,0                        
TEL,8400,S5,3498,1072,2944,4994,10000,0                        
TEL,8401,S5,3498,1072,2944,4994,10000,0                        
TEL,8402,S5,3404,1069,2944,4994,10000,0                        
TEL,8403,S5,3529,1073,2944,4994,10000,0                        
TEL,8404,S5,3466,1071,2944,4994,10000,0                        
TEL,8405,S5,3529,1073,2944,4994,10000,0                        
TEL,8406,S5,3466,1071,2944,4994,10000,0                        
TEL,8407,S5,3466,1071,2944,4994,10000,0                        
TEL,8408,S5,3529,1073,2944,4994,10000,0                        
TEL,8409,S5,3622,1076,2944,4994,10000,0                        
TEL,8410,S5,3466,1071,2944,4994,10000,0                        
TEL,8411,S5,3498,1072,2944,4994,10000,0                        
TEL,8412,S5,3466,1071,2944,4994,10000,0                        
TEL,8413,S5,3498,1072,2944,4994,10000,0                        
TEL,8414,S5,3529,1073,2944,4994,10000,0                        
TEL,8415,S5,3466,1071,2944,4994,10000,0                        
TEL,8416,S5,3498,1072,2944,4994,10000,0                        
TEL,8417,S5,3498,1072,2944,4994,10000,0                        
TEL,8418,S5,3498,1072,2944,4994,10000,0                        
TEL,8419,S5,3498,1072,2944,4994,10000,0                        
TEL,8420,S5,3498,1072,2944,4994,10000,0                        
TEL,8421,S5,3529,1073,2944,4994,10000,0                        
TEL,8422,S5,3466,1071,2944,4994,10000,0                        
TEL,8423,S5,3498,1072,2944,4994,10000,0                        
TEL,8424,S5,3466,1071,2944,4994,10000,0                        
TEL,8425,S5,3342,1067,2944,4994,10000,0                        
TEL,8426,S5,3404,1069,2944,4994,10000,0                        
TEL,8427,S5,3529,1073,2944,4994,10000,0                        
TEL,8428,S5,3498,1072,2944,4994,10000,0                        
TEL,8429,S5,3498,1072,2944,4994,10000,0                        
TEL,8430,S5,3404,1069,2944,4994,10000,0                        
TEL,8431,S5,3466,1071,2944,4994,10000,0                        
TEL,8432,S5,3404,1069,2944,4994,10000,0                        
TEL,8433,S5,3529,1073,2944,4994,10000,0                        
TEL,8434,S5,3404,1069,2944,4994,10000,0                        
TEL,8435,S5,3466,1071,2944,4994,10000,0                        
TEL,8436,S5,3529,1073,2944,4994,10000,0                        
TEL,8437,S5,3498,1072,2944,4994,10000,0                        
TEL,8438,S5,3529,1073,2944,4994,10000,0                        
TEL,8439,S5,3466,1071,2944,4994,10000,0                        
TEL,8440,S5,3529,1073,2944,4994,10000,0                        
TEL,8441,S5,3498,1072,2944,4994,10000,0                        
TEL,8442,S5,3404,1069,2944,4994,10000,0                        
TEL,8443,S5,3498,1072,2944,4994,10000,0                        
TEL,8444,S5,3498,1072,2944,4994,10000,0                        
TEL,8445,S5,3529,1073,2944,4994,10000,0                        
TEL,8446,S5,3498,1072,2944,4994,10000,0                        
TEL,8447,S5,3498,1072,2944,4994,10000,0                        
TEL,8448,S5,3498,1072,2944,4994,10000,0                        
TEL,8449,S5,3529,1073,2944,4994,10000,0                        
TEL,8450,S5,3498,1072,2944,4994,10000,0                        
TEL,8451,S5,3466,1071,2944,4994,10000,0                        
TEL,8452,S5,3529,1073,2944,4994,10000,0                        
TEL,8453,S5,3311,1065,2944,4994,10000,0                        
TEL,8454,S5,3498,1072,2944,4994,10000,0                        
TEL,8455,S5,3404,1069,2944,4994,10000,0                        
TEL,8456,S5,3466,1071,2944,4994,10000,0                        
TEL,8457,S5,3404,1069,2944,4994,10000,0                        
TEL,8458,S5,3529,1073,2944,4994,10000,0                        
TEL,8459,S5,3342,1066,2944,4994,10000,0                        
TEL,8460,S5,3466,1071,2944,4994,10000,0                        
TEL,8461,S5,3529,1073,2944,4994,10000,0                        
TEL,8462,S5,3529,1073,2944,4994,10000,0                        
TEL,8463,S5,3498,1072,2944,4994,10000,0                        
TEL,8464,S5,3404,1069,2944,4994,10000,0                        
TEL,8465,S5,3466,1071,2944,4994,10000,0                        
TEL,8466,S5,3466,1071,2944,4994,10000,0                        
TEL,8467,S5,3404,1069,2944,4994,10000,0                        
TEL,8468,S5,3498,1072,2944,4994,10000,0                        
TEL,8469,S5,3466,1071,2944,4994,10000,0                        
TEL,8470,S5,3529,1073,2944,4994,10000,0                        
TEL,8471,S5,3466,1071,2944,4994,10000,0                        
TEL,8472,S5,3529,1073,2944,4994,10000,0                        
TEL,8473,S5,3529,1073,2944,4994,10000,0                        
TEL,8474,S5,3498,1072,2944,4994,10000,0                        
TEL,8475,S5,3404,1069,2944,4994,10000,0                        
TEL,8476,S5,3498,1072,2944,4994,10000,0                        
TEL,8477,S5,3466,1071,2944,4994,10000,0                        
TEL,8478,S5,3498,1072,2944,4994,10000,0                        
TEL,8479,S5,3529,1073,2944,4994,10000,0                        
TEL,8480,S5,3498,1072,2944,4994,10000,0                        
TEL,8481,S5,3404,1069,2944,4994,10000,0                        
TEL,8482,S5,3435,1070,2944,4994,10000,0                        
TEL,8483,S5,3529,1073,2944,4994,10000,0                        
TEL,8484,S5,3498,1072,2944,4994,10000,0                        
TEL,8485,S5,3529,1073,2944,4994,10000,0                        
TEL,8486,S5,3529,1073,2944,4994,10000,0                        
TEL,8487,S5,3498,1072,2944,4994,10000,0                        
TEL,8488,S5,3529,1073,2944,4994,10000,0                        
TEL,8489,S5,3529,1073,2944,4994,10000,0                        
TEL,8490,S5,3498,1072,2944,4994,10000,0                        
TEL,8491,S5,3466,1071,2944,4994,10000,0                        
TEL,8492,S5,3529,1073,2944,4994,10000,0                        
TEL,8493,S5,3466,1071,2944,4994,10000,0                        
TEL,8494,S5,3466,1071,2944,4994,10000,0                        
TEL,8495,S5,3529,1073,2944,4994,10000,0                        
TEL,8496,S5,3498,1072,2944,4994,10000,0                        
TEL,8497,S5,3529,1073,2944,4994,10000,0                        
TEL,8498,S5,3498,1072,2944,4994,10000,0                        
TEL,8499,S5,3404,1069,2944,4994,10000,0                        
TEL,8500,S5,3435,1070,2944,4994,10000,0                        
TEL,8501,S5,3498,1072,2944,4994,10000,0                        
TEL,8502,S5,3498,1072,2944,4994,10000,0                        
BTN,67,S5,PRESSED,8503,222899315,222899333,222899334           
TEL,8504,S5,3404,1069,2944,5052,10000,1                        
TEL,8505,S5,3435,1070,2944,5045,10001,0                        
TEL,8506,S5,3435,1070,2944,4994,9999,0                         
TEL,8507,S5,3498,1072,2944,4994,10000,0                        
TEL,8508,S5,3466,1071,2944,4994,10000,0                        
TEL,8509,S5,3529,1073,2944,4994,10000,0                        
TEL,8510,S5,3529,1073,2944,4994,10000,0                        
TEL,8511,S5,3529,1073,2944,4994,10000,0                        
TEL,8512,S5,3591,1075,2944,4994,10000,0                        
TEL,8513,S5,3498,1072,2944,4994,10000,0                        
TEL,8514,S5,3498,1072,2944,4994,10000,0                        
TEL,8515,S5,3404,1069,2944,4994,10000,0                        
TEL,8516,S5,3529,1073,2944,4994,10000,0                        
TEL,8517,S5,3529,1073,2944,4994,10000,0                        
TEL,8518,S5,3498,1072,2944,4994,10000,0                        
TEL,8519,S5,3498,1072,2944,4994,10000,0                        
TEL,8520,S5,3498,1072,2944,4994,10000,0                        
TEL,8521,S5,3529,1073,2944,4994,10000,0                        
TEL,8522,S5,3529,1073,2944,4994,10000,0                        
TEL,8523,S5,3591,1075,2944,4994,10000,0                        
TEL,8524,S5,3498,1072,2944,4994,10000,0                        
TEL,8525,S5,3529,1073,2944,4994,10000,0                        
TEL,8526,S5,3529,1073,2944,4994,10000,0                        
TEL,8527,S5,3466,1071,2944,4994,10000,0                        
TEL,8528,S5,3529,1073,2944,4994,10000,0                        
TEL,8529,S5,3622,1076,2944,4994,10000,0                        
TEL,8530,S5,3529,1073,2944,4994,10000,0                        
TEL,8531,S5,3529,1073,2944,4994,10000,0                        
TEL,8532,S5,3498,1072,2944,4994,10000,0                        
TEL,8533,S5,3498,1072,2944,4994,10000,0                        
TEL,8534,S5,3529,1073,2944,4994,10000,0                        
TEL,8535,S5,3498,1072,2944,4994,10000,0                        
TEL,8536,S5,3529,1073,2944,4994,10000,0                        
TEL,8537,S5,3498,1072,2944,4994,10000,0                        
TEL,8538,S5,3529,1073,2944,4994,10000,0                        
TEL,8539,S5,3498,1072,2944,4994,10000,0                        
TEL,8540,S5,3529,1073,2944,4994,10000,0                        
TEL,8541,S5,3622,1076,2944,4994,10000,0                        
TEL,8542,S5,3498,1072,2944,4994,10000,0                        
TEL,8543,S5,3466,1071,2944,4994,10000,0                        
TEL,8544,S5,3498,1072,2944,4994,10000,0                        
TEL,8545,S5,3529,1073,2944,4994,10000,0                        
TEL,8546,S5,3498,1072,2944,4994,10000,0                        
TEL,8547,S5,3498,1072,2944,4994,10000,0                        
TEL,8548,S5,3498,1072,2944,4994,10000,0                        
TEL,8549,S5,3498,1072,2944,4994,10000,0                        
TEL,8550,S5,3498,1072,2944,4994,10000,0                        
TEL,8551,S5,3498,1072,2944,4994,10000,0                        
TEL,8552,S5,3529,1073,2944,4994,10000,0                        
TEL,8553,S5,3529,1073,2944,4994,10000,0                        
TEL,8554,S5,3529,1073,2944,4994,10000,0                        
TEL,8555,S5,3529,1073,2944,4994,10000,0                        
TEL,8556,S5,3498,1072,2944,4994,10000,0                        
TEL,8557,S5,3529,1073,2944,4994,10000,0                        
TEL,8558,S5,3498,1072,2944,4994,10000,0                        
TEL,8559,S5,3498,1072,2944,4994,10000,0                        
TEL,8560,S5,3466,1071,2944,4994,10000,0                        
TEL,8561,S5,3498,1072,2944,4994,10000,0                        
TEL,8562,S5,3498,1072,2944,4994,10000,0                        
TEL,8563,S5,3498,1072,2944,4994,10000,0                        
TEL,8564,S5,3498,1072,2944,4994,10000,0                        
TEL,8565,S5,3498,1072,2944,4994,10000,0                        
TEL,8566,S5,3498,1072,2944,4994,10000,0                        
TEL,8567,S5,3466,1071,2944,4994,10000,0                        
TEL,8568,S5,3498,1072,2944,4994,10000,0                        
TEL,8569,S5,3529,1073,2944,4994,10000,0                        
TEL,8570,S5,3529,1073,2944,4994,10000,0                        
TEL,8571,S5,3498,1072,2944,4994,10000,0                        
TEL,8572,S5,3498,1072,2944,4994,10000,0                        
TEL,8573,S5,3466,1071,2944,4994,10000,0                        
TEL,8574,S5,3529,1073,2944,4994,10000,0                        
TEL,8575,S5,3529,1073,2944,4994,10000,0                        
TEL,8576,S5,3466,1071,2944,4994,10000,0                        
TEL,8577,S5,3466,1071,2944,4994,10000,0                        
TEL,8578,S5,3529,1073,2944,4994,10000,0                        
TEL,8579,S5,3466,1071,2944,4994,10000,0                        
TEL,8580,S5,3466,1071,2944,4994,10000,0                        
TEL,8581,S5,3498,1072,2944,4994,10000,0                        
TEL,8582,S5,3498,1072,2944,4994,10000,0                        
TEL,8583,S5,3498,1072,2944,4994,10000,0                        
TEL,8584,S5,3498,1072,2944,4994,10000,0                        
TEL,8585,S5,3529,1073,2944,4994,10000,0                        
TEL,8586,S5,3466,1071,2944,4994,10000,0                        
TEL,8587,S5,3498,1072,2944,4994,10000,0                        
TEL,8588,S5,3466,1071,2944,4994,10000,0                        
TEL,8589,S5,3498,1072,2944,4994,10000,0                        
TEL,8590,S5,3529,1073,2944,4994,10000,0                        
TEL,8591,S5,3498,1072,2944,4994,10000,0                        
TEL,8592,S5,3529,1073,2944,4994,10000,0                        
TEL,8593,S5,3498,1072,2944,4994,10000,0                        
TEL,8594,S5,3466,1071,2944,4994,10000,0                        
TEL,8595,S5,3529,1073,2944,4994,10000,0                        
TEL,8596,S5,3466,1071,2944,4994,10000,0                        
TEL,8597,S5,3498,1072,2944,4994,10000,0                        
TEL,8598,S5,3498,1072,2944,4994,10000,0                        
TEL,8599,S5,3529,1073,2944,4994,10000,0                        
TEL,8600,S5,3404,1069,2944,4994,10000,0                        
TEL,8601,S5,3466,1071,2944,4994,10000,0                        
TEL,8602,S5,3529,1073,2944,4994,10000,0                        
TEL,8603,S5,3529,1073,2944,4994,10000,0                        
TEL,8604,S5,3373,1068,2944,4994,10000,0                        
TEL,8605,S5,3466,1071,2944,4994,10000,0                        
TEL,8606,S5,3529,1073,2944,4994,10000,0                        
TEL,8607,S5,3466,1071,2944,4994,10000,0                        
TEL,8608,S5,3498,1072,2944,4994,10000,0                        
TEL,8609,S5,3529,1073,2944,4994,10000,0                        
TEL,8610,S5,3529,1073,2944,4994,10000,0                        
TEL,8611,S5,3498,1072,2944,4994,10000,0                        
TEL,8612,S5,3498,1072,2944,4994,10000,0                        
TEL,8613,S5,3529,1073,2944,4994,10000,0                        
TEL,8614,S5,3466,1071,2944,4994,10000,0                        
TEL,8615,S5,3529,1073,2944,4994,10000,0                        
TEL,8616,S5,3466,1071,2944,4994,10000,0                        
TEL,8617,S5,3498,1072,2944,4994,10000,0                        
TEL,8618,S5,3498,1072,2944,4994,10000,0                        
TEL,8619,S5,3498,1072,2944,4994,10000,0                        
TEL,8620,S5,3498,1072,2944,4994,10000,0                        
TEL,8621,S5,3498,1072,2944,4994,10000,0                        
TEL,8622,S5,3529,1073,2944,4994,10000,0                        
TEL,8623,S5,3466,1071,2944,4994,10000,0                        
TEL,8624,S5,3591,1075,2944,4994,10000,0                        
TEL,8625,S5,3498,1072,2944,4994,10000,0                        
TEL,8626,S5,3529,1073,2944,4994,10000,0                        
TEL,8627,S5,3466,1071,2944,4994,10000,0                        
TEL,8628,S5,3529,1073,2944,4994,10000,0                        
TEL,8629,S5,3529,1073,2944,4994,10000,0                        
TEL,8630,S5,3498,1072,2944,4994,10000,0                        
TEL,8631,S5,3404,1069,2944,4994,10000,0                        
TEL,8632,S5,3529,1073,2944,4994,10000,0                        
TEL,8633,S5,3498,1072,2944,4994,10000,0                        
TEL,8634,S5,3498,1072,2944,4994,10000,0                        
TEL,8635,S5,3498,1072,2944,4994,10000,0                        
TEL,8636,S5,3529,1073,2944,4994,10000,0                        
TEL,8637,S5,3498,1072,2944,4994,10000,0                        
TEL,8638,S5,3466,1071,2944,4994,10000,0                        
TEL,8639,S5,3435,1070,2944,4994,10000,0                        
TEL,8640,S5,3466,1071,2944,4994,10000,0                        
TEL,8641,S5,3466,1071,2944,4994,10000,0                        
TEL,8642,S5,3498,1072,2944,4994,10000,0                        
TEL,8643,S5,3498,1072,2944,4994,10000,0                        
TEL,8644,S5,3498,1072,2944,4994,10000,0                        
TEL,8645,S5,3529,1073,2944,4994,10000,0                        
TEL,8646,S5,3404,1069,2944,4994,10000,0                        
TEL,8647,S5,3529,1073,2944,4994,10000,0                        
TEL,8648,S5,3498,1072,2944,4994,10000,0                        
TEL,8649,S5,3529,1073,2944,4994,10000,0                        
TEL,8650,S5,3529,1073,2944,4994,10000,0                        
BTN,68,S5,PRESSED,8651,224365995,224366013,224366014           
TEL,8652,S5,3560,1074,2944,5051,10000,1                        
TEL,8653,S5,3466,1071,2944,5044,10000,0                        
TEL,8654,S5,3498,1072,2944,4994,10000,0                        
TEL,8655,S5,3466,1071,2944,4994,10000,0                        
TEL,8656,S5,3498,1072,2944,4994,10000,0                        
TEL,8657,S5,3435,1070,2944,4994,10000,0                        
TEL,8658,S5,3498,1072,2944,4994,10000,0                        
TEL,8659,S5,3498,1072,2944,4994,10000,0                        
TEL,8660,S5,3529,1073,2944,4994,10000,0                        
TEL,8661,S5,3435,1070,2944,4994,10000,0                        
TEL,8662,S5,3404,1069,2944,4994,10000,0                        
TEL,8663,S5,3404,1069,2944,4994,10000,0                        
TEL,8664,S5,3466,1071,2944,4994,10000,0                        
TEL,8665,S5,3529,1073,2944,4994,10000,0                        
TEL,8666,S5,3498,1072,2944,4994,10000,0                        
TEL,8667,S5,3435,1070,2944,4994,10000,0                        
TEL,8668,S5,3498,1072,2944,4994,10000,0                        
TEL,8669,S5,3529,1073,2944,4994,10000,0                        
TEL,8670,S5,3498,1072,2944,4994,10000,0                        
TEL,8671,S5,3498,1072,2944,4994,10000,0                        
TEL,8672,S5,3498,1072,2944,4994,10000,0                        
TEL,8673,S5,3466,1071,2944,4994,10000,0                        
TEL,8674,S5,3529,1073,2944,4994,10000,0                        
TEL,8675,S5,3498,1072,2944,4994,10000,0                        
TEL,8676,S5,3498,1072,2944,4994,10000,0                        
TEL,8677,S5,3529,1073,2944,4994,10000,0                        
TEL,8678,S5,3466,1071,2944,4994,10000,0                        
TEL,8679,S5,3404,1069,2944,4994,10000,0                        
TEL,8680,S5,3466,1071,2944,4994,10000,0                        
TEL,8681,S5,3591,1075,2944,4994,10000,0                        
TEL,8682,S5,3529,1073,2944,4994,10000,0                        
TEL,8683,S5,3373,1068,2944,4994,10000,0                        
TEL,8684,S5,3466,1071,2944,4994,10000,0                        
TEL,8685,S5,3498,1072,2944,4994,10000,0                        
TEL,8686,S5,3498,1072,2944,4994,10000,0                        
TEL,8687,S5,3404,1069,2944,4994,10000,0                        
TEL,8688,S5,3498,1072,2944,4994,10000,0                        
TEL,8689,S5,3466,1071,2944,4994,10000,0                        
TEL,8690,S5,3498,1072,2944,4994,10000,0                        
TEL,8691,S5,3498,1072,2944,4994,10000,0                        
TEL,8692,S5,3466,1071,2944,4994,10000,0                        
TEL,8693,S5,3529,1073,2944,4994,10000,0                        
TEL,8694,S5,3498,1072,2944,4994,10000,0                        
TEL,8695,S5,3498,1072,2944,4994,10000,0                        
TEL,8696,S5,3498,1072,2944,4994,10000,0                        
TEL,8697,S5,3466,1071,2944,4994,10000,0                        
TEL,8698,S5,3466,1071,2944,4994,10000,0                        
TEL,8699,S5,3498,1072,2944,4994,10000,0                        
TEL,8700,S5,3498,1072,2944,4994,10000,0                        
TEL,8701,S5,3466,1071,2944,4994,10000,0                        
TEL,8702,S5,3466,1071,2944,4994,10000,0                        
TEL,8703,S5,3466,1071,2944,4994,10000,0                        
TEL,8704,S5,3498,1072,2944,4994,10000,0                        
TEL,8705,S5,3435,1070,2944,4994,10000,0                        
TEL,8706,S5,3498,1072,2944,4994,10000,0                        
TEL,8707,S5,3498,1072,2944,4994,10000,0                        
TEL,8708,S5,3466,1071,2944,4994,10000,0                        
TEL,8709,S5,3498,1072,2944,4994,10000,0                        
TEL,8710,S5,3529,1073,2944,4994,10000,0                        
TEL,8711,S5,3498,1072,2944,4994,10000,0                        
TEL,8712,S5,3466,1071,2944,4994,10000,0                        
TEL,8713,S5,3466,1071,2944,4994,10000,0                        
TEL,8714,S5,3466,1071,2944,4994,10000,0                        
TEL,8715,S5,3435,1070,2944,4994,10000,0                        
TEL,8716,S5,3498,1072,2944,4994,10000,0                        
TEL,8717,S5,3466,1071,2944,4994,10000,0                        
TEL,8718,S5,3498,1072,2944,4994,10000,0                        
TEL,8719,S5,3498,1072,2944,4994,10000,0                        
TEL,8720,S5,3529,1073,2944,4994,10000,0                        
TEL,8721,S5,3435,1070,2944,4994,10000,0                        
TEL,8722,S5,3466,1071,2944,4994,10000,0                        
TEL,8723,S5,3529,1073,2944,4994,10000,0                        
TEL,8724,S5,3529,1073,2944,4994,10000,0                        
TEL,8725,S5,3404,1069,2944,4994,10000,0                        
TEL,8726,S5,3498,1072,2944,4994,10000,0                        
TEL,8727,S5,3622,1076,2944,4994,10000,0                        
TEL,8728,S5,3498,1072,2944,4994,10000,0                        
TEL,8729,S5,3529,1073,2944,4994,10000,0                        
TEL,8730,S5,3622,1076,2944,4994,10000,0                        
TEL,8731,S5,3498,1072,2944,4994,10000,0                        
TEL,8732,S5,3529,1073,2944,4994,10000,0                        
TEL,8733,S5,3404,1069,2944,4994,10000,0                        
TEL,8734,S5,3498,1072,2944,4994,10000,0                        
TEL,8735,S5,3373,1068,2944,4994,10000,0                        
TEL,8736,S5,3373,1068,2944,4994,10000,0                        
TEL,8737,S5,3466,1071,2944,4994,10000,0                        
TEL,8738,S5,3529,1073,2944,4994,10000,0                        
TEL,8739,S5,3498,1072,2944,4994,10000,0                        
TEL,8740,S5,3404,1069,2944,4994,10000,0                        
TEL,8741,S5,3466,1071,2944,4994,10000,0                        
TEL,8742,S5,3404,1069,2944,4994,10000,0                        
TEL,8743,S5,3466,1071,2944,4994,10000,0                        
TEL,8744,S5,3498,1072,2944,4994,10000,0                        
TEL,8745,S5,3466,1071,2944,4994,10000,0                        
TEL,8746,S5,3498,1072,2944,4994,10000,0                        
TEL,8747,S5,3498,1072,2944,4994,10000,0                        
TEL,8748,S5,3529,1073,2944,4994,10000,0                        
TEL,8749,S5,3498,1072,2944,4994,10000,0                        
TEL,8750,S5,3498,1072,2944,4994,10000,0                        
TEL,8751,S5,3404,1069,2944,4994,10000,0                        
TEL,8752,S5,3529,1073,2944,4994,10000,0                        
TEL,8753,S5,3498,1072,2944,4994,10000,0                        
TEL,8754,S5,3529,1073,2944,4994,10000,0                        
TEL,8755,S5,3498,1072,2944,4994,10000,0                        
TEL,8756,S5,3498,1072,2944,4994,10000,0                        
TEL,8757,S5,3529,1073,2944,4994,10000,0                        
TEL,8758,S5,3404,1069,2944,4994,10000,0                        
TEL,8759,S5,3466,1071,2944,4994,10000,0                        
TEL,8760,S5,3404,1069,2944,4994,10000,0                        
TEL,8761,S5,3498,1072,2944,4994,10000,0                        
TEL,8762,S5,3529,1073,2944,4994,10000,0                        
TEL,8763,S5,3498,1072,2944,4994,10000,0                        
TEL,8764,S5,3529,1073,2944,4994,10000,0                        
TEL,8765,S5,3498,1072,2944,4994,10000,0                        
TEL,8766,S5,3498,1072,2944,4994,10000,0                        
TEL,8767,S5,3466,1071,2944,4994,10000,0                        
TEL,8768,S5,3498,1072,2944,4994,10000,0                        
TEL,8769,S5,3311,1065,2944,4994,10000,0                        
TEL,8770,S5,3529,1073,2944,4994,10000,0                        
TEL,8771,S5,3498,1072,2944,4994,10000,0                        
TEL,8772,S5,3498,1072,2944,4994,10000,0                        
TEL,8773,S5,3622,1076,2944,4994,10000,0                        
TEL,8774,S5,3529,1073,2944,4994,10000,0                        
TEL,8775,S5,3466,1071,2944,4994,10000,0                        
TEL,8776,S5,3498,1072,2944,4994,10000,0                        
TEL,8777,S5,3498,1072,2944,4994,10000,0                        
TEL,8778,S5,3529,1073,2944,4994,10000,0                        
TEL,8779,S5,3498,1072,2944,4994,10000,0                        
TEL,8780,S5,3529,1073,2944,4994,10000,0                        
TEL,8781,S5,3498,1072,2944,4994,10000,0                        
TEL,8782,S5,3498,1072,2944,4994,10000,0                        
TEL,8783,S5,3373,1068,2944,4994,10000,0                        
TEL,8784,S5,3498,1072,2944,4994,10000,0                        
TEL,8785,S5,3466,1071,2944,4994,10000,0                        
TEL,8786,S5,3466,1071,2944,4994,10000,0                        
TEL,8787,S5,3498,1072,2944,4994,10000,0                        
TEL,8788,S5,3466,1071,2944,4994,10000,0                        
TEL,8789,S5,3466,1071,2944,4994,10000,0                        
TEL,8790,S5,3498,1072,2944,4994,10000,0                        
BTN,69,S5,PRESSED,8791,225753023,225753043,225753045           
TEL,8792,S5,3498,1072,2944,5046,10000,0                        
TEL,8793,S5,3466,1071,2944,4994,10000,0                        
TEL,8794,S5,3498,1072,2944,4994,10000,0                        
TEL,8795,S5,3529,1073,2944,4994,10000,0                        
TEL,8796,S5,3466,1071,2944,4994,10000,0                        
TEL,8797,S5,3529,1073,2944,4994,10000,0                        
TEL,8798,S5,3498,1072,2944,4994,10000,0                        
TEL,8799,S5,3466,1071,2944,4994,10000,0                        
TEL,8800,S5,3529,1073,2944,4994,10000,0                        
TEL,8801,S5,3529,1073,2944,4994,10000,0                        
TEL,8802,S5,3466,1071,2944,4994,10000,0                        
TEL,8803,S5,3466,1071,2944,4994,10000,0                        
TEL,8804,S5,3498,1072,2944,4994,10000,0                        
TEL,8805,S5,3498,1072,2944,4997,10000,0                        
TEL,8806,S5,3373,1068,2944,4994,10000,0                        
TEL,8807,S5,3498,1072,2944,4994,10000,0                        
TEL,8808,S5,3529,1073,2944,4994,10000,0                        
TEL,8809,S5,3466,1071,2944,4994,10000,0                        
TEL,8810,S5,3498,1072,2944,4994,10000,0                        
TEL,8811,S5,3498,1072,2944,4994,10000,0                        
TEL,8812,S5,3373,1068,2944,4994,10000,0                        
TEL,8813,S5,3498,1072,2944,4994,10000,0                        
TEL,8814,S5,3498,1072,2944,4994,10000,0                        
TEL,8815,S5,3529,1073,2944,4994,10000,0                        
TEL,8816,S5,3529,1073,2944,4994,10000,0                        
TEL,8817,S5,3404,1069,2944,4994,10000,0                        
TEL,8818,S5,3529,1073,2944,4994,10000,0                        
TEL,8819,S5,3529,1073,2944,4994,10000,0                        
TEL,8820,S5,3466,1071,2944,4994,10000,0                        
TEL,8821,S5,3529,1073,2944,4994,10000,0                        
TEL,8822,S5,3498,1072,2944,4994,10000,0                        
TEL,8823,S5,3498,1072,2944,4994,10000,0                        
TEL,8824,S5,3498,1072,2944,4994,10000,0                        
TEL,8825,S5,3498,1072,2944,4994,10000,0                        
TEL,8826,S5,3529,1073,2944,4994,10000,0                        
TEL,8827,S5,3498,1072,2944,4994,10000,0                        
TEL,8828,S5,3498,1072,2944,4994,10000,0                        
TEL,8829,S5,3498,1072,2944,4994,10000,0                        
TEL,8830,S5,3529,1073,2944,4994,10000,0                        
TEL,8831,S5,3466,1071,2944,4994,10000,0                        
TEL,8832,S5,3466,1071,2944,4994,10000,0                        
TEL,8833,S5,3498,1072,2944,4994,10000,0                        
TEL,8834,S5,3498,1072,2944,4994,10000,0                        
TEL,8835,S5,3529,1073,2944,4994,10000,0                        
TEL,8836,S5,3529,1073,2944,4994,10000,0                        
TEL,8837,S5,3498,1072,2944,4994,10000,0                        
TEL,8838,S5,3373,1068,2944,4994,10000,0                        
TEL,8839,S5,3498,1072,2944,4994,10000,0                        
TEL,8840,S5,3498,1072,2944,4994,10000,0                        
TEL,8841,S5,3498,1072,2944,4994,10000,0                        
TEL,8842,S5,3404,1069,2944,4994,10000,0                        
TEL,8843,S5,3591,1075,2944,4994,10000,0                        
TEL,8844,S5,3404,1069,2944,4994,10000,0                        
TEL,8845,S5,3498,1072,2944,4994,10000,0                        
TEL,8846,S5,3529,1073,2944,4994,10000,0                        
TEL,8847,S5,3466,1071,2944,4994,10000,0                        
TEL,8848,S5,3466,1071,2944,4994,10000,0                        
TEL,8849,S5,3498,1072,2944,4994,10000,0                        
TEL,8850,S5,3529,1073,2944,4994,10000,0                        
TEL,8851,S5,3529,1073,2944,4994,10000,0                        
TEL,8852,S5,3466,1071,2944,4994,10000,0                        
TEL,8853,S5,3498,1072,2944,4994,10000,0                        
TEL,8854,S5,3498,1072,2944,4994,10000,0                        
TEL,8855,S5,3529,1073,2944,4994,10000,0                        
TEL,8856,S5,3498,1072,2944,4994,10000,0                        
TEL,8857,S5,3529,1073,2944,4994,10000,0                        
TEL,8858,S5,3529,1073,2944,4994,10000,0                        
TEL,8859,S5,3498,1072,2944,4994,10000,0                        
TEL,8860,S5,3498,1072,2944,4994,10000,0                        
TEL,8861,S5,3498,1072,2944,4994,10000,0                        
TEL,8862,S5,3529,1073,2944,4994,10000,0                        
TEL,8863,S5,3498,1072,2944,4994,10000,0                        
TEL,8864,S5,3498,1072,2944,4994,10000,0                        
TEL,8865,S5,3498,1072,2944,4994,10000,0                        
TEL,8866,S5,3622,1076,2944,4994,10000,0                        
TEL,8867,S5,3498,1072,2944,4994,10000,0                        
TEL,8868,S5,3622,1077,2944,4994,10000,0                        
TEL,8869,S5,3466,1071,2944,4994,10000,0                        
TEL,8870,S5,3498,1072,2944,4994,10000,0                        
TEL,8871,S5,3498,1072,2944,4994,10000,0                        
TEL,8872,S5,3529,1073,2944,4994,10000,0                        
TEL,8873,S5,3466,1071,2944,4994,10000,0                        
TEL,8874,S5,3498,1072,2944,4994,10000,0                        
TEL,8875,S5,3342,1067,2944,4994,10000,0                        
TEL,8876,S5,3498,1072,2944,4994,10000,0                        
TEL,8877,S5,3529,1073,2944,4994,10000,0                        
TEL,8878,S5,3498,1072,2944,4994,10000,0                        
TEL,8879,S5,3529,1073,2944,4994,10000,0                        
TEL,8880,S5,3498,1072,2944,4994,10000,0                        
TEL,8881,S5,3466,1071,2944,4994,10000,0                        
TEL,8882,S5,3498,1072,2944,4994,10000,0                        
TEL,8883,S5,3498,1072,2944,4994,10000,0                        
TEL,8884,S5,3466,1071,2944,4994,10000,0                        
TEL,8885,S5,3435,1070,2944,4994,10000,0                        
TEL,8886,S5,3529,1073,2944,4994,10000,0                        
TEL,8887,S5,3498,1072,2944,4994,10000,0                        
TEL,8888,S5,3466,1071,2944,4994,10000,0                        
TEL,8889,S5,3466,1071,2944,4994,10000,0                        
TEL,8890,S5,3498,1072,2944,4994,10000,0                        
TEL,8891,S5,3435,1070,2944,4994,10000,0                        
TEL,8892,S5,3498,1072,2944,4994,10000,0                        
TEL,8893,S5,3498,1072,2944,4994,10000,0                        
TEL,8894,S5,3404,1069,2944,4994,10000,0                        
TEL,8895,S5,3529,1073,2944,4994,10000,0                        
TEL,8896,S5,3466,1071,2944,4994,10000,0                        
TEL,8897,S5,3498,1072,2944,4994,10000,0                        
TEL,8898,S5,3404,1069,2944,4994,10000,0                        
TEL,8899,S5,3466,1071,2944,4994,10000,0                        
TEL,8900,S5,3498,1072,2944,4994,10000,0                        
TEL,8901,S5,3498,1072,2944,4994,10000,0                        
TEL,8902,S5,3498,1072,2944,4994,10000,0                        
TEL,8903,S5,3529,1073,2944,4994,10000,0                        
TEL,8904,S5,3529,1073,2944,4994,10000,0                        
TEL,8905,S5,3466,1071,2944,4994,10000,0                        
TEL,8906,S5,3498,1072,2944,4994,10000,0                        
TEL,8907,S5,3342,1066,2944,4994,10000,0                        
TEL,8908,S5,3498,1072,2944,4994,10000,0                        
TEL,8909,S5,3498,1072,2944,4994,10000,0                        
TEL,8910,S5,3498,1072,2944,4994,10000,0                        
TEL,8911,S5,3498,1072,2944,4994,10000,0                        
TEL,8912,S5,3466,1071,2944,4994,10000,0                        
TEL,8913,S5,3529,1073,2944,4994,10000,0                        
TEL,8914,S5,3466,1071,2944,4994,10000,0                        
TEL,8915,S5,3498,1072,2944,4994,10000,0                        
TEL,8916,S5,3529,1073,2944,4994,10000,0                        
TEL,8917,S5,3529,1073,2944,4994,10000,0                        
TEL,8918,S5,3529,1073,2944,4994,10000,0                        
TEL,8919,S5,3498,1072,2944,4994,10000,0                        
TEL,8920,S5,3498,1072,2944,4994,10000,0                        
TEL,8921,S5,3373,1068,2944,4994,10000,0                        
TEL,8922,S5,3498,1072,2944,4994,10000,0                        
TEL,8923,S5,3529,1073,2944,4994,10000,0                        
TEL,8924,S5,3529,1073,2944,4994,10000,0                        
TEL,8925,S5,3435,1070,2944,4994,10000,0                        
TEL,8926,S5,3498,1072,2944,4994,10000,0                        
TEL,8927,S5,3529,1073,2944,4994,10000,0                        
TEL,8928,S5,3498,1072,2944,4994,10000,0                        
TEL,8929,S5,3529,1073,2944,4994,10000,0                        
BTN,70,S5,PRESSED,8930,227135609,227135627,227135629           
TEL,8931,S5,3529,1073,2944,5051,10000,1                        
TEL,8932,S5,3404,1069,2944,5044,10000,0                        
TEL,8933,S5,3373,1068,2944,4994,10000,0                        
TEL,8934,S5,3404,1069,2944,4994,10000,0                        
TEL,8935,S5,3373,1068,2944,4994,10000,0                        
TEL,8936,S5,3529,1073,2944,4994,10000,0                        
TEL,8937,S5,3498,1072,2944,4994,10000,0                        
TEL,8938,S5,3498,1072,2944,4994,10000,0                        
TEL,8939,S5,3498,1072,2944,4994,10000,0                        
TEL,8940,S5,3498,1072,2944,4994,10000,0                        
TEL,8941,S5,3498,1072,2944,4994,10000,0                        
TEL,8942,S5,3529,1073,2944,4994,10000,0                        
TEL,8943,S5,3498,1072,2944,4994,10000,0                        
TEL,8944,S5,3622,1076,2944,4994,10000,0                        
TEL,8945,S5,3498,1072,2944,4994,10000,0                        
TEL,8946,S5,3529,1073,2944,4997,10000,0                        
TEL,8947,S5,3498,1072,2944,4994,10000,0                        
TEL,8948,S5,3498,1072,2944,4994,10000,0                        
TEL,8949,S5,3498,1072,2944,4994,10000,0                        
TEL,8950,S5,3529,1073,2944,4994,10000,0                        
TEL,8951,S5,3498,1072,2944,4994,10000,0                        
TEL,8952,S5,3498,1072,2944,4994,10000,0                        
TEL,8953,S5,3498,1072,2944,4994,10000,0                        
TEL,8954,S5,3529,1073,2944,4994,10000,0                        
TEL,8955,S5,3498,1072,2944,4994,10000,0                        
TEL,8956,S5,3529,1073,2944,4994,10000,0                        
TEL,8957,S5,3529,1073,2944,4994,10000,0                        
TEL,8958,S5,3466,1071,2944,4994,10000,0                        
TEL,8959,S5,3404,1069,2944,4994,10000,0                        
TEL,8960,S5,3404,1069,2944,4994,10000,0                        
TEL,8961,S5,3529,1073,2944,4994,10000,0                        
TEL,8962,S5,3529,1073,2944,4994,10000,0                        
TEL,8963,S5,3466,1071,2944,4994,10000,0                        
TEL,8964,S5,3622,1076,2944,4994,10000,0                        
TEL,8965,S5,3466,1071,2944,4994,10000,0                        
TEL,8966,S5,3529,1073,2944,4994,10000,0                        
TEL,8967,S5,3466,1071,2944,4994,10000,0                        
TEL,8968,S5,3404,1069,2944,4994,10000,0                        
TEL,8969,S5,3498,1072,2944,4994,10000,0                        
TEL,8970,S5,3498,1072,2944,4994,10000,0                        
TEL,8971,S5,3498,1072,2944,4994,10000,0                        
TEL,8972,S5,3498,1072,2944,4994,10000,0                        
TEL,8973,S5,3498,1072,2944,4994,10000,0                        
TEL,8974,S5,3529,1073,2944,4994,10000,0                        
TEL,8975,S5,3529,1073,2944,4994,10000,0                        
TEL,8976,S5,3466,1071,2944,4994,10000,0                        
TEL,8977,S5,3529,1073,2944,4994,10000,0                        
TEL,8978,S5,3498,1072,2944,4994,10000,0                        
TEL,8979,S5,3498,1072,2944,4994,10000,0                        
TEL,8980,S5,3498,1072,2944,4994,10000,0                        
TEL,8981,S5,3498,1072,2944,4994,10000,0                        
TEL,8982,S5,3529,1073,2944,4994,10000,0                        
TEL,8983,S5,3404,1069,2944,4994,10000,0                        
TEL,8984,S5,3529,1073,2944,4994,10000,0                        
TEL,8985,S5,3498,1072,2944,4994,10000,0                        
TEL,8986,S5,3466,1071,2944,4994,10000,0                        
TEL,8987,S5,3435,1070,2944,4994,10000,0                        
TEL,8988,S5,3498,1072,2944,4994,10000,0                        
TEL,8989,S5,3529,1073,2944,4994,10000,0                        
TEL,8990,S5,3529,1073,2944,4994,10000,0                        
TEL,8991,S5,3529,1073,2944,4994,10000,0                        
TEL,8992,S5,3529,1073,2944,4994,10000,0                        
TEL,8993,S5,3498,1072,2944,4994,10000,0                        
TEL,8994,S5,3498,1072,2944,4994,10000,0                        
TEL,8995,S5,3466,1071,2944,4994,10000,0                        
TEL,8996,S5,3466,1071,2944,4994,10000,0                        
TEL,8997,S5,3529,1073,2944,4994,10000,0                        
TEL,8998,S5,3498,1072,2944,4994,10000,0                        
TEL,8999,S5,3404,1069,2944,4994,10000,0                        
TEL,9000,S5,3404,1069,2944,4994,10000,0                        
TEL,9001,S5,3404,1069,2944,4994,10000,0                        
TEL,9002,S5,3466,1071,2944,4994,10000,0                        
TEL,9003,S5,3466,1071,2944,4994,10000,0                        
TEL,9004,S5,3466,1071,2944,4994,10000,0                        
TEL,9005,S5,3466,1071,2944,4994,10000,0                        
TEL,9006,S5,3466,1071,2944,4994,10000,0                        
TEL,9007,S5,3466,1071,2944,4994,10000,0                        
TEL,9008,S5,3404,1069,2944,4994,10000,0                        
TEL,9009,S5,3466,1071,2944,4994,10000,0                        
TEL,9010,S5,3498,1072,2944,4994,10000,0                        
TEL,9011,S5,3529,1073,2944,4994,10000,0                        
TEL,9012,S5,3498,1072,2944,4994,10000,0                        
TEL,9013,S5,3529,1073,2944,4994,10000,0                        
TEL,9014,S5,3404,1069,2944,4994,10000,0                        
TEL,9015,S5,3404,1069,2944,4994,10000,0                        
TEL,9016,S5,3466,1071,2944,4994,10000,0                        
TEL,9017,S5,3404,1069,2944,4994,10000,0                        
TEL,9018,S5,3435,1070,2944,4994,10000,0                        
TEL,9019,S5,3498,1072,2944,4994,10000,0                        
TEL,9020,S5,3529,1073,2944,4994,10000,0                        
TEL,9021,S5,3498,1072,2944,4994,10000,0                        
TEL,9022,S5,3466,1071,2944,4994,10000,0                        
TEL,9023,S5,3498,1072,2944,4994,10000,0                        
TEL,9024,S5,3466,1071,2944,4994,10000,0                        
TEL,9025,S5,3466,1071,2944,4994,10000,0                        
TEL,9026,S5,3498,1072,2944,4994,10000,0                        
TEL,9027,S5,3498,1072,2944,4994,10000,0                        
TEL,9028,S5,3466,1071,2944,4994,10000,0                        
TEL,9029,S5,3498,1072,2944,4994,10000,0                        
TEL,9030,S5,3466,1071,2944,4994,10000,0                        
TEL,9031,S5,3498,1072,2944,4994,10000,0                        
TEL,9032,S5,3498,1072,2944,4994,10000,0                        
TEL,9033,S5,3498,1072,2944,4994,10000,0                        
TEL,9034,S5,3466,1071,2944,4994,10000,0                        
TEL,9035,S5,3435,1070,2944,4994,10000,0                        
TEL,9036,S5,3529,1073,2944,4994,10000,0                        
TEL,9037,S5,3498,1072,2944,4994,10000,0                        
TEL,9038,S5,3591,1075,2944,4994,10000,0                        
TEL,9039,S5,3498,1072,2944,4994,10000,0                        
TEL,9040,S5,3529,1073,2944,4994,10000,0                        
TEL,9041,S5,3404,1069,2944,4994,10000,0                        
TEL,9042,S5,3466,1071,2944,4994,10000,0                        
TEL,9043,S5,3498,1072,2944,4994,10000,0                        
TEL,9044,S5,3466,1071,2944,4994,10000,0                        
TEL,9045,S5,3529,1073,2944,4994,10000,0                        
TEL,9046,S5,3622,1076,2944,4994,10000,0                        
TEL,9047,S5,3529,1073,2944,4994,10000,0                        
TEL,9048,S5,3404,1069,2944,4994,10000,0                        
TEL,9049,S5,3529,1073,2944,4994,10000,0                        
TEL,9050,S5,3498,1072,2944,4994,10000,0                        
TEL,9051,S5,3498,1072,2944,4994,10000,0                        
TEL,9052,S5,3498,1072,2944,4994,10000,0                        
TEL,9053,S5,3404,1069,2944,4994,10000,0                        
TEL,9054,S5,3498,1072,2944,4994,10000,0                        
TEL,9055,S5,3498,1072,2944,4994,10000,0                        
TEL,9056,S5,3404,1069,2944,4994,10000,0                        
TEL,9057,S5,3498,1072,2944,4994,10000,0                        
TEL,9058,S5,3404,1069,2944,4994,10000,0                        
TEL,9059,S5,3529,1073,2944,4994,10000,0                        
TEL,9060,S5,3498,1072,2944,4994,10000,0                        
TEL,9061,S5,3373,1068,2944,4994,10000,0                        
TEL,9062,S5,3466,1071,2944,4994,10000,0                        
TEL,9063,S5,3404,1069,2944,4994,10000,0                        
TEL,9064,S5,3529,1073,2944,4994,10000,0                        
TEL,9065,S5,3498,1072,2944,4994,10000,0                        
TEL,9066,S5,3529,1073,2944,4994,10000,0                        
TEL,9067,S5,3498,1072,2944,4994,10000,0                        
TEL,9068,S5,3466,1071,2944,4994,10000,0                        
TEL,9069,S5,3466,1071,2944,4994,10000,0                        
TEL,9070,S5,3466,1071,2944,4994,10000,0                        
TEL,9071,S5,3466,1071,2944,4994,10000,0                        
BTN,71,S5,PRESSED,9072,228543091,228543108,228543110           
TEL,9073,S5,3498,1072,2944,5052,10000,0                        
TEL,9074,S5,3373,1068,2944,4994,10000,0                        
TEL,9075,S5,3529,1073,2944,4994,10000,0                        
TEL,9076,S5,3466,1071,2944,4994,10000,0                        
TEL,9077,S5,3498,1072,2944,4994,10000,0                        
TEL,9078,S5,3529,1073,2944,4994,10000,0                        
TEL,9079,S5,3529,1073,2944,4994,10000,0                        
TEL,9080,S5,3529,1073,2944,4994,10000,0                        
TEL,9081,S5,3498,1072,2944,4994,10000,0                        
TEL,9082,S5,3591,1075,2944,4994,10000,0                        
TEL,9083,S5,3560,1074,2944,4994,10000,0                        
TEL,9084,S5,3529,1073,2944,4994,10000,0                        
TEL,9085,S5,3498,1072,2944,4994,10000,0                        
TEL,9086,S5,3498,1072,2944,4994,10000,0                        
TEL,9087,S5,3498,1072,2944,4994,10000,0                        
TEL,9088,S5,3404,1069,2944,4994,10000,0                        
TEL,9089,S5,3498,1072,2944,4997,10000,0                        
TEL,9090,S5,3498,1072,2944,4994,10000,0                        
TEL,9091,S5,3498,1072,2944,4994,10000,0                        
TEL,9092,S5,3529,1073,2944,4994,10000,0                        
TEL,9093,S5,3498,1072,2944,4994,10000,0                        
TEL,9094,S5,3529,1073,2944,4994,10000,0                        
TEL,9095,S5,3498,1072,2944,4994,10000,0                        
TEL,9096,S5,3529,1073,2944,4994,10000,0                        
TEL,9097,S5,3498,1072,2944,4994,10000,0                        
TEL,9098,S5,3498,1072,2944,4994,10000,0                        
TEL,9099,S5,3560,1074,2944,4994,10000,0                        
TEL,9100,S5,3529,1073,2944,4994,10000,0                        
TEL,9101,S5,3529,1073,2944,4994,10000,0                        
TEL,9102,S5,3466,1071,2944,4994,10000,0                        
TEL,9103,S5,3529,1073,2944,4994,10000,0                        
TEL,9104,S5,3498,1072,2944,4994,10000,0                        
TEL,9105,S5,3498,1072,2944,4994,10000,0                        
TEL,9106,S5,3466,1071,2944,4994,10000,0                        
TEL,9107,S5,3529,1073,2944,4994,10000,0                        
TEL,9108,S5,3498,1072,2944,4994,10000,0                        
TEL,9109,S5,3529,1073,2944,4994,10000,0                        
TEL,9110,S5,3498,1072,2944,4994,10000,0                        
TEL,9111,S5,3498,1072,2944,4994,10000,0                        
TEL,9112,S5,3529,1073,2944,4994,10000,0                        
TEL,9113,S5,3498,1072,2944,4994,10000,0                        
TEL,9114,S5,3498,1072,2944,4994,10000,0                        
TEL,9115,S5,3498,1072,2944,4994,10000,0                        
TEL,9116,S5,3498,1072,2944,4994,10000,0                        
TEL,9117,S5,3498,1072,2944,4994,10000,0                        
TEL,9118,S5,3498,1072,2944,4994,10000,0                        
TEL,9119,S5,3342,1067,2944,4994,10000,0                        
TEL,9120,S5,3529,1073,2944,4994,10000,0                        
TEL,9121,S5,3622,1076,2944,4994,10000,0                        
TEL,9122,S5,3498,1072,2944,4994,10000,0                        
TEL,9123,S5,3498,1072,2944,4994,10000,0                        
TEL,9124,S5,3466,1071,2944,4994,10000,0                        
TEL,9125,S5,3529,1073,2944,4994,10000,0                        
TEL,9126,S5,3498,1072,2944,4994,10000,0                        
TEL,9127,S5,3529,1073,2944,4994,10000,0                        
TEL,9128,S5,3435,1070,2944,4994,10000,0                        
TEL,9129,S5,3529,1073,2944,4994,10000,0                        
TEL,9130,S5,3529,1073,2944,4994,10000,0                        
TEL,9131,S5,3435,1070,2944,4994,10000,0                        
TEL,9132,S5,3404,1069,2944,4994,10000,0                        
TEL,9133,S5,3529,1073,2944,4994,10000,0                        
TEL,9134,S5,3529,1073,2944,4994,10000,0                        
TEL,9135,S5,3529,1073,2944,4994,10000,0                        
TEL,9136,S5,3498,1072,2944,4994,10000,0                        
TEL,9137,S5,3529,1073,2944,4994,10000,0                        
TEL,9138,S5,3498,1072,2944,4994,10000,0                        
TEL,9139,S5,3498,1072,2944,4994,10000,0                        
TEL,9140,S5,3529,1073,2944,4994,10000,0                        
TEL,9141,S5,3529,1073,2944,4994,10000,0                        
TEL,9142,S5,3498,1072,2944,4994,10000,0                        
TEL,9143,S5,3498,1072,2944,4994,10000,0                        
TEL,9144,S5,3529,1073,2944,4994,10000,0                        
TEL,9145,S5,3529,1073,2944,4994,10000,0                        
TEL,9146,S5,3498,1072,2944,4994,10000,0                        
TEL,9147,S5,3498,1072,2944,4994,10000,0                        
TEL,9148,S5,3529,1073,2944,4994,10000,0                        
TEL,9149,S5,3529,1073,2944,4994,10000,0                        
TEL,9150,S5,3498,1072,2944,4994,10000,0                        
TEL,9151,S5,3529,1073,2944,4994,10000,0                        
TEL,9152,S5,3529,1073,2944,4994,10000,0                        
TEL,9153,S5,3466,1071,2944,4994,10000,0                        
TEL,9154,S5,3373,1068,2944,4994,10000,0                        
TEL,9155,S5,3529,1073,2944,4994,10000,0                        
TEL,9156,S5,3529,1073,2944,4994,10000,0                        
TEL,9157,S5,3498,1072,2944,4994,10000,0                        
TEL,9158,S5,3404,1069,2944,4994,10000,0                        
TEL,9159,S5,3373,1068,2944,4994,10000,0                        
TEL,9160,S5,3498,1072,2944,4994,10000,0                        
TEL,9161,S5,3498,1072,2944,4994,10000,0                        
TEL,9162,S5,3529,1073,2944,4994,10000,0                        
TEL,9163,S5,3498,1072,2944,4994,10000,0                        
TEL,9164,S5,3498,1072,2944,4994,10000,0                        
TEL,9165,S5,3529,1073,2944,4994,10000,0                        
TEL,9166,S5,3498,1072,2944,4994,10000,0                        
TEL,9167,S5,3498,1072,2944,4994,10000,0                        
TEL,9168,S5,3498,1072,2944,4994,10000,0                        
TEL,9169,S5,3498,1072,2944,4994,10000,0                        
TEL,9170,S5,3498,1072,2944,4994,10000,0                        
TEL,9171,S5,3529,1073,2944,4994,10000,0                        
TEL,9172,S5,3529,1073,2944,4994,10000,0                        
TEL,9173,S5,3529,1073,2944,4994,10000,0                        
TEL,9174,S5,3498,1072,2944,4994,10000,0                        
TEL,9175,S5,3498,1072,2944,4994,10000,0                        
TEL,9176,S5,3498,1072,2944,4994,10000,0                        
TEL,9177,S5,3498,1072,2944,4994,10000,0                        
TEL,9178,S5,3498,1072,2944,4994,10000,0                        
TEL,9179,S5,3498,1072,2944,4994,10000,0                        
TEL,9180,S5,3466,1071,2944,4994,10000,0                        
TEL,9181,S5,3498,1072,2944,4994,10000,0                        
TEL,9182,S5,3498,1072,2944,4994,10000,0                        
TEL,9183,S5,3498,1072,2944,4994,10000,0                        
TEL,9184,S5,3498,1072,2944,4994,10000,0                        
TEL,9185,S5,3529,1073,2944,4994,10000,0                        
TEL,9186,S5,3498,1072,2944,4994,10000,0                        
TEL,9187,S5,3498,1072,2944,4994,10000,0                        
TEL,9188,S5,3466,1071,2944,4994,10000,0                        
TEL,9189,S5,3466,1071,2944,4994,10000,0                        
TEL,9190,S5,3404,1069,2944,4994,10000,0                        
TEL,9191,S5,3498,1072,2944,4994,10000,0                        
TEL,9192,S5,3529,1073,2944,4994,10000,0                        
TEL,9193,S5,3466,1071,2944,4994,10000,0                        
TEL,9194,S5,3466,1071,2944,4994,10000,0                        
TEL,9195,S5,3498,1072,2944,4994,10000,0                        
TEL,9196,S5,3529,1073,2944,4994,10000,0                        
TEL,9197,S5,3498,1072,2944,4994,10000,0                        
TEL,9198,S5,3498,1072,2944,4994,10000,0                        
TEL,9199,S5,3529,1073,2944,4994,10000,0                        
TEL,9200,S5,3498,1072,2944,4994,10000,0                        
TEL,9201,S5,3404,1069,2944,4994,10000,0                        
TEL,9202,S5,3529,1073,2944,4994,10000,0                        
TEL,9203,S5,3529,1073,2944,4994,10000,0                        
TEL,9204,S5,3529,1073,2944,4994,10000,0                        
TEL,9205,S5,3529,1073,2944,4994,10000,0                        
TEL,9206,S5,3498,1072,2944,4994,10000,0                        
TEL,9207,S5,3529,1073,2944,4994,10000,0                        
TEL,9208,S5,3529,1073,2944,4994,10000,0                        
BTN,72,S5,PRESSED,9209,229907632,229907649,229907651           
TEL,9210,S5,3498,1072,2944,5052,10000,1                        
TEL,9211,S5,3529,1073,2944,5044,10000,0                        
TEL,9212,S5,3342,1066,2944,4994,10000,0                        
TEL,9213,S5,3466,1071,2944,4994,10000,0                        
TEL,9214,S5,3498,1072,2944,4994,10000,0                        
TEL,9215,S5,3529,1073,2944,4994,10000,0                        
TEL,9216,S5,3529,1073,2944,4994,10000,0                        
TEL,9217,S5,3498,1072,2944,4994,10000,0                        
TEL,9218,S5,3529,1073,2944,4994,10000,0                        
TEL,9219,S5,3498,1072,2944,4994,10000,0                        
TEL,9220,S5,3529,1073,2944,4994,10000,0                        
TEL,9221,S5,3498,1072,2944,4994,10000,0                        
TEL,9222,S5,3498,1072,2944,4994,10000,0                        
TEL,9223,S5,3404,1069,2944,4994,10000,0                        
TEL,9224,S5,3498,1072,2944,4994,10000,0                        
TEL,9225,S5,3466,1071,2944,4994,10000,0                        
TEL,9226,S5,3498,1072,2944,4994,10000,0                        
TEL,9227,S5,3466,1071,2944,4994,10000,0                        
TEL,9228,S5,3529,1073,2944,4994,10000,0                        
TEL,9229,S5,3498,1072,2944,4994,10000,0                        
TEL,9230,S5,3529,1073,2944,4994,10000,0                        
TEL,9231,S5,3529,1073,2944,4994,10000,0                        
TEL,9232,S5,3529,1073,2944,4994,10000,0                        
TEL,9233,S5,3498,1072,2944,4994,10000,0                        
TEL,9234,S5,3466,1071,2944,4994,10000,0                        
TEL,9235,S5,3529,1073,2944,4994,10000,0                        
TEL,9236,S5,3498,1072,2944,4994,10000,0                        
TEL,9237,S5,3498,1072,2944,4994,10000,0                        
TEL,9238,S5,3529,1073,2944,4994,10000,0                        
TEL,9239,S5,3529,1073,2944,4994,10000,0                        
TEL,9240,S5,3529,1073,2944,4994,10000,0                        
TEL,9241,S5,3498,1072,2944,4994,10000,0                        
TEL,9242,S5,3529,1073,2944,4994,10000,0                        
TEL,9243,S5,3498,1072,2944,4994,10000,0                        
TEL,9244,S5,3466,1071,2944,4994,10000,0                        
TEL,9245,S5,3404,1069,2944,4994,10000,0                        
TEL,9246,S5,3498,1072,2944,4994,10000,0                        
TEL,9247,S5,3373,1068,2944,4994,10000,0                        
TEL,9248,S5,3529,1073,2944,4994,10000,0                        
TEL,9249,S5,3591,1075,2944,4994,10000,0                        
TEL,9250,S5,3529,1073,2944,4994,10000,0                        
TEL,9251,S5,3529,1073,2944,4994,10000,0                        
TEL,9252,S5,3529,1073,2944,4994,10000,0                        
TEL,9253,S5,3498,1072,2944,4994,10000,0                        
TEL,9254,S5,3529,1073,2944,4994,10000,0                        
TEL,9255,S5,3529,1073,2944,4994,10000,0                        
TEL,9256,S5,3466,1071,2944,4994,10000,0                        
TEL,9257,S5,3404,1069,2944,4994,10000,0                        
TEL,9258,S5,3498,1072,2944,4994,10000,0                        
TEL,9259,S5,3435,1070,2944,4994,10000,0                        
TEL,9260,S5,3498,1072,2944,4994,10000,0                        
TEL,9261,S5,3498,1072,2944,4994,10000,0                        
TEL,9262,S5,3466,1071,2944,4994,10000,0                        
TEL,9263,S5,3466,1071,2944,4994,10000,0                        
TEL,9264,S5,3466,1071,2944,4994,10000,0                        
TEL,9265,S5,3498,1072,2944,4994,10000,0                        
TEL,9266,S5,3498,1072,2944,4994,10000,0                        
TEL,9267,S5,3529,1073,2944,4994,10000,0                        
TEL,9268,S5,3498,1072,2944,4994,10000,0                        
TEL,9269,S5,3498,1072,2944,4994,10000,0                        
TEL,9270,S5,3498,1072,2944,4994,10000,0                        
TEL,9271,S5,3466,1071,2944,4994,10000,0                        
TEL,9272,S5,3466,1071,2944,4994,10000,0                        
TEL,9273,S5,3311,1065,2944,4994,10000,0                        
TEL,9274,S5,3498,1072,2944,4994,10000,0                        
TEL,9275,S5,3560,1074,2944,4994,10000,0                        
TEL,9276,S5,3529,1073,2944,4994,10000,0                        
TEL,9277,S5,3498,1072,2944,4994,10000,0                        
TEL,9278,S5,3498,1072,2944,4994,10000,0                        
TEL,9279,S5,3498,1072,2944,4994,10000,0                        
TEL,9280,S5,3373,1068,2944,4994,10000,0                        
TEL,9281,S5,3529,1073,2944,4994,10000,0                        
TEL,9282,S5,3498,1072,2944,4994,10000,0                        
TEL,9283,S5,3404,1069,2944,4994,10000,0                        
TEL,9284,S5,3529,1073,2944,4994,10000,0                        
TEL,9285,S5,3529,1073,2944,4994,10000,0                        
TEL,9286,S5,3404,1069,2944,4994,10000,0                        
TEL,9287,S5,3498,1072,2944,4994,10000,0                        
TEL,9288,S5,3498,1072,2944,4994,10000,0                        
TEL,9289,S5,3498,1072,2944,4994,10000,0                        
TEL,9290,S5,3498,1072,2944,4994,10000,0                        
TEL,9291,S5,3435,1070,2944,4994,10000,0                        
TEL,9292,S5,3466,1071,2944,4994,10000,0                        
TEL,9293,S5,3435,1070,2944,4994,10000,0                        
TEL,9294,S5,3529,1073,2944,4994,10000,0                        
TEL,9295,S5,3466,1071,2944,4994,10000,0                        
TEL,9296,S5,3498,1072,2944,4994,10000,0                        
TEL,9297,S5,3311,1065,2944,4994,10000,0                        
TEL,9298,S5,3529,1073,2944,4994,10000,0                        
TEL,9299,S5,3529,1073,2944,4994,10000,0                        
TEL,9300,S5,3498,1072,2944,4994,10000,0                        
TEL,9301,S5,3466,1071,2944,4994,10000,0                        
TEL,9302,S5,3404,1069,2944,4994,10000,0                        
TEL,9303,S5,3498,1072,2944,4994,10000,0                        
TEL,9304,S5,3466,1071,2944,4994,10000,0                        
TEL,9305,S5,3529,1073,2944,4994,10000,0                        
TEL,9306,S5,3498,1072,2944,4994,10000,0                        
TEL,9307,S5,3435,1070,2944,4994,10000,0                        
TEL,9308,S5,3622,1077,2944,4994,10000,0                        
TEL,9309,S5,3498,1072,2944,4994,10000,0                        
TEL,9310,S5,3498,1072,2944,4994,10000,0                        
TEL,9311,S5,3529,1073,2944,4994,10000,0                        
TEL,9312,S5,3498,1072,2944,4994,10000,0                        
TEL,9313,S5,3529,1073,2944,4994,10000,0                        
TEL,9314,S5,3498,1072,2944,4994,10000,0                        
TEL,9315,S5,3404,1069,2944,4994,10000,0                        
TEL,9316,S5,3498,1072,2944,4994,10000,0                        
TEL,9317,S5,3466,1071,2944,4994,10000,0                        
TEL,9318,S5,3498,1072,2944,4994,10000,0                        
TEL,9319,S5,3498,1072,2944,4994,10000,0                        
TEL,9320,S5,3498,1072,2944,4994,10000,0                        
TEL,9321,S5,3529,1073,2944,4994,10000,0                        
TEL,9322,S5,3529,1073,2944,4994,10000,0                        
TEL,9323,S5,3373,1068,2944,4994,10000,0                        
TEL,9324,S5,3498,1072,2944,4994,10000,0                        
TEL,9325,S5,3498,1072,2944,4994,10000,0                        
TEL,9326,S5,3373,1068,2944,4994,10000,0                        
TEL,9327,S5,3498,1072,2944,4994,10000,0                        
TEL,9328,S5,3529,1073,2944,4994,10000,0                        
TEL,9329,S5,3529,1073,2944,4994,10000,0                        
TEL,9330,S5,3498,1072,2944,4994,10000,0                        
TEL,9331,S5,3498,1072,2944,4994,10000,0                        
TEL,9332,S5,3498,1072,2944,4994,10000,0                        
TEL,9333,S5,3529,1073,2944,4994,10000,0                        
TEL,9334,S5,3529,1073,2944,4994,10000,0                        
TEL,9335,S5,3404,1069,2944,4994,10000,0                        
TEL,9336,S5,3466,1071,2944,4994,10000,0                        
TEL,9337,S5,3404,1069,2944,4994,10000,0                        
TEL,9338,S5,3529,1073,2944,4994,10000,0                        
TEL,9339,S5,3529,1073,2944,4994,10000,0                        
TEL,9340,S5,3498,1072,2944,4994,10000,0                        
TEL,9341,S5,3529,1073,2944,4994,10000,0                        
TEL,9342,S5,3466,1071,2944,4994,10000,0                        
TEL,9343,S5,3529,1073,2944,4994,10000,0                        
TEL,9344,S5,3498,1072,2944,4994,10000,0                        
TEL,9345,S5,3529,1073,2944,4994,10000,0                        
TEL,9346,S5,3466,1071,2944,4994,10000,0                        
TEL,9347,S5,3466,1071,2944,4994,10000,0                        
TEL,9348,S5,3529,1073,2944,4994,10000,0                        
TEL,9349,S5,3498,1072,2944,4994,10000,0                        
TEL,9350,S5,3466,1071,2944,4994,10000,0                        
TEL,9351,S5,3466,1071,2944,4994,10000,0                        
TEL,9352,S5,3498,1072,2944,4994,10000,0                        
TEL,9353,S5,3498,1072,2944,4994,10000,0                        
TEL,9354,S5,3529,1073,2944,4994,10000,0                        
TEL,9355,S5,3498,1072,2944,4994,10000,0                        
TEL,9356,S5,3529,1073,2944,4994,10000,0                        
BTN,73,S5,PRESSED,9357,231374281,231374299,231374301           
TEL,9358,S5,3529,1073,2944,5124,10000,0                        
TEL,9359,S5,3435,1070,2944,4994,10000,0                        
TEL,9360,S5,3498,1072,2944,4994,10000,0                        
TEL,9361,S5,3529,1073,2944,4994,10000,0                        
TEL,9362,S5,3529,1073,2944,4994,10000,0                        
TEL,9363,S5,3498,1072,2944,4994,10000,0                        
TEL,9364,S5,3498,1072,2944,4994,10000,0                        
TEL,9365,S5,3529,1073,2944,4994,10000,0                        
TEL,9366,S5,3529,1073,2944,4994,10000,0                        
TEL,9367,S5,3466,1071,2944,4994,10000,0                        
TEL,9368,S5,3466,1071,2944,4994,10000,0                        
TEL,9369,S5,3529,1073,2944,4994,10000,0                        
TEL,9370,S5,3498,1072,2944,4994,10000,0                        
TEL,9371,S5,3342,1066,2944,4994,10000,0                        
TEL,9372,S5,3529,1073,2944,4994,10000,0                        
TEL,9373,S5,3529,1073,2944,4994,10000,0                        
TEL,9374,S5,3466,1071,2944,4994,10000,0                        
TEL,9375,S5,3529,1073,2944,4994,10000,0                        
TEL,9376,S5,3498,1072,2944,4994,10000,0                        
TEL,9377,S5,3529,1073,2944,4994,10000,0                        
TEL,9378,S5,3466,1071,2944,4994,10000,0                        
TEL,9379,S5,3498,1072,2944,4994,10000,0                        
TEL,9380,S5,3498,1072,2944,4994,10000,0                        
TEL,9381,S5,3529,1073,2944,4994,10000,0                        
TEL,9382,S5,3529,1073,2944,4994,10000,0                        
TEL,9383,S5,3498,1072,2944,4994,10000,0                        
TEL,9384,S5,3529,1073,2944,4994,10000,0                        
TEL,9385,S5,3529,1073,2944,4994,10000,0                        
TEL,9386,S5,3529,1073,2944,4994,10000,0                        
TEL,9387,S5,3529,1073,2944,4994,10000,0                        
TEL,9388,S5,3466,1071,2944,4994,10000,0                        
TEL,9389,S5,3498,1072,2944,4994,10000,0                        
TEL,9390,S5,3529,1073,2944,4994,10000,0                        
TEL,9391,S5,3498,1072,2944,4994,10000,0                        
TEL,9392,S5,3498,1072,2944,4994,10000,0                        
TEL,9393,S5,3498,1072,2944,4994,10000,0                        
TEL,9394,S5,3498,1072,2944,4994,10000,0                        
TEL,9395,S5,3498,1072,2944,4994,10000,0                        
TEL,9396,S5,3498,1072,2944,4994,10000,0                        
TEL,9397,S5,3498,1072,2944,4994,10000,0                        
TEL,9398,S5,3529,1073,2944,4994,10000,0                        
TEL,9399,S5,3466,1071,2944,4994,10000,0                        
TEL,9400,S5,3622,1076,2944,4994,10000,0                        
TEL,9401,S5,3466,1071,2944,4994,10000,0                        
TEL,9402,S5,3373,1068,2944,4994,10000,0                        
TEL,9403,S5,3498,1072,2944,4994,10000,0                        
TEL,9404,S5,3466,1071,2944,4994,10000,0                        
TEL,9405,S5,3498,1072,2944,4994,10000,0                        
TEL,9406,S5,3498,1072,2944,4994,10000,0                        
TEL,9407,S5,3498,1072,2944,4994,10000,0                        
TEL,9408,S5,3498,1072,2944,4994,10000,0                        
TEL,9409,S5,3622,1077,2944,4994,10000,0                        
TEL,9410,S5,3498,1072,2944,4994,10000,0                        
TEL,9411,S5,3466,1071,2944,4994,10000,0                        
TEL,9412,S5,3498,1072,2944,4994,10000,0                        
TEL,9413,S5,3498,1072,2944,4994,10000,0                        
TEL,9414,S5,3498,1072,2944,4994,10000,0                        
TEL,9415,S5,3529,1073,2944,4994,10000,0                        
TEL,9416,S5,3466,1071,2944,4994,10000,0                        
TEL,9417,S5,3529,1073,2944,4994,10000,0                        
TEL,9418,S5,3466,1071,2944,4994,10000,0                        
TEL,9419,S5,3529,1073,2944,4994,10000,0                        
TEL,9420,S5,3529,1073,2944,4994,10000,0                        
TEL,9421,S5,3529,1073,2944,4994,10000,0                        
TEL,9422,S5,3498,1072,2944,4994,10000,0                        
TEL,9423,S5,3498,1072,2944,4994,10000,0                        
TEL,9424,S5,3498,1072,2944,4994,10000,0                        
TEL,9425,S5,3498,1072,2944,4994,10000,0                        
TEL,9426,S5,3498,1072,2944,4994,10000,0                        
TEL,9427,S5,3529,1073,2944,4994,10000,0                        
TEL,9428,S5,3498,1072,2944,4994,10000,0                        
TEL,9429,S5,3498,1072,2944,4994,10000,0                        
TEL,9430,S5,3466,1071,2944,4994,10000,0                        
TEL,9431,S5,3498,1072,2944,4994,10000,0                        
TEL,9432,S5,3529,1073,2944,4994,10000,0                        
TEL,9433,S5,3529,1073,2944,4994,10000,0                        
TEL,9434,S5,3466,1071,2944,4994,10000,0                        
TEL,9435,S5,3529,1073,2944,4994,10000,0                        
TEL,9436,S5,3466,1071,2944,4994,10000,0                        
TEL,9437,S5,3529,1073,2944,4994,10000,0                        
TEL,9438,S5,3529,1073,2944,4994,10000,0                        
TEL,9439,S5,3498,1072,2944,4994,10000,0                        
TEL,9440,S5,3498,1072,2944,4994,10000,0                        
TEL,9441,S5,3498,1072,2944,4994,10000,0                        
TEL,9442,S5,3529,1073,2944,4994,10000,0                        
TEL,9443,S5,3529,1073,2944,4994,10000,0                        
TEL,9444,S5,3529,1073,2944,4994,10000,0                        
TEL,9445,S5,3529,1073,2944,4994,10000,0                        
TEL,9446,S5,3404,1069,2944,4994,10000,0                        
TEL,9447,S5,3498,1072,2944,4994,10000,0                        
TEL,9448,S5,3466,1071,2944,4994,10000,0                        
TEL,9449,S5,3404,1069,2944,4994,10000,0                        
TEL,9450,S5,3529,1073,2944,4994,10000,0                        
TEL,9451,S5,3498,1072,2944,4994,10000,0                        
TEL,9452,S5,3498,1072,2944,4994,10000,0                        
TEL,9453,S5,3529,1073,2944,4994,10000,0                        
TEL,9454,S5,3498,1072,2944,4994,10000,0                        
TEL,9455,S5,3498,1072,2944,4994,10000,0                        
TEL,9456,S5,3466,1071,2944,4994,10000,0                        
TEL,9457,S5,3498,1072,2944,4994,10000,0                        
TEL,9458,S5,3466,1071,2944,4994,10000,0                        
TEL,9459,S5,3498,1072,2944,4994,10000,0                        
TEL,9460,S5,3529,1073,2944,4994,10000,0                        
TEL,9461,S5,3498,1072,2944,4994,10000,0                        
TEL,9462,S5,3529,1073,2944,4994,10000,0                        
TEL,9463,S5,3529,1073,2944,4994,10000,0                        
TEL,9464,S5,3529,1073,2944,4994,10000,0                        
TEL,9465,S5,3529,1073,2944,4994,10000,0                        
TEL,9466,S5,3529,1073,2944,4994,10000,0                        
TEL,9467,S5,3498,1072,2944,4994,10000,0                        
TEL,9468,S5,3498,1072,2944,4994,10000,0                        
TEL,9469,S5,3529,1073,2944,4994,10000,0                        
TEL,9470,S5,3529,1073,2944,4994,10000,0                        
TEL,9471,S5,3529,1073,2944,4994,10000,0                        
TEL,9472,S5,3498,1072,2944,4994,10000,0                        
TEL,9473,S5,3466,1071,2944,4994,10000,0                        
TEL,9474,S5,3498,1072,2944,4994,10000,0                        
TEL,9475,S5,3529,1073,2944,4994,10000,0                        
TEL,9476,S5,3498,1072,2944,4994,10000,0                        
TEL,9477,S5,3466,1071,2944,4994,10000,0                        
TEL,9478,S5,3498,1072,2944,4994,10000,0                        
TEL,9479,S5,3529,1073,2944,4994,10000,0                        
TEL,9480,S5,3529,1073,2944,4994,10000,0                        
TEL,9481,S5,3529,1073,2944,4994,10000,0                        
TEL,9482,S5,3529,1073,2944,4994,10000,0                        
TEL,9483,S5,3591,1075,2944,4994,10000,0                        
TEL,9484,S5,3529,1073,2944,4994,10000,0                        
TEL,9485,S5,3498,1072,2944,4994,10000,0                        
TEL,9486,S5,3529,1073,2944,4994,10000,0                        
TEL,9487,S5,3529,1073,2944,4994,10000,0                        
TEL,9488,S5,3498,1072,2944,4994,10000,0                        
TEL,9489,S5,3529,1073,2944,4994,10000,0                        
TEL,9490,S5,3529,1073,2944,4994,10000,0                        
TEL,9491,S5,3466,1071,2944,4994,10000,0                        
TEL,9492,S5,3466,1071,2944,4994,10000,0                        
TEL,9493,S5,3466,1071,2944,4994,10000,0                        
TEL,9494,S5,3529,1073,2944,4994,10000,0                        
TEL,9495,S5,3466,1071,2944,4994,10000,0                        
TEL,9496,S5,3498,1072,2944,4994,10000,0                        
TEL,9497,S5,3404,1069,2944,4994,10000,0                        
TEL,9498,S5,3498,1072,2944,4994,10000,0                        
TEL,9499,S5,3498,1072,2944,4994,10000,0                        
TEL,9500,S5,3466,1071,2944,4994,10000,0                        
TEL,9501,S5,3498,1072,2944,4994,10000,0                        
TEL,9502,S5,3529,1073,2944,4994,10000,0                        
TEL,9503,S5,3466,1071,2944,4994,10000,0                        
BTN,74,S5,PRESSED,9504,232839893,232839910,232839912           
TEL,9505,S5,3466,1071,2944,5052,10000,1                        
TEL,9506,S5,3342,1067,2944,5044,10000,0                        
TEL,9507,S5,3435,1070,2944,4994,10000,0                        
TEL,9508,S5,3466,1071,2944,4994,10000,0                        
TEL,9509,S5,3342,1067,2944,4994,10000,0                        
TEL,9510,S5,3498,1072,2944,4994,10000,0                        
TEL,9511,S5,3529,1073,2944,4994,10000,0                        
TEL,9512,S5,3529,1073,2944,4994,10000,0                        
TEL,9513,S5,3466,1071,2944,4994,10000,0                        
TEL,9514,S5,3529,1073,2944,4994,10000,0                        
TEL,9515,S5,3529,1073,2944,4994,10000,0                        
TEL,9516,S5,3404,1069,2944,4994,10000,0                        
TEL,9517,S5,3498,1072,2944,4994,10000,0                        
TEL,9518,S5,3529,1073,2944,5005,10000,0                        
TEL,9519,S5,3498,1072,2944,4994,10000,0                        
TEL,9520,S5,3435,1070,2944,4994,10000,0                        
TEL,9521,S5,3498,1072,2944,4994,10000,0                        
TEL,9522,S5,3498,1072,2944,4994,10000,0                        
TEL,9523,S5,3529,1073,2944,4994,10000,0                        
TEL,9524,S5,3529,1073,2944,4994,10000,0                        
TEL,9525,S5,3373,1068,2944,4994,10000,0                        
TEL,9526,S5,3529,1073,2944,4994,10000,0                        
TEL,9527,S5,3529,1073,2944,4994,10000,0                        
TEL,9528,S5,3498,1072,2944,4994,10000,0                        
TEL,9529,S5,3529,1073,2944,4994,10000,0                        
TEL,9530,S5,3591,1075,2944,4994,10000,0                        
TEL,9531,S5,3342,1066,2944,4994,10000,0                        
TEL,9532,S5,3466,1071,2944,4994,10000,0                        
TEL,9533,S5,3466,1071,2944,4994,10000,0                        
TEL,9534,S5,3466,1071,2944,4994,10000,0                        
TEL,9535,S5,3498,1072,2944,4994,10000,0                        
TEL,9536,S5,3498,1072,2944,4994,10000,0                        
TEL,9537,S5,3466,1071,2944,4994,10000,0                        
TEL,9538,S5,3529,1073,2944,4994,10000,0                        
TEL,9539,S5,3622,1077,2944,4994,10000,0                        
TEL,9540,S5,3466,1071,2944,4994,10000,0                        
TEL,9541,S5,3529,1073,2944,4994,10000,0                        
TEL,9542,S5,3498,1072,2944,4994,10000,0                        
TEL,9543,S5,3466,1071,2944,4994,10000,0                        
TEL,9544,S5,3498,1072,2944,4994,10000,0                        
TEL,9545,S5,3498,1072,2944,4994,10000,0                        
TEL,9546,S5,3529,1073,2944,4994,10000,0                        
TEL,9547,S5,3498,1072,2944,4994,10000,0                        
TEL,9548,S5,3498,1072,2944,4994,10000,0                        
TEL,9549,S5,3529,1073,2944,4994,10000,0                        
TEL,9550,S5,3529,1073,2944,4994,10000,0                        
TEL,9551,S5,3498,1072,2944,4994,10000,0                        
TEL,9552,S5,3498,1072,2944,4994,10000,0                        
TEL,9553,S5,3342,1067,2944,4994,10000,0                        
TEL,9554,S5,3373,1068,2944,4994,10000,0                        
TEL,9555,S5,3591,1075,2944,4994,10000,0                        
TEL,9556,S5,3529,1073,2944,4994,10000,0                        
TEL,9557,S5,3498,1072,2944,4994,10000,0                        
TEL,9558,S5,3498,1072,2944,4994,10000,0                        
TEL,9559,S5,3498,1072,2944,4994,10000,0                        
TEL,9560,S5,3404,1069,2944,4994,10000,0                        
TEL,9561,S5,3466,1071,2944,4994,10000,0                        
TEL,9562,S5,3498,1072,2944,4994,10000,0                        
TEL,9563,S5,3498,1072,2944,4994,10000,0                        
TEL,9564,S5,3498,1072,2944,4994,10000,0                        
TEL,9565,S5,3498,1072,2944,4994,10000,0                        
TEL,9566,S5,3529,1073,2944,4994,10000,0                        
TEL,9567,S5,3498,1072,2944,4994,10000,0                        
TEL,9568,S5,3466,1071,2944,4994,10000,0                        
TEL,9569,S5,3498,1072,2944,4994,10000,0                        
TEL,9570,S5,3466,1071,2944,4994,10000,0                        
TEL,9571,S5,3498,1072,2944,4994,10000,0                        
TEL,9572,S5,3529,1073,2944,4994,10000,0                        
TEL,9573,S5,3529,1073,2944,4994,10000,0                        
TEL,9574,S5,3498,1072,2944,4994,10000,0                        
TEL,9575,S5,3342,1067,2944,4994,10000,0                        
TEL,9576,S5,3498,1072,2944,4994,10000,0                        
TEL,9577,S5,3498,1072,2944,4994,10000,0                        
TEL,9578,S5,3498,1072,2944,4994,10000,0                        
TEL,9579,S5,3466,1071,2944,4994,10000,0                        
TEL,9580,S5,3529,1073,2944,4994,10000,0                        
TEL,9581,S5,3498,1072,2944,4994,10000,0                        
TEL,9582,S5,3466,1071,2944,4994,10000,0                        
TEL,9583,S5,3466,1071,2944,4994,10000,0                        
TEL,9584,S5,3622,1076,2944,4994,10000,0                        
TEL,9585,S5,3529,1073,2944,4994,10000,0                        
TEL,9586,S5,3498,1072,2944,4994,10000,0                        
TEL,9587,S5,3466,1071,2944,4994,10000,0                        
TEL,9588,S5,3529,1073,2944,4994,10000,0                        
TEL,9589,S5,3466,1071,2944,4994,10000,0                        
TEL,9590,S5,3498,1072,2944,4994,10000,0                        
TEL,9591,S5,3466,1071,2944,4994,10000,0                        
TEL,9592,S5,3466,1071,2944,4994,10000,0                        
TEL,9593,S5,3498,1072,2944,4994,10000,0                        
TEL,9594,S5,3466,1071,2944,4994,10000,0                        
TEL,9595,S5,3466,1071,2944,4994,10000,0                        
TEL,9596,S5,3529,1073,2944,4994,10000,0                        
TEL,9597,S5,3466,1071,2944,4994,10000,0                        
TEL,9598,S5,3498,1072,2944,4994,10000,0                        
TEL,9599,S5,3529,1073,2944,4994,10000,0                        
TEL,9600,S5,3529,1073,2944,4994,10000,0                        
TEL,9601,S5,3466,1071,2944,4994,10000,0                        
TEL,9602,S5,3498,1072,2944,4994,10000,0                        
TEL,9603,S5,3466,1071,2944,4994,10000,0                        
TEL,9604,S5,3466,1071,2944,4994,10000,0                        
TEL,9605,S5,3466,1071,2944,4994,10000,0                        
TEL,9606,S5,3466,1071,2944,4994,10000,0                        
TEL,9607,S5,3529,1073,2944,4994,10000,0                        
TEL,9608,S5,3498,1072,2944,4994,10000,0                        
TEL,9609,S5,3498,1072,2944,4994,10000,0                        
TEL,9610,S5,3404,1069,2944,4994,10000,0                        
TEL,9611,S5,3466,1071,2944,4994,10000,0                        
TEL,9612,S5,3498,1072,2944,4994,10000,0                        
TEL,9613,S5,3529,1073,2944,4994,10000,0                        
TEL,9614,S5,3498,1072,2944,4994,10000,0                        
TEL,9615,S5,3529,1073,2944,4994,10000,0                        
TEL,9616,S5,3529,1073,2944,4994,10000,0                        
TEL,9617,S5,3498,1072,2944,4994,10000,0                        
TEL,9618,S5,3498,1072,2944,4994,10000,0                        
TEL,9619,S5,3466,1071,2944,4994,10000,0                        
TEL,9620,S5,3466,1071,2944,4994,10000,0                        
TEL,9621,S5,3529,1073,2944,4994,10000,0                        
TEL,9622,S5,3498,1072,2944,4994,10000,0                        
TEL,9623,S5,3498,1072,2944,4994,10000,0                        
TEL,9624,S5,3404,1069,2944,4994,10000,0                        
TEL,9625,S5,3498,1072,2944,4994,10000,0                        
TEL,9626,S5,3466,1071,2944,4994,10000,0                        
TEL,9627,S5,3498,1072,2944,4994,10000,0                        
TEL,9628,S5,3529,1073,2944,4994,10000,0                        
TEL,9629,S5,3466,1071,2944,4994,10000,0                        
TEL,9630,S5,3466,1071,2944,4994,10000,0                        
TEL,9631,S5,3498,1072,2944,4994,10000,0                        
TEL,9632,S5,3466,1071,2944,4994,10000,0                        
TEL,9633,S5,3466,1071,2944,4994,10000,0                        
TEL,9634,S5,3498,1072,2944,4994,10000,0                        
TEL,9635,S5,3404,1069,2944,4994,10000,0                        
TEL,9636,S5,3466,1071,2944,4994,10000,0                        
TEL,9637,S5,3591,1075,2944,4994,10000,0                        
TEL,9638,S5,3498,1072,2944,4994,10000,0                        
TEL,9639,S5,3529,1073,2944,4994,10000,0                        
TEL,9640,S5,3529,1073,2944,4994,10000,0                        
TEL,9641,S5,3466,1071,2944,4994,10000,0                        
TEL,9642,S5,3498,1072,2944,4994,10000,0                        
TEL,9643,S5,3435,1070,2944,4994,10000,0                        
TEL,9644,S5,3498,1072,2944,4994,10000,0                        
TEL,9645,S5,3529,1073,2944,4994,10000,0                        
TEL,9646,S5,3529,1073,2944,4994,10000,0                        
TEL,9647,S5,3498,1072,2944,4994,10000,0                        
TEL,9648,S5,3498,1072,2944,4994,10000,0                        
TEL,9649,S5,3529,1073,2944,4994,10000,0                        
TEL,9650,S5,3404,1069,2944,4994,10000,0                        
BTN,75,S5,PRESSED,9651,234296706,234296723,234296725           
TEL,9652,S5,3498,1072,2944,5052,10000,1                        
TEL,9653,S5,3435,1070,2944,5044,10000,0                        
TEL,9654,S5,3435,1070,2944,4994,10000,0                        
TEL,9655,S5,3498,1072,2944,4994,10000,0                        
TEL,9656,S5,3529,1073,2944,4994,10000,0                        
TEL,9657,S5,3466,1071,2944,4994,10000,0                        
TEL,9658,S5,3498,1072,2944,4994,10000,0                        
TEL,9659,S5,3529,1073,2944,4994,10000,0                        
TEL,9660,S5,3466,1071,2944,4994,10000,0                        
TEL,9661,S5,3529,1073,2944,4994,10000,0                        
TEL,9662,S5,3529,1073,2944,4994,10000,0                        
TEL,9663,S5,3466,1071,2944,4994,10000,0                        
TEL,9664,S5,3498,1072,2944,5008,10000,0                        
TEL,9665,S5,3435,1070,2944,4994,10000,0                        
TEL,9666,S5,3466,1071,2944,4994,10000,0                        
TEL,9667,S5,3529,1073,2944,4994,10000,0                        
TEL,9668,S5,3529,1073,2944,4994,10000,0                        
TEL,9669,S5,3498,1072,2944,4994,10000,0                        
TEL,9670,S5,3466,1071,2944,4994,10000,0                        
TEL,9671,S5,3466,1071,2944,4994,10000,0                        
TEL,9672,S5,3498,1072,2944,4994,10000,0                        
TEL,9673,S5,3529,1073,2944,4994,10000,0                        
TEL,9674,S5,3466,1071,2944,4994,10000,0                        
TEL,9675,S5,3498,1072,2944,4994,10000,0                        
TEL,9676,S5,3466,1071,2944,4994,10000,0                        
TEL,9677,S5,3498,1072,2944,4994,10000,0                        
TEL,9678,S5,3529,1073,2944,4994,10000,0                        
TEL,9679,S5,3529,1073,2944,4994,10000,0                        
TEL,9680,S5,3529,1073,2944,4994,10000,0                        
TEL,9681,S5,3529,1073,2944,4994,10000,0                        
TEL,9682,S5,3498,1072,2944,4994,10000,0                        
TEL,9683,S5,3498,1072,2944,4994,10000,0                        
TEL,9684,S5,3466,1071,2944,4994,10000,0                        
TEL,9685,S5,3498,1072,2944,4994,10000,0                        
TEL,9686,S5,3498,1072,2944,4994,10000,0                        
TEL,9687,S5,3529,1073,2944,4994,10000,0                        
TEL,9688,S5,3529,1073,2944,4994,10000,0                        
TEL,9689,S5,3498,1072,2944,4994,10000,0                        
TEL,9690,S5,3529,1073,2944,4994,10000,0                        
TEL,9691,S5,3591,1075,2944,4994,10000,0                        
TEL,9692,S5,3404,1069,2944,4994,10000,0                        
TEL,9693,S5,3498,1072,2944,4994,10000,0                        
TEL,9694,S5,3529,1073,2944,4994,10000,0                        
TEL,9695,S5,3529,1073,2944,4994,10000,0                        
TEL,9696,S5,3498,1072,2944,4994,10000,0                        
TEL,9697,S5,3466,1071,2944,4994,10000,0                        
TEL,9698,S5,3466,1071,2944,4994,10000,0                        
TEL,9699,S5,3498,1072,2944,4994,10000,0                        
TEL,9700,S5,3404,1069,2944,4994,10000,0                        
TEL,9701,S5,3466,1071,2944,4994,10000,0                        
TEL,9702,S5,3404,1069,2944,4994,10000,0                        
TEL,9703,S5,3529,1073,2944,4994,10000,0                        
TEL,9704,S5,3498,1072,2944,4994,10000,0                        
TEL,9705,S5,3498,1072,2944,4994,10000,0                        
TEL,9706,S5,3529,1073,2944,4994,10000,0                        
TEL,9707,S5,3435,1070,2944,4994,10000,0                        
TEL,9708,S5,3529,1073,2944,4994,10000,0                        
TEL,9709,S5,3466,1071,2944,4994,10000,0                        
TEL,9710,S5,3529,1073,2944,4994,10000,0                        
TEL,9711,S5,3498,1072,2944,4994,10000,0                        
TEL,9712,S5,3622,1076,2944,4994,10000,0                        
TEL,9713,S5,3466,1071,2944,4994,10000,0                        
TEL,9714,S5,3498,1072,2944,4994,10000,0                        
TEL,9715,S5,3498,1072,2944,4994,10000,0                        
TEL,9716,S5,3529,1073,2944,4994,10000,0                        
TEL,9717,S5,3498,1072,2944,4994,10000,0                        
TEL,9718,S5,3498,1072,2944,4994,10000,0                        
TEL,9719,S5,3498,1072,2944,4994,10000,0                        
TEL,9720,S5,3529,1073,2944,4994,10000,0                        
TEL,9721,S5,3529,1073,2944,4994,10000,0                        
TEL,9722,S5,3529,1073,2944,4994,10000,0                        
TEL,9723,S5,3498,1072,2944,4994,10000,0                        
TEL,9724,S5,3404,1069,2944,4994,10000,0                        
TEL,9725,S5,3466,1071,2944,4994,10000,0                        
TEL,9726,S5,3342,1067,2944,4994,10000,0                        
TEL,9727,S5,3498,1072,2944,4994,10000,0                        
TEL,9728,S5,3404,1069,2944,4994,10000,0                        
TEL,9729,S5,3498,1072,2944,4994,10000,0                        
TEL,9730,S5,3529,1073,2944,4994,10000,0                        
TEL,9731,S5,3498,1072,2944,4994,10000,0                        
TEL,9732,S5,3529,1073,2944,4994,10000,0                        
TEL,9733,S5,3498,1072,2944,4994,10000,0                        
TEL,9734,S5,3498,1072,2944,4994,10000,0                        
TEL,9735,S5,3498,1072,2944,4994,10000,0                        
TEL,9736,S5,3466,1071,2944,4994,10000,0                        
TEL,9737,S5,3466,1071,2944,4994,10000,0                        
TEL,9738,S5,3529,1073,2944,4994,10000,0                        
TEL,9739,S5,3498,1072,2944,4994,10000,0                        
TEL,9740,S5,3529,1073,2944,4994,10000,0                        
TEL,9741,S5,3529,1073,2944,4994,10000,0                        
TEL,9742,S5,3498,1072,2944,4994,10000,0                        
TEL,9743,S5,3498,1072,2944,4994,10000,0                        
TEL,9744,S5,3498,1072,2944,4994,10000,0                        
TEL,9745,S5,3529,1073,2944,4994,10000,0                        
TEL,9746,S5,3622,1076,2944,4994,10000,0                        
TEL,9747,S5,3342,1067,2944,4994,10000,0                        
TEL,9748,S5,3529,1073,2944,4994,10000,0                        
TEL,9749,S5,3498,1072,2944,4994,10000,0                        
TEL,9750,S5,3529,1073,2944,4994,10000,0                        
TEL,9751,S5,3498,1072,2944,4994,10000,0                        
TEL,9752,S5,3498,1072,2944,4994,10000,0                        
TEL,9753,S5,3498,1072,2944,4994,10000,0                        
TEL,9754,S5,3529,1073,2944,4994,10000,0                        
TEL,9755,S5,3435,1070,2944,4994,10000,0                        
TEL,9756,S5,3498,1072,2944,4994,10000,0                        
TEL,9757,S5,3529,1073,2944,4994,10000,0                        
TEL,9758,S5,3498,1072,2944,4994,10000,0                        
TEL,9759,S5,3498,1072,2944,4994,10000,0                        
TEL,9760,S5,3529,1073,2944,4994,10000,0                        
TEL,9761,S5,3529,1073,2944,4994,10000,0                        
TEL,9762,S5,3529,1073,2944,4994,10000,0                        
TEL,9763,S5,3529,1073,2944,4994,10000,0                        
TEL,9764,S5,3466,1071,2944,4994,10000,0                        
TEL,9765,S5,3466,1071,2944,4994,10000,0                        
TEL,9766,S5,3404,1069,2944,4994,10000,0                        
TEL,9767,S5,3466,1071,2944,4994,10000,0                        
TEL,9768,S5,3529,1073,2944,4994,10000,0                        
TEL,9769,S5,3498,1072,2944,4994,10000,0                        
TEL,9770,S5,3466,1071,2944,4994,10000,0                        
TEL,9771,S5,3498,1072,2944,4994,10000,0                        
TEL,9772,S5,3529,1073,2944,4994,10000,0                        
TEL,9773,S5,3498,1072,2944,4994,10000,0                        
TEL,9774,S5,3498,1072,2944,4994,10000,0                        
TEL,9775,S5,3498,1072,2944,4994,10000,0                        
TEL,9776,S5,3529,1073,2944,4994,10000,0                        
TEL,9777,S5,3466,1071,2944,4994,10000,0                        
TEL,9778,S5,3498,1072,2944,4994,10000,0                        
TEL,9779,S5,3498,1072,2944,4994,10000,0                        
TEL,9780,S5,3529,1073,2944,4994,10000,0                        
TEL,9781,S5,3529,1073,2944,4994,10000,0                        
TEL,9782,S5,3498,1072,2944,4994,10000,0                        
TEL,9783,S5,3529,1073,2944,4994,10000,0                        
TEL,9784,S5,3529,1073,2944,4994,10000,0                        
TEL,9785,S5,3311,1065,2944,4994,10000,0                        
TEL,9786,S5,3529,1073,2944,4994,10000,0                        
TEL,9787,S5,3498,1072,2944,4994,10000,0                        
TEL,9788,S5,3529,1073,2944,4994,10000,0                        
TEL,9789,S5,3498,1072,2944,4994,10000,0                        
TEL,9790,S5,3529,1073,2944,4994,10000,0                        
TEL,9791,S5,3529,1073,2944,4994,10000,0                        
TEL,9792,S5,3529,1073,2944,4994,10000,0                        
TEL,9793,S5,3435,1070,2944,4994,10000,0                        
BTN,76,S5,PRESSED,9794,235716952,235716969,235716971           
TEL,9795,S5,3498,1072,2944,5052,10000,1                        
TEL,9796,S5,3529,1073,2944,5044,10000,0                        
TEL,9797,S5,3435,1070,2944,4994,10000,0                        
TEL,9798,S5,3529,1073,2944,4994,10000,0                        
TEL,9799,S5,3498,1072,2944,4994,10000,0                        
TEL,9800,S5,3466,1071,2944,4994,10000,0                        
TEL,9801,S5,3404,1069,2944,4994,10000,0                        
TEL,9802,S5,3404,1069,2944,4994,10000,0                        
TEL,9803,S5,3435,1070,2944,4994,10000,0                        
TEL,9804,S5,3466,1071,2944,4994,10000,0                        
TEL,9805,S5,3498,1072,2944,4994,10000,0                        
TEL,9806,S5,3498,1072,2944,4994,10000,0                        
TEL,9807,S5,3498,1072,2944,4994,10000,0                        
TEL,9808,S5,3498,1072,2944,4994,10000,0                        
TEL,9809,S5,3498,1072,2944,4994,10000,0                        
TEL,9810,S5,3435,1070,2944,4994,10000,0                        
TEL,9811,S5,3404,1069,2944,4994,10000,0                        
TEL,9812,S5,3498,1072,2944,4994,10000,0                        
TEL,9813,S5,3529,1073,2944,4994,10000,0                        
TEL,9814,S5,3466,1071,2944,4994,10000,0                        
TEL,9815,S5,3529,1073,2944,4994,10000,0                        
TEL,9816,S5,3404,1069,2944,4994,10000,0                        
TEL,9817,S5,3498,1072,2944,4994,10000,0                        
TEL,9818,S5,3498,1072,2944,4994,10000,0                        
TEL,9819,S5,3435,1070,2944,4994,10000,0                        
TEL,9820,S5,3498,1072,2944,4994,10000,0                        
TEL,9821,S5,3498,1072,2944,4994,10000,0                        
TEL,9822,S5,3466,1071,2944,4994,10000,0                        
TEL,9823,S5,3466,1071,2944,4994,10000,0                        
TEL,9824,S5,3622,1076,2944,4994,10000,0                        
TEL,9825,S5,3529,1073,2944,4994,10000,0                        
TEL,9826,S5,3498,1072,2944,4994,10000,0                        
TEL,9827,S5,3498,1072,2944,4994,10000,0                        
TEL,9828,S5,3404,1069,2944,4994,10000,0                        
TEL,9829,S5,3404,1069,2944,4994,10000,0                        
TEL,9830,S5,3529,1073,2944,4994,10000,0                        
TEL,9831,S5,3529,1073,2944,4994,10000,0                        
TEL,9832,S5,3529,1073,2944,4994,10000,0                        
TEL,9833,S5,3591,1075,2944,4994,10000,0                        
TEL,9834,S5,3404,1069,2944,4994,10000,0                        
TEL,9835,S5,3529,1073,2944,4994,10000,0                        
TEL,9836,S5,3404,1069,2944,4994,10000,0                        
TEL,9837,S5,3529,1073,2944,4994,10000,0                        
TEL,9838,S5,3529,1073,2944,4994,10000,0                        
TEL,9839,S5,3529,1073,2944,4994,10000,0                        
TEL,9840,S5,3498,1072,2944,4994,10000,0                        
TEL,9841,S5,3466,1071,2944,4994,10000,0                        
TEL,9842,S5,3311,1065,2944,4994,10000,0                        
TEL,9843,S5,3498,1072,2944,4994,10000,0                        
TEL,9844,S5,3498,1072,2944,4994,10000,0                        
TEL,9845,S5,3498,1072,2944,4994,10000,0                        
TEL,9846,S5,3498,1072,2944,4994,10000,0                        
TEL,9847,S5,3498,1072,2944,4994,10000,0                        
TEL,9848,S5,3404,1069,2944,4994,10000,0                        
TEL,9849,S5,3498,1072,2944,4994,10000,0                        
TEL,9850,S5,3529,1073,2944,4994,10000,0                        
TEL,9851,S5,3560,1074,2944,4994,10000,0                        
TEL,9852,S5,3466,1071,2944,4994,10000,0                        
TEL,9853,S5,3466,1071,2944,4994,10000,0                        
TEL,9854,S5,3529,1073,2944,4994,10000,0                        
TEL,9855,S5,3498,1072,2944,4994,10000,0                        
TEL,9856,S5,3466,1071,2944,4994,10000,0                        
TEL,9857,S5,3466,1071,2944,4994,10000,0                        
TEL,9858,S5,3498,1072,2944,4994,10000,0                        
TEL,9859,S5,3529,1073,2944,4994,10000,0                        
TEL,9860,S5,3529,1073,2944,4994,10000,0                        
TEL,9861,S5,3342,1067,2944,4994,10000,0                        
TEL,9862,S5,3529,1073,2944,4994,10000,0                        
TEL,9863,S5,3529,1073,2944,4994,10000,0                        
TEL,9864,S5,3498,1072,2944,4994,10000,0                        
TEL,9865,S5,3498,1072,2944,4994,10000,0                        
TEL,9866,S5,3498,1072,2944,4994,10000,0                        
TEL,9867,S5,3435,1070,2944,4994,10000,0                        
TEL,9868,S5,3529,1073,2944,4994,10000,0                        
TEL,9869,S5,3498,1072,2944,4994,10000,0                        
TEL,9870,S5,3498,1072,2944,4994,10000,0                        
TEL,9871,S5,3498,1072,2944,4994,10000,0                        
TEL,9872,S5,3498,1072,2944,4994,10000,0                        
TEL,9873,S5,3529,1073,2944,4994,10000,0                        
TEL,9874,S5,3529,1073,2944,4994,10000,0                        
TEL,9875,S5,3466,1071,2944,4994,10000,0                        
TEL,9876,S5,3466,1071,2944,4994,10000,0                        
TEL,9877,S5,3498,1072,2944,4994,10000,0                        
TEL,9878,S5,3466,1071,2944,4994,10000,0                        
TEL,9879,S5,3529,1073,2944,4994,10000,0                        
TEL,9880,S5,3498,1072,2944,4994,10000,0                        
TEL,9881,S5,3466,1071,2944,4994,10000,0                        
TEL,9882,S5,3529,1073,2944,4994,10000,0                        
TEL,9883,S5,3435,1070,2944,4994,10000,0                        
TEL,9884,S5,3498,1072,2944,4994,10000,0                        
TEL,9885,S5,3466,1071,2944,4994,10000,0                        
TEL,9886,S5,3498,1072,2944,4994,10000,0                        
TEL,9887,S5,3498,1072,2944,4994,10000,0                        
TEL,9888,S5,3529,1073,2944,4994,10000,0                        
TEL,9889,S5,3529,1073,2944,4994,10000,0                        
TEL,9890,S5,3466,1071,2944,4994,10000,0                        
TEL,9891,S5,3529,1073,2944,4994,10000,0                        
TEL,9892,S5,3498,1072,2944,4994,10000,0                        
TEL,9893,S5,3498,1072,2944,4994,10000,0                        
TEL,9894,S5,3498,1072,2944,4994,10000,0                        
TEL,9895,S5,3591,1075,2944,4994,10000,0                        
TEL,9896,S5,3498,1072,2944,4994,10000,0                        
TEL,9897,S5,3529,1073,2944,4994,10000,0                        
TEL,9898,S5,3466,1071,2944,4994,10000,0                        
TEL,9899,S5,3498,1072,2944,4994,10000,0                        
TEL,9900,S5,3529,1073,2944,4994,10000,0                        
TEL,9901,S5,3529,1073,2944,4994,10000,0                        
TEL,9902,S5,3529,1073,2944,4994,10000,0                        
TEL,9903,S5,3498,1072,2944,4994,10000,0                        
TEL,9904,S5,3498,1072,2944,4994,10000,0                        
TEL,9905,S5,3529,1073,2944,4994,10000,0                        
TEL,9906,S5,3466,1071,2944,4994,10000,0                        
TEL,9907,S5,3498,1072,2944,4994,10000,0                        
TEL,9908,S5,3466,1071,2944,4994,10000,0                        
TEL,9909,S5,3466,1071,2944,4994,10000,0                        
TEL,9910,S5,3498,1072,2944,4994,10000,0                        
TEL,9911,S5,3404,1069,2944,4994,10000,0                        
TEL,9912,S5,3466,1071,2944,4994,10000,0                        
TEL,9913,S5,3404,1069,2944,4994,10000,0                        
TEL,9914,S5,3529,1073,2944,4994,10000,0                        
TEL,9915,S5,3529,1073,2944,4994,10000,0                        
TEL,9916,S5,3498,1072,2944,4994,10000,0                        
TEL,9917,S5,3529,1073,2944,4994,10000,0                        
TEL,9918,S5,3466,1071,2944,4994,10000,0                        
TEL,9919,S5,3498,1072,2944,4994,10000,0                        
TEL,9920,S5,3404,1069,2944,4994,10000,0                        
TEL,9921,S5,3529,1073,2944,4994,10000,0                        
TEL,9922,S5,3466,1071,2944,4994,10000,0                        
TEL,9923,S5,3466,1071,2944,4994,10000,0                        
TEL,9924,S5,3498,1072,2944,4994,10000,0                        
TEL,9925,S5,3466,1071,2944,4994,10000,0                        
TEL,9926,S5,3498,1072,2944,4994,10000,0                        
TEL,9927,S5,3466,1071,2944,4994,10000,0                        
TEL,9928,S5,3529,1073,2944,4994,10000,0                        
TEL,9929,S5,3466,1071,2944,4994,10000,0                        
TEL,9930,S5,3466,1071,2944,4994,10000,0                        
TEL,9931,S5,3529,1073,2944,4994,10000,0                        
TEL,9932,S5,3498,1072,2944,4994,10000,0                        
TEL,9933,S5,3529,1073,2944,4994,10000,0                        
TEL,9934,S5,3466,1071,2944,4994,10000,0                        
TEL,9935,S5,3498,1072,2944,4994,10000,0                        
TEL,9936,S5,3529,1073,2944,4994,10000,0                        
TEL,9937,S5,3404,1069,2944,4994,10000,0                        
TEL,9938,S5,3622,1076,2944,4994,10000,0                        
TEL,9939,S5,3529,1073,2944,4994,10000,0                        
TEL,9940,S5,3466,1071,2944,4994,10000,0                        
TEL,9941,S5,3498,1072,2944,4994,10000,0                        
TEL,9942,S5,3466,1071,2944,4994,10000,0                        
TEL,9943,S5,3529,1073,2944,4994,10000,0                        
TEL,9944,S5,3498,1072,2944,4994,10000,0                        
TEL,9945,S5,3311,1065,2944,4994,10000,0                        
TEL,9946,S5,3466,1071,2944,4994,10000,0                        
TEL,9947,S5,3498,1072,2944,4994,10000,0                        
BTN,77,S5,PRESSED,9948,237249182,237249200,237249202           
TEL,9949,S5,3311,1065,2944,5052,10000,1                        
TEL,9950,S5,3373,1068,2944,5044,10000,0                        
TEL,9951,S5,3373,1068,2944,4994,10000,0                        
TEL,9952,S5,3498,1072,2944,4994,10000,0                        
TEL,9953,S5,3466,1071,2944,4994,10000,0                        
TEL,9954,S5,3529,1073,2944,4994,10000,0                        
TEL,9955,S5,3466,1071,2944,4994,10000,0                        
TEL,9956,S5,3529,1073,2944,4994,10000,0                        
TEL,9957,S5,3529,1073,2944,4994,10000,0                        
TEL,9958,S5,3529,1073,2944,4994,10000,0                        
TEL,9959,S5,3498,1072,2944,4994,10000,0                        
TEL,9960,S5,3529,1073,2944,4994,10000,0                        
TEL,9961,S5,3529,1073,2944,4994,10000,0                        
TEL,9962,S5,3498,1072,2944,4994,10000,0                        
TEL,9963,S5,3529,1073,2944,4994,10000,0                        
TEL,9964,S5,3529,1073,2944,4994,10000,0                        
TEL,9965,S5,3466,1071,2944,4994,10000,0                        
TEL,9966,S5,3466,1071,2944,4994,10000,0                        
TEL,9967,S5,3498,1072,2944,4994,10000,0                        
TEL,9968,S5,3529,1073,2944,4994,10000,0                        
TEL,9969,S5,3404,1069,2944,4994,10000,0                        
TEL,9970,S5,3466,1071,2944,4994,10000,0                        
TEL,9971,S5,3466,1071,2944,4994,10000,0                        
TEL,9972,S5,3529,1073,2944,4994,10000,0                        
TEL,9973,S5,3435,1070,2944,4994,10000,0                        
TEL,9974,S5,3529,1073,2944,4994,10000,0                        
TEL,9975,S5,3529,1073,2944,4994,10000,0                        
TEL,9976,S5,3498,1072,2944,4994,10000,0                        
TEL,9977,S5,3529,1073,2944,4994,10000,0                        
TEL,9978,S5,3466,1071,2944,4994,10000,0                        
TEL,9979,S5,3498,1072,2944,4994,10000,0                        
TEL,9980,S5,3529,1073,2944,4994,10000,0                        
TEL,9981,S5,3498,1072,2944,4994,10000,0                        
TEL,9982,S5,3498,1072,2944,4994,10000,0                        
TEL,9983,S5,3529,1073,2944,4994,10000,0                        
TEL,9984,S5,3529,1073,2944,4994,10000,0                        
TEL,9985,S5,3529,1073,2944,4994,10000,0                        
TEL,9986,S5,3498,1072,2944,4994,10000,0                        
TEL,9987,S5,3529,1073,2944,4994,10000,0                        
TEL,9988,S5,3498,1072,2944,4994,10000,0                        
TEL,9989,S5,3498,1072,2944,4994,10000,0                        
TEL,9990,S5,3498,1072,2944,4994,10000,0                        
TEL,9991,S5,3498,1072,2944,4994,10000,0                        
TEL,9992,S5,3498,1072,2944,4994,10000,0                        
TEL,9993,S5,3529,1073,2944,4994,10000,0                        
TEL,9994,S5,3498,1072,2944,4994,10000,0                        
TEL,9995,S5,3529,1073,2944,4994,10000,0                        
TEL,9996,S5,3498,1072,2944,4994,10000,0                        
TEL,9997,S5,3466,1071,2944,4994,10000,0                        
TEL,9998,S5,3498,1072,2944,4994,10000,0                        
TEL,9999,S5,3529,1073,2944,4994,10000,0                        
TEL,10000,S5,3498,1072,2944,4994,10000,0                       
TEL,10001,S5,3529,1073,2944,4994,10000,0                       
TEL,10002,S5,3466,1071,2944,4994,10000,0                       
TEL,10003,S5,3529,1073,2944,4994,10000,0                       
TEL,10004,S5,3529,1073,2944,4994,10000,0                       
TEL,10005,S5,3466,1071,2944,4994,10000,0                       
TEL,10006,S5,3498,1072,2944,4994,10000,0                       
TEL,10007,S5,3466,1071,2944,4994,10000,0                       
TEL,10008,S5,3498,1072,2944,4994,10000,0                       
TEL,10009,S5,3529,1073,2944,4994,10000,0                       
TEL,10010,S5,3498,1072,2944,4994,10000,0                       
TEL,10011,S5,3498,1072,2944,4994,10000,0                       
TEL,10012,S5,3529,1073,2944,4994,10000,0                       
TEL,10013,S5,3404,1069,2944,4994,10000,0                       
TEL,10014,S5,3466,1071,2944,4994,10000,0                       
TEL,10015,S5,3466,1071,2944,4994,10000,0                       
TEL,10016,S5,3498,1072,2944,4994,10000,0                       
TEL,10017,S5,3622,1077,2944,4994,10000,0                       
TEL,10018,S5,3498,1072,2944,4994,10000,0                       
TEL,10019,S5,3529,1073,2944,4994,10000,0                       
TEL,10020,S5,3529,1073,2944,4994,10000,0                       
TEL,10021,S5,3466,1071,2944,4994,10000,0                       
TEL,10022,S5,3529,1073,2944,4994,10000,0                       
TEL,10023,S5,3529,1073,2944,4994,10000,0                       
TEL,10024,S5,3498,1072,2944,4994,10000,0                       
TEL,10025,S5,3466,1071,2944,4994,10000,0                       
TEL,10026,S5,3498,1072,2944,4994,10000,0                       
TEL,10027,S5,3529,1073,2944,4994,10000,0                       
TEL,10028,S5,3498,1072,2944,4994,10000,0                       
TEL,10029,S5,3404,1069,2944,4994,10000,0                       
TEL,10030,S5,3529,1073,2944,4994,10000,0                       
TEL,10031,S5,3529,1073,2944,4994,10000,0                       
TEL,10032,S5,3498,1072,2944,4994,10000,0                       
TEL,10033,S5,3529,1073,2944,4994,10000,0                       
TEL,10034,S5,3529,1073,2944,4994,10000,0                       
TEL,10035,S5,3498,1072,2944,4994,10000,0                       
TEL,10036,S5,3529,1073,2944,4994,10000,0                       
TEL,10037,S5,3498,1072,2944,4994,10000,0                       
TEL,10038,S5,3529,1073,2944,4994,10000,0                       
TEL,10039,S5,3529,1073,2944,4994,10000,0                       
TEL,10040,S5,3498,1072,2944,4994,10000,0                       
TEL,10041,S5,3498,1072,2944,4994,10000,0                       
TEL,10042,S5,3404,1069,2944,4994,10000,0                       
TEL,10043,S5,3435,1070,2944,4994,10000,0                       
TEL,10044,S5,3498,1072,2944,4994,10000,0                       
TEL,10045,S5,3498,1072,2944,4994,10000,0                       
TEL,10046,S5,3529,1073,2944,4994,10000,0                       
TEL,10047,S5,3529,1073,2944,4994,10000,0                       
TEL,10048,S5,3529,1073,2944,4994,10000,0                       
TEL,10049,S5,3498,1072,2944,4994,10000,0                       
TEL,10050,S5,3498,1072,2944,4994,10000,0                       
TEL,10051,S5,3498,1072,2944,4994,10000,0                       
TEL,10052,S5,3466,1071,2944,4994,10000,0                       
TEL,10053,S5,3466,1071,2944,4994,10000,0                       
TEL,10054,S5,3498,1072,2944,4994,10000,0                       
TEL,10055,S5,3529,1073,2944,4994,10000,0                       
TEL,10056,S5,3498,1072,2944,4994,10000,0                       
TEL,10057,S5,3498,1072,2944,4994,10000,0                       
TEL,10058,S5,3498,1072,2944,4994,10000,0                       
TEL,10059,S5,3529,1073,2944,4994,10000,0                       
TEL,10060,S5,3466,1071,2944,4994,10000,0                       
TEL,10061,S5,3498,1072,2944,4994,10000,0                       
TEL,10062,S5,3498,1072,2944,4994,10000,0                       
TEL,10063,S5,3529,1073,2944,4994,10000,0                       
TEL,10064,S5,3529,1073,2944,4994,10000,0                       
TEL,10065,S5,3498,1072,2944,4994,10000,0                       
TEL,10066,S5,3529,1073,2944,4994,10000,0                       
TEL,10067,S5,3529,1073,2944,4994,10000,0                       
TEL,10068,S5,3529,1073,2944,4994,10000,0                       
TEL,10069,S5,3498,1072,2944,4994,10000,0                       
TEL,10070,S5,3529,1073,2944,4994,10000,0                       
TEL,10071,S5,3529,1073,2944,4994,10000,0                       
TEL,10072,S5,3529,1073,2944,4994,10000,0                       
TEL,10073,S5,3498,1072,2944,4994,10000,0                       
TEL,10074,S5,3498,1072,2944,4994,10000,0                       
TEL,10075,S5,3529,1073,2944,4994,10000,0                       
TEL,10076,S5,3498,1072,2944,4994,10000,0                       
TEL,10077,S5,3466,1071,2944,4994,10000,0                       
TEL,10078,S5,3498,1072,2944,4994,10000,0                       
TEL,10079,S5,3498,1072,2944,4994,10000,0                       
TEL,10080,S5,3622,1076,2944,4994,10000,0                       
TEL,10081,S5,3498,1072,2944,4994,10000,0                       
TEL,10082,S5,3466,1071,2944,4994,10000,0                       
TEL,10083,S5,3466,1071,2944,4994,10000,0                       
TEL,10084,S5,3529,1073,2944,4994,10000,0                       
TEL,10085,S5,3529,1073,2944,4994,10000,0                       
TEL,10086,S5,3466,1071,2944,4994,10000,0                       
TEL,10087,S5,3466,1071,2944,4994,10000,0                       
TEL,10088,S5,3404,1069,2944,4994,10000,0                       
TEL,10089,S5,3529,1073,2944,4994,10000,0                       
BTN,78,S5,PRESSED,10090,238654502,238654520,238654522          
TEL,10091,S5,3498,1072,2944,5138,10000,0                       
TEL,10092,S5,3529,1073,2944,4994,10000,0                       
TEL,10093,S5,3498,1072,2944,4994,10000,0                       
TEL,10094,S5,3498,1072,2944,4994,10000,0                       
TEL,10095,S5,3466,1071,2944,4994,10000,0                       
TEL,10096,S5,3498,1072,2944,4994,10000,0                       
TEL,10097,S5,3529,1073,2944,4994,10000,0                       
TEL,10098,S5,3498,1072,2944,4994,10000,0                       
TEL,10099,S5,3498,1072,2944,4994,10000,0                       
TEL,10100,S5,3466,1071,2944,4994,10000,0                       
TEL,10101,S5,3498,1072,2944,4994,10000,0                       
TEL,10102,S5,3622,1076,2944,4994,10000,0                       
TEL,10103,S5,3498,1072,2944,4994,10000,0                       
TEL,10104,S5,3622,1077,2944,4994,10000,0                       
TEL,10105,S5,3466,1071,2944,4994,10000,0                       
TEL,10106,S5,3498,1072,2944,4994,10000,0                       
TEL,10107,S5,3529,1073,2944,4997,10000,0                       
TEL,10108,S5,3498,1072,2944,4994,10000,0                       
TEL,10109,S5,3498,1072,2944,4994,10000,0                       
TEL,10110,S5,3498,1072,2944,4994,10000,0                       
TEL,10111,S5,3498,1072,2944,4994,10000,0                       
TEL,10112,S5,3529,1073,2944,4994,10000,0                       
TEL,10113,S5,3529,1073,2944,4994,10000,0                       
TEL,10114,S5,3498,1072,2944,4994,10000,0                       
TEL,10115,S5,3591,1075,2944,4994,10000,0                       
TEL,10116,S5,3529,1073,2944,4994,10000,0                       
TEL,10117,S5,3498,1072,2944,4994,10000,0                       
TEL,10118,S5,3529,1073,2944,4994,10000,0                       
TEL,10119,S5,3498,1072,2944,4994,10000,0                       
TEL,10120,S5,3498,1072,2944,4994,10000,0                       
TEL,10121,S5,3529,1073,2944,4994,10000,0                       
TEL,10122,S5,3466,1071,2944,4994,10000,0                       
TEL,10123,S5,3498,1072,2944,4994,10000,0                       
TEL,10124,S5,3529,1073,2944,4994,10000,0                       
TEL,10125,S5,3342,1067,2944,4994,10000,0                       
TEL,10126,S5,3498,1072,2944,4994,10000,0                       
TEL,10127,S5,3498,1072,2944,4994,10000,0                       
TEL,10128,S5,3498,1072,2944,4994,10000,0                       
TEL,10129,S5,3498,1072,2944,4994,10000,0                       
TEL,10130,S5,3498,1072,2944,4994,10000,0                       
TEL,10131,S5,3529,1073,2944,4994,10000,0                       
TEL,10132,S5,3466,1071,2944,4994,10000,0                       
TEL,10133,S5,3529,1073,2944,4994,10000,0                       
TEL,10134,S5,3529,1073,2944,4994,10000,0                       
TEL,10135,S5,3529,1073,2944,4994,10000,0                       
TEL,10136,S5,3529,1073,2944,4994,10000,0                       
TEL,10137,S5,3529,1073,2944,4994,10000,0                       
TEL,10138,S5,3466,1071,2944,4994,10000,0                       
TEL,10139,S5,3498,1072,2944,4994,10000,0                       
TEL,10140,S5,3342,1067,2944,4994,10000,0                       
TEL,10141,S5,3498,1072,2944,4994,10000,0                       
TEL,10142,S5,3404,1069,2944,4994,10000,0                       
TEL,10143,S5,3404,1069,2944,4994,10000,0                       
TEL,10144,S5,3466,1071,2944,4994,10000,0                       
TEL,10145,S5,3498,1072,2944,4994,10000,0                       
TEL,10146,S5,3498,1072,2944,4994,10000,0                       
TEL,10147,S5,3466,1071,2944,4994,10000,0                       
TEL,10148,S5,3498,1072,2944,4994,10000,0                       
TEL,10149,S5,3498,1072,2944,4994,10000,0                       
TEL,10150,S5,3466,1071,2944,4994,10000,0                       
TEL,10151,S5,3498,1072,2944,4994,10000,0                       
TEL,10152,S5,3498,1072,2944,4994,10000,0                       
TEL,10153,S5,3529,1073,2944,4994,10000,0                       
TEL,10154,S5,3529,1073,2944,4994,10000,0                       
TEL,10155,S5,3529,1073,2944,4994,10000,0                       
TEL,10156,S5,3498,1072,2944,4994,10000,0                       
TEL,10157,S5,3466,1071,2944,4994,10000,0                       
TEL,10158,S5,3498,1072,2944,4994,10000,0                       
TEL,10159,S5,3529,1073,2944,4994,10000,0                       
TEL,10160,S5,3498,1072,2944,4994,10000,0                       
TEL,10161,S5,3466,1071,2944,4994,10000,0                       
TEL,10162,S5,3404,1069,2944,4994,10000,0                       
TEL,10163,S5,3498,1072,2944,4994,10000,0                       
TEL,10164,S5,3498,1072,2944,4994,10000,0                       
TEL,10165,S5,3498,1072,2944,4994,10000,0                       
TEL,10166,S5,3466,1071,2944,4994,10000,0                       
TEL,10167,S5,3404,1069,2944,4994,10000,0                       
TEL,10168,S5,3529,1073,2944,4994,10000,0                       
TEL,10169,S5,3466,1071,2944,4994,10000,0                       
TEL,10170,S5,3529,1073,2944,4994,10000,0                       
TEL,10171,S5,3435,1070,2944,4994,10000,0                       
TEL,10172,S5,3498,1072,2944,4994,10000,0                       
TEL,10173,S5,3404,1069,2944,4994,10000,0                       
TEL,10174,S5,3498,1072,2944,4994,10000,0                       
TEL,10175,S5,3529,1073,2944,4994,10000,0                       
TEL,10176,S5,3466,1071,2944,4994,10000,0                       
TEL,10177,S5,3498,1072,2944,4994,10000,0                       
TEL,10178,S5,3529,1073,2944,4994,10000,0                       
TEL,10179,S5,3498,1072,2944,4994,10000,0                       
TEL,10180,S5,3466,1071,2944,4994,10000,0                       
TEL,10181,S5,3622,1076,2944,4994,10000,0                       
TEL,10182,S5,3466,1071,2944,4994,10000,0                       
TEL,10183,S5,3466,1071,2944,4994,10000,0                       
TEL,10184,S5,3529,1073,2944,4994,10000,0                       
TEL,10185,S5,3466,1071,2944,4994,10000,0                       
TEL,10186,S5,3466,1071,2944,4994,10000,0                       
TEL,10187,S5,3529,1073,2944,4994,10000,0                       
TEL,10188,S5,3529,1073,2944,4994,10000,0                       
TEL,10189,S5,3498,1072,2944,4994,10000,0                       
TEL,10190,S5,3529,1073,2944,4994,10000,0                       
TEL,10191,S5,3404,1069,2944,4994,10000,0                       
TEL,10192,S5,3498,1072,2944,4994,10000,0                       
TEL,10193,S5,3529,1073,2944,4994,10000,0                       
TEL,10194,S5,3529,1073,2944,4994,10000,0                       
TEL,10195,S5,3498,1072,2944,4994,10000,0                       
TEL,10196,S5,3498,1072,2944,4994,10000,0                       
TEL,10197,S5,3529,1073,2944,4994,10000,0                       
TEL,10198,S5,3466,1071,2944,4994,10000,0                       
TEL,10199,S5,3498,1072,2944,4994,10000,0                       
TEL,10200,S5,3498,1072,2944,4994,10000,0                       
TEL,10201,S5,3529,1073,2944,4994,10000,0                       
TEL,10202,S5,3404,1069,2944,4994,10000,0                       
TEL,10203,S5,3591,1075,2944,4994,10000,0                       
TEL,10204,S5,3498,1072,2944,4994,10000,0                       
TEL,10205,S5,3529,1073,2944,4994,10000,0                       
TEL,10206,S5,3529,1073,2944,4994,10000,0                       
TEL,10207,S5,3498,1072,2944,4994,10000,0                       
TEL,10208,S5,3498,1072,2944,4994,10000,0                       
TEL,10209,S5,3498,1072,2944,4994,10000,0                       
TEL,10210,S5,3529,1073,2944,4994,10000,0                       
TEL,10211,S5,3498,1072,2944,4994,10000,0                       
TEL,10212,S5,3498,1072,2944,4994,10000,0                       
TEL,10213,S5,3529,1073,2944,4994,10000,0                       
TEL,10214,S5,3466,1071,2944,4994,10000,0                       
TEL,10215,S5,3498,1072,2944,4994,10000,0                       
TEL,10216,S5,3498,1072,2944,4994,10000,0                       
TEL,10217,S5,3498,1072,2944,4994,10000,0                       
TEL,10218,S5,3466,1071,2944,4994,10000,0                       
TEL,10219,S5,3466,1071,2944,4994,10000,0                       
TEL,10220,S5,3466,1071,2944,4994,10000,0                       
TEL,10221,S5,3529,1073,2944,4994,10000,0                       
TEL,10222,S5,3591,1075,2944,4994,10000,0                       
TEL,10223,S5,3498,1072,2944,4994,10000,0                       
TEL,10224,S5,3498,1072,2944,4994,10000,0                       
TEL,10225,S5,3529,1073,2944,4994,10000,0                       
TEL,10226,S5,3373,1068,2944,4994,10000,0                       
TEL,10227,S5,3498,1072,2944,4994,10000,0                       
TEL,10228,S5,3466,1071,2944,4994,10000,0                       
TEL,10229,S5,3498,1072,2944,4994,10000,0                       
TEL,10230,S5,3498,1072,2944,4994,10000,0                       
TEL,10231,S5,3498,1072,2944,4994,10000,0                       
TEL,10232,S5,3404,1069,2944,4994,10000,0                       
TEL,10233,S5,3529,1073,2944,4994,10000,0                       
BTN,79,S5,PRESSED,10234,240086606,240086623,240086625          
TEL,10235,S5,3466,1071,2944,5052,10000,1                       
TEL,10236,S5,3529,1073,2944,5045,10001,0                       
TEL,10237,S5,3342,1066,2944,4994,9999,0                        
TEL,10238,S5,3529,1073,2944,4994,10000,0                       
TEL,10239,S5,3498,1072,2944,4994,10000,0                       
TEL,10240,S5,3529,1073,2944,4994,10000,0                       
TEL,10241,S5,3498,1072,2944,4994,10000,0                       
TEL,10242,S5,3466,1071,2944,4994,10000,0                       
TEL,10243,S5,3498,1072,2944,4994,10000,0                       
TEL,10244,S5,3529,1073,2944,4994,10000,0                       
TEL,10245,S5,3498,1072,2944,4994,10000,0                       
TEL,10246,S5,3529,1073,2944,4994,10000,0                       
TEL,10247,S5,3404,1069,2944,4994,10000,0                       
TEL,10248,S5,3498,1072,2944,4994,10000,0                       
TEL,10249,S5,3466,1071,2944,4994,10000,0                       
TEL,10250,S5,3498,1072,2944,4994,10000,0                       
TEL,10251,S5,3342,1067,2944,4994,10000,0                       
TEL,10252,S5,3529,1073,2944,4994,10000,0                       
TEL,10253,S5,3529,1073,2944,4994,10000,0                       
TEL,10254,S5,3529,1073,2944,4994,10000,0                       
TEL,10255,S5,3498,1072,2944,4994,10000,0                       
TEL,10256,S5,3498,1072,2944,4994,10000,0                       
TEL,10257,S5,3529,1073,2944,4994,10000,0                       
TEL,10258,S5,3529,1073,2944,4994,10000,0                       
TEL,10259,S5,3529,1073,2944,4994,10000,0                       
TEL,10260,S5,3529,1073,2944,4994,10000,0                       
TEL,10261,S5,3529,1073,2944,4994,10000,0                       
TEL,10262,S5,3466,1071,2944,4994,10000,0                       
TEL,10263,S5,3435,1070,2944,4994,10000,0                       
TEL,10264,S5,3498,1072,2944,4994,10000,0                       
TEL,10265,S5,3498,1072,2944,4994,10000,0                       
TEL,10266,S5,3498,1072,2944,4994,10000,0                       
TEL,10267,S5,3466,1071,2944,4994,10000,0                       
TEL,10268,S5,3404,1069,2944,4994,10000,0                       
TEL,10269,S5,3529,1073,2944,4994,10000,0                       
TEL,10270,S5,3529,1073,2944,4994,10000,0                       
TEL,10271,S5,3529,1073,2944,4994,10000,0                       
TEL,10272,S5,3498,1072,2944,4994,10000,0                       
TEL,10273,S5,3498,1072,2944,4994,10000,0                       
TEL,10274,S5,3498,1072,2944,4994,10000,0                       
TEL,10275,S5,3529,1073,2944,4994,10000,0                       
TEL,10276,S5,3498,1072,2944,4994,10000,0                       
TEL,10277,S5,3498,1072,2944,4994,10000,0                       
TEL,10278,S5,3466,1071,2944,4994,10000,0                       
TEL,10279,S5,3466,1071,2944,4994,10000,0                       
TEL,10280,S5,3529,1073,2944,4994,10000,0                       
TEL,10281,S5,3498,1072,2944,4994,10000,0                       
TEL,10282,S5,3466,1071,2944,4994,10000,0                       
TEL,10283,S5,3466,1071,2944,4994,10000,0                       
TEL,10284,S5,3529,1073,2944,4994,10000,0                       
TEL,10285,S5,3498,1072,2944,4994,10000,0                       
TEL,10286,S5,3466,1071,2944,4994,10000,0                       
TEL,10287,S5,3498,1072,2944,4994,10000,0                       
TEL,10288,S5,3529,1073,2944,4994,10000,0                       
TEL,10289,S5,3498,1072,2944,4994,10000,0                       
TEL,10290,S5,3529,1073,2944,4994,10000,0                       
TEL,10291,S5,3498,1072,2944,4994,10000,0                       
TEL,10292,S5,3529,1073,2944,4994,10000,0                       
TEL,10293,S5,3529,1073,2944,4994,10000,0                       
TEL,10294,S5,3498,1072,2944,4994,10000,0                       
TEL,10295,S5,3529,1073,2944,4994,10000,0                       
TEL,10296,S5,3466,1071,2944,4994,10000,0                       
TEL,10297,S5,3529,1073,2944,4994,10000,0                       
TEL,10298,S5,3466,1071,2944,4994,10000,0                       
TEL,10299,S5,3529,1073,2944,4994,10000,0                       
TEL,10300,S5,3498,1072,2944,4994,10000,0                       
TEL,10301,S5,3529,1073,2944,4994,10000,0                       
TEL,10302,S5,3498,1072,2944,4994,10000,0                       
TEL,10303,S5,3498,1072,2944,4994,10000,0                       
TEL,10304,S5,3529,1073,2944,4994,10000,0                       
TEL,10305,S5,3529,1073,2944,4994,10000,0                       
TEL,10306,S5,3466,1071,2944,4994,10000,0                       
TEL,10307,S5,3529,1073,2944,4994,10000,0                       
TEL,10308,S5,3466,1071,2944,4994,10000,0                       
TEL,10309,S5,3373,1068,2944,4994,10000,0                       
TEL,10310,S5,3529,1073,2944,4994,10000,0                       
TEL,10311,S5,3529,1073,2944,4994,10000,0                       
TEL,10312,S5,3498,1072,2944,4994,10000,0                       
TEL,10313,S5,3529,1073,2944,4994,10000,0                       
TEL,10314,S5,3498,1072,2944,4994,10000,0                       
TEL,10315,S5,3591,1075,2944,4994,10000,0                       
TEL,10316,S5,3529,1073,2944,4994,10000,0                       
TEL,10317,S5,3498,1072,2944,4994,10000,0                       
TEL,10318,S5,3529,1073,2944,4994,10000,0                       
TEL,10319,S5,3529,1073,2944,4994,10000,0                       
TEL,10320,S5,3498,1072,2944,4994,10000,0                       
TEL,10321,S5,3466,1071,2944,4994,10000,0                       
TEL,10322,S5,3466,1071,2944,4994,10000,0                       
TEL,10323,S5,3404,1069,2944,4994,10000,0                       
TEL,10324,S5,3498,1072,2944,4994,10000,0                       
TEL,10325,S5,3466,1071,2944,4994,10000,0                       
TEL,10326,S5,3529,1073,2944,4994,10000,0                       
TEL,10327,S5,3498,1072,2944,4994,10000,0                       
TEL,10328,S5,3498,1072,2944,4994,10000,0                       
TEL,10329,S5,3498,1072,2944,4994,10000,0                       
TEL,10330,S5,3498,1072,2944,4994,10000,0                       
TEL,10331,S5,3498,1072,2944,4994,10000,0                       
TEL,10332,S5,3529,1073,2944,4994,10000,0                       
TEL,10333,S5,3498,1072,2944,4994,10000,0                       
TEL,10334,S5,3529,1073,2944,4994,10000,0                       
TEL,10335,S5,3466,1071,2944,4994,10000,0                       
TEL,10336,S5,3529,1073,2944,4994,10000,0                       
TEL,10337,S5,3498,1072,2944,4994,10000,0                       
TEL,10338,S5,3498,1072,2944,4994,10000,0                       
TEL,10339,S5,3498,1072,2944,4994,10000,0                       
TEL,10340,S5,3529,1073,2944,4994,10000,0                       
TEL,10341,S5,3466,1071,2944,4994,10000,0                       
TEL,10342,S5,3404,1069,2944,4994,10000,0                       
TEL,10343,S5,3498,1072,2944,4994,10000,0                       
TEL,10344,S5,3529,1073,2944,4994,10000,0                       
TEL,10345,S5,3529,1073,2944,4994,10000,0                       
TEL,10346,S5,3498,1072,2944,4994,10000,0                       
TEL,10347,S5,3498,1072,2944,4994,10000,0                       
TEL,10348,S5,3466,1071,2944,4994,10000,0                       
TEL,10349,S5,3529,1073,2944,4994,10000,0                       
TEL,10350,S5,3498,1072,2944,4994,10000,0                       
TEL,10351,S5,3529,1073,2944,4994,10000,0                       
TEL,10352,S5,3498,1072,2944,4994,10000,0                       
TEL,10353,S5,3529,1073,2944,4994,10000,0                       
TEL,10354,S5,3622,1076,2944,4994,10000,0                       
TEL,10355,S5,3498,1072,2944,4994,10000,0                       
TEL,10356,S5,3529,1073,2944,4994,10000,0                       
TEL,10357,S5,3498,1072,2944,4994,10000,0                       
TEL,10358,S5,3529,1073,2944,4994,10000,0                       
TEL,10359,S5,3466,1071,2944,4994,10000,0                       
TEL,10360,S5,3529,1073,2944,4994,10000,0                       
TEL,10361,S5,3498,1072,2944,4994,10000,0                       
TEL,10362,S5,3498,1072,2944,4994,10000,0                       
TEL,10363,S5,3529,1073,2944,4994,10000,0                       
TEL,10364,S5,3529,1073,2944,4994,10000,0                       
TEL,10365,S5,3529,1073,2944,4994,10000,0                       
TEL,10366,S5,3529,1073,2944,4994,10000,0                       
TEL,10367,S5,3466,1071,2944,4994,10000,0                       
TEL,10368,S5,3529,1073,2944,4994,10000,0                       
TEL,10369,S5,3498,1072,2944,4994,10000,0                       
TEL,10370,S5,3498,1072,2944,4994,10000,0                       
TEL,10371,S5,3529,1073,2944,4994,10000,0                       
TEL,10372,S5,3529,1073,2944,4994,10000,0                       
TEL,10373,S5,3529,1073,2944,4994,10000,0                       
TEL,10374,S5,3498,1072,2944,4994,10000,0                       
TEL,10375,S5,3498,1072,2944,4994,10000,0                       
TEL,10376,S5,3498,1072,2944,4994,10000,0                       
TEL,10377,S5,3529,1073,2944,4994,10000,0                       
TEL,10378,S5,3529,1073,2944,4994,10000,0                       
TEL,10379,S5,3498,1072,2944,4994,10000,0                       
TEL,10380,S5,3529,1073,2944,4994,10000,0                       
TEL,10381,S5,3529,1073,2944,4994,10000,0                       
TEL,10382,S5,3529,1073,2944,4994,10000,0                       
BTN,80,S5,PRESSED,10383,241561637,241561655,241561657          
TEL,10384,S5,3498,1072,2944,5044,10000,0                       
TEL,10385,S5,3435,1070,2944,4994,10000,0                       
TEL,10386,S5,3529,1073,2944,4994,10000,0                       
TEL,10387,S5,3404,1069,2944,4994,10000,0                       
TEL,10388,S5,3529,1073,2944,4994,10000,0                       
TEL,10389,S5,3466,1071,2944,4994,10000,0                       
TEL,10390,S5,3404,1069,2944,4994,10000,0                       
TEL,10391,S5,3435,1070,2944,4994,10000,0                       
TEL,10392,S5,3466,1071,2944,4994,10000,0                       
TEL,10393,S5,3498,1072,2944,4994,10000,0                       
TEL,10394,S5,3498,1072,2944,4994,10000,0                       
TEL,10395,S5,3498,1072,2944,4994,10000,0                       
TEL,10396,S5,3529,1073,2944,4994,10000,0                       
TEL,10397,S5,3498,1072,2944,4994,10000,0                       
TEL,10398,S5,3498,1072,2944,4994,10000,0                       
TEL,10399,S5,3498,1072,2944,4994,10000,0                       
TEL,10400,S5,3529,1073,2944,4994,10000,0                       
TEL,10401,S5,3529,1073,2944,4994,10000,0                       
TEL,10402,S5,3466,1071,2944,4994,10000,0                       
TEL,10403,S5,3529,1073,2944,4994,10000,0                       
TEL,10404,S5,3529,1073,2944,4994,10000,0                       
TEL,10405,S5,3466,1071,2944,4994,10000,0                       
TEL,10406,S5,3498,1072,2944,4994,10000,0                       
TEL,10407,S5,3466,1071,2944,4994,10000,0                       
TEL,10408,S5,3466,1071,2944,4994,10000,0                       
TEL,10409,S5,3435,1070,2944,4994,10000,0                       
TEL,10410,S5,3466,1071,2944,4994,10000,0                       
TEL,10411,S5,3529,1073,2944,4994,10000,0                       
TEL,10412,S5,3498,1072,2944,4994,10000,0                       
TEL,10413,S5,3466,1071,2944,4994,10000,0                       
TEL,10414,S5,3498,1072,2944,4994,10000,0                       
TEL,10415,S5,3529,1073,2944,4994,10000,0                       
TEL,10416,S5,3498,1072,2944,4994,10000,0                       
TEL,10417,S5,3498,1072,2944,4994,10000,0                       
TEL,10418,S5,3404,1069,2944,4994,10000,0                       
TEL,10419,S5,3498,1072,2944,4994,10000,0                       
TEL,10420,S5,3498,1072,2944,4994,10000,0                       
TEL,10421,S5,3498,1072,2944,4994,10000,0                       
TEL,10422,S5,3529,1073,2944,4994,10000,0                       
TEL,10423,S5,3498,1072,2944,4994,10000,0                       
TEL,10424,S5,3529,1073,2944,4994,10000,0                       
TEL,10425,S5,3498,1072,2944,4994,10000,0                       
TEL,10426,S5,3466,1071,2944,4994,10000,0                       
TEL,10427,S5,3435,1070,2944,4994,10000,0                       
TEL,10428,S5,3466,1071,2944,4994,10000,0                       
TEL,10429,S5,3498,1072,2944,4994,10000,0                       
TEL,10430,S5,3529,1073,2944,4994,10000,0                       
TEL,10431,S5,3529,1073,2944,4994,10000,0                       
TEL,10432,S5,3466,1071,2944,4994,10000,0                       
TEL,10433,S5,3404,1069,2944,4994,10000,0                       
TEL,10434,S5,3622,1077,2944,4994,10000,0                       
TEL,10435,S5,3498,1072,2944,4994,10000,0                       
TEL,10436,S5,3529,1073,2944,4994,10000,0                       
TEL,10437,S5,3498,1072,2944,4994,10000,0                       
TEL,10438,S5,3498,1072,2944,4994,10000,0                       
TEL,10439,S5,3529,1073,2944,4994,10000,0                       
TEL,10440,S5,3498,1072,2944,4994,10000,0                       
TEL,10441,S5,3529,1073,2944,4994,10000,0                       
TEL,10442,S5,3591,1075,2944,4994,10000,0                       
TEL,10443,S5,3435,1070,2944,4994,10000,0                       
TEL,10444,S5,3529,1073,2944,4994,10000,0                       
TEL,10445,S5,3529,1073,2944,4994,10000,0                       
TEL,10446,S5,3404,1069,2944,4994,10000,0                       
TEL,10447,S5,3498,1072,2944,4994,10000,0                       
TEL,10448,S5,3466,1071,2944,4994,10000,0                       
TEL,10449,S5,3466,1071,2944,4994,10000,0                       
TEL,10450,S5,3529,1073,2944,4994,10000,0                       
TEL,10451,S5,3529,1073,2944,4994,10000,0                       
TEL,10452,S5,3498,1072,2944,4994,10000,0                       
TEL,10453,S5,3529,1073,2944,4994,10000,0                       
TEL,10454,S5,3466,1071,2944,4994,10000,0                       
TEL,10455,S5,3529,1073,2944,4994,10000,0                       
TEL,10456,S5,3498,1072,2944,4994,10000,0                       
TEL,10457,S5,3498,1072,2944,4994,10000,0                       
TEL,10458,S5,3498,1072,2944,4994,10000,0                       
TEL,10459,S5,3498,1072,2944,4994,10000,0                       
TEL,10460,S5,3529,1073,2944,4994,10000,0                       
TEL,10461,S5,3466,1071,2944,4994,10000,0                       
TEL,10462,S5,3466,1071,2944,4994,10000,0                       
TEL,10463,S5,3342,1067,2944,4994,10000,0                       
TEL,10464,S5,3498,1072,2944,4994,10000,0                       
TEL,10465,S5,3498,1072,2944,4994,10000,0                       
TEL,10466,S5,3498,1072,2944,4994,10000,0                       
TEL,10467,S5,3466,1071,2944,4994,10000,0                       
TEL,10468,S5,3498,1072,2944,4994,10000,0                       
TEL,10469,S5,3529,1073,2944,4994,10000,0                       
TEL,10470,S5,3529,1073,2944,4994,10000,0                       
TEL,10471,S5,3498,1072,2944,4994,10000,0                       
TEL,10472,S5,3529,1073,2944,4994,10000,0                       
TEL,10473,S5,3529,1073,2944,4994,10000,0                       
TEL,10474,S5,3466,1071,2944,4994,10000,0                       
TEL,10475,S5,3435,1070,2944,4994,10000,0                       
TEL,10476,S5,3498,1072,2944,4994,10000,0                       
TEL,10477,S5,3498,1072,2944,4994,10000,0                       
TEL,10478,S5,3529,1073,2944,4994,10000,0                       
TEL,10479,S5,3529,1073,2944,4994,10000,0                       
TEL,10480,S5,3529,1073,2944,4994,10000,0                       
TEL,10481,S5,3529,1073,2944,4994,10000,0                       
TEL,10482,S5,3498,1072,2944,4994,10000,0                       
TEL,10483,S5,3466,1071,2944,4994,10000,0                       
TEL,10484,S5,3529,1073,2944,4994,10000,0                       
TEL,10485,S5,3466,1071,2944,4994,10000,0                       
TEL,10486,S5,3498,1072,2944,4994,10000,0                       
TEL,10487,S5,3466,1071,2944,4994,10000,0                       
TEL,10488,S5,3498,1072,2944,4994,10000,0                       
TEL,10489,S5,3466,1071,2944,4994,10000,0                       
TEL,10490,S5,3622,1076,2944,4994,10000,0                       
TEL,10491,S5,3466,1071,2944,4994,10000,0                       
TEL,10492,S5,3498,1072,2944,4994,10000,0                       
TEL,10493,S5,3529,1073,2944,4994,10000,0                       
TEL,10494,S5,3466,1071,2944,4994,10000,0                       
TEL,10495,S5,3498,1072,2944,4994,10000,0                       
TEL,10496,S5,3529,1073,2944,4994,10000,0                       
TEL,10497,S5,3498,1072,2944,4994,10000,0                       
TEL,10498,S5,3529,1073,2944,4994,10000,0                       
TEL,10499,S5,3529,1073,2944,4994,10000,0                       
TEL,10500,S5,3529,1073,2944,4994,10000,0                       
TEL,10501,S5,3529,1073,2944,4994,10000,0                       
TEL,10502,S5,3466,1071,2944,4994,10000,0                       
TEL,10503,S5,3498,1072,2944,4994,10000,0                       
TEL,10504,S5,3529,1073,2944,4994,10000,0                       
TEL,10505,S5,3404,1069,2944,4994,10000,0                       
TEL,10506,S5,3529,1073,2944,4994,10000,0                       
TEL,10507,S5,3435,1070,2944,4994,10000,0                       
TEL,10508,S5,3498,1072,2944,4994,10000,0                       
TEL,10509,S5,3529,1073,2944,4994,10000,0                       
TEL,10510,S5,3498,1072,2944,4994,10000,0                       
TEL,10511,S5,3498,1072,2944,4994,10000,0                       
BTN,81,S5,PRESSED,10512,242844897,242844915,242844917          
TEL,10513,S5,3498,1072,2944,5162,10003,0                       
TEL,10514,S5,3435,1070,2944,4994,9997,0                        
TEL,10515,S5,3529,1073,2944,4994,10000,0                       
TEL,10516,S5,3466,1071,2944,4994,10000,0                       
TEL,10517,S5,3529,1073,2944,4994,10000,0                       
TEL,10518,S5,3498,1072,2944,4994,10000,0                       
TEL,10519,S5,3529,1073,2944,4994,10000,0                       
TEL,10520,S5,3529,1073,2944,4994,10000,0                       
TEL,10521,S5,3529,1073,2944,4994,10000,0                       
TEL,10522,S5,3498,1072,2944,4994,10000,0                       
TEL,10523,S5,3529,1073,2944,4994,10000,0                       
TEL,10524,S5,3498,1072,2944,4994,10000,0                       
TEL,10525,S5,3498,1072,2944,4994,10000,0                       
TEL,10526,S5,3529,1073,2944,4994,10000,0                       
TEL,10527,S5,3498,1072,2944,4994,10000,0                       
TEL,10528,S5,3498,1072,2944,4994,10000,0                       
TEL,10529,S5,3498,1072,2944,4994,10000,0                       
TEL,10530,S5,3529,1073,2944,4994,10000,0                       
TEL,10531,S5,3466,1071,2944,4994,10000,0                       
TEL,10532,S5,3529,1073,2944,4994,10000,0                       
TEL,10533,S5,3529,1073,2944,4994,10000,0                       
TEL,10534,S5,3498,1072,2944,4994,10000,0                       
TEL,10535,S5,3591,1075,2944,4994,10000,0                       
TEL,10536,S5,3529,1073,2944,4994,10000,0                       
TEL,10537,S5,3498,1072,2944,4994,10000,0                       
TEL,10538,S5,3529,1073,2944,4994,10000,0                       
TEL,10539,S5,3591,1075,2944,4994,10000,0                       
TEL,10540,S5,3498,1072,2944,4994,10000,0                       
TEL,10541,S5,3529,1073,2944,4994,10000,0                       
TEL,10542,S5,3404,1069,2944,4994,10000,0                       
TEL,10543,S5,3466,1071,2944,4994,10000,0                       
TEL,10544,S5,3529,1073,2944,4994,10000,0                       
TEL,10545,S5,3529,1073,2944,4994,10000,0                       
TEL,10546,S5,3498,1072,2944,4994,10000,0                       
TEL,10547,S5,3529,1073,2944,4994,10000,0                       
TEL,10548,S5,3498,1072,2944,4994,10000,0                       
TEL,10549,S5,3529,1073,2944,4994,10000,0                       
TEL,10550,S5,3529,1073,2944,4994,10000,0                       
TEL,10551,S5,3466,1071,2944,4994,10000,0                       
TEL,10552,S5,3529,1073,2944,4994,10000,0                       
TEL,10553,S5,3404,1069,2944,4994,10000,0                       
TEL,10554,S5,3529,1073,2944,4994,10000,0                       
TEL,10555,S5,3498,1072,2944,4994,10000,0                       
TEL,10556,S5,3498,1072,2944,4994,10000,0                       
TEL,10557,S5,3466,1071,2944,4994,10000,0                       
TEL,10558,S5,3529,1073,2944,4994,10000,0                       
TEL,10559,S5,3529,1073,2944,4994,10000,0                       
TEL,10560,S5,3466,1071,2944,4994,10000,0                       
TEL,10561,S5,3529,1073,2944,4994,10000,0                       
TEL,10562,S5,3404,1069,2944,4994,10000,0                       
TEL,10563,S5,3529,1073,2944,4994,10000,0                       
TEL,10564,S5,3466,1071,2944,4994,10000,0                       
TEL,10565,S5,3529,1073,2944,4994,10000,0                       
TEL,10566,S5,3466,1071,2944,4994,10000,0                       
TEL,10567,S5,3529,1073,2944,4994,10000,0                       
TEL,10568,S5,3529,1073,2944,4994,10000,0                       
TEL,10569,S5,3466,1071,2944,4994,10000,0                       
TEL,10570,S5,3498,1072,2944,4994,10000,0                       
TEL,10571,S5,3529,1073,2944,4994,10000,0                       
TEL,10572,S5,3529,1073,2944,4994,10000,0                       
TEL,10573,S5,3498,1072,2944,4994,10000,0                       
TEL,10574,S5,3498,1072,2944,4994,10000,0                       
TEL,10575,S5,3498,1072,2944,4994,10000,0                       
TEL,10576,S5,3498,1072,2944,4994,10000,0                       
TEL,10577,S5,3498,1072,2944,4994,10000,0                       
TEL,10578,S5,3529,1073,2944,4994,10000,0                       
TEL,10579,S5,3498,1072,2944,4994,10000,0                       
TEL,10580,S5,3498,1072,2944,4994,10000,0                       
TEL,10581,S5,3529,1073,2944,4994,10000,0                       
TEL,10582,S5,3498,1072,2944,4994,10000,0                       
TEL,10583,S5,3529,1073,2944,4994,10000,0                       
TEL,10584,S5,3466,1071,2944,4994,10000,0                       
TEL,10585,S5,3498,1072,2944,4994,10000,0                       
TEL,10586,S5,3529,1073,2944,4994,10000,0                       
TEL,10587,S5,3498,1072,2944,4994,10000,0                       
TEL,10588,S5,3498,1072,2944,4994,10000,0                       
TEL,10589,S5,3529,1073,2944,4994,10000,0                       
TEL,10590,S5,3529,1073,2944,4994,10000,0                       
TEL,10591,S5,3498,1072,2944,4994,10000,0                       
TEL,10592,S5,3529,1073,2944,4994,10000,0                       
TEL,10593,S5,3466,1071,2944,4994,10000,0                       
TEL,10594,S5,3498,1072,2944,4994,10000,0                       
TEL,10595,S5,3529,1073,2944,4994,10000,0                       
TEL,10596,S5,3529,1073,2944,4994,10000,0                       
TEL,10597,S5,3529,1073,2944,4994,10000,0                       
TEL,10598,S5,3404,1069,2944,4994,10000,0                       
TEL,10599,S5,3498,1072,2944,4994,10000,0                       
TEL,10600,S5,3498,1072,2944,4994,10000,0                       
TEL,10601,S5,3529,1073,2944,4994,10000,0                       
TEL,10602,S5,3529,1073,2944,4994,10000,0                       
TEL,10603,S5,3591,1075,2944,4994,10000,0                       
TEL,10604,S5,3529,1073,2944,4994,10000,0                       
TEL,10605,S5,3591,1075,2944,4994,10000,0                       
TEL,10606,S5,3591,1075,2944,4994,10000,0                       
TEL,10607,S5,3622,1076,2944,4994,10000,0                       
TEL,10608,S5,3498,1072,2944,4994,10000,0                       
TEL,10609,S5,3498,1072,2944,4994,10000,0                       
TEL,10610,S5,3622,1076,2944,4994,10000,0                       
TEL,10611,S5,3498,1072,2944,4994,10000,0                       
TEL,10612,S5,3529,1073,2944,4994,10000,0                       
TEL,10613,S5,3466,1071,2944,4994,10000,0                       
TEL,10614,S5,3498,1072,2944,4994,10000,0                       
TEL,10615,S5,3498,1072,2944,4994,10000,0                       
TEL,10616,S5,3466,1071,2944,4994,10000,0                       
TEL,10617,S5,3529,1073,2944,4994,10000,0                       
TEL,10618,S5,3498,1072,2944,4994,10000,0                       
TEL,10619,S5,3466,1071,2944,4994,10000,0                       
TEL,10620,S5,3498,1072,2944,4994,10000,0                       
TEL,10621,S5,3529,1073,2944,4994,10000,0                       
TEL,10622,S5,3498,1072,2944,4994,10000,0                       
TEL,10623,S5,3529,1073,2944,4994,10000,0                       
TEL,10624,S5,3466,1071,2944,4994,10000,0                       
TEL,10625,S5,3466,1071,2944,4994,10000,0                       
TEL,10626,S5,3529,1073,2944,4994,10000,0                       
TEL,10627,S5,3529,1073,2944,4994,10000,0                       
TEL,10628,S5,3529,1073,2944,4994,10000,0                       
TEL,10629,S5,3529,1073,2944,4994,10000,0                       
TEL,10630,S5,3529,1073,2944,4994,10000,0                       
TEL,10631,S5,3498,1072,2944,4994,10000,0                       
TEL,10632,S5,3529,1073,2944,4994,10000,0                       
TEL,10633,S5,3498,1072,2944,4994,10000,0                       
TEL,10634,S5,3529,1073,2944,4994,10000,0                       
TEL,10635,S5,3498,1072,2944,4994,10000,0                       
TEL,10636,S5,3529,1073,2944,4994,10000,0                       
TEL,10637,S5,3529,1073,2944,4994,10000,0                       
TEL,10638,S5,3498,1072,2944,4994,10000,0                       
TEL,10639,S5,3529,1073,2944,4994,10000,0                       
TEL,10640,S5,3529,1073,2944,4994,10000,0                       
TEL,10641,S5,3466,1071,2944,4994,10000,0                       
TEL,10642,S5,3498,1072,2944,4994,10000,0                       
TEL,10643,S5,3529,1073,2944,4994,10000,0                       
TEL,10644,S5,3498,1072,2944,4994,10000,0                       
TEL,10645,S5,3466,1071,2944,4994,10000,0                       
TEL,10646,S5,3498,1072,2944,4994,10000,0                       
TEL,10647,S5,3529,1073,2944,4994,10000,0                       
TEL,10648,S5,3498,1072,2944,4994,10000,0                       
TEL,10649,S5,3466,1071,2944,4994,10000,0                       
TEL,10650,S5,3622,1076,2944,4994,10000,0                       
TEL,10651,S5,3498,1072,2944,4994,10000,0                       
TEL,10652,S5,3498,1072,2944,4994,10000,0                       
TEL,10653,S5,3498,1072,2944,4994,10000,0                       
TEL,10654,S5,3529,1073,2944,4994,10000,0                       
BTN,82,S5,PRESSED,10655,244265902,244265920,244265922          
TEL,10656,S5,3529,1073,2944,5057,10000,1                       
TEL,10657,S5,3373,1068,2944,5044,10003,0                       
TEL,10658,S5,3435,1070,2944,4994,9997,0                        
TEL,10659,S5,3498,1072,2944,4994,10000,0                       
TEL,10660,S5,3498,1072,2944,4994,10000,0                       
TEL,10661,S5,3622,1076,2944,4994,10000,0                       
TEL,10662,S5,3498,1072,2944,4994,10000,0                       
TEL,10663,S5,3466,1071,2944,4994,10000,0                       
TEL,10664,S5,3529,1073,2944,4994,10000,0                       
TEL,10665,S5,3529,1073,2944,4994,10000,0                       
TEL,10666,S5,3529,1073,2944,4994,10000,0                       
TEL,10667,S5,3435,1070,2944,4994,10000,0                       
TEL,10668,S5,3466,1071,2944,4994,10000,0                       
TEL,10669,S5,3466,1071,2944,4994,10000,0                       
TEL,10670,S5,3404,1069,2944,4994,10000,0                       
TEL,10671,S5,3498,1072,2944,4994,10000,0                       
TEL,10672,S5,3498,1072,2944,4994,10000,0                       
TEL,10673,S5,3466,1071,2944,4994,10000,0                       
TEL,10674,S5,3498,1072,2944,4994,10000,0                       
TEL,10675,S5,3498,1072,2944,4994,10000,0                       
TEL,10676,S5,3498,1072,2944,4994,10000,0                       
TEL,10677,S5,3466,1071,2944,4994,10000,0                       
TEL,10678,S5,3560,1074,2944,4994,10000,0                       
TEL,10679,S5,3404,1069,2944,4994,10000,0                       
TEL,10680,S5,3498,1072,2944,4994,10000,0                       
TEL,10681,S5,3529,1073,2944,4994,10000,0                       
TEL,10682,S5,3498,1072,2944,4994,10000,0                       
TEL,10683,S5,3498,1072,2944,4994,10000,0                       
TEL,10684,S5,3529,1073,2944,4994,10000,0                       
TEL,10685,S5,3466,1071,2944,4994,10000,0                       
TEL,10686,S5,3498,1072,2944,4994,10000,0                       
TEL,10687,S5,3498,1072,2944,4994,10000,0                       
TEL,10688,S5,3498,1072,2944,4994,10000,0                       
TEL,10689,S5,3466,1071,2944,4994,10000,0                       
TEL,10690,S5,3529,1073,2944,4994,10000,0                       
TEL,10691,S5,3404,1069,2944,4994,10000,0                       
TEL,10692,S5,3466,1071,2944,4994,10000,0                       
TEL,10693,S5,3498,1072,2944,4994,10000,0                       
TEL,10694,S5,3498,1072,2944,4994,10000,0                       
TEL,10695,S5,3466,1071,2944,4994,10000,0                       
TEL,10696,S5,3529,1073,2944,4994,10000,0                       
TEL,10697,S5,3466,1071,2944,4994,10000,0                       
TEL,10698,S5,3529,1073,2944,4994,10000,0                       
TEL,10699,S5,3435,1070,2944,4994,10000,0                       
TEL,10700,S5,3498,1072,2944,4994,10000,0                       
TEL,10701,S5,3466,1071,2944,4994,10000,0                       
TEL,10702,S5,3466,1071,2944,4994,10000,0                       
TEL,10703,S5,3466,1071,2944,4994,10000,0                       
TEL,10704,S5,3529,1073,2944,4994,10000,0                       
TEL,10705,S5,3404,1069,2944,4994,10000,0                       
TEL,10706,S5,3498,1072,2944,4994,10000,0                       
TEL,10707,S5,3498,1072,2944,4994,10000,0                       
TEL,10708,S5,3529,1073,2944,4994,10000,0                       
TEL,10709,S5,3498,1072,2944,4994,10000,0                       
TEL,10710,S5,3498,1072,2944,4994,10000,0                       
TEL,10711,S5,3466,1071,2944,4994,10000,0                       
TEL,10712,S5,3466,1071,2944,4994,10000,0                       
TEL,10713,S5,3498,1072,2944,4994,10000,0                       
TEL,10714,S5,3529,1073,2944,4994,10000,0                       
TEL,10715,S5,3529,1073,2944,4994,10000,0                       
TEL,10716,S5,3466,1071,2944,4994,10000,0                       
TEL,10717,S5,3373,1068,2944,4994,10000,0                       
TEL,10718,S5,3404,1069,2944,4994,10000,0                       
TEL,10719,S5,3498,1072,2944,4994,10000,0                       
TEL,10720,S5,3529,1073,2944,4994,10000,0                       
TEL,10721,S5,3342,1067,2944,4994,10000,0                       
TEL,10722,S5,3466,1071,2944,4994,10000,0                       
TEL,10723,S5,3373,1068,2944,4994,10000,0                       
TEL,10724,S5,3498,1072,2944,4994,10000,0                       
TEL,10725,S5,3373,1068,2944,4994,10000,0                       
TEL,10726,S5,3529,1073,2944,4994,10000,0                       
TEL,10727,S5,3529,1073,2944,4994,10000,0                       
TEL,10728,S5,3529,1073,2944,4994,10000,0                       
TEL,10729,S5,3529,1073,2944,4994,10000,0                       
TEL,10730,S5,3498,1072,2944,4994,10000,0                       
TEL,10731,S5,3466,1071,2944,4994,10000,0                       
TEL,10732,S5,3529,1073,2944,4994,10000,0                       
TEL,10733,S5,3498,1072,2944,4994,10000,0                       
TEL,10734,S5,3466,1071,2944,4994,10000,0                       
TEL,10735,S5,3435,1070,2944,4994,10000,0                       
TEL,10736,S5,3404,1069,2944,4994,10000,0                       
TEL,10737,S5,3404,1069,2944,4994,10000,0                       
TEL,10738,S5,3435,1070,2944,4994,10000,0                       
TEL,10739,S5,3529,1073,2944,4994,10000,0                       
TEL,10740,S5,3435,1070,2944,4994,10000,0                       
TEL,10741,S5,3404,1069,2944,4994,10000,0                       
TEL,10742,S5,3529,1073,2944,4994,10000,0                       
TEL,10743,S5,3342,1067,2944,4994,10000,0                       
TEL,10744,S5,3466,1071,2944,4994,10000,0                       
TEL,10745,S5,3466,1071,2944,4994,10000,0                       
TEL,10746,S5,3529,1073,2944,4994,10000,0                       
TEL,10747,S5,3529,1073,2944,4994,10000,0                       
TEL,10748,S5,3498,1072,2944,4994,10000,0                       
TEL,10749,S5,3404,1069,2944,4994,10000,0                       
TEL,10750,S5,3498,1072,2944,4994,10000,0                       
TEL,10751,S5,3498,1072,2944,4994,10000,0                       
TEL,10752,S5,3466,1071,2944,4994,10000,0                       
TEL,10753,S5,3466,1071,2944,4994,10000,0                       
TEL,10754,S5,3498,1072,2944,4994,10000,0                       
TEL,10755,S5,3498,1072,2944,4994,10000,0                       
TEL,10756,S5,3529,1073,2944,4994,10000,0                       
TEL,10757,S5,3498,1072,2944,4994,10000,0                       
TEL,10758,S5,3529,1073,2944,4994,10000,0                       
TEL,10759,S5,3529,1073,2944,4994,10000,0                       
TEL,10760,S5,3466,1071,2944,4994,10000,0                       
TEL,10761,S5,3466,1071,2944,4994,10000,0                       
TEL,10762,S5,3498,1072,2944,4994,10000,0                       
TEL,10763,S5,3591,1075,2944,4994,10000,0                       
TEL,10764,S5,3498,1072,2944,4994,10000,0                       
TEL,10765,S5,3498,1072,2944,4994,10000,0                       
TEL,10766,S5,3529,1073,2944,4994,10000,0                       
TEL,10767,S5,3498,1072,2944,4994,10000,0                       
TEL,10768,S5,3529,1073,2944,4994,10000,0                       
TEL,10769,S5,3404,1069,2944,4994,10000,0                       
TEL,10770,S5,3498,1072,2944,4994,10000,0                       
TEL,10771,S5,3466,1071,2944,4994,10000,0                       
TEL,10772,S5,3498,1072,2944,4994,10000,0                       
TEL,10773,S5,3404,1069,2944,4994,10000,0                       
TEL,10774,S5,3435,1070,2944,4994,10000,0                       
TEL,10775,S5,3529,1073,2944,4994,10000,0                       
TEL,10776,S5,3529,1073,2944,4994,10000,0                       
TEL,10777,S5,3466,1071,2944,4994,10000,0                       
TEL,10778,S5,3498,1072,2944,4994,10000,0                       
TEL,10779,S5,3466,1071,2944,4994,10000,0                       
TEL,10780,S5,3498,1072,2944,4994,10000,0                       
TEL,10781,S5,3529,1073,2944,4994,10000,0                       
TEL,10782,S5,3529,1073,2944,4994,10000,0                       
TEL,10783,S5,3342,1067,2944,4994,10000,0                       
BTN,83,S5,PRESSED,10784,245547209,245547227,245547228          
TEL,10785,S5,3498,1072,2944,5052,10000,1                       
TEL,10786,S5,3435,1070,2944,5045,10001,0                       
TEL,10787,S5,3342,1067,2944,4994,9999,0                        
TEL,10788,S5,3498,1072,2944,4994,10000,0                       
TEL,10789,S5,3529,1073,2944,4994,10000,0                       
TEL,10790,S5,3498,1072,2944,4994,10000,0                       
TEL,10791,S5,3498,1072,2944,4994,10000,0                       
TEL,10792,S5,3529,1073,2944,4994,10000,0                       
TEL,10793,S5,3529,1073,2944,4994,10000,0                       
TEL,10794,S5,3498,1072,2944,4994,10000,0                       
TEL,10795,S5,3498,1072,2944,4994,10000,0                       
TEL,10796,S5,3498,1072,2944,4994,10000,0                       
TEL,10797,S5,3498,1072,2944,4994,10000,0                       
TEL,10798,S5,3498,1072,2944,4994,10000,0                       
TEL,10799,S5,3529,1073,2944,4994,10000,0                       
TEL,10800,S5,3529,1073,2944,4994,10000,0                       
TEL,10801,S5,3529,1073,2944,4994,10000,0                       
TEL,10802,S5,3529,1073,2944,4994,10000,0                       
TEL,10803,S5,3498,1072,2944,4994,10000,0                       
TEL,10804,S5,3498,1072,2944,4994,10000,0                       
TEL,10805,S5,3529,1073,2944,4994,10000,0                       
TEL,10806,S5,3529,1073,2944,4994,10000,0                       
TEL,10807,S5,3529,1073,2944,4994,10000,0                       
TEL,10808,S5,3529,1073,2944,4994,10000,0                       
TEL,10809,S5,3529,1073,2944,4994,10000,0                       
TEL,10810,S5,3498,1072,2944,4994,10000,0                       
TEL,10811,S5,3498,1072,2944,4994,10000,0                       
TEL,10812,S5,3529,1073,2944,4994,10000,0                       
TEL,10813,S5,3529,1073,2944,4994,10000,0                       
TEL,10814,S5,3498,1072,2944,4994,10000,0                       
TEL,10815,S5,3498,1072,2944,4994,10000,0                       
TEL,10816,S5,3466,1071,2944,4994,10000,0                       
TEL,10817,S5,3342,1067,2944,4994,10000,0                       
TEL,10818,S5,3498,1072,2944,4994,10000,0                       
TEL,10819,S5,3529,1073,2944,4994,10000,0                       
TEL,10820,S5,3498,1072,2944,4994,10000,0                       
TEL,10821,S5,3529,1073,2944,4994,10000,0                       
TEL,10822,S5,3529,1073,2944,4994,10000,0                       
TEL,10823,S5,3498,1072,2944,4994,10000,0                       
TEL,10824,S5,3498,1072,2944,4994,10000,0                       
TEL,10825,S5,3529,1073,2944,4994,10000,0                       
TEL,10826,S5,3529,1073,2944,4994,10000,0                       
TEL,10827,S5,3498,1072,2944,4994,10000,0                       
TEL,10828,S5,3529,1073,2944,4994,10000,0                       
TEL,10829,S5,3529,1073,2944,4994,10000,0                       
TEL,10830,S5,3498,1072,2944,4994,10000,0                       
TEL,10831,S5,3466,1071,2944,4994,10000,0                       
TEL,10832,S5,3529,1073,2944,4994,10000,0                       
TEL,10833,S5,3404,1069,2944,4994,10000,0                       
TEL,10834,S5,3466,1071,2944,4994,10000,0                       
TEL,10835,S5,3466,1071,2944,4994,10000,0                       
TEL,10836,S5,3498,1072,2944,4994,10000,0                       
TEL,10837,S5,3404,1069,2944,4994,10000,0                       
TEL,10838,S5,3622,1076,2944,4994,10000,0                       
TEL,10839,S5,3529,1073,2944,4994,10000,0                       
TEL,10840,S5,3622,1076,2944,4994,10000,0                       
TEL,10841,S5,3498,1072,2944,4994,10000,0                       
TEL,10842,S5,3466,1071,2944,4994,10000,0                       
TEL,10843,S5,3466,1071,2944,4994,10000,0                       
TEL,10844,S5,3529,1073,2944,4994,10000,0                       
TEL,10845,S5,3498,1072,2944,4994,10000,0                       
TEL,10846,S5,3529,1073,2944,4994,10000,0                       
TEL,10847,S5,3529,1073,2944,4994,10000,0                       
TEL,10848,S5,3498,1072,2944,4994,10000,0                       
TEL,10849,S5,3529,1073,2944,4994,10000,0                       
TEL,10850,S5,3529,1073,2944,4994,10000,0                       
TEL,10851,S5,3498,1072,2944,4994,10000,0                       
TEL,10852,S5,3529,1073,2944,4994,10000,0                       
TEL,10853,S5,3529,1073,2944,4994,10000,0                       
TEL,10854,S5,3466,1071,2944,4994,10000,0                       
TEL,10855,S5,3498,1072,2944,4994,10000,0                       
TEL,10856,S5,3498,1072,2944,4994,10000,0                       
TEL,10857,S5,3529,1073,2944,4994,10000,0                       
TEL,10858,S5,3529,1073,2944,4994,10000,0                       
TEL,10859,S5,3498,1072,2944,4994,10000,0                       
TEL,10860,S5,3404,1069,2944,4994,10000,0                       
TEL,10861,S5,3466,1071,2944,4994,10000,0                       
TEL,10862,S5,3404,1069,2944,4994,10000,0                       
TEL,10863,S5,3529,1073,2944,4994,10000,0                       
TEL,10864,S5,3529,1073,2944,4994,10000,0                       
TEL,10865,S5,3498,1072,2944,4994,10000,0                       
TEL,10866,S5,3498,1072,2944,4994,10000,0                       
TEL,10867,S5,3529,1073,2944,4994,10000,0                       
TEL,10868,S5,3529,1073,2944,4994,10000,0                       
TEL,10869,S5,3466,1071,2944,4994,10000,0                       
TEL,10870,S5,3404,1069,2944,4994,10000,0                       
TEL,10871,S5,3529,1073,2944,4994,10000,0                       
TEL,10872,S5,3529,1073,2944,4994,10000,0                       
TEL,10873,S5,3498,1072,2944,4994,10000,0                       
TEL,10874,S5,3529,1073,2944,4994,10000,0                       
TEL,10875,S5,3498,1072,2944,4994,10000,0                       
TEL,10876,S5,3498,1072,2944,4994,10000,0                       
TEL,10877,S5,3498,1072,2944,4994,10000,0                       
TEL,10878,S5,3466,1071,2944,4994,10000,0                       
TEL,10879,S5,3529,1073,2944,4994,10000,0                       
TEL,10880,S5,3498,1072,2944,4994,10000,0                       
TEL,10881,S5,3529,1073,2944,4994,10000,0                       
TEL,10882,S5,3498,1072,2944,4994,10000,0                       
TEL,10883,S5,3498,1072,2944,4994,10000,0                       
TEL,10884,S5,3498,1072,2944,4994,10000,0                       
TEL,10885,S5,3529,1073,2944,4994,10000,0                       
TEL,10886,S5,3498,1072,2944,4994,10000,0                       
TEL,10887,S5,3529,1073,2944,4994,10000,0                       
TEL,10888,S5,3529,1073,2944,4994,10000,0                       
TEL,10889,S5,3498,1072,2944,4994,10000,0                       
TEL,10890,S5,3529,1073,2944,4994,10000,0                       
TEL,10891,S5,3498,1072,2944,4994,10000,0                       
TEL,10892,S5,3404,1069,2944,4994,10000,0                       
TEL,10893,S5,3498,1072,2944,4994,10000,0                       
TEL,10894,S5,3342,1067,2944,4994,10000,0                       
TEL,10895,S5,3529,1073,2944,4994,10000,0                       
TEL,10896,S5,3529,1073,2944,4994,10000,0                       
TEL,10897,S5,3373,1068,2944,4994,10000,0                       
TEL,10898,S5,3466,1071,2944,4994,10000,0                       
TEL,10899,S5,3466,1071,2944,4994,10000,0                       
TEL,10900,S5,3498,1072,2944,4994,10000,0                       
TEL,10901,S5,3529,1073,2944,4994,10000,0                       
TEL,10902,S5,3498,1072,2944,4994,10000,0                       
TEL,10903,S5,3529,1073,2944,4994,10000,0                       
TEL,10904,S5,3529,1073,2944,4994,10000,0                       
TEL,10905,S5,3498,1072,2944,4994,10000,0                       
TEL,10906,S5,3529,1073,2944,4994,10000,0                       
TEL,10907,S5,3435,1070,2944,4994,10000,0                       
TEL,10908,S5,3529,1073,2944,4994,10000,0                       
TEL,10909,S5,3498,1072,2944,4994,10000,0                       
TEL,10910,S5,3529,1073,2944,4994,10000,0                       
TEL,10911,S5,3529,1073,2944,4994,10000,0                       
TEL,10912,S5,3404,1069,2944,4994,10000,0                       
TEL,10913,S5,3529,1073,2944,4994,10000,0                       
BTN,84,S5,PRESSED,10914,246836838,246836855,246836857          
TEL,10915,S5,3498,1072,2944,5052,10000,1                       
TEL,10916,S5,3404,1069,2944,5044,10000,0                       
TEL,10917,S5,3498,1072,2944,4994,10000,0                       
TEL,10918,S5,3529,1073,2944,4994,10000,0                       
TEL,10919,S5,3466,1071,2944,4994,10000,0                       
TEL,10920,S5,3498,1072,2944,4994,10000,0                       
TEL,10921,S5,3498,1072,2944,4994,10000,0                       
TEL,10922,S5,3498,1072,2944,4994,10000,0                       
TEL,10923,S5,3498,1072,2944,4994,10000,0                       
TEL,10924,S5,3529,1073,2944,4994,10000,0                       
TEL,10925,S5,3498,1072,2944,4994,10000,0                       
TEL,10926,S5,3498,1072,2944,4994,10000,0                       
TEL,10927,S5,3591,1075,2944,4994,10000,0                       
TEL,10928,S5,3498,1072,2944,4994,10000,0                       
TEL,10929,S5,3311,1065,2944,4994,10000,0                       
TEL,10930,S5,3498,1072,2944,4994,10000,0                       
TEL,10931,S5,3466,1071,2944,4994,10000,0                       
TEL,10932,S5,3529,1073,2944,4994,10000,0                       
TEL,10933,S5,3498,1072,2944,4997,10000,0                       
TEL,10934,S5,3591,1075,2944,4994,10000,0                       
TEL,10935,S5,3466,1071,2944,4994,10000,0                       
TEL,10936,S5,3466,1071,2944,4994,10000,0                       
TEL,10937,S5,3498,1072,2944,4994,10000,0                       
TEL,10938,S5,3466,1071,2944,4994,10000,0                       
TEL,10939,S5,3498,1072,2944,4994,10000,0                       
TEL,10940,S5,3529,1073,2944,4994,10000,0                       
TEL,10941,S5,3498,1072,2944,4994,10000,0                       
TEL,10942,S5,3466,1071,2944,4994,10000,0                       
TEL,10943,S5,3622,1076,2944,4994,10000,0                       
TEL,10944,S5,3498,1072,2944,4994,10000,0                       
TEL,10945,S5,3498,1072,2944,4994,10000,0                       
TEL,10946,S5,3466,1071,2944,4994,10000,0                       
TEL,10947,S5,3591,1075,2944,4994,10000,0                       
TEL,10948,S5,3498,1072,2944,4994,10000,0                       
TEL,10949,S5,3529,1073,2944,4994,10000,0                       
TEL,10950,S5,3498,1072,2944,4994,10000,0                       
TEL,10951,S5,3466,1071,2944,4994,10000,0                       
TEL,10952,S5,3498,1072,2944,4994,10000,0                       
TEL,10953,S5,3529,1073,2944,4994,10000,0                       
TEL,10954,S5,3529,1073,2944,4994,10000,0                       
TEL,10955,S5,3466,1071,2944,4994,10000,0                       
TEL,10956,S5,3591,1075,2944,4994,10000,0                       
TEL,10957,S5,3529,1073,2944,4994,10000,0                       
TEL,10958,S5,3498,1072,2944,4994,10000,0                       
TEL,10959,S5,3466,1071,2944,4994,10000,0                       
TEL,10960,S5,3498,1072,2944,4994,10000,0                       
TEL,10961,S5,3466,1071,2944,4994,10000,0                       
TEL,10962,S5,3466,1071,2944,4994,10000,0                       
TEL,10963,S5,3466,1071,2944,4994,10000,0                       
TEL,10964,S5,3622,1076,2944,4994,10000,0                       
TEL,10965,S5,3498,1072,2944,4994,10000,0                       
TEL,10966,S5,3498,1072,2944,4994,10000,0                       
TEL,10967,S5,3529,1073,2944,4994,10000,0                       
TEL,10968,S5,3466,1071,2944,4994,10000,0                       
TEL,10969,S5,3404,1069,2944,4994,10000,0                       
TEL,10970,S5,3498,1072,2944,4994,10000,0                       
TEL,10971,S5,3498,1072,2944,4994,10000,0                       
TEL,10972,S5,3529,1073,2944,4994,10000,0                       
TEL,10973,S5,3466,1071,2944,4994,10000,0                       
TEL,10974,S5,3466,1071,2944,4994,10000,0                       
TEL,10975,S5,3404,1069,2944,4994,10000,0                       
TEL,10976,S5,3466,1071,2944,4994,10000,0                       
TEL,10977,S5,3466,1071,2944,4994,10000,0                       
TEL,10978,S5,3498,1072,2944,4994,10000,0                       
TEL,10979,S5,3404,1069,2944,4994,10000,0                       
TEL,10980,S5,3466,1071,2944,4994,10000,0                       
TEL,10981,S5,3466,1071,2944,4994,10000,0                       
TEL,10982,S5,3498,1072,2944,4994,10000,0                       
TEL,10983,S5,3591,1075,2944,4994,10000,0                       
TEL,10984,S5,3529,1073,2944,4994,10000,0                       
TEL,10985,S5,3498,1072,2944,4994,10000,0                       
TEL,10986,S5,3404,1069,2944,4994,10000,0                       
TEL,10987,S5,3466,1071,2944,4994,10000,0                       
TEL,10988,S5,3529,1073,2944,4994,10000,0                       
TEL,10989,S5,3498,1072,2944,4994,10000,0                       
TEL,10990,S5,3498,1072,2944,4994,10000,0                       
TEL,10991,S5,3466,1071,2944,4994,10000,0                       
TEL,10992,S5,3498,1072,2944,4994,10000,0                       
TEL,10993,S5,3591,1075,2944,4994,10000,0                       
TEL,10994,S5,3498,1072,2944,4994,10000,0                       
TEL,10995,S5,3404,1069,2944,4994,10000,0                       
TEL,10996,S5,3498,1072,2944,4994,10000,0                       
TEL,10997,S5,3529,1073,2944,4994,10000,0                       
TEL,10998,S5,3498,1072,2944,4994,10000,0                       
TEL,10999,S5,3404,1069,2944,4994,10000,0                       
TEL,11000,S5,3591,1075,2944,4994,10000,0                       
TEL,11001,S5,3404,1069,2944,4994,10000,0                       
TEL,11002,S5,3435,1070,2944,4994,10000,0                       
TEL,11003,S5,3529,1073,2944,4994,10000,0                       
TEL,11004,S5,3498,1072,2944,4994,10000,0                       
TEL,11005,S5,3529,1073,2944,4994,10000,0                       
TEL,11006,S5,3498,1072,2944,4994,10000,0                       
TEL,11007,S5,3498,1072,2944,4994,10000,0                       
TEL,11008,S5,3529,1073,2944,4994,10000,0                       
TEL,11009,S5,3529,1073,2944,4994,10000,0                       
TEL,11010,S5,3498,1072,2944,4994,10000,0                       
TEL,11011,S5,3466,1071,2944,4994,10000,0                       
TEL,11012,S5,3529,1073,2944,4994,10000,0                       
TEL,11013,S5,3529,1073,2944,4994,10000,0                       
TEL,11014,S5,3529,1073,2944,4994,10000,0                       
TEL,11015,S5,3529,1073,2944,4994,10000,0                       
TEL,11016,S5,3529,1073,2944,4994,10000,0                       
TEL,11017,S5,3498,1072,2944,4994,10000,0                       
TEL,11018,S5,3498,1072,2944,4994,10000,0                       
TEL,11019,S5,3498,1072,2944,4994,10000,0                       
TEL,11020,S5,3498,1072,2944,4994,10000,0                       
TEL,11021,S5,3498,1072,2944,4994,10000,0                       
TEL,11022,S5,3404,1069,2944,4994,10000,0                       
TEL,11023,S5,3498,1072,2944,4994,10000,0                       
TEL,11024,S5,3498,1072,2944,4994,10000,0                       
TEL,11025,S5,3498,1072,2944,4994,10000,0                       
TEL,11026,S5,3466,1071,2944,4994,10000,0                       
TEL,11027,S5,3622,1076,2944,4994,10000,0                       
TEL,11028,S5,3529,1073,2944,4994,10000,0                       
TEL,11029,S5,3466,1071,2944,4994,10000,0                       
TEL,11030,S5,3404,1069,2944,4994,10000,0                       
TEL,11031,S5,3466,1071,2944,4994,10000,0                       
TEL,11032,S5,3498,1072,2944,4994,10000,0                       
TEL,11033,S5,3529,1073,2944,4994,10000,0                       
TEL,11034,S5,3498,1072,2944,4994,10000,0                       
TEL,11035,S5,3466,1071,2944,4994,10000,0                       
TEL,11036,S5,3404,1069,2944,4994,10000,0                       
TEL,11037,S5,3498,1072,2944,4994,10000,0                       
TEL,11038,S5,3529,1073,2944,4994,10000,0                       
TEL,11039,S5,3404,1069,2944,4994,10000,0                       
TEL,11040,S5,3404,1069,2944,4994,10000,0                       
TEL,11041,S5,3498,1072,2944,4994,10000,0                       
TEL,11042,S5,3498,1072,2944,4994,10000,0                       
TEL,11043,S5,3529,1073,2944,4994,10000,0                       
TEL,11044,S5,3466,1071,2944,4994,10000,0                       
TEL,11045,S5,3498,1072,2944,4994,10000,0                       
TEL,11046,S5,3498,1072,2944,4994,10000,0                       
TEL,11047,S5,3529,1073,2944,4994,10000,0                       
TEL,11048,S5,3529,1073,2944,4994,10000,0                       
TEL,11049,S5,3498,1072,2944,4994,10000,0                       
TEL,11050,S5,3529,1073,2944,4994,10000,0                       
TEL,11051,S5,3498,1072,2944,4994,10000,0                       
TEL,11052,S5,3498,1072,2944,4994,10000,0                       
TEL,11053,S5,3498,1072,2944,4994,10000,0                       
TEL,11054,S5,3529,1073,2944,4994,10000,0                       
TEL,11055,S5,3529,1073,2944,4994,10000,0                       
TEL,11056,S5,3529,1073,2944,4994,10000,0                       
TEL,11057,S5,3498,1072,2944,4994,10000,0                       
TEL,11058,S5,3466,1071,2944,4994,10000,0                       
TEL,11059,S5,3498,1072,2944,4994,10000,0                       
TEL,11060,S5,3529,1073,2944,4994,10000,0                       
TEL,11061,S5,3466,1071,2944,4994,10000,0                       
TEL,11062,S5,3529,1073,2944,4994,10000,0                       
TEL,11063,S5,3529,1073,2944,4994,10000,0                       
TEL,11064,S5,3466,1071,2944,4994,10000,0                       
TEL,11065,S5,3498,1072,2944,4994,10000,0                       
BTN,85,S5,PRESSED,11066,248348026,248348044,248348045          
TEL,11067,S5,3529,1073,2944,5052,10000,1                       
TEL,11068,S5,3373,1068,2944,5044,10001,0                       
TEL,11069,S5,3435,1070,2944,4994,9999,0                        
TEL,11070,S5,3498,1072,2944,4994,10000,0                       
TEL,11071,S5,3404,1069,2944,4994,10000,0                       
TEL,11072,S5,3529,1073,2944,4994,10000,0                       
TEL,11073,S5,3529,1073,2944,4994,10000,0                       
TEL,11074,S5,3529,1073,2944,4994,10000,0                       
TEL,11075,S5,3498,1072,2944,4994,10000,0                       
TEL,11076,S5,3498,1072,2944,4994,10000,0                       
TEL,11077,S5,3529,1073,2944,4994,10000,0                       
TEL,11078,S5,3498,1072,2944,4994,10000,0                       
TEL,11079,S5,3529,1073,2944,4994,10000,0                       
TEL,11080,S5,3529,1073,2944,4997,10000,0                       
TEL,11081,S5,3435,1070,2944,4994,10000,0                       
TEL,11082,S5,3466,1071,2944,4994,10000,0                       
TEL,11083,S5,3498,1072,2944,4994,10000,0                       
TEL,11084,S5,3529,1073,2944,4994,10000,0                       
TEL,11085,S5,3498,1072,2944,4994,10000,0                       
TEL,11086,S5,3529,1073,2944,4994,10000,0                       
TEL,11087,S5,3529,1073,2944,4994,10000,0                       
TEL,11088,S5,3498,1072,2944,4994,10000,0                       
TEL,11089,S5,3622,1077,2944,4994,10000,0                       
TEL,11090,S5,3529,1073,2944,4994,10000,0                       
TEL,11091,S5,3529,1073,2944,4994,10000,0                       
TEL,11092,S5,3498,1072,2944,4994,10000,0                       
TEL,11093,S5,3529,1073,2944,4994,10000,0                       
TEL,11094,S5,3498,1072,2944,4994,10000,0                       
TEL,11095,S5,3529,1073,2944,4994,10000,0                       
TEL,11096,S5,3498,1072,2944,4994,10000,0                       
TEL,11097,S5,3498,1072,2944,4994,10000,0                       
TEL,11098,S5,3498,1072,2944,4994,10000,0                       
TEL,11099,S5,3529,1073,2944,4994,10000,0                       
TEL,11100,S5,3529,1073,2944,4994,10000,0                       
TEL,11101,S5,3529,1073,2944,4994,10000,0                       
TEL,11102,S5,3498,1072,2944,4994,10000,0                       
TEL,11103,S5,3529,1073,2944,4994,10000,0                       
TEL,11104,S5,3529,1073,2944,4994,10000,0                       
TEL,11105,S5,3529,1073,2944,4994,10000,0                       
TEL,11106,S5,3466,1071,2944,4994,10000,0                       
TEL,11107,S5,3466,1071,2944,4994,10000,0                       
TEL,11108,S5,3466,1071,2944,4994,10000,0                       
TEL,11109,S5,3498,1072,2944,4994,10000,0                       
TEL,11110,S5,3498,1072,2944,4994,10000,0                       
TEL,11111,S5,3529,1073,2944,4994,10000,0                       
TEL,11112,S5,3529,1073,2944,4994,10000,0                       
TEL,11113,S5,3529,1073,2944,4994,10000,0                       
TEL,11114,S5,3498,1072,2944,4994,10000,0                       
TEL,11115,S5,3529,1073,2944,4994,10000,0                       
TEL,11116,S5,3498,1072,2944,4994,10000,0                       
TEL,11117,S5,3529,1073,2944,4994,10000,0                       
TEL,11118,S5,3529,1073,2944,4994,10000,0                       
TEL,11119,S5,3529,1073,2944,4994,10000,0                       
TEL,11120,S5,3529,1073,2944,4994,10000,0                       
TEL,11121,S5,3529,1073,2944,4994,10000,0                       
TEL,11122,S5,3498,1072,2944,4994,10000,0                       
TEL,11123,S5,3529,1073,2944,4994,10000,0                       
TEL,11124,S5,3529,1073,2944,4994,10000,0                       
TEL,11125,S5,3529,1073,2944,4994,10000,0                       
TEL,11126,S5,3466,1071,2944,4994,10000,0                       
TEL,11127,S5,3466,1071,2944,4994,10000,0                       
TEL,11128,S5,3466,1071,2944,4994,10000,0                       
TEL,11129,S5,3498,1072,2944,4994,10000,0                       
TEL,11130,S5,3529,1073,2944,4994,10000,0                       
TEL,11131,S5,3529,1073,2944,4994,10000,0                       
TEL,11132,S5,3466,1071,2944,4994,10000,0                       
TEL,11133,S5,3529,1073,2944,4994,10000,0                       
TEL,11134,S5,3498,1072,2944,4994,10000,0                       
TEL,11135,S5,3529,1073,2944,4994,10000,0                       
TEL,11136,S5,3529,1073,2944,4994,10000,0                       
TEL,11137,S5,3622,1076,2944,4994,10000,0                       
TEL,11138,S5,3466,1071,2944,4994,10000,0                       
TEL,11139,S5,3498,1072,2944,4994,10000,0                       
TEL,11140,S5,3498,1072,2944,4994,10000,0                       
TEL,11141,S5,3529,1073,2944,4994,10000,0                       
TEL,11142,S5,3498,1072,2944,4994,10000,0                       
TEL,11143,S5,3498,1072,2944,4994,10000,0                       
TEL,11144,S5,3529,1073,2944,4994,10000,0                       
TEL,11145,S5,3466,1071,2944,4994,10000,0                       
TEL,11146,S5,3529,1073,2944,4994,10000,0                       
TEL,11147,S5,3529,1073,2944,4994,10000,0                       
TEL,11148,S5,3529,1073,2944,4994,10000,0                       
TEL,11149,S5,3529,1073,2944,4994,10000,0                       
TEL,11150,S5,3498,1072,2944,4994,10000,0                       
TEL,11151,S5,3529,1073,2944,4994,10000,0                       
TEL,11152,S5,3529,1073,2944,4994,10000,0                       
TEL,11153,S5,3498,1072,2944,4994,10000,0                       
TEL,11154,S5,3498,1072,2944,4994,10000,0                       
TEL,11155,S5,3529,1073,2944,4994,10000,0                       
TEL,11156,S5,3498,1072,2944,4994,10000,0                       
TEL,11157,S5,3529,1073,2944,4994,10000,0                       
TEL,11158,S5,3529,1073,2944,4994,10000,0                       
TEL,11159,S5,3529,1073,2944,4994,10000,0                       
TEL,11160,S5,3529,1073,2944,4994,10000,0                       
TEL,11161,S5,3498,1072,2944,4994,10000,0                       
TEL,11162,S5,3498,1072,2944,4994,10000,0                       
TEL,11163,S5,3529,1073,2944,4994,10000,0                       
TEL,11164,S5,3498,1072,2944,4994,10000,0                       
TEL,11165,S5,3498,1072,2944,4994,10000,0                       
TEL,11166,S5,3529,1073,2944,4994,10000,0                       
TEL,11167,S5,3529,1073,2944,4994,10000,0                       
TEL,11168,S5,3529,1073,2944,4994,10000,0                       
TEL,11169,S5,3311,1065,2944,4994,10000,0                       
TEL,11170,S5,3529,1073,2944,4994,10000,0                       
TEL,11171,S5,3529,1073,2944,4994,10000,0                       
TEL,11172,S5,3529,1073,2944,4994,10000,0                       
TEL,11173,S5,3466,1071,2944,4994,10000,0                       
TEL,11174,S5,3529,1073,2944,4994,10000,0                       
TEL,11175,S5,3529,1073,2944,4994,10000,0                       
TEL,11176,S5,3498,1072,2944,4994,10000,0                       
TEL,11177,S5,3529,1073,2944,4994,10000,0                       
TEL,11178,S5,3498,1072,2944,4994,10000,0                       
TEL,11179,S5,3591,1075,2944,4994,10000,0                       
TEL,11180,S5,3498,1072,2944,4994,10000,0                       
TEL,11181,S5,3529,1073,2944,4994,10000,0                       
TEL,11182,S5,3498,1072,2944,4994,10000,0                       
TEL,11183,S5,3529,1073,2944,4994,10000,0                       
TEL,11184,S5,3498,1072,2944,4994,10000,0                       
TEL,11185,S5,3529,1073,2944,4994,10000,0                       
TEL,11186,S5,3498,1072,2944,4994,10000,0                       
TEL,11187,S5,3498,1072,2944,4994,10000,0                       
TEL,11188,S5,3498,1072,2944,4994,10000,0                       
TEL,11189,S5,3529,1073,2944,4994,10000,0                       
TEL,11190,S5,3498,1072,2944,4994,10000,0                       
TEL,11191,S5,3498,1072,2944,4994,10000,0                       
TEL,11192,S5,3529,1073,2944,4994,10000,0                       
TEL,11193,S5,3529,1073,2944,4994,10000,0                       
TEL,11194,S5,3529,1073,2944,4994,10000,0                       
TEL,11195,S5,3560,1074,2944,4994,10000,0                       
TEL,11196,S5,3529,1073,2944,4994,10000,0                       
BTN,86,S5,PRESSED,11197,249640190,249640208,249640209          
TEL,11198,S5,3498,1072,2944,5046,10000,0                       
TEL,11199,S5,3373,1068,2944,4994,10000,0                       
TEL,11200,S5,3529,1073,2944,4994,10000,0                       
TEL,11201,S5,3466,1071,2944,4994,10000,0                       
TEL,11202,S5,3498,1072,2944,4994,10000,0                       
TEL,11203,S5,3529,1073,2944,4994,10000,0                       
TEL,11204,S5,3498,1072,2944,4994,10000,0                       
TEL,11205,S5,3498,1072,2944,4994,10000,0                       
TEL,11206,S5,3529,1073,2944,4994,10000,0                       
TEL,11207,S5,3466,1071,2944,4994,10000,0                       
TEL,11208,S5,3498,1072,2944,4994,10000,0                       
TEL,11209,S5,3498,1072,2944,4994,10000,0                       
TEL,11210,S5,3529,1073,2944,4994,10000,0                       
TEL,11211,S5,3498,1072,2944,4994,10000,0                       
TEL,11212,S5,3498,1072,2944,4994,10000,0                       
TEL,11213,S5,3466,1071,2944,4994,10000,0                       
TEL,11214,S5,3529,1073,2944,4994,10000,0                       
TEL,11215,S5,3404,1069,2944,4994,10000,0                       
TEL,11216,S5,3529,1073,2944,4994,10000,0                       
TEL,11217,S5,3529,1073,2944,4994,10000,0                       
TEL,11218,S5,3529,1073,2944,4994,10000,0                       
TEL,11219,S5,3498,1072,2944,4994,10000,0                       
TEL,11220,S5,3529,1073,2944,4994,10000,0                       
TEL,11221,S5,3529,1073,2944,4994,10000,0                       
TEL,11222,S5,3466,1071,2944,4994,10000,0                       
TEL,11223,S5,3466,1071,2944,4994,10000,0                       
TEL,11224,S5,3466,1071,2944,4994,10000,0                       
TEL,11225,S5,3529,1073,2944,4994,10000,0                       
TEL,11226,S5,3529,1073,2944,4994,10000,0                       
TEL,11227,S5,3498,1072,2944,4994,10000,0                       
TEL,11228,S5,3498,1072,2944,4994,10000,0                       
TEL,11229,S5,3498,1072,2944,4994,10000,0                       
TEL,11230,S5,3498,1072,2944,4994,10000,0                       
TEL,11231,S5,3466,1071,2944,4994,10000,0                       
TEL,11232,S5,3466,1071,2944,4994,10000,0                       
TEL,11233,S5,3529,1073,2944,4994,10000,0                       
TEL,11234,S5,3529,1073,2944,4994,10000,0                       
TEL,11235,S5,3498,1072,2944,4994,10000,0                       
TEL,11236,S5,3498,1072,2944,4994,10000,0                       
TEL,11237,S5,3498,1072,2944,4994,10000,0                       
TEL,11238,S5,3498,1072,2944,4994,10000,0                       
TEL,11239,S5,3498,1072,2944,4994,10000,0                       
TEL,11240,S5,3466,1071,2944,4994,10000,0                       
TEL,11241,S5,3529,1073,2944,4994,10000,0                       
TEL,11242,S5,3529,1073,2944,4994,10000,0                       
TEL,11243,S5,3498,1072,2944,4994,10000,0                       
TEL,11244,S5,3529,1073,2944,4994,10000,0                       
TEL,11245,S5,3498,1072,2944,4994,10000,0                       
TEL,11246,S5,3529,1073,2944,4994,10000,0                       
TEL,11247,S5,3498,1072,2944,4994,10000,0                       
TEL,11248,S5,3591,1075,2944,4994,10000,0                       
TEL,11249,S5,3498,1072,2944,4994,10000,0                       
TEL,11250,S5,3529,1073,2944,4994,10000,0                       
TEL,11251,S5,3529,1073,2944,4994,10000,0                       
TEL,11252,S5,3529,1073,2944,4994,10000,0                       
TEL,11253,S5,3498,1072,2944,4994,10000,0                       
TEL,11254,S5,3529,1073,2944,4994,10000,0                       
TEL,11255,S5,3529,1073,2944,4994,10000,0                       
TEL,11256,S5,3498,1072,2944,4994,10000,0                       
TEL,11257,S5,3529,1073,2944,4994,10000,0                       
TEL,11258,S5,3466,1071,2944,4994,10000,0                       
TEL,11259,S5,3466,1071,2944,4994,10000,0                       
TEL,11260,S5,3498,1072,2944,4994,10000,0                       
TEL,11261,S5,3498,1072,2944,4994,10000,0                       
TEL,11262,S5,3529,1073,2944,4994,10000,0                       
TEL,11263,S5,3529,1073,2944,4994,10000,0                       
TEL,11264,S5,3466,1071,2944,4994,10000,0                       
TEL,11265,S5,3404,1069,2944,4994,10000,0                       
TEL,11266,S5,3498,1072,2944,4994,10000,0                       
TEL,11267,S5,3466,1071,2944,4994,10000,0                       
TEL,11268,S5,3529,1073,2944,4994,10000,0                       
TEL,11269,S5,3404,1069,2944,4994,10000,0                       
TEL,11270,S5,3529,1073,2944,4994,10000,0                       
TEL,11271,S5,3498,1072,2944,4994,10000,0                       
TEL,11272,S5,3498,1072,2944,4994,10000,0                       
TEL,11273,S5,3466,1071,2944,4994,10000,0                       
TEL,11274,S5,3498,1072,2944,4994,10000,0                       
TEL,11275,S5,3498,1072,2944,4994,10000,0                       
TEL,11276,S5,3529,1073,2944,4994,10000,0                       
TEL,11277,S5,3498,1072,2944,4994,10000,0                       
TEL,11278,S5,3498,1072,2944,4994,10000,0                       
TEL,11279,S5,3498,1072,2944,4994,10000,0                       
TEL,11280,S5,3466,1071,2944,4994,10000,0                       
TEL,11281,S5,3560,1074,2944,4994,10000,0                       
TEL,11282,S5,3529,1073,2944,4994,10000,0                       
TEL,11283,S5,3498,1072,2944,4994,10000,0                       
TEL,11284,S5,3529,1073,2944,4994,10000,0                       
TEL,11285,S5,3498,1072,2944,4994,10000,0                       
TEL,11286,S5,3529,1073,2944,4994,10000,0                       
TEL,11287,S5,3529,1073,2944,4994,10000,0                       
TEL,11288,S5,3404,1069,2944,4994,10000,0                       
TEL,11289,S5,3498,1072,2944,4994,10000,0                       
TEL,11290,S5,3529,1073,2944,4994,10000,0                       
TEL,11291,S5,3529,1073,2944,4994,10000,0                       
TEL,11292,S5,3529,1073,2944,4994,10000,0                       
TEL,11293,S5,3591,1075,2944,4994,10000,0                       
TEL,11294,S5,3466,1071,2944,4994,10000,0                       
TEL,11295,S5,3498,1072,2944,4994,10000,0                       
TEL,11296,S5,3529,1073,2944,4994,10000,0                       
TEL,11297,S5,3529,1073,2944,4994,10000,0                       
TEL,11298,S5,3466,1071,2944,4994,10000,0                       
TEL,11299,S5,3466,1071,2944,4994,10000,0                       
TEL,11300,S5,3529,1073,2944,4994,10000,0                       
TEL,11301,S5,3529,1073,2944,4994,10000,0                       
TEL,11302,S5,3498,1072,2944,4994,10000,0                       
TEL,11303,S5,3529,1073,2944,4994,10000,0                       
TEL,11304,S5,3498,1072,2944,4994,10000,0                       
TEL,11305,S5,3498,1072,2944,4994,10000,0                       
TEL,11306,S5,3498,1072,2944,4994,10000,0                       
TEL,11307,S5,3498,1072,2944,4994,10000,0                       
TEL,11308,S5,3466,1071,2944,4994,10000,0                       
TEL,11309,S5,3591,1075,2944,4994,10000,0                       
TEL,11310,S5,3498,1072,2944,4994,10000,0                       
TEL,11311,S5,3498,1072,2944,4994,10000,0                       
TEL,11312,S5,3529,1073,2944,4994,10000,0                       
TEL,11313,S5,3529,1073,2944,4994,10000,0                       
TEL,11314,S5,3498,1072,2944,4994,10000,0                       
TEL,11315,S5,3529,1073,2944,4994,10000,0                       
TEL,11316,S5,3498,1072,2944,4994,10000,0                       
TEL,11317,S5,3498,1072,2944,4994,10000,0                       
TEL,11318,S5,3529,1073,2944,4994,10000,0                       
TEL,11319,S5,3498,1072,2944,4994,10000,0                       
TEL,11320,S5,3404,1069,2944,4994,10000,0                       
TEL,11321,S5,3529,1073,2944,4994,10000,0                       
TEL,11322,S5,3498,1072,2944,4994,10000,0                       
TEL,11323,S5,3498,1072,2944,4994,10000,0                       
TEL,11324,S5,3529,1073,2944,4994,10000,0                       
TEL,11325,S5,3466,1071,2944,4994,10000,0                       
TEL,11326,S5,3529,1073,2944,4994,10000,0                       
TEL,11327,S5,3498,1072,2944,4994,10000,0                       
TEL,11328,S5,3498,1072,2944,4994,10000,0                       
TEL,11329,S5,3498,1072,2944,4994,10000,0                       
TEL,11330,S5,3435,1070,2944,4994,10000,0                       
TEL,11331,S5,3466,1071,2944,4994,10000,0                       
TEL,11332,S5,3529,1073,2944,4994,10000,0                       
TEL,11333,S5,3529,1073,2944,4994,10000,0                       
TEL,11334,S5,3498,1072,2944,4994,10000,0                       
TEL,11335,S5,3529,1073,2944,4994,10000,0                       
TEL,11336,S5,3404,1069,2944,4994,10000,0                       
TEL,11337,S5,3498,1072,2944,4994,10000,0                       
TEL,11338,S5,3435,1070,2944,4994,10000,0                       
TEL,11339,S5,3529,1073,2944,4994,10000,0                       
TEL,11340,S5,3529,1073,2944,4994,10000,0                       
TEL,11341,S5,3498,1072,2944,4994,10000,0                       
TEL,11342,S5,3529,1073,2944,4994,10000,0                       
TEL,11343,S5,3466,1071,2944,4994,10000,0                       
TEL,11344,S5,3498,1072,2944,4994,10000,0                       
TEL,11345,S5,3404,1069,2944,4994,10000,0                       
TEL,11346,S5,3498,1072,2944,4994,10000,0                       
TEL,11347,S5,3498,1072,2944,4994,10000,0                       
BTN,87,S5,PRESSED,11348,251148655,251148672,251148674          
TEL,11349,S5,3466,1071,2944,5052,10000,1                       
TEL,11350,S5,3466,1071,2944,5045,10002,0                       
TEL,11351,S5,3435,1070,2944,4994,9998,0                        
TEL,11352,S5,3529,1073,2944,4994,10000,0                       
TEL,11353,S5,3529,1073,2944,4994,10000,0                       
TEL,11354,S5,3529,1073,2944,4994,10000,0                       
TEL,11355,S5,3560,1074,2944,4994,10000,0                       
TEL,11356,S5,3498,1072,2944,4994,10000,0                       
TEL,11357,S5,3498,1072,2944,4994,10000,0                       
TEL,11358,S5,3498,1072,2944,4994,10000,0                       
TEL,11359,S5,3529,1073,2944,4994,10000,0                       
TEL,11360,S5,3404,1069,2944,4994,10000,0                       
TEL,11361,S5,3622,1076,2944,4994,10000,0                       
TEL,11362,S5,3498,1072,2944,4994,10000,0                       
TEL,11363,S5,3498,1072,2944,4994,10000,0                       
TEL,11364,S5,3529,1073,2944,4994,10000,0                       
TEL,11365,S5,3466,1071,2944,4994,10000,0                       
TEL,11366,S5,3498,1072,2944,4994,10000,0                       
TEL,11367,S5,3529,1073,2944,4994,10000,0                       
TEL,11368,S5,3498,1072,2944,4994,10000,0                       
TEL,11369,S5,3529,1073,2944,4994,10000,0                       
TEL,11370,S5,3498,1072,2944,4994,10000,0                       
TEL,11371,S5,3466,1071,2944,4994,10000,0                       
TEL,11372,S5,3529,1073,2944,4994,10000,0                       
TEL,11373,S5,3498,1072,2944,4994,10000,0                       
TEL,11374,S5,3498,1072,2944,4994,10000,0                       
TEL,11375,S5,3498,1072,2944,4994,10000,0                       
TEL,11376,S5,3529,1073,2944,4994,10000,0                       
TEL,11377,S5,3529,1073,2944,4994,10000,0                       
TEL,11378,S5,3498,1072,2944,4994,10000,0                       
TEL,11379,S5,3529,1073,2944,4994,10000,0                       
TEL,11380,S5,3529,1073,2944,4994,10000,0                       
TEL,11381,S5,3529,1073,2944,4994,10000,0                       
TEL,11382,S5,3529,1073,2944,4994,10000,0                       
TEL,11383,S5,3404,1069,2944,4994,10000,0                       
TEL,11384,S5,3498,1072,2944,4994,10000,0                       
TEL,11385,S5,3498,1072,2944,4994,10000,0                       
TEL,11386,S5,3529,1073,2944,4994,10000,0                       
TEL,11387,S5,3498,1072,2944,4994,10000,0                       
TEL,11388,S5,3466,1071,2944,4994,10000,0                       
TEL,11389,S5,3529,1073,2944,4994,10000,0                       
TEL,11390,S5,3529,1073,2944,4994,10000,0                       
TEL,11391,S5,3498,1072,2944,4994,10000,0                       
TEL,11392,S5,3498,1072,2944,4994,10000,0                       
TEL,11393,S5,3498,1072,2944,4994,10000,0                       
TEL,11394,S5,3529,1073,2944,4994,10000,0                       
TEL,11395,S5,3529,1073,2944,4994,10000,0                       
TEL,11396,S5,3529,1073,2944,4994,10000,0                       
TEL,11397,S5,3529,1073,2944,4994,10000,0                       
TEL,11398,S5,3529,1073,2944,4994,10000,0                       
TEL,11399,S5,3498,1072,2944,4994,10000,0                       
TEL,11400,S5,3529,1073,2944,4994,10000,0                       
TEL,11401,S5,3529,1073,2944,4994,10000,0                       
TEL,11402,S5,3529,1073,2944,4994,10000,0                       
TEL,11403,S5,3498,1072,2944,4994,10000,0                       
TEL,11404,S5,3498,1072,2944,4994,10000,0                       
TEL,11405,S5,3498,1072,2944,4994,10000,0                       
TEL,11406,S5,3498,1072,2944,4994,10000,0                       
TEL,11407,S5,3498,1072,2944,4994,10000,0                       
TEL,11408,S5,3529,1073,2944,4994,10000,0                       
TEL,11409,S5,3529,1073,2944,4994,10000,0                       
TEL,11410,S5,3498,1072,2944,4994,10000,0                       
TEL,11411,S5,3498,1072,2944,4994,10000,0                       
TEL,11412,S5,3529,1073,2944,4994,10000,0                       
TEL,11413,S5,3498,1072,2944,4994,10000,0                       
TEL,11414,S5,3591,1075,2944,4994,10000,0                       
TEL,11415,S5,3529,1073,2944,4994,10000,0                       
TEL,11416,S5,3498,1072,2944,4994,10000,0                       
TEL,11417,S5,3498,1072,2944,4994,10000,0                       
TEL,11418,S5,3529,1073,2944,4994,10000,0                       
TEL,11419,S5,3498,1072,2944,4994,10000,0                       
TEL,11420,S5,3498,1072,2944,4994,10000,0                       
TEL,11421,S5,3466,1071,2944,4994,10000,0                       
TEL,11422,S5,3529,1073,2944,4994,10000,0                       
TEL,11423,S5,3466,1071,2944,4994,10000,0                       
TEL,11424,S5,3529,1073,2944,4994,10000,0                       
TEL,11425,S5,3498,1072,2944,4994,10000,0                       
TEL,11426,S5,3529,1073,2944,4994,10000,0                       
TEL,11427,S5,3529,1073,2944,4994,10000,0                       
TEL,11428,S5,3529,1073,2944,4994,10000,0                       
TEL,11429,S5,3498,1072,2944,4994,10000,0                       
TEL,11430,S5,3498,1072,2944,4994,10000,0                       
TEL,11431,S5,3529,1073,2944,4994,10000,0                       
TEL,11432,S5,3622,1076,2944,4994,10000,0                       
TEL,11433,S5,3529,1073,2944,4994,10000,0                       
TEL,11434,S5,3466,1071,2944,4994,10000,0                       
TEL,11435,S5,3498,1072,2944,4994,10000,0                       
TEL,11436,S5,3591,1075,2944,4994,10000,0                       
TEL,11437,S5,3529,1073,2944,4994,10000,0                       
TEL,11438,S5,3529,1073,2944,4994,10000,0                       
TEL,11439,S5,3498,1072,2944,4994,10000,0                       
TEL,11440,S5,3466,1071,2944,4994,10000,0                       
TEL,11441,S5,3529,1073,2944,4994,10000,0                       
TEL,11442,S5,3529,1073,2944,4994,10000,0                       
TEL,11443,S5,3529,1073,2944,4994,10000,0                       
TEL,11444,S5,3529,1073,2944,4994,10000,0                       
TEL,11445,S5,3498,1072,2944,4994,10000,0                       
TEL,11446,S5,3498,1072,2944,4994,10000,0                       
TEL,11447,S5,3498,1072,2944,4994,10000,0                       
TEL,11448,S5,3529,1073,2944,4994,10000,0                       
TEL,11449,S5,3529,1073,2944,4994,10000,0                       
TEL,11450,S5,3466,1071,2944,4994,10000,0                       
TEL,11451,S5,3498,1072,2944,4994,10000,0                       
TEL,11452,S5,3404,1069,2944,4994,10000,0                       
TEL,11453,S5,3498,1072,2944,4994,10000,0                       
TEL,11454,S5,3591,1075,2944,4994,10000,0                       
TEL,11455,S5,3498,1072,2944,4994,10000,0                       
TEL,11456,S5,3591,1075,2944,4994,10000,0                       
TEL,11457,S5,3622,1076,2944,4994,10000,0                       
TEL,11458,S5,3498,1072,2944,4994,10000,0                       
TEL,11459,S5,3622,1076,2944,4994,10000,0                       
TEL,11460,S5,3622,1076,2944,4994,10000,0                       
TEL,11461,S5,3529,1073,2944,4994,10000,0                       
TEL,11462,S5,3498,1072,2944,4994,10000,0                       
TEL,11463,S5,3498,1072,2944,4994,10000,0                       
TEL,11464,S5,3466,1071,2944,4994,10000,0                       
TEL,11465,S5,3466,1071,2944,4994,10000,0                       
TEL,11466,S5,3498,1072,2944,4994,10000,0                       
TEL,11467,S5,3529,1073,2944,4994,10000,0                       
TEL,11468,S5,3529,1073,2944,4994,10000,0                       
TEL,11469,S5,3529,1073,2944,4994,10000,0                       
TEL,11470,S5,3529,1073,2944,4994,10000,0                       
TEL,11471,S5,3529,1073,2944,4994,10000,0                       
TEL,11472,S5,3529,1073,2944,4994,10000,0                       
TEL,11473,S5,3498,1072,2944,4994,10000,0                       
TEL,11474,S5,3498,1072,2944,4994,10000,0                       
TEL,11475,S5,3498,1072,2944,4994,10000,0                       
TEL,11476,S5,3529,1073,2944,4994,10000,0                       
TEL,11477,S5,3498,1072,2944,4994,10000,0                       
TEL,11478,S5,3466,1071,2944,4994,10000,0                       
TEL,11479,S5,3498,1072,2944,4994,10000,0                       
TEL,11480,S5,3498,1072,2944,4994,10000,0                       
TEL,11481,S5,3529,1073,2944,4994,10000,0                       
TEL,11482,S5,3529,1073,2944,4994,10000,0                       
TEL,11483,S5,3529,1073,2944,4994,10000,0                       
TEL,11484,S5,3498,1072,2944,4994,10000,0                       
TEL,11485,S5,3529,1073,2944,4994,10000,0                       
TEL,11486,S5,3466,1071,2944,4994,10000,0                       
TEL,11487,S5,3529,1073,2944,4994,10000,0                       
TEL,11488,S5,3498,1072,2944,4994,10000,0                       
TEL,11489,S5,3498,1072,2944,4994,10000,0                       
TEL,11490,S5,3498,1072,2944,4994,10000,0                       
TEL,11491,S5,3498,1072,2944,4994,10000,0                       
TEL,11492,S5,3498,1072,2944,4994,10000,0                       
TEL,11493,S5,3498,1072,2944,4994,10000,0                       
TEL,11494,S5,3498,1072,2944,4994,10000,0                       
TEL,11495,S5,3498,1072,2944,4994,10000,0                       
TEL,11496,S5,3529,1073,2944,4994,10000,0                       
BTN,88,S5,PRESSED,11497,252628364,252628382,252628384          
TEL,11498,S5,3529,1073,2944,5052,10000,1                       
TEL,11499,S5,3529,1073,2944,5044,10000,0                       
TEL,11500,S5,3622,1076,2944,4994,10000,0                       
TEL,11501,S5,3622,1076,2944,4994,10000,0                       
TEL,11502,S5,3529,1073,2944,4994,10000,0                       
TEL,11503,S5,3466,1071,2944,4994,10000,0                       
TEL,11504,S5,3498,1072,2944,4994,10000,0                       
TEL,11505,S5,3529,1073,2944,4994,10000,0                       
TEL,11506,S5,3498,1072,2944,4994,10000,0                       
TEL,11507,S5,3529,1073,2944,4994,10000,0                       
TEL,11508,S5,3466,1071,2944,4994,10000,0                       
TEL,11509,S5,3529,1073,2944,4994,10000,0                       
TEL,11510,S5,3529,1073,2944,4994,10000,0                       
TEL,11511,S5,3498,1072,2944,4994,10000,0                       
TEL,11512,S5,3498,1072,2944,5008,10000,0                       
TEL,11513,S5,3560,1074,2944,4994,10000,0                       
TEL,11514,S5,3529,1073,2944,4994,10000,0                       
TEL,11515,S5,3529,1073,2944,4994,10000,0                       
TEL,11516,S5,3404,1069,2944,4994,10000,0                       
TEL,11517,S5,3466,1071,2944,4994,10000,0                       
TEL,11518,S5,3466,1071,2944,4994,10000,0                       
TEL,11519,S5,3498,1072,2944,4994,10000,0                       
TEL,11520,S5,3498,1072,2944,4994,10000,0                       
TEL,11521,S5,3498,1072,2944,4994,10000,0                       
TEL,11522,S5,3622,1076,2944,4994,10000,0                       
TEL,11523,S5,3498,1072,2944,4994,10000,0                       
TEL,11524,S5,3529,1073,2944,4994,10000,0                       
TEL,11525,S5,3622,1076,2944,4994,10000,0                       
TEL,11526,S5,3498,1072,2944,4994,10000,0                       
TEL,11527,S5,3529,1073,2944,4994,10000,0                       
TEL,11528,S5,3498,1072,2944,4994,10000,0                       
TEL,11529,S5,3498,1072,2944,4994,10000,0                       
TEL,11530,S5,3466,1071,2944,4994,10000,0                       
TEL,11531,S5,3466,1071,2944,4994,10000,0                       
TEL,11532,S5,3529,1073,2944,4994,10000,0                       
TEL,11533,S5,3498,1072,2944,4994,10000,0                       
TEL,11534,S5,3466,1071,2944,4994,10000,0                       
TEL,11535,S5,3529,1073,2944,4994,10000,0                       
TEL,11536,S5,3498,1072,2944,4994,10000,0                       
TEL,11537,S5,3529,1073,2944,4994,10000,0                       
TEL,11538,S5,3404,1069,2944,4994,10000,0                       
TEL,11539,S5,3498,1072,2944,4994,10000,0                       
TEL,11540,S5,3466,1071,2944,4994,10000,0                       
TEL,11541,S5,3404,1069,2944,4994,10000,0                       
TEL,11542,S5,3466,1071,2944,4994,10000,0                       
TEL,11543,S5,3529,1073,2944,4994,10000,0                       
TEL,11544,S5,3498,1072,2944,4994,10000,0                       
TEL,11545,S5,3529,1073,2944,4994,10000,0                       
TEL,11546,S5,3466,1071,2944,4994,10000,0                       
TEL,11547,S5,3498,1072,2944,4994,10000,0                       
TEL,11548,S5,3498,1072,2944,4994,10000,0                       
TEL,11549,S5,3529,1073,2944,4994,10000,0                       
TEL,11550,S5,3466,1071,2944,4994,10000,0                       
TEL,11551,S5,3498,1072,2944,4994,10000,0                       
TEL,11552,S5,3466,1071,2944,4994,10000,0                       
TEL,11553,S5,3498,1072,2944,4994,10000,0                       
TEL,11554,S5,3498,1072,2944,4994,10000,0                       
TEL,11555,S5,3498,1072,2944,4994,10000,0                       
TEL,11556,S5,3498,1072,2944,4994,10000,0                       
TEL,11557,S5,3498,1072,2944,4994,10000,0                       
TEL,11558,S5,3498,1072,2944,4994,10000,0                       
TEL,11559,S5,3466,1071,2944,4994,10000,0                       
TEL,11560,S5,3529,1073,2944,4994,10000,0                       
TEL,11561,S5,3435,1070,2944,4994,10000,0                       
TEL,11562,S5,3466,1071,2944,4994,10000,0                       
TEL,11563,S5,3498,1072,2944,4994,10000,0                       
TEL,11564,S5,3498,1072,2944,4994,10000,0                       
TEL,11565,S5,3498,1072,2944,4994,10000,0                       
TEL,11566,S5,3498,1072,2944,4994,10000,0                       
TEL,11567,S5,3529,1073,2944,4994,10000,0                       
TEL,11568,S5,3498,1072,2944,4994,10000,0                       
TEL,11569,S5,3529,1073,2944,4994,10000,0                       
TEL,11570,S5,3498,1072,2944,4994,10000,0                       
TEL,11571,S5,3529,1073,2944,4994,10000,0                       
TEL,11572,S5,3529,1073,2944,4994,10000,0                       
TEL,11573,S5,3529,1073,2944,4994,10000,0                       
TEL,11574,S5,3466,1071,2944,4994,10000,0                       
TEL,11575,S5,3622,1076,2944,4994,10000,0                       
TEL,11576,S5,3529,1073,2944,4994,10000,0                       
TEL,11577,S5,3529,1073,2944,4994,10000,0                       
TEL,11578,S5,3529,1073,2944,4994,10000,0                       
TEL,11579,S5,3466,1071,2944,4994,10000,0                       
TEL,11580,S5,3498,1072,2944,4994,10000,0                       
TEL,11581,S5,3498,1072,2944,4994,10000,0                       
TEL,11582,S5,3498,1072,2944,4994,10000,0                       
TEL,11583,S5,3529,1073,2944,4994,10000,0                       
TEL,11584,S5,3529,1073,2944,4994,10000,0                       
TEL,11585,S5,3466,1071,2944,4994,10000,0                       
TEL,11586,S5,3498,1072,2944,4994,10000,0                       
TEL,11587,S5,3529,1073,2944,4994,10000,0                       
TEL,11588,S5,3498,1072,2944,4994,10000,0                       
TEL,11589,S5,3529,1073,2944,4994,10000,0                       
TEL,11590,S5,3529,1073,2944,4994,10000,0                       
TEL,11591,S5,3498,1072,2944,4994,10000,0                       
TEL,11592,S5,3498,1072,2944,4994,10000,0                       
TEL,11593,S5,3529,1073,2944,4994,10000,0                       
TEL,11594,S5,3466,1071,2944,4994,10000,0                       
TEL,11595,S5,3498,1072,2944,4994,10000,0                       
TEL,11596,S5,3498,1072,2944,4994,10000,0                       
TEL,11597,S5,3498,1072,2944,4994,10000,0                       
TEL,11598,S5,3529,1073,2944,4994,10000,0                       
TEL,11599,S5,3529,1073,2944,4994,10000,0                       
TEL,11600,S5,3498,1072,2944,4994,10000,0                       
TEL,11601,S5,3498,1072,2944,4994,10000,0                       
TEL,11602,S5,3529,1073,2944,4994,10000,0                       
TEL,11603,S5,3498,1072,2944,4994,10000,0                       
TEL,11604,S5,3466,1071,2944,4994,10000,0                       
TEL,11605,S5,3529,1073,2944,4994,10000,0                       
TEL,11606,S5,3529,1073,2944,4994,10000,0                       
TEL,11607,S5,3498,1072,2944,4994,10000,0                       
TEL,11608,S5,3404,1069,2944,4994,10000,0                       
TEL,11609,S5,3466,1071,2944,4994,10000,0                       
TEL,11610,S5,3466,1071,2944,4994,10000,0                       
TEL,11611,S5,3498,1072,2944,4994,10000,0                       
TEL,11612,S5,3498,1072,2944,4994,10000,0                       
TEL,11613,S5,3529,1073,2944,4994,10000,0                       
TEL,11614,S5,3498,1072,2944,4994,10000,0                       
TEL,11615,S5,3529,1073,2944,4994,10000,0                       
TEL,11616,S5,3466,1071,2944,4994,10000,0                       
TEL,11617,S5,3466,1071,2944,4994,10000,0                       
TEL,11618,S5,3498,1072,2944,4994,10000,0                       
TEL,11619,S5,3404,1069,2944,4994,10000,0                       
TEL,11620,S5,3498,1072,2944,4994,10000,0                       
TEL,11621,S5,3498,1072,2944,4994,10000,0                       
TEL,11622,S5,3498,1072,2944,4994,10000,0                       
TEL,11623,S5,3529,1073,2944,4994,10000,0                       
TEL,11624,S5,3529,1073,2944,4994,10000,0                       
TEL,11625,S5,3529,1073,2944,4994,10000,0                       
TEL,11626,S5,3529,1073,2944,4994,10000,0                       
TEL,11627,S5,3560,1074,2944,4994,10000,0                       
TEL,11628,S5,3529,1073,2944,4994,10000,0                       
TEL,11629,S5,3529,1073,2944,4994,10000,0                       
TEL,11630,S5,3404,1069,2944,4994,10000,0                       
TEL,11631,S5,3498,1072,2944,4994,10000,0                       
TEL,11632,S5,3529,1073,2944,4994,10000,0                       
TEL,11633,S5,3529,1073,2944,4994,10000,0                       
TEL,11634,S5,3466,1071,2944,4994,10000,0                       
TEL,11635,S5,3529,1073,2944,4994,10000,0                       
BTN,89,S5,PRESSED,11636,254002093,254002114,254002115          
TEL,11637,S5,3529,1073,2944,5044,10000,0                       
TEL,11638,S5,3373,1068,2944,4994,10000,0                       
TEL,11639,S5,3404,1069,2944,4994,10000,0                       
TEL,11640,S5,3529,1073,2944,4994,10000,0                       
TEL,11641,S5,3529,1073,2944,4994,10000,0                       
TEL,11642,S5,3529,1073,2944,4994,10000,0                       
TEL,11643,S5,3560,1074,2944,4994,10000,0                       
TEL,11644,S5,3529,1073,2944,4994,10000,0                       
TEL,11645,S5,3529,1073,2944,4994,10000,0                       
TEL,11646,S5,3529,1073,2944,4994,10000,0                       
TEL,11647,S5,3498,1072,2944,4994,10000,0                       
TEL,11648,S5,3498,1072,2944,4994,10000,0                       
TEL,11649,S5,3466,1071,2944,4994,10000,0                       
TEL,11650,S5,3529,1073,2944,4994,10000,0                       
TEL,11651,S5,3529,1073,2944,4994,10000,0                       
TEL,11652,S5,3529,1073,2944,4994,10000,0                       
TEL,11653,S5,3498,1072,2944,4994,10000,0                       
TEL,11654,S5,3529,1073,2944,4994,10000,0                       
TEL,11655,S5,3498,1072,2944,4994,10000,0                       
TEL,11656,S5,3529,1073,2944,4994,10000,0                       
TEL,11657,S5,3498,1072,2944,4994,10000,0                       
TEL,11658,S5,3529,1073,2944,4994,10000,0                       
TEL,11659,S5,3466,1071,2944,4994,10000,0                       
TEL,11660,S5,3466,1071,2944,4994,10000,0                       
TEL,11661,S5,3529,1073,2944,4994,10000,0                       
TEL,11662,S5,3498,1072,2944,4994,10000,0                       
TEL,11663,S5,3529,1073,2944,4994,10000,0                       
TEL,11664,S5,3529,1073,2944,4994,10000,0                       
TEL,11665,S5,3466,1071,2944,4994,10000,0                       
TEL,11666,S5,3435,1070,2944,4994,10000,0                       
TEL,11667,S5,3498,1072,2944,4994,10000,0                       
TEL,11668,S5,3529,1073,2944,4994,10000,0                       
TEL,11669,S5,3529,1073,2944,4994,10000,0                       
TEL,11670,S5,3529,1073,2944,4994,10000,0                       
TEL,11671,S5,3498,1072,2944,4994,10000,0                       
TEL,11672,S5,3466,1071,2944,4994,10000,0                       
TEL,11673,S5,3404,1069,2944,4994,10000,0                       
TEL,11674,S5,3529,1073,2944,4994,10000,0                       
TEL,11675,S5,3498,1072,2944,4994,10000,0                       
TEL,11676,S5,3466,1071,2944,4994,10000,0                       
TEL,11677,S5,3498,1072,2944,4994,10000,0                       
TEL,11678,S5,3529,1073,2944,4994,10000,0                       
TEL,11679,S5,3529,1073,2944,4994,10000,0                       
TEL,11680,S5,3466,1071,2944,4994,10000,0                       
TEL,11681,S5,3529,1073,2944,4994,10000,0                       
TEL,11682,S5,3498,1072,2944,4994,10000,0                       
TEL,11683,S5,3498,1072,2944,4994,10000,0                       
TEL,11684,S5,3435,1070,2944,4994,10000,0                       
TEL,11685,S5,3466,1071,2944,4994,10000,0                       
TEL,11686,S5,3466,1071,2944,4994,10000,0                       
TEL,11687,S5,3404,1069,2944,4994,10000,0                       
TEL,11688,S5,3311,1065,2944,4994,10000,0                       
TEL,11689,S5,3498,1072,2944,4994,10000,0                       
TEL,11690,S5,3498,1072,2944,4994,10000,0                       
TEL,11691,S5,3498,1072,2944,4994,10000,0                       
TEL,11692,S5,3529,1073,2944,4994,10000,0                       
TEL,11693,S5,3529,1073,2944,4994,10000,0                       
TEL,11694,S5,3529,1073,2944,4994,10000,0                       
TEL,11695,S5,3466,1071,2944,4994,10000,0                       
TEL,11696,S5,3466,1071,2944,4994,10000,0                       
TEL,11697,S5,3529,1073,2944,4994,10000,0                       
TEL,11698,S5,3529,1073,2944,4994,10000,0                       
TEL,11699,S5,3498,1072,2944,4994,10000,0                       
TEL,11700,S5,3529,1073,2944,4994,10000,0                       
TEL,11701,S5,3466,1071,2944,4994,10000,0                       
TEL,11702,S5,3529,1073,2944,4994,10000,0                       
TEL,11703,S5,3529,1073,2944,4994,10000,0                       
TEL,11704,S5,3498,1072,2944,4994,10000,0                       
TEL,11705,S5,3529,1073,2944,4994,10000,0                       
TEL,11706,S5,3498,1072,2944,4994,10000,0                       
TEL,11707,S5,3529,1073,2944,4994,10000,0                       
TEL,11708,S5,3529,1073,2944,4994,10000,0                       
TEL,11709,S5,3529,1073,2944,4994,10000,0                       
TEL,11710,S5,3529,1073,2944,4994,10000,0                       
TEL,11711,S5,3466,1071,2944,4994,10000,0                       
TEL,11712,S5,3529,1073,2944,4994,10000,0                       
TEL,11713,S5,3529,1073,2944,4994,10000,0                       
TEL,11714,S5,3529,1073,2944,4994,10000,0                       
TEL,11715,S5,3498,1072,2944,4994,10000,0                       
TEL,11716,S5,3529,1073,2944,4994,10000,0                       
TEL,11717,S5,3529,1073,2944,4994,10000,0                       
TEL,11718,S5,3498,1072,2944,4994,10000,0                       
TEL,11719,S5,3529,1073,2944,4994,10000,0                       
TEL,11720,S5,3498,1072,2944,4994,10000,0                       
TEL,11721,S5,3498,1072,2944,4994,10000,0                       
TEL,11722,S5,3529,1073,2944,4994,10000,0                       
TEL,11723,S5,3498,1072,2944,4994,10000,0                       
TEL,11724,S5,3529,1073,2944,4994,10000,0                       
TEL,11725,S5,3466,1071,2944,4994,10000,0                       
TEL,11726,S5,3529,1073,2944,4994,10000,0                       
TEL,11727,S5,3529,1073,2944,4994,10000,0                       
TEL,11728,S5,3498,1072,2944,4994,10000,0                       
TEL,11729,S5,3529,1073,2944,4994,10000,0                       
TEL,11730,S5,3529,1073,2944,4994,10000,0                       
TEL,11731,S5,3498,1072,2944,4994,10000,0                       
TEL,11732,S5,3498,1072,2944,4994,10000,0                       
TEL,11733,S5,3529,1073,2944,4994,10000,0                       
TEL,11734,S5,3529,1073,2944,4994,10000,0                       
TEL,11735,S5,3498,1072,2944,4994,10000,0                       
TEL,11736,S5,3529,1073,2944,4994,10000,0                       
TEL,11737,S5,3498,1072,2944,4994,10000,0                       
TEL,11738,S5,3498,1072,2944,4994,10000,0                       
TEL,11739,S5,3435,1070,2944,4994,10000,0                       
TEL,11740,S5,3498,1072,2944,4994,10000,0                       
TEL,11741,S5,3529,1073,2944,4994,10000,0                       
TEL,11742,S5,3498,1072,2944,4994,10000,0                       
TEL,11743,S5,3529,1073,2944,4994,10000,0                       
TEL,11744,S5,3529,1073,2944,4994,10000,0                       
TEL,11745,S5,3498,1072,2944,4994,10000,0                       
TEL,11746,S5,3622,1076,2944,4994,10000,0                       
TEL,11747,S5,3498,1072,2944,4994,10000,0                       
TEL,11748,S5,3529,1073,2944,4994,10000,0                       
TEL,11749,S5,3498,1072,2944,4994,10000,0                       
TEL,11750,S5,3466,1071,2944,4994,10000,0                       
TEL,11751,S5,3498,1072,2944,4994,10000,0                       
TEL,11752,S5,3529,1073,2944,4994,10000,0                       
TEL,11753,S5,3466,1071,2944,4994,10000,0                       
TEL,11754,S5,3529,1073,2944,4994,10000,0                       
TEL,11755,S5,3404,1069,2944,4994,10000,0                       
TEL,11756,S5,3529,1073,2944,4994,10000,0                       
TEL,11757,S5,3498,1072,2944,4994,10000,0                       
TEL,11758,S5,3498,1072,2944,4994,10000,0                       
TEL,11759,S5,3529,1073,2944,4994,10000,0                       
TEL,11760,S5,3498,1072,2944,4994,10000,0                       
TEL,11761,S5,3498,1072,2944,4994,10000,0                       
TEL,11762,S5,3529,1073,2944,4994,10000,0                       
TEL,11763,S5,3498,1072,2944,4994,10000,0                       
TEL,11764,S5,3529,1073,2944,4994,10000,0                       
TEL,11765,S5,3498,1072,2944,4994,10000,0                       
TEL,11766,S5,3529,1073,2944,4994,10000,0                       
TEL,11767,S5,3529,1073,2944,4994,10000,0                       
TEL,11768,S5,3529,1073,2944,4994,10000,0                       
TEL,11769,S5,3404,1069,2944,4994,10000,0                       
TEL,11770,S5,3529,1073,2944,4994,10000,0                       
TEL,11771,S5,3498,1072,2944,4994,10000,0                       
TEL,11772,S5,3529,1073,2944,4994,10000,0                       
TEL,11773,S5,3529,1073,2944,4994,10000,0                       
TEL,11774,S5,3529,1073,2944,4994,10000,0                       
TEL,11775,S5,3529,1073,2944,4994,10000,0                       
TEL,11776,S5,3529,1073,2944,4994,10000,0                       
TEL,11777,S5,3529,1073,2944,4994,10000,0                       
TEL,11778,S5,3498,1072,2944,4994,10000,0                       
TEL,11779,S5,3498,1072,2944,4994,10000,0                       
TEL,11780,S5,3498,1072,2944,4994,10000,0                       
TEL,11781,S5,3529,1073,2944,4994,10000,0                       
TEL,11782,S5,3529,1073,2944,4994,10000,0                       
TEL,11783,S5,3529,1073,2944,4994,10000,0                       
TEL,11784,S5,3529,1073,2944,4994,10000,0                       
TEL,11785,S5,3466,1071,2944,4994,10000,0                       
TEL,11786,S5,3529,1073,2944,4994,10000,0                       
TEL,11787,S5,3498,1072,2944,4994,10000,0                       
TEL,11788,S5,3529,1073,2944,4994,10000,0                       
TEL,11789,S5,3529,1073,2944,4994,10000,0                       
TEL,11790,S5,3498,1072,2944,4994,10000,0                       
TEL,11791,S5,3529,1073,2944,4994,10000,0                       
TEL,11792,S5,3498,1072,2944,4994,10000,0                       
TEL,11793,S5,3529,1073,2944,4994,10000,0                       
TEL,11794,S5,3498,1072,2944,4994,10000,0                       
TEL,11795,S5,3529,1073,2944,4994,10000,0                       
TEL,11796,S5,3529,1073,2944,4994,10000,0                       
BTN,90,S5,PRESSED,11797,255604602,255604619,255604621          
TEL,11798,S5,3466,1071,2944,5143,10003,0                       
TEL,11799,S5,3529,1073,2944,4994,9997,0                        
TEL,11800,S5,3529,1073,2944,4994,10000,0                       
TEL,11801,S5,3498,1072,2944,4994,10000,0                       
TEL,11802,S5,3466,1071,2944,4994,10000,0                       
TEL,11803,S5,3529,1073,2944,4994,10000,0                       
TEL,11804,S5,3498,1072,2944,4994,10000,0                       
TEL,11805,S5,3529,1073,2944,4994,10000,0                       
TEL,11806,S5,3498,1072,2944,4994,10000,0                       
TEL,11807,S5,3529,1073,2944,4994,10000,0                       
TEL,11808,S5,3498,1072,2944,4994,10000,0                       
TEL,11809,S5,3529,1073,2944,4994,10000,0                       
TEL,11810,S5,3591,1075,2944,5018,10000,0                       
TEL,11811,S5,3560,1074,2944,4994,10000,0                       
TEL,11812,S5,3466,1071,2944,4994,10000,0                       
TEL,11813,S5,3529,1073,2944,4994,10000,0                       
TEL,11814,S5,3404,1069,2944,4994,10000,0                       
TEL,11815,S5,3435,1070,2944,4994,10000,0                       
TEL,11816,S5,3529,1073,2944,4994,10000,0                       
TEL,11817,S5,3498,1072,2944,4994,10000,0                       
TEL,11818,S5,3498,1072,2944,4994,10000,0                       
TEL,11819,S5,3498,1072,2944,4994,10000,0                       
TEL,11820,S5,3498,1072,2944,4994,10000,0                       
TEL,11821,S5,3498,1072,2944,4994,10000,0                       
TEL,11822,S5,3529,1073,2944,4994,10000,0                       
TEL,11823,S5,3466,1071,2944,4994,10000,0                       
TEL,11824,S5,3529,1073,2944,4994,10000,0                       
TEL,11825,S5,3529,1073,2944,4994,10000,0                       
TEL,11826,S5,3529,1073,2944,4994,10000,0                       
TEL,11827,S5,3498,1072,2944,4994,10000,0                       
TEL,11828,S5,3498,1072,2944,4994,10000,0                       
TEL,11829,S5,3529,1073,2944,4994,10000,0                       
TEL,11830,S5,3529,1073,2944,4994,10000,0                       
TEL,11831,S5,3466,1071,2944,4994,10000,0                       
TEL,11832,S5,3498,1072,2944,4994,10000,0                       
TEL,11833,S5,3466,1071,2944,4994,10000,0                       
TEL,11834,S5,3498,1072,2944,4994,10000,0                       
TEL,11835,S5,3498,1072,2944,4994,10000,0                       
TEL,11836,S5,3529,1073,2944,4994,10000,0                       
TEL,11837,S5,3529,1073,2944,4994,10000,0                       
TEL,11838,S5,3342,1067,2944,4994,10000,0                       
TEL,11839,S5,3373,1068,2944,4994,10000,0                       
TEL,11840,S5,3498,1072,2944,4994,10000,0                       
TEL,11841,S5,3404,1069,2944,4994,10000,0                       
TEL,11842,S5,3404,1069,2944,4994,10000,0                       
TEL,11843,S5,3404,1069,2944,4994,10000,0                       
TEL,11844,S5,3498,1072,2944,4994,10000,0                       
TEL,11845,S5,3529,1073,2944,4994,10000,0                       
TEL,11846,S5,3529,1073,2944,4994,10000,0                       
TEL,11847,S5,3498,1072,2944,4994,10000,0                       
TEL,11848,S5,3498,1072,2944,4994,10000,0                       
TEL,11849,S5,3466,1071,2944,4994,10000,0                       
TEL,11850,S5,3529,1073,2944,4994,10000,0                       
TEL,11851,S5,3435,1070,2944,4994,10000,0                       
TEL,11852,S5,3466,1071,2944,4994,10000,0                       
TEL,11853,S5,3529,1073,2944,4994,10000,0                       
TEL,11854,S5,3529,1073,2944,4994,10000,0                       
TEL,11855,S5,3498,1072,2944,4994,10000,0                       
TEL,11856,S5,3311,1065,2944,4994,10000,0                       
TEL,11857,S5,3529,1073,2944,4994,10000,0                       
TEL,11858,S5,3529,1073,2944,4994,10000,0                       
TEL,11859,S5,3529,1073,2944,4994,10000,0                       
TEL,11860,S5,3466,1071,2944,4994,10000,0                       
TEL,11861,S5,3498,1072,2944,4994,10000,0                       
TEL,11862,S5,3498,1072,2944,4994,10000,0                       
TEL,11863,S5,3529,1073,2944,4994,10000,0                       
TEL,11864,S5,3466,1071,2944,4994,10000,0                       
TEL,11865,S5,3498,1072,2944,4994,10000,0                       
TEL,11866,S5,3466,1071,2944,4994,10000,0                       
TEL,11867,S5,3529,1073,2944,4994,10000,0                       
TEL,11868,S5,3498,1072,2944,4994,10000,0                       
TEL,11869,S5,3466,1071,2944,4994,10000,0                       
TEL,11870,S5,3498,1072,2944,4994,10000,0                       
TEL,11871,S5,3466,1071,2944,4994,10000,0                       
TEL,11872,S5,3498,1072,2944,4994,10000,0                       
TEL,11873,S5,3529,1073,2944,4994,10000,0                       
TEL,11874,S5,3529,1073,2944,4994,10000,0                       
TEL,11875,S5,3466,1071,2944,4994,10000,0                       
TEL,11876,S5,3498,1072,2944,4994,10000,0                       
TEL,11877,S5,3466,1071,2944,4994,10000,0                       
TEL,11878,S5,3466,1071,2944,4994,10000,0                       
TEL,11879,S5,3529,1073,2944,4994,10000,0                       
TEL,11880,S5,3466,1071,2944,4994,10000,0                       
TEL,11881,S5,3466,1071,2944,4994,10000,0                       
TEL,11882,S5,3404,1069,2944,4994,10000,0                       
TEL,11883,S5,3591,1075,2944,4994,10000,0                       
TEL,11884,S5,3404,1069,2944,4994,10000,0                       
TEL,11885,S5,3498,1072,2944,4994,10000,0                       
TEL,11886,S5,3498,1072,2944,4994,10000,0                       
TEL,11887,S5,3498,1072,2944,4994,10000,0                       
TEL,11888,S5,3466,1071,2944,4994,10000,0                       
TEL,11889,S5,3529,1073,2944,4994,10000,0                       
TEL,11890,S5,3466,1071,2944,4994,10000,0                       
TEL,11891,S5,3498,1072,2944,4994,10000,0                       
TEL,11892,S5,3529,1073,2944,4994,10000,0                       
TEL,11893,S5,3498,1072,2944,4994,10000,0                       
TEL,11894,S5,3466,1071,2944,4994,10000,0                       
TEL,11895,S5,3529,1073,2944,4994,10000,0                       
TEL,11896,S5,3498,1072,2944,4994,10000,0                       
TEL,11897,S5,3529,1073,2944,4994,10000,0                       
TEL,11898,S5,3466,1071,2944,4994,10000,0                       
TEL,11899,S5,3435,1070,2944,4994,10000,0                       
TEL,11900,S5,3466,1071,2944,4994,10000,0                       
TEL,11901,S5,3498,1072,2944,4994,10000,0                       
TEL,11902,S5,3529,1073,2944,4994,10000,0                       
TEL,11903,S5,3529,1073,2944,4994,10000,0                       
TEL,11904,S5,3498,1072,2944,4994,10000,0                       
TEL,11905,S5,3529,1073,2944,4994,10000,0                       
TEL,11906,S5,3498,1072,2944,4994,10000,0                       
TEL,11907,S5,3529,1073,2944,4994,10000,0                       
TEL,11908,S5,3498,1072,2944,4994,10000,0                       
TEL,11909,S5,3529,1073,2944,4994,10000,0                       
TEL,11910,S5,3529,1073,2944,4994,10000,0                       
TEL,11911,S5,3529,1073,2944,4994,10000,0                       
TEL,11912,S5,3498,1072,2944,4994,10000,0                       
TEL,11913,S5,3529,1073,2944,4994,10000,0                       
TEL,11914,S5,3498,1072,2944,4994,10000,0                       
TEL,11915,S5,3529,1073,2944,4994,10000,0                       
TEL,11916,S5,3498,1072,2944,4994,10000,0                       
TEL,11917,S5,3529,1073,2944,4994,10000,0                       
TEL,11918,S5,3529,1073,2944,4994,10000,0                       
TEL,11919,S5,3529,1073,2944,4994,10000,0                       
TEL,11920,S5,3498,1072,2944,4994,10000,0                       
TEL,11921,S5,3529,1073,2944,4994,10000,0                       
TEL,11922,S5,3529,1073,2944,4994,10000,0                       
TEL,11923,S5,3529,1073,2944,4994,10000,0                       
TEL,11924,S5,3529,1073,2944,4994,10000,0                       
TEL,11925,S5,3529,1073,2944,4994,10000,0                       
TEL,11926,S5,3529,1073,2944,4994,10000,0                       
TEL,11927,S5,3529,1073,2944,4994,10000,0                       
TEL,11928,S5,3498,1072,2944,4994,10000,0                       
TEL,11929,S5,3622,1076,2944,4994,10000,0                       
TEL,11930,S5,3529,1073,2944,4994,10000,0                       
TEL,11931,S5,3342,1067,2944,4994,10000,0                       
TEL,11932,S5,3404,1069,2944,4994,10000,0                       
TEL,11933,S5,3529,1073,2944,4994,10000,0                       
TEL,11934,S5,3498,1072,2944,4994,10000,0                       
TEL,11935,S5,3498,1072,2944,4994,10000,0                       
TEL,11936,S5,3466,1071,2944,4994,10000,0                       
TEL,11937,S5,3498,1072,2944,4994,10000,0                       
TEL,11938,S5,3529,1073,2944,4994,10000,0                       
TEL,11939,S5,3529,1073,2944,4994,10000,0                       
TEL,11940,S5,3498,1072,2944,4994,10000,0                       
TEL,11941,S5,3498,1072,2944,4994,10000,0                       
TEL,11942,S5,3498,1072,2944,4994,10000,0                       
TEL,11943,S5,3498,1072,2944,4994,10000,0                       
TEL,11944,S5,3466,1071,2944,4994,10000,0                       
TEL,11945,S5,3529,1073,2944,4994,10000,0                       
TEL,11946,S5,3591,1075,2944,4994,10000,0                       
TEL,11947,S5,3529,1073,2944,4994,10000,0                       
TEL,11948,S5,3498,1072,2944,4994,10000,0                       
TEL,11949,S5,3466,1071,2944,4994,10000,0                       
TEL,11950,S5,3498,1072,2944,4994,10000,0                       
TEL,11951,S5,3466,1071,2944,4994,10000,0                       
TEL,11952,S5,3498,1072,2944,4994,10000,0                       
TEL,11953,S5,3529,1073,2944,4994,10000,0                       
TEL,11954,S5,3498,1072,2944,4994,10000,0                       
TEL,11955,S5,3622,1076,2944,4994,10000,0                       
TEL,11956,S5,3404,1069,2944,4994,10000,0                       
TEL,11957,S5,3529,1073,2944,4994,10000,0                       
TEL,11958,S5,3498,1072,2944,4994,10000,0                       
TEL,11959,S5,3622,1076,2944,4994,10000,0                       
TEL,11960,S5,3466,1071,2944,4994,10000,0                       
TEL,11961,S5,3529,1073,2944,4994,10000,0                       
TEL,11962,S5,3466,1071,2944,4994,10000,0                       
TEL,11963,S5,3498,1072,2944,4994,10000,0                       
TEL,11964,S5,3498,1072,2944,4994,10000,0                       
TEL,11965,S5,3498,1072,2944,4994,10000,0                       
TEL,11966,S5,3498,1072,2944,4994,10000,0                       
TEL,11967,S5,3498,1072,2944,4994,10000,0                       
TEL,11968,S5,3498,1072,2944,4994,10000,0                       
TEL,11969,S5,3529,1073,2944,4994,10000,0                       
TEL,11970,S5,3466,1071,2944,4994,10000,0                       
TEL,11971,S5,3498,1072,2944,4994,10000,0                       
TEL,11972,S5,3529,1073,2944,4994,10000,0                       
TEL,11973,S5,3498,1072,2944,4994,10000,0                       
TEL,11974,S5,3498,1072,2944,4994,10000,0                       
TEL,11975,S5,3529,1073,2944,4994,10000,0                       
TEL,11976,S5,3529,1073,2944,4994,10000,0                       
TEL,11977,S5,3498,1072,2944,4994,10000,0                       
TEL,11978,S5,3466,1071,2944,4994,10000,0                       
TEL,11979,S5,3498,1072,2944,4994,10000,0                       
TEL,11980,S5,3529,1073,2944,4994,10000,0                       
TEL,11981,S5,3622,1076,2944,4994,10000,0                       
TEL,11982,S5,3498,1072,2944,4994,10000,0                       
TEL,11983,S5,3498,1072,2944,4994,10000,0                       
TEL,11984,S5,3498,1072,2944,4994,10000,0                       
TEL,11985,S5,3498,1072,2944,4994,10000,0                       
TEL,11986,S5,3498,1072,2944,4994,10000,0                       
TEL,11987,S5,3498,1072,2944,4994,10000,0                       
TEL,11988,S5,3466,1071,2944,4994,10000,0                       
TEL,11989,S5,3498,1072,2944,4994,10000,0                       
TEL,11990,S5,3529,1073,2944,4994,10000,0                       
TEL,11991,S5,3498,1072,2944,4994,10000,0                       
TEL,11992,S5,3498,1072,2944,4994,10000,0                       
TEL,11993,S5,3529,1073,2944,4994,10000,0                       
TEL,11994,S5,3529,1073,2944,4994,10000,0                       
TEL,11995,S5,3498,1072,2944,4994,10000,0                       
TEL,11996,S5,3529,1073,2944,4994,10000,0                       
TEL,11997,S5,3529,1073,2944,4994,10000,0                       
TEL,11998,S5,3529,1073,2944,4994,10000,0                       
TEL,11999,S5,3529,1073,2944,4994,10000,0                       
TEL,12000,S5,3498,1072,2944,4994,10000,0                       
TEL,12001,S5,3529,1073,2944,4994,10000,0                       
TEL,12002,S5,3498,1072,2944,4994,10000,0                       
TEL,12003,S5,3529,1073,2944,4994,10000,0                       
TEL,12004,S5,3529,1073,2944,4994,10000,0                       
TEL,12005,S5,3529,1073,2944,4994,10000,0                       
TEL,12006,S5,3498,1072,2944,4994,10000,0                       
TEL,12007,S5,3529,1073,2944,4994,10000,0                       
TEL,12008,S5,3529,1073,2944,4994,10000,0                       
TEL,12009,S5,3529,1073,2944,4994,10000,0                       
TEL,12010,S5,3498,1072,2944,4994,10000,0                       
TEL,12011,S5,3498,1072,2944,4994,10000,0                       
TEL,12012,S5,3498,1072,2944,4994,10000,0                       
TEL,12013,S5,3466,1071,2944,4994,10000,0                       
TEL,12014,S5,3498,1072,2944,4994,10000,0                       
TEL,12015,S5,3498,1072,2944,4994,10000,0                       
TEL,12016,S5,3529,1073,2944,4994,10000,0                       
TEL,12017,S5,3529,1073,2944,4994,10000,0                       
TEL,12018,S5,3466,1071,2944,4994,10000,0                       
TEL,12019,S5,3529,1073,2944,4994,10000,0                       
TEL,12020,S5,3529,1073,2944,4994,10000,0                       
TEL,12021,S5,3591,1075,2944,4994,10000,0                       
TEL,12022,S5,3498,1072,2944,4994,10000,0                       
TEL,12023,S5,3498,1072,2944,4994,10000,0                       
TEL,12024,S5,3529,1073,2944,4994,10000,0                       
TEL,12025,S5,3498,1072,2944,4994,10000,0                       
TEL,12026,S5,3529,1073,2944,4994,10000,0                       
TEL,12027,S5,3498,1072,2944,4994,10000,0                       
TEL,12028,S5,3498,1072,2944,4994,10000,0                       
TEL,12029,S5,3529,1073,2944,4994,10000,0                       
TEL,12030,S5,3498,1072,2944,4994,10000,0                       
TEL,12031,S5,3529,1073,2944,4994,10000,0                       
TEL,12032,S5,3498,1072,2944,4994,10000,0                       
TEL,12033,S5,3529,1073,2944,4994,10000,0                       
TEL,12034,S5,3466,1071,2944,4994,10000,0                       
TEL,12035,S5,3529,1073,2944,4994,10000,0                       
TEL,12036,S5,3498,1072,2944,4994,10000,0                       
TEL,12037,S5,3622,1077,2944,4994,10000,0                       
TEL,12038,S5,3498,1072,2944,4994,10000,0                       
TEL,12039,S5,3529,1073,2944,4994,10000,0                       
TEL,12040,S5,3498,1072,2944,4994,10000,0                       
TEL,12041,S5,3529,1073,2944,4994,10000,0                       
TEL,12042,S5,3498,1072,2944,4994,10000,0                       
TEL,12043,S5,3529,1073,2944,4994,10000,0                       
TEL,12044,S5,3498,1072,2944,4994,10000,0                       
TEL,12045,S5,3529,1073,2944,4994,10000,0                       
TEL,12046,S5,3622,1076,2944,4994,10000,0                       
TEL,12047,S5,3529,1073,2944,4994,10000,0                       
TEL,12048,S5,3529,1073,2944,4994,10000,0                       
TEL,12049,S5,3498,1072,2944,4994,10000,0                       
TEL,12050,S5,3498,1072,2944,4994,10000,0                       
TEL,12051,S5,3466,1071,2944,4994,10000,0                       
TEL,12052,S5,3498,1072,2944,4994,10000,0                       
TEL,12053,S5,3529,1073,2944,4994,10000,0                       
TEL,12054,S5,3529,1073,2944,4994,10000,0                       
TEL,12055,S5,3466,1071,2944,4994,10000,0                       
TEL,12056,S5,3498,1072,2944,4994,10000,0                       
TEL,12057,S5,3342,1067,2944,4994,10000,0                       
TEL,12058,S5,3466,1071,2944,4994,10000,0                       
TEL,12059,S5,3466,1071,2944,4994,10000,0                       
TEL,12060,S5,3529,1073,2944,4994,10000,0                       
TEL,12061,S5,3529,1073,2944,4994,10000,0                       
TEL,12062,S5,3529,1073,2944,4994,10000,0                       
TEL,12063,S5,3498,1072,2944,4994,10000,0                       
TEL,12064,S5,3529,1073,2944,4994,10000,0                       
TEL,12065,S5,3529,1073,2944,4994,10000,0                       
TEL,12066,S5,3498,1072,2944,4994,10000,0                       
TEL,12067,S5,3498,1072,2944,4994,10000,0                       
TEL,12068,S5,3529,1073,2944,4994,10000,0                       
TEL,12069,S5,3466,1071,2944,4994,10000,0                       
TEL,12070,S5,3529,1073,2944,4994,10000,0                       
TEL,12071,S5,3498,1072,2944,4994,10000,0                       
TEL,12072,S5,3529,1073,2944,4994,10000,0                       
TEL,12073,S5,3498,1072,2944,4994,10000,0                       
TEL,12074,S5,3529,1073,2944,4994,10000,0                       
TEL,12075,S5,3498,1072,2944,4994,10000,0                       
TEL,12076,S5,3404,1069,2944,4994,10000,0                       
TEL,12077,S5,3529,1073,2944,4994,10000,0                       
TEL,12078,S5,3498,1072,2944,4994,10000,0                       
TEL,12079,S5,3498,1072,2944,4994,10000,0                       
TEL,12080,S5,3529,1073,2944,4994,10000,0                       
TEL,12081,S5,3466,1071,2944,4994,10000,0                       
TEL,12082,S5,3466,1071,2944,4994,10000,0                       
TEL,12083,S5,3498,1072,2944,4994,10000,0                       
TEL,12084,S5,3498,1072,2944,4994,10000,0                       
TEL,12085,S5,3498,1072,2944,4994,10000,0                       
TEL,12086,S5,3622,1076,2944,4994,10000,0                       
TEL,12087,S5,3498,1072,2944,4994,10000,0                       
TEL,12088,S5,3498,1072,2944,4994,10000,0                       
TEL,12089,S5,3529,1073,2944,4994,10000,0                       
TEL,12090,S5,3529,1073,2944,4994,10000,0                       
TEL,12091,S5,3529,1073,2944,4994,10000,0                       
TEL,12092,S5,3498,1072,2944,4994,10000,0                       
TEL,12093,S5,3466,1071,2944,4994,10000,0                       
TEL,12094,S5,3466,1071,2944,4994,10000,0                       
TEL,12095,S5,3498,1072,2944,4994,10000,0                       
TEL,12096,S5,3529,1073,2944,4994,10000,0                       
TEL,12097,S5,3622,1076,2944,4994,10000,0                       
TEL,12098,S5,3466,1071,2944,4994,10000,0                       
TEL,12099,S5,3498,1072,2944,4994,10000,0                       
TEL,12100,S5,3529,1073,2944,4994,10000,0                       
TEL,12101,S5,3498,1072,2944,4994,10000,0                       
TEL,12102,S5,3466,1071,2944,4994,10000,0                       
TEL,12103,S5,3466,1071,2944,4994,10000,0                       
TEL,12104,S5,3498,1072,2944,4994,10000,0                       
TEL,12105,S5,3498,1072,2944,4994,10000,0                       
TEL,12106,S5,3529,1073,2944,4994,10000,0                       
TEL,12107,S5,3498,1072,2944,4994,10000,0                       
TEL,12108,S5,3498,1072,2944,4994,10000,0                       
TEL,12109,S5,3498,1072,2944,4994,10000,0                       
TEL,12110,S5,3622,1077,2944,4994,10000,0                       
TEL,12111,S5,3466,1071,2944,4994,10000,0                       
TEL,12112,S5,3498,1072,2944,4994,10000,0                       
TEL,12113,S5,3529,1073,2944,4994,10000,0                       
TEL,12114,S5,3466,1071,2944,4994,10000,0                       
TEL,12115,S5,3498,1072,2944,4994,10000,0                       
TEL,12116,S5,3498,1072,2944,4994,10000,0                       
TEL,12117,S5,3466,1071,2944,4994,10000,0                       
TEL,12118,S5,3466,1071,2944,4994,10000,0                       
TEL,12119,S5,3529,1073,2944,4994,10000,0                       
TEL,12120,S5,3529,1073,2944,4994,10000,0                       
TEL,12121,S5,3498,1072,2944,4994,10000,0                       
TEL,12122,S5,3529,1073,2944,4994,10000,0                       
TEL,12123,S5,3560,1074,2944,4994,10000,0                       
TEL,12124,S5,3529,1073,2944,4994,10000,0                       
TEL,12125,S5,3466,1071,2944,4994,10000,0                       
TEL,12126,S5,3466,1071,2944,4994,10000,0                       
TEL,12127,S5,3498,1072,2944,4994,10000,0                       
TEL,12128,S5,3529,1073,2944,4994,10000,0                       
TEL,12129,S5,3498,1072,2944,4994,10000,0                       
TEL,12130,S5,3498,1072,2944,4994,10000,0                       
TEL,12131,S5,3529,1073,2944,4994,10000,0                       
TEL,12132,S5,3498,1072,2944,4994,10000,0                       
TEL,12133,S5,3404,1069,2944,4994,10000,0                       
TEL,12134,S5,3529,1073,2944,4994,10000,0                       
TEL,12135,S5,3311,1065,2944,4994,10000,0                       
TEL,12136,S5,3529,1073,2944,4994,10000,0                       
TEL,12137,S5,3404,1069,2944,4994,10000,0                       
TEL,12138,S5,3498,1072,2944,4994,10000,0                       
TEL,12139,S5,3466,1071,2944,4994,10000,0                       
TEL,12140,S5,3498,1072,2944,4994,10000,0                       
TEL,12141,S5,3529,1073,2944,4994,10000,0                       
TEL,12142,S5,3498,1072,2944,4994,10000,0                       
TEL,12143,S5,3466,1071,2944,4994,10000,0                       
TEL,12144,S5,3466,1071,2944,4994,10000,0                       
TEL,12145,S5,3529,1073,2944,4994,10000,0                       
TEL,12146,S5,3529,1073,2944,4994,10000,0                       
TEL,12147,S5,3529,1073,2944,4994,10000,0                       
TEL,12148,S5,3404,1069,2944,4994,10000,0                       
TEL,12149,S5,3498,1072,2944,4994,10000,0                       
TEL,12150,S5,3404,1069,2944,4994,10000,0                       
TEL,12151,S5,3529,1073,2944,4994,10000,0                       
TEL,12152,S5,3498,1072,2944,4994,10000,0                       
TEL,12153,S5,3529,1073,2944,4994,10000,0                       
TEL,12154,S5,3529,1073,2944,4994,10000,0                       
TEL,12155,S5,3498,1072,2944,4994,10000,0                       
TEL,12156,S5,3498,1072,2944,4994,10000,0                       
TEL,12157,S5,3498,1072,2944,4994,10000,0                       
TEL,12158,S5,3529,1073,2944,4994,10000,0                       
TEL,12159,S5,3529,1073,2944,4994,10000,0                       
TEL,12160,S5,3498,1072,2944,4994,10000,0                       
TEL,12161,S5,3498,1072,2944,4994,10000,0                       
TEL,12162,S5,3498,1072,2944,4994,10000,0                       
TEL,12163,S5,3498,1072,2944,4994,10000,0                       
TEL,12164,S5,3529,1073,2944,4994,10000,0                       
TEL,12165,S5,3498,1072,2944,4994,10000,0                       
TEL,12166,S5,3529,1073,2944,4994,10000,0                       
TEL,12167,S5,3498,1072,2944,4994,10000,0                       
TEL,12168,S5,3498,1072,2944,4994,10000,0                       
TEL,12169,S5,3466,1071,2944,4994,10000,0                       
TEL,12170,S5,3498,1072,2944,4994,10000,0                       
TEL,12171,S5,3498,1072,2944,4994,10000,0                       
TEL,12172,S5,3529,1073,2944,4994,10000,0                       
TEL,12173,S5,3466,1071,2944,4994,10000,0                       
TEL,12174,S5,3529,1073,2944,4994,10000,0                       
TEL,12175,S5,3529,1073,2944,4994,10000,0                       
TEL,12176,S5,3498,1072,2944,4994,10000,0                       
TEL,12177,S5,3529,1073,2944,4994,10000,0                       
TEL,12178,S5,3529,1073,2944,4994,10000,0                       
TEL,12179,S5,3529,1073,2944,4994,10000,0                       
TEL,12180,S5,3529,1073,2944,4994,10000,0                       
TEL,12181,S5,3529,1073,2944,4994,10000,0                       
TEL,12182,S5,3529,1073,2944,4994,10000,0                       
TEL,12183,S5,3498,1072,2944,4994,10000,0                       
TEL,12184,S5,3529,1073,2944,4994,10000,0                       
TEL,12185,S5,3498,1072,2944,4994,10000,0                       
TEL,12186,S5,3498,1072,2944,4994,10000,0                       
TEL,12187,S5,3435,1070,2944,4994,10000,0                       
TEL,12188,S5,3529,1073,2944,4994,10000,0                       
TEL,12189,S5,3529,1073,2944,4994,10000,0                       
TEL,12190,S5,3529,1073,2944,4994,10000,0                       
TEL,12191,S5,3529,1073,2944,4994,10000,0                       
TEL,12192,S5,3498,1072,2944,4994,10000,0                       
TEL,12193,S5,3591,1075,2944,4994,10000,0                       
TEL,12194,S5,3529,1073,2944,4994,10000,0                       
TEL,12195,S5,3466,1071,2944,4994,10000,0                       
TEL,12196,S5,3498,1072,2944,4994,10000,0                       
TEL,12197,S5,3466,1071,2944,4994,10000,0                       
TEL,12198,S5,3529,1073,2944,4994,10000,0                       
TEL,12199,S5,3529,1073,2944,4994,10000,0                       
TEL,12200,S5,3529,1073,2944,4994,10000,0                       
TEL,12201,S5,3529,1073,2944,4994,10000,0                       
TEL,12202,S5,3498,1072,2944,4994,10000,0                       
TEL,12203,S5,3498,1072,2944,4994,10000,0                       
TEL,12204,S5,3498,1072,2944,4994,10000,0                       
TEL,12205,S5,3498,1072,2944,4994,10000,0                       
TEL,12206,S5,3529,1073,2944,4994,10000,0                       
TEL,12207,S5,3311,1065,2944,5013,10000,0                       
ACK,12208,S0,BT                                                
REC,S5,61,213564390,18,1,71,2781,ok                            
REC,S5,62,215168314,17,2,1960,2780,ok                          
REC,S5,63,216856068,18,1,4206,2780,ok                          
REC,S5,64,218394126,17,2,75,2779,ok                            
REC,S5,65,219781221,17,5,1821,2781,ok                          
REC,S5,66,221352830,21,1,214,2781,ok                           
REC,S5,67,222899315,18,1,960,2782,ok                           
REC,S5,68,224365995,18,1,4280,2779,ok                          
REC,S5,69,225753023,20,2,71,2780,ok                            
REC,S5,70,227135609,18,2,4665,2780,ok                          
REC,S5,71,228543091,17,2,81,2782,ok                            
REC,S5,72,229907632,17,2,2643,2781,ok                          
REC,S5,73,231374281,18,2,71,2780,ok                            
REC,S5,74,232839893,17,2,382,2782,ok                           
REC,S5,75,234296706,17,2,3569,2781,ok                          
REC,S5,76,235716952,17,2,3324,2779,ok                          
REC,S5,77,237249182,18,2,1093,2779,ok                          
REC,S5,78,238654502,18,2,72,2779,ok                            
REC,S5,79,240086606,17,2,3670,2781,ok                          
REC,S5,80,241561637,18,2,1409,2780,ok                          
REC,S5,81,242844897,18,2,72,2783,ok                            
REC,S5,82,244265902,18,2,4379,2782,ok                          
REC,S5,83,245547209,18,1,3067,2781,ok                          
REC,S5,84,246836838,17,2,3438,2780,ok                          
REC,S5,85,248348026,18,1,2251,2781,ok                          
REC,S5,86,249640190,18,1,2913,2779,ok                          
REC,S5,87,251148655,17,2,1622,2781,ok                          
REC,S5,88,252628364,18,2,1912,2779,ok                          
REC,S5,89,254002093,21,1,951,2783,ok                           
REC,S5,90,255604602,17,2,73,2781,ok                            
CNT,S0,accepted,30                                             
CNT,S0,repeat,60                                               
CNT,S0,btn_queue_drop,0                                        
CNT,S0,tx_queue_drop,0                                         
CNT,S0,tx_queue_max,2                                          
CNT,S0,pool_overflow,0                                         
CNT,S0,droplog_overflow,0                                      
CNT,S0,tx_timeout,0                                            
CNT,S0,tx_start_fail,0                                         
CNT,S0,spurious_tc,0                                           
CNT,S0,encode_error,0                                          
CNT,S0,tel_sent,5293                                           
CNT,S0,tel_drop,0                                              
CNT,S0,tel_period_min_us,9677                                  
CNT,S0,tel_period_avg_us,9999                                  
CNT,S0,tel_period_max_us,10003                                 
CNT,S0,tel_wait_avg_us,67                                      
CNT,S0,tel_wait_max_us,2889                                    
CNT,S0,stack_hwm_telemetry,328                                 
CNT,S0,stack_hwm_button,328                                    
CNT,S0,stack_hwm_uart_tx,380                                   
END,S0,30                                                      
