ACK,21325,S6,CT                                                
TEL,21326,S6,3560,1074,2944,0,0,2                              
TEL,21327,S6,3560,1074,2944,0,0,3                              
TEL,21328,S6,3560,1074,2944,0,0,4                              
TEL,21329,S6,3560,1074,2944,0,0,5                              
TEL,21330,S6,3435,1070,2944,0,99498,0                          
TEL,21331,S6,3435,1070,2944,0,99498,1                          
TEL,21332,S6,3435,1070,2944,0,99498,2                          
TEL,21333,S6,3435,1070,2944,0,99498,3                          
TEL,21334,S6,3560,1074,2944,0,100000,0                         
TEL,21335,S6,3560,1074,2944,0,100000,1                         
TEL,21336,S6,3560,1074,2944,0,100000,2                         
TEL,21337,S6,3560,1074,2944,0,100000,3                         
TEL,21338,S6,3404,1069,2944,0,100000,0                         
TEL,21339,S6,3404,1069,2944,0,100000,1                         
TEL,21340,S6,3404,1069,2944,0,100000,2                         
TEL,21341,S6,3404,1069,2944,0,100000,3                         
TEL,21342,S6,3435,1070,2944,0,100000,0                         
TEL,21343,S6,3435,1070,2944,0,100000,1                         
TEL,21344,S6,3435,1070,2944,0,100000,2                         
TEL,21345,S6,3435,1070,2944,0,100000,3                         
TEL,21346,S6,3373,1068,2944,0,100000,0                         
TEL,21347,S6,3373,1068,2944,0,100000,1                         
TEL,21348,S6,3373,1068,2944,0,100000,2                         
TEL,21349,S6,3373,1068,2944,0,100000,3                         
TEL,21350,S6,3435,1070,2944,0,100000,0                         
TEL,21351,S6,3435,1070,2944,0,100000,1                         
TEL,21352,S6,3435,1070,2944,0,100000,2                         
TEL,21353,S6,3435,1070,2944,0,100000,3                         
TEL,21354,S6,3498,1072,2944,0,100000,0                         
TEL,21355,S6,3498,1072,2944,0,100000,1                         
TEL,21356,S6,3498,1072,2944,0,100000,2                         
TEL,21357,S6,3498,1072,2944,0,100000,3                         
TEL,21358,S6,3435,1070,2944,0,100000,0                         
TEL,21359,S6,3435,1070,2944,0,100000,1                         
TEL,21360,S6,3435,1070,2944,0,100000,2                         
TEL,21361,S6,3435,1070,2944,0,100000,3                         
TEL,21362,S6,3435,1070,2944,0,100000,0                         
TEL,21363,S6,3435,1070,2944,0,100000,1                         
TEL,21364,S6,3435,1070,2944,0,100000,2                         
TEL,21365,S6,3435,1070,2944,0,100000,3                         
TEL,21366,S6,3435,1070,2944,0,100000,0                         
TEL,21367,S6,3435,1070,2944,0,100000,1                         
TEL,21368,S6,3435,1070,2944,0,100000,2                         
TEL,21369,S6,3435,1070,2944,0,100000,3                         
TEL,21370,S6,3498,1072,2944,0,100000,0                         
TEL,21371,S6,3498,1072,2944,0,100000,1                         
TEL,21372,S6,3498,1072,2944,0,100000,2                         
TEL,21373,S6,3498,1072,2944,0,100000,3                         
TEL,21374,S6,3498,1072,2944,0,100000,0                         
TEL,21375,S6,3498,1072,2944,0,100000,1                         
TEL,21376,S6,3498,1072,2944,0,100000,2                         
TEL,21377,S6,3498,1072,2944,0,100000,3                         
TEL,21378,S6,3435,1070,2944,0,100000,0                         
TEL,21379,S6,3435,1070,2944,0,100000,1                         
TEL,21380,S6,3435,1070,2944,0,100000,2                         
TEL,21381,S6,3435,1070,2944,0,100000,3                         
TEL,21382,S6,3435,1070,2944,0,100000,0                         
TEL,21383,S6,3435,1070,2944,0,100000,1                         
TEL,21384,S6,3435,1070,2944,0,100000,2                         
TEL,21385,S6,3435,1070,2944,0,100000,3                         
TEL,21386,S6,3435,1070,2944,0,100000,0                         
TEL,21387,S6,3435,1070,2944,0,100000,1                         
TEL,21388,S6,3435,1070,2944,0,100000,2                         
TEL,21389,S6,3435,1070,2944,0,100000,3                         
TEL,21390,S6,3373,1068,2944,0,100000,0                         
TEL,21391,S6,3373,1068,2944,0,100000,1                         
TEL,21392,S6,3373,1068,2944,0,100000,2                         
TEL,21393,S6,3373,1068,2944,0,100000,3                         
TEL,21394,S6,3498,1072,2944,0,100000,0                         
TEL,21395,S6,3498,1072,2944,0,100000,1                         
TEL,21396,S6,3498,1072,2944,0,100000,2                         
TEL,21397,S6,3498,1072,2944,0,100000,3                         
TEL,21398,S6,3498,1072,2944,0,100000,0                         
TEL,21399,S6,3498,1072,2944,0,100000,1                         
TEL,21400,S6,3498,1072,2944,0,100000,2                         
TEL,21401,S6,3498,1072,2944,0,100000,3                         
TEL,21402,S6,3498,1072,2944,0,100000,0                         
TEL,21403,S6,3498,1072,2944,0,100000,1                         
TEL,21404,S6,3498,1072,2944,0,100000,2                         
TEL,21405,S6,3498,1072,2944,0,100000,3                         
TEL,21406,S6,3435,1070,2944,0,100000,0                         
TEL,21407,S6,3435,1070,2944,0,100000,1                         
TEL,21408,S6,3435,1070,2944,0,100000,2                         
TEL,21409,S6,3435,1070,2944,0,100000,3                         
TEL,21410,S6,3435,1070,2944,0,100000,0                         
TEL,21411,S6,3435,1070,2944,0,100000,1                         
TEL,21412,S6,3435,1070,2944,0,100000,2                         
TEL,21413,S6,3435,1070,2944,0,100000,3                         
TEL,21414,S6,3435,1070,2944,0,100000,0                         
TEL,21415,S6,3435,1070,2944,0,100000,1                         
TEL,21416,S6,3435,1070,2944,0,100000,2                         
TEL,21417,S6,3435,1070,2944,0,100000,3                         
TEL,21418,S6,3435,1070,2944,0,100000,0                         
TEL,21419,S6,3435,1070,2944,0,100000,1                         
TEL,21420,S6,3435,1070,2944,0,100000,2                         
TEL,21421,S6,3435,1070,2944,0,100000,3                         
TEL,21422,S6,3498,1072,2944,0,100000,0                         
TEL,21423,S6,3498,1072,2944,0,100000,1                         
TEL,21424,S6,3498,1072,2944,0,100000,2                         
TEL,21425,S6,3498,1072,2944,0,100000,3                         
TEL,21426,S6,3435,1070,2944,0,100000,0                         
TEL,21427,S6,3435,1070,2944,0,100000,1                         
TEL,21428,S6,3435,1070,2944,0,100000,2                         
TEL,21429,S6,3435,1070,2944,0,100000,3                         
TEL,21430,S6,3373,1068,2944,0,100000,0                         
TEL,21431,S6,3373,1068,2944,0,100000,1                         
TEL,21432,S6,3373,1068,2944,0,100000,2                         
TEL,21433,S6,3373,1068,2944,0,100000,3                         
TEL,21434,S6,3435,1070,2944,0,100000,0                         
TEL,21435,S6,3435,1070,2944,0,100000,1                         
TEL,21436,S6,3435,1070,2944,0,100000,2                         
TEL,21437,S6,3435,1070,2944,0,100000,3                         
TEL,21438,S6,3498,1072,2944,0,100000,0                         
TEL,21439,S6,3498,1072,2944,0,100000,1                         
TEL,21440,S6,3498,1072,2944,0,100000,2                         
TEL,21441,S6,3498,1072,2944,0,100000,3                         
TEL,21442,S6,3404,1069,2944,0,100000,0                         
TEL,21443,S6,3404,1069,2944,0,100000,1                         
TEL,21444,S6,3404,1069,2944,0,100000,2                         
TEL,21445,S6,3404,1069,2944,0,100000,3                         
TEL,21446,S6,3498,1072,2944,0,100000,0                         
TEL,21447,S6,3498,1072,2944,0,100000,1                         
TEL,21448,S6,3498,1072,2944,0,100000,2                         
TEL,21449,S6,3498,1072,2944,0,100000,3                         
TEL,21450,S6,3404,1069,2944,0,100000,0                         
TEL,21451,S6,3404,1069,2944,0,100000,1                         
TEL,21452,S6,3404,1069,2944,0,100000,2                         
TEL,21453,S6,3404,1069,2944,0,100000,3                         
TEL,21454,S6,3373,1068,2944,0,100000,0                         
TEL,21455,S6,3373,1068,2944,0,100000,1                         
TEL,21456,S6,3373,1068,2944,0,100000,2                         
TEL,21457,S6,3373,1068,2944,0,100000,3                         
TEL,21458,S6,3560,1074,2944,0,100000,0                         
TEL,21459,S6,3560,1074,2944,0,100000,1                         
TEL,21460,S6,3560,1074,2944,0,100000,2                         
TEL,21461,S6,3560,1074,2944,0,100000,3                         
TEL,21462,S6,3435,1070,2944,0,100000,0                         
TEL,21463,S6,3435,1070,2944,0,100000,1                         
TEL,21464,S6,3435,1070,2944,0,100000,2                         
TEL,21465,S6,3435,1070,2944,0,100000,3                         
TEL,21466,S6,3373,1068,2944,0,100000,0                         
TEL,21467,S6,3373,1068,2944,0,100000,1                         
TEL,21468,S6,3373,1068,2944,0,100000,2                         
TEL,21469,S6,3373,1068,2944,0,100000,3                         
TEL,21470,S6,3498,1072,2944,0,100000,0                         
TEL,21471,S6,3498,1072,2944,0,100000,1                         
TEL,21472,S6,3498,1072,2944,0,100000,2                         
TEL,21473,S6,3498,1072,2944,0,100000,3                         
TEL,21474,S6,3435,1070,2944,0,100000,0                         
TEL,21475,S6,3435,1070,2944,0,100000,1                         
TEL,21476,S6,3435,1070,2944,0,100000,2                         
TEL,21477,S6,3435,1070,2944,0,100000,3                         
TEL,21478,S6,3498,1072,2944,0,100000,0                         
TEL,21479,S6,3498,1072,2944,0,100000,1                         
TEL,21480,S6,3498,1072,2944,0,100000,2                         
TEL,21481,S6,3498,1072,2944,0,100000,3                         
TEL,21482,S6,3435,1070,2944,0,100000,0                         
TEL,21483,S6,3435,1070,2944,0,100000,1                         
TEL,21484,S6,3435,1070,2944,0,100000,2                         
TEL,21485,S6,3435,1070,2944,0,100000,3                         
TEL,21486,S6,3498,1072,2944,0,100000,0                         
TEL,21487,S6,3498,1072,2944,0,100000,1                         
TEL,21488,S6,3498,1072,2944,0,100000,2                         
TEL,21489,S6,3498,1072,2944,0,100000,3                         
TEL,21490,S6,3435,1070,2944,0,100000,0                         
TEL,21491,S6,3435,1070,2944,0,100000,1                         
TEL,21492,S6,3435,1070,2944,0,100000,2                         
TEL,21493,S6,3435,1070,2944,0,100000,3                         
TEL,21494,S6,3498,1072,2944,0,100000,0                         
TEL,21495,S6,3498,1072,2944,0,100000,1                         
TEL,21496,S6,3498,1072,2944,0,100000,2                         
TEL,21497,S6,3498,1072,2944,0,100000,3                         
TEL,21498,S6,3404,1069,2944,0,100000,0                         
TEL,21499,S6,3404,1069,2944,0,100000,1                         
TEL,21500,S6,3404,1069,2944,0,100000,2                         
TEL,21501,S6,3404,1069,2944,0,100000,3                         
TEL,21502,S6,3498,1072,2944,0,100000,0                         
TEL,21503,S6,3498,1072,2944,0,100000,1                         
TEL,21504,S6,3498,1072,2944,0,100000,2                         
TEL,21505,S6,3498,1072,2944,0,100000,3                         
TEL,21506,S6,3435,1070,2944,0,100000,0                         
TEL,21507,S6,3435,1070,2944,0,100000,1                         
TEL,21508,S6,3435,1070,2944,0,100000,2                         
TEL,21509,S6,3435,1070,2944,0,100000,3                         
TEL,21510,S6,3498,1072,2944,0,100000,0                         
TEL,21511,S6,3498,1072,2944,0,100000,1                         
TEL,21512,S6,3498,1072,2944,0,100000,2                         
TEL,21513,S6,3498,1072,2944,0,100000,3                         
TEL,21514,S6,3498,1072,2944,0,100000,0                         
TEL,21515,S6,3498,1072,2944,0,100000,1                         
TEL,21516,S6,3498,1072,2944,0,100000,2                         
TEL,21517,S6,3498,1072,2944,0,100000,3                         
TEL,21518,S6,3498,1072,2944,0,100000,0                         
TEL,21519,S6,3498,1072,2944,0,100000,1                         
TEL,21520,S6,3498,1072,2944,0,100000,2                         
TEL,21521,S6,3498,1072,2944,0,100000,3                         
TEL,21522,S6,3435,1070,2944,0,100000,0                         
TEL,21523,S6,3435,1070,2944,0,100000,1                         
TEL,21524,S6,3435,1070,2944,0,100000,2                         
TEL,21525,S6,3435,1070,2944,0,100000,3                         
TEL,21526,S6,3498,1072,2944,0,100000,0                         
TEL,21527,S6,3498,1072,2944,0,100000,1                         
TEL,21528,S6,3498,1072,2944,0,100000,2                         
TEL,21529,S6,3498,1072,2944,0,100000,3                         
TEL,21530,S6,3498,1072,2944,0,100000,0                         
TEL,21531,S6,3498,1072,2944,0,100000,1                         
TEL,21532,S6,3498,1072,2944,0,100000,2                         
TEL,21533,S6,3498,1072,2944,0,100000,3                         
TEL,21534,S6,3373,1068,2944,0,100000,0                         
TEL,21535,S6,3373,1068,2944,0,100000,1                         
TEL,21536,S6,3373,1068,2944,0,100000,2                         
TEL,21537,S6,3373,1068,2944,0,100000,3                         
TEL,21538,S6,3498,1072,2944,0,100000,0                         
TEL,21539,S6,3498,1072,2944,0,100000,1                         
TEL,21540,S6,3498,1072,2944,0,100000,2                         
TEL,21541,S6,3498,1072,2944,0,100000,3                         
TEL,21542,S6,3435,1070,2944,0,100000,0                         
TEL,21543,S6,3435,1070,2944,0,100000,1                         
TEL,21544,S6,3435,1070,2944,0,100000,2                         
TEL,21545,S6,3435,1070,2944,0,100000,3                         
TEL,21546,S6,3435,1070,2944,0,100000,0                         
TEL,21547,S6,3435,1070,2944,0,100000,1                         
TEL,21548,S6,3435,1070,2944,0,100000,2                         
TEL,21549,S6,3435,1070,2944,0,100000,3                         
TEL,21550,S6,3373,1068,2944,0,100000,0                         
TEL,21551,S6,3373,1068,2944,0,100000,1                         
TEL,21552,S6,3373,1068,2944,0,100000,2                         
TEL,21553,S6,3373,1068,2944,0,100000,3                         
TEL,21554,S6,3404,1069,2944,0,100000,0                         
TEL,21555,S6,3404,1069,2944,0,100000,1                         
TEL,21556,S6,3404,1069,2944,0,100000,2                         
TEL,21557,S6,3404,1069,2944,0,100000,3                         
TEL,21558,S6,3373,1068,2944,0,100000,0                         
TEL,21559,S6,3373,1068,2944,0,100000,1                         
TEL,21560,S6,3373,1068,2944,0,100000,2                         
TEL,21561,S6,3373,1068,2944,0,100000,3                         
TEL,21562,S6,3498,1072,2944,0,100000,0                         
TEL,21563,S6,3498,1072,2944,0,100000,1                         
TEL,21564,S6,3498,1072,2944,0,100000,2                         
TEL,21565,S6,3498,1072,2944,0,100000,3                         
TEL,21566,S6,3404,1069,2944,0,100000,0                         
TEL,21567,S6,3404,1069,2944,0,100000,1                         
TEL,21568,S6,3404,1069,2944,0,100000,2                         
TEL,21569,S6,3404,1069,2944,0,100000,3                         
TEL,21570,S6,3435,1070,2944,0,100000,0                         
TEL,21571,S6,3435,1070,2944,0,100000,1                         
TEL,21572,S6,3435,1070,2944,0,100000,2                         
TEL,21573,S6,3435,1070,2944,0,100000,3                         
TEL,21574,S6,3373,1068,2944,0,100000,0                         
TEL,21575,S6,3373,1068,2944,0,100000,1                         
TEL,21576,S6,3373,1068,2944,0,100000,2                         
TEL,21577,S6,3373,1068,2944,0,100000,3                         
TEL,21578,S6,3404,1069,2944,0,100000,0                         
TEL,21579,S6,3404,1069,2944,0,100000,1                         
TEL,21580,S6,3404,1069,2944,0,100000,2                         
TEL,21581,S6,3404,1069,2944,0,100000,3                         
TEL,21582,S6,3435,1070,2944,0,100000,0                         
TEL,21583,S6,3435,1070,2944,0,100000,1                         
TEL,21584,S6,3435,1070,2944,0,100000,2                         
TEL,21585,S6,3435,1070,2944,0,100000,3                         
TEL,21586,S6,3404,1069,2944,0,100000,0                         
TEL,21587,S6,3404,1069,2944,0,100000,1                         
TEL,21588,S6,3404,1069,2944,0,100000,2                         
TEL,21589,S6,3404,1069,2944,0,100000,3                         
TEL,21590,S6,3498,1072,2944,0,100000,0                         
TEL,21591,S6,3498,1072,2944,0,100000,1                         
TEL,21592,S6,3498,1072,2944,0,100000,2                         
TEL,21593,S6,3498,1072,2944,0,100000,3                         
TEL,21594,S6,3435,1070,2944,0,100000,0                         
TEL,21595,S6,3435,1070,2944,0,100000,1                         
TEL,21596,S6,3435,1070,2944,0,100000,2                         
TEL,21597,S6,3435,1070,2944,0,100000,3                         
TEL,21598,S6,3435,1070,2944,0,100000,0                         
TEL,21599,S6,3435,1070,2944,0,100000,1                         
TEL,21600,S6,3435,1070,2944,0,100000,2                         
TEL,21601,S6,3435,1070,2944,0,100000,3                         
TEL,21602,S6,3373,1068,2944,0,100000,0                         
TEL,21603,S6,3373,1068,2944,0,100000,1                         
TEL,21604,S6,3373,1068,2944,0,100000,2                         
TEL,21605,S6,3373,1068,2944,0,100000,3                         
TEL,21606,S6,3498,1072,2944,0,100000,0                         
TEL,21607,S6,3498,1072,2944,0,100000,1                         
TEL,21608,S6,3498,1072,2944,0,100000,2                         
TEL,21609,S6,3498,1072,2944,0,100000,3                         
TEL,21610,S6,3498,1072,2944,0,100000,0                         
TEL,21611,S6,3498,1072,2944,0,100000,1                         
TEL,21612,S6,3498,1072,2944,0,100000,2                         
TEL,21613,S6,3498,1072,2944,0,100000,3                         
BTN,151,S6,PRESSED,21614,436374113,436374131,436374132         
TEL,21615,S6,3435,1070,2944,0,100000,0                         
TEL,21616,S6,3435,1070,2944,0,100000,1                         
TEL,21617,S6,3435,1070,2944,0,100000,2                         
TEL,21618,S6,3435,1070,2944,0,100000,3                         
TEL,21619,S6,3498,1072,2944,0,100000,0                         
TEL,21620,S6,3498,1072,2944,0,100000,1                         
TEL,21621,S6,3498,1072,2944,0,100000,2                         
TEL,21622,S6,3498,1072,2944,0,100000,3                         
TEL,21623,S6,3498,1072,2944,0,100000,0                         
TEL,21624,S6,3498,1072,2944,0,100000,1                         
TEL,21625,S6,3498,1072,2944,0,100000,2                         
TEL,21626,S6,3498,1072,2944,0,100000,3                         
TEL,21627,S6,3435,1070,2944,0,100000,0                         
TEL,21628,S6,3435,1070,2944,0,100000,1                         
TEL,21629,S6,3435,1070,2944,0,100000,2                         
TEL,21630,S6,3435,1070,2944,0,100000,3                         
TEL,21631,S6,3498,1072,2944,0,100000,0                         
TEL,21632,S6,3498,1072,2944,0,100000,1                         
TEL,21633,S6,3498,1072,2944,0,100000,2                         
TEL,21634,S6,3498,1072,2944,0,100000,3                         
TEL,21635,S6,3435,1070,2944,0,100000,0                         
TEL,21636,S6,3435,1070,2944,0,100000,1                         
TEL,21637,S6,3435,1070,2944,0,100000,2                         
TEL,21638,S6,3435,1070,2944,0,100000,3                         
TEL,21639,S6,3435,1070,2944,0,100000,0                         
TEL,21640,S6,3435,1070,2944,0,100000,1                         
TEL,21641,S6,3435,1070,2944,0,100000,2                         
TEL,21642,S6,3435,1070,2944,0,100000,3                         
TEL,21643,S6,3498,1072,2944,0,100000,0                         
TEL,21644,S6,3498,1072,2944,0,100000,1                         
TEL,21645,S6,3498,1072,2944,0,100000,2                         
TEL,21646,S6,3498,1072,2944,0,100000,3                         
TEL,21647,S6,3498,1072,2944,0,100000,0                         
TEL,21648,S6,3498,1072,2944,0,100000,1                         
TEL,21649,S6,3498,1072,2944,0,100000,2                         
TEL,21650,S6,3498,1072,2944,0,100000,3                         
TEL,21651,S6,3498,1072,2944,0,100000,0                         
TEL,21652,S6,3498,1072,2944,0,100000,1                         
TEL,21653,S6,3498,1072,2944,0,100000,2                         
TEL,21654,S6,3498,1072,2944,0,100000,3                         
TEL,21655,S6,3435,1070,2944,0,100000,0                         
TEL,21656,S6,3435,1070,2944,0,100000,1                         
TEL,21657,S6,3435,1070,2944,0,100000,2                         
TEL,21658,S6,3435,1070,2944,0,100000,3                         
TEL,21659,S6,3498,1072,2944,0,100000,0                         
TEL,21660,S6,3498,1072,2944,0,100000,1                         
TEL,21661,S6,3498,1072,2944,0,100000,2                         
TEL,21662,S6,3498,1072,2944,0,100000,3                         
TEL,21663,S6,3435,1070,2944,0,100000,0                         
TEL,21664,S6,3435,1070,2944,0,100000,1                         
TEL,21665,S6,3435,1070,2944,0,100000,2                         
TEL,21666,S6,3435,1070,2944,0,100000,3                         
TEL,21667,S6,3498,1072,2944,0,100000,0                         
TEL,21668,S6,3498,1072,2944,0,100000,1                         
TEL,21669,S6,3498,1072,2944,0,100000,2                         
TEL,21670,S6,3498,1072,2944,0,100000,3                         
TEL,21671,S6,3435,1070,2944,0,100000,0                         
TEL,21672,S6,3435,1070,2944,0,100000,1                         
TEL,21673,S6,3435,1070,2944,0,100000,2                         
TEL,21674,S6,3435,1070,2944,0,100000,3                         
BTN,152,S6,PRESSED,21675,437866374,437866392,437866393         
TEL,21676,S6,3498,1072,2944,0,100000,0                         
TEL,21677,S6,3498,1072,2944,0,100000,1                         
TEL,21678,S6,3498,1072,2944,0,100000,2                         
TEL,21679,S6,3498,1072,2944,0,100000,3                         
TEL,21680,S6,3435,1070,2944,0,100000,0                         
TEL,21681,S6,3435,1070,2944,0,100000,1                         
TEL,21682,S6,3435,1070,2944,0,100000,2                         
TEL,21683,S6,3435,1070,2944,0,100000,3                         
TEL,21684,S6,3435,1070,2944,0,100000,0                         
TEL,21685,S6,3435,1070,2944,0,100000,1                         
TEL,21686,S6,3435,1070,2944,0,100000,2                         
TEL,21687,S6,3435,1070,2944,0,100000,3                         
TEL,21688,S6,3435,1070,2944,0,100000,0                         
TEL,21689,S6,3435,1070,2944,0,100000,1                         
TEL,21690,S6,3435,1070,2944,0,100000,2                         
TEL,21691,S6,3435,1070,2944,0,100000,3                         
TEL,21692,S6,3498,1072,2944,0,100000,0                         
TEL,21693,S6,3498,1072,2944,0,100000,1                         
TEL,21694,S6,3498,1072,2944,0,100000,2                         
TEL,21695,S6,3498,1072,2944,0,100000,3                         
TEL,21696,S6,3435,1070,2944,0,100000,0                         
TEL,21697,S6,3435,1070,2944,0,100000,1                         
TEL,21698,S6,3435,1070,2944,0,100000,2                         
TEL,21699,S6,3435,1070,2944,0,100000,3                         
TEL,21700,S6,3404,1069,2944,0,100000,0                         
TEL,21701,S6,3404,1069,2944,0,100000,1                         
TEL,21702,S6,3404,1069,2944,0,100000,2                         
TEL,21703,S6,3404,1069,2944,0,100000,3                         
TEL,21704,S6,3498,1072,2944,0,100000,0                         
TEL,21705,S6,3498,1072,2944,0,100000,1                         
TEL,21706,S6,3498,1072,2944,0,100000,2                         
TEL,21707,S6,3498,1072,2944,0,100000,3                         
TEL,21708,S6,3435,1070,2944,0,100000,0                         
TEL,21709,S6,3435,1070,2944,0,100000,1                         
TEL,21710,S6,3435,1070,2944,0,100000,2                         
TEL,21711,S6,3435,1070,2944,0,100000,3                         
TEL,21712,S6,3498,1072,2944,0,100000,0                         
TEL,21713,S6,3498,1072,2944,0,100000,1                         
TEL,21714,S6,3498,1072,2944,0,100000,2                         
TEL,21715,S6,3498,1072,2944,0,100000,3                         
TEL,21716,S6,3435,1070,2944,0,100000,0                         
TEL,21717,S6,3435,1070,2944,0,100000,1                         
TEL,21718,S6,3435,1070,2944,0,100000,2                         
TEL,21719,S6,3435,1070,2944,0,100000,3                         
TEL,21720,S6,3373,1068,2944,0,100000,0                         
TEL,21721,S6,3373,1068,2944,0,100000,1                         
TEL,21722,S6,3373,1068,2944,0,100000,2                         
TEL,21723,S6,3373,1068,2944,0,100000,3                         
TEL,21724,S6,3498,1072,2944,0,100000,0                         
TEL,21725,S6,3498,1072,2944,0,100000,1                         
TEL,21726,S6,3498,1072,2944,0,100000,2                         
TEL,21727,S6,3498,1072,2944,0,100000,3                         
TEL,21728,S6,3466,1071,2944,0,100000,0                         
TEL,21729,S6,3466,1071,2944,0,100000,1                         
TEL,21730,S6,3466,1071,2944,0,100000,2                         
TEL,21731,S6,3466,1071,2944,0,100000,3                         
TEL,21732,S6,3498,1072,2944,0,100000,0                         
TEL,21733,S6,3498,1072,2944,0,100000,1                         
TEL,21734,S6,3498,1072,2944,0,100000,2                         
TEL,21735,S6,3498,1072,2944,0,100000,3                         
TEL,21736,S6,3498,1072,2944,0,100000,0                         
TEL,21737,S6,3498,1072,2944,0,100000,1                         
TEL,21738,S6,3498,1072,2944,0,100000,2                         
TEL,21739,S6,3498,1072,2944,0,100000,3                         
TEL,21740,S6,3498,1072,2944,0,100000,0                         
BTN,153,S6,PRESSED,21741,439481464,439481481,439481483         
TEL,21742,S6,3498,1072,2944,0,100000,1                         
TEL,21743,S6,3498,1072,2944,0,100000,2                         
TEL,21744,S6,3498,1072,2944,0,100000,3                         
TEL,21745,S6,3435,1070,2944,0,100000,0                         
TEL,21746,S6,3435,1070,2944,0,100000,1                         
TEL,21747,S6,3435,1070,2944,0,100000,2                         
TEL,21748,S6,3435,1070,2944,0,100000,3                         
TEL,21749,S6,3498,1072,2944,0,100000,0                         
TEL,21750,S6,3498,1072,2944,0,100000,1                         
TEL,21751,S6,3498,1072,2944,0,100000,2                         
TEL,21752,S6,3498,1072,2944,0,100000,3                         
TEL,21753,S6,3498,1072,2944,0,100000,0                         
TEL,21754,S6,3498,1072,2944,0,100000,1                         
TEL,21755,S6,3498,1072,2944,0,100000,2                         
TEL,21756,S6,3498,1072,2944,0,100000,3                         
TEL,21757,S6,3373,1068,2944,0,100000,0                         
TEL,21758,S6,3373,1068,2944,0,100000,1                         
TEL,21759,S6,3373,1068,2944,0,100000,2                         
TEL,21760,S6,3373,1068,2944,0,100000,3                         
TEL,21761,S6,3435,1070,2944,0,100000,0                         
TEL,21762,S6,3435,1070,2944,0,100000,1                         
TEL,21763,S6,3435,1070,2944,0,100000,2                         
TEL,21764,S6,3435,1070,2944,0,100000,3                         
TEL,21765,S6,3498,1072,2944,0,100000,0                         
TEL,21766,S6,3498,1072,2944,0,100000,1                         
TEL,21767,S6,3498,1072,2944,0,100000,2                         
TEL,21768,S6,3498,1072,2944,0,100000,3                         
TEL,21769,S6,3435,1070,2944,0,100000,0                         
TEL,21770,S6,3435,1070,2944,0,100000,1                         
TEL,21771,S6,3435,1070,2944,0,100000,2                         
TEL,21772,S6,3435,1070,2944,0,100000,3                         
TEL,21773,S6,3435,1070,2944,0,100000,0                         
TEL,21774,S6,3435,1070,2944,0,100000,1                         
TEL,21775,S6,3435,1070,2944,0,100000,2                         
TEL,21776,S6,3435,1070,2944,0,100000,3                         
TEL,21777,S6,3404,1069,2944,0,100000,0                         
TEL,21778,S6,3404,1069,2944,0,100000,1                         
TEL,21779,S6,3404,1069,2944,0,100000,2                         
TEL,21780,S6,3404,1069,2944,0,100000,3                         
TEL,21781,S6,3498,1072,2944,0,100000,0                         
TEL,21782,S6,3498,1072,2944,0,100000,1                         
TEL,21783,S6,3498,1072,2944,0,100000,2                         
TEL,21784,S6,3498,1072,2944,0,100000,3                         
TEL,21785,S6,3435,1070,2944,0,100000,0                         
TEL,21786,S6,3435,1070,2944,0,100000,1                         
TEL,21787,S6,3435,1070,2944,0,100000,2                         
TEL,21788,S6,3435,1070,2944,0,100000,3                         
TEL,21789,S6,3498,1072,2944,0,100000,0                         
TEL,21790,S6,3498,1072,2944,0,100000,1                         
TEL,21791,S6,3498,1072,2944,0,100000,2                         
TEL,21792,S6,3498,1072,2944,0,100000,3                         
TEL,21793,S6,3435,1070,2944,0,100000,0                         
TEL,21794,S6,3435,1070,2944,0,100000,1                         
TEL,21795,S6,3435,1070,2944,0,100000,2                         
TEL,21796,S6,3435,1070,2944,0,100000,3                         
TEL,21797,S6,3498,1072,2944,0,100000,0                         
TEL,21798,S6,3498,1072,2944,0,100000,1                         
TEL,21799,S6,3498,1072,2944,0,100000,2                         
TEL,21800,S6,3498,1072,2944,0,100000,3                         
TEL,21801,S6,3498,1072,2944,0,100000,0                         
TEL,21802,S6,3498,1072,2944,0,100000,1                         
TEL,21803,S6,3498,1072,2944,0,100000,2                         
TEL,21804,S6,3498,1072,2944,0,100000,3                         
BTN,154,S6,PRESSED,21805,441024066,441024083,441024085         
TEL,21806,S6,3435,1070,2944,0,100000,0                         
TEL,21807,S6,3435,1070,2944,0,100000,1                         
TEL,21808,S6,3435,1070,2944,0,100000,2                         
TEL,21809,S6,3435,1070,2944,0,100000,3                         
TEL,21810,S6,3435,1070,2944,0,100000,0                         
TEL,21811,S6,3435,1070,2944,0,100000,1                         
TEL,21812,S6,3435,1070,2944,0,100000,2                         
TEL,21813,S6,3435,1070,2944,0,100000,3                         
TEL,21814,S6,3435,1070,2944,0,100000,0                         
TEL,21815,S6,3435,1070,2944,0,100000,1                         
TEL,21816,S6,3435,1070,2944,0,100000,2                         
TEL,21817,S6,3435,1070,2944,0,100000,3                         
TEL,21818,S6,3498,1072,2944,0,100000,0                         
TEL,21819,S6,3498,1072,2944,0,100000,1                         
TEL,21820,S6,3498,1072,2944,0,100000,2                         
TEL,21821,S6,3498,1072,2944,0,100000,3                         
TEL,21822,S6,3373,1068,2944,0,100000,0                         
TEL,21823,S6,3373,1068,2944,0,100000,1                         
TEL,21824,S6,3373,1068,2944,0,100000,2                         
TEL,21825,S6,3373,1068,2944,0,100000,3                         
TEL,21826,S6,3404,1069,2944,0,100000,0                         
TEL,21827,S6,3404,1069,2944,0,100000,1                         
TEL,21828,S6,3404,1069,2944,0,100000,2                         
TEL,21829,S6,3404,1069,2944,0,100000,3                         
TEL,21830,S6,3404,1069,2944,0,100000,0                         
TEL,21831,S6,3404,1069,2944,0,100000,1                         
TEL,21832,S6,3404,1069,2944,0,100000,2                         
TEL,21833,S6,3404,1069,2944,0,100000,3                         
TEL,21834,S6,3498,1072,2944,0,100000,0                         
TEL,21835,S6,3498,1072,2944,0,100000,1                         
TEL,21836,S6,3498,1072,2944,0,100000,2                         
TEL,21837,S6,3498,1072,2944,0,100000,3                         
TEL,21838,S6,3498,1072,2944,0,100000,0                         
TEL,21839,S6,3498,1072,2944,0,100000,1                         
TEL,21840,S6,3498,1072,2944,0,100000,2                         
TEL,21841,S6,3498,1072,2944,0,100000,3                         
TEL,21842,S6,3622,1076,2944,0,100000,0                         
TEL,21843,S6,3622,1076,2944,0,100000,1                         
TEL,21844,S6,3622,1076,2944,0,100000,2                         
TEL,21845,S6,3622,1076,2944,0,100000,3                         
TEL,21846,S6,3498,1072,2944,0,100000,0                         
TEL,21847,S6,3498,1072,2944,0,100000,1                         
TEL,21848,S6,3498,1072,2944,0,100000,2                         
TEL,21849,S6,3498,1072,2944,0,100000,3                         
TEL,21850,S6,3498,1072,2944,0,100000,0                         
TEL,21851,S6,3498,1072,2944,0,100000,1                         
TEL,21852,S6,3498,1072,2944,0,100000,2                         
TEL,21853,S6,3498,1072,2944,0,100000,3                         
TEL,21854,S6,3435,1070,2944,0,100000,0                         
TEL,21855,S6,3435,1070,2944,0,100000,1                         
TEL,21856,S6,3435,1070,2944,0,100000,2                         
TEL,21857,S6,3435,1070,2944,0,100000,3                         
TEL,21858,S6,3498,1072,2944,0,100000,0                         
TEL,21859,S6,3498,1072,2944,0,100000,1                         
TEL,21860,S6,3498,1072,2944,0,100000,2                         
TEL,21861,S6,3498,1072,2944,0,100000,3                         
TEL,21862,S6,3435,1070,2944,0,100000,0                         
TEL,21863,S6,3435,1070,2944,0,100000,1                         
TEL,21864,S6,3435,1070,2944,0,100000,2                         
TEL,21865,S6,3435,1070,2944,0,100000,3                         
TEL,21866,S6,3498,1072,2944,0,100000,0                         
TEL,21867,S6,3498,1072,2944,0,100000,1                         
TEL,21868,S6,3498,1072,2944,0,100000,2                         
TEL,21869,S6,3498,1072,2944,0,100000,3                         
BTN,155,S6,PRESSED,21870,442598849,442598867,442598869         
TEL,21871,S6,3498,1072,2944,0,100000,0                         
TEL,21872,S6,3498,1072,2944,0,100000,1                         
TEL,21873,S6,3498,1072,2944,0,100000,2                         
TEL,21874,S6,3498,1072,2944,0,100000,3                         
TEL,21875,S6,3498,1072,2944,0,100000,0                         
TEL,21876,S6,3498,1072,2944,0,100000,1                         
TEL,21877,S6,3498,1072,2944,0,100000,2                         
TEL,21878,S6,3498,1072,2944,0,100000,3                         
TEL,21879,S6,3498,1072,2944,0,100000,0                         
TEL,21880,S6,3498,1072,2944,0,100000,1                         
TEL,21881,S6,3498,1072,2944,0,100000,2                         
TEL,21882,S6,3498,1072,2944,0,100000,3                         
TEL,21883,S6,3498,1072,2944,0,100000,0                         
TEL,21884,S6,3498,1072,2944,0,100000,1                         
TEL,21885,S6,3498,1072,2944,0,100000,2                         
TEL,21886,S6,3498,1072,2944,0,100000,3                         
TEL,21887,S6,3498,1072,2944,0,100000,0                         
TEL,21888,S6,3498,1072,2944,0,100000,1                         
TEL,21889,S6,3498,1072,2944,0,100000,2                         
TEL,21890,S6,3498,1072,2944,0,100000,3                         
TEL,21891,S6,3435,1070,2944,0,100000,0                         
TEL,21892,S6,3435,1070,2944,0,100000,1                         
TEL,21893,S6,3435,1070,2944,0,100000,2                         
TEL,21894,S6,3435,1070,2944,0,100000,3                         
TEL,21895,S6,3404,1069,2944,0,100000,0                         
TEL,21896,S6,3404,1069,2944,0,100000,1                         
TEL,21897,S6,3404,1069,2944,0,100000,2                         
TEL,21898,S6,3404,1069,2944,0,100000,3                         
TEL,21899,S6,3435,1070,2944,0,100000,0                         
TEL,21900,S6,3435,1070,2944,0,100000,1                         
TEL,21901,S6,3435,1070,2944,0,100000,2                         
TEL,21902,S6,3435,1070,2944,0,100000,3                         
TEL,21903,S6,3435,1070,2944,0,100000,0                         
TEL,21904,S6,3435,1070,2944,0,100000,1                         
TEL,21905,S6,3435,1070,2944,0,100000,2                         
TEL,21906,S6,3435,1070,2944,0,100000,3                         
TEL,21907,S6,3404,1069,2944,0,100000,0                         
TEL,21908,S6,3404,1069,2944,0,100000,1                         
TEL,21909,S6,3404,1069,2944,0,100000,2                         
TEL,21910,S6,3404,1069,2944,0,100000,3                         
TEL,21911,S6,3498,1072,2944,0,100000,0                         
TEL,21912,S6,3498,1072,2944,0,100000,1                         
TEL,21913,S6,3498,1072,2944,0,100000,2                         
TEL,21914,S6,3498,1072,2944,0,100000,3                         
TEL,21915,S6,3435,1070,2944,0,100000,0                         
TEL,21916,S6,3435,1070,2944,0,100000,1                         
TEL,21917,S6,3435,1070,2944,0,100000,2                         
TEL,21918,S6,3435,1070,2944,0,100000,3                         
TEL,21919,S6,3373,1068,2944,0,100000,0                         
TEL,21920,S6,3373,1068,2944,0,100000,1                         
TEL,21921,S6,3373,1068,2944,0,100000,2                         
TEL,21922,S6,3373,1068,2944,0,100000,3                         
TEL,21923,S6,3498,1072,2944,0,100000,0                         
TEL,21924,S6,3498,1072,2944,0,100000,1                         
TEL,21925,S6,3498,1072,2944,0,100000,2                         
TEL,21926,S6,3498,1072,2944,0,100000,3                         
BTN,156,S6,PRESSED,21927,444071710,444071728,444071729         
TEL,21928,S6,3404,1069,2944,0,100000,0                         
TEL,21929,S6,3404,1069,2944,0,100000,1                         
TEL,21930,S6,3404,1069,2944,0,100000,2                         
TEL,21931,S6,3404,1069,2944,0,100000,3                         
TEL,21932,S6,3498,1072,2944,0,100000,0                         
TEL,21933,S6,3498,1072,2944,0,100000,1                         
TEL,21934,S6,3498,1072,2944,0,100000,2                         
TEL,21935,S6,3498,1072,2944,0,100000,3                         
TEL,21936,S6,3498,1072,2944,0,100000,0                         
TEL,21937,S6,3498,1072,2944,0,100000,1                         
TEL,21938,S6,3498,1072,2944,0,100000,2                         
TEL,21939,S6,3498,1072,2944,0,100000,3                         
TEL,21940,S6,3435,1070,2944,0,100000,0                         
TEL,21941,S6,3435,1070,2944,0,100000,1                         
TEL,21942,S6,3435,1070,2944,0,100000,2                         
TEL,21943,S6,3435,1070,2944,0,100000,3                         
TEL,21944,S6,3373,1068,2944,0,100000,0                         
TEL,21945,S6,3373,1068,2944,0,100000,1                         
TEL,21946,S6,3373,1068,2944,0,100000,2                         
TEL,21947,S6,3373,1068,2944,0,100000,3                         
TEL,21948,S6,3373,1068,2944,0,100000,0                         
TEL,21949,S6,3373,1068,2944,0,100000,1                         
TEL,21950,S6,3373,1068,2944,0,100000,2                         
TEL,21951,S6,3373,1068,2944,0,100000,3                         
TEL,21952,S6,3435,1070,2944,0,100000,0                         
TEL,21953,S6,3435,1070,2944,0,100000,1                         
TEL,21954,S6,3435,1070,2944,0,100000,2                         
TEL,21955,S6,3435,1070,2944,0,100000,3                         
TEL,21956,S6,3498,1072,2944,0,100000,0                         
TEL,21957,S6,3498,1072,2944,0,100000,1                         
TEL,21958,S6,3498,1072,2944,0,100000,2                         
TEL,21959,S6,3498,1072,2944,0,100000,3                         
TEL,21960,S6,3404,1069,2944,0,100000,0                         
TEL,21961,S6,3404,1069,2944,0,100000,1                         
TEL,21962,S6,3404,1069,2944,0,100000,2                         
TEL,21963,S6,3404,1069,2944,0,100000,3                         
TEL,21964,S6,3404,1069,2944,0,100000,0                         
TEL,21965,S6,3404,1069,2944,0,100000,1                         
TEL,21966,S6,3404,1069,2944,0,100000,2                         
TEL,21967,S6,3404,1069,2944,0,100000,3                         
TEL,21968,S6,3435,1070,2944,0,100000,0                         
TEL,21969,S6,3435,1070,2944,0,100000,1                         
TEL,21970,S6,3435,1070,2944,0,100000,2                         
TEL,21971,S6,3435,1070,2944,0,100000,3                         
TEL,21972,S6,3498,1072,2944,0,100000,0                         
TEL,21973,S6,3498,1072,2944,0,100000,1                         
TEL,21974,S6,3498,1072,2944,0,100000,2                         
TEL,21975,S6,3498,1072,2944,0,100000,3                         
TEL,21976,S6,3342,1066,2944,0,100000,0                         
TEL,21977,S6,3342,1066,2944,0,100000,1                         
TEL,21978,S6,3342,1066,2944,0,100000,2                         
TEL,21979,S6,3342,1066,2944,0,100000,3                         
TEL,21980,S6,3435,1070,2944,0,100000,0                         
TEL,21981,S6,3435,1070,2944,0,100000,1                         
TEL,21982,S6,3435,1070,2944,0,100000,2                         
TEL,21983,S6,3435,1070,2944,0,100000,3                         
TEL,21984,S6,3498,1072,2944,0,100000,0                         
TEL,21985,S6,3498,1072,2944,0,100000,1                         
TEL,21986,S6,3498,1072,2944,0,100000,2                         
TEL,21987,S6,3498,1072,2944,0,100000,3                         
TEL,21988,S6,3435,1070,2944,0,100000,0                         
TEL,21989,S6,3435,1070,2944,0,100000,1                         
TEL,21990,S6,3435,1070,2944,0,100000,2                         
TEL,21991,S6,3435,1070,2944,0,100000,3                         
BTN,157,S6,PRESSED,21992,445650280,445650298,445650299         
TEL,21993,S6,3435,1070,2944,0,100000,0                         
TEL,21994,S6,3435,1070,2944,0,100000,1                         
TEL,21995,S6,3435,1070,2944,0,100000,2                         
TEL,21996,S6,3435,1070,2944,0,100000,3                         
TEL,21997,S6,3435,1070,2944,0,100000,0                         
TEL,21998,S6,3435,1070,2944,0,100000,1                         
TEL,21999,S6,3435,1070,2944,0,100000,2                         
TEL,22000,S6,3435,1070,2944,0,100000,3                         
TEL,22001,S6,3498,1072,2944,0,100000,0                         
TEL,22002,S6,3498,1072,2944,0,100000,1                         
TEL,22003,S6,3498,1072,2944,0,100000,2                         
TEL,22004,S6,3498,1072,2944,0,100000,3                         
TEL,22005,S6,3435,1070,2944,0,100000,0                         
TEL,22006,S6,3435,1070,2944,0,100000,1                         
TEL,22007,S6,3435,1070,2944,0,100000,2                         
TEL,22008,S6,3435,1070,2944,0,100000,3                         
TEL,22009,S6,3498,1072,2944,0,100000,0                         
TEL,22010,S6,3498,1072,2944,0,100000,1                         
TEL,22011,S6,3498,1072,2944,0,100000,2                         
TEL,22012,S6,3498,1072,2944,0,100000,3                         
TEL,22013,S6,3498,1072,2944,0,100000,0                         
TEL,22014,S6,3498,1072,2944,0,100000,1                         
TEL,22015,S6,3498,1072,2944,0,100000,2                         
TEL,22016,S6,3498,1072,2944,0,100000,3                         
TEL,22017,S6,3498,1072,2944,0,100000,0                         
TEL,22018,S6,3498,1072,2944,0,100000,1                         
TEL,22019,S6,3498,1072,2944,0,100000,2                         
TEL,22020,S6,3498,1072,2944,0,100000,3                         
TEL,22021,S6,3435,1070,2944,0,100000,0                         
TEL,22022,S6,3435,1070,2944,0,100000,1                         
TEL,22023,S6,3435,1070,2944,0,100000,2                         
TEL,22024,S6,3435,1070,2944,0,100000,3                         
TEL,22025,S6,3498,1072,2944,0,100000,0                         
TEL,22026,S6,3498,1072,2944,0,100000,1                         
TEL,22027,S6,3498,1072,2944,0,100000,2                         
TEL,22028,S6,3498,1072,2944,0,100000,3                         
TEL,22029,S6,3435,1070,2944,0,100000,0                         
TEL,22030,S6,3435,1070,2944,0,100000,1                         
TEL,22031,S6,3435,1070,2944,0,100000,2                         
TEL,22032,S6,3435,1070,2944,0,100000,3                         
TEL,22033,S6,3498,1072,2944,0,100000,0                         
TEL,22034,S6,3498,1072,2944,0,100000,1                         
TEL,22035,S6,3498,1072,2944,0,100000,2                         
TEL,22036,S6,3498,1072,2944,0,100000,3                         
TEL,22037,S6,3498,1072,2944,0,100000,0                         
TEL,22038,S6,3498,1072,2944,0,100000,1                         
TEL,22039,S6,3498,1072,2944,0,100000,2                         
TEL,22040,S6,3498,1072,2944,0,100000,3                         
TEL,22041,S6,3342,1067,2944,0,100000,0                         
TEL,22042,S6,3342,1067,2944,0,100000,1                         
TEL,22043,S6,3342,1067,2944,0,100000,2                         
TEL,22044,S6,3342,1067,2944,0,100000,3                         
TEL,22045,S6,3498,1072,2944,0,100000,0                         
TEL,22046,S6,3498,1072,2944,0,100000,1                         
TEL,22047,S6,3498,1072,2944,0,100000,2                         
TEL,22048,S6,3498,1072,2944,0,100000,3                         
TEL,22049,S6,3435,1070,2944,0,100000,0                         
TEL,22050,S6,3435,1070,2944,0,100000,1                         
TEL,22051,S6,3435,1070,2944,0,100000,2                         
TEL,22052,S6,3435,1070,2944,0,100000,3                         
TEL,22053,S6,3404,1069,2944,0,100000,0                         
TEL,22054,S6,3404,1069,2944,0,100000,1                         
TEL,22055,S6,3404,1069,2944,0,100000,2                         
TEL,22056,S6,3404,1069,2944,0,100000,3                         
BTN,158,S6,PRESSED,22057,447269293,447269311,447269312         
TEL,22058,S6,3435,1070,2944,0,100000,0                         
TEL,22059,S6,3435,1070,2944,0,100000,1                         
TEL,22060,S6,3435,1070,2944,0,100000,2                         
TEL,22061,S6,3435,1070,2944,0,100000,3                         
TEL,22062,S6,3404,1069,2944,0,100000,0                         
TEL,22063,S6,3404,1069,2944,0,100000,1                         
TEL,22064,S6,3404,1069,2944,0,100000,2                         
TEL,22065,S6,3404,1069,2944,0,100000,3                         
TEL,22066,S6,3404,1069,2944,0,100000,0                         
TEL,22067,S6,3404,1069,2944,0,100000,1                         
TEL,22068,S6,3404,1069,2944,0,100000,2                         
TEL,22069,S6,3404,1069,2944,0,100000,3                         
TEL,22070,S6,3435,1070,2944,0,100000,0                         
TEL,22071,S6,3435,1070,2944,0,100000,1                         
TEL,22072,S6,3435,1070,2944,0,100000,2                         
TEL,22073,S6,3435,1070,2944,0,100000,3                         
TEL,22074,S6,3435,1070,2944,0,100000,0                         
TEL,22075,S6,3435,1070,2944,0,100000,1                         
TEL,22076,S6,3435,1070,2944,0,100000,2                         
TEL,22077,S6,3435,1070,2944,0,100000,3                         
TEL,22078,S6,3373,1068,2944,0,100000,0                         
TEL,22079,S6,3373,1068,2944,0,100000,1                         
TEL,22080,S6,3373,1068,2944,0,100000,2                         
TEL,22081,S6,3373,1068,2944,0,100000,3                         
TEL,22082,S6,3373,1068,2944,0,100000,0                         
TEL,22083,S6,3373,1068,2944,0,100000,1                         
TEL,22084,S6,3373,1068,2944,0,100000,2                         
TEL,22085,S6,3373,1068,2944,0,100000,3                         
TEL,22086,S6,3404,1069,2944,0,100000,0                         
TEL,22087,S6,3404,1069,2944,0,100000,1                         
TEL,22088,S6,3404,1069,2944,0,100000,2                         
TEL,22089,S6,3404,1069,2944,0,100000,3                         
TEL,22090,S6,3498,1072,2944,0,100000,0                         
TEL,22091,S6,3498,1072,2944,0,100000,1                         
TEL,22092,S6,3498,1072,2944,0,100000,2                         
TEL,22093,S6,3498,1072,2944,0,100000,3                         
TEL,22094,S6,3498,1072,2944,0,100000,0                         
TEL,22095,S6,3498,1072,2944,0,100000,1                         
TEL,22096,S6,3498,1072,2944,0,100000,2                         
TEL,22097,S6,3498,1072,2944,0,100000,3                         
TEL,22098,S6,3373,1068,2944,0,100000,0                         
TEL,22099,S6,3373,1068,2944,0,100000,1                         
TEL,22100,S6,3373,1068,2944,0,100000,2                         
TEL,22101,S6,3373,1068,2944,0,100000,3                         
TEL,22102,S6,3435,1070,2944,0,100000,0                         
TEL,22103,S6,3435,1070,2944,0,100000,1                         
TEL,22104,S6,3435,1070,2944,0,100000,2                         
TEL,22105,S6,3435,1070,2944,0,100000,3                         
TEL,22106,S6,3373,1068,2944,0,100000,0                         
TEL,22107,S6,3373,1068,2944,0,100000,1                         
TEL,22108,S6,3373,1068,2944,0,100000,2                         
TEL,22109,S6,3373,1068,2944,0,100000,3                         
TEL,22110,S6,3498,1072,2944,0,100000,0                         
TEL,22111,S6,3498,1072,2944,0,100000,1                         
TEL,22112,S6,3498,1072,2944,0,100000,2                         
TEL,22113,S6,3498,1072,2944,0,100000,3                         
BTN,159,S6,PRESSED,22114,448673056,448673074,448673075         
TEL,22115,S6,3498,1072,2944,0,100000,0                         
TEL,22116,S6,3498,1072,2944,0,100000,1                         
TEL,22117,S6,3498,1072,2944,0,100000,2                         
TEL,22118,S6,3498,1072,2944,0,100000,3                         
TEL,22119,S6,3435,1070,2944,0,100000,0                         
TEL,22120,S6,3435,1070,2944,0,100000,1                         
TEL,22121,S6,3435,1070,2944,0,100000,2                         
TEL,22122,S6,3435,1070,2944,0,100000,3                         
TEL,22123,S6,3498,1072,2944,0,100000,0                         
TEL,22124,S6,3498,1072,2944,0,100000,1                         
TEL,22125,S6,3498,1072,2944,0,100000,2                         
TEL,22126,S6,3498,1072,2944,0,100000,3                         
TEL,22127,S6,3435,1070,2944,0,100000,0                         
TEL,22128,S6,3435,1070,2944,0,100000,1                         
TEL,22129,S6,3435,1070,2944,0,100000,2                         
TEL,22130,S6,3435,1070,2944,0,100000,3                         
TEL,22131,S6,3498,1072,2944,0,100000,0                         
TEL,22132,S6,3498,1072,2944,0,100000,1                         
TEL,22133,S6,3498,1072,2944,0,100000,2                         
TEL,22134,S6,3498,1072,2944,0,100000,3                         
TEL,22135,S6,3498,1072,2944,0,100000,0                         
TEL,22136,S6,3498,1072,2944,0,100000,1                         
TEL,22137,S6,3498,1072,2944,0,100000,2                         
TEL,22138,S6,3498,1072,2944,0,100000,3                         
TEL,22139,S6,3498,1072,2944,0,100000,0                         
TEL,22140,S6,3498,1072,2944,0,100000,1                         
TEL,22141,S6,3498,1072,2944,0,100000,2                         
TEL,22142,S6,3498,1072,2944,0,100000,3                         
TEL,22143,S6,3498,1072,2944,0,100000,0                         
TEL,22144,S6,3498,1072,2944,0,100000,1                         
TEL,22145,S6,3498,1072,2944,0,100000,2                         
TEL,22146,S6,3498,1072,2944,0,100000,3                         
TEL,22147,S6,3373,1068,2944,0,100000,0                         
TEL,22148,S6,3373,1068,2944,0,100000,1                         
TEL,22149,S6,3373,1068,2944,0,100000,2                         
TEL,22150,S6,3373,1068,2944,0,100000,3                         
TEL,22151,S6,3435,1070,2944,0,100000,0                         
TEL,22152,S6,3435,1070,2944,0,100000,1                         
TEL,22153,S6,3435,1070,2944,0,100000,2                         
TEL,22154,S6,3435,1070,2944,0,100000,3                         
TEL,22155,S6,3373,1068,2944,0,100000,0                         
TEL,22156,S6,3373,1068,2944,0,100000,1                         
TEL,22157,S6,3373,1068,2944,0,100000,2                         
TEL,22158,S6,3373,1068,2944,0,100000,3                         
TEL,22159,S6,3373,1068,2944,0,100000,0                         
TEL,22160,S6,3373,1068,2944,0,100000,1                         
TEL,22161,S6,3373,1068,2944,0,100000,2                         
TEL,22162,S6,3373,1068,2944,0,100000,3                         
TEL,22163,S6,3498,1072,2944,0,100000,0                         
TEL,22164,S6,3498,1072,2944,0,100000,1                         
TEL,22165,S6,3498,1072,2944,0,100000,2                         
TEL,22166,S6,3498,1072,2944,0,100000,3                         
TEL,22167,S6,3435,1070,2944,0,100000,0                         
TEL,22168,S6,3435,1070,2944,0,100000,1                         
TEL,22169,S6,3435,1070,2944,0,100000,2                         
TEL,22170,S6,3435,1070,2944,0,100000,3                         
TEL,22171,S6,3435,1070,2944,0,100000,0                         
TEL,22172,S6,3435,1070,2944,0,100000,1                         
TEL,22173,S6,3435,1070,2944,0,100000,2                         
TEL,22174,S6,3435,1070,2944,0,100000,3                         
TEL,22175,S6,3498,1072,2944,0,100000,0                         
TEL,22176,S6,3498,1072,2944,0,100000,1                         
TEL,22177,S6,3498,1072,2944,0,100000,2                         
TEL,22178,S6,3498,1072,2944,0,100000,3                         
BTN,160,S6,PRESSED,22179,450272513,450272530,450272532         
TEL,22180,S6,3498,1072,2944,0,100000,0                         
TEL,22181,S6,3498,1072,2944,0,100000,1                         
TEL,22182,S6,3498,1072,2944,0,100000,2                         
TEL,22183,S6,3498,1072,2944,0,100000,3                         
TEL,22184,S6,3498,1072,2944,0,100000,0                         
TEL,22185,S6,3498,1072,2944,0,100000,1                         
TEL,22186,S6,3498,1072,2944,0,100000,2                         
TEL,22187,S6,3498,1072,2944,0,100000,3                         
TEL,22188,S6,3435,1070,2944,0,100000,0                         
TEL,22189,S6,3435,1070,2944,0,100000,1                         
TEL,22190,S6,3435,1070,2944,0,100000,2                         
TEL,22191,S6,3435,1070,2944,0,100000,3                         
TEL,22192,S6,3373,1068,2944,0,100000,0                         
TEL,22193,S6,3373,1068,2944,0,100000,1                         
TEL,22194,S6,3373,1068,2944,0,100000,2                         
TEL,22195,S6,3373,1068,2944,0,100000,3                         
TEL,22196,S6,3498,1072,2944,0,100000,0                         
TEL,22197,S6,3498,1072,2944,0,100000,1                         
TEL,22198,S6,3498,1072,2944,0,100000,2                         
TEL,22199,S6,3498,1072,2944,0,100000,3                         
TEL,22200,S6,3373,1068,2944,0,100000,0                         
TEL,22201,S6,3373,1068,2944,0,100000,1                         
TEL,22202,S6,3373,1068,2944,0,100000,2                         
TEL,22203,S6,3373,1068,2944,0,100000,3                         
TEL,22204,S6,3373,1068,2944,0,100000,0                         
TEL,22205,S6,3373,1068,2944,0,100000,1                         
TEL,22206,S6,3373,1068,2944,0,100000,2                         
TEL,22207,S6,3373,1068,2944,0,100000,3                         
TEL,22208,S6,3498,1072,2944,0,100000,0                         
TEL,22209,S6,3498,1072,2944,0,100000,1                         
TEL,22210,S6,3498,1072,2944,0,100000,2                         
TEL,22211,S6,3498,1072,2944,0,100000,3                         
TEL,22212,S6,3435,1070,2944,0,100000,0                         
TEL,22213,S6,3435,1070,2944,0,100000,1                         
TEL,22214,S6,3435,1070,2944,0,100000,2                         
TEL,22215,S6,3435,1070,2944,0,100000,3                         
TEL,22216,S6,3435,1070,2944,0,100000,0                         
TEL,22217,S6,3435,1070,2944,0,100000,1                         
TEL,22218,S6,3435,1070,2944,0,100000,2                         
TEL,22219,S6,3435,1070,2944,0,100000,3                         
TEL,22220,S6,3498,1072,2944,0,100000,0                         
TEL,22221,S6,3498,1072,2944,0,100000,1                         
TEL,22222,S6,3498,1072,2944,0,100000,2                         
TEL,22223,S6,3498,1072,2944,0,100000,3                         
TEL,22224,S6,3498,1072,2944,0,100000,0                         
TEL,22225,S6,3498,1072,2944,0,100000,1                         
TEL,22226,S6,3498,1072,2944,0,100000,2                         
TEL,22227,S6,3498,1072,2944,0,100000,3                         
TEL,22228,S6,3373,1068,2944,0,100000,0                         
TEL,22229,S6,3373,1068,2944,0,100000,1                         
TEL,22230,S6,3373,1068,2944,0,100000,2                         
TEL,22231,S6,3373,1068,2944,0,100000,3                         
TEL,22232,S6,3373,1068,2944,0,100000,0                         
TEL,22233,S6,3373,1068,2944,0,100000,1                         
TEL,22234,S6,3373,1068,2944,0,100000,2                         
TEL,22235,S6,3373,1068,2944,0,100000,3                         
TEL,22236,S6,3435,1070,2944,0,100000,0                         
TEL,22237,S6,3435,1070,2944,0,100000,1                         
TEL,22238,S6,3435,1070,2944,0,100000,2                         
TEL,22239,S6,3435,1070,2944,0,100000,3                         
BTN,161,S6,PRESSED,22240,451742716,451742733,451742735         
TEL,22241,S6,3435,1070,2944,0,100000,0                         
TEL,22242,S6,3435,1070,2944,0,100000,1                         
TEL,22243,S6,3435,1070,2944,0,100000,2                         
TEL,22244,S6,3435,1070,2944,0,100000,3                         
TEL,22245,S6,3498,1072,2944,0,100000,0                         
TEL,22246,S6,3498,1072,2944,0,100000,1                         
TEL,22247,S6,3498,1072,2944,0,100000,2                         
TEL,22248,S6,3498,1072,2944,0,100000,3                         
TEL,22249,S6,3342,1066,2944,0,100000,0                         
TEL,22250,S6,3342,1066,2944,0,100000,1                         
TEL,22251,S6,3342,1066,2944,0,100000,2                         
TEL,22252,S6,3342,1066,2944,0,100000,3                         
TEL,22253,S6,3435,1070,2944,0,100000,0                         
TEL,22254,S6,3435,1070,2944,0,100000,1                         
TEL,22255,S6,3435,1070,2944,0,100000,2                         
TEL,22256,S6,3435,1070,2944,0,100000,3                         
TEL,22257,S6,3498,1072,2944,0,100000,0                         
TEL,22258,S6,3498,1072,2944,0,100000,1                         
TEL,22259,S6,3498,1072,2944,0,100000,2                         
TEL,22260,S6,3498,1072,2944,0,100000,3                         
TEL,22261,S6,3435,1070,2944,0,100000,0                         
TEL,22262,S6,3435,1070,2944,0,100000,1                         
TEL,22263,S6,3435,1070,2944,0,100000,2                         
TEL,22264,S6,3435,1070,2944,0,100000,3                         
TEL,22265,S6,3435,1070,2944,0,100000,0                         
TEL,22266,S6,3435,1070,2944,0,100000,1                         
TEL,22267,S6,3435,1070,2944,0,100000,2                         
TEL,22268,S6,3435,1070,2944,0,100000,3                         
TEL,22269,S6,3498,1072,2944,0,100000,0                         
TEL,22270,S6,3498,1072,2944,0,100000,1                         
TEL,22271,S6,3498,1072,2944,0,100000,2                         
TEL,22272,S6,3498,1072,2944,0,100000,3                         
TEL,22273,S6,3373,1068,2944,0,100000,0                         
TEL,22274,S6,3373,1068,2944,0,100000,1                         
TEL,22275,S6,3373,1068,2944,0,100000,2                         
TEL,22276,S6,3373,1068,2944,0,100000,3                         
TEL,22277,S6,3498,1072,2944,0,100000,0                         
TEL,22278,S6,3498,1072,2944,0,100000,1                         
TEL,22279,S6,3498,1072,2944,0,100000,2                         
TEL,22280,S6,3498,1072,2944,0,100000,3                         
BTN,162,S6,PRESSED,22281,452714058,452714075,452714077         
TEL,22282,S6,3498,1072,2944,0,100000,0                         
TEL,22283,S6,3498,1072,2944,0,100000,1                         
TEL,22284,S6,3498,1072,2944,0,100000,2                         
TEL,22285,S6,3498,1072,2944,0,100000,3                         
TEL,22286,S6,3498,1072,2944,0,100000,0                         
TEL,22287,S6,3498,1072,2944,0,100000,1                         
TEL,22288,S6,3498,1072,2944,0,100000,2                         
TEL,22289,S6,3498,1072,2944,0,100000,3                         
TEL,22290,S6,3342,1066,2944,0,100000,0                         
TEL,22291,S6,3342,1066,2944,0,100000,1                         
TEL,22292,S6,3342,1066,2944,0,100000,2                         
TEL,22293,S6,3342,1066,2944,0,100000,3                         
TEL,22294,S6,3373,1068,2944,0,100000,0                         
TEL,22295,S6,3373,1068,2944,0,100000,1                         
TEL,22296,S6,3373,1068,2944,0,100000,2                         
TEL,22297,S6,3373,1068,2944,0,100000,3                         
TEL,22298,S6,3404,1069,2944,0,100000,0                         
TEL,22299,S6,3404,1069,2944,0,100000,1                         
TEL,22300,S6,3404,1069,2944,0,100000,2                         
TEL,22301,S6,3404,1069,2944,0,100000,3                         
TEL,22302,S6,3373,1068,2944,0,100000,0                         
TEL,22303,S6,3373,1068,2944,0,100000,1                         
TEL,22304,S6,3373,1068,2944,0,100000,2                         
TEL,22305,S6,3373,1068,2944,0,100000,3                         
TEL,22306,S6,3435,1070,2944,0,100000,0                         
TEL,22307,S6,3435,1070,2944,0,100000,1                         
TEL,22308,S6,3435,1070,2944,0,100000,2                         
TEL,22309,S6,3435,1070,2944,0,100000,3                         
TEL,22310,S6,3404,1069,2944,0,100000,0                         
TEL,22311,S6,3404,1069,2944,0,100000,1                         
TEL,22312,S6,3404,1069,2944,0,100000,2                         
TEL,22313,S6,3404,1069,2944,0,100000,3                         
TEL,22314,S6,3435,1070,2944,0,100000,0                         
TEL,22315,S6,3435,1070,2944,0,100000,1                         
TEL,22316,S6,3435,1070,2944,0,100000,2                         
TEL,22317,S6,3435,1070,2944,0,100000,3                         
TEL,22318,S6,3373,1068,2944,0,100000,0                         
TEL,22319,S6,3373,1068,2944,0,100000,1                         
TEL,22320,S6,3373,1068,2944,0,100000,2                         
TEL,22321,S6,3373,1068,2944,0,100000,3                         
TEL,22322,S6,3373,1068,2944,0,100000,0                         
TEL,22323,S6,3373,1068,2944,0,100000,1                         
TEL,22324,S6,3373,1068,2944,0,100000,2                         
TEL,22325,S6,3373,1068,2944,0,100000,3                         
TEL,22326,S6,3373,1068,2944,0,100000,0                         
TEL,22327,S6,3373,1068,2944,0,100000,1                         
TEL,22328,S6,3373,1068,2944,0,100000,2                         
TEL,22329,S6,3373,1068,2944,0,100000,3                         
TEL,22330,S6,3404,1069,2944,0,100000,0                         
TEL,22331,S6,3404,1069,2944,0,100000,1                         
TEL,22332,S6,3404,1069,2944,0,100000,2                         
TEL,22333,S6,3404,1069,2944,0,100000,3                         
TEL,22334,S6,3498,1072,2944,0,100000,0                         
TEL,22335,S6,3498,1072,2944,0,100000,1                         
TEL,22336,S6,3498,1072,2944,0,100000,2                         
TEL,22337,S6,3498,1072,2944,0,100000,3                         
TEL,22338,S6,3435,1070,2944,0,100000,0                         
TEL,22339,S6,3435,1070,2944,0,100000,1                         
TEL,22340,S6,3435,1070,2944,0,100000,2                         
TEL,22341,S6,3435,1070,2944,0,100000,3                         
TEL,22342,S6,3498,1072,2944,0,100000,0                         
TEL,22343,S6,3498,1072,2944,0,100000,1                         
TEL,22344,S6,3498,1072,2944,0,100000,2                         
TEL,22345,S6,3498,1072,2944,0,100000,3                         
BTN,163,S6,PRESSED,22346,454335849,454335867,454335868         
TEL,22347,S6,3498,1072,2944,0,100000,0                         
TEL,22348,S6,3498,1072,2944,0,100000,1                         
TEL,22349,S6,3498,1072,2944,0,100000,2                         
TEL,22350,S6,3498,1072,2944,0,100000,3                         
TEL,22351,S6,3435,1070,2944,0,100000,0                         
TEL,22352,S6,3435,1070,2944,0,100000,1                         
TEL,22353,S6,3435,1070,2944,0,100000,2                         
TEL,22354,S6,3435,1070,2944,0,100000,3                         
TEL,22355,S6,3435,1070,2944,0,100000,0                         
TEL,22356,S6,3435,1070,2944,0,100000,1                         
TEL,22357,S6,3435,1070,2944,0,100000,2                         
TEL,22358,S6,3435,1070,2944,0,100000,3                         
TEL,22359,S6,3498,1072,2944,0,100000,0                         
TEL,22360,S6,3498,1072,2944,0,100000,1                         
TEL,22361,S6,3498,1072,2944,0,100000,2                         
TEL,22362,S6,3498,1072,2944,0,100000,3                         
TEL,22363,S6,3404,1069,2944,0,100000,0                         
TEL,22364,S6,3404,1069,2944,0,100000,1                         
TEL,22365,S6,3404,1069,2944,0,100000,2                         
TEL,22366,S6,3404,1069,2944,0,100000,3                         
TEL,22367,S6,3404,1069,2944,0,100000,0                         
TEL,22368,S6,3404,1069,2944,0,100000,1                         
TEL,22369,S6,3404,1069,2944,0,100000,2                         
TEL,22370,S6,3404,1069,2944,0,100000,3                         
TEL,22371,S6,3498,1072,2944,0,100000,0                         
TEL,22372,S6,3498,1072,2944,0,100000,1                         
TEL,22373,S6,3498,1072,2944,0,100000,2                         
TEL,22374,S6,3498,1072,2944,0,100000,3                         
TEL,22375,S6,3435,1070,2944,0,100000,0                         
TEL,22376,S6,3435,1070,2944,0,100000,1                         
TEL,22377,S6,3435,1070,2944,0,100000,2                         
TEL,22378,S6,3435,1070,2944,0,100000,3                         
TEL,22379,S6,3498,1072,2944,0,100000,0                         
TEL,22380,S6,3498,1072,2944,0,100000,1                         
TEL,22381,S6,3498,1072,2944,0,100000,2                         
TEL,22382,S6,3498,1072,2944,0,100000,3                         
TEL,22383,S6,3435,1070,2944,0,100000,0                         
TEL,22384,S6,3435,1070,2944,0,100000,1                         
TEL,22385,S6,3435,1070,2944,0,100000,2                         
TEL,22386,S6,3435,1070,2944,0,100000,3                         
TEL,22387,S6,3373,1068,2944,0,100000,0                         
TEL,22388,S6,3373,1068,2944,0,100000,1                         
TEL,22389,S6,3373,1068,2944,0,100000,2                         
TEL,22390,S6,3373,1068,2944,0,100000,3                         
TEL,22391,S6,3435,1070,2944,0,100000,0                         
TEL,22392,S6,3435,1070,2944,0,100000,1                         
TEL,22393,S6,3435,1070,2944,0,100000,2                         
TEL,22394,S6,3435,1070,2944,0,100000,3                         
TEL,22395,S6,3435,1070,2944,0,100000,0                         
TEL,22396,S6,3435,1070,2944,0,100000,1                         
TEL,22397,S6,3435,1070,2944,0,100000,2                         
TEL,22398,S6,3435,1070,2944,0,100000,3                         
TEL,22399,S6,3435,1070,2944,0,100000,0                         
TEL,22400,S6,3435,1070,2944,0,100000,1                         
TEL,22401,S6,3435,1070,2944,0,100000,2                         
TEL,22402,S6,3435,1070,2944,0,100000,3                         
TEL,22403,S6,3404,1069,2944,0,100000,0                         
BTN,164,S6,PRESSED,22404,455781441,455781462,455781464         
TEL,22405,S6,3404,1069,2944,0,100000,1                         
TEL,22406,S6,3404,1069,2944,0,100000,2                         
TEL,22407,S6,3404,1069,2944,0,100000,3                         
TEL,22408,S6,3498,1072,2944,0,100000,0                         
TEL,22409,S6,3498,1072,2944,0,100000,1                         
TEL,22410,S6,3498,1072,2944,0,100000,2                         
TEL,22411,S6,3498,1072,2944,0,100000,3                         
TEL,22412,S6,3373,1068,2944,0,100000,0                         
TEL,22413,S6,3373,1068,2944,0,100000,1                         
TEL,22414,S6,3373,1068,2944,0,100000,2                         
TEL,22415,S6,3373,1068,2944,0,100000,3                         
TEL,22416,S6,3373,1068,2944,0,100000,0                         
TEL,22417,S6,3373,1068,2944,0,100000,1                         
TEL,22418,S6,3373,1068,2944,0,100000,2                         
TEL,22419,S6,3373,1068,2944,0,100000,3                         
TEL,22420,S6,3373,1068,2944,0,100000,0                         
TEL,22421,S6,3373,1068,2944,0,100000,1                         
TEL,22422,S6,3373,1068,2944,0,100000,2                         
TEL,22423,S6,3373,1068,2944,0,100000,3                         
TEL,22424,S6,3498,1072,2944,0,100000,0                         
TEL,22425,S6,3498,1072,2944,0,100000,1                         
TEL,22426,S6,3498,1072,2944,0,100000,2                         
TEL,22427,S6,3498,1072,2944,0,100000,3                         
TEL,22428,S6,3435,1070,2944,0,100000,0                         
TEL,22429,S6,3435,1070,2944,0,100000,1                         
TEL,22430,S6,3435,1070,2944,0,100000,2                         
TEL,22431,S6,3435,1070,2944,0,100000,3                         
TEL,22432,S6,3373,1068,2944,0,100000,0                         
TEL,22433,S6,3373,1068,2944,0,100000,1                         
TEL,22434,S6,3373,1068,2944,0,100000,2                         
TEL,22435,S6,3373,1068,2944,0,100000,3                         
TEL,22436,S6,3373,1068,2944,0,100000,0                         
TEL,22437,S6,3373,1068,2944,0,100000,1                         
TEL,22438,S6,3373,1068,2944,0,100000,2                         
TEL,22439,S6,3373,1068,2944,0,100000,3                         
TEL,22440,S6,3435,1070,2944,0,100000,0                         
TEL,22441,S6,3435,1070,2944,0,100000,1                         
TEL,22442,S6,3435,1070,2944,0,100000,2                         
TEL,22443,S6,3435,1070,2944,0,100000,3                         
TEL,22444,S6,3435,1070,2944,0,100000,0                         
TEL,22445,S6,3435,1070,2944,0,100000,1                         
TEL,22446,S6,3435,1070,2944,0,100000,2                         
TEL,22447,S6,3435,1070,2944,0,100000,3                         
TEL,22448,S6,3373,1068,2944,0,100000,0                         
TEL,22449,S6,3373,1068,2944,0,100000,1                         
TEL,22450,S6,3373,1068,2944,0,100000,2                         
TEL,22451,S6,3373,1068,2944,0,100000,3                         
TEL,22452,S6,3498,1072,2944,0,100000,0                         
TEL,22453,S6,3498,1072,2944,0,100000,1                         
TEL,22454,S6,3498,1072,2944,0,100000,2                         
TEL,22455,S6,3498,1072,2944,0,100000,3                         
TEL,22456,S6,3373,1068,2944,0,100000,0                         
TEL,22457,S6,3373,1068,2944,0,100000,1                         
TEL,22458,S6,3373,1068,2944,0,100000,2                         
TEL,22459,S6,3373,1068,2944,0,100000,3                         
BTN,165,S6,PRESSED,22460,457095768,457095786,457095787         
TEL,22461,S6,3373,1068,2944,0,100000,0                         
TEL,22462,S6,3373,1068,2944,0,100000,1                         
TEL,22463,S6,3373,1068,2944,0,100000,2                         
TEL,22464,S6,3373,1068,2944,0,100000,3                         
TEL,22465,S6,3498,1072,2944,0,100000,0                         
TEL,22466,S6,3498,1072,2944,0,100000,1                         
TEL,22467,S6,3498,1072,2944,0,100000,2                         
TEL,22468,S6,3498,1072,2944,0,100000,3                         
TEL,22469,S6,3498,1072,2944,0,100000,0                         
TEL,22470,S6,3498,1072,2944,0,100000,1                         
TEL,22471,S6,3498,1072,2944,0,100000,2                         
TEL,22472,S6,3498,1072,2944,0,100000,3                         
TEL,22473,S6,3498,1072,2944,0,100000,0                         
TEL,22474,S6,3498,1072,2944,0,100000,1                         
TEL,22475,S6,3498,1072,2944,0,100000,2                         
TEL,22476,S6,3498,1072,2944,0,100000,3                         
TEL,22477,S6,3435,1070,2944,0,100000,0                         
TEL,22478,S6,3435,1070,2944,0,100000,1                         
TEL,22479,S6,3435,1070,2944,0,100000,2                         
TEL,22480,S6,3435,1070,2944,0,100000,3                         
TEL,22481,S6,3498,1072,2944,0,100000,0                         
TEL,22482,S6,3498,1072,2944,0,100000,1                         
TEL,22483,S6,3498,1072,2944,0,100000,2                         
TEL,22484,S6,3498,1072,2944,0,100000,3                         
TEL,22485,S6,3498,1072,2944,0,100000,0                         
TEL,22486,S6,3498,1072,2944,0,100000,1                         
TEL,22487,S6,3498,1072,2944,0,100000,2                         
TEL,22488,S6,3498,1072,2944,0,100000,3                         
TEL,22489,S6,3373,1068,2944,0,100000,0                         
TEL,22490,S6,3373,1068,2944,0,100000,1                         
TEL,22491,S6,3373,1068,2944,0,100000,2                         
TEL,22492,S6,3373,1068,2944,0,100000,3                         
TEL,22493,S6,3373,1068,2944,0,100000,0                         
TEL,22494,S6,3373,1068,2944,0,100000,1                         
TEL,22495,S6,3373,1068,2944,0,100000,2                         
TEL,22496,S6,3373,1068,2944,0,100000,3                         
TEL,22497,S6,3435,1070,2944,0,100000,0                         
TEL,22498,S6,3435,1070,2944,0,100000,1                         
TEL,22499,S6,3435,1070,2944,0,100000,2                         
TEL,22500,S6,3435,1070,2944,0,100000,3                         
TEL,22501,S6,3404,1069,2944,0,100000,0                         
TEL,22502,S6,3404,1069,2944,0,100000,1                         
TEL,22503,S6,3404,1069,2944,0,100000,2                         
TEL,22504,S6,3404,1069,2944,0,100000,3                         
TEL,22505,S6,3435,1070,2944,0,100000,0                         
TEL,22506,S6,3435,1070,2944,0,100000,1                         
TEL,22507,S6,3435,1070,2944,0,100000,2                         
TEL,22508,S6,3435,1070,2944,0,100000,3                         
TEL,22509,S6,3435,1070,2944,0,100000,0                         
TEL,22510,S6,3435,1070,2944,0,100000,1                         
TEL,22511,S6,3435,1070,2944,0,100000,2                         
TEL,22512,S6,3435,1070,2944,0,100000,3                         
TEL,22513,S6,3373,1068,2944,0,100000,0                         
TEL,22514,S6,3373,1068,2944,0,100000,1                         
TEL,22515,S6,3373,1068,2944,0,100000,2                         
TEL,22516,S6,3373,1068,2944,0,100000,3                         
TEL,22517,S6,3404,1069,2944,0,100000,0                         
TEL,22518,S6,3404,1069,2944,0,100000,1                         
TEL,22519,S6,3404,1069,2944,0,100000,2                         
TEL,22520,S6,3404,1069,2944,0,100000,3                         
BTN,166,S6,PRESSED,22521,458617268,458617285,458617287         
TEL,22522,S6,3498,1072,2944,0,100000,0                         
TEL,22523,S6,3498,1072,2944,0,100000,1                         
TEL,22524,S6,3498,1072,2944,0,100000,2                         
TEL,22525,S6,3498,1072,2944,0,100000,3                         
TEL,22526,S6,3498,1072,2944,0,100000,0                         
TEL,22527,S6,3498,1072,2944,0,100000,1                         
TEL,22528,S6,3498,1072,2944,0,100000,2                         
TEL,22529,S6,3498,1072,2944,0,100000,3                         
TEL,22530,S6,3404,1069,2944,0,100000,0                         
TEL,22531,S6,3404,1069,2944,0,100000,1                         
TEL,22532,S6,3404,1069,2944,0,100000,2                         
TEL,22533,S6,3404,1069,2944,0,100000,3                         
TEL,22534,S6,3435,1070,2944,0,100000,0                         
TEL,22535,S6,3435,1070,2944,0,100000,1                         
TEL,22536,S6,3435,1070,2944,0,100000,2                         
TEL,22537,S6,3435,1070,2944,0,100000,3                         
TEL,22538,S6,3498,1072,2944,0,100000,0                         
TEL,22539,S6,3498,1072,2944,0,100000,1                         
TEL,22540,S6,3498,1072,2944,0,100000,2                         
TEL,22541,S6,3498,1072,2944,0,100000,3                         
TEL,22542,S6,3373,1068,2944,0,100000,0                         
TEL,22543,S6,3373,1068,2944,0,100000,1                         
TEL,22544,S6,3373,1068,2944,0,100000,2                         
TEL,22545,S6,3373,1068,2944,0,100000,3                         
TEL,22546,S6,3404,1069,2944,0,100000,0                         
TEL,22547,S6,3404,1069,2944,0,100000,1                         
TEL,22548,S6,3404,1069,2944,0,100000,2                         
TEL,22549,S6,3404,1069,2944,0,100000,3                         
TEL,22550,S6,3498,1072,2944,0,100000,0                         
TEL,22551,S6,3498,1072,2944,0,100000,1                         
TEL,22552,S6,3498,1072,2944,0,100000,2                         
TEL,22553,S6,3498,1072,2944,0,100000,3                         
TEL,22554,S6,3280,1064,2944,0,100000,0                         
TEL,22555,S6,3280,1064,2944,0,100000,1                         
TEL,22556,S6,3280,1064,2944,0,100000,2                         
TEL,22557,S6,3280,1064,2944,0,100000,3                         
TEL,22558,S6,3435,1070,2944,0,100000,0                         
TEL,22559,S6,3435,1070,2944,0,100000,1                         
TEL,22560,S6,3435,1070,2944,0,100000,2                         
TEL,22561,S6,3435,1070,2944,0,100000,3                         
TEL,22562,S6,3373,1068,2944,0,100000,0                         
TEL,22563,S6,3373,1068,2944,0,100000,1                         
TEL,22564,S6,3373,1068,2944,0,100000,2                         
TEL,22565,S6,3373,1068,2944,0,100000,3                         
TEL,22566,S6,3498,1072,2944,0,100000,0                         
TEL,22567,S6,3498,1072,2944,0,100000,1                         
TEL,22568,S6,3498,1072,2944,0,100000,2                         
TEL,22569,S6,3498,1072,2944,0,100000,3                         
TEL,22570,S6,3498,1072,2944,0,100000,0                         
TEL,22571,S6,3498,1072,2944,0,100000,1                         
TEL,22572,S6,3498,1072,2944,0,100000,2                         
TEL,22573,S6,3498,1072,2944,0,100000,3                         
TEL,22574,S6,3404,1069,2944,0,100000,0                         
TEL,22575,S6,3404,1069,2944,0,100000,1                         
TEL,22576,S6,3404,1069,2944,0,100000,2                         
TEL,22577,S6,3404,1069,2944,0,100000,3                         
TEL,22578,S6,3435,1070,2944,0,100000,0                         
TEL,22579,S6,3435,1070,2944,0,100000,1                         
TEL,22580,S6,3435,1070,2944,0,100000,2                         
TEL,22581,S6,3435,1070,2944,0,100000,3                         
BTN,167,S6,PRESSED,22582,460173569,460173586,460173588         
TEL,22583,S6,3435,1070,2944,0,100000,0                         
TEL,22584,S6,3435,1070,2944,0,100000,1                         
TEL,22585,S6,3435,1070,2944,0,100000,2                         
TEL,22586,S6,3435,1070,2944,0,100000,3                         
TEL,22587,S6,3435,1070,2944,0,100000,0                         
TEL,22588,S6,3435,1070,2944,0,100000,1                         
TEL,22589,S6,3435,1070,2944,0,100000,2                         
TEL,22590,S6,3435,1070,2944,0,100000,3                         
TEL,22591,S6,3404,1069,2944,0,100000,0                         
TEL,22592,S6,3404,1069,2944,0,100000,1                         
TEL,22593,S6,3404,1069,2944,0,100000,2                         
TEL,22594,S6,3404,1069,2944,0,100000,3                         
TEL,22595,S6,3498,1072,2944,0,100000,0                         
TEL,22596,S6,3498,1072,2944,0,100000,1                         
TEL,22597,S6,3498,1072,2944,0,100000,2                         
TEL,22598,S6,3498,1072,2944,0,100000,3                         
TEL,22599,S6,3435,1070,2944,0,100000,0                         
TEL,22600,S6,3435,1070,2944,0,100000,1                         
TEL,22601,S6,3435,1070,2944,0,100000,2                         
TEL,22602,S6,3435,1070,2944,0,100000,3                         
TEL,22603,S6,3498,1072,2944,0,100000,0                         
TEL,22604,S6,3498,1072,2944,0,100000,1                         
TEL,22605,S6,3498,1072,2944,0,100000,2                         
TEL,22606,S6,3498,1072,2944,0,100000,3                         
TEL,22607,S6,3435,1070,2944,0,100000,0                         
TEL,22608,S6,3435,1070,2944,0,100000,1                         
TEL,22609,S6,3435,1070,2944,0,100000,2                         
TEL,22610,S6,3435,1070,2944,0,100000,3                         
TEL,22611,S6,3498,1072,2944,0,100000,0                         
TEL,22612,S6,3498,1072,2944,0,100000,1                         
TEL,22613,S6,3498,1072,2944,0,100000,2                         
TEL,22614,S6,3498,1072,2944,0,100000,3                         
TEL,22615,S6,3498,1072,2944,0,100000,0                         
TEL,22616,S6,3498,1072,2944,0,100000,1                         
TEL,22617,S6,3498,1072,2944,0,100000,2                         
TEL,22618,S6,3498,1072,2944,0,100000,3                         
TEL,22619,S6,3435,1070,2944,0,100000,0                         
TEL,22620,S6,3435,1070,2944,0,100000,1                         
TEL,22621,S6,3435,1070,2944,0,100000,2                         
TEL,22622,S6,3435,1070,2944,0,100000,3                         
TEL,22623,S6,3435,1070,2944,0,100000,0                         
TEL,22624,S6,3435,1070,2944,0,100000,1                         
TEL,22625,S6,3435,1070,2944,0,100000,2                         
TEL,22626,S6,3435,1070,2944,0,100000,3                         
TEL,22627,S6,3498,1072,2944,0,100000,0                         
TEL,22628,S6,3498,1072,2944,0,100000,1                         
TEL,22629,S6,3498,1072,2944,0,100000,2                         
TEL,22630,S6,3498,1072,2944,0,100000,3                         
TEL,22631,S6,3498,1072,2944,0,100000,0                         
TEL,22632,S6,3498,1072,2944,0,100000,1                         
TEL,22633,S6,3498,1072,2944,0,100000,2                         
TEL,22634,S6,3498,1072,2944,0,100000,3                         
TEL,22635,S6,3498,1072,2944,0,100000,0                         
TEL,22636,S6,3498,1072,2944,0,100000,1                         
TEL,22637,S6,3498,1072,2944,0,100000,2                         
TEL,22638,S6,3498,1072,2944,0,100000,3                         
TEL,22639,S6,3404,1069,2944,0,100000,0                         
TEL,22640,S6,3404,1069,2944,0,100000,1                         
TEL,22641,S6,3404,1069,2944,0,100000,2                         
TEL,22642,S6,3404,1069,2944,0,100000,3                         
TEL,22643,S6,3498,1072,2944,0,100000,0                         
TEL,22644,S6,3498,1072,2944,0,100000,1                         
TEL,22645,S6,3498,1072,2944,0,100000,2                         
TEL,22646,S6,3498,1072,2944,0,100000,3                         
BTN,168,S6,PRESSED,22647,461699577,461699595,461699597         
TEL,22648,S6,3373,1068,2944,0,100000,0                         
TEL,22649,S6,3373,1068,2944,0,100000,1                         
TEL,22650,S6,3373,1068,2944,0,100000,2                         
TEL,22651,S6,3373,1068,2944,0,100000,3                         
TEL,22652,S6,3498,1072,2944,0,100000,0                         
TEL,22653,S6,3498,1072,2944,0,100000,1                         
TEL,22654,S6,3498,1072,2944,0,100000,2                         
TEL,22655,S6,3498,1072,2944,0,100000,3                         
TEL,22656,S6,3435,1070,2944,0,100000,0                         
TEL,22657,S6,3435,1070,2944,0,100000,1                         
TEL,22658,S6,3435,1070,2944,0,100000,2                         
TEL,22659,S6,3435,1070,2944,0,100000,3                         
TEL,22660,S6,3435,1070,2944,0,100000,0                         
TEL,22661,S6,3435,1070,2944,0,100000,1                         
TEL,22662,S6,3435,1070,2944,0,100000,2                         
TEL,22663,S6,3435,1070,2944,0,100000,3                         
TEL,22664,S6,3435,1070,2944,0,100000,0                         
TEL,22665,S6,3435,1070,2944,0,100000,1                         
TEL,22666,S6,3435,1070,2944,0,100000,2                         
TEL,22667,S6,3435,1070,2944,0,100000,3                         
TEL,22668,S6,3373,1068,2944,0,100000,0                         
TEL,22669,S6,3373,1068,2944,0,100000,1                         
TEL,22670,S6,3373,1068,2944,0,100000,2                         
TEL,22671,S6,3373,1068,2944,0,100000,3                         
TEL,22672,S6,3498,1072,2944,0,100000,0                         
TEL,22673,S6,3498,1072,2944,0,100000,1                         
TEL,22674,S6,3498,1072,2944,0,100000,2                         
TEL,22675,S6,3498,1072,2944,0,100000,3                         
TEL,22676,S6,3435,1070,2944,0,100000,0                         
TEL,22677,S6,3435,1070,2944,0,100000,1                         
TEL,22678,S6,3435,1070,2944,0,100000,2                         
TEL,22679,S6,3435,1070,2944,0,100000,3                         
TEL,22680,S6,3404,1069,2944,0,100000,0                         
TEL,22681,S6,3404,1069,2944,0,100000,1                         
TEL,22682,S6,3404,1069,2944,0,100000,2                         
TEL,22683,S6,3404,1069,2944,0,100000,3                         
TEL,22684,S6,3404,1069,2944,0,100000,0                         
TEL,22685,S6,3404,1069,2944,0,100000,1                         
TEL,22686,S6,3404,1069,2944,0,100000,2                         
TEL,22687,S6,3404,1069,2944,0,100000,3                         
TEL,22688,S6,3498,1072,2944,0,100000,0                         
TEL,22689,S6,3498,1072,2944,0,100000,1                         
TEL,22690,S6,3498,1072,2944,0,100000,2                         
TEL,22691,S6,3498,1072,2944,0,100000,3                         
TEL,22692,S6,3435,1070,2944,0,100000,0                         
TEL,22693,S6,3435,1070,2944,0,100000,1                         
TEL,22694,S6,3435,1070,2944,0,100000,2                         
TEL,22695,S6,3435,1070,2944,0,100000,3                         
TEL,22696,S6,3435,1070,2944,0,100000,0                         
TEL,22697,S6,3435,1070,2944,0,100000,1                         
TEL,22698,S6,3435,1070,2944,0,100000,2                         
TEL,22699,S6,3435,1070,2944,0,100000,3                         
TEL,22700,S6,3404,1069,2944,0,100000,0                         
TEL,22701,S6,3404,1069,2944,0,100000,1                         
TEL,22702,S6,3404,1069,2944,0,100000,2                         
TEL,22703,S6,3404,1069,2944,0,100000,3                         
TEL,22704,S6,3435,1070,2944,0,100000,0                         
TEL,22705,S6,3435,1070,2944,0,100000,1                         
TEL,22706,S6,3435,1070,2944,0,100000,2                         
TEL,22707,S6,3435,1070,2944,0,100000,3                         
BTN,169,S6,PRESSED,22708,463223964,463223982,463223984         
TEL,22709,S6,3498,1072,2944,0,100000,0                         
TEL,22710,S6,3498,1072,2944,0,100000,1                         
TEL,22711,S6,3498,1072,2944,0,100000,2                         
TEL,22712,S6,3498,1072,2944,0,100000,3                         
TEL,22713,S6,3498,1072,2944,0,100000,0                         
TEL,22714,S6,3498,1072,2944,0,100000,1                         
TEL,22715,S6,3498,1072,2944,0,100000,2                         
TEL,22716,S6,3498,1072,2944,0,100000,3                         
TEL,22717,S6,3435,1070,2944,0,100000,0                         
TEL,22718,S6,3435,1070,2944,0,100000,1                         
TEL,22719,S6,3435,1070,2944,0,100000,2                         
TEL,22720,S6,3435,1070,2944,0,100000,3                         
TEL,22721,S6,3498,1072,2944,0,100000,0                         
TEL,22722,S6,3498,1072,2944,0,100000,1                         
TEL,22723,S6,3498,1072,2944,0,100000,2                         
TEL,22724,S6,3498,1072,2944,0,100000,3                         
TEL,22725,S6,3498,1072,2944,0,100000,0                         
TEL,22726,S6,3498,1072,2944,0,100000,1                         
TEL,22727,S6,3498,1072,2944,0,100000,2                         
TEL,22728,S6,3498,1072,2944,0,100000,3                         
TEL,22729,S6,3498,1072,2944,0,100000,0                         
TEL,22730,S6,3498,1072,2944,0,100000,1                         
TEL,22731,S6,3498,1072,2944,0,100000,2                         
TEL,22732,S6,3498,1072,2944,0,100000,3                         
TEL,22733,S6,3435,1070,2944,0,100000,0                         
TEL,22734,S6,3435,1070,2944,0,100000,1                         
TEL,22735,S6,3435,1070,2944,0,100000,2                         
TEL,22736,S6,3435,1070,2944,0,100000,3                         
TEL,22737,S6,3498,1072,2944,0,100000,0                         
TEL,22738,S6,3498,1072,2944,0,100000,1                         
TEL,22739,S6,3498,1072,2944,0,100000,2                         
TEL,22740,S6,3498,1072,2944,0,100000,3                         
TEL,22741,S6,3498,1072,2944,0,100000,0                         
TEL,22742,S6,3498,1072,2944,0,100000,1                         
TEL,22743,S6,3498,1072,2944,0,100000,2                         
TEL,22744,S6,3498,1072,2944,0,100000,3                         
TEL,22745,S6,3404,1069,2944,0,100000,0                         
TEL,22746,S6,3404,1069,2944,0,100000,1                         
TEL,22747,S6,3404,1069,2944,0,100000,2                         
TEL,22748,S6,3404,1069,2944,0,100000,3                         
TEL,22749,S6,3498,1072,2944,0,100000,0                         
TEL,22750,S6,3498,1072,2944,0,100000,1                         
TEL,22751,S6,3498,1072,2944,0,100000,2                         
TEL,22752,S6,3498,1072,2944,0,100000,3                         
TEL,22753,S6,3373,1068,2944,0,100000,0                         
TEL,22754,S6,3373,1068,2944,0,100000,1                         
TEL,22755,S6,3373,1068,2944,0,100000,2                         
TEL,22756,S6,3373,1068,2944,0,100000,3                         
TEL,22757,S6,3435,1070,2944,0,100000,0                         
TEL,22758,S6,3435,1070,2944,0,100000,1                         
TEL,22759,S6,3435,1070,2944,0,100000,2                         
TEL,22760,S6,3435,1070,2944,0,100000,3                         
TEL,22761,S6,3435,1070,2944,0,100000,0                         
TEL,22762,S6,3435,1070,2944,0,100000,1                         
TEL,22763,S6,3435,1070,2944,0,100000,2                         
TEL,22764,S6,3435,1070,2944,0,100000,3                         
BTN,170,S6,PRESSED,22765,464659607,464659625,464659627         
TEL,22766,S6,3404,1069,2944,0,100000,0                         
TEL,22767,S6,3404,1069,2944,0,100000,1                         
TEL,22768,S6,3404,1069,2944,0,100000,2                         
TEL,22769,S6,3404,1069,2944,0,100000,3                         
TEL,22770,S6,3435,1070,2944,0,100000,0                         
TEL,22771,S6,3435,1070,2944,0,100000,1                         
TEL,22772,S6,3435,1070,2944,0,100000,2                         
TEL,22773,S6,3435,1070,2944,0,100000,3                         
TEL,22774,S6,3435,1070,2944,0,100000,0                         
TEL,22775,S6,3435,1070,2944,0,100000,1                         
TEL,22776,S6,3435,1070,2944,0,100000,2                         
TEL,22777,S6,3435,1070,2944,0,100000,3                         
TEL,22778,S6,3404,1069,2944,0,100000,0                         
TEL,22779,S6,3404,1069,2944,0,100000,1                         
TEL,22780,S6,3404,1069,2944,0,100000,2                         
TEL,22781,S6,3404,1069,2944,0,100000,3                         
TEL,22782,S6,3435,1070,2944,0,100000,0                         
TEL,22783,S6,3435,1070,2944,0,100000,1                         
TEL,22784,S6,3435,1070,2944,0,100000,2                         
TEL,22785,S6,3435,1070,2944,0,100000,3                         
TEL,22786,S6,3435,1070,2944,0,100000,0                         
TEL,22787,S6,3435,1070,2944,0,100000,1                         
TEL,22788,S6,3435,1070,2944,0,100000,2                         
TEL,22789,S6,3435,1070,2944,0,100000,3                         
TEL,22790,S6,3435,1070,2944,0,100000,0                         
TEL,22791,S6,3435,1070,2944,0,100000,1                         
TEL,22792,S6,3435,1070,2944,0,100000,2                         
TEL,22793,S6,3435,1070,2944,0,100000,3                         
TEL,22794,S6,3435,1070,2944,0,100000,0                         
TEL,22795,S6,3435,1070,2944,0,100000,1                         
TEL,22796,S6,3435,1070,2944,0,100000,2                         
TEL,22797,S6,3435,1070,2944,0,100000,3                         
TEL,22798,S6,3373,1068,2944,0,100000,0                         
TEL,22799,S6,3373,1068,2944,0,100000,1                         
TEL,22800,S6,3373,1068,2944,0,100000,2                         
TEL,22801,S6,3373,1068,2944,0,100000,3                         
TEL,22802,S6,3435,1070,2944,0,100000,0                         
TEL,22803,S6,3435,1070,2944,0,100000,1                         
TEL,22804,S6,3435,1070,2944,0,100000,2                         
TEL,22805,S6,3435,1070,2944,0,100000,3                         
TEL,22806,S6,3435,1070,2944,0,100000,0                         
TEL,22807,S6,3435,1070,2944,0,100000,1                         
TEL,22808,S6,3435,1070,2944,0,100000,2                         
TEL,22809,S6,3435,1070,2944,0,100000,3                         
TEL,22810,S6,3435,1070,2944,0,100000,0                         
TEL,22811,S6,3435,1070,2944,0,100000,1                         
TEL,22812,S6,3435,1070,2944,0,100000,2                         
TEL,22813,S6,3435,1070,2944,0,100000,3                         
TEL,22814,S6,3498,1072,2944,0,100000,0                         
TEL,22815,S6,3498,1072,2944,0,100000,1                         
TEL,22816,S6,3498,1072,2944,0,100000,2                         
TEL,22817,S6,3498,1072,2944,0,100000,3                         
TEL,22818,S6,3373,1068,2944,0,100000,0                         
TEL,22819,S6,3373,1068,2944,0,100000,1                         
TEL,22820,S6,3373,1068,2944,0,100000,2                         
TEL,22821,S6,3373,1068,2944,0,100000,3                         
BTN,171,S6,PRESSED,22822,466008499,466008516,466008518         
TEL,22823,S6,3498,1072,2944,0,100000,0                         
TEL,22824,S6,3498,1072,2944,0,100000,1                         
TEL,22825,S6,3498,1072,2944,0,100000,2                         
TEL,22826,S6,3498,1072,2944,0,100000,3                         
TEL,22827,S6,3373,1068,2944,0,100000,0                         
TEL,22828,S6,3373,1068,2944,0,100000,1                         
TEL,22829,S6,3373,1068,2944,0,100000,2                         
TEL,22830,S6,3373,1068,2944,0,100000,3                         
TEL,22831,S6,3498,1072,2944,0,100000,0                         
TEL,22832,S6,3498,1072,2944,0,100000,1                         
TEL,22833,S6,3498,1072,2944,0,100000,2                         
TEL,22834,S6,3498,1072,2944,0,100000,3                         
TEL,22835,S6,3435,1070,2944,0,100000,0                         
TEL,22836,S6,3435,1070,2944,0,100000,1                         
TEL,22837,S6,3435,1070,2944,0,100000,2                         
TEL,22838,S6,3435,1070,2944,0,100000,3                         
TEL,22839,S6,3435,1070,2944,0,100000,0                         
TEL,22840,S6,3435,1070,2944,0,100000,1                         
TEL,22841,S6,3435,1070,2944,0,100000,2                         
TEL,22842,S6,3435,1070,2944,0,100000,3                         
TEL,22843,S6,3404,1069,2944,0,100000,0                         
TEL,22844,S6,3404,1069,2944,0,100000,1                         
TEL,22845,S6,3404,1069,2944,0,100000,2                         
TEL,22846,S6,3404,1069,2944,0,100000,3                         
TEL,22847,S6,3404,1069,2944,0,100000,0                         
TEL,22848,S6,3404,1069,2944,0,100000,1                         
TEL,22849,S6,3404,1069,2944,0,100000,2                         
TEL,22850,S6,3404,1069,2944,0,100000,3                         
TEL,22851,S6,3498,1072,2944,0,100000,0                         
TEL,22852,S6,3498,1072,2944,0,100000,1                         
TEL,22853,S6,3498,1072,2944,0,100000,2                         
TEL,22854,S6,3498,1072,2944,0,100000,3                         
TEL,22855,S6,3404,1069,2944,0,100000,0                         
TEL,22856,S6,3404,1069,2944,0,100000,1                         
TEL,22857,S6,3404,1069,2944,0,100000,2                         
TEL,22858,S6,3404,1069,2944,0,100000,3                         
TEL,22859,S6,3435,1070,2944,0,100000,0                         
TEL,22860,S6,3435,1070,2944,0,100000,1                         
TEL,22861,S6,3435,1070,2944,0,100000,2                         
TEL,22862,S6,3435,1070,2944,0,100000,3                         
TEL,22863,S6,3435,1070,2944,0,100000,0                         
TEL,22864,S6,3435,1070,2944,0,100000,1                         
TEL,22865,S6,3435,1070,2944,0,100000,2                         
TEL,22866,S6,3435,1070,2944,0,100000,3                         
TEL,22867,S6,3373,1068,2944,0,100000,0                         
TEL,22868,S6,3373,1068,2944,0,100000,1                         
TEL,22869,S6,3373,1068,2944,0,100000,2                         
TEL,22870,S6,3373,1068,2944,0,100000,3                         
TEL,22871,S6,3498,1072,2944,0,100000,0                         
TEL,22872,S6,3498,1072,2944,0,100000,1                         
TEL,22873,S6,3498,1072,2944,0,100000,2                         
TEL,22874,S6,3498,1072,2944,0,100000,3                         
BTN,172,S6,PRESSED,22875,467375172,467375190,467375192         
TEL,22876,S6,3435,1070,2944,0,100000,0                         
TEL,22877,S6,3435,1070,2944,0,100000,1                         
TEL,22878,S6,3435,1070,2944,0,100000,2                         
TEL,22879,S6,3435,1070,2944,0,100000,3                         
TEL,22880,S6,3560,1074,2944,0,100000,0                         
TEL,22881,S6,3560,1074,2944,0,100000,1                         
TEL,22882,S6,3560,1074,2944,0,100000,2                         
TEL,22883,S6,3560,1074,2944,0,100000,3                         
TEL,22884,S6,3498,1072,2944,0,100000,0                         
TEL,22885,S6,3498,1072,2944,0,100000,1                         
TEL,22886,S6,3498,1072,2944,0,100000,2                         
TEL,22887,S6,3498,1072,2944,0,100000,3                         
TEL,22888,S6,3435,1070,2944,0,100000,0                         
TEL,22889,S6,3435,1070,2944,0,100000,1                         
TEL,22890,S6,3435,1070,2944,0,100000,2                         
TEL,22891,S6,3435,1070,2944,0,100000,3                         
TEL,22892,S6,3373,1068,2944,0,100000,0                         
TEL,22893,S6,3373,1068,2944,0,100000,1                         
TEL,22894,S6,3373,1068,2944,0,100000,2                         
TEL,22895,S6,3373,1068,2944,0,100000,3                         
TEL,22896,S6,3498,1072,2944,0,100000,0                         
TEL,22897,S6,3498,1072,2944,0,100000,1                         
TEL,22898,S6,3498,1072,2944,0,100000,2                         
TEL,22899,S6,3498,1072,2944,0,100000,3                         
TEL,22900,S6,3404,1069,2944,0,100000,0                         
TEL,22901,S6,3404,1069,2944,0,100000,1                         
TEL,22902,S6,3404,1069,2944,0,100000,2                         
TEL,22903,S6,3404,1069,2944,0,100000,3                         
TEL,22904,S6,3373,1068,2944,0,100000,0                         
TEL,22905,S6,3373,1068,2944,0,100000,1                         
TEL,22906,S6,3373,1068,2944,0,100000,2                         
TEL,22907,S6,3373,1068,2944,0,100000,3                         
TEL,22908,S6,3435,1070,2944,0,100000,0                         
TEL,22909,S6,3435,1070,2944,0,100000,1                         
TEL,22910,S6,3435,1070,2944,0,100000,2                         
TEL,22911,S6,3435,1070,2944,0,100000,3                         
TEL,22912,S6,3435,1070,2944,0,100000,0                         
TEL,22913,S6,3435,1070,2944,0,100000,1                         
TEL,22914,S6,3435,1070,2944,0,100000,2                         
TEL,22915,S6,3435,1070,2944,0,100000,3                         
TEL,22916,S6,3435,1070,2944,0,100000,0                         
TEL,22917,S6,3435,1070,2944,0,100000,1                         
TEL,22918,S6,3435,1070,2944,0,100000,2                         
TEL,22919,S6,3435,1070,2944,0,100000,3                         
TEL,22920,S6,3373,1068,2944,0,100000,0                         
TEL,22921,S6,3373,1068,2944,0,100000,1                         
TEL,22922,S6,3373,1068,2944,0,100000,2                         
TEL,22923,S6,3373,1068,2944,0,100000,3                         
TEL,22924,S6,3435,1070,2944,0,100000,0                         
TEL,22925,S6,3435,1070,2944,0,100000,1                         
TEL,22926,S6,3435,1070,2944,0,100000,2                         
TEL,22927,S6,3435,1070,2944,0,100000,3                         
TEL,22928,S6,3498,1072,2944,0,100000,0                         
TEL,22929,S6,3498,1072,2944,0,100000,1                         
TEL,22930,S6,3498,1072,2944,0,100000,2                         
TEL,22931,S6,3498,1072,2944,0,100000,3                         
TEL,22932,S6,3373,1068,2944,0,100000,0                         
TEL,22933,S6,3373,1068,2944,0,100000,1                         
TEL,22934,S6,3373,1068,2944,0,100000,2                         
TEL,22935,S6,3373,1068,2944,0,100000,3                         
TEL,22936,S6,3404,1069,2944,0,100000,0                         
TEL,22937,S6,3404,1069,2944,0,100000,1                         
BTN,173,S6,PRESSED,22938,468882791,468882812,468882813         
TEL,22939,S6,3404,1069,2944,0,100000,2                         
TEL,22940,S6,3404,1069,2944,0,100000,3                         
TEL,22941,S6,3404,1069,2944,0,100000,0                         
TEL,22942,S6,3404,1069,2944,0,100000,1                         
TEL,22943,S6,3404,1069,2944,0,100000,2                         
TEL,22944,S6,3404,1069,2944,0,100000,3                         
TEL,22945,S6,3498,1072,2944,0,100000,0                         
TEL,22946,S6,3498,1072,2944,0,100000,1                         
TEL,22947,S6,3498,1072,2944,0,100000,2                         
TEL,22948,S6,3498,1072,2944,0,100000,3                         
TEL,22949,S6,3435,1070,2944,0,100000,0                         
TEL,22950,S6,3435,1070,2944,0,100000,1                         
TEL,22951,S6,3435,1070,2944,0,100000,2                         
TEL,22952,S6,3435,1070,2944,0,100000,3                         
TEL,22953,S6,3498,1072,2944,0,100000,0                         
TEL,22954,S6,3498,1072,2944,0,100000,1                         
TEL,22955,S6,3498,1072,2944,0,100000,2                         
TEL,22956,S6,3498,1072,2944,0,100000,3                         
TEL,22957,S6,3404,1069,2944,0,100000,0                         
TEL,22958,S6,3404,1069,2944,0,100000,1                         
TEL,22959,S6,3404,1069,2944,0,100000,2                         
TEL,22960,S6,3404,1069,2944,0,100000,3                         
TEL,22961,S6,3435,1070,2944,0,100000,0                         
TEL,22962,S6,3435,1070,2944,0,100000,1                         
TEL,22963,S6,3435,1070,2944,0,100000,2                         
TEL,22964,S6,3435,1070,2944,0,100000,3                         
TEL,22965,S6,3404,1069,2944,0,100000,0                         
TEL,22966,S6,3404,1069,2944,0,100000,1                         
TEL,22967,S6,3404,1069,2944,0,100000,2                         
TEL,22968,S6,3404,1069,2944,0,100000,3                         
TEL,22969,S6,3435,1070,2944,0,100000,0                         
TEL,22970,S6,3435,1070,2944,0,100000,1                         
TEL,22971,S6,3435,1070,2944,0,100000,2                         
TEL,22972,S6,3435,1070,2944,0,100000,3                         
TEL,22973,S6,3498,1072,2944,0,100000,0                         
TEL,22974,S6,3498,1072,2944,0,100000,1                         
TEL,22975,S6,3498,1072,2944,0,100000,2                         
TEL,22976,S6,3498,1072,2944,0,100000,3                         
TEL,22977,S6,3498,1072,2944,0,100000,0                         
TEL,22978,S6,3498,1072,2944,0,100000,1                         
TEL,22979,S6,3498,1072,2944,0,100000,2                         
TEL,22980,S6,3498,1072,2944,0,100000,3                         
TEL,22981,S6,3498,1072,2944,0,100000,0                         
TEL,22982,S6,3498,1072,2944,0,100000,1                         
TEL,22983,S6,3498,1072,2944,0,100000,2                         
TEL,22984,S6,3498,1072,2944,0,100000,3                         
TEL,22985,S6,3435,1070,2944,0,100000,0                         
TEL,22986,S6,3435,1070,2944,0,100000,1                         
TEL,22987,S6,3435,1070,2944,0,100000,2                         
TEL,22988,S6,3435,1070,2944,0,100000,3                         
TEL,22989,S6,3404,1069,2944,0,100000,0                         
TEL,22990,S6,3404,1069,2944,0,100000,1                         
TEL,22991,S6,3404,1069,2944,0,100000,2                         
TEL,22992,S6,3404,1069,2944,0,100000,3                         
BTN,174,S6,PRESSED,22993,470273036,470273054,470273056         
TEL,22994,S6,3373,1068,2944,0,100000,0                         
TEL,22995,S6,3373,1068,2944,0,100000,1                         
TEL,22996,S6,3373,1068,2944,0,100000,2                         
TEL,22997,S6,3373,1068,2944,0,100000,3                         
TEL,22998,S6,3435,1070,2944,0,100000,0                         
TEL,22999,S6,3435,1070,2944,0,100000,1                         
TEL,23000,S6,3435,1070,2944,0,100000,2                         
TEL,23001,S6,3435,1070,2944,0,100000,3                         
TEL,23002,S6,3498,1072,2944,0,100000,0                         
TEL,23003,S6,3498,1072,2944,0,100000,1                         
TEL,23004,S6,3498,1072,2944,0,100000,2                         
TEL,23005,S6,3498,1072,2944,0,100000,3                         
TEL,23006,S6,3435,1070,2944,0,100000,0                         
TEL,23007,S6,3435,1070,2944,0,100000,1                         
TEL,23008,S6,3435,1070,2944,0,100000,2                         
TEL,23009,S6,3435,1070,2944,0,100000,3                         
TEL,23010,S6,3435,1070,2944,0,100000,0                         
TEL,23011,S6,3435,1070,2944,0,100000,1                         
TEL,23012,S6,3435,1070,2944,0,100000,2                         
TEL,23013,S6,3435,1070,2944,0,100000,3                         
TEL,23014,S6,3373,1068,2944,0,100000,0                         
TEL,23015,S6,3373,1068,2944,0,100000,1                         
TEL,23016,S6,3373,1068,2944,0,100000,2                         
TEL,23017,S6,3373,1068,2944,0,100000,3                         
TEL,23018,S6,3373,1068,2944,0,100000,0                         
TEL,23019,S6,3373,1068,2944,0,100000,1                         
TEL,23020,S6,3373,1068,2944,0,100000,2                         
TEL,23021,S6,3373,1068,2944,0,100000,3                         
TEL,23022,S6,3498,1072,2944,0,100000,0                         
TEL,23023,S6,3498,1072,2944,0,100000,1                         
TEL,23024,S6,3498,1072,2944,0,100000,2                         
TEL,23025,S6,3498,1072,2944,0,100000,3                         
TEL,23026,S6,3435,1070,2944,0,100000,0                         
TEL,23027,S6,3435,1070,2944,0,100000,1                         
TEL,23028,S6,3435,1070,2944,0,100000,2                         
TEL,23029,S6,3435,1070,2944,0,100000,3                         
TEL,23030,S6,3373,1068,2944,0,100000,0                         
TEL,23031,S6,3373,1068,2944,0,100000,1                         
TEL,23032,S6,3373,1068,2944,0,100000,2                         
TEL,23033,S6,3373,1068,2944,0,100000,3                         
TEL,23034,S6,3373,1068,2944,0,100000,0                         
TEL,23035,S6,3373,1068,2944,0,100000,1                         
TEL,23036,S6,3373,1068,2944,0,100000,2                         
TEL,23037,S6,3373,1068,2944,0,100000,3                         
TEL,23038,S6,3435,1070,2944,0,100000,0                         
TEL,23039,S6,3435,1070,2944,0,100000,1                         
TEL,23040,S6,3435,1070,2944,0,100000,2                         
TEL,23041,S6,3435,1070,2944,0,100000,3                         
TEL,23042,S6,3404,1069,2944,0,100000,0                         
TEL,23043,S6,3404,1069,2944,0,100000,1                         
TEL,23044,S6,3404,1069,2944,0,100000,2                         
TEL,23045,S6,3404,1069,2944,0,100000,3                         
TEL,23046,S6,3435,1070,2944,0,100000,0                         
TEL,23047,S6,3435,1070,2944,0,100000,1                         
TEL,23048,S6,3435,1070,2944,0,100000,2                         
TEL,23049,S6,3435,1070,2944,0,100000,3                         
TEL,23050,S6,3435,1070,2944,0,100000,0                         
TEL,23051,S6,3435,1070,2944,0,100000,1                         
TEL,23052,S6,3435,1070,2944,0,100000,2                         
TEL,23053,S6,3435,1070,2944,0,100000,3                         
TEL,23054,S6,3498,1072,2944,0,100000,0                         
TEL,23055,S6,3498,1072,2944,0,100000,1                         
TEL,23056,S6,3498,1072,2944,0,100000,2                         
TEL,23057,S6,3498,1072,2944,0,100000,3                         
BTN,175,S6,PRESSED,23058,471808266,471808284,471808286         
TEL,23059,S6,3435,1070,2944,0,100000,0                         
TEL,23060,S6,3435,1070,2944,0,100000,1                         
TEL,23061,S6,3435,1070,2944,0,100000,2                         
TEL,23062,S6,3435,1070,2944,0,100000,3                         
TEL,23063,S6,3404,1069,2944,0,100000,0                         
TEL,23064,S6,3404,1069,2944,0,100000,1                         
TEL,23065,S6,3404,1069,2944,0,100000,2                         
TEL,23066,S6,3404,1069,2944,0,100000,3                         
TEL,23067,S6,3435,1070,2944,0,100000,0                         
TEL,23068,S6,3435,1070,2944,0,100000,1                         
TEL,23069,S6,3435,1070,2944,0,100000,2                         
TEL,23070,S6,3435,1070,2944,0,100000,3                         
TEL,23071,S6,3498,1072,2944,0,100000,0                         
TEL,23072,S6,3498,1072,2944,0,100000,1                         
TEL,23073,S6,3498,1072,2944,0,100000,2                         
TEL,23074,S6,3498,1072,2944,0,100000,3                         
TEL,23075,S6,3435,1070,2944,0,100000,0                         
TEL,23076,S6,3435,1070,2944,0,100000,1                         
TEL,23077,S6,3435,1070,2944,0,100000,2                         
TEL,23078,S6,3435,1070,2944,0,100000,3                         
TEL,23079,S6,3435,1070,2944,0,100000,0                         
TEL,23080,S6,3435,1070,2944,0,100000,1                         
TEL,23081,S6,3435,1070,2944,0,100000,2                         
TEL,23082,S6,3435,1070,2944,0,100000,3                         
TEL,23083,S6,3435,1070,2944,0,100000,0                         
TEL,23084,S6,3435,1070,2944,0,100000,1                         
TEL,23085,S6,3435,1070,2944,0,100000,2                         
TEL,23086,S6,3435,1070,2944,0,100000,3                         
TEL,23087,S6,3435,1070,2944,0,100000,0                         
TEL,23088,S6,3435,1070,2944,0,100000,1                         
TEL,23089,S6,3435,1070,2944,0,100000,2                         
TEL,23090,S6,3435,1070,2944,0,100000,3                         
TEL,23091,S6,3435,1070,2944,0,100000,0                         
TEL,23092,S6,3435,1070,2944,0,100000,1                         
TEL,23093,S6,3435,1070,2944,0,100000,2                         
TEL,23094,S6,3435,1070,2944,0,100000,3                         
TEL,23095,S6,3498,1072,2944,0,100000,0                         
TEL,23096,S6,3498,1072,2944,0,100000,1                         
TEL,23097,S6,3498,1072,2944,0,100000,2                         
TEL,23098,S6,3498,1072,2944,0,100000,3                         
TEL,23099,S6,3404,1069,2944,0,100000,0                         
TEL,23100,S6,3404,1069,2944,0,100000,1                         
TEL,23101,S6,3404,1069,2944,0,100000,2                         
TEL,23102,S6,3404,1069,2944,0,100000,3                         
TEL,23103,S6,3435,1070,2944,0,100000,0                         
TEL,23104,S6,3435,1070,2944,0,100000,1                         
TEL,23105,S6,3435,1070,2944,0,100000,2                         
TEL,23106,S6,3435,1070,2944,0,100000,3                         
TEL,23107,S6,3404,1069,2944,0,100000,0                         
TEL,23108,S6,3404,1069,2944,0,100000,1                         
TEL,23109,S6,3404,1069,2944,0,100000,2                         
TEL,23110,S6,3404,1069,2944,0,100000,3                         
TEL,23111,S6,3560,1074,2944,0,100000,0                         
TEL,23112,S6,3560,1074,2944,0,100000,1                         
TEL,23113,S6,3560,1074,2944,0,100000,2                         
TEL,23114,S6,3560,1074,2944,0,100000,3                         
TEL,23115,S6,3404,1069,2944,0,100000,0                         
TEL,23116,S6,3404,1069,2944,0,100000,1                         
TEL,23117,S6,3404,1069,2944,0,100000,2                         
BTN,176,S6,PRESSED,23118,473285929,473285950,473285952         
TEL,23119,S6,3404,1069,2944,0,100000,3                         
TEL,23120,S6,3435,1070,2944,0,100000,0                         
TEL,23121,S6,3435,1070,2944,0,100000,1                         
TEL,23122,S6,3435,1070,2944,0,100000,2                         
TEL,23123,S6,3435,1070,2944,0,100000,3                         
TEL,23124,S6,3373,1068,2944,0,100000,0                         
TEL,23125,S6,3373,1068,2944,0,100000,1                         
TEL,23126,S6,3373,1068,2944,0,100000,2                         
TEL,23127,S6,3373,1068,2944,0,100000,3                         
TEL,23128,S6,3373,1068,2944,0,100000,0                         
TEL,23129,S6,3373,1068,2944,0,100000,1                         
TEL,23130,S6,3373,1068,2944,0,100000,2                         
TEL,23131,S6,3373,1068,2944,0,100000,3                         
TEL,23132,S6,3373,1068,2944,0,100000,0                         
TEL,23133,S6,3373,1068,2944,0,100000,1                         
TEL,23134,S6,3373,1068,2944,0,100000,2                         
TEL,23135,S6,3373,1068,2944,0,100000,3                         
TEL,23136,S6,3435,1070,2944,0,100000,0                         
TEL,23137,S6,3435,1070,2944,0,100000,1                         
TEL,23138,S6,3435,1070,2944,0,100000,2                         
TEL,23139,S6,3435,1070,2944,0,100000,3                         
TEL,23140,S6,3435,1070,2944,0,100000,0                         
TEL,23141,S6,3435,1070,2944,0,100000,1                         
TEL,23142,S6,3435,1070,2944,0,100000,2                         
TEL,23143,S6,3435,1070,2944,0,100000,3                         
TEL,23144,S6,3373,1068,2944,0,100000,0                         
TEL,23145,S6,3373,1068,2944,0,100000,1                         
TEL,23146,S6,3373,1068,2944,0,100000,2                         
TEL,23147,S6,3373,1068,2944,0,100000,3                         
TEL,23148,S6,3498,1072,2944,0,100000,0                         
TEL,23149,S6,3498,1072,2944,0,100000,1                         
TEL,23150,S6,3498,1072,2944,0,100000,2                         
TEL,23151,S6,3498,1072,2944,0,100000,3                         
TEL,23152,S6,3498,1072,2944,0,100000,0                         
TEL,23153,S6,3498,1072,2944,0,100000,1                         
TEL,23154,S6,3498,1072,2944,0,100000,2                         
TEL,23155,S6,3498,1072,2944,0,100000,3                         
TEL,23156,S6,3435,1070,2944,0,100000,0                         
TEL,23157,S6,3435,1070,2944,0,100000,1                         
TEL,23158,S6,3435,1070,2944,0,100000,2                         
TEL,23159,S6,3435,1070,2944,0,100000,3                         
TEL,23160,S6,3404,1069,2944,0,100000,0                         
TEL,23161,S6,3404,1069,2944,0,100000,1                         
TEL,23162,S6,3404,1069,2944,0,100000,2                         
TEL,23163,S6,3404,1069,2944,0,100000,3                         
TEL,23164,S6,3435,1070,2944,0,100000,0                         
TEL,23165,S6,3435,1070,2944,0,100000,1                         
TEL,23166,S6,3435,1070,2944,0,100000,2                         
TEL,23167,S6,3435,1070,2944,0,100000,3                         
TEL,23168,S6,3498,1072,2944,0,100000,0                         
TEL,23169,S6,3498,1072,2944,0,100000,1                         
TEL,23170,S6,3498,1072,2944,0,100000,2                         
TEL,23171,S6,3498,1072,2944,0,100000,3                         
TEL,23172,S6,3404,1069,2944,0,100000,0                         
TEL,23173,S6,3404,1069,2944,0,100000,1                         
TEL,23174,S6,3404,1069,2944,0,100000,2                         
TEL,23175,S6,3404,1069,2944,0,100000,3                         
BTN,177,S6,PRESSED,23176,474691241,474691259,474691260         
TEL,23177,S6,3435,1070,2944,0,100000,0                         
TEL,23178,S6,3435,1070,2944,0,100000,1                         
TEL,23179,S6,3435,1070,2944,0,100000,2                         
TEL,23180,S6,3435,1070,2944,0,100000,3                         
TEL,23181,S6,3404,1069,2944,0,100000,0                         
TEL,23182,S6,3404,1069,2944,0,100000,1                         
TEL,23183,S6,3404,1069,2944,0,100000,2                         
TEL,23184,S6,3404,1069,2944,0,100000,3                         
TEL,23185,S6,3435,1070,2944,0,100000,0                         
TEL,23186,S6,3435,1070,2944,0,100000,1                         
TEL,23187,S6,3435,1070,2944,0,100000,2                         
TEL,23188,S6,3435,1070,2944,0,100000,3                         
TEL,23189,S6,3435,1070,2944,0,100000,0                         
TEL,23190,S6,3435,1070,2944,0,100000,1                         
TEL,23191,S6,3435,1070,2944,0,100000,2                         
TEL,23192,S6,3435,1070,2944,0,100000,3                         
TEL,23193,S6,3435,1070,2944,0,100000,0                         
TEL,23194,S6,3435,1070,2944,0,100000,1                         
TEL,23195,S6,3435,1070,2944,0,100000,2                         
TEL,23196,S6,3435,1070,2944,0,100000,3                         
TEL,23197,S6,3435,1070,2944,0,100000,0                         
TEL,23198,S6,3435,1070,2944,0,100000,1                         
TEL,23199,S6,3435,1070,2944,0,100000,2                         
TEL,23200,S6,3435,1070,2944,0,100000,3                         
TEL,23201,S6,3435,1070,2944,0,100000,0                         
TEL,23202,S6,3435,1070,2944,0,100000,1                         
TEL,23203,S6,3435,1070,2944,0,100000,2                         
TEL,23204,S6,3435,1070,2944,0,100000,3                         
TEL,23205,S6,3435,1070,2944,0,100000,0                         
TEL,23206,S6,3435,1070,2944,0,100000,1                         
TEL,23207,S6,3435,1070,2944,0,100000,2                         
TEL,23208,S6,3435,1070,2944,0,100000,3                         
TEL,23209,S6,3498,1072,2944,0,100000,0                         
TEL,23210,S6,3498,1072,2944,0,100000,1                         
TEL,23211,S6,3498,1072,2944,0,100000,2                         
TEL,23212,S6,3498,1072,2944,0,100000,3                         
TEL,23213,S6,3373,1068,2944,0,100000,0                         
TEL,23214,S6,3373,1068,2944,0,100000,1                         
TEL,23215,S6,3373,1068,2944,0,100000,2                         
TEL,23216,S6,3373,1068,2944,0,100000,3                         
TEL,23217,S6,3404,1069,2944,0,100000,0                         
TEL,23218,S6,3404,1069,2944,0,100000,1                         
TEL,23219,S6,3404,1069,2944,0,100000,2                         
TEL,23220,S6,3404,1069,2944,0,100000,3                         
TEL,23221,S6,3435,1070,2944,0,100000,0                         
TEL,23222,S6,3435,1070,2944,0,100000,1                         
TEL,23223,S6,3435,1070,2944,0,100000,2                         
TEL,23224,S6,3435,1070,2944,0,100000,3                         
TEL,23225,S6,3435,1070,2944,0,100000,0                         
TEL,23226,S6,3435,1070,2944,0,100000,1                         
TEL,23227,S6,3435,1070,2944,0,100000,2                         
TEL,23228,S6,3435,1070,2944,0,100000,3                         
TEL,23229,S6,3404,1069,2944,0,100000,0                         
TEL,23230,S6,3404,1069,2944,0,100000,1                         
TEL,23231,S6,3404,1069,2944,0,100000,2                         
TEL,23232,S6,3404,1069,2944,0,100000,3                         
TEL,23233,S6,3373,1068,2944,0,100000,0                         
TEL,23234,S6,3373,1068,2944,0,100000,1                         
TEL,23235,S6,3373,1068,2944,0,100000,2                         
TEL,23236,S6,3373,1068,2944,0,100000,3                         
TEL,23237,S6,3373,1068,2944,0,100000,0                         
TEL,23238,S6,3373,1068,2944,0,100000,1                         
TEL,23239,S6,3373,1068,2944,0,100000,2                         
TEL,23240,S6,3373,1068,2944,0,100000,3                         
BTN,178,S6,PRESSED,23241,476292361,476292378,476292380         
TEL,23242,S6,3435,1070,2944,0,100000,0                         
TEL,23243,S6,3435,1070,2944,0,100000,1                         
TEL,23244,S6,3435,1070,2944,0,100000,2                         
TEL,23245,S6,3435,1070,2944,0,100000,3                         
TEL,23246,S6,3404,1069,2944,0,100000,0                         
TEL,23247,S6,3404,1069,2944,0,100000,1                         
TEL,23248,S6,3404,1069,2944,0,100000,2                         
TEL,23249,S6,3404,1069,2944,0,100000,3                         
TEL,23250,S6,3435,1070,2944,0,100000,0                         
TEL,23251,S6,3435,1070,2944,0,100000,1                         
TEL,23252,S6,3435,1070,2944,0,100000,2                         
TEL,23253,S6,3435,1070,2944,0,100000,3                         
TEL,23254,S6,3373,1068,2944,0,100000,0                         
TEL,23255,S6,3373,1068,2944,0,100000,1                         
TEL,23256,S6,3373,1068,2944,0,100000,2                         
TEL,23257,S6,3373,1068,2944,0,100000,3                         
TEL,23258,S6,3404,1069,2944,0,100000,0                         
TEL,23259,S6,3404,1069,2944,0,100000,1                         
TEL,23260,S6,3404,1069,2944,0,100000,2                         
TEL,23261,S6,3404,1069,2944,0,100000,3                         
TEL,23262,S6,3435,1070,2944,0,100000,0                         
TEL,23263,S6,3435,1070,2944,0,100000,1                         
TEL,23264,S6,3435,1070,2944,0,100000,2                         
TEL,23265,S6,3435,1070,2944,0,100000,3                         
TEL,23266,S6,3435,1070,2944,0,100000,0                         
TEL,23267,S6,3435,1070,2944,0,100000,1                         
TEL,23268,S6,3435,1070,2944,0,100000,2                         
TEL,23269,S6,3435,1070,2944,0,100000,3                         
TEL,23270,S6,3435,1070,2944,0,100000,0                         
TEL,23271,S6,3435,1070,2944,0,100000,1                         
TEL,23272,S6,3435,1070,2944,0,100000,2                         
TEL,23273,S6,3435,1070,2944,0,100000,3                         
TEL,23274,S6,3373,1068,2944,0,100000,0                         
TEL,23275,S6,3373,1068,2944,0,100000,1                         
TEL,23276,S6,3373,1068,2944,0,100000,2                         
TEL,23277,S6,3373,1068,2944,0,100000,3                         
TEL,23278,S6,3404,1069,2944,0,100000,0                         
TEL,23279,S6,3404,1069,2944,0,100000,1                         
TEL,23280,S6,3404,1069,2944,0,100000,2                         
TEL,23281,S6,3404,1069,2944,0,100000,3                         
TEL,23282,S6,3435,1070,2944,0,100000,0                         
TEL,23283,S6,3435,1070,2944,0,100000,1                         
TEL,23284,S6,3435,1070,2944,0,100000,2                         
TEL,23285,S6,3435,1070,2944,0,100000,3                         
BTN,179,S6,PRESSED,23286,477472333,477472350,477472352         
TEL,23287,S6,3373,1068,2944,0,100000,0                         
TEL,23288,S6,3373,1068,2944,0,100000,1                         
TEL,23289,S6,3373,1068,2944,0,100000,2                         
TEL,23290,S6,3373,1068,2944,0,100000,3                         
TEL,23291,S6,3498,1072,2944,0,100000,0                         
TEL,23292,S6,3498,1072,2944,0,100000,1                         
TEL,23293,S6,3498,1072,2944,0,100000,2                         
TEL,23294,S6,3498,1072,2944,0,100000,3                         
TEL,23295,S6,3404,1069,2944,0,100000,0                         
TEL,23296,S6,3404,1069,2944,0,100000,1                         
TEL,23297,S6,3404,1069,2944,0,100000,2                         
TEL,23298,S6,3404,1069,2944,0,100000,3                         
TEL,23299,S6,3404,1069,2944,0,100000,0                         
TEL,23300,S6,3404,1069,2944,0,100000,1                         
TEL,23301,S6,3404,1069,2944,0,100000,2                         
TEL,23302,S6,3404,1069,2944,0,100000,3                         
TEL,23303,S6,3498,1072,2944,0,100000,0                         
TEL,23304,S6,3498,1072,2944,0,100000,1                         
TEL,23305,S6,3498,1072,2944,0,100000,2                         
TEL,23306,S6,3498,1072,2944,0,100000,3                         
TEL,23307,S6,3435,1070,2944,0,100000,0                         
TEL,23308,S6,3435,1070,2944,0,100000,1                         
TEL,23309,S6,3435,1070,2944,0,100000,2                         
TEL,23310,S6,3435,1070,2944,0,100000,3                         
TEL,23311,S6,3498,1072,2944,0,100000,0                         
TEL,23312,S6,3498,1072,2944,0,100000,1                         
TEL,23313,S6,3498,1072,2944,0,100000,2                         
TEL,23314,S6,3498,1072,2944,0,100000,3                         
TEL,23315,S6,3435,1070,2944,0,100000,0                         
TEL,23316,S6,3435,1070,2944,0,100000,1                         
TEL,23317,S6,3435,1070,2944,0,100000,2                         
TEL,23318,S6,3435,1070,2944,0,100000,3                         
TEL,23319,S6,3498,1072,2944,0,100000,0                         
TEL,23320,S6,3498,1072,2944,0,100000,1                         
TEL,23321,S6,3498,1072,2944,0,100000,2                         
TEL,23322,S6,3498,1072,2944,0,100000,3                         
TEL,23323,S6,3435,1070,2944,0,100000,0                         
TEL,23324,S6,3435,1070,2944,0,100000,1                         
TEL,23325,S6,3435,1070,2944,0,100000,2                         
TEL,23326,S6,3435,1070,2944,0,100000,3                         
TEL,23327,S6,3435,1070,2944,0,100000,0                         
TEL,23328,S6,3435,1070,2944,0,100000,1                         
TEL,23329,S6,3435,1070,2944,0,100000,2                         
TEL,23330,S6,3435,1070,2944,0,100000,3                         
TEL,23331,S6,3498,1072,2944,0,100000,0                         
TEL,23332,S6,3498,1072,2944,0,100000,1                         
TEL,23333,S6,3498,1072,2944,0,100000,2                         
TEL,23334,S6,3498,1072,2944,0,100000,3                         
TEL,23335,S6,3435,1070,2944,0,100000,0                         
TEL,23336,S6,3435,1070,2944,0,100000,1                         
TEL,23337,S6,3435,1070,2944,0,100000,2                         
TEL,23338,S6,3435,1070,2944,0,100000,3                         
TEL,23339,S6,3498,1072,2944,0,100000,0                         
TEL,23340,S6,3498,1072,2944,0,100000,1                         
TEL,23341,S6,3498,1072,2944,0,100000,2                         
TEL,23342,S6,3498,1072,2944,0,100000,3                         
TEL,23343,S6,3435,1070,2944,0,100000,0                         
TEL,23344,S6,3435,1070,2944,0,100000,1                         
TEL,23345,S6,3435,1070,2944,0,100000,2                         
TEL,23346,S6,3435,1070,2944,0,100000,3                         
TEL,23347,S6,3435,1070,2944,0,100000,0                         
TEL,23348,S6,3435,1070,2944,0,100000,1                         
TEL,23349,S6,3435,1070,2944,0,100000,2                         
TEL,23350,S6,3435,1070,2944,0,100000,3                         
BTN,180,S6,PRESSED,23351,479023010,479023028,479023030         
TEL,23352,S6,3404,1069,2944,0,100000,0                         
TEL,23353,S6,3404,1069,2944,0,100000,1                         
TEL,23354,S6,3404,1069,2944,0,100000,2                         
TEL,23355,S6,3404,1069,2944,0,100000,3                         
TEL,23356,S6,3373,1068,2944,0,100000,0                         
TEL,23357,S6,3373,1068,2944,0,100000,1                         
TEL,23358,S6,3373,1068,2944,0,100000,2                         
TEL,23359,S6,3373,1068,2944,0,100000,3                         
TEL,23360,S6,3435,1070,2944,0,100000,0                         
TEL,23361,S6,3435,1070,2944,0,100000,1                         
TEL,23362,S6,3435,1070,2944,0,100000,2                         
TEL,23363,S6,3435,1070,2944,0,100000,3                         
TEL,23364,S6,3373,1068,2944,0,100000,0                         
TEL,23365,S6,3373,1068,2944,0,100000,1                         
TEL,23366,S6,3373,1068,2944,0,100000,2                         
TEL,23367,S6,3373,1068,2944,0,100000,3                         
TEL,23368,S6,3373,1068,2944,0,100000,0                         
TEL,23369,S6,3373,1068,2944,0,100000,1                         
TEL,23370,S6,3373,1068,2944,0,100000,2                         
TEL,23371,S6,3373,1068,2944,0,100000,3                         
TEL,23372,S6,3435,1070,2944,0,100000,0                         
TEL,23373,S6,3435,1070,2944,0,100000,1                         
TEL,23374,S6,3435,1070,2944,0,100000,2                         
TEL,23375,S6,3435,1070,2944,0,100000,3                         
TEL,23376,S6,3404,1069,2944,0,100000,0                         
TEL,23377,S6,3404,1069,2944,0,100000,1                         
TEL,23378,S6,3404,1069,2944,0,100000,2                         
TEL,23379,S6,3404,1069,2944,0,100000,3                         
TEL,23380,S6,3404,1069,2944,0,100000,0                         
TEL,23381,S6,3404,1069,2944,0,100000,1                         
TEL,23382,S6,3404,1069,2944,0,100000,2                         
TEL,23383,S6,3404,1069,2944,0,100000,3                         
TEL,23384,S6,3435,1070,2944,0,100000,0                         
TEL,23385,S6,3435,1070,2944,0,100000,1                         
TEL,23386,S6,3435,1070,2944,0,100000,2                         
TEL,23387,S6,3435,1070,2944,0,100000,3                         
TEL,23388,S6,3498,1072,2944,0,100000,0                         
TEL,23389,S6,3498,1072,2944,0,100000,1                         
TEL,23390,S6,3498,1072,2944,0,100000,2                         
TEL,23391,S6,3498,1072,2944,0,100000,3                         
TEL,23392,S6,3373,1068,2944,0,100000,0                         
TEL,23393,S6,3373,1068,2944,0,100000,1                         
TEL,23394,S6,3373,1068,2944,0,100000,2                         
TEL,23395,S6,3373,1068,2944,0,100000,3                         
TEL,23396,S6,3498,1072,2944,0,100000,0                         
TEL,23397,S6,3498,1072,2944,0,100000,1                         
TEL,23398,S6,3498,1072,2944,0,100000,2                         
TEL,23399,S6,3498,1072,2944,0,100000,3                         
TEL,23400,S6,3498,1072,2944,0,100000,0                         
TEL,23401,S6,3498,1072,2944,0,100000,1                         
TEL,23402,S6,3498,1072,2944,0,100000,2                         
TEL,23403,S6,3498,1072,2944,0,100000,3                         
TEL,23404,S6,3373,1068,2944,0,100000,0                         
TEL,23405,S6,3373,1068,2944,0,100000,1                         
TEL,23406,S6,3373,1068,2944,0,100000,2                         
TEL,23407,S6,3373,1068,2944,0,100000,3                         
TEL,23408,S6,3435,1070,2944,0,100000,0                         
TEL,23409,S6,3435,1070,2944,0,100000,1                         
TEL,23410,S6,3435,1070,2944,0,100000,2                         
TEL,23411,S6,3435,1070,2944,0,100000,3                         
TEL,23412,S6,3435,1070,2944,0,100000,0                         
TEL,23413,S6,3435,1070,2944,0,100000,1                         
TEL,23414,S6,3435,1070,2944,0,100000,2                         
TEL,23415,S6,3435,1070,2944,0,100000,3                         
TEL,23416,S6,3404,1069,2944,0,100000,0                         
TEL,23417,S6,3404,1069,2944,0,100000,1                         
TEL,23418,S6,3404,1069,2944,0,100000,2                         
TEL,23419,S6,3404,1069,2944,0,100000,3                         
TEL,23420,S6,3498,1072,2944,0,100000,0                         
TEL,23421,S6,3498,1072,2944,0,100000,1                         
TEL,23422,S6,3498,1072,2944,0,100000,2                         
TEL,23423,S6,3498,1072,2944,0,100000,3                         
TEL,23424,S6,3435,1070,2944,0,100000,0                         
TEL,23425,S6,3435,1070,2944,0,100000,1                         
TEL,23426,S6,3435,1070,2944,0,100000,2                         
TEL,23427,S6,3435,1070,2944,0,100000,3                         
TEL,23428,S6,3373,1068,2944,0,100000,0                         
TEL,23429,S6,3373,1068,2944,0,100000,1                         
TEL,23430,S6,3373,1068,2944,0,100000,2                         
TEL,23431,S6,3373,1068,2944,0,100000,3                         
TEL,23432,S6,3435,1070,2944,0,100000,0                         
TEL,23433,S6,3435,1070,2944,0,100000,1                         
TEL,23434,S6,3435,1070,2944,0,100000,2                         
TEL,23435,S6,3435,1070,2944,0,100000,3                         
TEL,23436,S6,3404,1069,2944,0,100000,0                         
TEL,23437,S6,3404,1069,2944,0,100000,1                         
TEL,23438,S6,3404,1069,2944,0,100000,2                         
TEL,23439,S6,3404,1069,2944,0,100000,3                         
TEL,23440,S6,3435,1070,2944,0,100000,0                         
TEL,23441,S6,3435,1070,2944,0,100000,1                         
TEL,23442,S6,3435,1070,2944,0,100000,2                         
TEL,23443,S6,3435,1070,2944,0,100000,3                         
TEL,23444,S6,3404,1069,2944,0,100000,0                         
TEL,23445,S6,3404,1069,2944,0,100000,1                         
TEL,23446,S6,3404,1069,2944,0,100000,2                         
TEL,23447,S6,3404,1069,2944,0,100000,3                         
TEL,23448,S6,3435,1070,2944,0,100000,0                         
TEL,23449,S6,3435,1070,2944,0,100000,1                         
TEL,23450,S6,3435,1070,2944,0,100000,2                         
TEL,23451,S6,3435,1070,2944,0,100000,3                         
TEL,23452,S6,3435,1070,2944,0,100000,0                         
TEL,23453,S6,3435,1070,2944,0,100000,1                         
TEL,23454,S6,3435,1070,2944,0,100000,2                         
TEL,23455,S6,3435,1070,2944,0,100000,3                         
TEL,23456,S6,3373,1068,2944,0,100000,0                         
TEL,23457,S6,3373,1068,2944,0,100000,1                         
TEL,23458,S6,3373,1068,2944,0,100000,2                         
TEL,23459,S6,3373,1068,2944,0,100000,3                         
TEL,23460,S6,3498,1072,2944,0,100000,0                         
TEL,23461,S6,3498,1072,2944,0,100000,1                         
TEL,23462,S6,3498,1072,2944,0,100000,2                         
TEL,23463,S6,3498,1072,2944,0,100000,3                         
TEL,23464,S6,3435,1070,2944,0,100000,0                         
TEL,23465,S6,3435,1070,2944,0,100000,1                         
TEL,23466,S6,3435,1070,2944,0,100000,2                         
TEL,23467,S6,3435,1070,2944,0,100000,3                         
TEL,23468,S6,3435,1070,2944,0,100000,0                         
TEL,23469,S6,3435,1070,2944,0,100000,1                         
TEL,23470,S6,3435,1070,2944,0,100000,2                         
TEL,23471,S6,3435,1070,2944,0,100000,3                         
TEL,23472,S6,3498,1072,2944,0,100000,0                         
TEL,23473,S6,3498,1072,2944,0,100000,1                         
TEL,23474,S6,3498,1072,2944,0,100000,2                         
TEL,23475,S6,3498,1072,2944,0,100000,3                         
TEL,23476,S6,3435,1070,2944,0,100000,0                         
TEL,23477,S6,3435,1070,2944,0,100000,1                         
TEL,23478,S6,3435,1070,2944,0,100000,2                         
TEL,23479,S6,3435,1070,2944,0,100000,3                         
TEL,23480,S6,3404,1069,2944,0,100000,0                         
TEL,23481,S6,3404,1069,2944,0,100000,1                         
TEL,23482,S6,3404,1069,2944,0,100000,2                         
TEL,23483,S6,3404,1069,2944,0,100000,3                         
TEL,23484,S6,3498,1072,2944,0,100000,0                         
TEL,23485,S6,3498,1072,2944,0,100000,1                         
TEL,23486,S6,3498,1072,2944,0,100000,2                         
TEL,23487,S6,3498,1072,2944,0,100000,3                         
TEL,23488,S6,3404,1069,2944,0,100000,0                         
TEL,23489,S6,3404,1069,2944,0,100000,1                         
TEL,23490,S6,3404,1069,2944,0,100000,2                         
TEL,23491,S6,3404,1069,2944,0,100000,3                         
TEL,23492,S6,3498,1072,2944,0,100000,0                         
TEL,23493,S6,3498,1072,2944,0,100000,1                         
TEL,23494,S6,3498,1072,2944,0,100000,2                         
TEL,23495,S6,3498,1072,2944,0,100000,3                         
TEL,23496,S6,3498,1072,2944,0,100000,0                         
TEL,23497,S6,3498,1072,2944,0,100000,1                         
TEL,23498,S6,3498,1072,2944,0,100000,2                         
TEL,23499,S6,3498,1072,2944,0,100000,3                         
TEL,23500,S6,3404,1069,2944,0,100000,0                         
TEL,23501,S6,3404,1069,2944,0,100000,1                         
TEL,23502,S6,3404,1069,2944,0,100000,2                         
TEL,23503,S6,3404,1069,2944,0,100000,3                         
TEL,23504,S6,3373,1068,2944,0,100000,0                         
TEL,23505,S6,3373,1068,2944,0,100000,1                         
TEL,23506,S6,3373,1068,2944,0,100000,2                         
TEL,23507,S6,3373,1068,2944,0,100000,3                         
TEL,23508,S6,3373,1068,2944,0,100000,0                         
TEL,23509,S6,3373,1068,2944,0,100000,1                         
TEL,23510,S6,3373,1068,2944,0,100000,2                         
TEL,23511,S6,3373,1068,2944,0,100000,3                         
TEL,23512,S6,3373,1068,2944,0,100000,0                         
TEL,23513,S6,3373,1068,2944,0,100000,1                         
TEL,23514,S6,3373,1068,2944,0,100000,2                         
TEL,23515,S6,3373,1068,2944,0,100000,3                         
TEL,23516,S6,3498,1072,2944,0,100000,0                         
TEL,23517,S6,3498,1072,2944,0,100000,1                         
TEL,23518,S6,3498,1072,2944,0,100000,2                         
TEL,23519,S6,3498,1072,2944,0,100000,3                         
ACK,23520,S0,CT                                                
REC,S6,151,436374113,18,1,74,2780,ok                           
REC,S6,152,437866374,18,1,70,2780,ok                           
REC,S6,153,439481464,17,2,626,2783,ok                          
REC,S6,154,441024066,17,2,70,2780,ok                           
REC,S6,155,442598849,18,2,69,2782,ok                           
REC,S6,156,444071710,18,1,70,2782,ok                           
REC,S6,157,445650280,18,1,70,2780,ok                           
REC,S6,158,447269293,18,1,70,2783,ok                           
REC,S6,159,448673056,18,1,70,2782,ok                           
REC,S6,160,450272513,17,2,70,2780,ok                           
REC,S6,161,451742716,17,2,70,2781,ok                           
REC,S6,162,452714058,17,2,71,2781,ok                           
REC,S6,163,454335849,18,1,71,2779,ok                           
REC,S6,164,455781441,21,2,644,2782,ok                          
REC,S6,165,457095768,18,1,71,2782,ok                           
REC,S6,166,458617268,17,2,71,2780,ok                           
REC,S6,167,460173569,17,2,71,2783,ok                           
REC,S6,168,461699577,18,2,71,2783,ok                           
REC,S6,169,463223964,18,2,71,2780,ok                           
REC,S6,170,464659607,18,2,71,2779,ok                           
REC,S6,171,466008499,17,2,71,2781,ok                           
REC,S6,172,467375172,18,2,71,2780,ok                           
REC,S6,173,468882791,21,1,2122,2781,ok                         
REC,S6,174,470273036,18,2,71,2781,ok                           
REC,S6,175,471808266,18,2,71,2781,ok                           
REC,S6,176,473285929,21,2,1810,2781,ok                         
REC,S6,177,474691241,18,1,72,2782,ok                           
REC,S6,178,476292361,17,2,72,2781,ok                           
REC,S6,179,477472333,17,2,72,2780,ok                           
REC,S6,180,479023010,18,2,72,2781,ok                           
CNT,S0,accepted,30                                             
CNT,S0,repeat,67                                               
CNT,S0,btn_queue_drop,0                                        
CNT,S0,tx_queue_drop,0                                         
CNT,S0,tx_queue_max,4                                          
CNT,S0,pool_overflow,0                                         
CNT,S0,droplog_overflow,0                                      
CNT,S0,tx_timeout,0                                            
CNT,S0,tx_start_fail,0                                         
CNT,S0,spurious_tc,0                                           
CNT,S0,encode_error,0                                          
CNT,S0,tel_sent,2164                                           
CNT,S0,tel_drop,0                                              
CNT,S0,tel_period_min_us,99498                                 
CNT,S0,tel_period_avg_us,99999                                 
CNT,S0,tel_period_max_us,100000                                
CNT,S0,tel_wait_avg_us,4329                                    
CNT,S0,tel_wait_max_us,11362                                   
CNT,S0,stack_hwm_telemetry,328                                 
CNT,S0,stack_hwm_button,328                                    
CNT,S0,stack_hwm_uart_tx,380                                   
END,S0,30                                                      
