ACK,14526,S5,CT                                                
TEL,14527,S5,3373,1068,2944,4995,0,2                           
TEL,14528,S5,3498,1072,2944,5047,9915,0                        
TEL,14529,S5,3622,1077,2944,4994,10000,0                       
TEL,14530,S5,3498,1072,2944,4994,10000,0                       
TEL,14531,S5,3435,1070,2944,4994,10000,0                       
TEL,14532,S5,3498,1072,2944,4994,10000,0                       
TEL,14533,S5,3466,1071,2944,4994,10000,0                       
TEL,14534,S5,3529,1073,2944,4994,10000,0                       
TEL,14535,S5,3529,1073,2944,4994,10000,0                       
TEL,14536,S5,3435,1070,2944,4994,10000,0                       
TEL,14537,S5,3529,1073,2944,4994,10000,0                       
TEL,14538,S5,3529,1073,2944,4994,10000,0                       
TEL,14539,S5,3466,1071,2944,4994,10000,0                       
TEL,14540,S5,3466,1071,2944,4994,10000,0                       
TEL,14541,S5,3498,1072,2944,4994,10000,0                       
TEL,14542,S5,3466,1071,2944,4994,10000,0                       
TEL,14543,S5,3529,1073,2944,4994,10000,0                       
TEL,14544,S5,3591,1075,2944,4994,10000,0                       
TEL,14545,S5,3498,1072,2944,4994,10000,0                       
TEL,14546,S5,3498,1072,2944,4994,10000,0                       
TEL,14547,S5,3529,1073,2944,4994,10000,0                       
TEL,14548,S5,3529,1073,2944,4994,10000,0                       
TEL,14549,S5,3498,1072,2944,4994,10000,0                       
TEL,14550,S5,3498,1072,2944,4994,10000,0                       
TEL,14551,S5,3591,1075,2944,4994,10000,0                       
TEL,14552,S5,3498,1072,2944,4994,10000,0                       
TEL,14553,S5,3498,1072,2944,4994,10000,0                       
TEL,14554,S5,3529,1073,2944,4994,10000,0                       
TEL,14555,S5,3498,1072,2944,4994,10000,0                       
TEL,14556,S5,3591,1075,2944,4994,10000,0                       
TEL,14557,S5,3498,1072,2944,4994,10000,0                       
TEL,14558,S5,3342,1067,2944,4994,10000,0                       
TEL,14559,S5,3435,1070,2944,4994,10000,0                       
TEL,14560,S5,3498,1072,2944,4994,10000,0                       
TEL,14561,S5,3435,1070,2944,4994,10000,0                       
TEL,14562,S5,3529,1073,2944,4994,10000,0                       
TEL,14563,S5,3529,1073,2944,4994,10000,0                       
TEL,14564,S5,3529,1073,2944,4994,10000,0                       
TEL,14565,S5,3529,1073,2944,4994,10000,0                       
TEL,14566,S5,3622,1076,2944,4994,10000,0                       
TEL,14567,S5,3466,1071,2944,4994,10000,0                       
TEL,14568,S5,3529,1073,2944,4994,10000,0                       
TEL,14569,S5,3529,1073,2944,4994,10000,0                       
TEL,14570,S5,3560,1074,2944,4994,10000,0                       
TEL,14571,S5,3498,1072,2944,4994,10000,0                       
TEL,14572,S5,3529,1073,2944,4994,10000,0                       
TEL,14573,S5,3529,1073,2944,4994,10000,0                       
TEL,14574,S5,3498,1072,2944,4994,10000,0                       
TEL,14575,S5,3529,1073,2944,4994,10000,0                       
TEL,14576,S5,3342,1067,2944,4994,10000,0                       
TEL,14577,S5,3498,1072,2944,4994,10000,0                       
TEL,14578,S5,3435,1070,2944,4994,10000,0                       
TEL,14579,S5,3498,1072,2944,4994,10000,0                       
TEL,14580,S5,3529,1073,2944,4994,10000,0                       
TEL,14581,S5,3498,1072,2944,4994,10000,0                       
TEL,14582,S5,3529,1073,2944,4994,10000,0                       
TEL,14583,S5,3529,1073,2944,4994,10000,0                       
TEL,14584,S5,3498,1072,2944,4994,10000,0                       
TEL,14585,S5,3498,1072,2944,4994,10000,0                       
TEL,14586,S5,3529,1073,2944,4994,10000,0                       
TEL,14587,S5,3529,1073,2944,4994,10000,0                       
TEL,14588,S5,3498,1072,2944,4994,10000,0                       
TEL,14589,S5,3560,1074,2944,4994,10000,0                       
TEL,14590,S5,3342,1067,2944,4994,10000,0                       
TEL,14591,S5,3529,1073,2944,4994,10000,0                       
TEL,14592,S5,3466,1071,2944,4994,10000,0                       
TEL,14593,S5,3498,1072,2944,4994,10000,0                       
TEL,14594,S5,3498,1072,2944,4994,10000,0                       
TEL,14595,S5,3529,1073,2944,4994,10000,0                       
TEL,14596,S5,3498,1072,2944,4994,10000,0                       
TEL,14597,S5,3498,1072,2944,4994,10000,0                       
TEL,14598,S5,3529,1073,2944,4994,10000,0                       
TEL,14599,S5,3498,1072,2944,4994,10000,0                       
TEL,14600,S5,3466,1071,2944,4994,10000,0                       
TEL,14601,S5,3498,1072,2944,4994,10000,0                       
TEL,14602,S5,3498,1072,2944,4994,10000,0                       
TEL,14603,S5,3498,1072,2944,4994,10000,0                       
TEL,14604,S5,3529,1073,2944,4994,10000,0                       
TEL,14605,S5,3466,1071,2944,4994,10000,0                       
TEL,14606,S5,3498,1072,2944,4994,10000,0                       
TEL,14607,S5,3498,1072,2944,4994,10000,0                       
TEL,14608,S5,3529,1073,2944,4994,10000,0                       
TEL,14609,S5,3466,1071,2944,4994,10000,0                       
TEL,14610,S5,3529,1073,2944,4994,10000,0                       
TEL,14611,S5,3560,1074,2944,4994,10000,0                       
TEL,14612,S5,3498,1072,2944,4994,10000,0                       
TEL,14613,S5,3529,1073,2944,4994,10000,0                       
TEL,14614,S5,3591,1075,2944,4994,10000,0                       
TEL,14615,S5,3498,1072,2944,4994,10000,0                       
TEL,14616,S5,3529,1073,2944,4994,10000,0                       
TEL,14617,S5,3498,1072,2944,4994,10000,0                       
TEL,14618,S5,3529,1073,2944,4994,10000,0                       
TEL,14619,S5,3529,1073,2944,4994,10000,0                       
TEL,14620,S5,3342,1067,2944,4994,10000,0                       
TEL,14621,S5,3529,1073,2944,4994,10000,0                       
TEL,14622,S5,3404,1069,2944,4994,10000,0                       
TEL,14623,S5,3498,1072,2944,4994,10000,0                       
TEL,14624,S5,3466,1071,2944,4994,10000,0                       
TEL,14625,S5,3591,1075,2944,4994,10000,0                       
TEL,14626,S5,3498,1072,2944,4994,10000,0                       
TEL,14627,S5,3529,1073,2944,4994,10000,0                       
TEL,14628,S5,3498,1072,2944,4994,10000,0                       
TEL,14629,S5,3529,1073,2944,4994,10000,0                       
TEL,14630,S5,3560,1074,2944,4994,10000,0                       
TEL,14631,S5,3529,1073,2944,4994,10000,0                       
TEL,14632,S5,3529,1073,2944,4994,10000,0                       
TEL,14633,S5,3498,1072,2944,4994,10000,0                       
TEL,14634,S5,3529,1073,2944,4994,10000,0                       
TEL,14635,S5,3466,1071,2944,4994,10000,0                       
TEL,14636,S5,3466,1071,2944,4994,10000,0                       
TEL,14637,S5,3498,1072,2944,4994,10000,0                       
TEL,14638,S5,3342,1067,2944,4994,10000,0                       
TEL,14639,S5,3591,1075,2944,4994,10000,0                       
TEL,14640,S5,3498,1072,2944,4994,10000,0                       
TEL,14641,S5,3529,1073,2944,4994,10000,0                       
TEL,14642,S5,3435,1070,2944,4994,10000,0                       
TEL,14643,S5,3498,1072,2944,4994,10000,0                       
TEL,14644,S5,3591,1075,2944,4994,10000,0                       
TEL,14645,S5,3560,1074,2944,4994,10000,0                       
TEL,14646,S5,3466,1071,2944,4994,10000,0                       
TEL,14647,S5,3498,1072,2944,4994,10000,0                       
TEL,14648,S5,3498,1072,2944,4994,10000,0                       
TEL,14649,S5,3466,1071,2944,4994,10000,0                       
TEL,14650,S5,3466,1071,2944,4994,10000,0                       
TEL,14651,S5,3529,1073,2944,4994,10000,0                       
TEL,14652,S5,3466,1071,2944,4994,10000,0                       
TEL,14653,S5,3498,1072,2944,4994,10000,0                       
TEL,14654,S5,3529,1073,2944,4994,10000,0                       
TEL,14655,S5,3498,1072,2944,4994,10000,0                       
TEL,14656,S5,3498,1072,2944,4994,10000,0                       
TEL,14657,S5,3498,1072,2944,4994,10000,0                       
TEL,14658,S5,3498,1072,2944,4994,10000,0                       
TEL,14659,S5,3560,1074,2944,4994,10000,0                       
TEL,14660,S5,3498,1072,2944,4994,10000,0                       
TEL,14661,S5,3466,1071,2944,4994,10000,0                       
TEL,14662,S5,3529,1073,2944,4994,10000,0                       
TEL,14663,S5,3498,1072,2944,4994,10000,0                       
TEL,14664,S5,3529,1073,2944,4994,10000,0                       
TEL,14665,S5,3498,1072,2944,4994,10000,0                       
TEL,14666,S5,3529,1073,2944,4994,10000,0                       
TEL,14667,S5,3498,1072,2944,4994,10000,0                       
TEL,14668,S5,3435,1070,2944,4994,10000,0                       
TEL,14669,S5,3498,1072,2944,4994,10000,0                       
TEL,14670,S5,3435,1070,2944,4994,10000,0                       
TEL,14671,S5,3560,1074,2944,4994,10000,0                       
TEL,14672,S5,3560,1074,2944,4994,10000,0                       
TEL,14673,S5,3498,1072,2944,4994,10000,0                       
TEL,14674,S5,3498,1072,2944,4994,10000,0                       
TEL,14675,S5,3529,1073,2944,4994,10000,0                       
TEL,14676,S5,3498,1072,2944,4994,10000,0                       
TEL,14677,S5,3498,1072,2944,4994,10000,0                       
TEL,14678,S5,3529,1073,2944,4994,10000,0                       
TEL,14679,S5,3560,1074,2944,4994,10000,0                       
TEL,14680,S5,3435,1070,2944,4994,10000,0                       
TEL,14681,S5,3529,1073,2944,4994,10000,0                       
TEL,14682,S5,3529,1073,2944,4994,10000,0                       
TEL,14683,S5,3498,1072,2944,4994,10000,0                       
TEL,14684,S5,3529,1073,2944,4994,10000,0                       
TEL,14685,S5,3529,1073,2944,4994,10000,0                       
TEL,14686,S5,3498,1072,2944,4994,10000,0                       
TEL,14687,S5,3466,1071,2944,4994,10000,0                       
TEL,14688,S5,3560,1074,2944,4994,10000,0                       
TEL,14689,S5,3498,1072,2944,4994,10000,0                       
TEL,14690,S5,3435,1070,2944,4994,10000,0                       
TEL,14691,S5,3529,1073,2944,4994,10000,0                       
TEL,14692,S5,3529,1073,2944,4994,10000,0                       
TEL,14693,S5,3498,1072,2944,4994,10000,0                       
TEL,14694,S5,3560,1074,2944,4994,10000,0                       
TEL,14695,S5,3529,1073,2944,4994,10000,0                       
TEL,14696,S5,3435,1070,2944,4994,10000,0                       
TEL,14697,S5,3529,1073,2944,4994,10000,0                       
TEL,14698,S5,3591,1075,2944,4994,10000,0                       
TEL,14699,S5,3560,1074,2944,4994,10000,0                       
TEL,14700,S5,3529,1073,2944,4994,10000,0                       
TEL,14701,S5,3498,1072,2944,4994,10000,0                       
TEL,14702,S5,3498,1072,2944,4994,10000,0                       
TEL,14703,S5,3560,1074,2944,4994,10000,0                       
TEL,14704,S5,3529,1073,2944,4994,10000,0                       
TEL,14705,S5,3560,1074,2944,4994,10000,0                       
TEL,14706,S5,3498,1072,2944,4994,10000,0                       
TEL,14707,S5,3529,1073,2944,4994,10000,0                       
TEL,14708,S5,3529,1073,2944,4994,10000,0                       
TEL,14709,S5,3498,1072,2944,4994,10000,0                       
TEL,14710,S5,3622,1076,2944,4994,10000,0                       
TEL,14711,S5,3435,1070,2944,4994,10000,0                       
TEL,14712,S5,3529,1073,2944,4994,10000,0                       
TEL,14713,S5,3498,1072,2944,4994,10000,0                       
TEL,14714,S5,3560,1074,2944,4994,10000,0                       
TEL,14715,S5,3560,1074,2944,4994,10000,0                       
TEL,14716,S5,3498,1072,2944,4994,10000,0                       
TEL,14717,S5,3498,1072,2944,4994,10000,0                       
TEL,14718,S5,3498,1072,2944,4994,10000,0                       
TEL,14719,S5,3498,1072,2944,4994,10000,0                       
TEL,14720,S5,3498,1072,2944,4994,10000,0                       
TEL,14721,S5,3498,1072,2944,4994,10000,0                       
TEL,14722,S5,3529,1073,2944,4994,10000,0                       
TEL,14723,S5,3498,1072,2944,4994,10000,0                       
TEL,14724,S5,3560,1074,2944,4994,10000,0                       
TEL,14725,S5,3498,1072,2944,4994,10000,0                       
TEL,14726,S5,3498,1072,2944,4994,10000,0                       
TEL,14727,S5,3498,1072,2944,4994,10000,0                       
TEL,14728,S5,3498,1072,2944,4994,10000,0                       
TEL,14729,S5,3560,1074,2944,4994,10000,0                       
TEL,14730,S5,3498,1072,2944,4994,10000,0                       
TEL,14731,S5,3435,1070,2944,4994,10000,0                       
TEL,14732,S5,3529,1073,2944,4994,10000,0                       
TEL,14733,S5,3529,1073,2944,4994,10000,0                       
TEL,14734,S5,3498,1072,2944,4994,10000,0                       
TEL,14735,S5,3591,1075,2944,4994,10000,0                       
TEL,14736,S5,3466,1071,2944,4994,10000,0                       
TEL,14737,S5,3591,1075,2944,4994,10000,0                       
TEL,14738,S5,3498,1072,2944,4994,10000,0                       
TEL,14739,S5,3466,1071,2944,4994,10000,0                       
TEL,14740,S5,3529,1073,2944,4994,10000,0                       
TEL,14741,S5,3435,1070,2944,4994,10000,0                       
TEL,14742,S5,3498,1072,2944,4994,10000,0                       
TEL,14743,S5,3498,1072,2944,4994,10000,0                       
TEL,14744,S5,3529,1073,2944,4994,10000,0                       
TEL,14745,S5,3498,1072,2944,4994,10000,0                       
TEL,14746,S5,3498,1072,2944,4994,10000,0                       
TEL,14747,S5,3498,1072,2944,4994,10000,0                       
TEL,14748,S5,3498,1072,2944,4994,10000,0                       
TEL,14749,S5,3498,1072,2944,4994,10000,0                       
TEL,14750,S5,3529,1073,2944,4994,10000,0                       
TEL,14751,S5,3498,1072,2944,4994,10000,0                       
TEL,14752,S5,3498,1072,2944,4994,10000,0                       
TEL,14753,S5,3560,1074,2944,4994,10000,0                       
TEL,14754,S5,3498,1072,2944,4994,10000,0                       
TEL,14755,S5,3684,1079,2944,4994,10000,0                       
TEL,14756,S5,3529,1073,2944,4994,10000,0                       
TEL,14757,S5,3529,1073,2944,4994,10000,0                       
TEL,14758,S5,3622,1076,2944,4994,10000,0                       
TEL,14759,S5,3529,1073,2944,4994,10000,0                       
TEL,14760,S5,3529,1073,2944,4994,10000,0                       
TEL,14761,S5,3498,1072,2944,4994,10000,0                       
TEL,14762,S5,3498,1072,2944,4994,10000,0                       
TEL,14763,S5,3498,1072,2944,4994,10000,0                       
TEL,14764,S5,3498,1072,2944,4994,10000,0                       
TEL,14765,S5,3529,1073,2944,4994,10000,0                       
TEL,14766,S5,3529,1073,2944,4994,10000,0                       
TEL,14767,S5,3342,1066,2944,4994,10000,0                       
TEL,14768,S5,3529,1073,2944,4994,10000,0                       
TEL,14769,S5,3529,1073,2944,4994,10000,0                       
TEL,14770,S5,3529,1073,2944,4994,10000,0                       
TEL,14771,S5,3529,1073,2944,4994,10000,0                       
TEL,14772,S5,3529,1073,2944,4994,10000,0                       
TEL,14773,S5,3498,1072,2944,4994,10000,0                       
TEL,14774,S5,3529,1073,2944,4994,10000,0                       
TEL,14775,S5,3529,1073,2944,4994,10000,0                       
TEL,14776,S5,3498,1072,2944,4994,10000,0                       
TEL,14777,S5,3498,1072,2944,4994,10000,0                       
TEL,14778,S5,3498,1072,2944,4994,10000,0                       
TEL,14779,S5,3498,1072,2944,4994,10000,0                       
TEL,14780,S5,3466,1071,2944,4994,10000,0                       
TEL,14781,S5,3529,1073,2944,4994,10000,0                       
TEL,14782,S5,3560,1074,2944,4994,10000,0                       
TEL,14783,S5,3529,1073,2944,4994,10000,0                       
TEL,14784,S5,3498,1072,2944,4994,10000,0                       
TEL,14785,S5,3560,1074,2944,4994,10000,0                       
TEL,14786,S5,3498,1072,2944,4994,10000,0                       
TEL,14787,S5,3466,1071,2944,4994,10000,0                       
TEL,14788,S5,3498,1072,2944,4994,10000,0                       
TEL,14789,S5,3498,1072,2944,4994,10000,0                       
TEL,14790,S5,3498,1072,2944,4994,10000,0                       
TEL,14791,S5,3591,1075,2944,4994,10000,0                       
TEL,14792,S5,3591,1075,2944,4994,10000,0                       
TEL,14793,S5,3466,1071,2944,4994,10000,0                       
TEL,14794,S5,3560,1074,2944,4994,10000,0                       
TEL,14795,S5,3560,1074,2944,4994,10000,0                       
TEL,14796,S5,3529,1073,2944,4994,10000,0                       
TEL,14797,S5,3342,1066,2944,4994,10000,0                       
TEL,14798,S5,3560,1074,2944,4994,10000,0                       
TEL,14799,S5,3498,1072,2944,4994,10000,0                       
TEL,14800,S5,3560,1074,2944,4994,10000,0                       
TEL,14801,S5,3529,1073,2944,4994,10000,0                       
TEL,14802,S5,3342,1066,2944,4994,10000,0                       
TEL,14803,S5,3498,1072,2944,4994,10000,0                       
TEL,14804,S5,3560,1074,2944,4994,10000,0                       
TEL,14805,S5,3498,1072,2944,4994,10000,0                       
TEL,14806,S5,3591,1075,2944,4994,10000,0                       
TEL,14807,S5,3560,1074,2944,4994,10000,0                       
TEL,14808,S5,3591,1075,2944,4994,10000,0                       
TEL,14809,S5,3560,1074,2944,4994,10000,0                       
TEL,14810,S5,3529,1073,2944,4994,10000,0                       
TEL,14811,S5,3498,1072,2944,4994,10000,0                       
TEL,14812,S5,3560,1074,2944,4994,10000,0                       
TEL,14813,S5,3529,1073,2944,4994,10000,0                       
TEL,14814,S5,3466,1071,2944,4994,10000,0                       
TEL,14815,S5,3498,1072,2944,4994,10000,0                       
TEL,14816,S5,3498,1072,2944,4994,10000,0                       
TEL,14817,S5,3498,1072,2944,4994,10000,0                       
TEL,14818,S5,3529,1073,2944,4994,10000,0                       
TEL,14819,S5,3529,1073,2944,4994,10000,0                       
TEL,14820,S5,3498,1072,2944,4994,10000,0                       
TEL,14821,S5,3529,1073,2944,4994,10000,0                       
TEL,14822,S5,3498,1072,2944,4994,10000,0                       
TEL,14823,S5,3560,1074,2944,4994,10000,0                       
TEL,14824,S5,3529,1073,2944,4994,10000,0                       
TEL,14825,S5,3529,1073,2944,4994,10000,0                       
TEL,14826,S5,3529,1073,2944,4994,10000,0                       
TEL,14827,S5,3529,1073,2944,4994,10000,0                       
TEL,14828,S5,3498,1072,2944,4994,10000,0                       
TEL,14829,S5,3529,1073,2944,4994,10000,0                       
TEL,14830,S5,3591,1075,2944,4994,10000,0                       
TEL,14831,S5,3529,1073,2944,4994,10000,0                       
TEL,14832,S5,3591,1075,2944,4994,10000,0                       
TEL,14833,S5,3529,1073,2944,4994,10000,0                       
TEL,14834,S5,3498,1072,2944,4994,10000,0                       
TEL,14835,S5,3529,1073,2944,4994,10000,0                       
TEL,14836,S5,3498,1072,2944,4994,10000,0                       
TEL,14837,S5,3591,1075,2944,4994,10000,0                       
TEL,14838,S5,3560,1074,2944,4994,10000,0                       
TEL,14839,S5,3560,1074,2944,4994,10000,0                       
TEL,14840,S5,3529,1073,2944,4994,10000,0                       
TEL,14841,S5,3560,1074,2944,4994,10000,0                       
TEL,14842,S5,3591,1075,2944,4994,10000,0                       
TEL,14843,S5,3498,1072,2944,4994,10000,0                       
TEL,14844,S5,3498,1072,2944,4994,10000,0                       
TEL,14845,S5,3560,1074,2944,4994,10000,0                       
TEL,14846,S5,3498,1072,2944,4994,10000,0                       
TEL,14847,S5,3560,1074,2944,4994,10000,0                       
TEL,14848,S5,3342,1066,2944,4994,10000,0                       
TEL,14849,S5,3529,1073,2944,4994,10000,0                       
TEL,14850,S5,3560,1074,2944,4994,10000,0                       
TEL,14851,S5,3560,1074,2944,4994,10000,0                       
TEL,14852,S5,3498,1072,2944,4994,10000,0                       
TEL,14853,S5,3498,1072,2944,4994,10000,0                       
TEL,14854,S5,3560,1074,2944,4994,10000,0                       
TEL,14855,S5,3560,1074,2944,4994,10000,0                       
TEL,14856,S5,3560,1074,2944,4994,10000,0                       
TEL,14857,S5,3529,1073,2944,4994,10000,0                       
TEL,14858,S5,3466,1071,2944,4994,10000,0                       
TEL,14859,S5,3498,1072,2944,4994,10000,0                       
TEL,14860,S5,3466,1071,2944,4994,10000,0                       
TEL,14861,S5,3529,1073,2944,4994,10000,0                       
TEL,14862,S5,3498,1072,2944,4994,10000,0                       
TEL,14863,S5,3529,1073,2944,4994,10000,0                       
TEL,14864,S5,3560,1074,2944,4994,10000,0                       
TEL,14865,S5,3622,1076,2944,4994,10000,0                       
TEL,14866,S5,3529,1073,2944,4994,10000,0                       
TEL,14867,S5,3498,1072,2944,4994,10000,0                       
TEL,14868,S5,3529,1073,2944,4994,10000,0                       
TEL,14869,S5,3529,1073,2944,4994,10000,0                       
TEL,14870,S5,3560,1074,2944,4994,10000,0                       
TEL,14871,S5,3560,1074,2944,4994,10000,0                       
TEL,14872,S5,3498,1072,2944,4994,10000,0                       
TEL,14873,S5,3529,1073,2944,4994,10000,0                       
TEL,14874,S5,3529,1073,2944,4994,10000,0                       
TEL,14875,S5,3560,1074,2944,4994,10000,0                       
TEL,14876,S5,3466,1071,2944,4994,10000,0                       
TEL,14877,S5,3498,1072,2944,4994,10000,0                       
TEL,14878,S5,3529,1073,2944,4994,10000,0                       
TEL,14879,S5,3498,1072,2944,4994,10000,0                       
TEL,14880,S5,3498,1072,2944,4994,10000,0                       
TEL,14881,S5,3560,1074,2944,4994,10000,0                       
TEL,14882,S5,3498,1072,2944,4994,10000,0                       
TEL,14883,S5,3591,1075,2944,4994,10000,0                       
TEL,14884,S5,3498,1072,2944,4994,10000,0                       
TEL,14885,S5,3498,1072,2944,4994,10000,0                       
TEL,14886,S5,3560,1074,2944,4994,10000,0                       
TEL,14887,S5,3591,1075,2944,4994,10000,0                       
TEL,14888,S5,3498,1072,2944,4994,10000,0                       
TEL,14889,S5,3498,1072,2944,4994,10000,0                       
TEL,14890,S5,3560,1074,2944,4994,10000,0                       
TEL,14891,S5,3591,1075,2944,4994,10000,0                       
TEL,14892,S5,3529,1073,2944,4994,10000,0                       
TEL,14893,S5,3435,1070,2944,4994,10000,0                       
TEL,14894,S5,3529,1073,2944,4994,10000,0                       
TEL,14895,S5,3591,1075,2944,4994,10000,0                       
TEL,14896,S5,3529,1073,2944,4994,10000,0                       
TEL,14897,S5,3498,1072,2944,4994,10000,0                       
TEL,14898,S5,3498,1072,2944,4994,10000,0                       
TEL,14899,S5,3591,1075,2944,4994,10000,0                       
TEL,14900,S5,3560,1074,2944,4994,10000,0                       
TEL,14901,S5,3529,1073,2944,4994,10000,0                       
TEL,14902,S5,3529,1073,2944,4994,10000,0                       
TEL,14903,S5,3560,1074,2944,4994,10000,0                       
TEL,14904,S5,3529,1073,2944,4994,10000,0                       
TEL,14905,S5,3622,1077,2944,4994,10000,0                       
TEL,14906,S5,3435,1070,2944,4994,10000,0                       
TEL,14907,S5,3529,1073,2944,4994,10000,0                       
TEL,14908,S5,3498,1072,2944,4994,10000,0                       
TEL,14909,S5,3498,1072,2944,4994,10000,0                       
TEL,14910,S5,3529,1073,2944,4994,10000,0                       
TEL,14911,S5,3529,1073,2944,4994,10000,0                       
TEL,14912,S5,3498,1072,2944,4994,10000,0                       
TEL,14913,S5,3498,1072,2944,4994,10000,0                       
TEL,14914,S5,3529,1073,2944,4994,10000,0                       
TEL,14915,S5,3529,1073,2944,4994,10000,0                       
TEL,14916,S5,3498,1072,2944,4994,10000,0                       
TEL,14917,S5,3529,1073,2944,4994,10000,0                       
TEL,14918,S5,3466,1071,2944,4994,10000,0                       
TEL,14919,S5,3560,1074,2944,4994,10000,0                       
TEL,14920,S5,3498,1072,2944,4994,10000,0                       
TEL,14921,S5,3529,1073,2944,4994,10000,0                       
TEL,14922,S5,3560,1074,2944,4994,10000,0                       
TEL,14923,S5,3529,1073,2944,4994,10000,0                       
TEL,14924,S5,3529,1073,2944,4994,10000,0                       
TEL,14925,S5,3591,1075,2944,4994,10000,0                       
TEL,14926,S5,3498,1072,2944,4994,10000,0                       
TEL,14927,S5,3498,1072,2944,4994,10000,0                       
TEL,14928,S5,3529,1073,2944,4994,10000,0                       
TEL,14929,S5,3591,1075,2944,4994,10000,0                       
TEL,14930,S5,3498,1072,2944,4994,10000,0                       
TEL,14931,S5,3529,1073,2944,4994,10000,0                       
TEL,14932,S5,3498,1072,2944,4994,10000,0                       
TEL,14933,S5,3529,1073,2944,4994,10000,0                       
TEL,14934,S5,3498,1072,2944,4994,10000,0                       
TEL,14935,S5,3560,1074,2944,4994,10000,0                       
TEL,14936,S5,3529,1073,2944,4994,10000,0                       
TEL,14937,S5,3498,1072,2944,4994,10000,0                       
TEL,14938,S5,3498,1072,2944,4994,10000,0                       
TEL,14939,S5,3560,1074,2944,4994,10000,0                       
TEL,14940,S5,3529,1073,2944,4994,10000,0                       
TEL,14941,S5,3529,1073,2944,4994,10000,0                       
TEL,14942,S5,3498,1072,2944,4994,10000,0                       
TEL,14943,S5,3529,1073,2944,4994,10000,0                       
TEL,14944,S5,3498,1072,2944,4994,10000,0                       
TEL,14945,S5,3498,1072,2944,4994,10000,0                       
TEL,14946,S5,3591,1075,2944,4994,10000,0                       
TEL,14947,S5,3498,1072,2944,4994,10000,0                       
TEL,14948,S5,3591,1075,2944,4994,10000,0                       
TEL,14949,S5,3529,1073,2944,4994,10000,0                       
TEL,14950,S5,3560,1074,2944,4994,10000,0                       
TEL,14951,S5,3560,1074,2944,4994,10000,0                       
TEL,14952,S5,3560,1074,2944,4994,10000,0                       
TEL,14953,S5,3560,1074,2944,4994,10000,0                       
TEL,14954,S5,3498,1072,2944,4994,10000,0                       
TEL,14955,S5,3560,1074,2944,4994,10000,0                       
TEL,14956,S5,3529,1073,2944,4994,10000,0                       
TEL,14957,S5,3498,1072,2944,4994,10000,0                       
TEL,14958,S5,3653,1078,2944,4994,10000,0                       
TEL,14959,S5,3498,1072,2944,4994,10000,0                       
TEL,14960,S5,3498,1072,2944,4994,10000,0                       
TEL,14961,S5,3529,1073,2944,4994,10000,0                       
TEL,14962,S5,3498,1072,2944,4994,10000,0                       
TEL,14963,S5,3560,1074,2944,4994,10000,0                       
TEL,14964,S5,3498,1072,2944,4994,10000,0                       
TEL,14965,S5,3529,1073,2944,4994,10000,0                       
TEL,14966,S5,3560,1074,2944,4994,10000,0                       
TEL,14967,S5,3498,1072,2944,4994,10000,0                       
TEL,14968,S5,3498,1072,2944,4994,10000,0                       
TEL,14969,S5,3529,1073,2944,4994,10000,0                       
TEL,14970,S5,3498,1072,2944,4994,10000,0                       
TEL,14971,S5,3498,1072,2944,4994,10000,0                       
TEL,14972,S5,3498,1072,2944,4994,10000,0                       
TEL,14973,S5,3529,1073,2944,4994,10000,0                       
TEL,14974,S5,3498,1072,2944,4994,10000,0                       
TEL,14975,S5,3560,1074,2944,4994,10000,0                       
TEL,14976,S5,3498,1072,2944,4994,10000,0                       
TEL,14977,S5,3560,1074,2944,4994,10000,0                       
TEL,14978,S5,3560,1074,2944,4994,10000,0                       
TEL,14979,S5,3529,1073,2944,4994,10000,0                       
TEL,14980,S5,3529,1073,2944,4994,10000,0                       
TEL,14981,S5,3498,1072,2944,4994,10000,0                       
TEL,14982,S5,3591,1075,2944,4994,10000,0                       
TEL,14983,S5,3498,1072,2944,4994,10000,0                       
TEL,14984,S5,3466,1071,2944,4994,10000,0                       
TEL,14985,S5,3653,1078,2944,4994,10000,0                       
TEL,14986,S5,3560,1074,2944,4994,10000,0                       
TEL,14987,S5,3498,1072,2944,4994,10000,0                       
TEL,14988,S5,3529,1073,2944,4994,10000,0                       
TEL,14989,S5,3560,1074,2944,4994,10000,0                       
TEL,14990,S5,3498,1072,2944,4994,10000,0                       
TEL,14991,S5,3529,1073,2944,4994,10000,0                       
TEL,14992,S5,3529,1073,2944,4994,10000,0                       
TEL,14993,S5,3560,1074,2944,4994,10000,0                       
TEL,14994,S5,3498,1072,2944,4994,10000,0                       
TEL,14995,S5,3560,1074,2944,4994,10000,0                       
TEL,14996,S5,3498,1072,2944,4994,10000,0                       
TEL,14997,S5,3498,1072,2944,4994,10000,0                       
TEL,14998,S5,3622,1077,2944,4994,10000,0                       
TEL,14999,S5,3498,1072,2944,4994,10000,0                       
TEL,15000,S5,3498,1072,2944,4994,10000,0                       
TEL,15001,S5,3529,1073,2944,4994,10000,0                       
TEL,15002,S5,3529,1073,2944,4994,10000,0                       
TEL,15003,S5,3529,1073,2944,4994,10000,0                       
TEL,15004,S5,3529,1073,2944,4994,10000,0                       
TEL,15005,S5,3591,1075,2944,4994,10000,0                       
TEL,15006,S5,3529,1073,2944,4994,10000,0                       
TEL,15007,S5,3529,1073,2944,4994,10000,0                       
TEL,15008,S5,3591,1075,2944,4994,10000,0                       
TEL,15009,S5,3591,1075,2944,4994,10000,0                       
TEL,15010,S5,3529,1073,2944,4994,10000,0                       
TEL,15011,S5,3498,1072,2944,4994,10000,0                       
TEL,15012,S5,3529,1073,2944,4994,10000,0                       
TEL,15013,S5,3498,1072,2944,4994,10000,0                       
TEL,15014,S5,3622,1077,2944,4994,10000,0                       
TEL,15015,S5,3498,1072,2944,4994,10000,0                       
TEL,15016,S5,3529,1073,2944,4994,10000,0                       
TEL,15017,S5,3591,1075,2944,4994,10000,0                       
TEL,15018,S5,3529,1073,2944,4994,10000,0                       
TEL,15019,S5,3529,1073,2944,4994,10000,0                       
TEL,15020,S5,3498,1072,2944,4994,10000,0                       
TEL,15021,S5,3529,1073,2944,4994,10000,0                       
TEL,15022,S5,3529,1073,2944,4994,10000,0                       
TEL,15023,S5,3498,1072,2944,4994,10000,0                       
TEL,15024,S5,3529,1073,2944,4994,10000,0                       
TEL,15025,S5,3498,1072,2944,4994,10000,0                       
TEL,15026,S5,3591,1075,2944,4994,10000,0                       
TEL,15027,S5,3560,1074,2944,4994,10000,0                       
TEL,15028,S5,3529,1073,2944,4994,10000,0                       
TEL,15029,S5,3466,1071,2944,4994,10000,0                       
TEL,15030,S5,3591,1075,2944,4994,10000,0                       
TEL,15031,S5,3498,1072,2944,4994,10000,0                       
TEL,15032,S5,3498,1072,2944,4994,10000,0                       
TEL,15033,S5,3560,1074,2944,4994,10000,0                       
TEL,15034,S5,3622,1076,2944,4994,10000,0                       
TEL,15035,S5,3560,1074,2944,4994,10000,0                       
TEL,15036,S5,3560,1074,2944,4994,10000,0                       
TEL,15037,S5,3560,1074,2944,4994,10000,0                       
TEL,15038,S5,3498,1072,2944,4994,10000,0                       
TEL,15039,S5,3529,1073,2944,4994,10000,0                       
TEL,15040,S5,3466,1071,2944,4994,10000,0                       
TEL,15041,S5,3498,1072,2944,4994,10000,0                       
TEL,15042,S5,3498,1072,2944,4994,10000,0                       
TEL,15043,S5,3591,1075,2944,4994,10000,0                       
TEL,15044,S5,3529,1073,2944,4994,10000,0                       
TEL,15045,S5,3498,1072,2944,4994,10000,0                       
TEL,15046,S5,3560,1074,2944,4994,10000,0                       
TEL,15047,S5,3529,1073,2944,4994,10000,0                       
TEL,15048,S5,3498,1072,2944,4994,10000,0                       
TEL,15049,S5,3560,1074,2944,4994,10000,0                       
TEL,15050,S5,3560,1074,2944,4994,10000,0                       
TEL,15051,S5,3560,1074,2944,4994,10000,0                       
TEL,15052,S5,3498,1072,2944,4994,10000,0                       
TEL,15053,S5,3529,1073,2944,4994,10000,0                       
TEL,15054,S5,3498,1072,2944,4994,10000,0                       
TEL,15055,S5,3498,1072,2944,4994,10000,0                       
TEL,15056,S5,3498,1072,2944,4994,10000,0                       
TEL,15057,S5,3529,1073,2944,4994,10000,0                       
TEL,15058,S5,3404,1069,2944,4994,10000,0                       
TEL,15059,S5,3560,1074,2944,4994,10000,0                       
TEL,15060,S5,3498,1072,2944,4994,10000,0                       
TEL,15061,S5,3498,1072,2944,4994,10000,0                       
TEL,15062,S5,3498,1072,2944,4994,10000,0                       
TEL,15063,S5,3498,1072,2944,4994,10000,0                       
TEL,15064,S5,3591,1075,2944,4994,10000,0                       
TEL,15065,S5,3560,1074,2944,4994,10000,0                       
TEL,15066,S5,3498,1072,2944,4994,10000,0                       
TEL,15067,S5,3498,1072,2944,4994,10000,0                       
TEL,15068,S5,3560,1074,2944,4994,10000,0                       
TEL,15069,S5,3560,1074,2944,4994,10000,0                       
TEL,15070,S5,3498,1072,2944,4994,10000,0                       
TEL,15071,S5,3529,1073,2944,4994,10000,0                       
TEL,15072,S5,3560,1074,2944,4994,10000,0                       
TEL,15073,S5,3591,1075,2944,4994,10000,0                       
TEL,15074,S5,3498,1072,2944,4994,10000,0                       
TEL,15075,S5,3560,1074,2944,4994,10000,0                       
TEL,15076,S5,3498,1072,2944,4994,10000,0                       
TEL,15077,S5,3560,1074,2944,4994,10000,0                       
TEL,15078,S5,3591,1075,2944,4994,10000,0                       
TEL,15079,S5,3560,1074,2944,4994,10000,0                       
TEL,15080,S5,3404,1069,2944,4994,10000,0                       
TEL,15081,S5,3466,1071,2944,4994,10000,0                       
TEL,15082,S5,3622,1076,2944,4994,10000,0                       
TEL,15083,S5,3529,1073,2944,4994,10000,0                       
TEL,15084,S5,3529,1073,2944,4994,10000,0                       
TEL,15085,S5,3466,1071,2944,4994,10000,0                       
TEL,15086,S5,3560,1074,2944,4994,10000,0                       
TEL,15087,S5,3498,1072,2944,4994,10000,0                       
TEL,15088,S5,3466,1071,2944,4994,10000,0                       
TEL,15089,S5,3529,1073,2944,4994,10000,0                       
TEL,15090,S5,3560,1074,2944,4994,10000,0                       
TEL,15091,S5,3560,1074,2944,4994,10000,0                       
TEL,15092,S5,3466,1071,2944,4994,10000,0                       
TEL,15093,S5,3560,1074,2944,4994,10000,0                       
TEL,15094,S5,3591,1075,2944,4994,10000,0                       
TEL,15095,S5,3529,1073,2944,4994,10000,0                       
TEL,15096,S5,3529,1073,2944,4994,10000,0                       
TEL,15097,S5,3560,1074,2944,4994,10000,0                       
TEL,15098,S5,3591,1075,2944,4994,10000,0                       
TEL,15099,S5,3560,1074,2944,4994,10000,0                       
TEL,15100,S5,3529,1073,2944,4994,10000,0                       
TEL,15101,S5,3498,1072,2944,4994,10000,0                       
TEL,15102,S5,3498,1072,2944,4994,10000,0                       
TEL,15103,S5,3529,1073,2944,4994,10000,0                       
TEL,15104,S5,3529,1073,2944,4994,10000,0                       
TEL,15105,S5,3498,1072,2944,4994,10000,0                       
TEL,15106,S5,3529,1073,2944,4994,10000,0                       
TEL,15107,S5,3529,1073,2944,4994,10000,0                       
TEL,15108,S5,3498,1072,2944,4994,10000,0                       
TEL,15109,S5,3529,1073,2944,4994,10000,0                       
TEL,15110,S5,3560,1074,2944,4994,10000,0                       
TEL,15111,S5,3529,1073,2944,4994,10000,0                       
TEL,15112,S5,3622,1077,2944,4994,10000,0                       
TEL,15113,S5,3529,1073,2944,4994,10000,0                       
TEL,15114,S5,3466,1071,2944,4994,10000,0                       
TEL,15115,S5,3498,1072,2944,4994,10000,0                       
TEL,15116,S5,3498,1072,2944,4994,10000,0                       
TEL,15117,S5,3498,1072,2944,4994,10000,0                       
TEL,15118,S5,3498,1072,2944,4994,10000,0                       
TEL,15119,S5,3591,1075,2944,4994,10000,0                       
TEL,15120,S5,3591,1075,2944,4994,10000,0                       
TEL,15121,S5,3591,1075,2944,4994,10000,0                       
TEL,15122,S5,3591,1075,2944,4994,10000,0                       
TEL,15123,S5,3498,1072,2944,4994,10000,0                       
TEL,15124,S5,3560,1074,2944,4994,10000,0                       
TEL,15125,S5,3560,1074,2944,4994,10000,0                       
TEL,15126,S5,3622,1076,2944,4994,10000,0                       
TEL,15127,S5,3498,1072,2944,4994,10000,0                       
TEL,15128,S5,3498,1072,2944,4994,10000,0                       
TEL,15129,S5,3498,1072,2944,4994,10000,0                       
TEL,15130,S5,3498,1072,2944,4994,10000,0                       
TEL,15131,S5,3498,1072,2944,4994,10000,0                       
TEL,15132,S5,3498,1072,2944,4994,10000,0                       
TEL,15133,S5,3560,1074,2944,4994,10000,0                       
TEL,15134,S5,3498,1072,2944,4994,10000,0                       
TEL,15135,S5,3529,1073,2944,4994,10000,0                       
TEL,15136,S5,3498,1072,2944,4994,10000,0                       
TEL,15137,S5,3498,1072,2944,4994,10000,0                       
TEL,15138,S5,3560,1074,2944,4994,10000,0                       
TEL,15139,S5,3498,1072,2944,4994,10000,0                       
TEL,15140,S5,3498,1072,2944,4994,10000,0                       
TEL,15141,S5,3529,1073,2944,4994,10000,0                       
TEL,15142,S5,3529,1073,2944,4994,10000,0                       
TEL,15143,S5,3498,1072,2944,4994,10000,0                       
TEL,15144,S5,3373,1068,2944,4994,10000,0                       
TEL,15145,S5,3498,1072,2944,4994,10000,0                       
TEL,15146,S5,3498,1072,2944,4994,10000,0                       
TEL,15147,S5,3529,1073,2944,4994,10000,0                       
TEL,15148,S5,3498,1072,2944,4994,10000,0                       
TEL,15149,S5,3560,1074,2944,4994,10000,0                       
TEL,15150,S5,3560,1074,2944,4994,10000,0                       
TEL,15151,S5,3529,1073,2944,4994,10000,0                       
TEL,15152,S5,3498,1072,2944,4994,10000,0                       
TEL,15153,S5,3498,1072,2944,4994,10000,0                       
TEL,15154,S5,3498,1072,2944,4994,10000,0                       
TEL,15155,S5,3529,1073,2944,4994,10000,0                       
TEL,15156,S5,3591,1075,2944,4994,10000,0                       
TEL,15157,S5,3560,1074,2944,4994,10000,0                       
TEL,15158,S5,3622,1076,2944,4994,10000,0                       
TEL,15159,S5,3498,1072,2944,4994,10000,0                       
TEL,15160,S5,3498,1072,2944,4994,10000,0                       
TEL,15161,S5,3529,1073,2944,4994,10000,0                       
TEL,15162,S5,3560,1074,2944,4994,10000,0                       
TEL,15163,S5,3560,1074,2944,4994,10000,0                       
TEL,15164,S5,3529,1073,2944,4994,10000,0                       
TEL,15165,S5,3498,1072,2944,4994,10000,0                       
TEL,15166,S5,3560,1074,2944,4994,10000,0                       
TEL,15167,S5,3529,1073,2944,4994,10000,0                       
TEL,15168,S5,3653,1078,2944,4994,10000,0                       
TEL,15169,S5,3591,1075,2944,4994,10000,0                       
TEL,15170,S5,3435,1070,2944,4994,10000,0                       
TEL,15171,S5,3591,1075,2944,4994,10000,0                       
TEL,15172,S5,3529,1073,2944,4994,10000,0                       
TEL,15173,S5,3498,1072,2944,4994,10000,0                       
TEL,15174,S5,3591,1075,2944,4994,10000,0                       
TEL,15175,S5,3498,1072,2944,4994,10000,0                       
TEL,15176,S5,3653,1078,2944,4994,10000,0                       
TEL,15177,S5,3498,1072,2944,4994,10000,0                       
TEL,15178,S5,3560,1074,2944,4994,10000,0                       
TEL,15179,S5,3529,1073,2944,4994,10000,0                       
TEL,15180,S5,3591,1075,2944,4994,10000,0                       
TEL,15181,S5,3498,1072,2944,4994,10000,0                       
TEL,15182,S5,3560,1074,2944,4994,10000,0                       
TEL,15183,S5,3560,1074,2944,4994,10000,0                       
TEL,15184,S5,3529,1073,2944,4994,10000,0                       
TEL,15185,S5,3498,1072,2944,4994,10000,0                       
TEL,15186,S5,3466,1071,2944,4994,10000,0                       
TEL,15187,S5,3560,1074,2944,4994,10000,0                       
TEL,15188,S5,3498,1072,2944,4994,10000,0                       
TEL,15189,S5,3498,1072,2944,4994,10000,0                       
TEL,15190,S5,3560,1074,2944,4994,10000,0                       
TEL,15191,S5,3529,1073,2944,4994,10000,0                       
TEL,15192,S5,3498,1072,2944,4994,10000,0                       
TEL,15193,S5,3560,1074,2944,4994,10000,0                       
TEL,15194,S5,3560,1074,2944,4994,10000,0                       
TEL,15195,S5,3560,1074,2944,4994,10000,0                       
TEL,15196,S5,3498,1072,2944,4994,10000,0                       
TEL,15197,S5,3560,1074,2944,4994,10000,0                       
TEL,15198,S5,3591,1075,2944,4994,10000,0                       
TEL,15199,S5,3498,1072,2944,4994,10000,0                       
TEL,15200,S5,3560,1074,2944,4994,10000,0                       
TEL,15201,S5,3529,1073,2944,4994,10000,0                       
TEL,15202,S5,3529,1073,2944,4994,10000,0                       
TEL,15203,S5,3498,1072,2944,4994,10000,0                       
TEL,15204,S5,3591,1075,2944,4994,10000,0                       
TEL,15205,S5,3560,1074,2944,4994,10000,0                       
TEL,15206,S5,3560,1074,2944,4994,10000,0                       
TEL,15207,S5,3498,1072,2944,4994,10000,0                       
TEL,15208,S5,3466,1071,2944,4994,10000,0                       
TEL,15209,S5,3529,1073,2944,4994,10000,0                       
TEL,15210,S5,3498,1072,2944,4994,10000,0                       
TEL,15211,S5,3560,1074,2944,4994,10000,0                       
TEL,15212,S5,3529,1073,2944,4994,10000,0                       
TEL,15213,S5,3498,1072,2944,4994,10000,0                       
TEL,15214,S5,3591,1075,2944,4994,10000,0                       
TEL,15215,S5,3529,1073,2944,4994,10000,0                       
TEL,15216,S5,3560,1074,2944,4994,10000,0                       
TEL,15217,S5,3498,1072,2944,4994,10000,0                       
TEL,15218,S5,3560,1074,2944,4994,10000,0                       
TEL,15219,S5,3498,1072,2944,4994,10000,0                       
TEL,15220,S5,3591,1075,2944,4994,10000,0                       
TEL,15221,S5,3529,1073,2944,4994,10000,0                       
TEL,15222,S5,3560,1074,2944,4994,10000,0                       
TEL,15223,S5,3529,1073,2944,4994,10000,0                       
TEL,15224,S5,3342,1067,2944,4994,10000,0                       
TEL,15225,S5,3529,1073,2944,4994,10000,0                       
TEL,15226,S5,3560,1074,2944,4994,10000,0                       
TEL,15227,S5,3529,1073,2944,4994,10000,0                       
TEL,15228,S5,3560,1074,2944,4994,10000,0                       
TEL,15229,S5,3560,1074,2944,4994,10000,0                       
TEL,15230,S5,3560,1074,2944,4994,10000,0                       
TEL,15231,S5,3560,1074,2944,4994,10000,0                       
TEL,15232,S5,3529,1073,2944,4994,10000,0                       
TEL,15233,S5,3466,1071,2944,4994,10000,0                       
TEL,15234,S5,3560,1074,2944,4994,10000,0                       
TEL,15235,S5,3466,1071,2944,4994,10000,0                       
TEL,15236,S5,3498,1072,2944,4994,10000,0                       
TEL,15237,S5,3529,1073,2944,4994,10000,0                       
TEL,15238,S5,3498,1072,2944,4994,10000,0                       
TEL,15239,S5,3560,1074,2944,4994,10000,0                       
TEL,15240,S5,3591,1075,2944,4994,10000,0                       
TEL,15241,S5,3498,1072,2944,4994,10000,0                       
TEL,15242,S5,3560,1074,2944,4994,10000,0                       
TEL,15243,S5,3529,1073,2944,4994,10000,0                       
TEL,15244,S5,3591,1075,2944,4994,10000,0                       
TEL,15245,S5,3560,1074,2944,4994,10000,0                       
TEL,15246,S5,3498,1072,2944,4994,10000,0                       
TEL,15247,S5,3560,1074,2944,4994,10000,0                       
TEL,15248,S5,3466,1071,2944,4994,10000,0                       
TEL,15249,S5,3342,1067,2944,4994,10000,0                       
TEL,15250,S5,3529,1073,2944,4994,10000,0                       
TEL,15251,S5,3498,1072,2944,4994,10000,0                       
TEL,15252,S5,3498,1072,2944,4994,10000,0                       
TEL,15253,S5,3529,1073,2944,4994,10000,0                       
TEL,15254,S5,3591,1075,2944,4994,10000,0                       
TEL,15255,S5,3622,1076,2944,4994,10000,0                       
TEL,15256,S5,3653,1078,2944,4994,10000,0                       
TEL,15257,S5,3560,1074,2944,4994,10000,0                       
TEL,15258,S5,3529,1073,2944,4994,10000,0                       
TEL,15259,S5,3591,1075,2944,4994,10000,0                       
TEL,15260,S5,3591,1075,2944,4994,10000,0                       
TEL,15261,S5,3529,1073,2944,4994,10000,0                       
TEL,15262,S5,3560,1074,2944,4994,10000,0                       
TEL,15263,S5,3498,1072,2944,4994,10000,0                       
TEL,15264,S5,3529,1073,2944,4994,10000,0                       
TEL,15265,S5,3498,1072,2944,4994,10000,0                       
TEL,15266,S5,3529,1073,2944,4994,10000,0                       
TEL,15267,S5,3591,1075,2944,4994,10000,0                       
TEL,15268,S5,3342,1067,2944,4994,10000,0                       
TEL,15269,S5,3529,1073,2944,4994,10000,0                       
TEL,15270,S5,3591,1075,2944,4994,10000,0                       
TEL,15271,S5,3591,1075,2944,4994,10000,0                       
TEL,15272,S5,3498,1072,2944,4994,10000,0                       
TEL,15273,S5,3560,1074,2944,4994,10000,0                       
TEL,15274,S5,3560,1074,2944,4994,10000,0                       
TEL,15275,S5,3498,1072,2944,4994,10000,0                       
TEL,15276,S5,3529,1073,2944,4994,10000,0                       
TEL,15277,S5,3498,1072,2944,4994,10000,0                       
TEL,15278,S5,3622,1077,2944,4994,10000,0                       
TEL,15279,S5,3591,1075,2944,4994,10000,0                       
TEL,15280,S5,3529,1073,2944,4994,10000,0                       
TEL,15281,S5,3498,1072,2944,4994,10000,0                       
TEL,15282,S5,3498,1072,2944,4994,10000,0                       
TEL,15283,S5,3529,1073,2944,4994,10000,0                       
TEL,15284,S5,3498,1072,2944,4994,10000,0                       
TEL,15285,S5,3591,1075,2944,4994,10000,0                       
TEL,15286,S5,3529,1073,2944,4994,10000,0                       
TEL,15287,S5,3529,1073,2944,4994,10000,0                       
TEL,15288,S5,3560,1074,2944,4994,10000,0                       
TEL,15289,S5,3591,1075,2944,4994,10000,0                       
TEL,15290,S5,3498,1072,2944,4994,10000,0                       
TEL,15291,S5,3591,1075,2944,4994,10000,0                       
TEL,15292,S5,3498,1072,2944,4994,10000,0                       
TEL,15293,S5,3560,1074,2944,4994,10000,0                       
TEL,15294,S5,3591,1075,2944,4994,10000,0                       
TEL,15295,S5,3560,1074,2944,4994,10000,0                       
TEL,15296,S5,3560,1074,2944,4994,10000,0                       
TEL,15297,S5,3529,1073,2944,4994,10000,0                       
TEL,15298,S5,3529,1073,2944,4994,10000,0                       
TEL,15299,S5,3529,1073,2944,4994,10000,0                       
TEL,15300,S5,3529,1073,2944,4994,10000,0                       
TEL,15301,S5,3529,1073,2944,4994,10000,0                       
TEL,15302,S5,3591,1075,2944,4994,10000,0                       
TEL,15303,S5,3498,1072,2944,4994,10000,0                       
TEL,15304,S5,3591,1075,2944,4994,10000,0                       
TEL,15305,S5,3560,1074,2944,4994,10000,0                       
TEL,15306,S5,3498,1072,2944,4994,10000,0                       
TEL,15307,S5,3529,1073,2944,4994,10000,0                       
TEL,15308,S5,3529,1073,2944,4994,10000,0                       
TEL,15309,S5,3591,1075,2944,4994,10000,0                       
TEL,15310,S5,3560,1074,2944,4994,10000,0                       
TEL,15311,S5,3529,1073,2944,4994,10000,0                       
TEL,15312,S5,3529,1073,2944,4994,10000,0                       
TEL,15313,S5,3529,1073,2944,4994,10000,0                       
TEL,15314,S5,3529,1073,2944,4994,10000,0                       
TEL,15315,S5,3529,1073,2944,4994,10000,0                       
TEL,15316,S5,3498,1072,2944,4994,10000,0                       
TEL,15317,S5,3529,1073,2944,4994,10000,0                       
TEL,15318,S5,3529,1073,2944,4994,10000,0                       
TEL,15319,S5,3498,1072,2944,4994,10000,0                       
TEL,15320,S5,3529,1073,2944,4994,10000,0                       
TEL,15321,S5,3529,1073,2944,4994,10000,0                       
TEL,15322,S5,3529,1073,2944,4994,10000,0                       
TEL,15323,S5,3529,1073,2944,4994,10000,0                       
TEL,15324,S5,3342,1066,2944,4994,10000,0                       
TEL,15325,S5,3529,1073,2944,4994,10000,0                       
TEL,15326,S5,3591,1075,2944,4994,10000,0                       
TEL,15327,S5,3466,1071,2944,4994,10000,0                       
TEL,15328,S5,3560,1074,2944,4994,10000,0                       
TEL,15329,S5,3560,1074,2944,4994,10000,0                       
TEL,15330,S5,3560,1074,2944,4994,10000,0                       
TEL,15331,S5,3498,1072,2944,4994,10000,0                       
TEL,15332,S5,3529,1073,2944,4994,10000,0                       
TEL,15333,S5,3560,1074,2944,4994,10000,0                       
TEL,15334,S5,3560,1074,2944,4994,10000,0                       
TEL,15335,S5,3498,1072,2944,4994,10000,0                       
TEL,15336,S5,3529,1073,2944,4994,10000,0                       
TEL,15337,S5,3622,1076,2944,4994,10000,0                       
TEL,15338,S5,3529,1073,2944,4994,10000,0                       
TEL,15339,S5,3529,1073,2944,4994,10000,0                       
TEL,15340,S5,3529,1073,2944,4994,10000,0                       
TEL,15341,S5,3560,1074,2944,4994,10000,0                       
TEL,15342,S5,3560,1074,2944,4994,10000,0                       
TEL,15343,S5,3529,1073,2944,4994,10000,0                       
TEL,15344,S5,3560,1074,2944,4994,10000,0                       
TEL,15345,S5,3560,1074,2944,4994,10000,0                       
TEL,15346,S5,3591,1075,2944,4994,10000,0                       
TEL,15347,S5,3560,1074,2944,4994,10000,0                       
TEL,15348,S5,3498,1072,2944,4994,10000,0                       
TEL,15349,S5,3529,1073,2944,4994,10000,0                       
TEL,15350,S5,3622,1076,2944,4994,10000,0                       
TEL,15351,S5,3591,1075,2944,4994,10000,0                       
TEL,15352,S5,3560,1074,2944,4994,10000,0                       
TEL,15353,S5,3498,1072,2944,4994,10000,0                       
TEL,15354,S5,3560,1074,2944,4994,10000,0                       
TEL,15355,S5,3591,1075,2944,4994,10000,0                       
TEL,15356,S5,3529,1073,2944,4994,10000,0                       
TEL,15357,S5,3560,1074,2944,4994,10000,0                       
TEL,15358,S5,3560,1074,2944,4994,10000,0                       
TEL,15359,S5,3498,1072,2944,4994,10000,0                       
TEL,15360,S5,3529,1073,2944,4994,10000,0                       
TEL,15361,S5,3498,1072,2944,4994,10000,0                       
TEL,15362,S5,3529,1073,2944,4994,10000,0                       
TEL,15363,S5,3560,1074,2944,4994,10000,0                       
TEL,15364,S5,3560,1074,2944,4994,10000,0                       
TEL,15365,S5,3529,1073,2944,4994,10000,0                       
TEL,15366,S5,3591,1075,2944,4994,10000,0                       
TEL,15367,S5,3560,1074,2944,4994,10000,0                       
TEL,15368,S5,3560,1074,2944,4994,10000,0                       
TEL,15369,S5,3498,1072,2944,4994,10000,0                       
TEL,15370,S5,3498,1072,2944,4994,10000,0                       
TEL,15371,S5,3529,1073,2944,4994,10000,0                       
TEL,15372,S5,3498,1072,2944,4994,10000,0                       
TEL,15373,S5,3529,1073,2944,4994,10000,0                       
TEL,15374,S5,3529,1073,2944,4994,10000,0                       
TEL,15375,S5,3435,1070,2944,4994,10000,0                       
TEL,15376,S5,3529,1073,2944,4994,10000,0                       
TEL,15377,S5,3498,1072,2944,4994,10000,0                       
TEL,15378,S5,3560,1074,2944,4994,10000,0                       
TEL,15379,S5,3498,1072,2944,4994,10000,0                       
TEL,15380,S5,3498,1072,2944,4994,10000,0                       
TEL,15381,S5,3560,1074,2944,4994,10000,0                       
TEL,15382,S5,3622,1077,2944,4994,10000,0                       
TEL,15383,S5,3560,1074,2944,4994,10000,0                       
TEL,15384,S5,3529,1073,2944,4994,10000,0                       
TEL,15385,S5,3591,1075,2944,4994,10000,0                       
TEL,15386,S5,3560,1074,2944,4994,10000,0                       
TEL,15387,S5,3560,1074,2944,4994,10000,0                       
TEL,15388,S5,3560,1074,2944,4994,10000,0                       
TEL,15389,S5,3591,1075,2944,4994,10000,0                       
TEL,15390,S5,3560,1074,2944,4994,10000,0                       
TEL,15391,S5,3466,1071,2944,4994,10000,0                       
TEL,15392,S5,3498,1072,2944,4994,10000,0                       
TEL,15393,S5,3529,1073,2944,4994,10000,0                       
TEL,15394,S5,3498,1072,2944,4994,10000,0                       
TEL,15395,S5,3498,1072,2944,4994,10000,0                       
TEL,15396,S5,3498,1072,2944,4994,10000,0                       
TEL,15397,S5,3498,1072,2944,4994,10000,0                       
TEL,15398,S5,3591,1075,2944,4994,10000,0                       
TEL,15399,S5,3498,1072,2944,4994,10000,0                       
TEL,15400,S5,3560,1074,2944,4994,10000,0                       
TEL,15401,S5,3560,1074,2944,4994,10000,0                       
TEL,15402,S5,3498,1072,2944,4994,10000,0                       
TEL,15403,S5,3498,1072,2944,4994,10000,0                       
TEL,15404,S5,3560,1074,2944,4994,10000,0                       
TEL,15405,S5,3560,1074,2944,4994,10000,0                       
TEL,15406,S5,3498,1072,2944,4994,10000,0                       
TEL,15407,S5,3560,1074,2944,4994,10000,0                       
TEL,15408,S5,3560,1074,2944,4994,10000,0                       
TEL,15409,S5,3560,1074,2944,4994,10000,0                       
TEL,15410,S5,3529,1073,2944,4994,10000,0                       
TEL,15411,S5,3498,1072,2944,4994,10000,0                       
TEL,15412,S5,3591,1075,2944,4994,10000,0                       
TEL,15413,S5,3560,1074,2944,4994,10000,0                       
TEL,15414,S5,3622,1076,2944,4994,10000,0                       
TEL,15415,S5,3498,1072,2944,4994,10000,0                       
TEL,15416,S5,3529,1073,2944,4994,10000,0                       
TEL,15417,S5,3622,1077,2944,4994,10000,0                       
TEL,15418,S5,3560,1074,2944,4994,10000,0                       
TEL,15419,S5,3560,1074,2944,4994,10000,0                       
TEL,15420,S5,3529,1073,2944,4994,10000,0                       
TEL,15421,S5,3560,1074,2944,4994,10000,0                       
TEL,15422,S5,3560,1074,2944,4994,10000,0                       
TEL,15423,S5,3404,1069,2944,4994,10000,0                       
TEL,15424,S5,3529,1073,2944,4994,10000,0                       
TEL,15425,S5,3498,1072,2944,4994,10000,0                       
TEL,15426,S5,3529,1073,2944,4994,10000,0                       
TEL,15427,S5,3498,1072,2944,4994,10000,0                       
TEL,15428,S5,3560,1074,2944,4994,10000,0                       
TEL,15429,S5,3498,1072,2944,4994,10000,0                       
TEL,15430,S5,3622,1077,2944,4994,10000,0                       
TEL,15431,S5,3498,1072,2944,4994,10000,0                       
TEL,15432,S5,3560,1074,2944,4994,10000,0                       
TEL,15433,S5,3560,1074,2944,4994,10000,0                       
TEL,15434,S5,3529,1073,2944,4994,10000,0                       
TEL,15435,S5,3560,1074,2944,4994,10000,0                       
TEL,15436,S5,3560,1074,2944,4994,10000,0                       
TEL,15437,S5,3498,1072,2944,4994,10000,0                       
TEL,15438,S5,3591,1075,2944,4994,10000,0                       
TEL,15439,S5,3529,1073,2944,4994,10000,0                       
TEL,15440,S5,3529,1073,2944,4994,10000,0                       
TEL,15441,S5,3498,1072,2944,4994,10000,0                       
TEL,15442,S5,3560,1074,2944,4994,10000,0                       
TEL,15443,S5,3498,1072,2944,4994,10000,0                       
TEL,15444,S5,3560,1074,2944,4994,10000,0                       
TEL,15445,S5,3466,1071,2944,4994,10000,0                       
TEL,15446,S5,3591,1075,2944,4994,10000,0                       
TEL,15447,S5,3404,1069,2944,4994,10000,0                       
TEL,15448,S5,3342,1067,2944,4994,10000,0                       
TEL,15449,S5,3498,1072,2944,4994,10000,0                       
TEL,15450,S5,3498,1072,2944,4994,10000,0                       
TEL,15451,S5,3560,1074,2944,4994,10000,0                       
TEL,15452,S5,3560,1074,2944,4994,10000,0                       
TEL,15453,S5,3529,1073,2944,4994,10000,0                       
TEL,15454,S5,3529,1073,2944,4994,10000,0                       
TEL,15455,S5,3529,1073,2944,4994,10000,0                       
TEL,15456,S5,3591,1075,2944,4994,10000,0                       
TEL,15457,S5,3560,1074,2944,4994,10000,0                       
TEL,15458,S5,3560,1074,2944,4994,10000,0                       
TEL,15459,S5,3560,1074,2944,4994,10000,0                       
TEL,15460,S5,3529,1073,2944,4994,10000,0                       
TEL,15461,S5,3560,1074,2944,4994,10000,0                       
TEL,15462,S5,3560,1074,2944,4994,10000,0                       
TEL,15463,S5,3591,1075,2944,4994,10000,0                       
TEL,15464,S5,3529,1073,2944,4994,10000,0                       
TEL,15465,S5,3529,1073,2944,4994,10000,0                       
TEL,15466,S5,3498,1072,2944,4994,10000,0                       
TEL,15467,S5,3498,1072,2944,4994,10000,0                       
TEL,15468,S5,3498,1072,2944,4994,10000,0                       
TEL,15469,S5,3529,1073,2944,4994,10000,0                       
TEL,15470,S5,3560,1074,2944,4994,10000,0                       
TEL,15471,S5,3529,1073,2944,4994,10000,0                       
TEL,15472,S5,3591,1075,2944,4994,10000,0                       
TEL,15473,S5,3498,1072,2944,4994,10000,0                       
TEL,15474,S5,3560,1074,2944,4994,10000,0                       
TEL,15475,S5,3498,1072,2944,4994,10000,0                       
TEL,15476,S5,3498,1072,2944,4994,10000,0                       
TEL,15477,S5,3498,1072,2944,4994,10000,0                       
TEL,15478,S5,3560,1074,2944,4994,10000,0                       
TEL,15479,S5,3560,1074,2944,4994,10000,0                       
TEL,15480,S5,3560,1074,2944,4994,10000,0                       
TEL,15481,S5,3560,1074,2944,4994,10000,0                       
TEL,15482,S5,3529,1073,2944,4994,10000,0                       
TEL,15483,S5,3498,1072,2944,4994,10000,0                       
TEL,15484,S5,3342,1067,2944,4994,10000,0                       
TEL,15485,S5,3560,1074,2944,4994,10000,0                       
TEL,15486,S5,3560,1074,2944,4994,10000,0                       
TEL,15487,S5,3591,1075,2944,4994,10000,0                       
TEL,15488,S5,3529,1073,2944,4994,10000,0                       
TEL,15489,S5,3529,1073,2944,4994,10000,0                       
TEL,15490,S5,3591,1075,2944,4994,10000,0                       
TEL,15491,S5,3591,1075,2944,4994,10000,0                       
TEL,15492,S5,3529,1073,2944,4994,10000,0                       
TEL,15493,S5,3560,1074,2944,4994,10000,0                       
TEL,15494,S5,3622,1076,2944,4994,10000,0                       
TEL,15495,S5,3529,1073,2944,4994,10000,0                       
TEL,15496,S5,3342,1067,2944,4994,10000,0                       
TEL,15497,S5,3529,1073,2944,4994,10000,0                       
TEL,15498,S5,3498,1072,2944,4994,10000,0                       
TEL,15499,S5,3529,1073,2944,4994,10000,0                       
TEL,15500,S5,3529,1073,2944,4994,10000,0                       
TEL,15501,S5,3498,1072,2944,4994,10000,0                       
TEL,15502,S5,3560,1074,2944,4994,10000,0                       
TEL,15503,S5,3529,1073,2944,4994,10000,0                       
TEL,15504,S5,3591,1075,2944,4994,10000,0                       
TEL,15505,S5,3466,1071,2944,4994,10000,0                       
TEL,15506,S5,3529,1073,2944,4994,10000,0                       
TEL,15507,S5,3560,1074,2944,4994,10000,0                       
TEL,15508,S5,3529,1073,2944,4994,10000,0                       
TEL,15509,S5,3498,1072,2944,4994,10000,0                       
TEL,15510,S5,3622,1076,2944,4994,10000,0                       
TEL,15511,S5,3622,1076,2944,4994,10000,0                       
TEL,15512,S5,3498,1072,2944,4994,10000,0                       
TEL,15513,S5,3560,1074,2944,4994,10000,0                       
TEL,15514,S5,3529,1073,2944,4994,10000,0                       
TEL,15515,S5,3498,1072,2944,4994,10000,0                       
TEL,15516,S5,3529,1073,2944,4994,10000,0                       
TEL,15517,S5,3498,1072,2944,4994,10000,0                       
TEL,15518,S5,3498,1072,2944,4994,10000,0                       
TEL,15519,S5,3560,1074,2944,4994,10000,0                       
TEL,15520,S5,3591,1075,2944,4994,10000,0                       
TEL,15521,S5,3529,1073,2944,4994,10000,0                       
TEL,15522,S5,3498,1072,2944,4994,10000,0                       
TEL,15523,S5,3529,1073,2944,4994,10000,0                       
TEL,15524,S5,3529,1073,2944,4994,10000,0                       
TEL,15525,S5,3560,1074,2944,4994,10000,0                       
TEL,15526,S5,3622,1077,2944,4994,10000,0                       
TEL,15527,S5,3498,1072,2944,4994,10000,0                       
TEL,15528,S5,3560,1074,2944,4994,10000,0                       
TEL,15529,S5,3498,1072,2944,4994,10000,0                       
TEL,15530,S5,3591,1075,2944,4994,10000,0                       
TEL,15531,S5,3560,1074,2944,4994,10000,0                       
TEL,15532,S5,3560,1074,2944,4994,10000,0                       
TEL,15533,S5,3560,1074,2944,4994,10000,0                       
TEL,15534,S5,3498,1072,2944,4994,10000,0                       
TEL,15535,S5,3529,1073,2944,4994,10000,0                       
TEL,15536,S5,3498,1072,2944,4994,10000,0                       
TEL,15537,S5,3498,1072,2944,4994,10000,0                       
TEL,15538,S5,3560,1074,2944,4994,10000,0                       
TEL,15539,S5,3560,1074,2944,4994,10000,0                       
TEL,15540,S5,3560,1074,2944,4994,10000,0                       
TEL,15541,S5,3560,1074,2944,4994,10000,0                       
TEL,15542,S5,3622,1076,2944,4994,10000,0                       
TEL,15543,S5,3560,1074,2944,4994,10000,0                       
TEL,15544,S5,3591,1075,2944,4994,10000,0                       
TEL,15545,S5,3560,1074,2944,4994,10000,0                       
TEL,15546,S5,3560,1074,2944,4994,10000,0                       
TEL,15547,S5,3560,1074,2944,4994,10000,0                       
TEL,15548,S5,3622,1076,2944,4994,10000,0                       
TEL,15549,S5,3560,1074,2944,4994,10000,0                       
TEL,15550,S5,3529,1073,2944,4994,10000,0                       
TEL,15551,S5,3560,1074,2944,4994,10000,0                       
TEL,15552,S5,3560,1074,2944,4994,10000,0                       
TEL,15553,S5,3560,1074,2944,4994,10000,0                       
TEL,15554,S5,3653,1078,2944,4994,10000,0                       
TEL,15555,S5,3498,1072,2944,4994,10000,0                       
TEL,15556,S5,3560,1074,2944,4994,10000,0                       
TEL,15557,S5,3560,1074,2944,4994,10000,0                       
TEL,15558,S5,3622,1076,2944,4994,10000,0                       
TEL,15559,S5,3498,1072,2944,4994,10000,0                       
TEL,15560,S5,3498,1072,2944,4994,10000,0                       
TEL,15561,S5,3560,1074,2944,4994,10000,0                       
TEL,15562,S5,3529,1073,2944,4994,10000,0                       
TEL,15563,S5,3560,1074,2944,4994,10000,0                       
TEL,15564,S5,3560,1074,2944,4994,10000,0                       
TEL,15565,S5,3560,1074,2944,4994,10000,0                       
TEL,15566,S5,3560,1074,2944,4994,10000,0                       
TEL,15567,S5,3466,1071,2944,4994,10000,0                       
TEL,15568,S5,3560,1074,2944,4994,10000,0                       
TEL,15569,S5,3498,1072,2944,4994,10000,0                       
TEL,15570,S5,3529,1073,2944,4994,10000,0                       
TEL,15571,S5,3529,1073,2944,4994,10000,0                       
TEL,15572,S5,3560,1074,2944,4994,10000,0                       
TEL,15573,S5,3529,1073,2944,4994,10000,0                       
TEL,15574,S5,3622,1077,2944,4994,10000,0                       
TEL,15575,S5,3529,1073,2944,4994,10000,0                       
TEL,15576,S5,3560,1074,2944,4994,10000,0                       
TEL,15577,S5,3560,1074,2944,4994,10000,0                       
TEL,15578,S5,3466,1071,2944,4994,10000,0                       
TEL,15579,S5,3560,1074,2944,4994,10000,0                       
TEL,15580,S5,3560,1074,2944,4994,10000,0                       
TEL,15581,S5,3560,1074,2944,4994,10000,0                       
TEL,15582,S5,3591,1075,2944,4994,10000,0                       
TEL,15583,S5,3684,1079,2944,4994,10000,0                       
TEL,15584,S5,3529,1073,2944,4994,10000,0                       
TEL,15585,S5,3591,1075,2944,4994,10000,0                       
TEL,15586,S5,3560,1074,2944,4994,10000,0                       
TEL,15587,S5,3498,1072,2944,4994,10000,0                       
TEL,15588,S5,3498,1072,2944,4994,10000,0                       
TEL,15589,S5,3342,1066,2944,4994,10000,0                       
TEL,15590,S5,3560,1074,2944,4994,10000,0                       
TEL,15591,S5,3498,1072,2944,4994,10000,0                       
TEL,15592,S5,3560,1074,2944,4994,10000,0                       
TEL,15593,S5,3529,1073,2944,4994,10000,0                       
TEL,15594,S5,3529,1073,2944,4994,10000,0                       
TEL,15595,S5,3529,1073,2944,4994,10000,0                       
TEL,15596,S5,3560,1074,2944,4994,10000,0                       
TEL,15597,S5,3560,1074,2944,4994,10000,0                       
TEL,15598,S5,3529,1073,2944,4994,10000,0                       
TEL,15599,S5,3560,1074,2944,4994,10000,0                       
TEL,15600,S5,3591,1075,2944,4994,10000,0                       
TEL,15601,S5,3529,1073,2944,4994,10000,0                       
TEL,15602,S5,3529,1073,2944,4994,10000,0                       
TEL,15603,S5,3591,1075,2944,4994,10000,0                       
TEL,15604,S5,3404,1069,2944,4994,10000,0                       
TEL,15605,S5,3498,1072,2944,4994,10000,0                       
TEL,15606,S5,3622,1076,2944,4994,10000,0                       
TEL,15607,S5,3529,1073,2944,4994,10000,0                       
TEL,15608,S5,3529,1073,2944,4994,10000,0                       
TEL,15609,S5,3529,1073,2944,4994,10000,0                       
TEL,15610,S5,3560,1074,2944,4994,10000,0                       
TEL,15611,S5,3529,1073,2944,4994,10000,0                       
TEL,15612,S5,3591,1075,2944,4994,10000,0                       
TEL,15613,S5,3529,1073,2944,4994,10000,0                       
TEL,15614,S5,3591,1075,2944,4994,10000,0                       
TEL,15615,S5,3529,1073,2944,4994,10000,0                       
TEL,15616,S5,3529,1073,2944,4994,10000,0                       
TEL,15617,S5,3498,1072,2944,4994,10000,0                       
TEL,15618,S5,3529,1073,2944,4994,10000,0                       
TEL,15619,S5,3529,1073,2944,4994,10000,0                       
TEL,15620,S5,3498,1072,2944,4994,10000,0                       
TEL,15621,S5,3498,1072,2944,4994,10000,0                       
TEL,15622,S5,3622,1077,2944,4994,10000,0                       
TEL,15623,S5,3560,1074,2944,4994,10000,0                       
TEL,15624,S5,3560,1074,2944,4994,10000,0                       
TEL,15625,S5,3560,1074,2944,4994,10000,0                       
TEL,15626,S5,3560,1074,2944,4994,10000,0                       
TEL,15627,S5,3560,1074,2944,4994,10000,0                       
TEL,15628,S5,3560,1074,2944,4994,10000,0                       
TEL,15629,S5,3529,1073,2944,4994,10000,0                       
TEL,15630,S5,3529,1073,2944,4994,10000,0                       
TEL,15631,S5,3560,1074,2944,4994,10000,0                       
TEL,15632,S5,3591,1075,2944,4994,10000,0                       
TEL,15633,S5,3560,1074,2944,4994,10000,0                       
TEL,15634,S5,3529,1073,2944,4994,10000,0                       
TEL,15635,S5,3498,1072,2944,4994,10000,0                       
TEL,15636,S5,3560,1074,2944,4994,10000,0                       
TEL,15637,S5,3498,1072,2944,4994,10000,0                       
TEL,15638,S5,3622,1076,2944,4994,10000,0                       
TEL,15639,S5,3560,1074,2944,4994,10000,0                       
TEL,15640,S5,3591,1075,2944,4994,10000,0                       
TEL,15641,S5,3529,1073,2944,4994,10000,0                       
TEL,15642,S5,3529,1073,2944,4994,10000,0                       
TEL,15643,S5,3560,1074,2944,4994,10000,0                       
TEL,15644,S5,3560,1074,2944,4994,10000,0                       
TEL,15645,S5,3498,1072,2944,4994,10000,0                       
TEL,15646,S5,3560,1074,2944,4994,10000,0                       
TEL,15647,S5,3529,1073,2944,4994,10000,0                       
TEL,15648,S5,3529,1073,2944,4994,10000,0                       
TEL,15649,S5,3560,1074,2944,4994,10000,0                       
TEL,15650,S5,3529,1073,2944,4994,10000,0                       
TEL,15651,S5,3498,1072,2944,4994,10000,0                       
TEL,15652,S5,3591,1075,2944,4994,10000,0                       
TEL,15653,S5,3591,1075,2944,4994,10000,0                       
TEL,15654,S5,3591,1075,2944,4994,10000,0                       
TEL,15655,S5,3529,1073,2944,4994,10000,0                       
TEL,15656,S5,3560,1074,2944,4994,10000,0                       
TEL,15657,S5,3498,1072,2944,4994,10000,0                       
TEL,15658,S5,3560,1074,2944,4994,10000,0                       
TEL,15659,S5,3435,1070,2944,4994,10000,0                       
TEL,15660,S5,3653,1078,2944,4994,10000,0                       
TEL,15661,S5,3498,1072,2944,4994,10000,0                       
TEL,15662,S5,3560,1074,2944,4994,10000,0                       
TEL,15663,S5,3404,1069,2944,4994,10000,0                       
TEL,15664,S5,3529,1073,2944,4994,10000,0                       
TEL,15665,S5,3560,1074,2944,4994,10000,0                       
TEL,15666,S5,3342,1067,2944,4994,10000,0                       
TEL,15667,S5,3560,1074,2944,4994,10000,0                       
TEL,15668,S5,3498,1072,2944,4994,10000,0                       
TEL,15669,S5,3529,1073,2944,4994,10000,0                       
TEL,15670,S5,3591,1075,2944,4994,10000,0                       
TEL,15671,S5,3591,1075,2944,4994,10000,0                       
TEL,15672,S5,3560,1074,2944,4994,10000,0                       
TEL,15673,S5,3498,1072,2944,4994,10000,0                       
TEL,15674,S5,3529,1073,2944,4994,10000,0                       
TEL,15675,S5,3498,1072,2944,4994,10000,0                       
TEL,15676,S5,3560,1074,2944,4994,10000,0                       
TEL,15677,S5,3560,1074,2944,4994,10000,0                       
TEL,15678,S5,3498,1072,2944,4994,10000,0                       
TEL,15679,S5,3529,1073,2944,4994,10000,0                       
TEL,15680,S5,3591,1075,2944,4994,10000,0                       
TEL,15681,S5,3560,1074,2944,4994,10000,0                       
TEL,15682,S5,3560,1074,2944,4994,10000,0                       
TEL,15683,S5,3498,1072,2944,4994,10000,0                       
TEL,15684,S5,3560,1074,2944,4994,10000,0                       
TEL,15685,S5,3529,1073,2944,4994,10000,0                       
TEL,15686,S5,3591,1075,2944,4994,10000,0                       
TEL,15687,S5,3529,1073,2944,4994,10000,0                       
TEL,15688,S5,3560,1074,2944,4994,10000,0                       
TEL,15689,S5,3529,1073,2944,4994,10000,0                       
TEL,15690,S5,3529,1073,2944,4994,10000,0                       
TEL,15691,S5,3560,1074,2944,4994,10000,0                       
TEL,15692,S5,3591,1075,2944,4994,10000,0                       
TEL,15693,S5,3529,1073,2944,4994,10000,0                       
TEL,15694,S5,3591,1075,2944,4994,10000,0                       
TEL,15695,S5,3591,1075,2944,4994,10000,0                       
TEL,15696,S5,3529,1073,2944,4994,10000,0                       
TEL,15697,S5,3529,1073,2944,4994,10000,0                       
TEL,15698,S5,3498,1072,2944,4994,10000,0                       
TEL,15699,S5,3591,1075,2944,4994,10000,0                       
TEL,15700,S5,3560,1074,2944,4994,10000,0                       
TEL,15701,S5,3529,1073,2944,4994,10000,0                       
TEL,15702,S5,3622,1077,2944,4994,10000,0                       
TEL,15703,S5,3498,1072,2944,4994,10000,0                       
TEL,15704,S5,3560,1074,2944,4994,10000,0                       
TEL,15705,S5,3529,1073,2944,4994,10000,0                       
TEL,15706,S5,3498,1072,2944,4994,10000,0                       
TEL,15707,S5,3498,1072,2944,4994,10000,0                       
TEL,15708,S5,3529,1073,2944,4994,10000,0                       
TEL,15709,S5,3498,1072,2944,4994,10000,0                       
TEL,15710,S5,3560,1074,2944,4994,10000,0                       
TEL,15711,S5,3498,1072,2944,4994,10000,0                       
TEL,15712,S5,3560,1074,2944,4994,10000,0                       
TEL,15713,S5,3560,1074,2944,4994,10000,0                       
TEL,15714,S5,3373,1068,2944,4994,10000,0                       
TEL,15715,S5,3342,1066,2944,4994,10000,0                       
TEL,15716,S5,3560,1074,2944,4994,10000,0                       
TEL,15717,S5,3498,1072,2944,4994,10000,0                       
TEL,15718,S5,3591,1075,2944,4994,10000,0                       
TEL,15719,S5,3498,1072,2944,4994,10000,0                       
TEL,15720,S5,3591,1075,2944,4994,10000,0                       
TEL,15721,S5,3498,1072,2944,4994,10000,0                       
TEL,15722,S5,3591,1075,2944,4994,10000,0                       
TEL,15723,S5,3560,1074,2944,4994,10000,0                       
TEL,15724,S5,3560,1074,2944,4994,10000,0                       
TEL,15725,S5,3342,1066,2944,4994,10000,0                       
TEL,15726,S5,3622,1077,2944,4994,10000,0                       
TEL,15727,S5,3560,1074,2944,4994,10000,0                       
TEL,15728,S5,3560,1074,2944,4994,10000,0                       
TEL,15729,S5,3529,1073,2944,4994,10000,0                       
TEL,15730,S5,3529,1073,2944,4994,10000,0                       
TEL,15731,S5,3498,1072,2944,4994,10000,0                       
TEL,15732,S5,3560,1074,2944,4994,10000,0                       
TEL,15733,S5,3529,1073,2944,4994,10000,0                       
TEL,15734,S5,3591,1075,2944,4994,10000,0                       
TEL,15735,S5,3560,1074,2944,4994,10000,0                       
TEL,15736,S5,3498,1072,2944,4994,10000,0                       
TEL,15737,S5,3560,1074,2944,4994,10000,0                       
TEL,15738,S5,3529,1073,2944,4994,10000,0                       
TEL,15739,S5,3498,1072,2944,4994,10000,0                       
TEL,15740,S5,3622,1077,2944,4994,10000,0                       
TEL,15741,S5,3529,1073,2944,4994,10000,0                       
TEL,15742,S5,3560,1074,2944,4994,10000,0                       
TEL,15743,S5,3498,1072,2944,4994,10000,0                       
TEL,15744,S5,3529,1073,2944,4994,10000,0                       
TEL,15745,S5,3529,1073,2944,4994,10000,0                       
TEL,15746,S5,3560,1074,2944,4994,10000,0                       
TEL,15747,S5,3498,1072,2944,4994,10000,0                       
TEL,15748,S5,3498,1072,2944,4994,10000,0                       
TEL,15749,S5,3529,1073,2944,4994,10000,0                       
TEL,15750,S5,3622,1076,2944,4994,10000,0                       
TEL,15751,S5,3529,1073,2944,4994,10000,0                       
TEL,15752,S5,3591,1075,2944,4994,10000,0                       
TEL,15753,S5,3529,1073,2944,4994,10000,0                       
TEL,15754,S5,3529,1073,2944,4994,10000,0                       
TEL,15755,S5,3560,1074,2944,4994,10000,0                       
TEL,15756,S5,3498,1072,2944,4994,10000,0                       
TEL,15757,S5,3560,1074,2944,4994,10000,0                       
TEL,15758,S5,3529,1073,2944,4994,10000,0                       
TEL,15759,S5,3560,1074,2944,4994,10000,0                       
TEL,15760,S5,3715,1080,2944,4994,10000,0                       
TEL,15761,S5,3529,1073,2944,4994,10000,0                       
TEL,15762,S5,3560,1074,2944,4994,10000,0                       
TEL,15763,S5,3498,1072,2944,4994,10000,0                       
TEL,15764,S5,3529,1073,2944,4994,10000,0                       
TEL,15765,S5,3498,1072,2944,4994,10000,0                       
TEL,15766,S5,3622,1076,2944,4994,10000,0                       
TEL,15767,S5,3529,1073,2944,4994,10000,0                       
TEL,15768,S5,3560,1074,2944,4994,10000,0                       
TEL,15769,S5,3498,1072,2944,4994,10000,0                       
TEL,15770,S5,3560,1074,2944,4994,10000,0                       
TEL,15771,S5,3529,1073,2944,4994,10000,0                       
TEL,15772,S5,3498,1072,2944,4994,10000,0                       
TEL,15773,S5,3529,1073,2944,4994,10000,0                       
TEL,15774,S5,3653,1078,2944,4994,10000,0                       
TEL,15775,S5,3498,1072,2944,4994,10000,0                       
TEL,15776,S5,3591,1075,2944,4994,10000,0                       
TEL,15777,S5,3529,1073,2944,4994,10000,0                       
TEL,15778,S5,3560,1074,2944,4994,10000,0                       
TEL,15779,S5,3498,1072,2944,4994,10000,0                       
TEL,15780,S5,3560,1074,2944,4994,10000,0                       
TEL,15781,S5,3529,1073,2944,4994,10000,0                       
TEL,15782,S5,3622,1076,2944,4994,10000,0                       
TEL,15783,S5,3560,1074,2944,4994,10000,0                       
TEL,15784,S5,3498,1072,2944,4994,10000,0                       
TEL,15785,S5,3653,1078,2944,4994,10000,0                       
TEL,15786,S5,3591,1075,2944,4994,10000,0                       
TEL,15787,S5,3560,1074,2944,4994,10000,0                       
TEL,15788,S5,3591,1075,2944,4994,10000,0                       
TEL,15789,S5,3498,1072,2944,4994,10000,0                       
TEL,15790,S5,3560,1074,2944,4994,10000,0                       
TEL,15791,S5,3591,1075,2944,4994,10000,0                       
TEL,15792,S5,3529,1073,2944,4994,10000,0                       
TEL,15793,S5,3591,1075,2944,4994,10000,0                       
TEL,15794,S5,3560,1074,2944,4994,10000,0                       
TEL,15795,S5,3560,1074,2944,4994,10000,0                       
TEL,15796,S5,3560,1074,2944,4994,10000,0                       
TEL,15797,S5,3560,1074,2944,4994,10000,0                       
TEL,15798,S5,3622,1076,2944,4994,10000,0                       
TEL,15799,S5,3560,1074,2944,4994,10000,0                       
TEL,15800,S5,3498,1072,2944,4994,10000,0                       
TEL,15801,S5,3529,1073,2944,4994,10000,0                       
TEL,15802,S5,3342,1067,2944,4994,10000,0                       
TEL,15803,S5,3529,1073,2944,4994,10000,0                       
TEL,15804,S5,3498,1072,2944,4994,10000,0                       
TEL,15805,S5,3591,1075,2944,4994,10000,0                       
TEL,15806,S5,3498,1072,2944,4994,10000,0                       
TEL,15807,S5,3560,1074,2944,4994,10000,0                       
TEL,15808,S5,3529,1073,2944,4994,10000,0                       
TEL,15809,S5,3498,1072,2944,4994,10000,0                       
TEL,15810,S5,3529,1073,2944,4994,10000,0                       
TEL,15811,S5,3529,1073,2944,4994,10000,0                       
TEL,15812,S5,3591,1075,2944,4994,10000,0                       
TEL,15813,S5,3498,1072,2944,4994,10000,0                       
TEL,15814,S5,3529,1073,2944,4994,10000,0                       
TEL,15815,S5,3560,1074,2944,4994,10000,0                       
TEL,15816,S5,3591,1075,2944,4994,10000,0                       
TEL,15817,S5,3529,1073,2944,4994,10000,0                       
TEL,15818,S5,3560,1074,2944,4994,10000,0                       
TEL,15819,S5,3498,1072,2944,4994,10000,0                       
TEL,15820,S5,3622,1077,2944,4994,10000,0                       
TEL,15821,S5,3466,1071,2944,4994,10000,0                       
TEL,15822,S5,3560,1074,2944,4994,10000,0                       
TEL,15823,S5,3498,1072,2944,4994,10000,0                       
TEL,15824,S5,3591,1075,2944,4994,10000,0                       
TEL,15825,S5,3529,1073,2944,4994,10000,0                       
TEL,15826,S5,3498,1072,2944,4994,10000,0                       
TEL,15827,S5,3529,1073,2944,4994,10000,0                       
TEL,15828,S5,3560,1074,2944,4994,10000,0                       
TEL,15829,S5,3591,1075,2944,4994,10000,0                       
TEL,15830,S5,3591,1075,2944,4994,10000,0                       
TEL,15831,S5,3498,1072,2944,4994,10000,0                       
TEL,15832,S5,3560,1074,2944,4994,10000,0                       
TEL,15833,S5,3529,1073,2944,4994,10000,0                       
TEL,15834,S5,3529,1073,2944,4994,10000,0                       
TEL,15835,S5,3591,1075,2944,4994,10000,0                       
TEL,15836,S5,3560,1074,2944,4994,10000,0                       
TEL,15837,S5,3560,1074,2944,4994,10000,0                       
TEL,15838,S5,3529,1073,2944,4994,10000,0                       
TEL,15839,S5,3498,1072,2944,4994,10000,0                       
TEL,15840,S5,3498,1072,2944,4994,10000,0                       
TEL,15841,S5,3529,1073,2944,4994,10000,0                       
TEL,15842,S5,3560,1074,2944,4994,10000,0                       
TEL,15843,S5,3560,1074,2944,4994,10000,0                       
TEL,15844,S5,3529,1073,2944,4994,10000,0                       
TEL,15845,S5,3498,1072,2944,4994,10000,0                       
TEL,15846,S5,3622,1076,2944,4994,10000,0                       
TEL,15847,S5,3498,1072,2944,4994,10000,0                       
TEL,15848,S5,3560,1074,2944,4994,10000,0                       
TEL,15849,S5,3466,1071,2944,4994,10000,0                       
TEL,15850,S5,3560,1074,2944,4994,10000,0                       
TEL,15851,S5,3529,1073,2944,4994,10000,0                       
TEL,15852,S5,3591,1075,2944,4994,10000,0                       
TEL,15853,S5,3529,1073,2944,4994,10000,0                       
TEL,15854,S5,3498,1072,2944,4994,10000,0                       
TEL,15855,S5,3560,1074,2944,4994,10000,0                       
TEL,15856,S5,3529,1073,2944,4994,10000,0                       
TEL,15857,S5,3498,1072,2944,4994,10000,0                       
TEL,15858,S5,3591,1075,2944,4994,10000,0                       
TEL,15859,S5,3529,1073,2944,4994,10000,0                       
TEL,15860,S5,3529,1073,2944,4994,10000,0                       
TEL,15861,S5,3498,1072,2944,4994,10000,0                       
TEL,15862,S5,3560,1074,2944,4994,10000,0                       
TEL,15863,S5,3529,1073,2944,4994,10000,0                       
TEL,15864,S5,3591,1075,2944,4994,10000,0                       
TEL,15865,S5,3529,1073,2944,4994,10000,0                       
TEL,15866,S5,3591,1075,2944,4994,10000,0                       
TEL,15867,S5,3498,1072,2944,4994,10000,0                       
TEL,15868,S5,3529,1073,2944,4994,10000,0                       
TEL,15869,S5,3560,1074,2944,4994,10000,0                       
TEL,15870,S5,3529,1073,2944,4994,10000,0                       
TEL,15871,S5,3622,1076,2944,4994,10000,0                       
TEL,15872,S5,3498,1072,2944,4994,10000,0                       
TEL,15873,S5,3498,1072,2944,4994,10000,0                       
TEL,15874,S5,3529,1073,2944,4994,10000,0                       
TEL,15875,S5,3560,1074,2944,4994,10000,0                       
TEL,15876,S5,3498,1072,2944,4994,10000,0                       
TEL,15877,S5,3591,1075,2944,4994,10000,0                       
TEL,15878,S5,3591,1075,2944,4994,10000,0                       
TEL,15879,S5,3591,1075,2944,4994,10000,0                       
TEL,15880,S5,3498,1072,2944,4994,10000,0                       
TEL,15881,S5,3653,1078,2944,4994,10000,0                       
TEL,15882,S5,3529,1073,2944,4994,10000,0                       
TEL,15883,S5,3560,1074,2944,4994,10000,0                       
TEL,15884,S5,3560,1074,2944,4994,10000,0                       
TEL,15885,S5,3560,1074,2944,4994,10000,0                       
TEL,15886,S5,3560,1074,2944,4994,10000,0                       
TEL,15887,S5,3529,1073,2944,4994,10000,0                       
TEL,15888,S5,3560,1074,2944,4994,10000,0                       
TEL,15889,S5,3560,1074,2944,4994,10000,0                       
TEL,15890,S5,3591,1075,2944,4994,10000,0                       
TEL,15891,S5,3560,1074,2944,4994,10000,0                       
TEL,15892,S5,3529,1073,2944,4994,10000,0                       
TEL,15893,S5,3560,1074,2944,4994,10000,0                       
TEL,15894,S5,3560,1074,2944,4994,10000,0                       
TEL,15895,S5,3498,1072,2944,4994,10000,0                       
TEL,15896,S5,3498,1072,2944,4994,10000,0                       
TEL,15897,S5,3591,1075,2944,4994,10000,0                       
TEL,15898,S5,3529,1073,2944,4994,10000,0                       
TEL,15899,S5,3435,1070,2944,4994,10000,0                       
TEL,15900,S5,3560,1074,2944,4994,10000,0                       
TEL,15901,S5,3529,1073,2944,4994,10000,0                       
TEL,15902,S5,3560,1074,2944,4994,10000,0                       
TEL,15903,S5,3529,1073,2944,4994,10000,0                       
TEL,15904,S5,3560,1074,2944,4994,10000,0                       
TEL,15905,S5,3498,1072,2944,4994,10000,0                       
TEL,15906,S5,3560,1074,2944,4994,10000,0                       
TEL,15907,S5,3622,1077,2944,4994,10000,0                       
TEL,15908,S5,3560,1074,2944,4994,10000,0                       
TEL,15909,S5,3498,1072,2944,4994,10000,0                       
TEL,15910,S5,3560,1074,2944,4994,10000,0                       
TEL,15911,S5,3529,1073,2944,4994,10000,0                       
TEL,15912,S5,3591,1075,2944,4994,10000,0                       
TEL,15913,S5,3498,1072,2944,4994,10000,0                       
TEL,15914,S5,3529,1073,2944,4994,10000,0                       
TEL,15915,S5,3529,1073,2944,4994,10000,0                       
TEL,15916,S5,3498,1072,2944,4994,10000,0                       
TEL,15917,S5,3435,1070,2944,4994,10000,0                       
TEL,15918,S5,3498,1072,2944,4994,10000,0                       
TEL,15919,S5,3498,1072,2944,4994,10000,0                       
TEL,15920,S5,3560,1074,2944,4994,10000,0                       
TEL,15921,S5,3498,1072,2944,4994,10000,0                       
TEL,15922,S5,3591,1075,2944,4994,10000,0                       
TEL,15923,S5,3466,1071,2944,4994,10000,0                       
TEL,15924,S5,3529,1073,2944,4994,10000,0                       
TEL,15925,S5,3560,1074,2944,4994,10000,0                       
TEL,15926,S5,3560,1074,2944,4994,10000,0                       
TEL,15927,S5,3560,1074,2944,4994,10000,0                       
TEL,15928,S5,3560,1074,2944,4994,10000,0                       
TEL,15929,S5,3498,1072,2944,4994,10000,0                       
TEL,15930,S5,3560,1074,2944,4994,10000,0                       
TEL,15931,S5,3560,1074,2944,4994,10000,0                       
TEL,15932,S5,3591,1075,2944,4994,10000,0                       
TEL,15933,S5,3529,1073,2944,4994,10000,0                       
TEL,15934,S5,3560,1074,2944,4994,10000,0                       
TEL,15935,S5,3498,1072,2944,4994,10000,0                       
TEL,15936,S5,3498,1072,2944,4994,10000,0                       
TEL,15937,S5,3435,1070,2944,4994,10000,0                       
TEL,15938,S5,3560,1074,2944,4994,10000,0                       
TEL,15939,S5,3560,1074,2944,4994,10000,0                       
TEL,15940,S5,3529,1073,2944,4994,10000,0                       
TEL,15941,S5,3498,1072,2944,4994,10000,0                       
TEL,15942,S5,3622,1076,2944,4994,10000,0                       
TEL,15943,S5,3560,1074,2944,4994,10000,0                       
TEL,15944,S5,3560,1074,2944,4994,10000,0                       
TEL,15945,S5,3498,1072,2944,4994,10000,0                       
TEL,15946,S5,3498,1072,2944,4994,10000,0                       
TEL,15947,S5,3560,1074,2944,4994,10000,0                       
TEL,15948,S5,3560,1074,2944,4994,10000,0                       
TEL,15949,S5,3622,1076,2944,4994,10000,0                       
TEL,15950,S5,3653,1078,2944,4994,10000,0                       
TEL,15951,S5,3529,1073,2944,4994,10000,0                       
TEL,15952,S5,3529,1073,2944,4994,10000,0                       
TEL,15953,S5,3560,1074,2944,4994,10000,0                       
TEL,15954,S5,3498,1072,2944,4994,10000,0                       
TEL,15955,S5,3529,1073,2944,4994,10000,0                       
TEL,15956,S5,3498,1072,2944,4994,10000,0                       
TEL,15957,S5,3560,1074,2944,4994,10000,0                       
TEL,15958,S5,3591,1075,2944,4994,10000,0                       
TEL,15959,S5,3560,1074,2944,4994,10000,0                       
TEL,15960,S5,3560,1074,2944,4994,10000,0                       
TEL,15961,S5,3498,1072,2944,4994,10000,0                       
TEL,15962,S5,3529,1073,2944,4994,10000,0                       
TEL,15963,S5,3529,1073,2944,4994,10000,0                       
TEL,15964,S5,3529,1073,2944,4994,10000,0                       
TEL,15965,S5,3560,1074,2944,4994,10000,0                       
TEL,15966,S5,3560,1074,2944,4994,10000,0                       
TEL,15967,S5,3560,1074,2944,4994,10000,0                       
TEL,15968,S5,3498,1072,2944,4994,10000,0                       
TEL,15969,S5,3560,1074,2944,4994,10000,0                       
TEL,15970,S5,3498,1072,2944,4994,10000,0                       
TEL,15971,S5,3560,1074,2944,4994,10000,0                       
TEL,15972,S5,3560,1074,2944,4994,10000,0                       
TEL,15973,S5,3529,1073,2944,4994,10000,0                       
TEL,15974,S5,3622,1076,2944,4994,10000,0                       
TEL,15975,S5,3498,1072,2944,4994,10000,0                       
TEL,15976,S5,3560,1074,2944,4994,10000,0                       
TEL,15977,S5,3529,1073,2944,4994,10000,0                       
TEL,15978,S5,3466,1071,2944,4994,10000,0                       
TEL,15979,S5,3560,1074,2944,4994,10000,0                       
TEL,15980,S5,3560,1074,2944,4994,10000,0                       
TEL,15981,S5,3591,1075,2944,4994,10000,0                       
TEL,15982,S5,3560,1074,2944,4994,10000,0                       
TEL,15983,S5,3560,1074,2944,4994,10000,0                       
TEL,15984,S5,3529,1073,2944,4994,10000,0                       
TEL,15985,S5,3529,1073,2944,4994,10000,0                       
TEL,15986,S5,3560,1074,2944,4994,10000,0                       
TEL,15987,S5,3498,1072,2944,4994,10000,0                       
TEL,15988,S5,3560,1074,2944,4994,10000,0                       
TEL,15989,S5,3591,1075,2944,4994,10000,0                       
TEL,15990,S5,3591,1075,2944,4994,10000,0                       
TEL,15991,S5,3529,1073,2944,4994,10000,0                       
TEL,15992,S5,3435,1070,2944,4994,10000,0                       
TEL,15993,S5,3529,1073,2944,4994,10000,0                       
TEL,15994,S5,3498,1072,2944,4994,10000,0                       
TEL,15995,S5,3498,1072,2944,4994,10000,0                       
TEL,15996,S5,3560,1074,2944,4994,10000,0                       
TEL,15997,S5,3498,1072,2944,4994,10000,0                       
TEL,15998,S5,3560,1074,2944,4994,10000,0                       
TEL,15999,S5,3529,1073,2944,4994,10000,0                       
TEL,16000,S5,3404,1069,2944,4994,10000,0                       
TEL,16001,S5,3560,1074,2944,4994,10000,0                       
TEL,16002,S5,3560,1074,2944,4994,10000,0                       
TEL,16003,S5,3560,1074,2944,4994,10000,0                       
TEL,16004,S5,3560,1074,2944,4994,10000,0                       
TEL,16005,S5,3529,1073,2944,4994,10000,0                       
TEL,16006,S5,3591,1075,2944,4994,10000,0                       
TEL,16007,S5,3498,1072,2944,4994,10000,0                       
TEL,16008,S5,3560,1074,2944,4994,10000,0                       
TEL,16009,S5,3529,1073,2944,4994,10000,0                       
TEL,16010,S5,3529,1073,2944,4994,10000,0                       
TEL,16011,S5,3653,1078,2944,4994,10000,0                       
TEL,16012,S5,3498,1072,2944,4994,10000,0                       
TEL,16013,S5,3560,1074,2944,4994,10000,0                       
TEL,16014,S5,3560,1074,2944,4994,10000,0                       
TEL,16015,S5,3529,1073,2944,4994,10000,0                       
TEL,16016,S5,3560,1074,2944,4994,10000,0                       
TEL,16017,S5,3591,1075,2944,4994,10000,0                       
TEL,16018,S5,3529,1073,2944,4994,10000,0                       
TEL,16019,S5,3591,1075,2944,4994,10000,0                       
TEL,16020,S5,3591,1075,2944,4994,10000,0                       
TEL,16021,S5,3498,1072,2944,4994,10000,0                       
TEL,16022,S5,3591,1075,2944,4994,10000,0                       
TEL,16023,S5,3498,1072,2944,4994,10000,0                       
TEL,16024,S5,3560,1074,2944,4994,10000,0                       
TEL,16025,S5,3529,1073,2944,4994,10000,0                       
TEL,16026,S5,3529,1073,2944,4994,10000,0                       
TEL,16027,S5,3498,1072,2944,4994,10000,0                       
TEL,16028,S5,3529,1073,2944,4994,10000,0                       
TEL,16029,S5,3591,1075,2944,4994,10000,0                       
TEL,16030,S5,3653,1078,2944,4994,10000,0                       
TEL,16031,S5,3529,1073,2944,4994,10000,0                       
TEL,16032,S5,3529,1073,2944,4994,10000,0                       
TEL,16033,S5,3560,1074,2944,4994,10000,0                       
TEL,16034,S5,3560,1074,2944,4994,10000,0                       
TEL,16035,S5,3560,1074,2944,4994,10000,0                       
TEL,16036,S5,3591,1075,2944,4994,10000,0                       
TEL,16037,S5,3560,1074,2944,4994,10000,0                       
TEL,16038,S5,3560,1074,2944,4994,10000,0                       
TEL,16039,S5,3498,1072,2944,4994,10000,0                       
TEL,16040,S5,3529,1073,2944,4994,10000,0                       
TEL,16041,S5,3560,1074,2944,4994,10000,0                       
TEL,16042,S5,3529,1073,2944,4994,10000,0                       
TEL,16043,S5,3529,1073,2944,4994,10000,0                       
TEL,16044,S5,3622,1077,2944,4994,10000,0                       
TEL,16045,S5,3498,1072,2944,4994,10000,0                       
TEL,16046,S5,3591,1075,2944,4994,10000,0                       
TEL,16047,S5,3342,1067,2944,4994,10000,0                       
TEL,16048,S5,3560,1074,2944,4994,10000,0                       
TEL,16049,S5,3560,1074,2944,4994,10000,0                       
TEL,16050,S5,3529,1073,2944,4994,10000,0                       
TEL,16051,S5,3653,1078,2944,4994,10000,0                       
TEL,16052,S5,3498,1072,2944,4994,10000,0                       
TEL,16053,S5,3498,1072,2944,4994,10000,0                       
TEL,16054,S5,3591,1075,2944,4994,10000,0                       
TEL,16055,S5,3529,1073,2944,4994,10000,0                       
TEL,16056,S5,3560,1074,2944,4994,10000,0                       
TEL,16057,S5,3529,1073,2944,4994,10000,0                       
TEL,16058,S5,3498,1072,2944,4994,10000,0                       
TEL,16059,S5,3529,1073,2944,4994,10000,0                       
TEL,16060,S5,3498,1072,2944,4994,10000,0                       
TEL,16061,S5,3498,1072,2944,4994,10000,0                       
TEL,16062,S5,3560,1074,2944,4994,10000,0                       
TEL,16063,S5,3560,1074,2944,4994,10000,0                       
TEL,16064,S5,3560,1074,2944,4994,10000,0                       
TEL,16065,S5,3560,1074,2944,4994,10000,0                       
TEL,16066,S5,3560,1074,2944,4994,10000,0                       
TEL,16067,S5,3529,1073,2944,4994,10000,0                       
TEL,16068,S5,3498,1072,2944,4994,10000,0                       
TEL,16069,S5,3560,1074,2944,4994,10000,0                       
TEL,16070,S5,3591,1075,2944,4994,10000,0                       
TEL,16071,S5,3498,1072,2944,4994,10000,0                       
TEL,16072,S5,3529,1073,2944,4994,10000,0                       
TEL,16073,S5,3560,1074,2944,4994,10000,0                       
TEL,16074,S5,3591,1075,2944,4994,10000,0                       
TEL,16075,S5,3529,1073,2944,4994,10000,0                       
TEL,16076,S5,3560,1074,2944,4994,10000,0                       
TEL,16077,S5,3529,1073,2944,4994,10000,0                       
TEL,16078,S5,3560,1074,2944,4994,10000,0                       
TEL,16079,S5,3498,1072,2944,4994,10000,0                       
TEL,16080,S5,3591,1075,2944,4994,10000,0                       
TEL,16081,S5,3404,1069,2944,4994,10000,0                       
TEL,16082,S5,3466,1071,2944,4994,10000,0                       
TEL,16083,S5,3529,1073,2944,4994,10000,0                       
TEL,16084,S5,3560,1074,2944,4994,10000,0                       
TEL,16085,S5,3653,1078,2944,4994,10000,0                       
TEL,16086,S5,3622,1076,2944,4994,10000,0                       
TEL,16087,S5,3560,1074,2944,4994,10000,0                       
TEL,16088,S5,3498,1072,2944,4994,10000,0                       
TEL,16089,S5,3529,1073,2944,4994,10000,0                       
TEL,16090,S5,3591,1075,2944,4994,10000,0                       
TEL,16091,S5,3560,1074,2944,4994,10000,0                       
TEL,16092,S5,3560,1074,2944,4994,10000,0                       
TEL,16093,S5,3342,1067,2944,4994,10000,0                       
TEL,16094,S5,3560,1074,2944,4994,10000,0                       
TEL,16095,S5,3591,1075,2944,4994,10000,0                       
TEL,16096,S5,3560,1074,2944,4994,10000,0                       
TEL,16097,S5,3560,1074,2944,4994,10000,0                       
TEL,16098,S5,3684,1079,2944,4994,10000,0                       
TEL,16099,S5,3560,1074,2944,4994,10000,0                       
TEL,16100,S5,3529,1073,2944,4994,10000,0                       
TEL,16101,S5,3591,1075,2944,4994,10000,0                       
TEL,16102,S5,3653,1078,2944,4994,10000,0                       
TEL,16103,S5,3560,1074,2944,4994,10000,0                       
TEL,16104,S5,3529,1073,2944,4994,10000,0                       
TEL,16105,S5,3498,1072,2944,4994,10000,0                       
TEL,16106,S5,3591,1075,2944,4994,10000,0                       
TEL,16107,S5,3498,1072,2944,4994,10000,0                       
TEL,16108,S5,3466,1071,2944,4994,10000,0                       
TEL,16109,S5,3560,1074,2944,4994,10000,0                       
TEL,16110,S5,3529,1073,2944,4994,10000,0                       
TEL,16111,S5,3498,1072,2944,4994,10000,0                       
TEL,16112,S5,3498,1072,2944,4994,10000,0                       
TEL,16113,S5,3560,1074,2944,4994,10000,0                       
TEL,16114,S5,3560,1074,2944,4994,10000,0                       
TEL,16115,S5,3466,1071,2944,4994,10000,0                       
TEL,16116,S5,3498,1072,2944,4994,10000,0                       
TEL,16117,S5,3529,1073,2944,4994,10000,0                       
TEL,16118,S5,3591,1075,2944,4994,10000,0                       
TEL,16119,S5,3529,1073,2944,4994,10000,0                       
TEL,16120,S5,3529,1073,2944,4994,10000,0                       
TEL,16121,S5,3560,1074,2944,4994,10000,0                       
TEL,16122,S5,3498,1072,2944,4994,10000,0                       
TEL,16123,S5,3560,1074,2944,4994,10000,0                       
TEL,16124,S5,3560,1074,2944,4994,10000,0                       
TEL,16125,S5,3529,1073,2944,4994,10000,0                       
TEL,16126,S5,3529,1073,2944,4994,10000,0                       
TEL,16127,S5,3498,1072,2944,4994,10000,0                       
TEL,16128,S5,3529,1073,2944,4994,10000,0                       
TEL,16129,S5,3560,1074,2944,4994,10000,0                       
TEL,16130,S5,3498,1072,2944,4994,10000,0                       
TEL,16131,S5,3560,1074,2944,4994,10000,0                       
TEL,16132,S5,3591,1075,2944,4994,10000,0                       
TEL,16133,S5,3560,1074,2944,4994,10000,0                       
TEL,16134,S5,3591,1075,2944,4994,10000,0                       
TEL,16135,S5,3591,1075,2944,4994,10000,0                       
TEL,16136,S5,3498,1072,2944,4994,10000,0                       
TEL,16137,S5,3560,1074,2944,4994,10000,0                       
TEL,16138,S5,3529,1073,2944,4994,10000,0                       
TEL,16139,S5,3498,1072,2944,4994,10000,0                       
TEL,16140,S5,3591,1075,2944,4994,10000,0                       
TEL,16141,S5,3498,1072,2944,4994,10000,0                       
TEL,16142,S5,3498,1072,2944,4994,10000,0                       
TEL,16143,S5,3560,1074,2944,4994,10000,0                       
TEL,16144,S5,3498,1072,2944,4994,10000,0                       
TEL,16145,S5,3560,1074,2944,4994,10000,0                       
TEL,16146,S5,3560,1074,2944,4994,10000,0                       
TEL,16147,S5,3498,1072,2944,4994,10000,0                       
TEL,16148,S5,3591,1075,2944,4994,10000,0                       
TEL,16149,S5,3466,1071,2944,4994,10000,0                       
TEL,16150,S5,3560,1074,2944,4994,10000,0                       
TEL,16151,S5,3342,1066,2944,4994,10000,0                       
TEL,16152,S5,3529,1073,2944,4994,10000,0                       
TEL,16153,S5,3560,1074,2944,4994,10000,0                       
TEL,16154,S5,3560,1074,2944,4994,10000,0                       
TEL,16155,S5,3498,1072,2944,4994,10000,0                       
TEL,16156,S5,3560,1074,2944,4994,10000,0                       
TEL,16157,S5,3529,1073,2944,4994,10000,0                       
TEL,16158,S5,3560,1074,2944,4994,10000,0                       
TEL,16159,S5,3498,1072,2944,4994,10000,0                       
TEL,16160,S5,3498,1072,2944,4994,10000,0                       
TEL,16161,S5,3560,1074,2944,4994,10000,0                       
TEL,16162,S5,3653,1078,2944,4994,10000,0                       
TEL,16163,S5,3498,1072,2944,4994,10000,0                       
TEL,16164,S5,3591,1075,2944,4994,10000,0                       
TEL,16165,S5,3591,1075,2944,4994,10000,0                       
TEL,16166,S5,3622,1076,2944,4994,10000,0                       
TEL,16167,S5,3560,1074,2944,4994,10000,0                       
TEL,16168,S5,3591,1075,2944,4994,10000,0                       
TEL,16169,S5,3529,1073,2944,4994,10000,0                       
TEL,16170,S5,3560,1074,2944,4994,10000,0                       
TEL,16171,S5,3529,1073,2944,4994,10000,0                       
TEL,16172,S5,3653,1078,2944,4994,10000,0                       
TEL,16173,S5,3591,1075,2944,4994,10000,0                       
TEL,16174,S5,3529,1073,2944,4994,10000,0                       
TEL,16175,S5,3622,1077,2944,4994,10000,0                       
TEL,16176,S5,3560,1074,2944,4994,10000,0                       
TEL,16177,S5,3529,1073,2944,4994,10000,0                       
TEL,16178,S5,3560,1074,2944,4994,10000,0                       
TEL,16179,S5,3498,1072,2944,4994,10000,0                       
TEL,16180,S5,3560,1074,2944,4994,10000,0                       
TEL,16181,S5,3529,1073,2944,4994,10000,0                       
TEL,16182,S5,3622,1076,2944,4994,10000,0                       
TEL,16183,S5,3560,1074,2944,4994,10000,0                       
TEL,16184,S5,3591,1075,2944,4994,10000,0                       
TEL,16185,S5,3560,1074,2944,4994,10000,0                       
TEL,16186,S5,3560,1074,2944,4994,10000,0                       
TEL,16187,S5,3498,1072,2944,4994,10000,0                       
TEL,16188,S5,3560,1074,2944,4994,10000,0                       
TEL,16189,S5,3591,1075,2944,4994,10000,0                       
TEL,16190,S5,3591,1075,2944,4994,10000,0                       
TEL,16191,S5,3529,1073,2944,4994,10000,0                       
TEL,16192,S5,3529,1073,2944,4994,10000,0                       
TEL,16193,S5,3529,1073,2944,4994,10000,0                       
TEL,16194,S5,3498,1072,2944,4994,10000,0                       
TEL,16195,S5,3529,1073,2944,4994,10000,0                       
TEL,16196,S5,3466,1071,2944,4994,10000,0                       
TEL,16197,S5,3529,1073,2944,4994,10000,0                       
TEL,16198,S5,3498,1072,2944,4994,10000,0                       
TEL,16199,S5,3560,1074,2944,4994,10000,0                       
TEL,16200,S5,3560,1074,2944,4994,10000,0                       
TEL,16201,S5,3498,1072,2944,4994,10000,0                       
TEL,16202,S5,3560,1074,2944,4994,10000,0                       
TEL,16203,S5,3622,1077,2944,4994,10000,0                       
TEL,16204,S5,3529,1073,2944,4994,10000,0                       
TEL,16205,S5,3560,1074,2944,4994,10000,0                       
TEL,16206,S5,3560,1074,2944,4994,10000,0                       
TEL,16207,S5,3560,1074,2944,4994,10000,0                       
TEL,16208,S5,3529,1073,2944,4994,10000,0                       
TEL,16209,S5,3560,1074,2944,4994,10000,0                       
TEL,16210,S5,3591,1075,2944,4994,10000,0                       
TEL,16211,S5,3591,1075,2944,4994,10000,0                       
TEL,16212,S5,3560,1074,2944,4994,10000,0                       
TEL,16213,S5,3498,1072,2944,4994,10000,0                       
TEL,16214,S5,3591,1075,2944,4994,10000,0                       
TEL,16215,S5,3498,1072,2944,4994,10000,0                       
TEL,16216,S5,3591,1075,2944,4994,10000,0                       
TEL,16217,S5,3560,1074,2944,4994,10000,0                       
TEL,16218,S5,3498,1072,2944,4994,10000,0                       
TEL,16219,S5,3560,1074,2944,4994,10000,0                       
TEL,16220,S5,3560,1074,2944,4994,10000,0                       
TEL,16221,S5,3498,1072,2944,4994,10000,0                       
TEL,16222,S5,3591,1075,2944,4994,10000,0                       
TEL,16223,S5,3560,1074,2944,4994,10000,0                       
TEL,16224,S5,3560,1074,2944,4994,10000,0                       
TEL,16225,S5,3560,1074,2944,4994,10000,0                       
TEL,16226,S5,3529,1073,2944,4994,10000,0                       
TEL,16227,S5,3529,1073,2944,4994,10000,0                       
TEL,16228,S5,3560,1074,2944,4994,10000,0                       
TEL,16229,S5,3591,1075,2944,4994,10000,0                       
TEL,16230,S5,3622,1076,2944,4994,10000,0                       
TEL,16231,S5,3498,1072,2944,4994,10000,0                       
TEL,16232,S5,3560,1074,2944,4994,10000,0                       
TEL,16233,S5,3498,1072,2944,4994,10000,0                       
TEL,16234,S5,3591,1075,2944,4994,10000,0                       
TEL,16235,S5,3529,1073,2944,4994,10000,0                       
TEL,16236,S5,3591,1075,2944,4994,10000,0                       
TEL,16237,S5,3498,1072,2944,4994,10000,0                       
TEL,16238,S5,3560,1074,2944,4994,10000,0                       
TEL,16239,S5,3560,1074,2944,4994,10000,0                       
TEL,16240,S5,3529,1073,2944,4994,10000,0                       
TEL,16241,S5,3435,1070,2944,4994,10000,0                       
TEL,16242,S5,3529,1073,2944,4994,10000,0                       
TEL,16243,S5,3560,1074,2944,4994,10000,0                       
TEL,16244,S5,3466,1071,2944,4994,10000,0                       
TEL,16245,S5,3560,1074,2944,4994,10000,0                       
TEL,16246,S5,3622,1076,2944,4994,10000,0                       
TEL,16247,S5,3560,1074,2944,4994,10000,0                       
TEL,16248,S5,3529,1073,2944,4994,10000,0                       
TEL,16249,S5,3591,1075,2944,4994,10000,0                       
TEL,16250,S5,3529,1073,2944,4994,10000,0                       
TEL,16251,S5,3560,1074,2944,4994,10000,0                       
TEL,16252,S5,3529,1073,2944,4994,10000,0                       
TEL,16253,S5,3498,1072,2944,4994,10000,0                       
TEL,16254,S5,3560,1074,2944,4994,10000,0                       
TEL,16255,S5,3498,1072,2944,4994,10000,0                       
TEL,16256,S5,3591,1075,2944,4994,10000,0                       
TEL,16257,S5,3498,1072,2944,4994,10000,0                       
TEL,16258,S5,3529,1073,2944,4994,10000,0                       
TEL,16259,S5,3529,1073,2944,4994,10000,0                       
TEL,16260,S5,3653,1078,2944,4994,10000,0                       
TEL,16261,S5,3560,1074,2944,4994,10000,0                       
TEL,16262,S5,3622,1077,2944,4994,10000,0                       
TEL,16263,S5,3622,1077,2944,4994,10000,0                       
TEL,16264,S5,3498,1072,2944,4994,10000,0                       
TEL,16265,S5,3342,1067,2944,4994,10000,0                       
TEL,16266,S5,3591,1075,2944,4994,10000,0                       
TEL,16267,S5,3622,1077,2944,4994,10000,0                       
TEL,16268,S5,3591,1075,2944,4994,10000,0                       
TEL,16269,S5,3498,1072,2944,4994,10000,0                       
TEL,16270,S5,3498,1072,2944,4994,10000,0                       
TEL,16271,S5,3529,1073,2944,4994,10000,0                       
TEL,16272,S5,3529,1073,2944,4994,10000,0                       
TEL,16273,S5,3529,1073,2944,4994,10000,0                       
TEL,16274,S5,3591,1075,2944,4994,10000,0                       
TEL,16275,S5,3560,1074,2944,4994,10000,0                       
TEL,16276,S5,3560,1074,2944,4994,10000,0                       
TEL,16277,S5,3498,1072,2944,4994,10000,0                       
TEL,16278,S5,3560,1074,2944,4994,10000,0                       
TEL,16279,S5,3560,1074,2944,4994,10000,0                       
TEL,16280,S5,3560,1074,2944,4994,10000,0                       
TEL,16281,S5,3591,1075,2944,4994,10000,0                       
TEL,16282,S5,3622,1076,2944,4994,10000,0                       
TEL,16283,S5,3560,1074,2944,4994,10000,0                       
TEL,16284,S5,3591,1075,2944,4994,10000,0                       
TEL,16285,S5,3529,1073,2944,4994,10000,0                       
TEL,16286,S5,3560,1074,2944,4994,10000,0                       
TEL,16287,S5,3622,1076,2944,4994,10000,0                       
TEL,16288,S5,3498,1072,2944,4994,10000,0                       
TEL,16289,S5,3560,1074,2944,4994,10000,0                       
TEL,16290,S5,3466,1071,2944,4994,10000,0                       
TEL,16291,S5,3498,1072,2944,4994,10000,0                       
TEL,16292,S5,3498,1072,2944,4994,10000,0                       
TEL,16293,S5,3529,1073,2944,4994,10000,0                       
TEL,16294,S5,3591,1075,2944,4994,10000,0                       
TEL,16295,S5,3498,1072,2944,4994,10000,0                       
TEL,16296,S5,3498,1072,2944,4994,10000,0                       
TEL,16297,S5,3529,1073,2944,4994,10000,0                       
TEL,16298,S5,3591,1075,2944,4994,10000,0                       
TEL,16299,S5,3529,1073,2944,4994,10000,0                       
TEL,16300,S5,3529,1073,2944,4994,10000,0                       
TEL,16301,S5,3529,1073,2944,4994,10000,0                       
TEL,16302,S5,3560,1074,2944,4994,10000,0                       
TEL,16303,S5,3560,1074,2944,4994,10000,0                       
TEL,16304,S5,3560,1074,2944,4994,10000,0                       
TEL,16305,S5,3498,1072,2944,4994,10000,0                       
TEL,16306,S5,3560,1074,2944,4994,10000,0                       
TEL,16307,S5,3529,1073,2944,4994,10000,0                       
TEL,16308,S5,3529,1073,2944,4994,10000,0                       
TEL,16309,S5,3498,1072,2944,4994,10000,0                       
TEL,16310,S5,3591,1075,2944,4994,10000,0                       
TEL,16311,S5,3529,1073,2944,4994,10000,0                       
TEL,16312,S5,3591,1075,2944,4994,10000,0                       
TEL,16313,S5,3498,1072,2944,4994,10000,0                       
TEL,16314,S5,3560,1074,2944,4994,10000,0                       
TEL,16315,S5,3529,1073,2944,4994,10000,0                       
TEL,16316,S5,3529,1073,2944,4994,10000,0                       
TEL,16317,S5,3529,1073,2944,4994,10000,0                       
TEL,16318,S5,3653,1078,2944,4994,10000,0                       
TEL,16319,S5,3560,1074,2944,4994,10000,0                       
TEL,16320,S5,3560,1074,2944,4994,10000,0                       
TEL,16321,S5,3498,1072,2944,4994,10000,0                       
TEL,16322,S5,3591,1075,2944,4994,10000,0                       
TEL,16323,S5,3560,1074,2944,4994,10000,0                       
TEL,16324,S5,3498,1072,2944,4994,10000,0                       
TEL,16325,S5,3560,1074,2944,4994,10000,0                       
TEL,16326,S5,3560,1074,2944,4994,10000,0                       
TEL,16327,S5,3498,1072,2944,4994,10000,0                       
TEL,16328,S5,3529,1073,2944,4994,10000,0                       
TEL,16329,S5,3498,1072,2944,4994,10000,0                       
TEL,16330,S5,3529,1073,2944,4994,10000,0                       
TEL,16331,S5,3529,1073,2944,4994,10000,0                       
TEL,16332,S5,3560,1074,2944,4994,10000,0                       
TEL,16333,S5,3529,1073,2944,4994,10000,0                       
TEL,16334,S5,3529,1073,2944,4994,10000,0                       
TEL,16335,S5,3529,1073,2944,4994,10000,0                       
TEL,16336,S5,3498,1072,2944,4994,10000,0                       
TEL,16337,S5,3560,1074,2944,4994,10000,0                       
TEL,16338,S5,3498,1072,2944,4994,10000,0                       
TEL,16339,S5,3529,1073,2944,4994,10000,0                       
TEL,16340,S5,3529,1073,2944,4994,10000,0                       
TEL,16341,S5,3560,1074,2944,4994,10000,0                       
TEL,16342,S5,3560,1074,2944,4994,10000,0                       
TEL,16343,S5,3560,1074,2944,4994,10000,0                       
TEL,16344,S5,3560,1074,2944,4994,10000,0                       
TEL,16345,S5,3529,1073,2944,4994,10000,0                       
TEL,16346,S5,3591,1075,2944,4994,10000,0                       
TEL,16347,S5,3529,1073,2944,4994,10000,0                       
TEL,16348,S5,3498,1072,2944,4994,10000,0                       
TEL,16349,S5,3560,1074,2944,4994,10000,0                       
TEL,16350,S5,3560,1074,2944,4994,10000,0                       
TEL,16351,S5,3498,1072,2944,4994,10000,0                       
TEL,16352,S5,3529,1073,2944,4994,10000,0                       
TEL,16353,S5,3529,1073,2944,4994,10000,0                       
TEL,16354,S5,3466,1071,2944,4994,10000,0                       
TEL,16355,S5,3591,1075,2944,4994,10000,0                       
TEL,16356,S5,3498,1072,2944,4994,10000,0                       
TEL,16357,S5,3529,1073,2944,4994,10000,0                       
TEL,16358,S5,3591,1075,2944,4994,10000,0                       
TEL,16359,S5,3498,1072,2944,4994,10000,0                       
TEL,16360,S5,3529,1073,2944,4994,10000,0                       
TEL,16361,S5,3560,1074,2944,4994,10000,0                       
TEL,16362,S5,3529,1073,2944,4994,10000,0                       
TEL,16363,S5,3529,1073,2944,4994,10000,0                       
TEL,16364,S5,3560,1074,2944,4994,10000,0                       
TEL,16365,S5,3529,1073,2944,4994,10000,0                       
BTN,121,S5,PRESSED,16366,365302135,365302153,365302155         
TEL,16367,S5,3498,1072,2944,5054,10000,0                       
TEL,16368,S5,3529,1073,2944,4994,10000,0                       
TEL,16369,S5,3560,1074,2944,4994,10000,0                       
TEL,16370,S5,3560,1074,2944,4994,10000,0                       
TEL,16371,S5,3560,1074,2944,4994,10000,0                       
TEL,16372,S5,3591,1075,2944,4994,10000,0                       
TEL,16373,S5,3529,1073,2944,4994,10000,0                       
TEL,16374,S5,3560,1074,2944,4994,10000,0                       
TEL,16375,S5,3684,1079,2944,4994,10000,0                       
TEL,16376,S5,3560,1074,2944,4994,10000,0                       
TEL,16377,S5,3560,1074,2944,4994,10000,0                       
TEL,16378,S5,3591,1075,2944,4994,10000,0                       
TEL,16379,S5,3560,1074,2944,4994,10000,0                       
TEL,16380,S5,3529,1073,2944,4994,10000,0                       
TEL,16381,S5,3529,1073,2944,5011,10000,0                       
TEL,16382,S5,3591,1075,2944,4994,10000,0                       
TEL,16383,S5,3498,1072,2944,4994,10000,0                       
TEL,16384,S5,3529,1073,2944,4994,10000,0                       
TEL,16385,S5,3560,1074,2944,4994,10000,0                       
TEL,16386,S5,3529,1073,2944,4994,10000,0                       
TEL,16387,S5,3498,1072,2944,4994,10000,0                       
TEL,16388,S5,3560,1074,2944,4994,10000,0                       
TEL,16389,S5,3591,1075,2944,4994,10000,0                       
TEL,16390,S5,3529,1073,2944,4994,10000,0                       
TEL,16391,S5,3591,1075,2944,4994,10000,0                       
TEL,16392,S5,3591,1075,2944,4994,10000,0                       
TEL,16393,S5,3591,1075,2944,4994,10000,0                       
TEL,16394,S5,3560,1074,2944,4994,10000,0                       
TEL,16395,S5,3591,1075,2944,4994,10000,0                       
TEL,16396,S5,3529,1073,2944,4994,10000,0                       
TEL,16397,S5,3591,1075,2944,4994,10000,0                       
TEL,16398,S5,3498,1072,2944,4994,10000,0                       
TEL,16399,S5,3560,1074,2944,4994,10000,0                       
TEL,16400,S5,3591,1075,2944,4994,10000,0                       
TEL,16401,S5,3591,1075,2944,4994,10000,0                       
TEL,16402,S5,3560,1074,2944,4994,10000,0                       
TEL,16403,S5,3591,1075,2944,4994,10000,0                       
TEL,16404,S5,3435,1070,2944,4994,10000,0                       
TEL,16405,S5,3591,1075,2944,4994,10000,0                       
TEL,16406,S5,3560,1074,2944,4994,10000,0                       
TEL,16407,S5,3622,1076,2944,4994,10000,0                       
TEL,16408,S5,3560,1074,2944,4994,10000,0                       
TEL,16409,S5,3560,1074,2944,4994,10000,0                       
TEL,16410,S5,3560,1074,2944,4994,10000,0                       
TEL,16411,S5,3591,1075,2944,4994,10000,0                       
TEL,16412,S5,3591,1075,2944,4994,10000,0                       
TEL,16413,S5,3466,1071,2944,4994,10000,0                       
TEL,16414,S5,3560,1074,2944,4994,10000,0                       
TEL,16415,S5,3560,1074,2944,4994,10000,0                       
TEL,16416,S5,3560,1074,2944,4994,10000,0                       
TEL,16417,S5,3591,1075,2944,4994,10000,0                       
TEL,16418,S5,3404,1069,2944,4994,10000,0                       
TEL,16419,S5,3560,1074,2944,4994,10000,0                       
TEL,16420,S5,3560,1074,2944,4994,10000,0                       
TEL,16421,S5,3498,1072,2944,4994,10000,0                       
TEL,16422,S5,3591,1075,2944,4994,10000,0                       
TEL,16423,S5,3622,1076,2944,4994,10000,0                       
TEL,16424,S5,3560,1074,2944,4994,10000,0                       
TEL,16425,S5,3560,1074,2944,4994,10000,0                       
TEL,16426,S5,3498,1072,2944,4994,10000,0                       
TEL,16427,S5,3498,1072,2944,4994,10000,0                       
TEL,16428,S5,3498,1072,2944,4994,10000,0                       
TEL,16429,S5,3560,1074,2944,4994,10000,0                       
TEL,16430,S5,3560,1074,2944,4994,10000,0                       
TEL,16431,S5,3498,1072,2944,4994,10000,0                       
TEL,16432,S5,3560,1074,2944,4994,10000,0                       
TEL,16433,S5,3591,1075,2944,4994,10000,0                       
TEL,16434,S5,3560,1074,2944,4994,10000,0                       
TEL,16435,S5,3560,1074,2944,4994,10000,0                       
TEL,16436,S5,3560,1074,2944,4994,10000,0                       
TEL,16437,S5,3529,1073,2944,4994,10000,0                       
TEL,16438,S5,3529,1073,2944,4994,10000,0                       
TEL,16439,S5,3622,1077,2944,4994,10000,0                       
TEL,16440,S5,3560,1074,2944,4994,10000,0                       
TEL,16441,S5,3560,1074,2944,4994,10000,0                       
TEL,16442,S5,3560,1074,2944,4994,10000,0                       
TEL,16443,S5,3529,1073,2944,4994,10000,0                       
TEL,16444,S5,3560,1074,2944,4994,10000,0                       
TEL,16445,S5,3591,1075,2944,4994,10000,0                       
TEL,16446,S5,3498,1072,2944,4994,10000,0                       
TEL,16447,S5,3560,1074,2944,4994,10000,0                       
TEL,16448,S5,3498,1072,2944,4994,10000,0                       
TEL,16449,S5,3529,1073,2944,4994,10000,0                       
TEL,16450,S5,3498,1072,2944,4994,10000,0                       
TEL,16451,S5,3435,1070,2944,4994,10000,0                       
TEL,16452,S5,3529,1073,2944,4994,10000,0                       
TEL,16453,S5,3560,1074,2944,4994,10000,0                       
TEL,16454,S5,3591,1075,2944,4994,10000,0                       
TEL,16455,S5,3684,1079,2944,4994,10000,0                       
TEL,16456,S5,3560,1074,2944,4994,10000,0                       
TEL,16457,S5,3591,1075,2944,4994,10000,0                       
TEL,16458,S5,3373,1068,2944,4994,10000,0                       
TEL,16459,S5,3560,1074,2944,4994,10000,0                       
TEL,16460,S5,3591,1075,2944,4994,10000,0                       
TEL,16461,S5,3529,1073,2944,4994,10000,0                       
TEL,16462,S5,3560,1074,2944,4994,10000,0                       
TEL,16463,S5,3560,1074,2944,4994,10000,0                       
TEL,16464,S5,3591,1075,2944,4994,10000,0                       
TEL,16465,S5,3560,1074,2944,4994,10000,0                       
TEL,16466,S5,3591,1075,2944,4994,10000,0                       
TEL,16467,S5,3560,1074,2944,4994,10000,0                       
TEL,16468,S5,3560,1074,2944,4994,10000,0                       
TEL,16469,S5,3591,1075,2944,4994,10000,0                       
TEL,16470,S5,3529,1073,2944,4994,10000,0                       
TEL,16471,S5,3591,1075,2944,4994,10000,0                       
TEL,16472,S5,3529,1073,2944,4994,10000,0                       
TEL,16473,S5,3560,1074,2944,4994,10000,0                       
TEL,16474,S5,3591,1075,2944,4994,10000,0                       
TEL,16475,S5,3529,1073,2944,4994,10000,0                       
TEL,16476,S5,3560,1074,2944,4994,10000,0                       
TEL,16477,S5,3560,1074,2944,4994,10000,0                       
TEL,16478,S5,3529,1073,2944,4994,10000,0                       
TEL,16479,S5,3560,1074,2944,4994,10000,0                       
TEL,16480,S5,3560,1074,2944,4994,10000,0                       
TEL,16481,S5,3529,1073,2944,4994,10000,0                       
TEL,16482,S5,3529,1073,2944,4994,10000,0                       
TEL,16483,S5,3591,1075,2944,4994,10000,0                       
TEL,16484,S5,3560,1074,2944,4994,10000,0                       
TEL,16485,S5,3560,1074,2944,4994,10000,0                       
TEL,16486,S5,3591,1075,2944,4994,10000,0                       
TEL,16487,S5,3622,1076,2944,4994,10000,0                       
TEL,16488,S5,3560,1074,2944,4994,10000,0                       
TEL,16489,S5,3591,1075,2944,4994,10000,0                       
TEL,16490,S5,3560,1074,2944,4994,10000,0                       
TEL,16491,S5,3529,1073,2944,4994,10000,0                       
TEL,16492,S5,3560,1074,2944,4994,10000,0                       
TEL,16493,S5,3498,1072,2944,4994,10000,0                       
TEL,16494,S5,3529,1073,2944,4994,10000,0                       
TEL,16495,S5,3560,1074,2944,4994,10000,0                       
TEL,16496,S5,3591,1075,2944,4994,10000,0                       
TEL,16497,S5,3529,1073,2944,4994,10000,0                       
TEL,16498,S5,3560,1074,2944,4994,10000,0                       
TEL,16499,S5,3560,1074,2944,4994,10000,0                       
TEL,16500,S5,3560,1074,2944,4994,10000,0                       
TEL,16501,S5,3560,1074,2944,4994,10000,0                       
TEL,16502,S5,3560,1074,2944,4994,10000,0                       
TEL,16503,S5,3622,1076,2944,4994,10000,0                       
TEL,16504,S5,3560,1074,2944,4994,10000,0                       
TEL,16505,S5,3529,1073,2944,4994,10000,0                       
TEL,16506,S5,3498,1072,2944,4994,10000,0                       
TEL,16507,S5,3498,1072,2944,4994,10000,0                       
TEL,16508,S5,3560,1074,2944,4994,10000,0                       
TEL,16509,S5,3591,1075,2944,4994,10000,0                       
TEL,16510,S5,3498,1072,2944,4994,10000,0                       
TEL,16511,S5,3529,1073,2944,4994,10000,0                       
TEL,16512,S5,3560,1074,2944,4994,10000,0                       
TEL,16513,S5,3560,1074,2944,4994,10000,0                       
TEL,16514,S5,3529,1073,2944,4994,10000,0                       
TEL,16515,S5,3560,1074,2944,4994,10000,0                       
TEL,16516,S5,3560,1074,2944,4994,10000,0                       
TEL,16517,S5,3591,1075,2944,4994,10000,0                       
TEL,16518,S5,3529,1073,2944,4994,10000,0                       
TEL,16519,S5,3622,1077,2944,4994,10000,0                       
TEL,16520,S5,3529,1073,2944,4994,10000,0                       
TEL,16521,S5,3560,1074,2944,4994,10000,0                       
TEL,16522,S5,3498,1072,2944,4994,10000,0                       
TEL,16523,S5,3560,1074,2944,4994,10000,0                       
TEL,16524,S5,3529,1073,2944,4994,10000,0                       
TEL,16525,S5,3560,1074,2944,4994,10000,0                       
TEL,16526,S5,3498,1072,2944,4994,10000,0                       
TEL,16527,S5,3591,1075,2944,4994,10000,0                       
TEL,16528,S5,3498,1072,2944,4994,10000,0                       
TEL,16529,S5,3498,1072,2944,4994,10000,0                       
TEL,16530,S5,3498,1072,2944,4994,10000,0                       
TEL,16531,S5,3560,1074,2944,4994,10000,0                       
TEL,16532,S5,3560,1074,2944,4994,10000,0                       
TEL,16533,S5,3591,1075,2944,4994,10000,0                       
TEL,16534,S5,3591,1075,2944,4994,10000,0                       
TEL,16535,S5,3622,1077,2944,4994,10000,0                       
TEL,16536,S5,3560,1074,2944,4994,10000,0                       
TEL,16537,S5,3591,1075,2944,4994,10000,0                       
TEL,16538,S5,3560,1074,2944,4994,10000,0                       
TEL,16539,S5,3529,1073,2944,4994,10000,0                       
TEL,16540,S5,3529,1073,2944,4994,10000,0                       
TEL,16541,S5,3560,1074,2944,4994,10000,0                       
BTN,122,S5,PRESSED,16542,367058609,367058627,367058628         
TEL,16543,S5,3560,1074,2944,5052,10000,1                       
TEL,16544,S5,3653,1078,2944,5044,10000,0                       
TEL,16545,S5,3529,1073,2944,4994,10000,0                       
TEL,16546,S5,3498,1072,2944,4994,10000,0                       
TEL,16547,S5,3591,1075,2944,4994,10000,0                       
TEL,16548,S5,3591,1075,2944,4994,10000,0                       
TEL,16549,S5,3498,1072,2944,4994,10000,0                       
TEL,16550,S5,3466,1071,2944,4994,10000,0                       
TEL,16551,S5,3560,1074,2944,4994,10000,0                       
TEL,16552,S5,3591,1075,2944,4994,10000,0                       
TEL,16553,S5,3560,1074,2944,4994,10000,0                       
TEL,16554,S5,3529,1073,2944,4994,10000,0                       
TEL,16555,S5,3498,1072,2944,4994,10000,0                       
TEL,16556,S5,3560,1074,2944,4994,10000,0                       
TEL,16557,S5,3466,1071,2944,4994,10000,0                       
TEL,16558,S5,3529,1073,2944,4994,10000,0                       
TEL,16559,S5,3529,1073,2944,4994,10000,0                       
TEL,16560,S5,3560,1074,2944,4994,10000,0                       
TEL,16561,S5,3684,1079,2944,4994,10000,0                       
TEL,16562,S5,3498,1072,2944,4994,10000,0                       
TEL,16563,S5,3560,1074,2944,4994,10000,0                       
TEL,16564,S5,3560,1074,2944,4994,10000,0                       
TEL,16565,S5,3529,1073,2944,4994,10000,0                       
TEL,16566,S5,3560,1074,2944,4994,10000,0                       
TEL,16567,S5,3560,1074,2944,4994,10000,0                       
TEL,16568,S5,3622,1077,2944,4994,10000,0                       
TEL,16569,S5,3529,1073,2944,4994,10000,0                       
TEL,16570,S5,3560,1074,2944,4994,10000,0                       
TEL,16571,S5,3560,1074,2944,4994,10000,0                       
TEL,16572,S5,3498,1072,2944,4994,10000,0                       
TEL,16573,S5,3560,1074,2944,4994,10000,0                       
TEL,16574,S5,3560,1074,2944,4994,10000,0                       
TEL,16575,S5,3591,1075,2944,4994,10000,0                       
TEL,16576,S5,3560,1074,2944,4994,10000,0                       
TEL,16577,S5,3560,1074,2944,4994,10000,0                       
TEL,16578,S5,3529,1073,2944,4994,10000,0                       
TEL,16579,S5,3591,1075,2944,4994,10000,0                       
TEL,16580,S5,3560,1074,2944,4994,10000,0                       
TEL,16581,S5,3498,1072,2944,4994,10000,0                       
TEL,16582,S5,3529,1073,2944,4994,10000,0                       
TEL,16583,S5,3466,1071,2944,4994,10000,0                       
TEL,16584,S5,3591,1075,2944,4994,10000,0                       
TEL,16585,S5,3466,1071,2944,4994,10000,0                       
TEL,16586,S5,3591,1075,2944,4994,10000,0                       
TEL,16587,S5,3529,1073,2944,4994,10000,0                       
TEL,16588,S5,3529,1073,2944,4994,10000,0                       
TEL,16589,S5,3560,1074,2944,4994,10000,0                       
TEL,16590,S5,3498,1072,2944,4994,10000,0                       
TEL,16591,S5,3498,1072,2944,4994,10000,0                       
TEL,16592,S5,3560,1074,2944,4994,10000,0                       
TEL,16593,S5,3466,1071,2944,4994,10000,0                       
TEL,16594,S5,3560,1074,2944,4994,10000,0                       
TEL,16595,S5,3591,1075,2944,4994,10000,0                       
TEL,16596,S5,3560,1074,2944,4994,10000,0                       
TEL,16597,S5,3498,1072,2944,4994,10000,0                       
TEL,16598,S5,3560,1074,2944,4994,10000,0                       
TEL,16599,S5,3529,1073,2944,4994,10000,0                       
TEL,16600,S5,3529,1073,2944,4994,10000,0                       
TEL,16601,S5,3560,1074,2944,4994,10000,0                       
TEL,16602,S5,3560,1074,2944,4994,10000,0                       
TEL,16603,S5,3498,1072,2944,4994,10000,0                       
TEL,16604,S5,3560,1074,2944,4994,10000,0                       
TEL,16605,S5,3560,1074,2944,4994,10000,0                       
TEL,16606,S5,3591,1075,2944,4994,10000,0                       
TEL,16607,S5,3435,1070,2944,4994,10000,0                       
TEL,16608,S5,3653,1078,2944,4994,10000,0                       
TEL,16609,S5,3560,1074,2944,4994,10000,0                       
TEL,16610,S5,3498,1072,2944,4994,10000,0                       
TEL,16611,S5,3560,1074,2944,4994,10000,0                       
TEL,16612,S5,3560,1074,2944,4994,10000,0                       
TEL,16613,S5,3529,1073,2944,4994,10000,0                       
TEL,16614,S5,3560,1074,2944,4994,10000,0                       
TEL,16615,S5,3653,1078,2944,4994,10000,0                       
TEL,16616,S5,3622,1076,2944,4994,10000,0                       
TEL,16617,S5,3560,1074,2944,4994,10000,0                       
TEL,16618,S5,3466,1071,2944,4994,10000,0                       
TEL,16619,S5,3529,1073,2944,4994,10000,0                       
TEL,16620,S5,3560,1074,2944,4994,10000,0                       
TEL,16621,S5,3498,1072,2944,4994,10000,0                       
TEL,16622,S5,3591,1075,2944,4994,10000,0                       
TEL,16623,S5,3498,1072,2944,4994,10000,0                       
TEL,16624,S5,3498,1072,2944,4994,10000,0                       
TEL,16625,S5,3529,1073,2944,4994,10000,0                       
TEL,16626,S5,3591,1075,2944,4994,10000,0                       
TEL,16627,S5,3498,1072,2944,4994,10000,0                       
TEL,16628,S5,3560,1074,2944,4994,10000,0                       
TEL,16629,S5,3591,1075,2944,4994,10000,0                       
TEL,16630,S5,3529,1073,2944,4994,10000,0                       
TEL,16631,S5,3560,1074,2944,4994,10000,0                       
TEL,16632,S5,3529,1073,2944,4994,10000,0                       
TEL,16633,S5,3591,1075,2944,4994,10000,0                       
TEL,16634,S5,3591,1075,2944,4994,10000,0                       
TEL,16635,S5,3591,1075,2944,4994,10000,0                       
TEL,16636,S5,3529,1073,2944,4994,10000,0                       
TEL,16637,S5,3529,1073,2944,4994,10000,0                       
TEL,16638,S5,3591,1075,2944,4994,10000,0                       
TEL,16639,S5,3560,1074,2944,4994,10000,0                       
TEL,16640,S5,3560,1074,2944,4994,10000,0                       
TEL,16641,S5,3529,1073,2944,4994,10000,0                       
TEL,16642,S5,3498,1072,2944,4994,10000,0                       
TEL,16643,S5,3529,1073,2944,4994,10000,0                       
TEL,16644,S5,3560,1074,2944,4994,10000,0                       
TEL,16645,S5,3529,1073,2944,4994,10000,0                       
TEL,16646,S5,3560,1074,2944,4994,10000,0                       
TEL,16647,S5,3560,1074,2944,4994,10000,0                       
TEL,16648,S5,3591,1075,2944,4994,10000,0                       
TEL,16649,S5,3498,1072,2944,4994,10000,0                       
TEL,16650,S5,3591,1075,2944,4994,10000,0                       
TEL,16651,S5,3560,1074,2944,4994,10000,0                       
TEL,16652,S5,3498,1072,2944,4994,10000,0                       
TEL,16653,S5,3560,1074,2944,4994,10000,0                       
TEL,16654,S5,3591,1075,2944,4994,10000,0                       
TEL,16655,S5,3498,1072,2944,4994,10000,0                       
TEL,16656,S5,3529,1073,2944,4994,10000,0                       
TEL,16657,S5,3498,1072,2944,4994,10000,0                       
TEL,16658,S5,3560,1074,2944,4994,10000,0                       
TEL,16659,S5,3560,1074,2944,4994,10000,0                       
TEL,16660,S5,3529,1073,2944,4994,10000,0                       
TEL,16661,S5,3591,1075,2944,4994,10000,0                       
TEL,16662,S5,3498,1072,2944,4994,10000,0                       
TEL,16663,S5,3498,1072,2944,4994,10000,0                       
TEL,16664,S5,3560,1074,2944,4994,10000,0                       
TEL,16665,S5,3498,1072,2944,4994,10000,0                       
TEL,16666,S5,3560,1074,2944,4994,10000,0                       
TEL,16667,S5,3560,1074,2944,4994,10000,0                       
TEL,16668,S5,3529,1073,2944,4994,10000,0                       
TEL,16669,S5,3529,1073,2944,4994,10000,0                       
TEL,16670,S5,3529,1073,2944,4994,10000,0                       
TEL,16671,S5,3560,1074,2944,4994,10000,0                       
TEL,16672,S5,3560,1074,2944,4994,10000,0                       
TEL,16673,S5,3591,1075,2944,4994,10000,0                       
TEL,16674,S5,3560,1074,2944,4994,10000,0                       
TEL,16675,S5,3529,1073,2944,4994,10000,0                       
TEL,16676,S5,3591,1075,2944,4994,10000,0                       
TEL,16677,S5,3529,1073,2944,4994,10000,0                       
TEL,16678,S5,3529,1073,2944,4994,10000,0                       
TEL,16679,S5,3529,1073,2944,4994,10000,0                       
TEL,16680,S5,3591,1075,2944,4994,10000,0                       
TEL,16681,S5,3529,1073,2944,4994,10000,0                       
TEL,16682,S5,3529,1073,2944,4994,10000,0                       
TEL,16683,S5,3529,1073,2944,4994,10000,0                       
TEL,16684,S5,3529,1073,2944,4994,10000,0                       
TEL,16685,S5,3560,1074,2944,4994,10000,0                       
TEL,16686,S5,3466,1071,2944,4994,10000,0                       
TEL,16687,S5,3498,1072,2944,4994,10000,0                       
TEL,16688,S5,3560,1074,2944,4994,10000,0                       
TEL,16689,S5,3560,1074,2944,4994,10000,0                       
TEL,16690,S5,3560,1074,2944,4994,10000,0                       
TEL,16691,S5,3529,1073,2944,4994,10000,0                       
TEL,16692,S5,3560,1074,2944,4994,10000,0                       
TEL,16693,S5,3498,1072,2944,4994,10000,0                       
TEL,16694,S5,3591,1075,2944,4994,10000,0                       
TEL,16695,S5,3498,1072,2944,4994,10000,0                       
TEL,16696,S5,3591,1075,2944,4994,10000,0                       
TEL,16697,S5,3498,1072,2944,4994,10000,0                       
TEL,16698,S5,3498,1072,2944,4994,10000,0                       
TEL,16699,S5,3591,1075,2944,4994,10000,0                       
TEL,16700,S5,3591,1075,2944,4994,10000,0                       
TEL,16701,S5,3560,1074,2944,4994,10000,0                       
TEL,16702,S5,3560,1074,2944,4994,10000,0                       
TEL,16703,S5,3529,1073,2944,4994,10000,0                       
TEL,16704,S5,3560,1074,2944,4994,10000,0                       
TEL,16705,S5,3591,1075,2944,4994,10000,0                       
TEL,16706,S5,3560,1074,2944,4994,10000,0                       
TEL,16707,S5,3560,1074,2944,4994,10000,0                       
TEL,16708,S5,3498,1072,2944,4994,10000,0                       
BTN,123,S5,PRESSED,16709,368709391,368709408,368709410         
TEL,16710,S5,3591,1075,2944,5044,10000,0                       
TEL,16711,S5,3529,1073,2944,4994,10000,0                       
TEL,16712,S5,3498,1072,2944,4994,10000,0                       
TEL,16713,S5,3591,1075,2944,4994,10000,0                       
TEL,16714,S5,3591,1075,2944,4994,10000,0                       
TEL,16715,S5,3591,1075,2944,4994,10000,0                       
TEL,16716,S5,3529,1073,2944,4994,10000,0                       
TEL,16717,S5,3560,1074,2944,4994,10000,0                       
TEL,16718,S5,3560,1074,2944,4994,10000,0                       
TEL,16719,S5,3560,1074,2944,4994,10000,0                       
TEL,16720,S5,3498,1072,2944,4994,10000,0                       
TEL,16721,S5,3529,1073,2944,4994,10000,0                       
TEL,16722,S5,3560,1074,2944,4994,10000,0                       
TEL,16723,S5,3560,1074,2944,4994,10000,0                       
TEL,16724,S5,3435,1070,2944,4997,10000,0                       
TEL,16725,S5,3684,1079,2944,4994,10000,0                       
TEL,16726,S5,3560,1074,2944,4994,10000,0                       
TEL,16727,S5,3529,1073,2944,4994,10000,0                       
TEL,16728,S5,3529,1073,2944,4994,10000,0                       
TEL,16729,S5,3622,1077,2944,4994,10000,0                       
TEL,16730,S5,3591,1075,2944,4994,10000,0                       
TEL,16731,S5,3498,1072,2944,4994,10000,0                       
TEL,16732,S5,3560,1074,2944,4994,10000,0                       
TEL,16733,S5,3591,1075,2944,4994,10000,0                       
TEL,16734,S5,3560,1074,2944,4994,10000,0                       
TEL,16735,S5,3498,1072,2944,4994,10000,0                       
TEL,16736,S5,3560,1074,2944,4994,10000,0                       
TEL,16737,S5,3560,1074,2944,4994,10000,0                       
TEL,16738,S5,3498,1072,2944,4994,10000,0                       
TEL,16739,S5,3529,1073,2944,4994,10000,0                       
TEL,16740,S5,3560,1074,2944,4994,10000,0                       
TEL,16741,S5,3498,1072,2944,4994,10000,0                       
TEL,16742,S5,3560,1074,2944,4994,10000,0                       
TEL,16743,S5,3498,1072,2944,4994,10000,0                       
TEL,16744,S5,3560,1074,2944,4994,10000,0                       
TEL,16745,S5,3622,1077,2944,4994,10000,0                       
TEL,16746,S5,3529,1073,2944,4994,10000,0                       
TEL,16747,S5,3560,1074,2944,4994,10000,0                       
TEL,16748,S5,3591,1075,2944,4994,10000,0                       
TEL,16749,S5,3498,1072,2944,4994,10000,0                       
TEL,16750,S5,3498,1072,2944,4994,10000,0                       
TEL,16751,S5,3591,1075,2944,4994,10000,0                       
TEL,16752,S5,3591,1075,2944,4994,10000,0                       
TEL,16753,S5,3560,1074,2944,4994,10000,0                       
TEL,16754,S5,3560,1074,2944,4994,10000,0                       
TEL,16755,S5,3560,1074,2944,4994,10000,0                       
TEL,16756,S5,3560,1074,2944,4994,10000,0                       
TEL,16757,S5,3560,1074,2944,4994,10000,0                       
TEL,16758,S5,3529,1073,2944,4994,10000,0                       
TEL,16759,S5,3622,1077,2944,4994,10000,0                       
TEL,16760,S5,3560,1074,2944,4994,10000,0                       
TEL,16761,S5,3560,1074,2944,4994,10000,0                       
TEL,16762,S5,3560,1074,2944,4994,10000,0                       
TEL,16763,S5,3529,1073,2944,4994,10000,0                       
TEL,16764,S5,3466,1071,2944,4994,10000,0                       
TEL,16765,S5,3560,1074,2944,4994,10000,0                       
TEL,16766,S5,3560,1074,2944,4994,10000,0                       
TEL,16767,S5,3404,1069,2944,4994,10000,0                       
TEL,16768,S5,3560,1074,2944,4994,10000,0                       
TEL,16769,S5,3591,1075,2944,4994,10000,0                       
TEL,16770,S5,3591,1075,2944,4994,10000,0                       
TEL,16771,S5,3591,1075,2944,4994,10000,0                       
TEL,16772,S5,3560,1074,2944,4994,10000,0                       
TEL,16773,S5,3498,1072,2944,4994,10000,0                       
TEL,16774,S5,3591,1075,2944,4994,10000,0                       
TEL,16775,S5,3560,1074,2944,4994,10000,0                       
TEL,16776,S5,3529,1073,2944,4994,10000,0                       
TEL,16777,S5,3591,1075,2944,4994,10000,0                       
TEL,16778,S5,3466,1071,2944,4994,10000,0                       
TEL,16779,S5,3498,1072,2944,4994,10000,0                       
TEL,16780,S5,3560,1074,2944,4994,10000,0                       
TEL,16781,S5,3560,1074,2944,4994,10000,0                       
TEL,16782,S5,3529,1073,2944,4994,10000,0                       
TEL,16783,S5,3591,1075,2944,4994,10000,0                       
TEL,16784,S5,3529,1073,2944,4994,10000,0                       
TEL,16785,S5,3591,1075,2944,4994,10000,0                       
TEL,16786,S5,3560,1074,2944,4994,10000,0                       
TEL,16787,S5,3498,1072,2944,4994,10000,0                       
TEL,16788,S5,3560,1074,2944,4994,10000,0                       
TEL,16789,S5,3498,1072,2944,4994,10000,0                       
TEL,16790,S5,3591,1075,2944,4994,10000,0                       
TEL,16791,S5,3529,1073,2944,4994,10000,0                       
TEL,16792,S5,3529,1073,2944,4994,10000,0                       
TEL,16793,S5,3591,1075,2944,4994,10000,0                       
TEL,16794,S5,3529,1073,2944,4994,10000,0                       
TEL,16795,S5,3560,1074,2944,4994,10000,0                       
TEL,16796,S5,3529,1073,2944,4994,10000,0                       
TEL,16797,S5,3560,1074,2944,4994,10000,0                       
TEL,16798,S5,3560,1074,2944,4994,10000,0                       
TEL,16799,S5,3498,1072,2944,4994,10000,0                       
TEL,16800,S5,3560,1074,2944,4994,10000,0                       
TEL,16801,S5,3591,1075,2944,4994,10000,0                       
TEL,16802,S5,3560,1074,2944,4994,10000,0                       
TEL,16803,S5,3560,1074,2944,4994,10000,0                       
TEL,16804,S5,3560,1074,2944,4994,10000,0                       
TEL,16805,S5,3560,1074,2944,4994,10000,0                       
TEL,16806,S5,3591,1075,2944,4994,10000,0                       
TEL,16807,S5,3560,1074,2944,4994,10000,0                       
TEL,16808,S5,3622,1076,2944,4994,10000,0                       
TEL,16809,S5,3622,1077,2944,4994,10000,0                       
TEL,16810,S5,3560,1074,2944,4994,10000,0                       
TEL,16811,S5,3529,1073,2944,4994,10000,0                       
TEL,16812,S5,3653,1078,2944,4994,10000,0                       
TEL,16813,S5,3560,1074,2944,4994,10000,0                       
TEL,16814,S5,3560,1074,2944,4994,10000,0                       
TEL,16815,S5,3560,1074,2944,4994,10000,0                       
TEL,16816,S5,3529,1073,2944,4994,10000,0                       
TEL,16817,S5,3591,1075,2944,4994,10000,0                       
TEL,16818,S5,3560,1074,2944,4994,10000,0                       
TEL,16819,S5,3560,1074,2944,4994,10000,0                       
TEL,16820,S5,3560,1074,2944,4994,10000,0                       
TEL,16821,S5,3591,1075,2944,4994,10000,0                       
TEL,16822,S5,3591,1075,2944,4994,10000,0                       
TEL,16823,S5,3560,1074,2944,4994,10000,0                       
TEL,16824,S5,3622,1077,2944,4994,10000,0                       
TEL,16825,S5,3560,1074,2944,4994,10000,0                       
TEL,16826,S5,3529,1073,2944,4994,10000,0                       
TEL,16827,S5,3560,1074,2944,4994,10000,0                       
TEL,16828,S5,3591,1075,2944,4994,10000,0                       
TEL,16829,S5,3498,1072,2944,4994,10000,0                       
TEL,16830,S5,3560,1074,2944,4994,10000,0                       
TEL,16831,S5,3529,1073,2944,4994,10000,0                       
TEL,16832,S5,3591,1075,2944,4994,10000,0                       
TEL,16833,S5,3591,1075,2944,4994,10000,0                       
TEL,16834,S5,3560,1074,2944,4994,10000,0                       
TEL,16835,S5,3529,1073,2944,4994,10000,0                       
TEL,16836,S5,3591,1075,2944,4994,10000,0                       
TEL,16837,S5,3529,1073,2944,4994,10000,0                       
TEL,16838,S5,3560,1074,2944,4994,10000,0                       
TEL,16839,S5,3591,1075,2944,4994,10000,0                       
TEL,16840,S5,3560,1074,2944,4994,10000,0                       
TEL,16841,S5,3591,1075,2944,4994,10000,0                       
TEL,16842,S5,3560,1074,2944,4994,10000,0                       
TEL,16843,S5,3560,1074,2944,4994,10000,0                       
TEL,16844,S5,3560,1074,2944,4994,10000,0                       
TEL,16845,S5,3373,1068,2944,4994,10000,0                       
TEL,16846,S5,3560,1074,2944,4994,10000,0                       
TEL,16847,S5,3529,1073,2944,4994,10000,0                       
TEL,16848,S5,3560,1074,2944,4994,10000,0                       
TEL,16849,S5,3498,1072,2944,4994,10000,0                       
TEL,16850,S5,3591,1075,2944,4994,10000,0                       
TEL,16851,S5,3591,1075,2944,4994,10000,0                       
TEL,16852,S5,3560,1074,2944,4994,10000,0                       
TEL,16853,S5,3498,1072,2944,4994,10000,0                       
TEL,16854,S5,3560,1074,2944,4994,10000,0                       
TEL,16855,S5,3529,1073,2944,4994,10000,0                       
TEL,16856,S5,3529,1073,2944,4994,10000,0                       
TEL,16857,S5,3591,1075,2944,4994,10000,0                       
TEL,16858,S5,3560,1074,2944,4994,10000,0                       
TEL,16859,S5,3560,1074,2944,4994,10000,0                       
TEL,16860,S5,3498,1072,2944,4994,10000,0                       
TEL,16861,S5,3498,1072,2944,4994,10000,0                       
TEL,16862,S5,3560,1074,2944,4994,10000,0                       
TEL,16863,S5,3560,1074,2944,4994,10000,0                       
TEL,16864,S5,3591,1075,2944,4994,10000,0                       
TEL,16865,S5,3591,1075,2944,4994,10000,0                       
TEL,16866,S5,3560,1074,2944,4994,10000,0                       
TEL,16867,S5,3591,1075,2944,4994,10000,0                       
TEL,16868,S5,3591,1075,2944,4994,10000,0                       
TEL,16869,S5,3560,1074,2944,4994,10000,0                       
TEL,16870,S5,3591,1075,2944,4994,10000,0                       
TEL,16871,S5,3560,1074,2944,4994,10000,0                       
TEL,16872,S5,3591,1075,2944,4994,10000,0                       
TEL,16873,S5,3622,1077,2944,4994,10000,0                       
TEL,16874,S5,3529,1073,2944,4994,10000,0                       
TEL,16875,S5,3560,1074,2944,4994,10000,0                       
TEL,16876,S5,3498,1072,2944,4994,10000,0                       
TEL,16877,S5,3560,1074,2944,4994,10000,0                       
TEL,16878,S5,3591,1075,2944,4994,10000,0                       
TEL,16879,S5,3591,1075,2944,4994,10000,0                       
TEL,16880,S5,3498,1072,2944,4994,10000,0                       
TEL,16881,S5,3560,1074,2944,4994,10000,0                       
TEL,16882,S5,3404,1069,2944,4994,10000,0                       
TEL,16883,S5,3529,1073,2944,4994,10000,0                       
TEL,16884,S5,3560,1074,2944,4994,10000,0                       
TEL,16885,S5,3560,1074,2944,4994,10000,0                       
BTN,124,S5,PRESSED,16886,370473330,370473347,370473349         
TEL,16887,S5,3560,1074,2944,5127,10000,0                       
TEL,16888,S5,3560,1074,2944,4994,10000,0                       
TEL,16889,S5,3560,1074,2944,4994,10000,0                       
TEL,16890,S5,3622,1076,2944,4994,10000,0                       
TEL,16891,S5,3560,1074,2944,4994,10000,0                       
TEL,16892,S5,3560,1074,2944,4994,10000,0                       
TEL,16893,S5,3529,1073,2944,4994,10000,0                       
TEL,16894,S5,3529,1073,2944,4994,10000,0                       
TEL,16895,S5,3560,1074,2944,4994,10000,0                       
TEL,16896,S5,3560,1074,2944,4994,10000,0                       
TEL,16897,S5,3560,1074,2944,4994,10000,0                       
TEL,16898,S5,3560,1074,2944,4994,10000,0                       
TEL,16899,S5,3591,1075,2944,4994,10000,0                       
TEL,16900,S5,3560,1074,2944,4994,10000,0                       
TEL,16901,S5,3498,1072,2944,4994,10000,0                       
TEL,16902,S5,3591,1075,2944,4994,10000,0                       
TEL,16903,S5,3560,1074,2944,4994,10000,0                       
TEL,16904,S5,3529,1073,2944,4994,10000,0                       
TEL,16905,S5,3560,1074,2944,4994,10000,0                       
TEL,16906,S5,3622,1077,2944,4994,10000,0                       
TEL,16907,S5,3498,1072,2944,4994,10000,0                       
TEL,16908,S5,3591,1075,2944,4994,10000,0                       
TEL,16909,S5,3560,1074,2944,4994,10000,0                       
TEL,16910,S5,3529,1073,2944,4994,10000,0                       
TEL,16911,S5,3466,1071,2944,4994,10000,0                       
TEL,16912,S5,3498,1072,2944,4994,10000,0                       
TEL,16913,S5,3560,1074,2944,4994,10000,0                       
TEL,16914,S5,3498,1072,2944,4994,10000,0                       
TEL,16915,S5,3560,1074,2944,4994,10000,0                       
TEL,16916,S5,3529,1073,2944,4994,10000,0                       
TEL,16917,S5,3498,1072,2944,4994,10000,0                       
TEL,16918,S5,3560,1074,2944,4994,10000,0                       
TEL,16919,S5,3591,1075,2944,4994,10000,0                       
TEL,16920,S5,3529,1073,2944,4994,10000,0                       
TEL,16921,S5,3560,1074,2944,4994,10000,0                       
TEL,16922,S5,3560,1074,2944,4994,10000,0                       
TEL,16923,S5,3591,1075,2944,4994,10000,0                       
TEL,16924,S5,3466,1071,2944,4994,10000,0                       
TEL,16925,S5,3466,1071,2944,4994,10000,0                       
TEL,16926,S5,3498,1072,2944,4994,10000,0                       
TEL,16927,S5,3529,1073,2944,4994,10000,0                       
TEL,16928,S5,3498,1072,2944,4994,10000,0                       
TEL,16929,S5,3498,1072,2944,4994,10000,0                       
TEL,16930,S5,3591,1075,2944,4994,10000,0                       
TEL,16931,S5,3653,1078,2944,4994,10000,0                       
TEL,16932,S5,3560,1074,2944,4994,10000,0                       
TEL,16933,S5,3529,1073,2944,4994,10000,0                       
TEL,16934,S5,3560,1074,2944,4994,10000,0                       
TEL,16935,S5,3591,1075,2944,4994,10000,0                       
TEL,16936,S5,3560,1074,2944,4994,10000,0                       
TEL,16937,S5,3529,1073,2944,4994,10000,0                       
TEL,16938,S5,3560,1074,2944,4994,10000,0                       
TEL,16939,S5,3560,1074,2944,4994,10000,0                       
TEL,16940,S5,3560,1074,2944,4994,10000,0                       
TEL,16941,S5,3560,1074,2944,4994,10000,0                       
TEL,16942,S5,3498,1072,2944,4994,10000,0                       
TEL,16943,S5,3529,1073,2944,4994,10000,0                       
TEL,16944,S5,3529,1073,2944,4994,10000,0                       
TEL,16945,S5,3560,1074,2944,4994,10000,0                       
TEL,16946,S5,3591,1075,2944,4994,10000,0                       
TEL,16947,S5,3591,1075,2944,4994,10000,0                       
TEL,16948,S5,3560,1074,2944,4994,10000,0                       
TEL,16949,S5,3560,1074,2944,4994,10000,0                       
TEL,16950,S5,3591,1075,2944,4994,10000,0                       
TEL,16951,S5,3529,1073,2944,4994,10000,0                       
TEL,16952,S5,3498,1072,2944,4994,10000,0                       
TEL,16953,S5,3560,1074,2944,4994,10000,0                       
TEL,16954,S5,3591,1075,2944,4994,10000,0                       
TEL,16955,S5,3560,1074,2944,4994,10000,0                       
TEL,16956,S5,3560,1074,2944,4994,10000,0                       
TEL,16957,S5,3560,1074,2944,4994,10000,0                       
TEL,16958,S5,3498,1072,2944,4994,10000,0                       
TEL,16959,S5,3529,1073,2944,4994,10000,0                       
TEL,16960,S5,3498,1072,2944,4994,10000,0                       
TEL,16961,S5,3529,1073,2944,4994,10000,0                       
TEL,16962,S5,3498,1072,2944,4994,10000,0                       
TEL,16963,S5,3560,1074,2944,4994,10000,0                       
TEL,16964,S5,3560,1074,2944,4994,10000,0                       
TEL,16965,S5,3560,1074,2944,4994,10000,0                       
TEL,16966,S5,3435,1070,2944,4994,10000,0                       
TEL,16967,S5,3560,1074,2944,4994,10000,0                       
TEL,16968,S5,3529,1073,2944,4994,10000,0                       
TEL,16969,S5,3591,1075,2944,4994,10000,0                       
TEL,16970,S5,3591,1075,2944,4994,10000,0                       
TEL,16971,S5,3591,1075,2944,4994,10000,0                       
TEL,16972,S5,3498,1072,2944,4994,10000,0                       
TEL,16973,S5,3622,1076,2944,4994,10000,0                       
TEL,16974,S5,3435,1070,2944,4994,10000,0                       
TEL,16975,S5,3560,1074,2944,4994,10000,0                       
TEL,16976,S5,3560,1074,2944,4994,10000,0                       
TEL,16977,S5,3529,1073,2944,4994,10000,0                       
TEL,16978,S5,3591,1075,2944,4994,10000,0                       
TEL,16979,S5,3591,1075,2944,4994,10000,0                       
TEL,16980,S5,3529,1073,2944,4994,10000,0                       
TEL,16981,S5,3529,1073,2944,4994,10000,0                       
TEL,16982,S5,3560,1074,2944,4994,10000,0                       
TEL,16983,S5,3529,1073,2944,4994,10000,0                       
TEL,16984,S5,3529,1073,2944,4994,10000,0                       
TEL,16985,S5,3498,1072,2944,4994,10000,0                       
TEL,16986,S5,3622,1076,2944,4994,10000,0                       
TEL,16987,S5,3591,1075,2944,4994,10000,0                       
TEL,16988,S5,3529,1073,2944,4994,10000,0                       
TEL,16989,S5,3560,1074,2944,4994,10000,0                       
TEL,16990,S5,3591,1075,2944,4994,10000,0                       
TEL,16991,S5,3560,1074,2944,4994,10000,0                       
TEL,16992,S5,3498,1072,2944,4994,10000,0                       
TEL,16993,S5,3591,1075,2944,4994,10000,0                       
TEL,16994,S5,3498,1072,2944,4994,10000,0                       
TEL,16995,S5,3591,1075,2944,4994,10000,0                       
TEL,16996,S5,3560,1074,2944,4994,10000,0                       
TEL,16997,S5,3498,1072,2944,4994,10000,0                       
TEL,16998,S5,3498,1072,2944,4994,10000,0                       
TEL,16999,S5,3591,1075,2944,4994,10000,0                       
TEL,17000,S5,3498,1072,2944,4994,10000,0                       
TEL,17001,S5,3498,1072,2944,4994,10000,0                       
TEL,17002,S5,3653,1078,2944,4994,10000,0                       
TEL,17003,S5,3529,1073,2944,4994,10000,0                       
TEL,17004,S5,3560,1074,2944,4994,10000,0                       
TEL,17005,S5,3498,1072,2944,4994,10000,0                       
TEL,17006,S5,3653,1078,2944,4994,10000,0                       
TEL,17007,S5,3498,1072,2944,4994,10000,0                       
TEL,17008,S5,3529,1073,2944,4994,10000,0                       
TEL,17009,S5,3498,1072,2944,4994,10000,0                       
TEL,17010,S5,3529,1073,2944,4994,10000,0                       
TEL,17011,S5,3560,1074,2944,4994,10000,0                       
TEL,17012,S5,3529,1073,2944,4994,10000,0                       
TEL,17013,S5,3560,1074,2944,4994,10000,0                       
TEL,17014,S5,3529,1073,2944,4994,10000,0                       
TEL,17015,S5,3591,1075,2944,4994,10000,0                       
TEL,17016,S5,3560,1074,2944,4994,10000,0                       
TEL,17017,S5,3342,1066,2944,4994,10000,0                       
TEL,17018,S5,3591,1075,2944,4994,10000,0                       
TEL,17019,S5,3560,1074,2944,4994,10000,0                       
TEL,17020,S5,3560,1074,2944,4994,10000,0                       
TEL,17021,S5,3560,1074,2944,4994,10000,0                       
TEL,17022,S5,3498,1072,2944,4994,10000,0                       
TEL,17023,S5,3591,1075,2944,4994,10000,0                       
TEL,17024,S5,3560,1074,2944,4994,10000,0                       
TEL,17025,S5,3560,1074,2944,4994,10000,0                       
TEL,17026,S5,3591,1075,2944,4994,10000,0                       
TEL,17027,S5,3560,1074,2944,4994,10000,0                       
TEL,17028,S5,3498,1072,2944,4994,10000,0                       
TEL,17029,S5,3560,1074,2944,4994,10000,0                       
TEL,17030,S5,3560,1074,2944,4994,10000,0                       
TEL,17031,S5,3529,1073,2944,4994,10000,0                       
TEL,17032,S5,3591,1075,2944,4994,10000,0                       
TEL,17033,S5,3560,1074,2944,4994,10000,0                       
TEL,17034,S5,3622,1076,2944,4994,10000,0                       
TEL,17035,S5,3529,1073,2944,4994,10000,0                       
TEL,17036,S5,3560,1074,2944,4994,10000,0                       
TEL,17037,S5,3560,1074,2944,4994,10000,0                       
TEL,17038,S5,3498,1072,2944,4994,10000,0                       
TEL,17039,S5,3560,1074,2944,4994,10000,0                       
TEL,17040,S5,3560,1074,2944,4994,10000,0                       
TEL,17041,S5,3560,1074,2944,4994,10000,0                       
TEL,17042,S5,3560,1074,2944,4994,10000,0                       
TEL,17043,S5,3560,1074,2944,4994,10000,0                       
TEL,17044,S5,3560,1074,2944,4994,10000,0                       
TEL,17045,S5,3498,1072,2944,4994,10000,0                       
TEL,17046,S5,3498,1072,2944,4994,10000,0                       
TEL,17047,S5,3560,1074,2944,4994,10000,0                       
BTN,125,S5,PRESSED,17048,372086075,372086092,372086094         
TEL,17049,S5,3560,1074,2944,5052,10000,1                       
TEL,17050,S5,3622,1077,2944,5044,10000,0                       
TEL,17051,S5,3435,1070,2944,4994,10000,0                       
TEL,17052,S5,3560,1074,2944,4994,10000,0                       
TEL,17053,S5,3591,1075,2944,4994,10000,0                       
TEL,17054,S5,3591,1075,2944,4994,10000,0                       
TEL,17055,S5,3529,1073,2944,4994,10000,0                       
TEL,17056,S5,3560,1074,2944,4994,10000,0                       
TEL,17057,S5,3560,1074,2944,4994,10000,0                       
TEL,17058,S5,3591,1075,2944,4994,10000,0                       
TEL,17059,S5,3560,1074,2944,4994,10000,0                       
TEL,17060,S5,3560,1074,2944,4994,10000,0                       
TEL,17061,S5,3529,1073,2944,4994,10000,0                       
TEL,17062,S5,3591,1075,2944,4994,10000,0                       
TEL,17063,S5,3560,1074,2944,4994,10000,0                       
TEL,17064,S5,3529,1073,2944,4994,10000,0                       
TEL,17065,S5,3591,1075,2944,4994,10000,0                       
TEL,17066,S5,3560,1074,2944,4994,10000,0                       
TEL,17067,S5,3622,1076,2944,4994,10000,0                       
TEL,17068,S5,3560,1074,2944,4994,10000,0                       
TEL,17069,S5,3560,1074,2944,4994,10000,0                       
TEL,17070,S5,3342,1067,2944,4994,10000,0                       
TEL,17071,S5,3560,1074,2944,4994,10000,0                       
TEL,17072,S5,3591,1075,2944,4994,10000,0                       
TEL,17073,S5,3622,1077,2944,4994,10000,0                       
TEL,17074,S5,3560,1074,2944,4994,10000,0                       
TEL,17075,S5,3560,1074,2944,4994,10000,0                       
TEL,17076,S5,3591,1075,2944,4994,10000,0                       
TEL,17077,S5,3591,1075,2944,4994,10000,0                       
TEL,17078,S5,3560,1074,2944,4994,10000,0                       
TEL,17079,S5,3591,1075,2944,4994,10000,0                       
TEL,17080,S5,3529,1073,2944,4994,10000,0                       
TEL,17081,S5,3529,1073,2944,4994,10000,0                       
TEL,17082,S5,3498,1072,2944,4994,10000,0                       
TEL,17083,S5,3622,1076,2944,4994,10000,0                       
TEL,17084,S5,3591,1075,2944,4994,10000,0                       
TEL,17085,S5,3560,1074,2944,4994,10000,0                       
TEL,17086,S5,3498,1072,2944,4994,10000,0                       
TEL,17087,S5,3560,1074,2944,4994,10000,0                       
TEL,17088,S5,3591,1075,2944,4994,10000,0                       
TEL,17089,S5,3591,1075,2944,4994,10000,0                       
TEL,17090,S5,3498,1072,2944,4994,10000,0                       
TEL,17091,S5,3560,1074,2944,4994,10000,0                       
TEL,17092,S5,3498,1072,2944,4994,10000,0                       
TEL,17093,S5,3529,1073,2944,4994,10000,0                       
TEL,17094,S5,3560,1074,2944,4994,10000,0                       
TEL,17095,S5,3560,1074,2944,4994,10000,0                       
TEL,17096,S5,3684,1079,2944,4994,10000,0                       
TEL,17097,S5,3560,1074,2944,4994,10000,0                       
TEL,17098,S5,3529,1073,2944,4994,10000,0                       
TEL,17099,S5,3622,1076,2944,4994,10000,0                       
TEL,17100,S5,3591,1075,2944,4994,10000,0                       
TEL,17101,S5,3560,1074,2944,4994,10000,0                       
TEL,17102,S5,3622,1077,2944,4994,10000,0                       
TEL,17103,S5,3529,1073,2944,4994,10000,0                       
TEL,17104,S5,3591,1075,2944,4994,10000,0                       
TEL,17105,S5,3591,1075,2944,4994,10000,0                       
TEL,17106,S5,3560,1074,2944,4994,10000,0                       
TEL,17107,S5,3560,1074,2944,4994,10000,0                       
TEL,17108,S5,3560,1074,2944,4994,10000,0                       
TEL,17109,S5,3560,1074,2944,4994,10000,0                       
TEL,17110,S5,3529,1073,2944,4994,10000,0                       
TEL,17111,S5,3529,1073,2944,4994,10000,0                       
TEL,17112,S5,3498,1072,2944,4994,10000,0                       
TEL,17113,S5,3529,1073,2944,4994,10000,0                       
TEL,17114,S5,3560,1074,2944,4994,10000,0                       
TEL,17115,S5,3591,1075,2944,4994,10000,0                       
TEL,17116,S5,3591,1075,2944,4994,10000,0                       
TEL,17117,S5,3435,1070,2944,4994,10000,0                       
TEL,17118,S5,3715,1080,2944,4994,10000,0                       
TEL,17119,S5,3560,1074,2944,4994,10000,0                       
TEL,17120,S5,3560,1074,2944,4994,10000,0                       
TEL,17121,S5,3560,1074,2944,4994,10000,0                       
TEL,17122,S5,3466,1071,2944,4994,10000,0                       
TEL,17123,S5,3560,1074,2944,4994,10000,0                       
TEL,17124,S5,3560,1074,2944,4994,10000,0                       
TEL,17125,S5,3591,1075,2944,4994,10000,0                       
TEL,17126,S5,3560,1074,2944,4994,10000,0                       
TEL,17127,S5,3560,1074,2944,4994,10000,0                       
TEL,17128,S5,3591,1075,2944,4994,10000,0                       
TEL,17129,S5,3591,1075,2944,4994,10000,0                       
TEL,17130,S5,3560,1074,2944,4994,10000,0                       
TEL,17131,S5,3591,1075,2944,4994,10000,0                       
TEL,17132,S5,3560,1074,2944,4994,10000,0                       
TEL,17133,S5,3560,1074,2944,4994,10000,0                       
TEL,17134,S5,3435,1070,2944,4994,10000,0                       
TEL,17135,S5,3529,1073,2944,4994,10000,0                       
TEL,17136,S5,3560,1074,2944,4994,10000,0                       
TEL,17137,S5,3591,1075,2944,4994,10000,0                       
TEL,17138,S5,3560,1074,2944,4994,10000,0                       
TEL,17139,S5,3591,1075,2944,4994,10000,0                       
TEL,17140,S5,3498,1072,2944,4994,10000,0                       
TEL,17141,S5,3591,1075,2944,4994,10000,0                       
TEL,17142,S5,3560,1074,2944,4994,10000,0                       
TEL,17143,S5,3498,1072,2944,4994,10000,0                       
TEL,17144,S5,3560,1074,2944,4994,10000,0                       
TEL,17145,S5,3529,1073,2944,4994,10000,0                       
TEL,17146,S5,3591,1075,2944,4994,10000,0                       
TEL,17147,S5,3591,1075,2944,4994,10000,0                       
TEL,17148,S5,3653,1078,2944,4994,10000,0                       
TEL,17149,S5,3529,1073,2944,4994,10000,0                       
TEL,17150,S5,3560,1074,2944,4994,10000,0                       
TEL,17151,S5,3560,1074,2944,4994,10000,0                       
TEL,17152,S5,3560,1074,2944,4994,10000,0                       
TEL,17153,S5,3466,1071,2944,4994,10000,0                       
TEL,17154,S5,3529,1073,2944,4994,10000,0                       
TEL,17155,S5,3529,1073,2944,4994,10000,0                       
TEL,17156,S5,3560,1074,2944,4994,10000,0                       
TEL,17157,S5,3529,1073,2944,4994,10000,0                       
TEL,17158,S5,3684,1079,2944,4994,10000,0                       
TEL,17159,S5,3591,1075,2944,4994,10000,0                       
TEL,17160,S5,3498,1072,2944,4994,10000,0                       
TEL,17161,S5,3560,1074,2944,4994,10000,0                       
TEL,17162,S5,3591,1075,2944,4994,10000,0                       
TEL,17163,S5,3591,1075,2944,4994,10000,0                       
TEL,17164,S5,3560,1074,2944,4994,10000,0                       
TEL,17165,S5,3529,1073,2944,4994,10000,0                       
TEL,17166,S5,3560,1074,2944,4994,10000,0                       
TEL,17167,S5,3591,1075,2944,4994,10000,0                       
TEL,17168,S5,3466,1071,2944,4994,10000,0                       
TEL,17169,S5,3591,1075,2944,4994,10000,0                       
TEL,17170,S5,3498,1072,2944,4994,10000,0                       
TEL,17171,S5,3560,1074,2944,4994,10000,0                       
TEL,17172,S5,3591,1075,2944,4994,10000,0                       
TEL,17173,S5,3560,1074,2944,4994,10000,0                       
TEL,17174,S5,3498,1072,2944,4994,10000,0                       
TEL,17175,S5,3560,1074,2944,4994,10000,0                       
TEL,17176,S5,3529,1073,2944,4994,10000,0                       
TEL,17177,S5,3560,1074,2944,4994,10000,0                       
TEL,17178,S5,3560,1074,2944,4994,10000,0                       
TEL,17179,S5,3560,1074,2944,4994,10000,0                       
TEL,17180,S5,3560,1074,2944,4994,10000,0                       
TEL,17181,S5,3591,1075,2944,4994,10000,0                       
TEL,17182,S5,3560,1074,2944,4994,10000,0                       
TEL,17183,S5,3591,1075,2944,4994,10000,0                       
TEL,17184,S5,3622,1076,2944,4994,10000,0                       
TEL,17185,S5,3560,1074,2944,4994,10000,0                       
TEL,17186,S5,3560,1074,2944,4994,10000,0                       
TEL,17187,S5,3591,1075,2944,4994,10000,0                       
TEL,17188,S5,3529,1073,2944,4994,10000,0                       
TEL,17189,S5,3560,1074,2944,4994,10000,0                       
TEL,17190,S5,3560,1074,2944,4994,10000,0                       
TEL,17191,S5,3466,1071,2944,4994,10000,0                       
TEL,17192,S5,3529,1073,2944,4994,10000,0                       
TEL,17193,S5,3560,1074,2944,4994,10000,0                       
TEL,17194,S5,3591,1075,2944,4994,10000,0                       
TEL,17195,S5,3622,1076,2944,4994,10000,0                       
TEL,17196,S5,3560,1074,2944,4994,10000,0                       
TEL,17197,S5,3529,1073,2944,4994,10000,0                       
TEL,17198,S5,3529,1073,2944,4994,10000,0                       
TEL,17199,S5,3498,1072,2944,4994,10000,0                       
BTN,126,S5,PRESSED,17200,373595698,373595716,373595717         
TEL,17201,S5,3560,1074,2944,5052,10000,1                       
TEL,17202,S5,3591,1075,2944,5044,10000,0                       
TEL,17203,S5,3529,1073,2944,4994,10000,0                       
TEL,17204,S5,3560,1074,2944,4994,10000,0                       
TEL,17205,S5,3529,1073,2944,4994,10000,0                       
TEL,17206,S5,3498,1072,2944,4994,10000,0                       
TEL,17207,S5,3560,1074,2944,4994,10000,0                       
TEL,17208,S5,3529,1073,2944,4994,10000,0                       
TEL,17209,S5,3560,1074,2944,4994,10000,0                       
TEL,17210,S5,3560,1074,2944,4994,10000,0                       
TEL,17211,S5,3529,1073,2944,4994,10000,0                       
TEL,17212,S5,3560,1074,2944,4994,10000,0                       
TEL,17213,S5,3498,1072,2944,4994,10000,0                       
TEL,17214,S5,3591,1075,2944,4994,10000,0                       
TEL,17215,S5,3529,1073,2944,5000,10000,0                       
TEL,17216,S5,3622,1076,2944,4994,10000,0                       
TEL,17217,S5,3591,1075,2944,4994,10000,0                       
TEL,17218,S5,3498,1072,2944,4994,10000,0                       
TEL,17219,S5,3560,1074,2944,4994,10000,0                       
TEL,17220,S5,3435,1070,2944,4994,10000,0                       
TEL,17221,S5,3653,1078,2944,4994,10000,0                       
TEL,17222,S5,3560,1074,2944,4994,10000,0                       
TEL,17223,S5,3560,1074,2944,4994,10000,0                       
TEL,17224,S5,3560,1074,2944,4994,10000,0                       
TEL,17225,S5,3591,1075,2944,4994,10000,0                       
TEL,17226,S5,3498,1072,2944,4994,10000,0                       
TEL,17227,S5,3591,1075,2944,4994,10000,0                       
TEL,17228,S5,3560,1074,2944,4994,10000,0                       
TEL,17229,S5,3560,1074,2944,4994,10000,0                       
TEL,17230,S5,3529,1073,2944,4994,10000,0                       
TEL,17231,S5,3404,1069,2944,4994,10000,0                       
TEL,17232,S5,3560,1074,2944,4994,10000,0                       
TEL,17233,S5,3560,1074,2944,4994,10000,0                       
TEL,17234,S5,3498,1072,2944,4994,10000,0                       
TEL,17235,S5,3560,1074,2944,4994,10000,0                       
TEL,17236,S5,3560,1074,2944,4994,10000,0                       
TEL,17237,S5,3560,1074,2944,4994,10000,0                       
TEL,17238,S5,3342,1067,2944,4994,10000,0                       
TEL,17239,S5,3560,1074,2944,4994,10000,0                       
TEL,17240,S5,3529,1073,2944,4994,10000,0                       
TEL,17241,S5,3529,1073,2944,4994,10000,0                       
TEL,17242,S5,3529,1073,2944,4994,10000,0                       
TEL,17243,S5,3560,1074,2944,4994,10000,0                       
TEL,17244,S5,3591,1075,2944,4994,10000,0                       
TEL,17245,S5,3591,1075,2944,4994,10000,0                       
TEL,17246,S5,3498,1072,2944,4994,10000,0                       
TEL,17247,S5,3498,1072,2944,4994,10000,0                       
TEL,17248,S5,3622,1076,2944,4994,10000,0                       
TEL,17249,S5,3591,1075,2944,4994,10000,0                       
TEL,17250,S5,3498,1072,2944,4994,10000,0                       
TEL,17251,S5,3560,1074,2944,4994,10000,0                       
TEL,17252,S5,3498,1072,2944,4994,10000,0                       
TEL,17253,S5,3560,1074,2944,4994,10000,0                       
TEL,17254,S5,3560,1074,2944,4994,10000,0                       
TEL,17255,S5,3560,1074,2944,4994,10000,0                       
TEL,17256,S5,3560,1074,2944,4994,10000,0                       
TEL,17257,S5,3591,1075,2944,4994,10000,0                       
TEL,17258,S5,3529,1073,2944,4994,10000,0                       
TEL,17259,S5,3498,1072,2944,4994,10000,0                       
TEL,17260,S5,3591,1075,2944,4994,10000,0                       
TEL,17261,S5,3466,1071,2944,4994,10000,0                       
TEL,17262,S5,3560,1074,2944,4994,10000,0                       
TEL,17263,S5,3342,1067,2944,4994,10000,0                       
TEL,17264,S5,3560,1074,2944,4994,10000,0                       
TEL,17265,S5,3560,1074,2944,4994,10000,0                       
TEL,17266,S5,3498,1072,2944,4994,10000,0                       
TEL,17267,S5,3560,1074,2944,4994,10000,0                       
TEL,17268,S5,3591,1075,2944,4994,10000,0                       
TEL,17269,S5,3529,1073,2944,4994,10000,0                       
TEL,17270,S5,3591,1075,2944,4994,10000,0                       
TEL,17271,S5,3529,1073,2944,4994,10000,0                       
TEL,17272,S5,3529,1073,2944,4994,10000,0                       
TEL,17273,S5,3529,1073,2944,4994,10000,0                       
TEL,17274,S5,3653,1078,2944,4994,10000,0                       
TEL,17275,S5,3560,1074,2944,4994,10000,0                       
TEL,17276,S5,3560,1074,2944,4994,10000,0                       
TEL,17277,S5,3591,1075,2944,4994,10000,0                       
TEL,17278,S5,3529,1073,2944,4994,10000,0                       
TEL,17279,S5,3560,1074,2944,4994,10000,0                       
TEL,17280,S5,3560,1074,2944,4994,10000,0                       
TEL,17281,S5,3560,1074,2944,4994,10000,0                       
TEL,17282,S5,3560,1074,2944,4994,10000,0                       
TEL,17283,S5,3591,1075,2944,4994,10000,0                       
TEL,17284,S5,3560,1074,2944,4994,10000,0                       
TEL,17285,S5,3529,1073,2944,4994,10000,0                       
TEL,17286,S5,3560,1074,2944,4994,10000,0                       
TEL,17287,S5,3466,1071,2944,4994,10000,0                       
TEL,17288,S5,3560,1074,2944,4994,10000,0                       
TEL,17289,S5,3498,1072,2944,4994,10000,0                       
TEL,17290,S5,3498,1072,2944,4994,10000,0                       
TEL,17291,S5,3560,1074,2944,4994,10000,0                       
TEL,17292,S5,3622,1076,2944,4994,10000,0                       
TEL,17293,S5,3560,1074,2944,4994,10000,0                       
TEL,17294,S5,3529,1073,2944,4994,10000,0                       
TEL,17295,S5,3591,1075,2944,4994,10000,0                       
TEL,17296,S5,3529,1073,2944,4994,10000,0                       
TEL,17297,S5,3529,1073,2944,4994,10000,0                       
TEL,17298,S5,3560,1074,2944,4994,10000,0                       
TEL,17299,S5,3560,1074,2944,4994,10000,0                       
TEL,17300,S5,3560,1074,2944,4994,10000,0                       
TEL,17301,S5,3591,1075,2944,4994,10000,0                       
TEL,17302,S5,3498,1072,2944,4994,10000,0                       
TEL,17303,S5,3498,1072,2944,4994,10000,0                       
TEL,17304,S5,3435,1070,2944,4994,10000,0                       
TEL,17305,S5,3560,1074,2944,4994,10000,0                       
TEL,17306,S5,3560,1074,2944,4994,10000,0                       
TEL,17307,S5,3560,1074,2944,4994,10000,0                       
TEL,17308,S5,3591,1075,2944,4994,10000,0                       
TEL,17309,S5,3560,1074,2944,4994,10000,0                       
TEL,17310,S5,3529,1073,2944,4994,10000,0                       
TEL,17311,S5,3591,1075,2944,4994,10000,0                       
TEL,17312,S5,3529,1073,2944,4994,10000,0                       
TEL,17313,S5,3529,1073,2944,4994,10000,0                       
TEL,17314,S5,3529,1073,2944,4994,10000,0                       
TEL,17315,S5,3560,1074,2944,4994,10000,0                       
TEL,17316,S5,3560,1074,2944,4994,10000,0                       
TEL,17317,S5,3560,1074,2944,4994,10000,0                       
TEL,17318,S5,3622,1077,2944,4994,10000,0                       
TEL,17319,S5,3560,1074,2944,4994,10000,0                       
TEL,17320,S5,3560,1074,2944,4994,10000,0                       
TEL,17321,S5,3560,1074,2944,4994,10000,0                       
TEL,17322,S5,3560,1074,2944,4994,10000,0                       
TEL,17323,S5,3498,1072,2944,4994,10000,0                       
TEL,17324,S5,3591,1075,2944,4994,10000,0                       
TEL,17325,S5,3529,1073,2944,4994,10000,0                       
TEL,17326,S5,3560,1074,2944,4994,10000,0                       
TEL,17327,S5,3560,1074,2944,4994,10000,0                       
TEL,17328,S5,3560,1074,2944,4994,10000,0                       
TEL,17329,S5,3591,1075,2944,4994,10000,0                       
TEL,17330,S5,3560,1074,2944,4994,10000,0                       
TEL,17331,S5,3466,1071,2944,4994,10000,0                       
TEL,17332,S5,3529,1073,2944,4994,10000,0                       
TEL,17333,S5,3591,1075,2944,4994,10000,0                       
TEL,17334,S5,3498,1072,2944,4994,10000,0                       
TEL,17335,S5,3498,1072,2944,4994,10000,0                       
TEL,17336,S5,3560,1074,2944,4994,10000,0                       
TEL,17337,S5,3560,1074,2944,4994,10000,0                       
TEL,17338,S5,3560,1074,2944,4994,10000,0                       
TEL,17339,S5,3560,1074,2944,4994,10000,0                       
TEL,17340,S5,3622,1076,2944,4994,10000,0                       
TEL,17341,S5,3591,1075,2944,4994,10000,0                       
TEL,17342,S5,3560,1074,2944,4994,10000,0                       
TEL,17343,S5,3529,1073,2944,4994,10000,0                       
TEL,17344,S5,3498,1072,2944,4994,10000,0                       
TEL,17345,S5,3560,1074,2944,4994,10000,0                       
TEL,17346,S5,3560,1074,2944,4994,10000,0                       
TEL,17347,S5,3498,1072,2944,4994,10000,0                       
TEL,17348,S5,3560,1074,2944,4994,10000,0                       
TEL,17349,S5,3560,1074,2944,4994,10000,0                       
TEL,17350,S5,3560,1074,2944,4994,10000,0                       
TEL,17351,S5,3560,1074,2944,4994,10000,0                       
TEL,17352,S5,3560,1074,2944,4994,10000,0                       
TEL,17353,S5,3466,1071,2944,4994,10000,0                       
TEL,17354,S5,3498,1072,2944,4994,10000,0                       
TEL,17355,S5,3435,1070,2944,4994,10000,0                       
TEL,17356,S5,3591,1075,2944,4994,10000,0                       
TEL,17357,S5,3560,1074,2944,4994,10000,0                       
TEL,17358,S5,3560,1074,2944,4994,10000,0                       
TEL,17359,S5,3560,1074,2944,4994,10000,0                       
TEL,17360,S5,3560,1074,2944,4994,10000,0                       
TEL,17361,S5,3560,1074,2944,4994,10000,0                       
TEL,17362,S5,3529,1073,2944,4994,10000,0                       
TEL,17363,S5,3529,1073,2944,4994,10000,0                       
BTN,127,S5,PRESSED,17364,375223371,375223388,375223390         
TEL,17365,S5,3560,1074,2944,5130,10000,0                       
TEL,17366,S5,3529,1073,2944,4994,10000,0                       
TEL,17367,S5,3560,1074,2944,4994,10000,0                       
TEL,17368,S5,3591,1075,2944,4994,10000,0                       
TEL,17369,S5,3591,1075,2944,4994,10000,0                       
TEL,17370,S5,3498,1072,2944,4994,10000,0                       
TEL,17371,S5,3498,1072,2944,4994,10000,0                       
TEL,17372,S5,3560,1074,2944,4994,10000,0                       
TEL,17373,S5,3466,1071,2944,4994,10000,0                       
TEL,17374,S5,3591,1075,2944,4994,10000,0                       
TEL,17375,S5,3560,1074,2944,4994,10000,0                       
TEL,17376,S5,3560,1074,2944,4994,10000,0                       
TEL,17377,S5,3560,1074,2944,4994,10000,0                       
TEL,17378,S5,3591,1075,2944,4994,10000,0                       
TEL,17379,S5,3529,1073,2944,4994,10000,0                       
TEL,17380,S5,3591,1075,2944,4994,10000,0                       
TEL,17381,S5,3529,1073,2944,4994,10000,0                       
TEL,17382,S5,3529,1073,2944,4994,10000,0                       
TEL,17383,S5,3591,1075,2944,4994,10000,0                       
TEL,17384,S5,3560,1074,2944,4994,10000,0                       
TEL,17385,S5,3560,1074,2944,4994,10000,0                       
TEL,17386,S5,3529,1073,2944,4994,10000,0                       
TEL,17387,S5,3560,1074,2944,4994,10000,0                       
TEL,17388,S5,3560,1074,2944,4994,10000,0                       
TEL,17389,S5,3560,1074,2944,4994,10000,0                       
TEL,17390,S5,3560,1074,2944,4994,10000,0                       
TEL,17391,S5,3560,1074,2944,4994,10000,0                       
TEL,17392,S5,3560,1074,2944,4994,10000,0                       
TEL,17393,S5,3560,1074,2944,4994,10000,0                       
TEL,17394,S5,3560,1074,2944,4994,10000,0                       
TEL,17395,S5,3560,1074,2944,4994,10000,0                       
TEL,17396,S5,3560,1074,2944,4994,10000,0                       
TEL,17397,S5,3591,1075,2944,4994,10000,0                       
TEL,17398,S5,3529,1073,2944,4994,10000,0                       
TEL,17399,S5,3529,1073,2944,4994,10000,0                       
TEL,17400,S5,3560,1074,2944,4994,10000,0                       
TEL,17401,S5,3560,1074,2944,4994,10000,0                       
TEL,17402,S5,3560,1074,2944,4994,10000,0                       
TEL,17403,S5,3591,1075,2944,4994,10000,0                       
TEL,17404,S5,3560,1074,2944,4994,10000,0                       
TEL,17405,S5,3622,1077,2944,4994,10000,0                       
TEL,17406,S5,3653,1078,2944,4994,10000,0                       
TEL,17407,S5,3529,1073,2944,4994,10000,0                       
TEL,17408,S5,3498,1072,2944,4994,10000,0                       
TEL,17409,S5,3529,1073,2944,4994,10000,0                       
TEL,17410,S5,3560,1074,2944,4994,10000,0                       
TEL,17411,S5,3560,1074,2944,4994,10000,0                       
TEL,17412,S5,3560,1074,2944,4994,10000,0                       
TEL,17413,S5,3560,1074,2944,4994,10000,0                       
TEL,17414,S5,3560,1074,2944,4994,10000,0                       
TEL,17415,S5,3591,1075,2944,4994,10000,0                       
TEL,17416,S5,3560,1074,2944,4994,10000,0                       
TEL,17417,S5,3560,1074,2944,4994,10000,0                       
TEL,17418,S5,3591,1075,2944,4994,10000,0                       
TEL,17419,S5,3560,1074,2944,4994,10000,0                       
TEL,17420,S5,3498,1072,2944,4994,10000,0                       
TEL,17421,S5,3622,1076,2944,4994,10000,0                       
TEL,17422,S5,3529,1073,2944,4994,10000,0                       
TEL,17423,S5,3560,1074,2944,4994,10000,0                       
TEL,17424,S5,3560,1074,2944,4994,10000,0                       
TEL,17425,S5,3591,1075,2944,4994,10000,0                       
TEL,17426,S5,3560,1074,2944,4994,10000,0                       
TEL,17427,S5,3560,1074,2944,4994,10000,0                       
TEL,17428,S5,3591,1075,2944,4994,10000,0                       
TEL,17429,S5,3529,1073,2944,4994,10000,0                       
TEL,17430,S5,3529,1073,2944,4994,10000,0                       
TEL,17431,S5,3560,1074,2944,4994,10000,0                       
TEL,17432,S5,3560,1074,2944,4994,10000,0                       
TEL,17433,S5,3498,1072,2944,4994,10000,0                       
TEL,17434,S5,3591,1075,2944,4994,10000,0                       
TEL,17435,S5,3529,1073,2944,4994,10000,0                       
TEL,17436,S5,3560,1074,2944,4994,10000,0                       
TEL,17437,S5,3591,1075,2944,4994,10000,0                       
TEL,17438,S5,3560,1074,2944,4994,10000,0                       
TEL,17439,S5,3498,1072,2944,4994,10000,0                       
TEL,17440,S5,3591,1075,2944,4994,10000,0                       
TEL,17441,S5,3498,1072,2944,4994,10000,0                       
TEL,17442,S5,3560,1074,2944,4994,10000,0                       
TEL,17443,S5,3560,1074,2944,4994,10000,0                       
TEL,17444,S5,3653,1078,2944,4994,10000,0                       
TEL,17445,S5,3560,1074,2944,4994,10000,0                       
TEL,17446,S5,3498,1072,2944,4994,10000,0                       
TEL,17447,S5,3529,1073,2944,4994,10000,0                       
TEL,17448,S5,3529,1073,2944,4994,10000,0                       
TEL,17449,S5,3560,1074,2944,4994,10000,0                       
TEL,17450,S5,3591,1075,2944,4994,10000,0                       
TEL,17451,S5,3560,1074,2944,4994,10000,0                       
TEL,17452,S5,3560,1074,2944,4994,10000,0                       
TEL,17453,S5,3622,1077,2944,4994,10000,0                       
TEL,17454,S5,3560,1074,2944,4994,10000,0                       
TEL,17455,S5,3560,1074,2944,4994,10000,0                       
TEL,17456,S5,3466,1071,2944,4994,10000,0                       
TEL,17457,S5,3560,1074,2944,4994,10000,0                       
TEL,17458,S5,3560,1074,2944,4994,10000,0                       
TEL,17459,S5,3591,1075,2944,4994,10000,0                       
TEL,17460,S5,3560,1074,2944,4994,10000,0                       
TEL,17461,S5,3498,1072,2944,4994,10000,0                       
TEL,17462,S5,3560,1074,2944,4994,10000,0                       
TEL,17463,S5,3560,1074,2944,4994,10000,0                       
TEL,17464,S5,3560,1074,2944,4994,10000,0                       
TEL,17465,S5,3529,1073,2944,4994,10000,0                       
TEL,17466,S5,3529,1073,2944,4994,10000,0                       
TEL,17467,S5,3591,1075,2944,4994,10000,0                       
TEL,17468,S5,3560,1074,2944,4994,10000,0                       
TEL,17469,S5,3622,1076,2944,4994,10000,0                       
TEL,17470,S5,3622,1077,2944,4994,10000,0                       
TEL,17471,S5,3560,1074,2944,4994,10000,0                       
TEL,17472,S5,3684,1079,2944,4994,10000,0                       
TEL,17473,S5,3560,1074,2944,4994,10000,0                       
TEL,17474,S5,3591,1075,2944,4994,10000,0                       
TEL,17475,S5,3560,1074,2944,4994,10000,0                       
TEL,17476,S5,3591,1075,2944,4994,10000,0                       
TEL,17477,S5,3591,1075,2944,4994,10000,0                       
TEL,17478,S5,3560,1074,2944,4994,10000,0                       
TEL,17479,S5,3560,1074,2944,4994,10000,0                       
TEL,17480,S5,3591,1075,2944,4994,10000,0                       
TEL,17481,S5,3560,1074,2944,4994,10000,0                       
TEL,17482,S5,3529,1073,2944,4994,10000,0                       
TEL,17483,S5,3591,1075,2944,4994,10000,0                       
TEL,17484,S5,3560,1074,2944,4994,10000,0                       
TEL,17485,S5,3622,1077,2944,4994,10000,0                       
TEL,17486,S5,3591,1075,2944,4994,10000,0                       
TEL,17487,S5,3560,1074,2944,4994,10000,0                       
TEL,17488,S5,3560,1074,2944,4994,10000,0                       
TEL,17489,S5,3591,1075,2944,4994,10000,0                       
TEL,17490,S5,3560,1074,2944,4994,10000,0                       
TEL,17491,S5,3560,1074,2944,4994,10000,0                       
TEL,17492,S5,3560,1074,2944,4994,10000,0                       
TEL,17493,S5,3560,1074,2944,4994,10000,0                       
TEL,17494,S5,3560,1074,2944,4994,10000,0                       
TEL,17495,S5,3560,1074,2944,4994,10000,0                       
TEL,17496,S5,3560,1074,2944,4994,10000,0                       
TEL,17497,S5,3560,1074,2944,4994,10000,0                       
TEL,17498,S5,3529,1073,2944,4994,10000,0                       
TEL,17499,S5,3466,1071,2944,4994,10000,0                       
TEL,17500,S5,3560,1074,2944,4994,10000,0                       
TEL,17501,S5,3591,1075,2944,4994,10000,0                       
TEL,17502,S5,3529,1073,2944,4994,10000,0                       
TEL,17503,S5,3529,1073,2944,4994,10000,0                       
TEL,17504,S5,3529,1073,2944,4994,10000,0                       
TEL,17505,S5,3529,1073,2944,4994,10000,0                       
TEL,17506,S5,3560,1074,2944,4994,10000,0                       
TEL,17507,S5,3529,1073,2944,4994,10000,0                       
TEL,17508,S5,3435,1070,2944,4994,10000,0                       
TEL,17509,S5,3560,1074,2944,4994,10000,0                       
TEL,17510,S5,3529,1073,2944,4994,10000,0                       
TEL,17511,S5,3560,1074,2944,4994,10000,0                       
TEL,17512,S5,3560,1074,2944,4994,10000,0                       
TEL,17513,S5,3560,1074,2944,4994,10000,0                       
TEL,17514,S5,3560,1074,2944,4994,10000,0                       
BTN,128,S5,PRESSED,17515,376726759,376726777,376726779         
TEL,17516,S5,3560,1074,2944,5052,10000,1                       
TEL,17517,S5,3591,1075,2944,5044,10000,0                       
TEL,17518,S5,3435,1070,2944,4994,10000,0                       
TEL,17519,S5,3498,1072,2944,4994,10000,0                       
TEL,17520,S5,3529,1073,2944,4994,10000,0                       
TEL,17521,S5,3560,1074,2944,4994,10000,0                       
TEL,17522,S5,3560,1074,2944,4994,10000,0                       
TEL,17523,S5,3560,1074,2944,4994,10000,0                       
TEL,17524,S5,3498,1072,2944,4994,10000,0                       
TEL,17525,S5,3622,1076,2944,4994,10000,0                       
TEL,17526,S5,3560,1074,2944,4994,10000,0                       
TEL,17527,S5,3529,1073,2944,4994,10000,0                       
TEL,17528,S5,3591,1075,2944,4994,10000,0                       
TEL,17529,S5,3560,1074,2944,4994,10000,0                       
TEL,17530,S5,3498,1072,2944,4994,10000,0                       
TEL,17531,S5,3529,1073,2944,4994,10000,0                       
TEL,17532,S5,3560,1074,2944,4994,10000,0                       
TEL,17533,S5,3466,1071,2944,4994,10000,0                       
TEL,17534,S5,3622,1077,2944,4994,10000,0                       
TEL,17535,S5,3529,1073,2944,4994,10000,0                       
TEL,17536,S5,3529,1073,2944,4994,10000,0                       
TEL,17537,S5,3560,1074,2944,4994,10000,0                       
TEL,17538,S5,3529,1073,2944,4994,10000,0                       
TEL,17539,S5,3498,1072,2944,4994,10000,0                       
TEL,17540,S5,3529,1073,2944,4994,10000,0                       
TEL,17541,S5,3560,1074,2944,4994,10000,0                       
TEL,17542,S5,3560,1074,2944,4994,10000,0                       
TEL,17543,S5,3560,1074,2944,4994,10000,0                       
TEL,17544,S5,3591,1075,2944,4994,10000,0                       
TEL,17545,S5,3622,1076,2944,4994,10000,0                       
TEL,17546,S5,3498,1072,2944,4994,10000,0                       
TEL,17547,S5,3560,1074,2944,4994,10000,0                       
TEL,17548,S5,3466,1071,2944,4994,10000,0                       
TEL,17549,S5,3498,1072,2944,4994,10000,0                       
TEL,17550,S5,3653,1078,2944,4994,10000,0                       
TEL,17551,S5,3622,1077,2944,4994,10000,0                       
TEL,17552,S5,3653,1078,2944,4994,10000,0                       
TEL,17553,S5,3560,1074,2944,4994,10000,0                       
TEL,17554,S5,3529,1073,2944,4994,10000,0                       
TEL,17555,S5,3560,1074,2944,4994,10000,0                       
TEL,17556,S5,3498,1072,2944,4994,10000,0                       
TEL,17557,S5,3560,1074,2944,4994,10000,0                       
TEL,17558,S5,3560,1074,2944,4994,10000,0                       
TEL,17559,S5,3560,1074,2944,4994,10000,0                       
TEL,17560,S5,3591,1075,2944,4994,10000,0                       
TEL,17561,S5,3560,1074,2944,4994,10000,0                       
TEL,17562,S5,3560,1074,2944,4994,10000,0                       
TEL,17563,S5,3466,1071,2944,4994,10000,0                       
TEL,17564,S5,3498,1072,2944,4994,10000,0                       
TEL,17565,S5,3591,1075,2944,4994,10000,0                       
TEL,17566,S5,3622,1076,2944,4994,10000,0                       
TEL,17567,S5,3591,1075,2944,4994,10000,0                       
TEL,17568,S5,3498,1072,2944,4994,10000,0                       
TEL,17569,S5,3529,1073,2944,4994,10000,0                       
TEL,17570,S5,3498,1072,2944,4994,10000,0                       
TEL,17571,S5,3560,1074,2944,4994,10000,0                       
TEL,17572,S5,3560,1074,2944,4994,10000,0                       
TEL,17573,S5,3560,1074,2944,4994,10000,0                       
TEL,17574,S5,3404,1069,2944,4994,10000,0                       
TEL,17575,S5,3529,1073,2944,4994,10000,0                       
TEL,17576,S5,3560,1074,2944,4994,10000,0                       
TEL,17577,S5,3529,1073,2944,4994,10000,0                       
TEL,17578,S5,3591,1075,2944,4994,10000,0                       
TEL,17579,S5,3560,1074,2944,4994,10000,0                       
TEL,17580,S5,3560,1074,2944,4994,10000,0                       
TEL,17581,S5,3560,1074,2944,4994,10000,0                       
TEL,17582,S5,3560,1074,2944,4994,10000,0                       
TEL,17583,S5,3560,1074,2944,4994,10000,0                       
TEL,17584,S5,3560,1074,2944,4994,10000,0                       
TEL,17585,S5,3591,1075,2944,4994,10000,0                       
TEL,17586,S5,3498,1072,2944,4994,10000,0                       
TEL,17587,S5,3498,1072,2944,4994,10000,0                       
TEL,17588,S5,3529,1073,2944,4994,10000,0                       
TEL,17589,S5,3529,1073,2944,4994,10000,0                       
TEL,17590,S5,3560,1074,2944,4994,10000,0                       
TEL,17591,S5,3560,1074,2944,4994,10000,0                       
TEL,17592,S5,3498,1072,2944,4994,10000,0                       
TEL,17593,S5,3529,1073,2944,4994,10000,0                       
TEL,17594,S5,3560,1074,2944,4994,10000,0                       
TEL,17595,S5,3560,1074,2944,4994,10000,0                       
TEL,17596,S5,3560,1074,2944,4994,10000,0                       
TEL,17597,S5,3560,1074,2944,4994,10000,0                       
TEL,17598,S5,3622,1076,2944,4994,10000,0                       
TEL,17599,S5,3560,1074,2944,4994,10000,0                       
TEL,17600,S5,3560,1074,2944,4994,10000,0                       
TEL,17601,S5,3529,1073,2944,4994,10000,0                       
TEL,17602,S5,3498,1072,2944,4994,10000,0                       
TEL,17603,S5,3591,1075,2944,4994,10000,0                       
TEL,17604,S5,3498,1072,2944,4994,10000,0                       
TEL,17605,S5,3498,1072,2944,4994,10000,0                       
TEL,17606,S5,3560,1074,2944,4994,10000,0                       
TEL,17607,S5,3560,1074,2944,4994,10000,0                       
TEL,17608,S5,3498,1072,2944,4994,10000,0                       
TEL,17609,S5,3560,1074,2944,4994,10000,0                       
TEL,17610,S5,3560,1074,2944,4994,10000,0                       
TEL,17611,S5,3560,1074,2944,4994,10000,0                       
TEL,17612,S5,3435,1070,2944,4994,10000,0                       
TEL,17613,S5,3342,1067,2944,4994,10000,0                       
TEL,17614,S5,3591,1075,2944,4994,10000,0                       
TEL,17615,S5,3560,1074,2944,4994,10000,0                       
TEL,17616,S5,3591,1075,2944,4994,10000,0                       
TEL,17617,S5,3529,1073,2944,4994,10000,0                       
TEL,17618,S5,3560,1074,2944,4994,10000,0                       
TEL,17619,S5,3529,1073,2944,4994,10000,0                       
TEL,17620,S5,3498,1072,2944,4994,10000,0                       
TEL,17621,S5,3529,1073,2944,4994,10000,0                       
TEL,17622,S5,3560,1074,2944,4994,10000,0                       
TEL,17623,S5,3529,1073,2944,4994,10000,0                       
TEL,17624,S5,3560,1074,2944,4994,10000,0                       
TEL,17625,S5,3529,1073,2944,4994,10000,0                       
TEL,17626,S5,3529,1073,2944,4994,10000,0                       
TEL,17627,S5,3560,1074,2944,4994,10000,0                       
TEL,17628,S5,3529,1073,2944,4994,10000,0                       
TEL,17629,S5,3529,1073,2944,4994,10000,0                       
TEL,17630,S5,3591,1075,2944,4994,10000,0                       
TEL,17631,S5,3498,1072,2944,4994,10000,0                       
TEL,17632,S5,3529,1073,2944,4994,10000,0                       
TEL,17633,S5,3622,1077,2944,4994,10000,0                       
TEL,17634,S5,3466,1071,2944,4994,10000,0                       
TEL,17635,S5,3560,1074,2944,4994,10000,0                       
TEL,17636,S5,3591,1075,2944,4994,10000,0                       
TEL,17637,S5,3560,1074,2944,4994,10000,0                       
TEL,17638,S5,3435,1070,2944,4994,10000,0                       
TEL,17639,S5,3560,1074,2944,4994,10000,0                       
TEL,17640,S5,3498,1072,2944,4994,10000,0                       
TEL,17641,S5,3560,1074,2944,4994,10000,0                       
TEL,17642,S5,3498,1072,2944,4994,10000,0                       
TEL,17643,S5,3591,1075,2944,4994,10000,0                       
TEL,17644,S5,3498,1072,2944,4994,10000,0                       
TEL,17645,S5,3622,1076,2944,4994,10000,0                       
TEL,17646,S5,3622,1076,2944,4994,10000,0                       
TEL,17647,S5,3560,1074,2944,4994,10000,0                       
TEL,17648,S5,3560,1074,2944,4994,10000,0                       
TEL,17649,S5,3591,1075,2944,4994,10000,0                       
TEL,17650,S5,3560,1074,2944,4994,10000,0                       
TEL,17651,S5,3560,1074,2944,4994,10000,0                       
TEL,17652,S5,3498,1072,2944,4994,10000,0                       
TEL,17653,S5,3498,1072,2944,4994,10000,0                       
TEL,17654,S5,3529,1073,2944,4994,10000,0                       
TEL,17655,S5,3591,1075,2944,4994,10000,0                       
TEL,17656,S5,3560,1074,2944,4994,10000,0                       
TEL,17657,S5,3529,1073,2944,4994,10000,0                       
TEL,17658,S5,3591,1075,2944,4994,10000,0                       
TEL,17659,S5,3529,1073,2944,4994,10000,0                       
TEL,17660,S5,3529,1073,2944,4994,10000,0                       
TEL,17661,S5,3560,1074,2944,4994,10000,0                       
TEL,17662,S5,3591,1075,2944,4994,10000,0                       
TEL,17663,S5,3560,1074,2944,4994,10000,0                       
TEL,17664,S5,3498,1072,2944,4994,10000,0                       
TEL,17665,S5,3529,1073,2944,4994,10000,0                       
TEL,17666,S5,3529,1073,2944,4994,10000,0                       
TEL,17667,S5,3529,1073,2944,4994,10000,0                       
TEL,17668,S5,3591,1075,2944,4994,10000,0                       
TEL,17669,S5,3560,1074,2944,4994,10000,0                       
TEL,17670,S5,3560,1074,2944,4994,10000,0                       
TEL,17671,S5,3560,1074,2944,4994,10000,0                       
TEL,17672,S5,3560,1074,2944,4994,10000,0                       
TEL,17673,S5,3591,1075,2944,4994,10000,0                       
TEL,17674,S5,3560,1074,2944,4994,10000,0                       
BTN,129,S5,PRESSED,17675,378315728,378315745,378315747         
TEL,17676,S5,3560,1074,2944,5052,10000,1                       
TEL,17677,S5,3498,1072,2944,5045,10001,0                       
TEL,17678,S5,3529,1073,2944,4994,9999,0                        
TEL,17679,S5,3560,1074,2944,4994,10000,0                       
TEL,17680,S5,3498,1072,2944,4994,10000,0                       
TEL,17681,S5,3591,1075,2944,4994,10000,0                       
TEL,17682,S5,3529,1073,2944,4994,10000,0                       
TEL,17683,S5,3560,1074,2944,4994,10000,0                       
TEL,17684,S5,3498,1072,2944,4994,10000,0                       
TEL,17685,S5,3560,1074,2944,4994,10000,0                       
TEL,17686,S5,3591,1075,2944,4994,10000,0                       
TEL,17687,S5,3529,1073,2944,4994,10000,0                       
TEL,17688,S5,3560,1074,2944,4994,10000,0                       
TEL,17689,S5,3498,1072,2944,4994,10000,0                       
TEL,17690,S5,3529,1073,2944,4994,10000,0                       
TEL,17691,S5,3591,1075,2944,4994,10000,0                       
TEL,17692,S5,3560,1074,2944,4994,10000,0                       
TEL,17693,S5,3560,1074,2944,4994,10000,0                       
TEL,17694,S5,3498,1072,2944,4994,10000,0                       
TEL,17695,S5,3622,1076,2944,4994,10000,0                       
TEL,17696,S5,3560,1074,2944,4994,10000,0                       
TEL,17697,S5,3529,1073,2944,4994,10000,0                       
TEL,17698,S5,3529,1073,2944,4994,10000,0                       
TEL,17699,S5,3560,1074,2944,4994,10000,0                       
TEL,17700,S5,3560,1074,2944,4994,10000,0                       
TEL,17701,S5,3529,1073,2944,4994,10000,0                       
TEL,17702,S5,3560,1074,2944,4994,10000,0                       
TEL,17703,S5,3435,1070,2944,4994,10000,0                       
TEL,17704,S5,3498,1072,2944,4994,10000,0                       
TEL,17705,S5,3529,1073,2944,4994,10000,0                       
TEL,17706,S5,3529,1073,2944,4994,10000,0                       
TEL,17707,S5,3560,1074,2944,4994,10000,0                       
TEL,17708,S5,3591,1075,2944,4994,10000,0                       
TEL,17709,S5,3529,1073,2944,4994,10000,0                       
TEL,17710,S5,3560,1074,2944,4994,10000,0                       
TEL,17711,S5,3622,1076,2944,4994,10000,0                       
TEL,17712,S5,3653,1078,2944,4994,10000,0                       
TEL,17713,S5,3529,1073,2944,4994,10000,0                       
TEL,17714,S5,3560,1074,2944,4994,10000,0                       
TEL,17715,S5,3591,1075,2944,4994,10000,0                       
TEL,17716,S5,3560,1074,2944,4994,10000,0                       
TEL,17717,S5,3560,1074,2944,4994,10000,0                       
TEL,17718,S5,3529,1073,2944,4994,10000,0                       
TEL,17719,S5,3622,1076,2944,4994,10000,0                       
TEL,17720,S5,3529,1073,2944,4994,10000,0                       
TEL,17721,S5,3529,1073,2944,4994,10000,0                       
TEL,17722,S5,3560,1074,2944,4994,10000,0                       
TEL,17723,S5,3560,1074,2944,4994,10000,0                       
TEL,17724,S5,3560,1074,2944,4994,10000,0                       
TEL,17725,S5,3560,1074,2944,4994,10000,0                       
TEL,17726,S5,3591,1075,2944,4994,10000,0                       
TEL,17727,S5,3622,1076,2944,4994,10000,0                       
TEL,17728,S5,3529,1073,2944,4994,10000,0                       
TEL,17729,S5,3560,1074,2944,4994,10000,0                       
TEL,17730,S5,3560,1074,2944,4994,10000,0                       
TEL,17731,S5,3529,1073,2944,4994,10000,0                       
TEL,17732,S5,3560,1074,2944,4994,10000,0                       
TEL,17733,S5,3591,1075,2944,4994,10000,0                       
TEL,17734,S5,3560,1074,2944,4994,10000,0                       
TEL,17735,S5,3498,1072,2944,4994,10000,0                       
TEL,17736,S5,3466,1071,2944,4994,10000,0                       
TEL,17737,S5,3498,1072,2944,4994,10000,0                       
TEL,17738,S5,3653,1078,2944,4994,10000,0                       
TEL,17739,S5,3560,1074,2944,4994,10000,0                       
TEL,17740,S5,3560,1074,2944,4994,10000,0                       
TEL,17741,S5,3591,1075,2944,4994,10000,0                       
TEL,17742,S5,3342,1067,2944,4994,10000,0                       
TEL,17743,S5,3622,1076,2944,4994,10000,0                       
TEL,17744,S5,3591,1075,2944,4994,10000,0                       
TEL,17745,S5,3560,1074,2944,4994,10000,0                       
TEL,17746,S5,3529,1073,2944,4994,10000,0                       
TEL,17747,S5,3560,1074,2944,4994,10000,0                       
TEL,17748,S5,3591,1075,2944,4994,10000,0                       
TEL,17749,S5,3529,1073,2944,4994,10000,0                       
TEL,17750,S5,3560,1074,2944,4994,10000,0                       
TEL,17751,S5,3560,1074,2944,4994,10000,0                       
TEL,17752,S5,3560,1074,2944,4994,10000,0                       
TEL,17753,S5,3560,1074,2944,4994,10000,0                       
TEL,17754,S5,3498,1072,2944,4994,10000,0                       
TEL,17755,S5,3560,1074,2944,4994,10000,0                       
TEL,17756,S5,3591,1075,2944,4994,10000,0                       
TEL,17757,S5,3560,1074,2944,4994,10000,0                       
TEL,17758,S5,3529,1073,2944,4994,10000,0                       
TEL,17759,S5,3591,1075,2944,4994,10000,0                       
TEL,17760,S5,3560,1074,2944,4994,10000,0                       
TEL,17761,S5,3560,1074,2944,4994,10000,0                       
TEL,17762,S5,3560,1074,2944,4994,10000,0                       
TEL,17763,S5,3529,1073,2944,4994,10000,0                       
TEL,17764,S5,3560,1074,2944,4994,10000,0                       
TEL,17765,S5,3560,1074,2944,4994,10000,0                       
TEL,17766,S5,3529,1073,2944,4994,10000,0                       
TEL,17767,S5,3591,1075,2944,4994,10000,0                       
TEL,17768,S5,3498,1072,2944,4994,10000,0                       
TEL,17769,S5,3591,1075,2944,4994,10000,0                       
TEL,17770,S5,3498,1072,2944,4994,10000,0                       
TEL,17771,S5,3560,1074,2944,4994,10000,0                       
TEL,17772,S5,3560,1074,2944,4994,10000,0                       
TEL,17773,S5,3560,1074,2944,4994,10000,0                       
TEL,17774,S5,3591,1075,2944,4994,10000,0                       
TEL,17775,S5,3622,1076,2944,4994,10000,0                       
TEL,17776,S5,3560,1074,2944,4994,10000,0                       
TEL,17777,S5,3529,1073,2944,4994,10000,0                       
TEL,17778,S5,3560,1074,2944,4994,10000,0                       
TEL,17779,S5,3560,1074,2944,4994,10000,0                       
TEL,17780,S5,3560,1074,2944,4994,10000,0                       
TEL,17781,S5,3560,1074,2944,4994,10000,0                       
TEL,17782,S5,3591,1075,2944,4994,10000,0                       
TEL,17783,S5,3560,1074,2944,4994,10000,0                       
TEL,17784,S5,3591,1075,2944,4994,10000,0                       
TEL,17785,S5,3529,1073,2944,4994,10000,0                       
TEL,17786,S5,3591,1075,2944,4994,10000,0                       
TEL,17787,S5,3529,1073,2944,4994,10000,0                       
TEL,17788,S5,3529,1073,2944,4994,10000,0                       
TEL,17789,S5,3560,1074,2944,4994,10000,0                       
TEL,17790,S5,3529,1073,2944,4994,10000,0                       
TEL,17791,S5,3622,1076,2944,4994,10000,0                       
TEL,17792,S5,3560,1074,2944,4994,10000,0                       
TEL,17793,S5,3560,1074,2944,4994,10000,0                       
TEL,17794,S5,3591,1075,2944,4994,10000,0                       
TEL,17795,S5,3591,1075,2944,4994,10000,0                       
TEL,17796,S5,3466,1071,2944,4994,10000,0                       
TEL,17797,S5,3591,1075,2944,4994,10000,0                       
TEL,17798,S5,3529,1073,2944,4994,10000,0                       
TEL,17799,S5,3560,1074,2944,4994,10000,0                       
TEL,17800,S5,3529,1073,2944,4994,10000,0                       
TEL,17801,S5,3560,1074,2944,4994,10000,0                       
TEL,17802,S5,3529,1073,2944,4994,10000,0                       
TEL,17803,S5,3560,1074,2944,4994,10000,0                       
TEL,17804,S5,3560,1074,2944,4994,10000,0                       
TEL,17805,S5,3560,1074,2944,4994,10000,0                       
TEL,17806,S5,3560,1074,2944,4994,10000,0                       
TEL,17807,S5,3622,1076,2944,4994,10000,0                       
TEL,17808,S5,3560,1074,2944,4994,10000,0                       
TEL,17809,S5,3560,1074,2944,4994,10000,0                       
TEL,17810,S5,3560,1074,2944,4994,10000,0                       
TEL,17811,S5,3622,1076,2944,4994,10000,0                       
TEL,17812,S5,3529,1073,2944,4994,10000,0                       
TEL,17813,S5,3560,1074,2944,4994,10000,0                       
TEL,17814,S5,3560,1074,2944,4994,10000,0                       
TEL,17815,S5,3591,1075,2944,4994,10000,0                       
TEL,17816,S5,3560,1074,2944,4994,10000,0                       
TEL,17817,S5,3560,1074,2944,4994,10000,0                       
TEL,17818,S5,3498,1072,2944,4994,10000,0                       
TEL,17819,S5,3560,1074,2944,4994,10000,0                       
TEL,17820,S5,3591,1075,2944,4994,10000,0                       
TEL,17821,S5,3560,1074,2944,4994,10000,0                       
TEL,17822,S5,3498,1072,2944,4994,10000,0                       
TEL,17823,S5,3560,1074,2944,4994,10000,0                       
TEL,17824,S5,3622,1076,2944,4994,10000,0                       
TEL,17825,S5,3622,1077,2944,4994,10000,0                       
TEL,17826,S5,3529,1073,2944,4994,10000,0                       
TEL,17827,S5,3498,1072,2944,4994,10000,0                       
TEL,17828,S5,3560,1074,2944,4994,10000,0                       
TEL,17829,S5,3591,1075,2944,4994,10000,0                       
TEL,17830,S5,3560,1074,2944,4994,10000,0                       
TEL,17831,S5,3560,1074,2944,4994,10000,0                       
TEL,17832,S5,3591,1075,2944,4994,10000,0                       
TEL,17833,S5,3560,1074,2944,4994,10000,0                       
TEL,17834,S5,3560,1074,2944,4994,10000,0                       
BTN,130,S5,PRESSED,17835,379907765,379907782,379907784         
TEL,17836,S5,3560,1074,2944,5052,10000,1                       
TEL,17837,S5,3591,1075,2944,5044,10000,0                       
TEL,17838,S5,3498,1072,2944,4994,10000,0                       
TEL,17839,S5,3529,1073,2944,4994,10000,0                       
TEL,17840,S5,3591,1075,2944,4994,10000,0                       
TEL,17841,S5,3342,1067,2944,4994,10000,0                       
TEL,17842,S5,3529,1073,2944,4994,10000,0                       
TEL,17843,S5,3622,1077,2944,4994,10000,0                       
TEL,17844,S5,3529,1073,2944,4994,10000,0                       
TEL,17845,S5,3560,1074,2944,4994,10000,0                       
TEL,17846,S5,3529,1073,2944,4994,10000,0                       
TEL,17847,S5,3560,1074,2944,4994,10000,0                       
TEL,17848,S5,3529,1073,2944,4994,10000,0                       
TEL,17849,S5,3529,1073,2944,4994,10000,0                       
TEL,17850,S5,3529,1073,2944,4994,10000,0                       
TEL,17851,S5,3560,1074,2944,4997,10000,0                       
TEL,17852,S5,3622,1076,2944,4994,10000,0                       
TEL,17853,S5,3560,1074,2944,4994,10000,0                       
TEL,17854,S5,3591,1075,2944,4994,10000,0                       
TEL,17855,S5,3560,1074,2944,4994,10000,0                       
TEL,17856,S5,3591,1075,2944,4994,10000,0                       
TEL,17857,S5,3560,1074,2944,4994,10000,0                       
TEL,17858,S5,3529,1073,2944,4994,10000,0                       
TEL,17859,S5,3591,1075,2944,4994,10000,0                       
TEL,17860,S5,3498,1072,2944,4994,10000,0                       
TEL,17861,S5,3560,1074,2944,4994,10000,0                       
TEL,17862,S5,3560,1074,2944,4994,10000,0                       
TEL,17863,S5,3560,1074,2944,4994,10000,0                       
TEL,17864,S5,3498,1072,2944,4994,10000,0                       
TEL,17865,S5,3529,1073,2944,4994,10000,0                       
TEL,17866,S5,3560,1074,2944,4994,10000,0                       
TEL,17867,S5,3498,1072,2944,4994,10000,0                       
TEL,17868,S5,3560,1074,2944,4994,10000,0                       
TEL,17869,S5,3591,1075,2944,4994,10000,0                       
TEL,17870,S5,3560,1074,2944,4994,10000,0                       
TEL,17871,S5,3591,1075,2944,4994,10000,0                       
TEL,17872,S5,3560,1074,2944,4994,10000,0                       
TEL,17873,S5,3591,1075,2944,4994,10000,0                       
TEL,17874,S5,3560,1074,2944,4994,10000,0                       
TEL,17875,S5,3591,1075,2944,4994,10000,0                       
TEL,17876,S5,3560,1074,2944,4994,10000,0                       
TEL,17877,S5,3498,1072,2944,4994,10000,0                       
TEL,17878,S5,3529,1073,2944,4994,10000,0                       
TEL,17879,S5,3498,1072,2944,4994,10000,0                       
TEL,17880,S5,3560,1074,2944,4994,10000,0                       
TEL,17881,S5,3529,1073,2944,4994,10000,0                       
TEL,17882,S5,3591,1075,2944,4994,10000,0                       
TEL,17883,S5,3560,1074,2944,4994,10000,0                       
TEL,17884,S5,3529,1073,2944,4994,10000,0                       
TEL,17885,S5,3498,1072,2944,4994,10000,0                       
TEL,17886,S5,3560,1074,2944,4994,10000,0                       
TEL,17887,S5,3622,1077,2944,4994,10000,0                       
TEL,17888,S5,3498,1072,2944,4994,10000,0                       
TEL,17889,S5,3560,1074,2944,4994,10000,0                       
TEL,17890,S5,3560,1074,2944,4994,10000,0                       
TEL,17891,S5,3560,1074,2944,4994,10000,0                       
TEL,17892,S5,3560,1074,2944,4994,10000,0                       
TEL,17893,S5,3560,1074,2944,4994,10000,0                       
TEL,17894,S5,3591,1075,2944,4994,10000,0                       
TEL,17895,S5,3466,1071,2944,4994,10000,0                       
TEL,17896,S5,3560,1074,2944,4994,10000,0                       
TEL,17897,S5,3653,1078,2944,4994,10000,0                       
TEL,17898,S5,3529,1073,2944,4994,10000,0                       
TEL,17899,S5,3560,1074,2944,4994,10000,0                       
TEL,17900,S5,3560,1074,2944,4994,10000,0                       
TEL,17901,S5,3591,1075,2944,4994,10000,0                       
TEL,17902,S5,3529,1073,2944,4994,10000,0                       
TEL,17903,S5,3591,1075,2944,4994,10000,0                       
TEL,17904,S5,3560,1074,2944,4994,10000,0                       
TEL,17905,S5,3560,1074,2944,4994,10000,0                       
TEL,17906,S5,3560,1074,2944,4994,10000,0                       
TEL,17907,S5,3560,1074,2944,4994,10000,0                       
TEL,17908,S5,3560,1074,2944,4994,10000,0                       
TEL,17909,S5,3560,1074,2944,4994,10000,0                       
TEL,17910,S5,3498,1072,2944,4994,10000,0                       
TEL,17911,S5,3404,1069,2944,4994,10000,0                       
TEL,17912,S5,3498,1072,2944,4994,10000,0                       
TEL,17913,S5,3622,1077,2944,4994,10000,0                       
TEL,17914,S5,3560,1074,2944,4994,10000,0                       
TEL,17915,S5,3560,1074,2944,4994,10000,0                       
TEL,17916,S5,3498,1072,2944,4994,10000,0                       
TEL,17917,S5,3435,1070,2944,4994,10000,0                       
TEL,17918,S5,3653,1078,2944,4994,10000,0                       
TEL,17919,S5,3560,1074,2944,4994,10000,0                       
TEL,17920,S5,3622,1077,2944,4994,10000,0                       
TEL,17921,S5,3498,1072,2944,4994,10000,0                       
TEL,17922,S5,3498,1072,2944,4994,10000,0                       
TEL,17923,S5,3435,1070,2944,4994,10000,0                       
TEL,17924,S5,3498,1072,2944,4994,10000,0                       
TEL,17925,S5,3498,1072,2944,4994,10000,0                       
TEL,17926,S5,3591,1075,2944,4994,10000,0                       
TEL,17927,S5,3498,1072,2944,4994,10000,0                       
TEL,17928,S5,3560,1074,2944,4994,10000,0                       
TEL,17929,S5,3342,1067,2944,4994,10000,0                       
TEL,17930,S5,3498,1072,2944,4994,10000,0                       
TEL,17931,S5,3560,1074,2944,4994,10000,0                       
TEL,17932,S5,3560,1074,2944,4994,10000,0                       
TEL,17933,S5,3529,1073,2944,4994,10000,0                       
TEL,17934,S5,3560,1074,2944,4994,10000,0                       
TEL,17935,S5,3560,1074,2944,4994,10000,0                       
TEL,17936,S5,3591,1075,2944,4994,10000,0                       
TEL,17937,S5,3591,1075,2944,4994,10000,0                       
TEL,17938,S5,3529,1073,2944,4994,10000,0                       
TEL,17939,S5,3591,1075,2944,4994,10000,0                       
TEL,17940,S5,3529,1073,2944,4994,10000,0                       
TEL,17941,S5,3560,1074,2944,4994,10000,0                       
TEL,17942,S5,3560,1074,2944,4994,10000,0                       
TEL,17943,S5,3684,1079,2944,4994,10000,0                       
TEL,17944,S5,3560,1074,2944,4994,10000,0                       
TEL,17945,S5,3560,1074,2944,4994,10000,0                       
TEL,17946,S5,3560,1074,2944,4994,10000,0                       
TEL,17947,S5,3560,1074,2944,4994,10000,0                       
TEL,17948,S5,3498,1072,2944,4994,10000,0                       
TEL,17949,S5,3560,1074,2944,4994,10000,0                       
TEL,17950,S5,3529,1073,2944,4994,10000,0                       
TEL,17951,S5,3591,1075,2944,4994,10000,0                       
TEL,17952,S5,3622,1076,2944,4994,10000,0                       
TEL,17953,S5,3529,1073,2944,4994,10000,0                       
TEL,17954,S5,3560,1074,2944,4994,10000,0                       
TEL,17955,S5,3498,1072,2944,4994,10000,0                       
TEL,17956,S5,3591,1075,2944,4994,10000,0                       
TEL,17957,S5,3529,1073,2944,4994,10000,0                       
TEL,17958,S5,3529,1073,2944,4994,10000,0                       
TEL,17959,S5,3560,1074,2944,4994,10000,0                       
TEL,17960,S5,3560,1074,2944,4994,10000,0                       
TEL,17961,S5,3560,1074,2944,4994,10000,0                       
TEL,17962,S5,3560,1074,2944,4994,10000,0                       
TEL,17963,S5,3653,1078,2944,4994,10000,0                       
TEL,17964,S5,3435,1070,2944,4994,10000,0                       
TEL,17965,S5,3591,1075,2944,4994,10000,0                       
TEL,17966,S5,3560,1074,2944,4994,10000,0                       
TEL,17967,S5,3498,1072,2944,4994,10000,0                       
TEL,17968,S5,3622,1076,2944,4994,10000,0                       
TEL,17969,S5,3591,1075,2944,4994,10000,0                       
TEL,17970,S5,3560,1074,2944,4994,10000,0                       
TEL,17971,S5,3529,1073,2944,4994,10000,0                       
TEL,17972,S5,3560,1074,2944,4994,10000,0                       
TEL,17973,S5,3529,1073,2944,4994,10000,0                       
TEL,17974,S5,3560,1074,2944,4994,10000,0                       
TEL,17975,S5,3529,1073,2944,4994,10000,0                       
TEL,17976,S5,3591,1075,2944,4994,10000,0                       
TEL,17977,S5,3560,1074,2944,4994,10000,0                       
TEL,17978,S5,3560,1074,2944,4994,10000,0                       
TEL,17979,S5,3529,1073,2944,4994,10000,0                       
TEL,17980,S5,3498,1072,2944,4994,10000,0                       
TEL,17981,S5,3560,1074,2944,4994,10000,0                       
TEL,17982,S5,3591,1075,2944,4994,10000,0                       
TEL,17983,S5,3498,1072,2944,4994,10000,0                       
TEL,17984,S5,3622,1076,2944,4994,10000,0                       
TEL,17985,S5,3498,1072,2944,4994,10000,0                       
TEL,17986,S5,3560,1074,2944,4994,10000,0                       
BTN,131,S5,PRESSED,17987,381409278,381409299,381409300         
TEL,17988,S5,3498,1072,2944,5044,10000,0                       
TEL,17989,S5,3529,1073,2944,4994,10000,0                       
TEL,17990,S5,3560,1074,2944,4994,10000,0                       
TEL,17991,S5,3529,1073,2944,4994,10000,0                       
TEL,17992,S5,3529,1073,2944,4994,10000,0                       
TEL,17993,S5,3529,1073,2944,4994,10000,0                       
TEL,17994,S5,3529,1073,2944,4994,10000,0                       
TEL,17995,S5,3498,1072,2944,4994,10000,0                       
TEL,17996,S5,3560,1074,2944,4994,10000,0                       
TEL,17997,S5,3529,1073,2944,4994,10000,0                       
TEL,17998,S5,3560,1074,2944,4994,10000,0                       
TEL,17999,S5,3715,1080,2944,4994,10000,0                       
TEL,18000,S5,3560,1074,2944,4994,10000,0                       
TEL,18001,S5,3622,1077,2944,4994,10000,0                       
TEL,18002,S5,3591,1075,2944,4997,10000,0                       
TEL,18003,S5,3560,1074,2944,4994,10000,0                       
TEL,18004,S5,3560,1074,2944,4994,10000,0                       
TEL,18005,S5,3529,1073,2944,4994,10000,0                       
TEL,18006,S5,3653,1078,2944,4994,10000,0                       
TEL,18007,S5,3466,1071,2944,4994,10000,0                       
TEL,18008,S5,3560,1074,2944,4994,10000,0                       
TEL,18009,S5,3529,1073,2944,4994,10000,0                       
TEL,18010,S5,3591,1075,2944,4994,10000,0                       
TEL,18011,S5,3591,1075,2944,4994,10000,0                       
TEL,18012,S5,3498,1072,2944,4994,10000,0                       
TEL,18013,S5,3529,1073,2944,4994,10000,0                       
TEL,18014,S5,3591,1075,2944,4994,10000,0                       
TEL,18015,S5,3560,1074,2944,4994,10000,0                       
TEL,18016,S5,3560,1074,2944,4994,10000,0                       
TEL,18017,S5,3653,1078,2944,4994,10000,0                       
TEL,18018,S5,3591,1075,2944,4994,10000,0                       
TEL,18019,S5,3529,1073,2944,4994,10000,0                       
TEL,18020,S5,3591,1075,2944,4994,10000,0                       
TEL,18021,S5,3622,1077,2944,4994,10000,0                       
TEL,18022,S5,3529,1073,2944,4994,10000,0                       
TEL,18023,S5,3498,1072,2944,4994,10000,0                       
TEL,18024,S5,3498,1072,2944,4994,10000,0                       
TEL,18025,S5,3529,1073,2944,4994,10000,0                       
TEL,18026,S5,3591,1075,2944,4994,10000,0                       
TEL,18027,S5,3591,1075,2944,4994,10000,0                       
TEL,18028,S5,3466,1071,2944,4994,10000,0                       
TEL,18029,S5,3560,1074,2944,4994,10000,0                       
TEL,18030,S5,3591,1075,2944,4994,10000,0                       
TEL,18031,S5,3560,1074,2944,4994,10000,0                       
TEL,18032,S5,3529,1073,2944,4994,10000,0                       
TEL,18033,S5,3591,1075,2944,4994,10000,0                       
TEL,18034,S5,3529,1073,2944,4994,10000,0                       
TEL,18035,S5,3560,1074,2944,4994,10000,0                       
TEL,18036,S5,3560,1074,2944,4994,10000,0                       
TEL,18037,S5,3591,1075,2944,4994,10000,0                       
TEL,18038,S5,3591,1075,2944,4994,10000,0                       
TEL,18039,S5,3560,1074,2944,4994,10000,0                       
TEL,18040,S5,3591,1075,2944,4994,10000,0                       
TEL,18041,S5,3560,1074,2944,4994,10000,0                       
TEL,18042,S5,3560,1074,2944,4994,10000,0                       
TEL,18043,S5,3560,1074,2944,4994,10000,0                       
TEL,18044,S5,3560,1074,2944,4994,10000,0                       
TEL,18045,S5,3591,1075,2944,4994,10000,0                       
TEL,18046,S5,3591,1075,2944,4994,10000,0                       
TEL,18047,S5,3529,1073,2944,4994,10000,0                       
TEL,18048,S5,3498,1072,2944,4994,10000,0                       
TEL,18049,S5,3591,1075,2944,4994,10000,0                       
TEL,18050,S5,3560,1074,2944,4994,10000,0                       
TEL,18051,S5,3560,1074,2944,4994,10000,0                       
TEL,18052,S5,3560,1074,2944,4994,10000,0                       
TEL,18053,S5,3560,1074,2944,4994,10000,0                       
TEL,18054,S5,3560,1074,2944,4994,10000,0                       
TEL,18055,S5,3560,1074,2944,4994,10000,0                       
TEL,18056,S5,3560,1074,2944,4994,10000,0                       
TEL,18057,S5,3591,1075,2944,4994,10000,0                       
TEL,18058,S5,3560,1074,2944,4994,10000,0                       
TEL,18059,S5,3591,1075,2944,4994,10000,0                       
TEL,18060,S5,3498,1072,2944,4994,10000,0                       
TEL,18061,S5,3560,1074,2944,4994,10000,0                       
TEL,18062,S5,3560,1074,2944,4994,10000,0                       
TEL,18063,S5,3373,1068,2944,4994,10000,0                       
TEL,18064,S5,3591,1075,2944,4994,10000,0                       
TEL,18065,S5,3622,1077,2944,4994,10000,0                       
TEL,18066,S5,3591,1075,2944,4994,10000,0                       
TEL,18067,S5,3560,1074,2944,4994,10000,0                       
TEL,18068,S5,3560,1074,2944,4994,10000,0                       
TEL,18069,S5,3560,1074,2944,4994,10000,0                       
TEL,18070,S5,3560,1074,2944,4994,10000,0                       
TEL,18071,S5,3591,1075,2944,4994,10000,0                       
TEL,18072,S5,3529,1073,2944,4994,10000,0                       
TEL,18073,S5,3529,1073,2944,4994,10000,0                       
TEL,18074,S5,3591,1075,2944,4994,10000,0                       
TEL,18075,S5,3622,1077,2944,4994,10000,0                       
TEL,18076,S5,3591,1075,2944,4994,10000,0                       
TEL,18077,S5,3529,1073,2944,4994,10000,0                       
TEL,18078,S5,3498,1072,2944,4994,10000,0                       
TEL,18079,S5,3622,1077,2944,4994,10000,0                       
TEL,18080,S5,3498,1072,2944,4994,10000,0                       
TEL,18081,S5,3591,1075,2944,4994,10000,0                       
TEL,18082,S5,3560,1074,2944,4994,10000,0                       
TEL,18083,S5,3560,1074,2944,4994,10000,0                       
TEL,18084,S5,3591,1075,2944,4994,10000,0                       
TEL,18085,S5,3560,1074,2944,4994,10000,0                       
TEL,18086,S5,3529,1073,2944,4994,10000,0                       
TEL,18087,S5,3529,1073,2944,4994,10000,0                       
TEL,18088,S5,3591,1075,2944,4994,10000,0                       
TEL,18089,S5,3560,1074,2944,4994,10000,0                       
TEL,18090,S5,3560,1074,2944,4994,10000,0                       
TEL,18091,S5,3560,1074,2944,4994,10000,0                       
TEL,18092,S5,3560,1074,2944,4994,10000,0                       
TEL,18093,S5,3560,1074,2944,4994,10000,0                       
TEL,18094,S5,3498,1072,2944,4994,10000,0                       
TEL,18095,S5,3560,1074,2944,4994,10000,0                       
TEL,18096,S5,3591,1075,2944,4994,10000,0                       
TEL,18097,S5,3591,1075,2944,4994,10000,0                       
TEL,18098,S5,3560,1074,2944,4994,10000,0                       
TEL,18099,S5,3591,1075,2944,4994,10000,0                       
TEL,18100,S5,3466,1071,2944,4994,10000,0                       
TEL,18101,S5,3560,1074,2944,4994,10000,0                       
TEL,18102,S5,3622,1077,2944,4994,10000,0                       
TEL,18103,S5,3560,1074,2944,4994,10000,0                       
TEL,18104,S5,3560,1074,2944,4994,10000,0                       
TEL,18105,S5,3591,1075,2944,4994,10000,0                       
TEL,18106,S5,3560,1074,2944,4994,10000,0                       
TEL,18107,S5,3560,1074,2944,4994,10000,0                       
TEL,18108,S5,3560,1074,2944,4994,10000,0                       
TEL,18109,S5,3715,1080,2944,4994,10000,0                       
TEL,18110,S5,3560,1074,2944,4994,10000,0                       
TEL,18111,S5,3560,1074,2944,4994,10000,0                       
TEL,18112,S5,3591,1075,2944,4994,10000,0                       
TEL,18113,S5,3591,1075,2944,4994,10000,0                       
TEL,18114,S5,3342,1067,2944,4994,10000,0                       
TEL,18115,S5,3560,1074,2944,4994,10000,0                       
TEL,18116,S5,3591,1075,2944,4994,10000,0                       
TEL,18117,S5,3498,1072,2944,4994,10000,0                       
TEL,18118,S5,3435,1070,2944,4994,10000,0                       
TEL,18119,S5,3560,1074,2944,4994,10000,0                       
TEL,18120,S5,3560,1074,2944,4994,10000,0                       
TEL,18121,S5,3560,1074,2944,4994,10000,0                       
TEL,18122,S5,3560,1074,2944,4994,10000,0                       
TEL,18123,S5,3560,1074,2944,4994,10000,0                       
TEL,18124,S5,3560,1074,2944,4994,10000,0                       
TEL,18125,S5,3560,1074,2944,4994,10000,0                       
TEL,18126,S5,3560,1074,2944,4994,10000,0                       
TEL,18127,S5,3591,1075,2944,4994,10000,0                       
TEL,18128,S5,3591,1075,2944,4994,10000,0                       
TEL,18129,S5,3622,1076,2944,4994,10000,0                       
TEL,18130,S5,3560,1074,2944,4994,10000,0                       
TEL,18131,S5,3591,1075,2944,4994,10000,0                       
TEL,18132,S5,3591,1075,2944,4994,10000,0                       
TEL,18133,S5,3591,1075,2944,4994,10000,0                       
TEL,18134,S5,3560,1074,2944,4994,10000,0                       
TEL,18135,S5,3560,1074,2944,4994,10000,0                       
TEL,18136,S5,3591,1075,2944,4994,10000,0                       
TEL,18137,S5,3591,1075,2944,4994,10000,0                       
TEL,18138,S5,3498,1072,2944,4994,10000,0                       
TEL,18139,S5,3529,1073,2944,4994,10000,0                       
TEL,18140,S5,3498,1072,2944,4994,10000,0                       
TEL,18141,S5,3560,1074,2944,4994,10000,0                       
BTN,132,S5,PRESSED,18142,382957745,382957763,382957765         
TEL,18143,S5,3560,1074,2944,5052,10000,1                       
TEL,18144,S5,3529,1073,2944,5044,10000,0                       
TEL,18145,S5,3529,1073,2944,4994,10000,0                       
TEL,18146,S5,3560,1074,2944,4994,10000,0                       
TEL,18147,S5,3529,1073,2944,4994,10000,0                       
TEL,18148,S5,3560,1074,2944,4994,10000,0                       
TEL,18149,S5,3498,1072,2944,4994,10000,0                       
TEL,18150,S5,3560,1074,2944,4994,10000,0                       
TEL,18151,S5,3560,1074,2944,4994,10000,0                       
TEL,18152,S5,3529,1073,2944,4994,10000,0                       
TEL,18153,S5,3560,1074,2944,4994,10000,0                       
TEL,18154,S5,3560,1074,2944,4994,10000,0                       
TEL,18155,S5,3560,1074,2944,4994,10000,0                       
TEL,18156,S5,3560,1074,2944,4994,10000,0                       
TEL,18157,S5,3529,1073,2944,4994,10000,0                       
TEL,18158,S5,3529,1073,2944,4994,10000,0                       
TEL,18159,S5,3529,1073,2944,4994,10000,0                       
TEL,18160,S5,3560,1074,2944,4994,10000,0                       
TEL,18161,S5,3529,1073,2944,4994,10000,0                       
TEL,18162,S5,3591,1075,2944,4994,10000,0                       
TEL,18163,S5,3498,1072,2944,4994,10000,0                       
TEL,18164,S5,3560,1074,2944,4994,10000,0                       
TEL,18165,S5,3435,1070,2944,4994,10000,0                       
TEL,18166,S5,3560,1074,2944,4994,10000,0                       
TEL,18167,S5,3560,1074,2944,4994,10000,0                       
TEL,18168,S5,3591,1075,2944,4994,10000,0                       
TEL,18169,S5,3529,1073,2944,4994,10000,0                       
TEL,18170,S5,3529,1073,2944,4994,10000,0                       
TEL,18171,S5,3498,1072,2944,4994,10000,0                       
TEL,18172,S5,3560,1074,2944,4994,10000,0                       
TEL,18173,S5,3498,1072,2944,4994,10000,0                       
TEL,18174,S5,3560,1074,2944,4994,10000,0                       
TEL,18175,S5,3529,1073,2944,4994,10000,0                       
TEL,18176,S5,3529,1073,2944,4994,10000,0                       
TEL,18177,S5,3591,1075,2944,4994,10000,0                       
TEL,18178,S5,3622,1076,2944,4994,10000,0                       
TEL,18179,S5,3591,1075,2944,4994,10000,0                       
TEL,18180,S5,3560,1074,2944,4994,10000,0                       
TEL,18181,S5,3591,1075,2944,4994,10000,0                       
TEL,18182,S5,3560,1074,2944,4994,10000,0                       
TEL,18183,S5,3560,1074,2944,4994,10000,0                       
TEL,18184,S5,3560,1074,2944,4994,10000,0                       
TEL,18185,S5,3560,1074,2944,4994,10000,0                       
TEL,18186,S5,3560,1074,2944,4994,10000,0                       
TEL,18187,S5,3373,1068,2944,4994,10000,0                       
TEL,18188,S5,3560,1074,2944,4994,10000,0                       
TEL,18189,S5,3560,1074,2944,4994,10000,0                       
TEL,18190,S5,3591,1075,2944,4994,10000,0                       
TEL,18191,S5,3529,1073,2944,4994,10000,0                       
TEL,18192,S5,3560,1074,2944,4994,10000,0                       
TEL,18193,S5,3560,1074,2944,4994,10000,0                       
TEL,18194,S5,3622,1076,2944,4994,10000,0                       
TEL,18195,S5,3498,1072,2944,4994,10000,0                       
TEL,18196,S5,3498,1072,2944,4994,10000,0                       
TEL,18197,S5,3498,1072,2944,4994,10000,0                       
TEL,18198,S5,3560,1074,2944,4994,10000,0                       
TEL,18199,S5,3498,1072,2944,4994,10000,0                       
TEL,18200,S5,3466,1071,2944,4994,10000,0                       
TEL,18201,S5,3560,1074,2944,4994,10000,0                       
TEL,18202,S5,3591,1075,2944,4994,10000,0                       
TEL,18203,S5,3591,1075,2944,4994,10000,0                       
TEL,18204,S5,3560,1074,2944,4994,10000,0                       
TEL,18205,S5,3560,1074,2944,4994,10000,0                       
TEL,18206,S5,3529,1073,2944,4994,10000,0                       
TEL,18207,S5,3529,1073,2944,4994,10000,0                       
TEL,18208,S5,3560,1074,2944,4994,10000,0                       
TEL,18209,S5,3560,1074,2944,4994,10000,0                       
TEL,18210,S5,3591,1075,2944,4994,10000,0                       
TEL,18211,S5,3560,1074,2944,4994,10000,0                       
TEL,18212,S5,3529,1073,2944,4994,10000,0                       
TEL,18213,S5,3498,1072,2944,4994,10000,0                       
TEL,18214,S5,3560,1074,2944,4994,10000,0                       
TEL,18215,S5,3560,1074,2944,4994,10000,0                       
TEL,18216,S5,3529,1073,2944,4994,10000,0                       
TEL,18217,S5,3529,1073,2944,4994,10000,0                       
TEL,18218,S5,3560,1074,2944,4994,10000,0                       
TEL,18219,S5,3560,1074,2944,4994,10000,0                       
TEL,18220,S5,3498,1072,2944,4994,10000,0                       
TEL,18221,S5,3591,1075,2944,4994,10000,0                       
TEL,18222,S5,3498,1072,2944,4994,10000,0                       
TEL,18223,S5,3591,1075,2944,4994,10000,0                       
TEL,18224,S5,3560,1074,2944,4994,10000,0                       
TEL,18225,S5,3560,1074,2944,4994,10000,0                       
TEL,18226,S5,3591,1075,2944,4994,10000,0                       
TEL,18227,S5,3591,1075,2944,4994,10000,0                       
TEL,18228,S5,3498,1072,2944,4994,10000,0                       
TEL,18229,S5,3529,1073,2944,4994,10000,0                       
TEL,18230,S5,3498,1072,2944,4994,10000,0                       
TEL,18231,S5,3560,1074,2944,4994,10000,0                       
TEL,18232,S5,3498,1072,2944,4994,10000,0                       
TEL,18233,S5,3560,1074,2944,4994,10000,0                       
TEL,18234,S5,3435,1070,2944,4994,10000,0                       
TEL,18235,S5,3591,1075,2944,4994,10000,0                       
TEL,18236,S5,3560,1074,2944,4994,10000,0                       
TEL,18237,S5,3560,1074,2944,4994,10000,0                       
TEL,18238,S5,3529,1073,2944,4994,10000,0                       
TEL,18239,S5,3591,1075,2944,4994,10000,0                       
TEL,18240,S5,3560,1074,2944,4994,10000,0                       
TEL,18241,S5,3560,1074,2944,4994,10000,0                       
TEL,18242,S5,3529,1073,2944,4994,10000,0                       
TEL,18243,S5,3560,1074,2944,4994,10000,0                       
TEL,18244,S5,3591,1075,2944,4994,10000,0                       
TEL,18245,S5,3591,1075,2944,4994,10000,0                       
TEL,18246,S5,3591,1075,2944,4994,10000,0                       
TEL,18247,S5,3498,1072,2944,4994,10000,0                       
TEL,18248,S5,3622,1076,2944,4994,10000,0                       
TEL,18249,S5,3560,1074,2944,4994,10000,0                       
TEL,18250,S5,3591,1075,2944,4994,10000,0                       
TEL,18251,S5,3529,1073,2944,4994,10000,0                       
TEL,18252,S5,3373,1068,2944,4994,10000,0                       
TEL,18253,S5,3560,1074,2944,4994,10000,0                       
TEL,18254,S5,3529,1073,2944,4994,10000,0                       
TEL,18255,S5,3560,1074,2944,4994,10000,0                       
TEL,18256,S5,3560,1074,2944,4994,10000,0                       
TEL,18257,S5,3529,1073,2944,4994,10000,0                       
TEL,18258,S5,3560,1074,2944,4994,10000,0                       
TEL,18259,S5,3591,1075,2944,4994,10000,0                       
TEL,18260,S5,3498,1072,2944,4994,10000,0                       
TEL,18261,S5,3591,1075,2944,4994,10000,0                       
TEL,18262,S5,3560,1074,2944,4994,10000,0                       
TEL,18263,S5,3373,1068,2944,4994,10000,0                       
TEL,18264,S5,3498,1072,2944,4994,10000,0                       
TEL,18265,S5,3560,1074,2944,4994,10000,0                       
TEL,18266,S5,3529,1073,2944,4994,10000,0                       
TEL,18267,S5,3560,1074,2944,4994,10000,0                       
TEL,18268,S5,3560,1074,2944,4994,10000,0                       
TEL,18269,S5,3529,1073,2944,4994,10000,0                       
TEL,18270,S5,3560,1074,2944,4994,10000,0                       
TEL,18271,S5,3591,1075,2944,4994,10000,0                       
TEL,18272,S5,3560,1074,2944,4994,10000,0                       
TEL,18273,S5,3591,1075,2944,4994,10000,0                       
TEL,18274,S5,3560,1074,2944,4994,10000,0                       
TEL,18275,S5,3529,1073,2944,4994,10000,0                       
TEL,18276,S5,3560,1074,2944,4994,10000,0                       
TEL,18277,S5,3591,1075,2944,4994,10000,0                       
TEL,18278,S5,3560,1074,2944,4994,10000,0                       
TEL,18279,S5,3560,1074,2944,4994,10000,0                       
TEL,18280,S5,3498,1072,2944,4994,10000,0                       
TEL,18281,S5,3560,1074,2944,4994,10000,0                       
TEL,18282,S5,3498,1072,2944,4994,10000,0                       
TEL,18283,S5,3591,1075,2944,4994,10000,0                       
TEL,18284,S5,3529,1073,2944,4994,10000,0                       
TEL,18285,S5,3560,1074,2944,4994,10000,0                       
BTN,133,S5,PRESSED,18286,384380142,384380163,384380164         
TEL,18287,S5,3498,1072,2944,5044,10000,0                       
TEL,18288,S5,3529,1073,2944,4994,10000,0                       
TEL,18289,S5,3560,1074,2944,4994,10000,0                       
TEL,18290,S5,3560,1074,2944,4994,10000,0                       
TEL,18291,S5,3591,1075,2944,4994,10000,0                       
TEL,18292,S5,3560,1074,2944,4994,10000,0                       
TEL,18293,S5,3560,1074,2944,4994,10000,0                       
TEL,18294,S5,3560,1074,2944,4994,10000,0                       
TEL,18295,S5,3560,1074,2944,4994,10000,0                       
TEL,18296,S5,3560,1074,2944,4994,10000,0                       
TEL,18297,S5,3560,1074,2944,4994,10000,0                       
TEL,18298,S5,3404,1069,2944,4994,10000,0                       
TEL,18299,S5,3560,1074,2944,4994,10000,0                       
TEL,18300,S5,3560,1074,2944,5008,10000,0                       
TEL,18301,S5,3622,1077,2944,4994,10000,0                       
TEL,18302,S5,3529,1073,2944,4994,10000,0                       
TEL,18303,S5,3560,1074,2944,4994,10000,0                       
TEL,18304,S5,3529,1073,2944,4994,10000,0                       
TEL,18305,S5,3560,1074,2944,4994,10000,0                       
TEL,18306,S5,3560,1074,2944,4994,10000,0                       
TEL,18307,S5,3560,1074,2944,4994,10000,0                       
TEL,18308,S5,3591,1075,2944,4994,10000,0                       
TEL,18309,S5,3498,1072,2944,4994,10000,0                       
TEL,18310,S5,3560,1074,2944,4994,10000,0                       
TEL,18311,S5,3529,1073,2944,4994,10000,0                       
TEL,18312,S5,3560,1074,2944,4994,10000,0                       
TEL,18313,S5,3653,1078,2944,4994,10000,0                       
TEL,18314,S5,3560,1074,2944,4994,10000,0                       
TEL,18315,S5,3529,1073,2944,4994,10000,0                       
TEL,18316,S5,3591,1075,2944,4994,10000,0                       
TEL,18317,S5,3529,1073,2944,4994,10000,0                       
TEL,18318,S5,3560,1074,2944,4994,10000,0                       
TEL,18319,S5,3529,1073,2944,4994,10000,0                       
TEL,18320,S5,3529,1073,2944,4994,10000,0                       
TEL,18321,S5,3560,1074,2944,4994,10000,0                       
TEL,18322,S5,3560,1074,2944,4994,10000,0                       
TEL,18323,S5,3622,1076,2944,4994,10000,0                       
TEL,18324,S5,3560,1074,2944,4994,10000,0                       
TEL,18325,S5,3529,1073,2944,4994,10000,0                       
TEL,18326,S5,3498,1072,2944,4994,10000,0                       
TEL,18327,S5,3560,1074,2944,4994,10000,0                       
TEL,18328,S5,3560,1074,2944,4994,10000,0                       
TEL,18329,S5,3529,1073,2944,4994,10000,0                       
TEL,18330,S5,3529,1073,2944,4994,10000,0                       
TEL,18331,S5,3560,1074,2944,4994,10000,0                       
TEL,18332,S5,3622,1077,2944,4994,10000,0                       
TEL,18333,S5,3498,1072,2944,4994,10000,0                       
TEL,18334,S5,3560,1074,2944,4994,10000,0                       
TEL,18335,S5,3591,1075,2944,4994,10000,0                       
TEL,18336,S5,3560,1074,2944,4994,10000,0                       
TEL,18337,S5,3529,1073,2944,4994,10000,0                       
TEL,18338,S5,3560,1074,2944,4994,10000,0                       
TEL,18339,S5,3622,1077,2944,4994,10000,0                       
TEL,18340,S5,3498,1072,2944,4994,10000,0                       
TEL,18341,S5,3591,1075,2944,4994,10000,0                       
TEL,18342,S5,3591,1075,2944,4994,10000,0                       
TEL,18343,S5,3591,1075,2944,4994,10000,0                       
TEL,18344,S5,3591,1075,2944,4994,10000,0                       
TEL,18345,S5,3498,1072,2944,4994,10000,0                       
TEL,18346,S5,3560,1074,2944,4994,10000,0                       
TEL,18347,S5,3560,1074,2944,4994,10000,0                       
TEL,18348,S5,3591,1075,2944,4994,10000,0                       
TEL,18349,S5,3560,1074,2944,4994,10000,0                       
TEL,18350,S5,3498,1072,2944,4994,10000,0                       
TEL,18351,S5,3529,1073,2944,4994,10000,0                       
TEL,18352,S5,3560,1074,2944,4994,10000,0                       
TEL,18353,S5,3591,1075,2944,4994,10000,0                       
TEL,18354,S5,3466,1071,2944,4994,10000,0                       
TEL,18355,S5,3622,1076,2944,4994,10000,0                       
TEL,18356,S5,3591,1075,2944,4994,10000,0                       
TEL,18357,S5,3560,1074,2944,4994,10000,0                       
TEL,18358,S5,3560,1074,2944,4994,10000,0                       
TEL,18359,S5,3560,1074,2944,4994,10000,0                       
TEL,18360,S5,3560,1074,2944,4994,10000,0                       
TEL,18361,S5,3560,1074,2944,4994,10000,0                       
TEL,18362,S5,3591,1075,2944,4994,10000,0                       
TEL,18363,S5,3560,1074,2944,4994,10000,0                       
TEL,18364,S5,3529,1073,2944,4994,10000,0                       
TEL,18365,S5,3560,1074,2944,4994,10000,0                       
TEL,18366,S5,3591,1075,2944,4994,10000,0                       
TEL,18367,S5,3591,1075,2944,4994,10000,0                       
TEL,18368,S5,3529,1073,2944,4994,10000,0                       
TEL,18369,S5,3529,1073,2944,4994,10000,0                       
TEL,18370,S5,3560,1074,2944,4994,10000,0                       
TEL,18371,S5,3591,1075,2944,4994,10000,0                       
TEL,18372,S5,3529,1073,2944,4994,10000,0                       
TEL,18373,S5,3591,1075,2944,4994,10000,0                       
TEL,18374,S5,3529,1073,2944,4994,10000,0                       
TEL,18375,S5,3560,1074,2944,4994,10000,0                       
TEL,18376,S5,3622,1077,2944,4994,10000,0                       
TEL,18377,S5,3529,1073,2944,4994,10000,0                       
TEL,18378,S5,3560,1074,2944,4994,10000,0                       
TEL,18379,S5,3560,1074,2944,4994,10000,0                       
TEL,18380,S5,3591,1075,2944,4994,10000,0                       
TEL,18381,S5,3560,1074,2944,4994,10000,0                       
TEL,18382,S5,3560,1074,2944,4994,10000,0                       
TEL,18383,S5,3560,1074,2944,4994,10000,0                       
TEL,18384,S5,3591,1075,2944,4994,10000,0                       
TEL,18385,S5,3591,1075,2944,4994,10000,0                       
TEL,18386,S5,3529,1073,2944,4994,10000,0                       
TEL,18387,S5,3591,1075,2944,4994,10000,0                       
TEL,18388,S5,3560,1074,2944,4994,10000,0                       
TEL,18389,S5,3560,1074,2944,4994,10000,0                       
TEL,18390,S5,3560,1074,2944,4994,10000,0                       
TEL,18391,S5,3529,1073,2944,4994,10000,0                       
TEL,18392,S5,3529,1073,2944,4994,10000,0                       
TEL,18393,S5,3560,1074,2944,4994,10000,0                       
TEL,18394,S5,3560,1074,2944,4994,10000,0                       
TEL,18395,S5,3560,1074,2944,4994,10000,0                       
TEL,18396,S5,3560,1074,2944,4994,10000,0                       
TEL,18397,S5,3591,1075,2944,4994,10000,0                       
TEL,18398,S5,3560,1074,2944,4994,10000,0                       
TEL,18399,S5,3498,1072,2944,4994,10000,0                       
TEL,18400,S5,3466,1071,2944,4994,10000,0                       
TEL,18401,S5,3560,1074,2944,4994,10000,0                       
TEL,18402,S5,3560,1074,2944,4994,10000,0                       
TEL,18403,S5,3622,1076,2944,4994,10000,0                       
TEL,18404,S5,3498,1072,2944,4994,10000,0                       
TEL,18405,S5,3560,1074,2944,4994,10000,0                       
TEL,18406,S5,3529,1073,2944,4994,10000,0                       
TEL,18407,S5,3622,1077,2944,4994,10000,0                       
TEL,18408,S5,3529,1073,2944,4994,10000,0                       
TEL,18409,S5,3591,1075,2944,4994,10000,0                       
TEL,18410,S5,3529,1073,2944,4994,10000,0                       
TEL,18411,S5,3560,1074,2944,4994,10000,0                       
TEL,18412,S5,3560,1074,2944,4994,10000,0                       
TEL,18413,S5,3498,1072,2944,4994,10000,0                       
TEL,18414,S5,3560,1074,2944,4994,10000,0                       
TEL,18415,S5,3498,1072,2944,4994,10000,0                       
TEL,18416,S5,3529,1073,2944,4994,10000,0                       
TEL,18417,S5,3529,1073,2944,4994,10000,0                       
TEL,18418,S5,3591,1075,2944,4994,10000,0                       
TEL,18419,S5,3560,1074,2944,4994,10000,0                       
TEL,18420,S5,3653,1078,2944,4994,10000,0                       
TEL,18421,S5,3591,1075,2944,4994,10000,0                       
TEL,18422,S5,3591,1075,2944,4994,10000,0                       
TEL,18423,S5,3560,1074,2944,4994,10000,0                       
TEL,18424,S5,3591,1075,2944,4994,10000,0                       
TEL,18425,S5,3560,1074,2944,4994,10000,0                       
TEL,18426,S5,3498,1072,2944,4994,10000,0                       
TEL,18427,S5,3560,1074,2944,4994,10000,0                       
TEL,18428,S5,3560,1074,2944,4994,10000,0                       
TEL,18429,S5,3498,1072,2944,4994,10000,0                       
TEL,18430,S5,3560,1074,2944,4994,10000,0                       
TEL,18431,S5,3591,1075,2944,4994,10000,0                       
TEL,18432,S5,3591,1075,2944,4994,10000,0                       
TEL,18433,S5,3653,1078,2944,4994,10000,0                       
TEL,18434,S5,3529,1073,2944,4994,10000,0                       
TEL,18435,S5,3591,1075,2944,4994,10000,0                       
TEL,18436,S5,3498,1072,2944,4994,10000,0                       
TEL,18437,S5,3498,1072,2944,4994,10000,0                       
TEL,18438,S5,3529,1073,2944,4994,10000,0                       
TEL,18439,S5,3560,1074,2944,4994,10000,0                       
BTN,134,S5,PRESSED,18440,385912259,385912276,385912278         
TEL,18441,S5,3560,1074,2944,5060,10003,0                       
TEL,18442,S5,3498,1072,2944,4994,9997,0                        
TEL,18443,S5,3560,1074,2944,4994,10000,0                       
TEL,18444,S5,3498,1072,2944,4994,10000,0                       
TEL,18445,S5,3529,1073,2944,4994,10000,0                       
TEL,18446,S5,3498,1072,2944,4994,10000,0                       
TEL,18447,S5,3560,1074,2944,4994,10000,0                       
TEL,18448,S5,3622,1077,2944,4994,10000,0                       
TEL,18449,S5,3498,1072,2944,4994,10000,0                       
TEL,18450,S5,3560,1074,2944,4994,10000,0                       
TEL,18451,S5,3498,1072,2944,4994,10000,0                       
TEL,18452,S5,3653,1078,2944,4994,10000,0                       
TEL,18453,S5,3591,1075,2944,4994,10000,0                       
TEL,18454,S5,3529,1073,2944,5024,10000,0                       
TEL,18455,S5,3622,1076,2944,4994,10000,0                       
TEL,18456,S5,3560,1074,2944,4994,10000,0                       
TEL,18457,S5,3560,1074,2944,4994,10000,0                       
TEL,18458,S5,3560,1074,2944,4994,10000,0                       
TEL,18459,S5,3466,1071,2944,4994,10000,0                       
TEL,18460,S5,3529,1073,2944,4994,10000,0                       
TEL,18461,S5,3591,1075,2944,4994,10000,0                       
TEL,18462,S5,3560,1074,2944,4994,10000,0                       
TEL,18463,S5,3342,1067,2944,4994,10000,0                       
TEL,18464,S5,3560,1074,2944,4994,10000,0                       
TEL,18465,S5,3529,1073,2944,4994,10000,0                       
TEL,18466,S5,3591,1075,2944,4994,10000,0                       
TEL,18467,S5,3498,1072,2944,4994,10000,0                       
TEL,18468,S5,3591,1075,2944,4994,10000,0                       
TEL,18469,S5,3529,1073,2944,4994,10000,0                       
TEL,18470,S5,3529,1073,2944,4994,10000,0                       
TEL,18471,S5,3560,1074,2944,4994,10000,0                       
TEL,18472,S5,3560,1074,2944,4994,10000,0                       
TEL,18473,S5,3529,1073,2944,4994,10000,0                       
TEL,18474,S5,3591,1075,2944,4994,10000,0                       
TEL,18475,S5,3560,1074,2944,4994,10000,0                       
TEL,18476,S5,3498,1072,2944,4994,10000,0                       
TEL,18477,S5,3591,1075,2944,4994,10000,0                       
TEL,18478,S5,3498,1072,2944,4994,10000,0                       
TEL,18479,S5,3560,1074,2944,4994,10000,0                       
TEL,18480,S5,3498,1072,2944,4994,10000,0                       
TEL,18481,S5,3560,1074,2944,4994,10000,0                       
TEL,18482,S5,3591,1075,2944,4994,10000,0                       
TEL,18483,S5,3560,1074,2944,4994,10000,0                       
TEL,18484,S5,3622,1076,2944,4994,10000,0                       
TEL,18485,S5,3560,1074,2944,4994,10000,0                       
TEL,18486,S5,3498,1072,2944,4994,10000,0                       
TEL,18487,S5,3591,1075,2944,4994,10000,0                       
TEL,18488,S5,3529,1073,2944,4994,10000,0                       
TEL,18489,S5,3560,1074,2944,4994,10000,0                       
TEL,18490,S5,3591,1075,2944,4994,10000,0                       
TEL,18491,S5,3404,1069,2944,4994,10000,0                       
TEL,18492,S5,3591,1075,2944,4994,10000,0                       
TEL,18493,S5,3498,1072,2944,4994,10000,0                       
TEL,18494,S5,3404,1069,2944,4994,10000,0                       
TEL,18495,S5,3498,1072,2944,4994,10000,0                       
TEL,18496,S5,3498,1072,2944,4994,10000,0                       
TEL,18497,S5,3591,1075,2944,4994,10000,0                       
TEL,18498,S5,3560,1074,2944,4994,10000,0                       
TEL,18499,S5,3498,1072,2944,4994,10000,0                       
TEL,18500,S5,3622,1076,2944,4994,10000,0                       
TEL,18501,S5,3560,1074,2944,4994,10000,0                       
TEL,18502,S5,3498,1072,2944,4994,10000,0                       
TEL,18503,S5,3591,1075,2944,4994,10000,0                       
TEL,18504,S5,3529,1073,2944,4994,10000,0                       
TEL,18505,S5,3560,1074,2944,4994,10000,0                       
TEL,18506,S5,3560,1074,2944,4994,10000,0                       
TEL,18507,S5,3591,1075,2944,4994,10000,0                       
TEL,18508,S5,3529,1073,2944,4994,10000,0                       
TEL,18509,S5,3560,1074,2944,4994,10000,0                       
TEL,18510,S5,3591,1075,2944,4994,10000,0                       
TEL,18511,S5,3466,1071,2944,4994,10000,0                       
TEL,18512,S5,3560,1074,2944,4994,10000,0                       
TEL,18513,S5,3560,1074,2944,4994,10000,0                       
TEL,18514,S5,3560,1074,2944,4994,10000,0                       
TEL,18515,S5,3498,1072,2944,4994,10000,0                       
TEL,18516,S5,3591,1075,2944,4994,10000,0                       
TEL,18517,S5,3560,1074,2944,4994,10000,0                       
TEL,18518,S5,3560,1074,2944,4994,10000,0                       
TEL,18519,S5,3560,1074,2944,4994,10000,0                       
TEL,18520,S5,3498,1072,2944,4994,10000,0                       
TEL,18521,S5,3529,1073,2944,4994,10000,0                       
TEL,18522,S5,3560,1074,2944,4994,10000,0                       
TEL,18523,S5,3560,1074,2944,4994,10000,0                       
TEL,18524,S5,3498,1072,2944,4994,10000,0                       
TEL,18525,S5,3560,1074,2944,4994,10000,0                       
TEL,18526,S5,3498,1072,2944,4994,10000,0                       
TEL,18527,S5,3560,1074,2944,4994,10000,0                       
TEL,18528,S5,3560,1074,2944,4994,10000,0                       
TEL,18529,S5,3560,1074,2944,4994,10000,0                       
TEL,18530,S5,3591,1075,2944,4994,10000,0                       
TEL,18531,S5,3529,1073,2944,4994,10000,0                       
TEL,18532,S5,3622,1077,2944,4994,10000,0                       
TEL,18533,S5,3529,1073,2944,4994,10000,0                       
TEL,18534,S5,3529,1073,2944,4994,10000,0                       
TEL,18535,S5,3498,1072,2944,4994,10000,0                       
TEL,18536,S5,3498,1072,2944,4994,10000,0                       
TEL,18537,S5,3560,1074,2944,4994,10000,0                       
TEL,18538,S5,3653,1078,2944,4994,10000,0                       
TEL,18539,S5,3529,1073,2944,4994,10000,0                       
TEL,18540,S5,3498,1072,2944,4994,10000,0                       
TEL,18541,S5,3498,1072,2944,4994,10000,0                       
TEL,18542,S5,3560,1074,2944,4994,10000,0                       
TEL,18543,S5,3529,1073,2944,4994,10000,0                       
TEL,18544,S5,3560,1074,2944,4994,10000,0                       
TEL,18545,S5,3560,1074,2944,4994,10000,0                       
TEL,18546,S5,3529,1073,2944,4994,10000,0                       
TEL,18547,S5,3560,1074,2944,4994,10000,0                       
TEL,18548,S5,3560,1074,2944,4994,10000,0                       
TEL,18549,S5,3404,1069,2944,4994,10000,0                       
TEL,18550,S5,3529,1073,2944,4994,10000,0                       
TEL,18551,S5,3529,1073,2944,4994,10000,0                       
TEL,18552,S5,3560,1074,2944,4994,10000,0                       
TEL,18553,S5,3560,1074,2944,4994,10000,0                       
TEL,18554,S5,3591,1075,2944,4994,10000,0                       
TEL,18555,S5,3529,1073,2944,4994,10000,0                       
TEL,18556,S5,3560,1074,2944,4994,10000,0                       
TEL,18557,S5,3529,1073,2944,4994,10000,0                       
TEL,18558,S5,3560,1074,2944,4994,10000,0                       
TEL,18559,S5,3498,1072,2944,4994,10000,0                       
TEL,18560,S5,3560,1074,2944,4994,10000,0                       
TEL,18561,S5,3529,1073,2944,4994,10000,0                       
TEL,18562,S5,3529,1073,2944,4994,10000,0                       
TEL,18563,S5,3498,1072,2944,4994,10000,0                       
TEL,18564,S5,3622,1076,2944,4994,10000,0                       
TEL,18565,S5,3498,1072,2944,4994,10000,0                       
TEL,18566,S5,3498,1072,2944,4994,10000,0                       
TEL,18567,S5,3591,1075,2944,4994,10000,0                       
TEL,18568,S5,3498,1072,2944,4994,10000,0                       
TEL,18569,S5,3498,1072,2944,4994,10000,0                       
TEL,18570,S5,3560,1074,2944,4994,10000,0                       
TEL,18571,S5,3560,1074,2944,4994,10000,0                       
TEL,18572,S5,3560,1074,2944,4994,10000,0                       
TEL,18573,S5,3560,1074,2944,4994,10000,0                       
TEL,18574,S5,3560,1074,2944,4994,10000,0                       
TEL,18575,S5,3560,1074,2944,4994,10000,0                       
TEL,18576,S5,3591,1075,2944,4994,10000,0                       
TEL,18577,S5,3498,1072,2944,4994,10000,0                       
TEL,18578,S5,3498,1072,2944,4994,10000,0                       
TEL,18579,S5,3529,1073,2944,4994,10000,0                       
TEL,18580,S5,3591,1075,2944,4994,10000,0                       
TEL,18581,S5,3560,1074,2944,4994,10000,0                       
TEL,18582,S5,3498,1072,2944,4994,10000,0                       
TEL,18583,S5,3529,1073,2944,4994,10000,0                       
TEL,18584,S5,3560,1074,2944,4994,10000,0                       
TEL,18585,S5,3435,1070,2944,4994,10000,0                       
TEL,18586,S5,3560,1074,2944,4994,10000,0                       
TEL,18587,S5,3560,1074,2944,4994,10000,0                       
TEL,18588,S5,3560,1074,2944,4994,10000,0                       
TEL,18589,S5,3560,1074,2944,4994,10000,0                       
TEL,18590,S5,3529,1073,2944,4994,10000,0                       
TEL,18591,S5,3498,1072,2944,4994,10000,0                       
TEL,18592,S5,3498,1072,2944,4994,10000,0                       
TEL,18593,S5,3591,1075,2944,4994,10000,0                       
TEL,18594,S5,3529,1073,2944,4994,10000,0                       
TEL,18595,S5,3498,1072,2944,4994,10000,0                       
TEL,18596,S5,3560,1074,2944,4994,10000,0                       
TEL,18597,S5,3529,1073,2944,4994,10000,0                       
TEL,18598,S5,3560,1074,2944,4994,10000,0                       
TEL,18599,S5,3560,1074,2944,4994,10000,0                       
BTN,135,S5,PRESSED,18600,387502189,387502207,387502208         
TEL,18601,S5,3529,1073,2944,5057,10000,0                       
TEL,18602,S5,3529,1073,2944,4994,10000,0                       
TEL,18603,S5,3560,1074,2944,4994,10000,0                       
TEL,18604,S5,3560,1074,2944,4994,10000,0                       
TEL,18605,S5,3498,1072,2944,4994,10000,0                       
TEL,18606,S5,3560,1074,2944,4994,10000,0                       
TEL,18607,S5,3560,1074,2944,4994,10000,0                       
TEL,18608,S5,3529,1073,2944,4994,10000,0                       
TEL,18609,S5,3498,1072,2944,4994,10000,0                       
TEL,18610,S5,3560,1074,2944,4994,10000,0                       
TEL,18611,S5,3591,1075,2944,4994,10000,0                       
TEL,18612,S5,3560,1074,2944,4994,10000,0                       
TEL,18613,S5,3591,1075,2944,4994,10000,0                       
TEL,18614,S5,3591,1075,2944,4994,10000,0                       
TEL,18615,S5,3560,1074,2944,4997,10000,0                       
TEL,18616,S5,3560,1074,2944,4994,10000,0                       
TEL,18617,S5,3560,1074,2944,4994,10000,0                       
TEL,18618,S5,3591,1075,2944,4994,10000,0                       
TEL,18619,S5,3591,1075,2944,4994,10000,0                       
TEL,18620,S5,3498,1072,2944,4994,10000,0                       
TEL,18621,S5,3591,1075,2944,4994,10000,0                       
TEL,18622,S5,3498,1072,2944,4994,10000,0                       
TEL,18623,S5,3560,1074,2944,4994,10000,0                       
TEL,18624,S5,3529,1073,2944,4994,10000,0                       
TEL,18625,S5,3560,1074,2944,4994,10000,0                       
TEL,18626,S5,3591,1075,2944,4994,10000,0                       
TEL,18627,S5,3591,1075,2944,4994,10000,0                       
TEL,18628,S5,3529,1073,2944,4994,10000,0                       
TEL,18629,S5,3560,1074,2944,4994,10000,0                       
TEL,18630,S5,3591,1075,2944,4994,10000,0                       
TEL,18631,S5,3560,1074,2944,4994,10000,0                       
TEL,18632,S5,3560,1074,2944,4994,10000,0                       
TEL,18633,S5,3560,1074,2944,4994,10000,0                       
TEL,18634,S5,3560,1074,2944,4994,10000,0                       
TEL,18635,S5,3560,1074,2944,4994,10000,0                       
TEL,18636,S5,3591,1075,2944,4994,10000,0                       
TEL,18637,S5,3435,1070,2944,4994,10000,0                       
TEL,18638,S5,3529,1073,2944,4994,10000,0                       
TEL,18639,S5,3498,1072,2944,4994,10000,0                       
TEL,18640,S5,3560,1074,2944,4994,10000,0                       
TEL,18641,S5,3560,1074,2944,4994,10000,0                       
TEL,18642,S5,3560,1074,2944,4994,10000,0                       
TEL,18643,S5,3498,1072,2944,4994,10000,0                       
TEL,18644,S5,3560,1074,2944,4994,10000,0                       
TEL,18645,S5,3622,1076,2944,4994,10000,0                       
TEL,18646,S5,3560,1074,2944,4994,10000,0                       
TEL,18647,S5,3529,1073,2944,4994,10000,0                       
TEL,18648,S5,3529,1073,2944,4994,10000,0                       
TEL,18649,S5,3560,1074,2944,4994,10000,0                       
TEL,18650,S5,3560,1074,2944,4994,10000,0                       
TEL,18651,S5,3560,1074,2944,4994,10000,0                       
TEL,18652,S5,3529,1073,2944,4994,10000,0                       
TEL,18653,S5,3529,1073,2944,4994,10000,0                       
TEL,18654,S5,3591,1075,2944,4994,10000,0                       
TEL,18655,S5,3498,1072,2944,4994,10000,0                       
TEL,18656,S5,3529,1073,2944,4994,10000,0                       
TEL,18657,S5,3591,1075,2944,4994,10000,0                       
TEL,18658,S5,3529,1073,2944,4994,10000,0                       
TEL,18659,S5,3529,1073,2944,4994,10000,0                       
TEL,18660,S5,3498,1072,2944,4994,10000,0                       
TEL,18661,S5,3622,1076,2944,4994,10000,0                       
TEL,18662,S5,3591,1075,2944,4994,10000,0                       
TEL,18663,S5,3622,1077,2944,4994,10000,0                       
TEL,18664,S5,3529,1073,2944,4994,10000,0                       
TEL,18665,S5,3560,1074,2944,4994,10000,0                       
TEL,18666,S5,3529,1073,2944,4994,10000,0                       
TEL,18667,S5,3529,1073,2944,4994,10000,0                       
TEL,18668,S5,3560,1074,2944,4994,10000,0                       
TEL,18669,S5,3560,1074,2944,4994,10000,0                       
TEL,18670,S5,3560,1074,2944,4994,10000,0                       
TEL,18671,S5,3560,1074,2944,4994,10000,0                       
TEL,18672,S5,3529,1073,2944,4994,10000,0                       
TEL,18673,S5,3529,1073,2944,4994,10000,0                       
TEL,18674,S5,3591,1075,2944,4994,10000,0                       
TEL,18675,S5,3591,1075,2944,4994,10000,0                       
TEL,18676,S5,3560,1074,2944,4994,10000,0                       
TEL,18677,S5,3622,1076,2944,4994,10000,0                       
TEL,18678,S5,3560,1074,2944,4994,10000,0                       
TEL,18679,S5,3560,1074,2944,4994,10000,0                       
TEL,18680,S5,3591,1075,2944,4994,10000,0                       
TEL,18681,S5,3591,1075,2944,4994,10000,0                       
TEL,18682,S5,3591,1075,2944,4994,10000,0                       
TEL,18683,S5,3560,1074,2944,4994,10000,0                       
TEL,18684,S5,3529,1073,2944,4994,10000,0                       
TEL,18685,S5,3622,1076,2944,4994,10000,0                       
TEL,18686,S5,3498,1072,2944,4994,10000,0                       
TEL,18687,S5,3560,1074,2944,4994,10000,0                       
TEL,18688,S5,3560,1074,2944,4994,10000,0                       
TEL,18689,S5,3653,1078,2944,4994,10000,0                       
TEL,18690,S5,3560,1074,2944,4994,10000,0                       
TEL,18691,S5,3591,1075,2944,4994,10000,0                       
TEL,18692,S5,3560,1074,2944,4994,10000,0                       
TEL,18693,S5,3622,1076,2944,4994,10000,0                       
TEL,18694,S5,3560,1074,2944,4994,10000,0                       
TEL,18695,S5,3560,1074,2944,4994,10000,0                       
TEL,18696,S5,3560,1074,2944,4994,10000,0                       
TEL,18697,S5,3560,1074,2944,4994,10000,0                       
TEL,18698,S5,3560,1074,2944,4994,10000,0                       
TEL,18699,S5,3591,1075,2944,4994,10000,0                       
TEL,18700,S5,3560,1074,2944,4994,10000,0                       
TEL,18701,S5,3560,1074,2944,4994,10000,0                       
TEL,18702,S5,3435,1070,2944,4994,10000,0                       
TEL,18703,S5,3591,1075,2944,4994,10000,0                       
TEL,18704,S5,3560,1074,2944,4994,10000,0                       
TEL,18705,S5,3560,1074,2944,4994,10000,0                       
TEL,18706,S5,3560,1074,2944,4994,10000,0                       
TEL,18707,S5,3529,1073,2944,4994,10000,0                       
TEL,18708,S5,3529,1073,2944,4994,10000,0                       
TEL,18709,S5,3622,1076,2944,4994,10000,0                       
TEL,18710,S5,3498,1072,2944,4994,10000,0                       
TEL,18711,S5,3529,1073,2944,4994,10000,0                       
TEL,18712,S5,3560,1074,2944,4994,10000,0                       
TEL,18713,S5,3560,1074,2944,4994,10000,0                       
TEL,18714,S5,3529,1073,2944,4994,10000,0                       
TEL,18715,S5,3591,1075,2944,4994,10000,0                       
TEL,18716,S5,3560,1074,2944,4994,10000,0                       
TEL,18717,S5,3404,1069,2944,4994,10000,0                       
TEL,18718,S5,3498,1072,2944,4994,10000,0                       
TEL,18719,S5,3529,1073,2944,4994,10000,0                       
TEL,18720,S5,3529,1073,2944,4994,10000,0                       
TEL,18721,S5,3498,1072,2944,4994,10000,0                       
TEL,18722,S5,3560,1074,2944,4994,10000,0                       
TEL,18723,S5,3591,1075,2944,4994,10000,0                       
TEL,18724,S5,3498,1072,2944,4994,10000,0                       
TEL,18725,S5,3591,1075,2944,4994,10000,0                       
TEL,18726,S5,3498,1072,2944,4994,10000,0                       
TEL,18727,S5,3560,1074,2944,4994,10000,0                       
TEL,18728,S5,3560,1074,2944,4994,10000,0                       
TEL,18729,S5,3560,1074,2944,4994,10000,0                       
TEL,18730,S5,3622,1077,2944,4994,10000,0                       
TEL,18731,S5,3529,1073,2944,4994,10000,0                       
TEL,18732,S5,3560,1074,2944,4994,10000,0                       
TEL,18733,S5,3498,1072,2944,4994,10000,0                       
TEL,18734,S5,3560,1074,2944,4994,10000,0                       
TEL,18735,S5,3591,1075,2944,4994,10000,0                       
TEL,18736,S5,3529,1073,2944,4994,10000,0                       
TEL,18737,S5,3498,1072,2944,4994,10000,0                       
TEL,18738,S5,3560,1074,2944,4994,10000,0                       
TEL,18739,S5,3591,1075,2944,4994,10000,0                       
TEL,18740,S5,3560,1074,2944,4994,10000,0                       
TEL,18741,S5,3560,1074,2944,4994,10000,0                       
TEL,18742,S5,3435,1070,2944,4994,10000,0                       
TEL,18743,S5,3653,1078,2944,4994,10000,0                       
TEL,18744,S5,3498,1072,2944,4994,10000,0                       
TEL,18745,S5,3435,1070,2944,4994,10000,0                       
TEL,18746,S5,3622,1077,2944,4994,10000,0                       
TEL,18747,S5,3560,1074,2944,4994,10000,0                       
TEL,18748,S5,3591,1075,2944,4994,10000,0                       
TEL,18749,S5,3560,1074,2944,4994,10000,0                       
TEL,18750,S5,3591,1075,2944,4994,10000,0                       
TEL,18751,S5,3560,1074,2944,4994,10000,0                       
TEL,18752,S5,3498,1072,2944,4994,10000,0                       
TEL,18753,S5,3560,1074,2944,4994,10000,0                       
TEL,18754,S5,3591,1075,2944,4994,10000,0                       
TEL,18755,S5,3529,1073,2944,4994,10000,0                       
TEL,18756,S5,3498,1072,2944,4994,10000,0                       
TEL,18757,S5,3591,1075,2944,4994,10000,0                       
TEL,18758,S5,3560,1074,2944,4994,10000,0                       
TEL,18759,S5,3560,1074,2944,4994,10000,0                       
BTN,136,S5,PRESSED,18760,389092725,389092742,389092744         
TEL,18761,S5,3529,1073,2944,5090,10002,0                       
TEL,18762,S5,3591,1075,2944,4994,9998,0                        
TEL,18763,S5,3498,1072,2944,4994,10000,0                       
TEL,18764,S5,3498,1072,2944,4994,10000,0                       
TEL,18765,S5,3560,1074,2944,4994,10000,0                       
TEL,18766,S5,3560,1074,2944,4994,10000,0                       
TEL,18767,S5,3529,1073,2944,4994,10000,0                       
TEL,18768,S5,3498,1072,2944,4994,10000,0                       
TEL,18769,S5,3529,1073,2944,4994,10000,0                       
TEL,18770,S5,3529,1073,2944,4994,10000,0                       
TEL,18771,S5,3529,1073,2944,4994,10000,0                       
TEL,18772,S5,3466,1071,2944,4994,10000,0                       
TEL,18773,S5,3529,1073,2944,4994,10000,0                       
TEL,18774,S5,3622,1076,2944,4994,10000,0                       
TEL,18775,S5,3591,1075,2944,4994,10000,0                       
TEL,18776,S5,3498,1072,2944,4994,10000,0                       
TEL,18777,S5,3529,1073,2944,4994,10000,0                       
TEL,18778,S5,3591,1075,2944,4994,10000,0                       
TEL,18779,S5,3560,1074,2944,4994,10000,0                       
TEL,18780,S5,3560,1074,2944,4994,10000,0                       
TEL,18781,S5,3498,1072,2944,4994,10000,0                       
TEL,18782,S5,3529,1073,2944,4994,10000,0                       
TEL,18783,S5,3560,1074,2944,4994,10000,0                       
TEL,18784,S5,3560,1074,2944,4994,10000,0                       
TEL,18785,S5,3560,1074,2944,4994,10000,0                       
TEL,18786,S5,3560,1074,2944,4994,10000,0                       
TEL,18787,S5,3498,1072,2944,4994,10000,0                       
TEL,18788,S5,3498,1072,2944,4994,10000,0                       
TEL,18789,S5,3466,1071,2944,4994,10000,0                       
TEL,18790,S5,3622,1076,2944,4994,10000,0                       
TEL,18791,S5,3560,1074,2944,4994,10000,0                       
TEL,18792,S5,3498,1072,2944,4994,10000,0                       
TEL,18793,S5,3498,1072,2944,4994,10000,0                       
TEL,18794,S5,3560,1074,2944,4994,10000,0                       
TEL,18795,S5,3529,1073,2944,4994,10000,0                       
TEL,18796,S5,3560,1074,2944,4994,10000,0                       
TEL,18797,S5,3560,1074,2944,4994,10000,0                       
TEL,18798,S5,3591,1075,2944,4994,10000,0                       
TEL,18799,S5,3560,1074,2944,4994,10000,0                       
TEL,18800,S5,3498,1072,2944,4994,10000,0                       
TEL,18801,S5,3591,1075,2944,4994,10000,0                       
TEL,18802,S5,3591,1075,2944,4994,10000,0                       
TEL,18803,S5,3622,1076,2944,4994,10000,0                       
TEL,18804,S5,3560,1074,2944,4994,10000,0                       
TEL,18805,S5,3498,1072,2944,4994,10000,0                       
TEL,18806,S5,3560,1074,2944,4994,10000,0                       
TEL,18807,S5,3560,1074,2944,4994,10000,0                       
TEL,18808,S5,3560,1074,2944,4994,10000,0                       
TEL,18809,S5,3498,1072,2944,4994,10000,0                       
TEL,18810,S5,3560,1074,2944,4994,10000,0                       
TEL,18811,S5,3560,1074,2944,4994,10000,0                       
TEL,18812,S5,3560,1074,2944,4994,10000,0                       
TEL,18813,S5,3591,1075,2944,4994,10000,0                       
TEL,18814,S5,3591,1075,2944,4994,10000,0                       
TEL,18815,S5,3591,1075,2944,4994,10000,0                       
TEL,18816,S5,3529,1073,2944,4994,10000,0                       
TEL,18817,S5,3529,1073,2944,4994,10000,0                       
TEL,18818,S5,3498,1072,2944,4994,10000,0                       
TEL,18819,S5,3498,1072,2944,4994,10000,0                       
TEL,18820,S5,3529,1073,2944,4994,10000,0                       
TEL,18821,S5,3560,1074,2944,4994,10000,0                       
TEL,18822,S5,3560,1074,2944,4994,10000,0                       
TEL,18823,S5,3560,1074,2944,4994,10000,0                       
TEL,18824,S5,3529,1073,2944,4994,10000,0                       
TEL,18825,S5,3498,1072,2944,4994,10000,0                       
TEL,18826,S5,3591,1075,2944,4994,10000,0                       
TEL,18827,S5,3529,1073,2944,4994,10000,0                       
TEL,18828,S5,3529,1073,2944,4994,10000,0                       
TEL,18829,S5,3560,1074,2944,4994,10000,0                       
TEL,18830,S5,3591,1075,2944,4994,10000,0                       
TEL,18831,S5,3529,1073,2944,4994,10000,0                       
TEL,18832,S5,3498,1072,2944,4994,10000,0                       
TEL,18833,S5,3560,1074,2944,4994,10000,0                       
TEL,18834,S5,3529,1073,2944,4994,10000,0                       
TEL,18835,S5,3560,1074,2944,4994,10000,0                       
TEL,18836,S5,3529,1073,2944,4994,10000,0                       
TEL,18837,S5,3560,1074,2944,4994,10000,0                       
TEL,18838,S5,3560,1074,2944,4994,10000,0                       
TEL,18839,S5,3498,1072,2944,4994,10000,0                       
TEL,18840,S5,3498,1072,2944,4994,10000,0                       
TEL,18841,S5,3560,1074,2944,4994,10000,0                       
TEL,18842,S5,3404,1069,2944,4994,10000,0                       
TEL,18843,S5,3498,1072,2944,4994,10000,0                       
TEL,18844,S5,3498,1072,2944,4994,10000,0                       
TEL,18845,S5,3498,1072,2944,4994,10000,0                       
TEL,18846,S5,3498,1072,2944,4994,10000,0                       
TEL,18847,S5,3529,1073,2944,4994,10000,0                       
TEL,18848,S5,3529,1073,2944,4994,10000,0                       
TEL,18849,S5,3560,1074,2944,4994,10000,0                       
TEL,18850,S5,3529,1073,2944,4994,10000,0                       
TEL,18851,S5,3591,1075,2944,4994,10000,0                       
TEL,18852,S5,3529,1073,2944,4994,10000,0                       
TEL,18853,S5,3498,1072,2944,4994,10000,0                       
TEL,18854,S5,3622,1076,2944,4994,10000,0                       
TEL,18855,S5,3591,1075,2944,4994,10000,0                       
TEL,18856,S5,3529,1073,2944,4994,10000,0                       
TEL,18857,S5,3529,1073,2944,4994,10000,0                       
TEL,18858,S5,3498,1072,2944,4994,10000,0                       
TEL,18859,S5,3560,1074,2944,4994,10000,0                       
TEL,18860,S5,3560,1074,2944,4994,10000,0                       
TEL,18861,S5,3560,1074,2944,4994,10000,0                       
TEL,18862,S5,3498,1072,2944,4994,10000,0                       
TEL,18863,S5,3560,1074,2944,4994,10000,0                       
TEL,18864,S5,3591,1075,2944,4994,10000,0                       
TEL,18865,S5,3529,1073,2944,4994,10000,0                       
TEL,18866,S5,3591,1075,2944,4994,10000,0                       
TEL,18867,S5,3560,1074,2944,4994,10000,0                       
TEL,18868,S5,3529,1073,2944,4994,10000,0                       
TEL,18869,S5,3560,1074,2944,4994,10000,0                       
TEL,18870,S5,3715,1080,2944,4994,10000,0                       
TEL,18871,S5,3529,1073,2944,4994,10000,0                       
TEL,18872,S5,3529,1073,2944,4994,10000,0                       
TEL,18873,S5,3560,1074,2944,4994,10000,0                       
TEL,18874,S5,3498,1072,2944,4994,10000,0                       
TEL,18875,S5,3560,1074,2944,4994,10000,0                       
TEL,18876,S5,3560,1074,2944,4994,10000,0                       
TEL,18877,S5,3498,1072,2944,4994,10000,0                       
TEL,18878,S5,3498,1072,2944,4994,10000,0                       
TEL,18879,S5,3529,1073,2944,4994,10000,0                       
TEL,18880,S5,3498,1072,2944,4994,10000,0                       
TEL,18881,S5,3560,1074,2944,4994,10000,0                       
TEL,18882,S5,3498,1072,2944,4994,10000,0                       
TEL,18883,S5,3498,1072,2944,4994,10000,0                       
TEL,18884,S5,3560,1074,2944,4994,10000,0                       
TEL,18885,S5,3498,1072,2944,4994,10000,0                       
TEL,18886,S5,3529,1073,2944,4994,10000,0                       
TEL,18887,S5,3560,1074,2944,4994,10000,0                       
TEL,18888,S5,3529,1073,2944,4994,10000,0                       
TEL,18889,S5,3498,1072,2944,4994,10000,0                       
TEL,18890,S5,3498,1072,2944,4994,10000,0                       
TEL,18891,S5,3560,1074,2944,4994,10000,0                       
TEL,18892,S5,3498,1072,2944,4994,10000,0                       
TEL,18893,S5,3529,1073,2944,4994,10000,0                       
TEL,18894,S5,3498,1072,2944,4994,10000,0                       
TEL,18895,S5,3560,1074,2944,4994,10000,0                       
TEL,18896,S5,3466,1071,2944,4994,10000,0                       
TEL,18897,S5,3622,1076,2944,4994,10000,0                       
TEL,18898,S5,3498,1072,2944,4994,10000,0                       
TEL,18899,S5,3529,1073,2944,4994,10000,0                       
TEL,18900,S5,3529,1073,2944,4994,10000,0                       
TEL,18901,S5,3560,1074,2944,4994,10000,0                       
TEL,18902,S5,3529,1073,2944,4994,10000,0                       
TEL,18903,S5,3560,1074,2944,4994,10000,0                       
TEL,18904,S5,3560,1074,2944,4994,10000,0                       
TEL,18905,S5,3529,1073,2944,4994,10000,0                       
TEL,18906,S5,3529,1073,2944,4994,10000,0                       
TEL,18907,S5,3591,1075,2944,4994,10000,0                       
TEL,18908,S5,3560,1074,2944,4994,10000,0                       
TEL,18909,S5,3498,1072,2944,4994,10000,0                       
TEL,18910,S5,3498,1072,2944,4994,10000,0                       
TEL,18911,S5,3498,1072,2944,4994,10000,0                       
TEL,18912,S5,3591,1075,2944,4994,10000,0                       
TEL,18913,S5,3529,1073,2944,4994,10000,0                       
TEL,18914,S5,3498,1072,2944,4994,10000,0                       
TEL,18915,S5,3498,1072,2944,4994,10000,0                       
BTN,137,S5,PRESSED,18916,390639479,390639497,390639498         
TEL,18917,S5,3498,1072,2944,5044,10000,0                       
TEL,18918,S5,3529,1073,2944,4994,10000,0                       
TEL,18919,S5,3622,1076,2944,4994,10000,0                       
TEL,18920,S5,3529,1073,2944,4994,10000,0                       
TEL,18921,S5,3560,1074,2944,4994,10000,0                       
TEL,18922,S5,3560,1074,2944,4994,10000,0                       
TEL,18923,S5,3653,1078,2944,4994,10000,0                       
TEL,18924,S5,3591,1075,2944,4994,10000,0                       
TEL,18925,S5,3560,1074,2944,4994,10000,0                       
TEL,18926,S5,3498,1072,2944,4994,10000,0                       
TEL,18927,S5,3529,1073,2944,4994,10000,0                       
TEL,18928,S5,3529,1073,2944,4994,10000,0                       
TEL,18929,S5,3498,1072,2944,4994,10000,0                       
TEL,18930,S5,3498,1072,2944,4994,10000,0                       
TEL,18931,S5,3529,1073,2944,4997,10000,0                       
TEL,18932,S5,3560,1074,2944,4994,10000,0                       
TEL,18933,S5,3560,1074,2944,4994,10000,0                       
TEL,18934,S5,3591,1075,2944,4994,10000,0                       
TEL,18935,S5,3622,1076,2944,4994,10000,0                       
TEL,18936,S5,3560,1074,2944,4994,10000,0                       
TEL,18937,S5,3560,1074,2944,4994,10000,0                       
TEL,18938,S5,3498,1072,2944,4994,10000,0                       
TEL,18939,S5,3560,1074,2944,4994,10000,0                       
TEL,18940,S5,3591,1075,2944,4994,10000,0                       
TEL,18941,S5,3560,1074,2944,4994,10000,0                       
TEL,18942,S5,3622,1077,2944,4994,10000,0                       
TEL,18943,S5,3498,1072,2944,4994,10000,0                       
TEL,18944,S5,3529,1073,2944,4994,10000,0                       
TEL,18945,S5,3498,1072,2944,4994,10000,0                       
TEL,18946,S5,3591,1075,2944,4994,10000,0                       
TEL,18947,S5,3498,1072,2944,4994,10000,0                       
TEL,18948,S5,3529,1073,2944,4994,10000,0                       
TEL,18949,S5,3560,1074,2944,4994,10000,0                       
TEL,18950,S5,3560,1074,2944,4994,10000,0                       
TEL,18951,S5,3591,1075,2944,4994,10000,0                       
TEL,18952,S5,3591,1075,2944,4994,10000,0                       
TEL,18953,S5,3591,1075,2944,4994,10000,0                       
TEL,18954,S5,3529,1073,2944,4994,10000,0                       
TEL,18955,S5,3529,1073,2944,4994,10000,0                       
TEL,18956,S5,3591,1075,2944,4994,10000,0                       
TEL,18957,S5,3373,1068,2944,4994,10000,0                       
TEL,18958,S5,3560,1074,2944,4994,10000,0                       
TEL,18959,S5,3591,1075,2944,4994,10000,0                       
TEL,18960,S5,3529,1073,2944,4994,10000,0                       
TEL,18961,S5,3498,1072,2944,4994,10000,0                       
TEL,18962,S5,3529,1073,2944,4994,10000,0                       
TEL,18963,S5,3591,1075,2944,4994,10000,0                       
TEL,18964,S5,3560,1074,2944,4994,10000,0                       
TEL,18965,S5,3653,1078,2944,4994,10000,0                       
TEL,18966,S5,3560,1074,2944,4994,10000,0                       
TEL,18967,S5,3560,1074,2944,4994,10000,0                       
TEL,18968,S5,3529,1073,2944,4994,10000,0                       
TEL,18969,S5,3560,1074,2944,4994,10000,0                       
TEL,18970,S5,3560,1074,2944,4994,10000,0                       
TEL,18971,S5,3498,1072,2944,4994,10000,0                       
TEL,18972,S5,3529,1073,2944,4994,10000,0                       
TEL,18973,S5,3529,1073,2944,4994,10000,0                       
TEL,18974,S5,3591,1075,2944,4994,10000,0                       
TEL,18975,S5,3560,1074,2944,4994,10000,0                       
TEL,18976,S5,3560,1074,2944,4994,10000,0                       
TEL,18977,S5,3591,1075,2944,4994,10000,0                       
TEL,18978,S5,3529,1073,2944,4994,10000,0                       
TEL,18979,S5,3529,1073,2944,4994,10000,0                       
TEL,18980,S5,3560,1074,2944,4994,10000,0                       
TEL,18981,S5,3591,1075,2944,4994,10000,0                       
TEL,18982,S5,3529,1073,2944,4994,10000,0                       
TEL,18983,S5,3591,1075,2944,4994,10000,0                       
TEL,18984,S5,3529,1073,2944,4994,10000,0                       
TEL,18985,S5,3560,1074,2944,4994,10000,0                       
TEL,18986,S5,3591,1075,2944,4994,10000,0                       
TEL,18987,S5,3498,1072,2944,4994,10000,0                       
TEL,18988,S5,3529,1073,2944,4994,10000,0                       
TEL,18989,S5,3684,1079,2944,4994,10000,0                       
TEL,18990,S5,3591,1075,2944,4994,10000,0                       
TEL,18991,S5,3404,1069,2944,4994,10000,0                       
TEL,18992,S5,3560,1074,2944,4994,10000,0                       
TEL,18993,S5,3560,1074,2944,4994,10000,0                       
TEL,18994,S5,3591,1075,2944,4994,10000,0                       
TEL,18995,S5,3560,1074,2944,4994,10000,0                       
TEL,18996,S5,3560,1074,2944,4994,10000,0                       
TEL,18997,S5,3498,1072,2944,4994,10000,0                       
TEL,18998,S5,3591,1075,2944,4994,10000,0                       
TEL,18999,S5,3622,1076,2944,4994,10000,0                       
TEL,19000,S5,3560,1074,2944,4994,10000,0                       
TEL,19001,S5,3591,1075,2944,4994,10000,0                       
TEL,19002,S5,3560,1074,2944,4994,10000,0                       
TEL,19003,S5,3529,1073,2944,4994,10000,0                       
TEL,19004,S5,3591,1075,2944,4994,10000,0                       
TEL,19005,S5,3466,1071,2944,4994,10000,0                       
TEL,19006,S5,3529,1073,2944,4994,10000,0                       
TEL,19007,S5,3560,1074,2944,4994,10000,0                       
TEL,19008,S5,3498,1072,2944,4994,10000,0                       
TEL,19009,S5,3560,1074,2944,4994,10000,0                       
TEL,19010,S5,3560,1074,2944,4994,10000,0                       
TEL,19011,S5,3498,1072,2944,4994,10000,0                       
TEL,19012,S5,3560,1074,2944,4994,10000,0                       
TEL,19013,S5,3560,1074,2944,4994,10000,0                       
TEL,19014,S5,3529,1073,2944,4994,10000,0                       
TEL,19015,S5,3560,1074,2944,4994,10000,0                       
TEL,19016,S5,3591,1075,2944,4994,10000,0                       
TEL,19017,S5,3529,1073,2944,4994,10000,0                       
TEL,19018,S5,3591,1075,2944,4994,10000,0                       
TEL,19019,S5,3498,1072,2944,4994,10000,0                       
TEL,19020,S5,3560,1074,2944,4994,10000,0                       
TEL,19021,S5,3498,1072,2944,4994,10000,0                       
TEL,19022,S5,3560,1074,2944,4994,10000,0                       
TEL,19023,S5,3591,1075,2944,4994,10000,0                       
TEL,19024,S5,3529,1073,2944,4994,10000,0                       
TEL,19025,S5,3560,1074,2944,4994,10000,0                       
TEL,19026,S5,3529,1073,2944,4994,10000,0                       
TEL,19027,S5,3498,1072,2944,4994,10000,0                       
TEL,19028,S5,3622,1077,2944,4994,10000,0                       
TEL,19029,S5,3560,1074,2944,4994,10000,0                       
TEL,19030,S5,3466,1071,2944,4994,10000,0                       
TEL,19031,S5,3622,1076,2944,4994,10000,0                       
TEL,19032,S5,3529,1073,2944,4994,10000,0                       
TEL,19033,S5,3560,1074,2944,4994,10000,0                       
TEL,19034,S5,3591,1075,2944,4994,10000,0                       
TEL,19035,S5,3591,1075,2944,4994,10000,0                       
TEL,19036,S5,3529,1073,2944,4994,10000,0                       
TEL,19037,S5,3560,1074,2944,4994,10000,0                       
TEL,19038,S5,3560,1074,2944,4994,10000,0                       
TEL,19039,S5,3560,1074,2944,4994,10000,0                       
TEL,19040,S5,3591,1075,2944,4994,10000,0                       
TEL,19041,S5,3560,1074,2944,4994,10000,0                       
TEL,19042,S5,3529,1073,2944,4994,10000,0                       
TEL,19043,S5,3529,1073,2944,4994,10000,0                       
TEL,19044,S5,3529,1073,2944,4994,10000,0                       
TEL,19045,S5,3560,1074,2944,4994,10000,0                       
TEL,19046,S5,3529,1073,2944,4994,10000,0                       
TEL,19047,S5,3622,1076,2944,4994,10000,0                       
TEL,19048,S5,3591,1075,2944,4994,10000,0                       
TEL,19049,S5,3560,1074,2944,4994,10000,0                       
TEL,19050,S5,3560,1074,2944,4994,10000,0                       
TEL,19051,S5,3560,1074,2944,4994,10000,0                       
TEL,19052,S5,3498,1072,2944,4994,10000,0                       
TEL,19053,S5,3560,1074,2944,4994,10000,0                       
TEL,19054,S5,3591,1075,2944,4994,10000,0                       
TEL,19055,S5,3591,1075,2944,4994,10000,0                       
BTN,138,S5,PRESSED,19056,392035854,392035871,392035873         
TEL,19057,S5,3560,1074,2944,5052,10000,1                       
TEL,19058,S5,3560,1074,2944,5044,10001,0                       
TEL,19059,S5,3498,1072,2944,4994,9999,0                        
TEL,19060,S5,3591,1075,2944,4994,10000,0                       
TEL,19061,S5,3498,1072,2944,4994,10000,0                       
TEL,19062,S5,3529,1073,2944,4994,10000,0                       
TEL,19063,S5,3560,1074,2944,4994,10000,0                       
TEL,19064,S5,3591,1075,2944,4994,10000,0                       
TEL,19065,S5,3529,1073,2944,4994,10000,0                       
TEL,19066,S5,3529,1073,2944,4994,10000,0                       
TEL,19067,S5,3529,1073,2944,4994,10000,0                       
TEL,19068,S5,3498,1072,2944,4994,10000,0                       
TEL,19069,S5,3560,1074,2944,4994,10000,0                       
TEL,19070,S5,3529,1073,2944,4994,10000,0                       
TEL,19071,S5,3560,1074,2944,4994,10000,0                       
TEL,19072,S5,3498,1072,2944,4994,10000,0                       
TEL,19073,S5,3560,1074,2944,4997,10000,0                       
TEL,19074,S5,3622,1076,2944,4994,10000,0                       
TEL,19075,S5,3560,1074,2944,4994,10000,0                       
TEL,19076,S5,3529,1073,2944,4994,10000,0                       
TEL,19077,S5,3560,1074,2944,4994,10000,0                       
TEL,19078,S5,3622,1077,2944,4994,10000,0                       
TEL,19079,S5,3560,1074,2944,4994,10000,0                       
TEL,19080,S5,3591,1075,2944,4994,10000,0                       
TEL,19081,S5,3498,1072,2944,4994,10000,0                       
TEL,19082,S5,3529,1073,2944,4994,10000,0                       
TEL,19083,S5,3560,1074,2944,4994,10000,0                       
TEL,19084,S5,3560,1074,2944,4994,10000,0                       
TEL,19085,S5,3529,1073,2944,4994,10000,0                       
TEL,19086,S5,3498,1072,2944,4994,10000,0                       
TEL,19087,S5,3529,1073,2944,4994,10000,0                       
TEL,19088,S5,3560,1074,2944,4994,10000,0                       
TEL,19089,S5,3529,1073,2944,4994,10000,0                       
TEL,19090,S5,3498,1072,2944,4994,10000,0                       
TEL,19091,S5,3560,1074,2944,4994,10000,0                       
TEL,19092,S5,3591,1075,2944,4994,10000,0                       
TEL,19093,S5,3560,1074,2944,4994,10000,0                       
TEL,19094,S5,3529,1073,2944,4994,10000,0                       
TEL,19095,S5,3560,1074,2944,4994,10000,0                       
TEL,19096,S5,3622,1076,2944,4994,10000,0                       
TEL,19097,S5,3498,1072,2944,4994,10000,0                       
TEL,19098,S5,3560,1074,2944,4994,10000,0                       
TEL,19099,S5,3591,1075,2944,4994,10000,0                       
TEL,19100,S5,3498,1072,2944,4994,10000,0                       
TEL,19101,S5,3529,1073,2944,4994,10000,0                       
TEL,19102,S5,3560,1074,2944,4994,10000,0                       
TEL,19103,S5,3560,1074,2944,4994,10000,0                       
TEL,19104,S5,3560,1074,2944,4994,10000,0                       
TEL,19105,S5,3373,1068,2944,4994,10000,0                       
TEL,19106,S5,3653,1078,2944,4994,10000,0                       
TEL,19107,S5,3560,1074,2944,4994,10000,0                       
TEL,19108,S5,3529,1073,2944,4994,10000,0                       
TEL,19109,S5,3591,1075,2944,4994,10000,0                       
TEL,19110,S5,3560,1074,2944,4994,10000,0                       
TEL,19111,S5,3560,1074,2944,4994,10000,0                       
TEL,19112,S5,3622,1076,2944,4994,10000,0                       
TEL,19113,S5,3560,1074,2944,4994,10000,0                       
TEL,19114,S5,3591,1075,2944,4994,10000,0                       
TEL,19115,S5,3560,1074,2944,4994,10000,0                       
TEL,19116,S5,3529,1073,2944,4994,10000,0                       
TEL,19117,S5,3591,1075,2944,4994,10000,0                       
TEL,19118,S5,3560,1074,2944,4994,10000,0                       
TEL,19119,S5,3498,1072,2944,4994,10000,0                       
TEL,19120,S5,3529,1073,2944,4994,10000,0                       
TEL,19121,S5,3529,1073,2944,4994,10000,0                       
TEL,19122,S5,3591,1075,2944,4994,10000,0                       
TEL,19123,S5,3498,1072,2944,4994,10000,0                       
TEL,19124,S5,3498,1072,2944,4994,10000,0                       
TEL,19125,S5,3529,1073,2944,4994,10000,0                       
TEL,19126,S5,3466,1071,2944,4994,10000,0                       
TEL,19127,S5,3498,1072,2944,4994,10000,0                       
TEL,19128,S5,3622,1077,2944,4994,10000,0                       
TEL,19129,S5,3591,1075,2944,4994,10000,0                       
TEL,19130,S5,3373,1068,2944,4994,10000,0                       
TEL,19131,S5,3529,1073,2944,4994,10000,0                       
TEL,19132,S5,3529,1073,2944,4994,10000,0                       
TEL,19133,S5,3529,1073,2944,4994,10000,0                       
TEL,19134,S5,3591,1075,2944,4994,10000,0                       
TEL,19135,S5,3529,1073,2944,4994,10000,0                       
TEL,19136,S5,3529,1073,2944,4994,10000,0                       
TEL,19137,S5,3529,1073,2944,4994,10000,0                       
TEL,19138,S5,3498,1072,2944,4994,10000,0                       
TEL,19139,S5,3622,1077,2944,4994,10000,0                       
TEL,19140,S5,3622,1076,2944,4994,10000,0                       
TEL,19141,S5,3560,1074,2944,4994,10000,0                       
TEL,19142,S5,3560,1074,2944,4994,10000,0                       
TEL,19143,S5,3560,1074,2944,4994,10000,0                       
TEL,19144,S5,3591,1075,2944,4994,10000,0                       
TEL,19145,S5,3529,1073,2944,4994,10000,0                       
TEL,19146,S5,3435,1070,2944,4994,10000,0                       
TEL,19147,S5,3529,1073,2944,4994,10000,0                       
TEL,19148,S5,3529,1073,2944,4994,10000,0                       
TEL,19149,S5,3498,1072,2944,4994,10000,0                       
TEL,19150,S5,3560,1074,2944,4994,10000,0                       
TEL,19151,S5,3498,1072,2944,4994,10000,0                       
TEL,19152,S5,3529,1073,2944,4994,10000,0                       
TEL,19153,S5,3529,1073,2944,4994,10000,0                       
TEL,19154,S5,3435,1070,2944,4994,10000,0                       
TEL,19155,S5,3591,1075,2944,4994,10000,0                       
TEL,19156,S5,3498,1072,2944,4994,10000,0                       
TEL,19157,S5,3529,1073,2944,4994,10000,0                       
TEL,19158,S5,3435,1070,2944,4994,10000,0                       
TEL,19159,S5,3529,1073,2944,4994,10000,0                       
TEL,19160,S5,3591,1075,2944,4994,10000,0                       
TEL,19161,S5,3498,1072,2944,4994,10000,0                       
TEL,19162,S5,3560,1074,2944,4994,10000,0                       
TEL,19163,S5,3560,1074,2944,4994,10000,0                       
TEL,19164,S5,3560,1074,2944,4994,10000,0                       
TEL,19165,S5,3560,1074,2944,4994,10000,0                       
TEL,19166,S5,3529,1073,2944,4994,10000,0                       
TEL,19167,S5,3560,1074,2944,4994,10000,0                       
TEL,19168,S5,3404,1069,2944,4994,10000,0                       
TEL,19169,S5,3498,1072,2944,4994,10000,0                       
TEL,19170,S5,3529,1073,2944,4994,10000,0                       
TEL,19171,S5,3591,1075,2944,4994,10000,0                       
TEL,19172,S5,3498,1072,2944,4994,10000,0                       
TEL,19173,S5,3591,1075,2944,4994,10000,0                       
TEL,19174,S5,3560,1074,2944,4994,10000,0                       
TEL,19175,S5,3560,1074,2944,4994,10000,0                       
TEL,19176,S5,3560,1074,2944,4994,10000,0                       
TEL,19177,S5,3591,1075,2944,4994,10000,0                       
TEL,19178,S5,3498,1072,2944,4994,10000,0                       
TEL,19179,S5,3498,1072,2944,4994,10000,0                       
TEL,19180,S5,3529,1073,2944,4994,10000,0                       
TEL,19181,S5,3498,1072,2944,4994,10000,0                       
TEL,19182,S5,3529,1073,2944,4994,10000,0                       
TEL,19183,S5,3560,1074,2944,4994,10000,0                       
TEL,19184,S5,3498,1072,2944,4994,10000,0                       
TEL,19185,S5,3560,1074,2944,4994,10000,0                       
TEL,19186,S5,3560,1074,2944,4994,10000,0                       
TEL,19187,S5,3529,1073,2944,4994,10000,0                       
TEL,19188,S5,3498,1072,2944,4994,10000,0                       
TEL,19189,S5,3560,1074,2944,4994,10000,0                       
TEL,19190,S5,3560,1074,2944,4994,10000,0                       
TEL,19191,S5,3466,1071,2944,4994,10000,0                       
TEL,19192,S5,3622,1076,2944,4994,10000,0                       
TEL,19193,S5,3529,1073,2944,4994,10000,0                       
TEL,19194,S5,3466,1071,2944,4994,10000,0                       
TEL,19195,S5,3529,1073,2944,4994,10000,0                       
TEL,19196,S5,3591,1075,2944,4994,10000,0                       
TEL,19197,S5,3498,1072,2944,4994,10000,0                       
TEL,19198,S5,3529,1073,2944,4994,10000,0                       
TEL,19199,S5,3591,1075,2944,4994,10000,0                       
TEL,19200,S5,3591,1075,2944,4994,10000,0                       
TEL,19201,S5,3498,1072,2944,4994,10000,0                       
TEL,19202,S5,3591,1075,2944,4994,10000,0                       
BTN,139,S5,PRESSED,19203,393492609,393492626,393492628         
TEL,19204,S5,3529,1073,2944,5084,10000,0                       
TEL,19205,S5,3622,1077,2944,4994,10000,0                       
TEL,19206,S5,3529,1073,2944,4994,10000,0                       
TEL,19207,S5,3560,1074,2944,4994,10000,0                       
TEL,19208,S5,3591,1075,2944,4994,10000,0                       
TEL,19209,S5,3591,1075,2944,4994,10000,0                       
TEL,19210,S5,3560,1074,2944,4994,10000,0                       
TEL,19211,S5,3560,1074,2944,4994,10000,0                       
TEL,19212,S5,3591,1075,2944,4994,10000,0                       
TEL,19213,S5,3591,1075,2944,4994,10000,0                       
TEL,19214,S5,3529,1073,2944,4994,10000,0                       
TEL,19215,S5,3529,1073,2944,4994,10000,0                       
TEL,19216,S5,3529,1073,2944,4994,10000,0                       
TEL,19217,S5,3560,1074,2944,4994,10000,0                       
TEL,19218,S5,3529,1073,2944,4994,10000,0                       
TEL,19219,S5,3529,1073,2944,4994,10000,0                       
TEL,19220,S5,3529,1073,2944,4994,10000,0                       
TEL,19221,S5,3529,1073,2944,4994,10000,0                       
TEL,19222,S5,3560,1074,2944,4994,10000,0                       
TEL,19223,S5,3466,1071,2944,4994,10000,0                       
TEL,19224,S5,3560,1074,2944,4994,10000,0                       
TEL,19225,S5,3622,1077,2944,4994,10000,0                       
TEL,19226,S5,3591,1075,2944,4994,10000,0                       
TEL,19227,S5,3560,1074,2944,4994,10000,0                       
TEL,19228,S5,3591,1075,2944,4994,10000,0                       
TEL,19229,S5,3560,1074,2944,4994,10000,0                       
TEL,19230,S5,3560,1074,2944,4994,10000,0                       
TEL,19231,S5,3591,1075,2944,4994,10000,0                       
TEL,19232,S5,3560,1074,2944,4994,10000,0                       
TEL,19233,S5,3560,1074,2944,4994,10000,0                       
TEL,19234,S5,3560,1074,2944,4994,10000,0                       
TEL,19235,S5,3560,1074,2944,4994,10000,0                       
TEL,19236,S5,3560,1074,2944,4994,10000,0                       
TEL,19237,S5,3684,1079,2944,4994,10000,0                       
TEL,19238,S5,3560,1074,2944,4994,10000,0                       
TEL,19239,S5,3560,1074,2944,4994,10000,0                       
TEL,19240,S5,3560,1074,2944,4994,10000,0                       
TEL,19241,S5,3560,1074,2944,4994,10000,0                       
TEL,19242,S5,3560,1074,2944,4994,10000,0                       
TEL,19243,S5,3529,1073,2944,4994,10000,0                       
TEL,19244,S5,3560,1074,2944,4994,10000,0                       
TEL,19245,S5,3560,1074,2944,4994,10000,0                       
TEL,19246,S5,3560,1074,2944,4994,10000,0                       
TEL,19247,S5,3560,1074,2944,4994,10000,0                       
TEL,19248,S5,3560,1074,2944,4994,10000,0                       
TEL,19249,S5,3560,1074,2944,4994,10000,0                       
TEL,19250,S5,3591,1075,2944,4994,10000,0                       
TEL,19251,S5,3498,1072,2944,4994,10000,0                       
TEL,19252,S5,3591,1075,2944,4994,10000,0                       
TEL,19253,S5,3653,1078,2944,4994,10000,0                       
TEL,19254,S5,3560,1074,2944,4994,10000,0                       
TEL,19255,S5,3591,1075,2944,4994,10000,0                       
TEL,19256,S5,3560,1074,2944,4994,10000,0                       
TEL,19257,S5,3622,1076,2944,4994,10000,0                       
TEL,19258,S5,3529,1073,2944,4994,10000,0                       
TEL,19259,S5,3560,1074,2944,4994,10000,0                       
TEL,19260,S5,3560,1074,2944,4994,10000,0                       
TEL,19261,S5,3591,1075,2944,4994,10000,0                       
TEL,19262,S5,3560,1074,2944,4994,10000,0                       
TEL,19263,S5,3591,1075,2944,4994,10000,0                       
TEL,19264,S5,3529,1073,2944,4994,10000,0                       
TEL,19265,S5,3560,1074,2944,4994,10000,0                       
TEL,19266,S5,3529,1073,2944,4994,10000,0                       
TEL,19267,S5,3560,1074,2944,4994,10000,0                       
TEL,19268,S5,3591,1075,2944,4994,10000,0                       
TEL,19269,S5,3529,1073,2944,4994,10000,0                       
TEL,19270,S5,3498,1072,2944,4994,10000,0                       
TEL,19271,S5,3529,1073,2944,4994,10000,0                       
TEL,19272,S5,3498,1072,2944,4994,10000,0                       
TEL,19273,S5,3622,1077,2944,4994,10000,0                       
TEL,19274,S5,3560,1074,2944,4994,10000,0                       
TEL,19275,S5,3560,1074,2944,4994,10000,0                       
TEL,19276,S5,3498,1072,2944,4994,10000,0                       
TEL,19277,S5,3560,1074,2944,4994,10000,0                       
TEL,19278,S5,3529,1073,2944,4994,10000,0                       
TEL,19279,S5,3529,1073,2944,4994,10000,0                       
TEL,19280,S5,3560,1074,2944,4994,10000,0                       
TEL,19281,S5,3498,1072,2944,4994,10000,0                       
TEL,19282,S5,3560,1074,2944,4994,10000,0                       
TEL,19283,S5,3622,1077,2944,4994,10000,0                       
TEL,19284,S5,3591,1075,2944,4994,10000,0                       
TEL,19285,S5,3560,1074,2944,4994,10000,0                       
TEL,19286,S5,3529,1073,2944,4994,10000,0                       
TEL,19287,S5,3560,1074,2944,4994,10000,0                       
TEL,19288,S5,3560,1074,2944,4994,10000,0                       
TEL,19289,S5,3591,1075,2944,4994,10000,0                       
TEL,19290,S5,3560,1074,2944,4994,10000,0                       
TEL,19291,S5,3560,1074,2944,4994,10000,0                       
TEL,19292,S5,3591,1075,2944,4994,10000,0                       
TEL,19293,S5,3498,1072,2944,4994,10000,0                       
TEL,19294,S5,3529,1073,2944,4994,10000,0                       
TEL,19295,S5,3560,1074,2944,4994,10000,0                       
TEL,19296,S5,3591,1075,2944,4994,10000,0                       
TEL,19297,S5,3529,1073,2944,4994,10000,0                       
TEL,19298,S5,3529,1073,2944,4994,10000,0                       
TEL,19299,S5,3560,1074,2944,4994,10000,0                       
TEL,19300,S5,3591,1075,2944,4994,10000,0                       
TEL,19301,S5,3560,1074,2944,4994,10000,0                       
TEL,19302,S5,3591,1075,2944,4994,10000,0                       
TEL,19303,S5,3591,1075,2944,4994,10000,0                       
TEL,19304,S5,3498,1072,2944,4994,10000,0                       
TEL,19305,S5,3591,1075,2944,4994,10000,0                       
TEL,19306,S5,3529,1073,2944,4994,10000,0                       
TEL,19307,S5,3529,1073,2944,4994,10000,0                       
TEL,19308,S5,3529,1073,2944,4994,10000,0                       
TEL,19309,S5,3560,1074,2944,4994,10000,0                       
TEL,19310,S5,3591,1075,2944,4994,10000,0                       
TEL,19311,S5,3435,1070,2944,4994,10000,0                       
TEL,19312,S5,3560,1074,2944,4994,10000,0                       
TEL,19313,S5,3560,1074,2944,4994,10000,0                       
TEL,19314,S5,3591,1075,2944,4994,10000,0                       
TEL,19315,S5,3529,1073,2944,4994,10000,0                       
TEL,19316,S5,3560,1074,2944,4994,10000,0                       
TEL,19317,S5,3560,1074,2944,4994,10000,0                       
TEL,19318,S5,3560,1074,2944,4994,10000,0                       
TEL,19319,S5,3560,1074,2944,4994,10000,0                       
TEL,19320,S5,3560,1074,2944,4994,10000,0                       
TEL,19321,S5,3622,1076,2944,4994,10000,0                       
TEL,19322,S5,3529,1073,2944,4994,10000,0                       
TEL,19323,S5,3560,1074,2944,4994,10000,0                       
TEL,19324,S5,3560,1074,2944,4994,10000,0                       
TEL,19325,S5,3591,1075,2944,4994,10000,0                       
TEL,19326,S5,3498,1072,2944,4994,10000,0                       
TEL,19327,S5,3560,1074,2944,4994,10000,0                       
TEL,19328,S5,3591,1075,2944,4994,10000,0                       
TEL,19329,S5,3560,1074,2944,4994,10000,0                       
TEL,19330,S5,3529,1073,2944,4994,10000,0                       
TEL,19331,S5,3498,1072,2944,4994,10000,0                       
TEL,19332,S5,3560,1074,2944,4994,10000,0                       
TEL,19333,S5,3591,1075,2944,4994,10000,0                       
TEL,19334,S5,3560,1074,2944,4994,10000,0                       
TEL,19335,S5,3529,1073,2944,4994,10000,0                       
TEL,19336,S5,3466,1071,2944,4994,10000,0                       
TEL,19337,S5,3591,1075,2944,4994,10000,0                       
TEL,19338,S5,3560,1074,2944,4994,10000,0                       
BTN,140,S5,PRESSED,19339,394848443,394848461,394848463         
TEL,19340,S5,3529,1073,2944,5052,10000,1                       
TEL,19341,S5,3622,1077,2944,5044,10000,0                       
TEL,19342,S5,3529,1073,2944,4994,10000,0                       
TEL,19343,S5,3498,1072,2944,4994,10000,0                       
TEL,19344,S5,3498,1072,2944,4994,10000,0                       
TEL,19345,S5,3529,1073,2944,4994,10000,0                       
TEL,19346,S5,3498,1072,2944,4994,10000,0                       
TEL,19347,S5,3591,1075,2944,4994,10000,0                       
TEL,19348,S5,3529,1073,2944,4994,10000,0                       
TEL,19349,S5,3529,1073,2944,4994,10000,0                       
TEL,19350,S5,3560,1074,2944,4994,10000,0                       
TEL,19351,S5,3560,1074,2944,4994,10000,0                       
TEL,19352,S5,3529,1073,2944,4994,10000,0                       
TEL,19353,S5,3498,1072,2944,4994,10000,0                       
TEL,19354,S5,3622,1077,2944,5005,10000,0                       
TEL,19355,S5,3529,1073,2944,4994,10000,0                       
TEL,19356,S5,3560,1074,2944,4994,10000,0                       
TEL,19357,S5,3560,1074,2944,4994,10000,0                       
TEL,19358,S5,3529,1073,2944,4994,10000,0                       
TEL,19359,S5,3498,1072,2944,4994,10000,0                       
TEL,19360,S5,3498,1072,2944,4994,10000,0                       
TEL,19361,S5,3591,1075,2944,4994,10000,0                       
TEL,19362,S5,3529,1073,2944,4994,10000,0                       
TEL,19363,S5,3498,1072,2944,4994,10000,0                       
TEL,19364,S5,3560,1074,2944,4994,10000,0                       
TEL,19365,S5,3498,1072,2944,4994,10000,0                       
TEL,19366,S5,3529,1073,2944,4994,10000,0                       
TEL,19367,S5,3622,1077,2944,4994,10000,0                       
TEL,19368,S5,3529,1073,2944,4994,10000,0                       
TEL,19369,S5,3529,1073,2944,4994,10000,0                       
TEL,19370,S5,3591,1075,2944,4994,10000,0                       
TEL,19371,S5,3498,1072,2944,4994,10000,0                       
TEL,19372,S5,3560,1074,2944,4994,10000,0                       
TEL,19373,S5,3498,1072,2944,4994,10000,0                       
TEL,19374,S5,3529,1073,2944,4994,10000,0                       
TEL,19375,S5,3560,1074,2944,4994,10000,0                       
TEL,19376,S5,3529,1073,2944,4994,10000,0                       
TEL,19377,S5,3529,1073,2944,4994,10000,0                       
TEL,19378,S5,3591,1075,2944,4994,10000,0                       
TEL,19379,S5,3342,1067,2944,4994,10000,0                       
TEL,19380,S5,3591,1075,2944,4994,10000,0                       
TEL,19381,S5,3591,1075,2944,4994,10000,0                       
TEL,19382,S5,3498,1072,2944,4994,10000,0                       
TEL,19383,S5,3560,1074,2944,4994,10000,0                       
TEL,19384,S5,3498,1072,2944,4994,10000,0                       
TEL,19385,S5,3435,1070,2944,4994,10000,0                       
TEL,19386,S5,3529,1073,2944,4994,10000,0                       
TEL,19387,S5,3498,1072,2944,4994,10000,0                       
TEL,19388,S5,3529,1073,2944,4994,10000,0                       
TEL,19389,S5,3529,1073,2944,4994,10000,0                       
TEL,19390,S5,3529,1073,2944,4994,10000,0                       
TEL,19391,S5,3529,1073,2944,4994,10000,0                       
TEL,19392,S5,3560,1074,2944,4994,10000,0                       
TEL,19393,S5,3560,1074,2944,4994,10000,0                       
TEL,19394,S5,3591,1075,2944,4994,10000,0                       
TEL,19395,S5,3591,1075,2944,4994,10000,0                       
TEL,19396,S5,3498,1072,2944,4994,10000,0                       
TEL,19397,S5,3591,1075,2944,4994,10000,0                       
TEL,19398,S5,3560,1074,2944,4994,10000,0                       
TEL,19399,S5,3560,1074,2944,4994,10000,0                       
TEL,19400,S5,3591,1075,2944,4994,10000,0                       
TEL,19401,S5,3529,1073,2944,4994,10000,0                       
TEL,19402,S5,3560,1074,2944,4994,10000,0                       
TEL,19403,S5,3591,1075,2944,4994,10000,0                       
TEL,19404,S5,3622,1077,2944,4994,10000,0                       
TEL,19405,S5,3560,1074,2944,4994,10000,0                       
TEL,19406,S5,3591,1075,2944,4994,10000,0                       
TEL,19407,S5,3560,1074,2944,4994,10000,0                       
TEL,19408,S5,3591,1075,2944,4994,10000,0                       
TEL,19409,S5,3560,1074,2944,4994,10000,0                       
TEL,19410,S5,3529,1073,2944,4994,10000,0                       
TEL,19411,S5,3591,1075,2944,4994,10000,0                       
TEL,19412,S5,3529,1073,2944,4994,10000,0                       
TEL,19413,S5,3560,1074,2944,4994,10000,0                       
TEL,19414,S5,3498,1072,2944,4994,10000,0                       
TEL,19415,S5,3529,1073,2944,4994,10000,0                       
TEL,19416,S5,3560,1074,2944,4994,10000,0                       
TEL,19417,S5,3560,1074,2944,4994,10000,0                       
TEL,19418,S5,3622,1076,2944,4994,10000,0                       
TEL,19419,S5,3529,1073,2944,4994,10000,0                       
TEL,19420,S5,3560,1074,2944,4994,10000,0                       
TEL,19421,S5,3529,1073,2944,4994,10000,0                       
TEL,19422,S5,3529,1073,2944,4994,10000,0                       
TEL,19423,S5,3591,1075,2944,4994,10000,0                       
TEL,19424,S5,3498,1072,2944,4994,10000,0                       
TEL,19425,S5,3560,1074,2944,4994,10000,0                       
TEL,19426,S5,3591,1075,2944,4994,10000,0                       
TEL,19427,S5,3466,1071,2944,4994,10000,0                       
TEL,19428,S5,3560,1074,2944,4994,10000,0                       
TEL,19429,S5,3560,1074,2944,4994,10000,0                       
TEL,19430,S5,3529,1073,2944,4994,10000,0                       
TEL,19431,S5,3498,1072,2944,4994,10000,0                       
TEL,19432,S5,3498,1072,2944,4994,10000,0                       
TEL,19433,S5,3404,1069,2944,4994,10000,0                       
TEL,19434,S5,3622,1076,2944,4994,10000,0                       
TEL,19435,S5,3529,1073,2944,4994,10000,0                       
TEL,19436,S5,3560,1074,2944,4994,10000,0                       
TEL,19437,S5,3529,1073,2944,4994,10000,0                       
TEL,19438,S5,3529,1073,2944,4994,10000,0                       
TEL,19439,S5,3529,1073,2944,4994,10000,0                       
TEL,19440,S5,3591,1075,2944,4994,10000,0                       
TEL,19441,S5,3591,1075,2944,4994,10000,0                       
TEL,19442,S5,3435,1070,2944,4994,10000,0                       
TEL,19443,S5,3591,1075,2944,4994,10000,0                       
TEL,19444,S5,3560,1074,2944,4994,10000,0                       
TEL,19445,S5,3560,1074,2944,4994,10000,0                       
TEL,19446,S5,3560,1074,2944,4994,10000,0                       
TEL,19447,S5,3498,1072,2944,4994,10000,0                       
TEL,19448,S5,3560,1074,2944,4994,10000,0                       
TEL,19449,S5,3560,1074,2944,4994,10000,0                       
TEL,19450,S5,3591,1075,2944,4994,10000,0                       
TEL,19451,S5,3560,1074,2944,4994,10000,0                       
TEL,19452,S5,3529,1073,2944,4994,10000,0                       
TEL,19453,S5,3529,1073,2944,4994,10000,0                       
TEL,19454,S5,3560,1074,2944,4994,10000,0                       
TEL,19455,S5,3498,1072,2944,4994,10000,0                       
TEL,19456,S5,3591,1075,2944,4994,10000,0                       
TEL,19457,S5,3560,1074,2944,4994,10000,0                       
TEL,19458,S5,3498,1072,2944,4994,10000,0                       
TEL,19459,S5,3560,1074,2944,4994,10000,0                       
TEL,19460,S5,3529,1073,2944,4994,10000,0                       
TEL,19461,S5,3529,1073,2944,4994,10000,0                       
TEL,19462,S5,3529,1073,2944,4994,10000,0                       
TEL,19463,S5,3498,1072,2944,4994,10000,0                       
TEL,19464,S5,3560,1074,2944,4994,10000,0                       
TEL,19465,S5,3498,1072,2944,4994,10000,0                       
TEL,19466,S5,3560,1074,2944,4994,10000,0                       
TEL,19467,S5,3560,1074,2944,4994,10000,0                       
TEL,19468,S5,3529,1073,2944,4994,10000,0                       
TEL,19469,S5,3560,1074,2944,4994,10000,0                       
TEL,19470,S5,3529,1073,2944,4994,10000,0                       
TEL,19471,S5,3560,1074,2944,4994,10000,0                       
TEL,19472,S5,3560,1074,2944,4994,10000,0                       
TEL,19473,S5,3529,1073,2944,4994,10000,0                       
TEL,19474,S5,3529,1073,2944,4994,10000,0                       
TEL,19475,S5,3591,1075,2944,4994,10000,0                       
TEL,19476,S5,3591,1075,2944,4994,10000,0                       
TEL,19477,S5,3529,1073,2944,4994,10000,0                       
TEL,19478,S5,3591,1075,2944,4994,10000,0                       
TEL,19479,S5,3560,1074,2944,4994,10000,0                       
TEL,19480,S5,3591,1075,2944,4994,10000,0                       
TEL,19481,S5,3498,1072,2944,4994,10000,0                       
TEL,19482,S5,3622,1076,2944,4994,10000,0                       
TEL,19483,S5,3591,1075,2944,4994,10000,0                       
TEL,19484,S5,3498,1072,2944,4994,10000,0                       
TEL,19485,S5,3529,1073,2944,4994,10000,0                       
TEL,19486,S5,3560,1074,2944,4994,10000,0                       
TEL,19487,S5,3560,1074,2944,4994,10000,0                       
TEL,19488,S5,3498,1072,2944,4994,10000,0                       
TEL,19489,S5,3684,1079,2944,4994,10000,0                       
TEL,19490,S5,3498,1072,2944,4994,10000,0                       
TEL,19491,S5,3560,1074,2944,4994,10000,0                       
TEL,19492,S5,3653,1078,2944,4994,10000,0                       
TEL,19493,S5,3560,1074,2944,4994,10000,0                       
TEL,19494,S5,3498,1072,2944,4994,10000,0                       
TEL,19495,S5,3498,1072,2944,4994,10000,0                       
TEL,19496,S5,3560,1074,2944,4994,10000,0                       
TEL,19497,S5,3560,1074,2944,4994,10000,0                       
BTN,141,S5,PRESSED,19498,396423273,396423290,396423292         
TEL,19499,S5,3529,1073,2944,5125,10000,0                       
TEL,19500,S5,3622,1077,2944,4994,10000,0                       
TEL,19501,S5,3529,1073,2944,4994,10000,0                       
TEL,19502,S5,3498,1072,2944,4994,10000,0                       
TEL,19503,S5,3560,1074,2944,4994,10000,0                       
TEL,19504,S5,3560,1074,2944,4994,10000,0                       
TEL,19505,S5,3560,1074,2944,4994,10000,0                       
TEL,19506,S5,3560,1074,2944,4994,10000,0                       
TEL,19507,S5,3529,1073,2944,4994,10000,0                       
TEL,19508,S5,3560,1074,2944,4994,10000,0                       
TEL,19509,S5,3560,1074,2944,4994,10000,0                       
TEL,19510,S5,3498,1072,2944,4994,10000,0                       
TEL,19511,S5,3653,1078,2944,4994,10000,0                       
TEL,19512,S5,3560,1074,2944,4994,10000,0                       
TEL,19513,S5,3529,1073,2944,4994,10000,0                       
TEL,19514,S5,3560,1074,2944,4994,10000,0                       
TEL,19515,S5,3591,1075,2944,4994,10000,0                       
TEL,19516,S5,3498,1072,2944,4994,10000,0                       
TEL,19517,S5,3560,1074,2944,4994,10000,0                       
TEL,19518,S5,3498,1072,2944,4994,10000,0                       
TEL,19519,S5,3591,1075,2944,4994,10000,0                       
TEL,19520,S5,3591,1075,2944,4994,10000,0                       
TEL,19521,S5,3591,1075,2944,4994,10000,0                       
TEL,19522,S5,3529,1073,2944,4994,10000,0                       
TEL,19523,S5,3498,1072,2944,4994,10000,0                       
TEL,19524,S5,3529,1073,2944,4994,10000,0                       
TEL,19525,S5,3498,1072,2944,4994,10000,0                       
TEL,19526,S5,3560,1074,2944,4994,10000,0                       
TEL,19527,S5,3498,1072,2944,4994,10000,0                       
TEL,19528,S5,3498,1072,2944,4994,10000,0                       
TEL,19529,S5,3498,1072,2944,4994,10000,0                       
TEL,19530,S5,3560,1074,2944,4994,10000,0                       
TEL,19531,S5,3591,1075,2944,4994,10000,0                       
TEL,19532,S5,3529,1073,2944,4994,10000,0                       
TEL,19533,S5,3560,1074,2944,4994,10000,0                       
TEL,19534,S5,3529,1073,2944,4994,10000,0                       
TEL,19535,S5,3498,1072,2944,4994,10000,0                       
TEL,19536,S5,3560,1074,2944,4994,10000,0                       
TEL,19537,S5,3529,1073,2944,4994,10000,0                       
TEL,19538,S5,3529,1073,2944,4994,10000,0                       
TEL,19539,S5,3498,1072,2944,4994,10000,0                       
TEL,19540,S5,3529,1073,2944,4994,10000,0                       
TEL,19541,S5,3498,1072,2944,4994,10000,0                       
TEL,19542,S5,3591,1075,2944,4994,10000,0                       
TEL,19543,S5,3591,1075,2944,4994,10000,0                       
TEL,19544,S5,3560,1074,2944,4994,10000,0                       
TEL,19545,S5,3560,1074,2944,4994,10000,0                       
TEL,19546,S5,3560,1074,2944,4994,10000,0                       
TEL,19547,S5,3622,1076,2944,4994,10000,0                       
TEL,19548,S5,3591,1075,2944,4994,10000,0                       
TEL,19549,S5,3591,1075,2944,4994,10000,0                       
TEL,19550,S5,3560,1074,2944,4994,10000,0                       
TEL,19551,S5,3560,1074,2944,4994,10000,0                       
TEL,19552,S5,3591,1075,2944,4994,10000,0                       
TEL,19553,S5,3560,1074,2944,4994,10000,0                       
TEL,19554,S5,3591,1075,2944,4994,10000,0                       
TEL,19555,S5,3560,1074,2944,4994,10000,0                       
TEL,19556,S5,3560,1074,2944,4994,10000,0                       
TEL,19557,S5,3560,1074,2944,4994,10000,0                       
TEL,19558,S5,3498,1072,2944,4994,10000,0                       
TEL,19559,S5,3560,1074,2944,4994,10000,0                       
TEL,19560,S5,3591,1075,2944,4994,10000,0                       
TEL,19561,S5,3591,1075,2944,4994,10000,0                       
TEL,19562,S5,3498,1072,2944,4994,10000,0                       
TEL,19563,S5,3498,1072,2944,4994,10000,0                       
TEL,19564,S5,3560,1074,2944,4994,10000,0                       
TEL,19565,S5,3466,1071,2944,4994,10000,0                       
TEL,19566,S5,3560,1074,2944,4994,10000,0                       
TEL,19567,S5,3404,1069,2944,4994,10000,0                       
TEL,19568,S5,3560,1074,2944,4994,10000,0                       
TEL,19569,S5,3560,1074,2944,4994,10000,0                       
TEL,19570,S5,3498,1072,2944,4994,10000,0                       
TEL,19571,S5,3529,1073,2944,4994,10000,0                       
TEL,19572,S5,3435,1070,2944,4994,10000,0                       
TEL,19573,S5,3560,1074,2944,4994,10000,0                       
TEL,19574,S5,3560,1074,2944,4994,10000,0                       
TEL,19575,S5,3529,1073,2944,4994,10000,0                       
TEL,19576,S5,3529,1073,2944,4994,10000,0                       
TEL,19577,S5,3591,1075,2944,4994,10000,0                       
TEL,19578,S5,3498,1072,2944,4994,10000,0                       
TEL,19579,S5,3622,1077,2944,4994,10000,0                       
TEL,19580,S5,3529,1073,2944,4994,10000,0                       
TEL,19581,S5,3560,1074,2944,4994,10000,0                       
TEL,19582,S5,3622,1077,2944,4994,10000,0                       
TEL,19583,S5,3591,1075,2944,4994,10000,0                       
TEL,19584,S5,3560,1074,2944,4994,10000,0                       
TEL,19585,S5,3529,1073,2944,4994,10000,0                       
TEL,19586,S5,3560,1074,2944,4994,10000,0                       
TEL,19587,S5,3560,1074,2944,4994,10000,0                       
TEL,19588,S5,3560,1074,2944,4994,10000,0                       
TEL,19589,S5,3591,1075,2944,4994,10000,0                       
TEL,19590,S5,3591,1075,2944,4994,10000,0                       
TEL,19591,S5,3560,1074,2944,4994,10000,0                       
TEL,19592,S5,3560,1074,2944,4994,10000,0                       
TEL,19593,S5,3560,1074,2944,4994,10000,0                       
TEL,19594,S5,3498,1072,2944,4994,10000,0                       
TEL,19595,S5,3622,1076,2944,4994,10000,0                       
TEL,19596,S5,3560,1074,2944,4994,10000,0                       
TEL,19597,S5,3560,1074,2944,4994,10000,0                       
TEL,19598,S5,3591,1075,2944,4994,10000,0                       
TEL,19599,S5,3591,1075,2944,4994,10000,0                       
TEL,19600,S5,3560,1074,2944,4994,10000,0                       
TEL,19601,S5,3560,1074,2944,4994,10000,0                       
TEL,19602,S5,3529,1073,2944,4994,10000,0                       
TEL,19603,S5,3591,1075,2944,4994,10000,0                       
TEL,19604,S5,3591,1075,2944,4994,10000,0                       
TEL,19605,S5,3591,1075,2944,4994,10000,0                       
TEL,19606,S5,3498,1072,2944,4994,10000,0                       
TEL,19607,S5,3529,1073,2944,4994,10000,0                       
TEL,19608,S5,3342,1067,2944,4994,10000,0                       
TEL,19609,S5,3591,1075,2944,4994,10000,0                       
TEL,19610,S5,3591,1075,2944,4994,10000,0                       
TEL,19611,S5,3560,1074,2944,4994,10000,0                       
TEL,19612,S5,3560,1074,2944,4994,10000,0                       
TEL,19613,S5,3560,1074,2944,4994,10000,0                       
TEL,19614,S5,3560,1074,2944,4994,10000,0                       
TEL,19615,S5,3529,1073,2944,4994,10000,0                       
TEL,19616,S5,3591,1075,2944,4994,10000,0                       
TEL,19617,S5,3560,1074,2944,4994,10000,0                       
TEL,19618,S5,3498,1072,2944,4994,10000,0                       
TEL,19619,S5,3560,1074,2944,4994,10000,0                       
TEL,19620,S5,3560,1074,2944,4994,10000,0                       
TEL,19621,S5,3498,1072,2944,4994,10000,0                       
TEL,19622,S5,3529,1073,2944,4994,10000,0                       
TEL,19623,S5,3560,1074,2944,4994,10000,0                       
TEL,19624,S5,3560,1074,2944,4994,10000,0                       
TEL,19625,S5,3560,1074,2944,4994,10000,0                       
TEL,19626,S5,3466,1071,2944,4994,10000,0                       
TEL,19627,S5,3591,1075,2944,4994,10000,0                       
TEL,19628,S5,3498,1072,2944,4994,10000,0                       
TEL,19629,S5,3529,1073,2944,4994,10000,0                       
TEL,19630,S5,3560,1074,2944,4994,10000,0                       
TEL,19631,S5,3342,1067,2944,4994,10000,0                       
TEL,19632,S5,3715,1080,2944,4994,10000,0                       
TEL,19633,S5,3529,1073,2944,4994,10000,0                       
TEL,19634,S5,3560,1074,2944,4994,10000,0                       
TEL,19635,S5,3560,1074,2944,4994,10000,0                       
TEL,19636,S5,3529,1073,2944,4994,10000,0                       
TEL,19637,S5,3591,1075,2944,4994,10000,0                       
TEL,19638,S5,3529,1073,2944,4994,10000,0                       
TEL,19639,S5,3560,1074,2944,4994,10000,0                       
TEL,19640,S5,3529,1073,2944,4994,10000,0                       
TEL,19641,S5,3560,1074,2944,4994,10000,0                       
TEL,19642,S5,3560,1074,2944,4994,10000,0                       
TEL,19643,S5,3591,1075,2944,4994,10000,0                       
TEL,19644,S5,3560,1074,2944,4994,10000,0                       
TEL,19645,S5,3560,1074,2944,4994,10000,0                       
BTN,142,S5,PRESSED,19646,397890784,397890807,397890809         
TEL,19647,S5,3498,1072,2944,5044,10000,0                       
TEL,19648,S5,3498,1072,2944,4994,10000,0                       
TEL,19649,S5,3560,1074,2944,4994,10000,0                       
TEL,19650,S5,3529,1073,2944,4994,10000,0                       
TEL,19651,S5,3560,1074,2944,4994,10000,0                       
TEL,19652,S5,3529,1073,2944,4994,10000,0                       
TEL,19653,S5,3560,1074,2944,4994,10000,0                       
TEL,19654,S5,3560,1074,2944,4994,10000,0                       
TEL,19655,S5,3560,1074,2944,4994,10000,0                       
TEL,19656,S5,3560,1074,2944,4994,10000,0                       
TEL,19657,S5,3498,1072,2944,4994,10000,0                       
TEL,19658,S5,3498,1072,2944,4994,10000,0                       
TEL,19659,S5,3529,1073,2944,4994,10000,0                       
TEL,19660,S5,3498,1072,2944,4994,10000,0                       
TEL,19661,S5,3498,1072,2944,4994,10000,0                       
TEL,19662,S5,3498,1072,2944,4994,10000,0                       
TEL,19663,S5,3560,1074,2944,5003,10000,0                       
TEL,19664,S5,3591,1075,2944,4994,10000,0                       
TEL,19665,S5,3591,1075,2944,4994,10000,0                       
TEL,19666,S5,3560,1074,2944,4994,10000,0                       
TEL,19667,S5,3529,1073,2944,4994,10000,0                       
TEL,19668,S5,3498,1072,2944,4994,10000,0                       
TEL,19669,S5,3560,1074,2944,4994,10000,0                       
TEL,19670,S5,3560,1074,2944,4994,10000,0                       
TEL,19671,S5,3560,1074,2944,4994,10000,0                       
TEL,19672,S5,3560,1074,2944,4994,10000,0                       
TEL,19673,S5,3498,1072,2944,4994,10000,0                       
TEL,19674,S5,3529,1073,2944,4994,10000,0                       
TEL,19675,S5,3560,1074,2944,4994,10000,0                       
TEL,19676,S5,3591,1075,2944,4994,10000,0                       
TEL,19677,S5,3591,1075,2944,4994,10000,0                       
TEL,19678,S5,3591,1075,2944,4994,10000,0                       
TEL,19679,S5,3498,1072,2944,4994,10000,0                       
TEL,19680,S5,3560,1074,2944,4994,10000,0                       
TEL,19681,S5,3529,1073,2944,4994,10000,0                       
TEL,19682,S5,3435,1070,2944,4994,10000,0                       
TEL,19683,S5,3560,1074,2944,4994,10000,0                       
TEL,19684,S5,3529,1073,2944,4994,10000,0                       
TEL,19685,S5,3560,1074,2944,4994,10000,0                       
TEL,19686,S5,3591,1075,2944,4994,10000,0                       
TEL,19687,S5,3591,1075,2944,4994,10000,0                       
TEL,19688,S5,3529,1073,2944,4994,10000,0                       
TEL,19689,S5,3591,1075,2944,4994,10000,0                       
TEL,19690,S5,3622,1076,2944,4994,10000,0                       
TEL,19691,S5,3498,1072,2944,4994,10000,0                       
TEL,19692,S5,3622,1076,2944,4994,10000,0                       
TEL,19693,S5,3498,1072,2944,4994,10000,0                       
TEL,19694,S5,3498,1072,2944,4994,10000,0                       
TEL,19695,S5,3498,1072,2944,4994,10000,0                       
TEL,19696,S5,3529,1073,2944,4994,10000,0                       
TEL,19697,S5,3560,1074,2944,4994,10000,0                       
TEL,19698,S5,3342,1067,2944,4994,10000,0                       
TEL,19699,S5,3591,1075,2944,4994,10000,0                       
TEL,19700,S5,3529,1073,2944,4994,10000,0                       
TEL,19701,S5,3466,1071,2944,4994,10000,0                       
TEL,19702,S5,3466,1071,2944,4994,10000,0                       
TEL,19703,S5,3529,1073,2944,4994,10000,0                       
TEL,19704,S5,3498,1072,2944,4994,10000,0                       
TEL,19705,S5,3560,1074,2944,4994,10000,0                       
TEL,19706,S5,3529,1073,2944,4994,10000,0                       
TEL,19707,S5,3529,1073,2944,4994,10000,0                       
TEL,19708,S5,3529,1073,2944,4994,10000,0                       
TEL,19709,S5,3529,1073,2944,4994,10000,0                       
TEL,19710,S5,3560,1074,2944,4994,10000,0                       
TEL,19711,S5,3529,1073,2944,4994,10000,0                       
TEL,19712,S5,3591,1075,2944,4994,10000,0                       
TEL,19713,S5,3560,1074,2944,4994,10000,0                       
TEL,19714,S5,3591,1075,2944,4994,10000,0                       
TEL,19715,S5,3653,1078,2944,4994,10000,0                       
TEL,19716,S5,3498,1072,2944,4994,10000,0                       
TEL,19717,S5,3529,1073,2944,4994,10000,0                       
TEL,19718,S5,3591,1075,2944,4994,10000,0                       
TEL,19719,S5,3591,1075,2944,4994,10000,0                       
TEL,19720,S5,3591,1075,2944,4994,10000,0                       
TEL,19721,S5,3560,1074,2944,4994,10000,0                       
TEL,19722,S5,3529,1073,2944,4994,10000,0                       
TEL,19723,S5,3591,1075,2944,4994,10000,0                       
TEL,19724,S5,3466,1071,2944,4994,10000,0                       
TEL,19725,S5,3466,1071,2944,4994,10000,0                       
TEL,19726,S5,3591,1075,2944,4994,10000,0                       
TEL,19727,S5,3591,1075,2944,4994,10000,0                       
TEL,19728,S5,3560,1074,2944,4994,10000,0                       
TEL,19729,S5,3466,1071,2944,4994,10000,0                       
TEL,19730,S5,3591,1075,2944,4994,10000,0                       
TEL,19731,S5,3560,1074,2944,4994,10000,0                       
TEL,19732,S5,3591,1075,2944,4994,10000,0                       
TEL,19733,S5,3529,1073,2944,4994,10000,0                       
TEL,19734,S5,3529,1073,2944,4994,10000,0                       
TEL,19735,S5,3529,1073,2944,4994,10000,0                       
TEL,19736,S5,3498,1072,2944,4994,10000,0                       
TEL,19737,S5,3560,1074,2944,4994,10000,0                       
TEL,19738,S5,3560,1074,2944,4994,10000,0                       
TEL,19739,S5,3560,1074,2944,4994,10000,0                       
TEL,19740,S5,3591,1075,2944,4994,10000,0                       
TEL,19741,S5,3498,1072,2944,4994,10000,0                       
TEL,19742,S5,3529,1073,2944,4994,10000,0                       
TEL,19743,S5,3560,1074,2944,4994,10000,0                       
TEL,19744,S5,3560,1074,2944,4994,10000,0                       
TEL,19745,S5,3560,1074,2944,4994,10000,0                       
TEL,19746,S5,3560,1074,2944,4994,10000,0                       
TEL,19747,S5,3560,1074,2944,4994,10000,0                       
TEL,19748,S5,3529,1073,2944,4994,10000,0                       
TEL,19749,S5,3560,1074,2944,4994,10000,0                       
TEL,19750,S5,3560,1074,2944,4994,10000,0                       
TEL,19751,S5,3498,1072,2944,4994,10000,0                       
TEL,19752,S5,3560,1074,2944,4994,10000,0                       
TEL,19753,S5,3498,1072,2944,4994,10000,0                       
TEL,19754,S5,3498,1072,2944,4994,10000,0                       
TEL,19755,S5,3560,1074,2944,4994,10000,0                       
TEL,19756,S5,3622,1076,2944,4994,10000,0                       
TEL,19757,S5,3560,1074,2944,4994,10000,0                       
TEL,19758,S5,3622,1076,2944,4994,10000,0                       
TEL,19759,S5,3529,1073,2944,4994,10000,0                       
TEL,19760,S5,3560,1074,2944,4994,10000,0                       
TEL,19761,S5,3466,1071,2944,4994,10000,0                       
TEL,19762,S5,3498,1072,2944,4994,10000,0                       
TEL,19763,S5,3653,1078,2944,4994,10000,0                       
TEL,19764,S5,3466,1071,2944,4994,10000,0                       
TEL,19765,S5,3529,1073,2944,4994,10000,0                       
TEL,19766,S5,3560,1074,2944,4994,10000,0                       
TEL,19767,S5,3591,1075,2944,4994,10000,0                       
TEL,19768,S5,3560,1074,2944,4994,10000,0                       
TEL,19769,S5,3560,1074,2944,4994,10000,0                       
TEL,19770,S5,3529,1073,2944,4994,10000,0                       
TEL,19771,S5,3529,1073,2944,4994,10000,0                       
TEL,19772,S5,3591,1075,2944,4994,10000,0                       
TEL,19773,S5,3560,1074,2944,4994,10000,0                       
TEL,19774,S5,3622,1076,2944,4994,10000,0                       
TEL,19775,S5,3498,1072,2944,4994,10000,0                       
TEL,19776,S5,3560,1074,2944,4994,10000,0                       
TEL,19777,S5,3560,1074,2944,4994,10000,0                       
TEL,19778,S5,3560,1074,2944,4994,10000,0                       
TEL,19779,S5,3498,1072,2944,4994,10000,0                       
TEL,19780,S5,3529,1073,2944,4994,10000,0                       
TEL,19781,S5,3498,1072,2944,4994,10000,0                       
TEL,19782,S5,3653,1078,2944,4994,10000,0                       
TEL,19783,S5,3560,1074,2944,4994,10000,0                       
TEL,19784,S5,3498,1072,2944,4994,10000,0                       
TEL,19785,S5,3529,1073,2944,4994,10000,0                       
TEL,19786,S5,3560,1074,2944,4994,10000,0                       
TEL,19787,S5,3498,1072,2944,4994,10000,0                       
TEL,19788,S5,3591,1075,2944,4994,10000,0                       
TEL,19789,S5,3560,1074,2944,4994,10000,0                       
TEL,19790,S5,3560,1074,2944,4994,10000,0                       
TEL,19791,S5,3529,1073,2944,4994,10000,0                       
TEL,19792,S5,3498,1072,2944,4994,10000,0                       
TEL,19793,S5,3560,1074,2944,4994,10000,0                       
TEL,19794,S5,3560,1074,2944,4994,10000,0                       
TEL,19795,S5,3560,1074,2944,4994,10000,0                       
TEL,19796,S5,3560,1074,2944,4994,10000,0                       
TEL,19797,S5,3560,1074,2944,4994,10000,0                       
TEL,19798,S5,3684,1079,2944,4994,10000,0                       
TEL,19799,S5,3560,1074,2944,4994,10000,0                       
TEL,19800,S5,3498,1072,2944,4994,10000,0                       
TEL,19801,S5,3591,1075,2944,4994,10000,0                       
TEL,19802,S5,3529,1073,2944,4994,10000,0                       
TEL,19803,S5,3560,1074,2944,4994,10000,0                       
TEL,19804,S5,3622,1076,2944,4994,10000,0                       
TEL,19805,S5,3560,1074,2944,4994,10000,0                       
BTN,143,S5,PRESSED,19806,399485278,399485295,399485297         
TEL,19807,S5,3591,1075,2944,5052,10000,1                       
TEL,19808,S5,3529,1073,2944,5044,10000,0                       
TEL,19809,S5,3529,1073,2944,4994,10000,0                       
TEL,19810,S5,3529,1073,2944,4994,10000,0                       
TEL,19811,S5,3498,1072,2944,4994,10000,0                       
TEL,19812,S5,3560,1074,2944,4994,10000,0                       
TEL,19813,S5,3560,1074,2944,4994,10000,0                       
TEL,19814,S5,3560,1074,2944,4994,10000,0                       
TEL,19815,S5,3591,1075,2944,4994,10000,0                       
TEL,19816,S5,3591,1075,2944,4994,10000,0                       
TEL,19817,S5,3529,1073,2944,4994,10000,0                       
TEL,19818,S5,3591,1075,2944,4994,10000,0                       
TEL,19819,S5,3498,1072,2944,4994,10000,0                       
TEL,19820,S5,3529,1073,2944,4994,10000,0                       
TEL,19821,S5,3591,1075,2944,5003,10000,0                       
TEL,19822,S5,3529,1073,2944,4994,10000,0                       
TEL,19823,S5,3560,1074,2944,4994,10000,0                       
TEL,19824,S5,3498,1072,2944,4994,10000,0                       
TEL,19825,S5,3529,1073,2944,4994,10000,0                       
TEL,19826,S5,3560,1074,2944,4994,10000,0                       
TEL,19827,S5,3591,1075,2944,4994,10000,0                       
TEL,19828,S5,3684,1079,2944,4994,10000,0                       
TEL,19829,S5,3591,1075,2944,4994,10000,0                       
TEL,19830,S5,3529,1073,2944,4994,10000,0                       
TEL,19831,S5,3560,1074,2944,4994,10000,0                       
TEL,19832,S5,3529,1073,2944,4994,10000,0                       
TEL,19833,S5,3560,1074,2944,4994,10000,0                       
TEL,19834,S5,3560,1074,2944,4994,10000,0                       
TEL,19835,S5,3560,1074,2944,4994,10000,0                       
TEL,19836,S5,3560,1074,2944,4994,10000,0                       
TEL,19837,S5,3560,1074,2944,4994,10000,0                       
TEL,19838,S5,3560,1074,2944,4994,10000,0                       
TEL,19839,S5,3560,1074,2944,4994,10000,0                       
TEL,19840,S5,3653,1078,2944,4994,10000,0                       
TEL,19841,S5,3591,1075,2944,4994,10000,0                       
TEL,19842,S5,3591,1075,2944,4994,10000,0                       
TEL,19843,S5,3560,1074,2944,4994,10000,0                       
TEL,19844,S5,3498,1072,2944,4994,10000,0                       
TEL,19845,S5,3560,1074,2944,4994,10000,0                       
TEL,19846,S5,3560,1074,2944,4994,10000,0                       
TEL,19847,S5,3560,1074,2944,4994,10000,0                       
TEL,19848,S5,3591,1075,2944,4994,10000,0                       
TEL,19849,S5,3560,1074,2944,4994,10000,0                       
TEL,19850,S5,3653,1078,2944,4994,10000,0                       
TEL,19851,S5,3653,1078,2944,4994,10000,0                       
TEL,19852,S5,3560,1074,2944,4994,10000,0                       
TEL,19853,S5,3622,1076,2944,4994,10000,0                       
TEL,19854,S5,3560,1074,2944,4994,10000,0                       
TEL,19855,S5,3529,1073,2944,4994,10000,0                       
TEL,19856,S5,3529,1073,2944,4994,10000,0                       
TEL,19857,S5,3529,1073,2944,4994,10000,0                       
TEL,19858,S5,3591,1075,2944,4994,10000,0                       
TEL,19859,S5,3591,1075,2944,4994,10000,0                       
TEL,19860,S5,3529,1073,2944,4994,10000,0                       
TEL,19861,S5,3498,1072,2944,4994,10000,0                       
TEL,19862,S5,3466,1071,2944,4994,10000,0                       
TEL,19863,S5,3529,1073,2944,4994,10000,0                       
TEL,19864,S5,3560,1074,2944,4994,10000,0                       
TEL,19865,S5,3498,1072,2944,4994,10000,0                       
TEL,19866,S5,3498,1072,2944,4994,10000,0                       
TEL,19867,S5,3498,1072,2944,4994,10000,0                       
TEL,19868,S5,3529,1073,2944,4994,10000,0                       
TEL,19869,S5,3622,1076,2944,4994,10000,0                       
TEL,19870,S5,3591,1075,2944,4994,10000,0                       
TEL,19871,S5,3591,1075,2944,4994,10000,0                       
TEL,19872,S5,3560,1074,2944,4994,10000,0                       
TEL,19873,S5,3591,1075,2944,4994,10000,0                       
TEL,19874,S5,3466,1071,2944,4994,10000,0                       
TEL,19875,S5,3560,1074,2944,4994,10000,0                       
TEL,19876,S5,3591,1075,2944,4994,10000,0                       
TEL,19877,S5,3560,1074,2944,4994,10000,0                       
TEL,19878,S5,3653,1078,2944,4994,10000,0                       
TEL,19879,S5,3560,1074,2944,4994,10000,0                       
TEL,19880,S5,3560,1074,2944,4994,10000,0                       
TEL,19881,S5,3622,1077,2944,4994,10000,0                       
TEL,19882,S5,3560,1074,2944,4994,10000,0                       
TEL,19883,S5,3591,1075,2944,4994,10000,0                       
TEL,19884,S5,3591,1075,2944,4994,10000,0                       
TEL,19885,S5,3560,1074,2944,4994,10000,0                       
TEL,19886,S5,3560,1074,2944,4994,10000,0                       
TEL,19887,S5,3529,1073,2944,4994,10000,0                       
TEL,19888,S5,3560,1074,2944,4994,10000,0                       
TEL,19889,S5,3529,1073,2944,4994,10000,0                       
TEL,19890,S5,3591,1075,2944,4994,10000,0                       
TEL,19891,S5,3560,1074,2944,4994,10000,0                       
TEL,19892,S5,3591,1075,2944,4994,10000,0                       
TEL,19893,S5,3529,1073,2944,4994,10000,0                       
TEL,19894,S5,3591,1075,2944,4994,10000,0                       
TEL,19895,S5,3529,1073,2944,4994,10000,0                       
TEL,19896,S5,3591,1075,2944,4994,10000,0                       
TEL,19897,S5,3560,1074,2944,4994,10000,0                       
TEL,19898,S5,3560,1074,2944,4994,10000,0                       
TEL,19899,S5,3560,1074,2944,4994,10000,0                       
TEL,19900,S5,3498,1072,2944,4994,10000,0                       
TEL,19901,S5,3591,1075,2944,4994,10000,0                       
TEL,19902,S5,3529,1073,2944,4994,10000,0                       
TEL,19903,S5,3560,1074,2944,4994,10000,0                       
TEL,19904,S5,3560,1074,2944,4994,10000,0                       
TEL,19905,S5,3622,1077,2944,4994,10000,0                       
TEL,19906,S5,3529,1073,2944,4994,10000,0                       
TEL,19907,S5,3529,1073,2944,4994,10000,0                       
TEL,19908,S5,3529,1073,2944,4994,10000,0                       
TEL,19909,S5,3529,1073,2944,4994,10000,0                       
TEL,19910,S5,3529,1073,2944,4994,10000,0                       
TEL,19911,S5,3591,1075,2944,4994,10000,0                       
TEL,19912,S5,3560,1074,2944,4994,10000,0                       
TEL,19913,S5,3529,1073,2944,4994,10000,0                       
TEL,19914,S5,3560,1074,2944,4994,10000,0                       
TEL,19915,S5,3560,1074,2944,4994,10000,0                       
TEL,19916,S5,3529,1073,2944,4994,10000,0                       
TEL,19917,S5,3622,1077,2944,4994,10000,0                       
TEL,19918,S5,3560,1074,2944,4994,10000,0                       
TEL,19919,S5,3591,1075,2944,4994,10000,0                       
TEL,19920,S5,3498,1072,2944,4994,10000,0                       
TEL,19921,S5,3560,1074,2944,4994,10000,0                       
TEL,19922,S5,3560,1074,2944,4994,10000,0                       
TEL,19923,S5,3498,1072,2944,4994,10000,0                       
TEL,19924,S5,3591,1075,2944,4994,10000,0                       
TEL,19925,S5,3466,1071,2944,4994,10000,0                       
TEL,19926,S5,3560,1074,2944,4994,10000,0                       
TEL,19927,S5,3591,1075,2944,4994,10000,0                       
TEL,19928,S5,3498,1072,2944,4994,10000,0                       
TEL,19929,S5,3591,1075,2944,4994,10000,0                       
TEL,19930,S5,3560,1074,2944,4994,10000,0                       
TEL,19931,S5,3342,1067,2944,4994,10000,0                       
TEL,19932,S5,3560,1074,2944,4994,10000,0                       
TEL,19933,S5,3622,1076,2944,4994,10000,0                       
TEL,19934,S5,3560,1074,2944,4994,10000,0                       
TEL,19935,S5,3560,1074,2944,4994,10000,0                       
TEL,19936,S5,3560,1074,2944,4994,10000,0                       
TEL,19937,S5,3529,1073,2944,4994,10000,0                       
TEL,19938,S5,3560,1074,2944,4994,10000,0                       
TEL,19939,S5,3498,1072,2944,4994,10000,0                       
TEL,19940,S5,3591,1075,2944,4994,10000,0                       
TEL,19941,S5,3560,1074,2944,4994,10000,0                       
TEL,19942,S5,3529,1073,2944,4994,10000,0                       
TEL,19943,S5,3560,1074,2944,4994,10000,0                       
TEL,19944,S5,3622,1077,2944,4994,10000,0                       
TEL,19945,S5,3560,1074,2944,4994,10000,0                       
TEL,19946,S5,3529,1073,2944,4994,10000,0                       
TEL,19947,S5,3560,1074,2944,4994,10000,0                       
TEL,19948,S5,3591,1075,2944,4994,10000,0                       
TEL,19949,S5,3622,1076,2944,4994,10000,0                       
TEL,19950,S5,3529,1073,2944,4994,10000,0                       
TEL,19951,S5,3560,1074,2944,4994,10000,0                       
TEL,19952,S5,3560,1074,2944,4994,10000,0                       
TEL,19953,S5,3560,1074,2944,4994,10000,0                       
TEL,19954,S5,3560,1074,2944,4994,10000,0                       
TEL,19955,S5,3560,1074,2944,4994,10000,0                       
TEL,19956,S5,3373,1068,2944,4994,10000,0                       
TEL,19957,S5,3560,1074,2944,4994,10000,0                       
TEL,19958,S5,3498,1072,2944,4994,10000,0                       
TEL,19959,S5,3435,1070,2944,4994,10000,0                       
TEL,19960,S5,3560,1074,2944,4994,10000,0                       
TEL,19961,S5,3591,1075,2944,4994,10000,0                       
TEL,19962,S5,3560,1074,2944,4994,10000,0                       
TEL,19963,S5,3591,1075,2944,4994,10000,0                       
BTN,144,S5,PRESSED,19964,401057122,401057140,401057142         
TEL,19965,S5,3560,1074,2944,5054,10000,1                       
TEL,19966,S5,3560,1074,2944,5044,10003,0                       
TEL,19967,S5,3529,1073,2944,4994,9997,0                        
TEL,19968,S5,3498,1072,2944,4994,10000,0                       
TEL,19969,S5,3591,1075,2944,4994,10000,0                       
TEL,19970,S5,3498,1072,2944,4994,10000,0                       
TEL,19971,S5,3529,1073,2944,4994,10000,0                       
TEL,19972,S5,3560,1074,2944,4994,10000,0                       
TEL,19973,S5,3560,1074,2944,4994,10000,0                       
TEL,19974,S5,3560,1074,2944,4994,10000,0                       
TEL,19975,S5,3529,1073,2944,4994,10000,0                       
TEL,19976,S5,3560,1074,2944,4994,10000,0                       
TEL,19977,S5,3560,1074,2944,4994,10000,0                       
TEL,19978,S5,3498,1072,2944,4994,10000,0                       
TEL,19979,S5,3560,1074,2944,4994,10000,0                       
TEL,19980,S5,3560,1074,2944,4994,10000,0                       
TEL,19981,S5,3529,1073,2944,4994,10000,0                       
TEL,19982,S5,3591,1075,2944,4994,10000,0                       
TEL,19983,S5,3498,1072,2944,4994,10000,0                       
TEL,19984,S5,3529,1073,2944,4994,10000,0                       
TEL,19985,S5,3560,1074,2944,4994,10000,0                       
TEL,19986,S5,3560,1074,2944,4994,10000,0                       
TEL,19987,S5,3529,1073,2944,4994,10000,0                       
TEL,19988,S5,3529,1073,2944,4994,10000,0                       
TEL,19989,S5,3498,1072,2944,4994,10000,0                       
TEL,19990,S5,3560,1074,2944,4994,10000,0                       
TEL,19991,S5,3560,1074,2944,4994,10000,0                       
TEL,19992,S5,3560,1074,2944,4994,10000,0                       
TEL,19993,S5,3498,1072,2944,4994,10000,0                       
TEL,19994,S5,3435,1070,2944,4994,10000,0                       
TEL,19995,S5,3529,1073,2944,4994,10000,0                       
TEL,19996,S5,3591,1075,2944,4994,10000,0                       
TEL,19997,S5,3560,1074,2944,4994,10000,0                       
TEL,19998,S5,3498,1072,2944,4994,10000,0                       
TEL,19999,S5,3560,1074,2944,4994,10000,0                       
TEL,20000,S5,3498,1072,2944,4994,10000,0                       
TEL,20001,S5,3529,1073,2944,4994,10000,0                       
TEL,20002,S5,3529,1073,2944,4994,10000,0                       
TEL,20003,S5,3529,1073,2944,4994,10000,0                       
TEL,20004,S5,3560,1074,2944,4994,10000,0                       
TEL,20005,S5,3529,1073,2944,4994,10000,0                       
TEL,20006,S5,3498,1072,2944,4994,10000,0                       
TEL,20007,S5,3560,1074,2944,4994,10000,0                       
TEL,20008,S5,3466,1071,2944,4994,10000,0                       
TEL,20009,S5,3560,1074,2944,4994,10000,0                       
TEL,20010,S5,3529,1073,2944,4994,10000,0                       
TEL,20011,S5,3591,1075,2944,4994,10000,0                       
TEL,20012,S5,3498,1072,2944,4994,10000,0                       
TEL,20013,S5,3529,1073,2944,4994,10000,0                       
TEL,20014,S5,3529,1073,2944,4994,10000,0                       
TEL,20015,S5,3653,1078,2944,4994,10000,0                       
TEL,20016,S5,3529,1073,2944,4994,10000,0                       
TEL,20017,S5,3529,1073,2944,4994,10000,0                       
TEL,20018,S5,3560,1074,2944,4994,10000,0                       
TEL,20019,S5,3622,1076,2944,4994,10000,0                       
TEL,20020,S5,3498,1072,2944,4994,10000,0                       
TEL,20021,S5,3560,1074,2944,4994,10000,0                       
TEL,20022,S5,3684,1079,2944,4994,10000,0                       
TEL,20023,S5,3498,1072,2944,4994,10000,0                       
TEL,20024,S5,3560,1074,2944,4994,10000,0                       
TEL,20025,S5,3498,1072,2944,4994,10000,0                       
TEL,20026,S5,3560,1074,2944,4994,10000,0                       
TEL,20027,S5,3498,1072,2944,4994,10000,0                       
TEL,20028,S5,3373,1068,2944,4994,10000,0                       
TEL,20029,S5,3529,1073,2944,4994,10000,0                       
TEL,20030,S5,3529,1073,2944,4994,10000,0                       
TEL,20031,S5,3498,1072,2944,4994,10000,0                       
TEL,20032,S5,3622,1077,2944,4994,10000,0                       
TEL,20033,S5,3560,1074,2944,4994,10000,0                       
TEL,20034,S5,3466,1071,2944,4994,10000,0                       
TEL,20035,S5,3560,1074,2944,4994,10000,0                       
TEL,20036,S5,3498,1072,2944,4994,10000,0                       
TEL,20037,S5,3591,1075,2944,4994,10000,0                       
TEL,20038,S5,3466,1071,2944,4994,10000,0                       
TEL,20039,S5,3560,1074,2944,4994,10000,0                       
TEL,20040,S5,3498,1072,2944,4994,10000,0                       
TEL,20041,S5,3498,1072,2944,4994,10000,0                       
TEL,20042,S5,3591,1075,2944,4994,10000,0                       
TEL,20043,S5,3591,1075,2944,4994,10000,0                       
TEL,20044,S5,3560,1074,2944,4994,10000,0                       
TEL,20045,S5,3591,1075,2944,4994,10000,0                       
TEL,20046,S5,3591,1075,2944,4994,10000,0                       
TEL,20047,S5,3498,1072,2944,4994,10000,0                       
TEL,20048,S5,3498,1072,2944,4994,10000,0                       
TEL,20049,S5,3529,1073,2944,4994,10000,0                       
TEL,20050,S5,3591,1075,2944,4994,10000,0                       
TEL,20051,S5,3529,1073,2944,4994,10000,0                       
TEL,20052,S5,3591,1075,2944,4994,10000,0                       
TEL,20053,S5,3560,1074,2944,4994,10000,0                       
TEL,20054,S5,3560,1074,2944,4994,10000,0                       
TEL,20055,S5,3529,1073,2944,4994,10000,0                       
TEL,20056,S5,3435,1070,2944,4994,10000,0                       
TEL,20057,S5,3560,1074,2944,4994,10000,0                       
TEL,20058,S5,3498,1072,2944,4994,10000,0                       
TEL,20059,S5,3560,1074,2944,4994,10000,0                       
TEL,20060,S5,3342,1066,2944,4994,10000,0                       
TEL,20061,S5,3560,1074,2944,4994,10000,0                       
TEL,20062,S5,3560,1074,2944,4994,10000,0                       
TEL,20063,S5,3560,1074,2944,4994,10000,0                       
TEL,20064,S5,3560,1074,2944,4994,10000,0                       
TEL,20065,S5,3466,1071,2944,4994,10000,0                       
TEL,20066,S5,3498,1072,2944,4994,10000,0                       
TEL,20067,S5,3560,1074,2944,4994,10000,0                       
TEL,20068,S5,3560,1074,2944,4994,10000,0                       
TEL,20069,S5,3560,1074,2944,4994,10000,0                       
TEL,20070,S5,3591,1075,2944,4994,10000,0                       
TEL,20071,S5,3529,1073,2944,4994,10000,0                       
TEL,20072,S5,3560,1074,2944,4994,10000,0                       
TEL,20073,S5,3529,1073,2944,4994,10000,0                       
TEL,20074,S5,3529,1073,2944,4994,10000,0                       
TEL,20075,S5,3498,1072,2944,4994,10000,0                       
TEL,20076,S5,3560,1074,2944,4994,10000,0                       
TEL,20077,S5,3498,1072,2944,4994,10000,0                       
TEL,20078,S5,3591,1075,2944,4994,10000,0                       
TEL,20079,S5,3529,1073,2944,4994,10000,0                       
TEL,20080,S5,3498,1072,2944,4994,10000,0                       
TEL,20081,S5,3560,1074,2944,4994,10000,0                       
TEL,20082,S5,3498,1072,2944,4994,10000,0                       
TEL,20083,S5,3498,1072,2944,4994,10000,0                       
TEL,20084,S5,3591,1075,2944,4994,10000,0                       
TEL,20085,S5,3560,1074,2944,4994,10000,0                       
TEL,20086,S5,3560,1074,2944,4994,10000,0                       
TEL,20087,S5,3560,1074,2944,4994,10000,0                       
TEL,20088,S5,3591,1075,2944,4994,10000,0                       
TEL,20089,S5,3435,1070,2944,4994,10000,0                       
TEL,20090,S5,3591,1075,2944,4994,10000,0                       
TEL,20091,S5,3529,1073,2944,4994,10000,0                       
TEL,20092,S5,3342,1067,2944,4994,10000,0                       
TEL,20093,S5,3498,1072,2944,4994,10000,0                       
TEL,20094,S5,3622,1077,2944,4994,10000,0                       
TEL,20095,S5,3529,1073,2944,4994,10000,0                       
TEL,20096,S5,3560,1074,2944,4994,10000,0                       
TEL,20097,S5,3560,1074,2944,4994,10000,0                       
TEL,20098,S5,3498,1072,2944,4994,10000,0                       
TEL,20099,S5,3591,1075,2944,4994,10000,0                       
TEL,20100,S5,3529,1073,2944,4994,10000,0                       
TEL,20101,S5,3498,1072,2944,4994,10000,0                       
TEL,20102,S5,3560,1074,2944,4994,10000,0                       
TEL,20103,S5,3560,1074,2944,4994,10000,0                       
TEL,20104,S5,3529,1073,2944,4994,10000,0                       
TEL,20105,S5,3560,1074,2944,4994,10000,0                       
TEL,20106,S5,3560,1074,2944,4994,10000,0                       
TEL,20107,S5,3622,1077,2944,4994,10000,0                       
TEL,20108,S5,3560,1074,2944,4994,10000,0                       
TEL,20109,S5,3529,1073,2944,4994,10000,0                       
TEL,20110,S5,3622,1076,2944,4994,10000,0                       
TEL,20111,S5,3560,1074,2944,4994,10000,0                       
TEL,20112,S5,3529,1073,2944,4994,10000,0                       
TEL,20113,S5,3498,1072,2944,4994,10000,0                       
TEL,20114,S5,3529,1073,2944,4994,10000,0                       
TEL,20115,S5,3560,1074,2944,4994,10000,0                       
TEL,20116,S5,3560,1074,2944,4994,10000,0                       
TEL,20117,S5,3560,1074,2944,4994,10000,0                       
TEL,20118,S5,3529,1073,2944,4994,10000,0                       
TEL,20119,S5,3529,1073,2944,4994,10000,0                       
TEL,20120,S5,3498,1072,2944,4994,10000,0                       
TEL,20121,S5,3498,1072,2944,4994,10000,0                       
TEL,20122,S5,3435,1070,2944,4994,10000,0                       
TEL,20123,S5,3498,1072,2944,4994,10000,0                       
TEL,20124,S5,3529,1073,2944,4994,10000,0                       
TEL,20125,S5,3404,1069,2944,4994,10000,0                       
BTN,145,S5,PRESSED,20126,402660829,402660850,402660852         
TEL,20127,S5,3560,1074,2944,5044,10000,0                       
TEL,20128,S5,3591,1075,2944,4994,10000,0                       
TEL,20129,S5,3529,1073,2944,4994,10000,0                       
TEL,20130,S5,3560,1074,2944,4994,10000,0                       
TEL,20131,S5,3529,1073,2944,4994,10000,0                       
TEL,20132,S5,3591,1075,2944,4994,10000,0                       
TEL,20133,S5,3529,1073,2944,4994,10000,0                       
TEL,20134,S5,3498,1072,2944,4994,10000,0                       
TEL,20135,S5,3560,1074,2944,4994,10000,0                       
TEL,20136,S5,3529,1073,2944,4994,10000,0                       
TEL,20137,S5,3529,1073,2944,4994,10000,0                       
TEL,20138,S5,3591,1075,2944,4997,10000,0                       
TEL,20139,S5,3747,1081,2944,4994,10000,0                       
TEL,20140,S5,3560,1074,2944,4994,10000,0                       
TEL,20141,S5,3466,1071,2944,4994,10000,0                       
TEL,20142,S5,3560,1074,2944,4994,10000,0                       
TEL,20143,S5,3591,1075,2944,4994,10000,0                       
TEL,20144,S5,3591,1075,2944,4994,10000,0                       
TEL,20145,S5,3560,1074,2944,4994,10000,0                       
TEL,20146,S5,3591,1075,2944,4994,10000,0                       
TEL,20147,S5,3560,1074,2944,4994,10000,0                       
TEL,20148,S5,3560,1074,2944,4994,10000,0                       
TEL,20149,S5,3560,1074,2944,4994,10000,0                       
TEL,20150,S5,3560,1074,2944,4994,10000,0                       
TEL,20151,S5,3529,1073,2944,4994,10000,0                       
TEL,20152,S5,3591,1075,2944,4994,10000,0                       
TEL,20153,S5,3560,1074,2944,4994,10000,0                       
TEL,20154,S5,3529,1073,2944,4994,10000,0                       
TEL,20155,S5,3560,1074,2944,4994,10000,0                       
TEL,20156,S5,3560,1074,2944,4994,10000,0                       
TEL,20157,S5,3560,1074,2944,4994,10000,0                       
TEL,20158,S5,3560,1074,2944,4994,10000,0                       
TEL,20159,S5,3560,1074,2944,4994,10000,0                       
TEL,20160,S5,3560,1074,2944,4994,10000,0                       
TEL,20161,S5,3498,1072,2944,4994,10000,0                       
TEL,20162,S5,3560,1074,2944,4994,10000,0                       
TEL,20163,S5,3560,1074,2944,4994,10000,0                       
TEL,20164,S5,3560,1074,2944,4994,10000,0                       
TEL,20165,S5,3591,1075,2944,4994,10000,0                       
TEL,20166,S5,3498,1072,2944,4994,10000,0                       
TEL,20167,S5,3466,1071,2944,4994,10000,0                       
TEL,20168,S5,3560,1074,2944,4994,10000,0                       
TEL,20169,S5,3591,1075,2944,4994,10000,0                       
TEL,20170,S5,3560,1074,2944,4994,10000,0                       
TEL,20171,S5,3529,1073,2944,4994,10000,0                       
TEL,20172,S5,3560,1074,2944,4994,10000,0                       
TEL,20173,S5,3653,1078,2944,4994,10000,0                       
TEL,20174,S5,3591,1075,2944,4994,10000,0                       
TEL,20175,S5,3591,1075,2944,4994,10000,0                       
TEL,20176,S5,3622,1076,2944,4994,10000,0                       
TEL,20177,S5,3560,1074,2944,4994,10000,0                       
TEL,20178,S5,3560,1074,2944,4994,10000,0                       
TEL,20179,S5,3560,1074,2944,4994,10000,0                       
TEL,20180,S5,3560,1074,2944,4994,10000,0                       
TEL,20181,S5,3560,1074,2944,4994,10000,0                       
TEL,20182,S5,3560,1074,2944,4994,10000,0                       
TEL,20183,S5,3498,1072,2944,4994,10000,0                       
TEL,20184,S5,3529,1073,2944,4994,10000,0                       
TEL,20185,S5,3529,1073,2944,4994,10000,0                       
TEL,20186,S5,3498,1072,2944,4994,10000,0                       
TEL,20187,S5,3560,1074,2944,4994,10000,0                       
TEL,20188,S5,3498,1072,2944,4994,10000,0                       
TEL,20189,S5,3591,1075,2944,4994,10000,0                       
TEL,20190,S5,3591,1075,2944,4994,10000,0                       
TEL,20191,S5,3591,1075,2944,4994,10000,0                       
TEL,20192,S5,3498,1072,2944,4994,10000,0                       
TEL,20193,S5,3591,1075,2944,4994,10000,0                       
TEL,20194,S5,3560,1074,2944,4994,10000,0                       
TEL,20195,S5,3560,1074,2944,4994,10000,0                       
TEL,20196,S5,3591,1075,2944,4994,10000,0                       
TEL,20197,S5,3591,1075,2944,4994,10000,0                       
TEL,20198,S5,3560,1074,2944,4994,10000,0                       
TEL,20199,S5,3560,1074,2944,4994,10000,0                       
TEL,20200,S5,3591,1075,2944,4994,10000,0                       
TEL,20201,S5,3529,1073,2944,4994,10000,0                       
TEL,20202,S5,3466,1071,2944,4994,10000,0                       
TEL,20203,S5,3560,1074,2944,4994,10000,0                       
TEL,20204,S5,3560,1074,2944,4994,10000,0                       
TEL,20205,S5,3560,1074,2944,4994,10000,0                       
TEL,20206,S5,3529,1073,2944,4994,10000,0                       
TEL,20207,S5,3591,1075,2944,4994,10000,0                       
TEL,20208,S5,3591,1075,2944,4994,10000,0                       
TEL,20209,S5,3560,1074,2944,4994,10000,0                       
TEL,20210,S5,3560,1074,2944,4994,10000,0                       
TEL,20211,S5,3560,1074,2944,4994,10000,0                       
TEL,20212,S5,3560,1074,2944,4994,10000,0                       
TEL,20213,S5,3529,1073,2944,4994,10000,0                       
TEL,20214,S5,3591,1075,2944,4994,10000,0                       
TEL,20215,S5,3498,1072,2944,4994,10000,0                       
TEL,20216,S5,3591,1075,2944,4994,10000,0                       
TEL,20217,S5,3560,1074,2944,4994,10000,0                       
TEL,20218,S5,3560,1074,2944,4994,10000,0                       
TEL,20219,S5,3560,1074,2944,4994,10000,0                       
TEL,20220,S5,3560,1074,2944,4994,10000,0                       
TEL,20221,S5,3498,1072,2944,4994,10000,0                       
TEL,20222,S5,3560,1074,2944,4994,10000,0                       
TEL,20223,S5,3622,1076,2944,4994,10000,0                       
TEL,20224,S5,3560,1074,2944,4994,10000,0                       
TEL,20225,S5,3560,1074,2944,4994,10000,0                       
TEL,20226,S5,3529,1073,2944,4994,10000,0                       
TEL,20227,S5,3498,1072,2944,4994,10000,0                       
TEL,20228,S5,3560,1074,2944,4994,10000,0                       
TEL,20229,S5,3560,1074,2944,4994,10000,0                       
TEL,20230,S5,3560,1074,2944,4994,10000,0                       
TEL,20231,S5,3560,1074,2944,4994,10000,0                       
TEL,20232,S5,3591,1075,2944,4994,10000,0                       
TEL,20233,S5,3591,1075,2944,4994,10000,0                       
TEL,20234,S5,3560,1074,2944,4994,10000,0                       
TEL,20235,S5,3498,1072,2944,4994,10000,0                       
TEL,20236,S5,3560,1074,2944,4994,10000,0                       
TEL,20237,S5,3560,1074,2944,4994,10000,0                       
TEL,20238,S5,3404,1069,2944,4994,10000,0                       
TEL,20239,S5,3591,1075,2944,4994,10000,0                       
TEL,20240,S5,3498,1072,2944,4994,10000,0                       
TEL,20241,S5,3560,1074,2944,4994,10000,0                       
TEL,20242,S5,3560,1074,2944,4994,10000,0                       
TEL,20243,S5,3529,1073,2944,4994,10000,0                       
TEL,20244,S5,3591,1075,2944,4994,10000,0                       
TEL,20245,S5,3498,1072,2944,4994,10000,0                       
TEL,20246,S5,3560,1074,2944,4994,10000,0                       
TEL,20247,S5,3498,1072,2944,4994,10000,0                       
TEL,20248,S5,3529,1073,2944,4994,10000,0                       
TEL,20249,S5,3560,1074,2944,4994,10000,0                       
TEL,20250,S5,3560,1074,2944,4994,10000,0                       
TEL,20251,S5,3591,1075,2944,4994,10000,0                       
TEL,20252,S5,3498,1072,2944,4994,10000,0                       
TEL,20253,S5,3498,1072,2944,4994,10000,0                       
TEL,20254,S5,3622,1076,2944,4994,10000,0                       
TEL,20255,S5,3622,1076,2944,4994,10000,0                       
TEL,20256,S5,3529,1073,2944,4994,10000,0                       
TEL,20257,S5,3529,1073,2944,4994,10000,0                       
TEL,20258,S5,3591,1075,2944,4994,10000,0                       
TEL,20259,S5,3560,1074,2944,4994,10000,0                       
TEL,20260,S5,3560,1074,2944,4994,10000,0                       
TEL,20261,S5,3591,1075,2944,4994,10000,0                       
TEL,20262,S5,3529,1073,2944,4994,10000,0                       
TEL,20263,S5,3591,1075,2944,4994,10000,0                       
TEL,20264,S5,3560,1074,2944,4994,10000,0                       
TEL,20265,S5,3529,1073,2944,4994,10000,0                       
TEL,20266,S5,3560,1074,2944,4994,10000,0                       
TEL,20267,S5,3560,1074,2944,4994,10000,0                       
TEL,20268,S5,3560,1074,2944,4994,10000,0                       
TEL,20269,S5,3560,1074,2944,4994,10000,0                       
TEL,20270,S5,3560,1074,2944,4994,10000,0                       
TEL,20271,S5,3622,1076,2944,4994,10000,0                       
TEL,20272,S5,3560,1074,2944,4994,10000,0                       
TEL,20273,S5,3591,1075,2944,4994,10000,0                       
TEL,20274,S5,3560,1074,2944,4994,10000,0                       
TEL,20275,S5,3591,1075,2944,4994,10000,0                       
TEL,20276,S5,3529,1073,2944,4994,10000,0                       
TEL,20277,S5,3560,1074,2944,4994,10000,0                       
TEL,20278,S5,3560,1074,2944,4994,10000,0                       
TEL,20279,S5,3560,1074,2944,4994,10000,0                       
TEL,20280,S5,3591,1075,2944,4994,10000,0                       
TEL,20281,S5,3529,1073,2944,4994,10000,0                       
TEL,20282,S5,3529,1073,2944,4994,10000,0                       
TEL,20283,S5,3560,1074,2944,4994,10000,0                       
TEL,20284,S5,3591,1075,2944,4994,10000,0                       
TEL,20285,S5,3529,1073,2944,4994,10000,0                       
TEL,20286,S5,3560,1074,2944,4994,10000,0                       
TEL,20287,S5,3622,1076,2944,4994,10000,0                       
TEL,20288,S5,3591,1075,2944,4994,10000,0                       
TEL,20289,S5,3498,1072,2944,4994,10000,0                       
TEL,20290,S5,3560,1074,2944,4994,10000,0                       
TEL,20291,S5,3560,1074,2944,4994,10000,0                       
TEL,20292,S5,3591,1075,2944,4994,10000,0                       
TEL,20293,S5,3591,1075,2944,4994,10000,0                       
BTN,146,S5,PRESSED,20294,404338513,404338530,404338532         
TEL,20295,S5,3529,1073,2944,5052,10000,1                       
TEL,20296,S5,3591,1075,2944,5044,10000,0                       
TEL,20297,S5,3529,1073,2944,4994,10000,0                       
TEL,20298,S5,3591,1075,2944,4994,10000,0                       
TEL,20299,S5,3498,1072,2944,4994,10000,0                       
TEL,20300,S5,3591,1075,2944,4994,10000,0                       
TEL,20301,S5,3529,1073,2944,4994,10000,0                       
TEL,20302,S5,3591,1075,2944,4994,10000,0                       
TEL,20303,S5,3529,1073,2944,4994,10000,0                       
TEL,20304,S5,3591,1075,2944,4994,10000,0                       
TEL,20305,S5,3529,1073,2944,4994,10000,0                       
TEL,20306,S5,3529,1073,2944,4994,10000,0                       
TEL,20307,S5,3342,1067,2944,4994,10000,0                       
TEL,20308,S5,3529,1073,2944,4994,10000,0                       
TEL,20309,S5,3591,1075,2944,4994,10000,0                       
TEL,20310,S5,3560,1074,2944,4994,10000,0                       
TEL,20311,S5,3622,1076,2944,4994,10000,0                       
TEL,20312,S5,3498,1072,2944,4994,10000,0                       
TEL,20313,S5,3529,1073,2944,4994,10000,0                       
TEL,20314,S5,3560,1074,2944,4994,10000,0                       
TEL,20315,S5,3560,1074,2944,4994,10000,0                       
TEL,20316,S5,3591,1075,2944,4994,10000,0                       
TEL,20317,S5,3560,1074,2944,4994,10000,0                       
TEL,20318,S5,3498,1072,2944,4994,10000,0                       
TEL,20319,S5,3529,1073,2944,4994,10000,0                       
TEL,20320,S5,3653,1078,2944,4994,10000,0                       
TEL,20321,S5,3591,1075,2944,4994,10000,0                       
TEL,20322,S5,3498,1072,2944,4994,10000,0                       
TEL,20323,S5,3560,1074,2944,4994,10000,0                       
TEL,20324,S5,3466,1071,2944,4994,10000,0                       
TEL,20325,S5,3529,1073,2944,4994,10000,0                       
TEL,20326,S5,3529,1073,2944,4994,10000,0                       
TEL,20327,S5,3591,1075,2944,4994,10000,0                       
TEL,20328,S5,3498,1072,2944,4994,10000,0                       
TEL,20329,S5,3529,1073,2944,4994,10000,0                       
TEL,20330,S5,3560,1074,2944,4994,10000,0                       
TEL,20331,S5,3560,1074,2944,4994,10000,0                       
TEL,20332,S5,3560,1074,2944,4994,10000,0                       
TEL,20333,S5,3591,1075,2944,4994,10000,0                       
TEL,20334,S5,3560,1074,2944,4994,10000,0                       
TEL,20335,S5,3560,1074,2944,4994,10000,0                       
TEL,20336,S5,3591,1075,2944,4994,10000,0                       
TEL,20337,S5,3498,1072,2944,4994,10000,0                       
TEL,20338,S5,3529,1073,2944,4994,10000,0                       
TEL,20339,S5,3591,1075,2944,4994,10000,0                       
TEL,20340,S5,3622,1077,2944,4994,10000,0                       
TEL,20341,S5,3529,1073,2944,4994,10000,0                       
TEL,20342,S5,3498,1072,2944,4994,10000,0                       
TEL,20343,S5,3560,1074,2944,4994,10000,0                       
TEL,20344,S5,3560,1074,2944,4994,10000,0                       
TEL,20345,S5,3466,1071,2944,4994,10000,0                       
TEL,20346,S5,3529,1073,2944,4994,10000,0                       
TEL,20347,S5,3560,1074,2944,4994,10000,0                       
TEL,20348,S5,3591,1075,2944,4994,10000,0                       
TEL,20349,S5,3435,1070,2944,4994,10000,0                       
TEL,20350,S5,3529,1073,2944,4994,10000,0                       
TEL,20351,S5,3529,1073,2944,4994,10000,0                       
TEL,20352,S5,3560,1074,2944,4994,10000,0                       
TEL,20353,S5,3560,1074,2944,4994,10000,0                       
TEL,20354,S5,3591,1075,2944,4994,10000,0                       
TEL,20355,S5,3529,1073,2944,4994,10000,0                       
TEL,20356,S5,3498,1072,2944,4994,10000,0                       
TEL,20357,S5,3560,1074,2944,4994,10000,0                       
TEL,20358,S5,3498,1072,2944,4994,10000,0                       
TEL,20359,S5,3498,1072,2944,4994,10000,0                       
TEL,20360,S5,3498,1072,2944,4994,10000,0                       
TEL,20361,S5,3529,1073,2944,4994,10000,0                       
TEL,20362,S5,3498,1072,2944,4994,10000,0                       
TEL,20363,S5,3529,1073,2944,4994,10000,0                       
TEL,20364,S5,3591,1075,2944,4994,10000,0                       
TEL,20365,S5,3498,1072,2944,4994,10000,0                       
TEL,20366,S5,3560,1074,2944,4994,10000,0                       
TEL,20367,S5,3560,1074,2944,4994,10000,0                       
TEL,20368,S5,3622,1076,2944,4994,10000,0                       
TEL,20369,S5,3560,1074,2944,4994,10000,0                       
TEL,20370,S5,3529,1073,2944,4994,10000,0                       
TEL,20371,S5,3373,1068,2944,4994,10000,0                       
TEL,20372,S5,3560,1074,2944,4994,10000,0                       
TEL,20373,S5,3560,1074,2944,4994,10000,0                       
TEL,20374,S5,3560,1074,2944,4994,10000,0                       
TEL,20375,S5,3498,1072,2944,4994,10000,0                       
TEL,20376,S5,3560,1074,2944,4994,10000,0                       
TEL,20377,S5,3466,1071,2944,4994,10000,0                       
TEL,20378,S5,3560,1074,2944,4994,10000,0                       
TEL,20379,S5,3684,1079,2944,4994,10000,0                       
TEL,20380,S5,3560,1074,2944,4994,10000,0                       
TEL,20381,S5,3560,1074,2944,4994,10000,0                       
TEL,20382,S5,3560,1074,2944,4994,10000,0                       
TEL,20383,S5,3653,1078,2944,4994,10000,0                       
TEL,20384,S5,3591,1075,2944,4994,10000,0                       
TEL,20385,S5,3529,1073,2944,4994,10000,0                       
TEL,20386,S5,3529,1073,2944,4994,10000,0                       
TEL,20387,S5,3591,1075,2944,4994,10000,0                       
TEL,20388,S5,3529,1073,2944,4994,10000,0                       
TEL,20389,S5,3560,1074,2944,4994,10000,0                       
TEL,20390,S5,3560,1074,2944,4994,10000,0                       
TEL,20391,S5,3560,1074,2944,4994,10000,0                       
TEL,20392,S5,3529,1073,2944,4994,10000,0                       
TEL,20393,S5,3529,1073,2944,4994,10000,0                       
TEL,20394,S5,3591,1075,2944,4994,10000,0                       
TEL,20395,S5,3560,1074,2944,4994,10000,0                       
TEL,20396,S5,3498,1072,2944,4994,10000,0                       
TEL,20397,S5,3684,1079,2944,4994,10000,0                       
TEL,20398,S5,3498,1072,2944,4994,10000,0                       
TEL,20399,S5,3529,1073,2944,4994,10000,0                       
TEL,20400,S5,3622,1076,2944,4994,10000,0                       
TEL,20401,S5,3591,1075,2944,4994,10000,0                       
TEL,20402,S5,3529,1073,2944,4994,10000,0                       
TEL,20403,S5,3560,1074,2944,4994,10000,0                       
TEL,20404,S5,3591,1075,2944,4994,10000,0                       
TEL,20405,S5,3529,1073,2944,4994,10000,0                       
TEL,20406,S5,3591,1075,2944,4994,10000,0                       
TEL,20407,S5,3560,1074,2944,4994,10000,0                       
TEL,20408,S5,3498,1072,2944,4994,10000,0                       
TEL,20409,S5,3529,1073,2944,4994,10000,0                       
TEL,20410,S5,3591,1075,2944,4994,10000,0                       
TEL,20411,S5,3529,1073,2944,4994,10000,0                       
TEL,20412,S5,3560,1074,2944,4994,10000,0                       
TEL,20413,S5,3560,1074,2944,4994,10000,0                       
TEL,20414,S5,3653,1078,2944,4994,10000,0                       
TEL,20415,S5,3560,1074,2944,4994,10000,0                       
TEL,20416,S5,3560,1074,2944,4994,10000,0                       
TEL,20417,S5,3560,1074,2944,4994,10000,0                       
TEL,20418,S5,3498,1072,2944,4994,10000,0                       
TEL,20419,S5,3560,1074,2944,4994,10000,0                       
TEL,20420,S5,3560,1074,2944,4994,10000,0                       
TEL,20421,S5,3560,1074,2944,4994,10000,0                       
TEL,20422,S5,3560,1074,2944,4994,10000,0                       
TEL,20423,S5,3529,1073,2944,4994,10000,0                       
TEL,20424,S5,3622,1077,2944,4994,10000,0                       
TEL,20425,S5,3560,1074,2944,4994,10000,0                       
TEL,20426,S5,3560,1074,2944,4994,10000,0                       
TEL,20427,S5,3529,1073,2944,4994,10000,0                       
TEL,20428,S5,3591,1075,2944,4994,10000,0                       
TEL,20429,S5,3591,1075,2944,4994,10000,0                       
TEL,20430,S5,3591,1075,2944,4994,10000,0                       
TEL,20431,S5,3466,1071,2944,4994,10000,0                       
TEL,20432,S5,3591,1075,2944,4994,10000,0                       
TEL,20433,S5,3498,1072,2944,4994,10000,0                       
TEL,20434,S5,3498,1072,2944,4994,10000,0                       
TEL,20435,S5,3560,1074,2944,4994,10000,0                       
TEL,20436,S5,3560,1074,2944,4994,10000,0                       
TEL,20437,S5,3560,1074,2944,4994,10000,0                       
TEL,20438,S5,3560,1074,2944,4994,10000,0                       
TEL,20439,S5,3560,1074,2944,4994,10000,0                       
TEL,20440,S5,3560,1074,2944,4994,10000,0                       
TEL,20441,S5,3498,1072,2944,4994,10000,0                       
TEL,20442,S5,3498,1072,2944,4994,10000,0                       
TEL,20443,S5,3498,1072,2944,4994,10000,0                       
TEL,20444,S5,3498,1072,2944,4994,10000,0                       
TEL,20445,S5,3529,1073,2944,4994,10000,0                       
TEL,20446,S5,3560,1074,2944,4994,10000,0                       
TEL,20447,S5,3560,1074,2944,4994,10000,0                       
TEL,20448,S5,3622,1076,2944,4994,10000,0                       
TEL,20449,S5,3498,1072,2944,4994,10000,0                       
TEL,20450,S5,3560,1074,2944,4994,10000,0                       
TEL,20451,S5,3560,1074,2944,4994,10000,0                       
TEL,20452,S5,3498,1072,2944,4994,10000,0                       
TEL,20453,S5,3560,1074,2944,4994,10000,0                       
TEL,20454,S5,3560,1074,2944,4994,10000,0                       
TEL,20455,S5,3591,1075,2944,4994,10000,0                       
TEL,20456,S5,3560,1074,2944,4994,10000,0                       
TEL,20457,S5,3560,1074,2944,4994,10000,0                       
TEL,20458,S5,3529,1073,2944,4994,10000,0                       
BTN,147,S5,PRESSED,20459,405971316,405971336,405971338         
TEL,20460,S5,3498,1072,2944,5044,10000,0                       
TEL,20461,S5,3529,1073,2944,4994,10000,0                       
TEL,20462,S5,3591,1075,2944,4994,10000,0                       
TEL,20463,S5,3591,1075,2944,4994,10000,0                       
TEL,20464,S5,3498,1072,2944,4994,10000,0                       
TEL,20465,S5,3591,1075,2944,4994,10000,0                       
TEL,20466,S5,3560,1074,2944,4994,10000,0                       
TEL,20467,S5,3591,1075,2944,4994,10000,0                       
TEL,20468,S5,3560,1074,2944,4994,10000,0                       
TEL,20469,S5,3591,1075,2944,4994,10000,0                       
TEL,20470,S5,3591,1075,2944,4994,10000,0                       
TEL,20471,S5,3560,1074,2944,4994,10000,0                       
TEL,20472,S5,3560,1074,2944,4994,10000,0                       
TEL,20473,S5,3560,1074,2944,4994,10000,0                       
TEL,20474,S5,3404,1069,2944,4994,10000,0                       
TEL,20475,S5,3498,1072,2944,4994,10000,0                       
TEL,20476,S5,3591,1075,2944,4994,10000,0                       
TEL,20477,S5,3529,1073,2944,4994,10000,0                       
TEL,20478,S5,3591,1075,2944,4994,10000,0                       
TEL,20479,S5,3498,1072,2944,4994,10000,0                       
TEL,20480,S5,3560,1074,2944,4994,10000,0                       
TEL,20481,S5,3591,1075,2944,4994,10000,0                       
TEL,20482,S5,3560,1074,2944,4994,10000,0                       
TEL,20483,S5,3591,1075,2944,4994,10000,0                       
TEL,20484,S5,3591,1075,2944,4994,10000,0                       
TEL,20485,S5,3529,1073,2944,4994,10000,0                       
TEL,20486,S5,3560,1074,2944,4994,10000,0                       
TEL,20487,S5,3560,1074,2944,4994,10000,0                       
TEL,20488,S5,3653,1078,2944,4994,10000,0                       
TEL,20489,S5,3560,1074,2944,4994,10000,0                       
TEL,20490,S5,3591,1075,2944,4994,10000,0                       
TEL,20491,S5,3560,1074,2944,4994,10000,0                       
TEL,20492,S5,3591,1075,2944,4994,10000,0                       
TEL,20493,S5,3560,1074,2944,4994,10000,0                       
TEL,20494,S5,3591,1075,2944,4994,10000,0                       
TEL,20495,S5,3560,1074,2944,4994,10000,0                       
TEL,20496,S5,3529,1073,2944,4994,10000,0                       
TEL,20497,S5,3591,1075,2944,4994,10000,0                       
TEL,20498,S5,3560,1074,2944,4994,10000,0                       
TEL,20499,S5,3560,1074,2944,4994,10000,0                       
TEL,20500,S5,3560,1074,2944,4994,10000,0                       
TEL,20501,S5,3560,1074,2944,4994,10000,0                       
TEL,20502,S5,3529,1073,2944,4994,10000,0                       
TEL,20503,S5,3591,1075,2944,4994,10000,0                       
TEL,20504,S5,3498,1072,2944,4994,10000,0                       
TEL,20505,S5,3591,1075,2944,4994,10000,0                       
TEL,20506,S5,3498,1072,2944,4994,10000,0                       
TEL,20507,S5,3529,1073,2944,4994,10000,0                       
TEL,20508,S5,3498,1072,2944,4994,10000,0                       
TEL,20509,S5,3560,1074,2944,4994,10000,0                       
TEL,20510,S5,3498,1072,2944,4994,10000,0                       
TEL,20511,S5,3560,1074,2944,4994,10000,0                       
TEL,20512,S5,3529,1073,2944,4994,10000,0                       
TEL,20513,S5,3591,1075,2944,4994,10000,0                       
TEL,20514,S5,3591,1075,2944,4994,10000,0                       
TEL,20515,S5,3560,1074,2944,4994,10000,0                       
TEL,20516,S5,3529,1073,2944,4994,10000,0                       
TEL,20517,S5,3591,1075,2944,4994,10000,0                       
TEL,20518,S5,3622,1077,2944,4994,10000,0                       
TEL,20519,S5,3591,1075,2944,4994,10000,0                       
TEL,20520,S5,3560,1074,2944,4994,10000,0                       
TEL,20521,S5,3591,1075,2944,4994,10000,0                       
TEL,20522,S5,3560,1074,2944,4994,10000,0                       
TEL,20523,S5,3466,1071,2944,4994,10000,0                       
TEL,20524,S5,3560,1074,2944,4994,10000,0                       
TEL,20525,S5,3591,1075,2944,4994,10000,0                       
TEL,20526,S5,3560,1074,2944,4994,10000,0                       
TEL,20527,S5,3560,1074,2944,4994,10000,0                       
TEL,20528,S5,3560,1074,2944,4994,10000,0                       
TEL,20529,S5,3622,1076,2944,4994,10000,0                       
TEL,20530,S5,3529,1073,2944,4994,10000,0                       
TEL,20531,S5,3591,1075,2944,4994,10000,0                       
TEL,20532,S5,3560,1074,2944,4994,10000,0                       
TEL,20533,S5,3560,1074,2944,4994,10000,0                       
TEL,20534,S5,3560,1074,2944,4994,10000,0                       
TEL,20535,S5,3591,1075,2944,4994,10000,0                       
TEL,20536,S5,3591,1075,2944,4994,10000,0                       
TEL,20537,S5,3560,1074,2944,4994,10000,0                       
TEL,20538,S5,3591,1075,2944,4994,10000,0                       
TEL,20539,S5,3560,1074,2944,4994,10000,0                       
TEL,20540,S5,3560,1074,2944,4994,10000,0                       
TEL,20541,S5,3560,1074,2944,4994,10000,0                       
TEL,20542,S5,3529,1073,2944,4994,10000,0                       
TEL,20543,S5,3560,1074,2944,4994,10000,0                       
TEL,20544,S5,3560,1074,2944,4994,10000,0                       
TEL,20545,S5,3591,1075,2944,4994,10000,0                       
TEL,20546,S5,3560,1074,2944,4994,10000,0                       
TEL,20547,S5,3560,1074,2944,4994,10000,0                       
TEL,20548,S5,3529,1073,2944,4994,10000,0                       
TEL,20549,S5,3529,1073,2944,4994,10000,0                       
TEL,20550,S5,3560,1074,2944,4994,10000,0                       
TEL,20551,S5,3560,1074,2944,4994,10000,0                       
TEL,20552,S5,3591,1075,2944,4994,10000,0                       
TEL,20553,S5,3560,1074,2944,4994,10000,0                       
TEL,20554,S5,3560,1074,2944,4994,10000,0                       
TEL,20555,S5,3560,1074,2944,4994,10000,0                       
TEL,20556,S5,3529,1073,2944,4994,10000,0                       
TEL,20557,S5,3591,1075,2944,4994,10000,0                       
TEL,20558,S5,3560,1074,2944,4994,10000,0                       
TEL,20559,S5,3560,1074,2944,4994,10000,0                       
TEL,20560,S5,3591,1075,2944,4994,10000,0                       
TEL,20561,S5,3591,1075,2944,4994,10000,0                       
TEL,20562,S5,3560,1074,2944,4994,10000,0                       
TEL,20563,S5,3529,1073,2944,4994,10000,0                       
TEL,20564,S5,3529,1073,2944,4994,10000,0                       
TEL,20565,S5,3560,1074,2944,4994,10000,0                       
TEL,20566,S5,3591,1075,2944,4994,10000,0                       
TEL,20567,S5,3560,1074,2944,4994,10000,0                       
TEL,20568,S5,3560,1074,2944,4994,10000,0                       
TEL,20569,S5,3591,1075,2944,4994,10000,0                       
TEL,20570,S5,3560,1074,2944,4994,10000,0                       
TEL,20571,S5,3498,1072,2944,4994,10000,0                       
TEL,20572,S5,3560,1074,2944,4994,10000,0                       
TEL,20573,S5,3591,1075,2944,4994,10000,0                       
TEL,20574,S5,3498,1072,2944,4994,10000,0                       
TEL,20575,S5,3498,1072,2944,4994,10000,0                       
TEL,20576,S5,3435,1070,2944,4994,10000,0                       
TEL,20577,S5,3591,1075,2944,4994,10000,0                       
TEL,20578,S5,3529,1073,2944,4994,10000,0                       
TEL,20579,S5,3498,1072,2944,4994,10000,0                       
TEL,20580,S5,3560,1074,2944,4994,10000,0                       
TEL,20581,S5,3560,1074,2944,4994,10000,0                       
TEL,20582,S5,3560,1074,2944,4994,10000,0                       
TEL,20583,S5,3560,1074,2944,4994,10000,0                       
TEL,20584,S5,3529,1073,2944,4994,10000,0                       
TEL,20585,S5,3529,1073,2944,4994,10000,0                       
TEL,20586,S5,3591,1075,2944,4994,10000,0                       
TEL,20587,S5,3529,1073,2944,4994,10000,0                       
TEL,20588,S5,3591,1075,2944,4994,10000,0                       
TEL,20589,S5,3498,1072,2944,4994,10000,0                       
TEL,20590,S5,3591,1075,2944,4994,10000,0                       
TEL,20591,S5,3560,1074,2944,4994,10000,0                       
TEL,20592,S5,3529,1073,2944,4994,10000,0                       
TEL,20593,S5,3622,1077,2944,4994,10000,0                       
TEL,20594,S5,3560,1074,2944,4994,10000,0                       
TEL,20595,S5,3498,1072,2944,4994,10000,0                       
TEL,20596,S5,3560,1074,2944,4994,10000,0                       
TEL,20597,S5,3591,1075,2944,4994,10000,0                       
TEL,20598,S5,3560,1074,2944,4994,10000,0                       
TEL,20599,S5,3591,1075,2944,4994,10000,0                       
TEL,20600,S5,3529,1073,2944,4994,10000,0                       
TEL,20601,S5,3498,1072,2944,4994,10000,0                       
TEL,20602,S5,3560,1074,2944,4994,10000,0                       
TEL,20603,S5,3560,1074,2944,4994,10000,0                       
TEL,20604,S5,3591,1075,2944,4994,10000,0                       
TEL,20605,S5,3498,1072,2944,4994,10000,0                       
TEL,20606,S5,3560,1074,2944,4994,10000,0                       
TEL,20607,S5,3591,1075,2944,4994,10000,0                       
TEL,20608,S5,3529,1073,2944,4994,10000,0                       
TEL,20609,S5,3622,1076,2944,4994,10000,0                       
BTN,148,S5,PRESSED,20610,407478507,407478524,407478526         
TEL,20611,S5,3560,1074,2944,5052,10000,1                       
TEL,20612,S5,3653,1078,2944,5045,10002,0                       
TEL,20613,S5,3529,1073,2944,4994,9998,0                        
TEL,20614,S5,3529,1073,2944,4994,10000,0                       
TEL,20615,S5,3560,1074,2944,4994,10000,0                       
TEL,20616,S5,3591,1075,2944,4994,10000,0                       
TEL,20617,S5,3591,1075,2944,4994,10000,0                       
TEL,20618,S5,3560,1074,2944,4994,10000,0                       
TEL,20619,S5,3529,1073,2944,4994,10000,0                       
TEL,20620,S5,3560,1074,2944,4994,10000,0                       
TEL,20621,S5,3529,1073,2944,4994,10000,0                       
TEL,20622,S5,3560,1074,2944,4994,10000,0                       
TEL,20623,S5,3529,1073,2944,4994,10000,0                       
TEL,20624,S5,3498,1072,2944,4994,10000,0                       
TEL,20625,S5,3498,1072,2944,4994,10000,0                       
TEL,20626,S5,3622,1076,2944,5008,10000,0                       
TEL,20627,S5,3560,1074,2944,4994,10000,0                       
TEL,20628,S5,3591,1075,2944,4994,10000,0                       
TEL,20629,S5,3529,1073,2944,4994,10000,0                       
TEL,20630,S5,3591,1075,2944,4994,10000,0                       
TEL,20631,S5,3560,1074,2944,4994,10000,0                       
TEL,20632,S5,3466,1071,2944,4994,10000,0                       
TEL,20633,S5,3591,1075,2944,4994,10000,0                       
TEL,20634,S5,3591,1075,2944,4994,10000,0                       
TEL,20635,S5,3560,1074,2944,4994,10000,0                       
TEL,20636,S5,3560,1074,2944,4994,10000,0                       
TEL,20637,S5,3560,1074,2944,4994,10000,0                       
TEL,20638,S5,3560,1074,2944,4994,10000,0                       
TEL,20639,S5,3498,1072,2944,4994,10000,0                       
TEL,20640,S5,3529,1073,2944,4994,10000,0                       
TEL,20641,S5,3560,1074,2944,4994,10000,0                       
TEL,20642,S5,3747,1081,2944,4994,10000,0                       
TEL,20643,S5,3591,1075,2944,4994,10000,0                       
TEL,20644,S5,3529,1073,2944,4994,10000,0                       
TEL,20645,S5,3560,1074,2944,4994,10000,0                       
TEL,20646,S5,3591,1075,2944,4994,10000,0                       
TEL,20647,S5,3342,1066,2944,4994,10000,0                       
TEL,20648,S5,3498,1072,2944,4994,10000,0                       
TEL,20649,S5,3529,1073,2944,4994,10000,0                       
TEL,20650,S5,3591,1075,2944,4994,10000,0                       
TEL,20651,S5,3591,1075,2944,4994,10000,0                       
TEL,20652,S5,3529,1073,2944,4994,10000,0                       
TEL,20653,S5,3560,1074,2944,4994,10000,0                       
TEL,20654,S5,3560,1074,2944,4994,10000,0                       
TEL,20655,S5,3560,1074,2944,4994,10000,0                       
TEL,20656,S5,3560,1074,2944,4994,10000,0                       
TEL,20657,S5,3591,1075,2944,4994,10000,0                       
TEL,20658,S5,3591,1075,2944,4994,10000,0                       
TEL,20659,S5,3560,1074,2944,4994,10000,0                       
TEL,20660,S5,3560,1074,2944,4994,10000,0                       
TEL,20661,S5,3591,1075,2944,4994,10000,0                       
TEL,20662,S5,3560,1074,2944,4994,10000,0                       
TEL,20663,S5,3498,1072,2944,4994,10000,0                       
TEL,20664,S5,3498,1072,2944,4994,10000,0                       
TEL,20665,S5,3560,1074,2944,4994,10000,0                       
TEL,20666,S5,3529,1073,2944,4994,10000,0                       
TEL,20667,S5,3498,1072,2944,4994,10000,0                       
TEL,20668,S5,3560,1074,2944,4994,10000,0                       
TEL,20669,S5,3529,1073,2944,4994,10000,0                       
TEL,20670,S5,3560,1074,2944,4994,10000,0                       
TEL,20671,S5,3591,1075,2944,4994,10000,0                       
TEL,20672,S5,3498,1072,2944,4994,10000,0                       
TEL,20673,S5,3529,1073,2944,4994,10000,0                       
TEL,20674,S5,3560,1074,2944,4994,10000,0                       
TEL,20675,S5,3591,1075,2944,4994,10000,0                       
TEL,20676,S5,3560,1074,2944,4994,10000,0                       
TEL,20677,S5,3529,1073,2944,4994,10000,0                       
TEL,20678,S5,3560,1074,2944,4994,10000,0                       
TEL,20679,S5,3560,1074,2944,4994,10000,0                       
TEL,20680,S5,3529,1073,2944,4994,10000,0                       
TEL,20681,S5,3529,1073,2944,4994,10000,0                       
TEL,20682,S5,3529,1073,2944,4994,10000,0                       
TEL,20683,S5,3560,1074,2944,4994,10000,0                       
TEL,20684,S5,3529,1073,2944,4994,10000,0                       
TEL,20685,S5,3498,1072,2944,4994,10000,0                       
TEL,20686,S5,3560,1074,2944,4994,10000,0                       
TEL,20687,S5,3529,1073,2944,4994,10000,0                       
TEL,20688,S5,3560,1074,2944,4994,10000,0                       
TEL,20689,S5,3591,1075,2944,4994,10000,0                       
TEL,20690,S5,3591,1075,2944,4994,10000,0                       
TEL,20691,S5,3560,1074,2944,4994,10000,0                       
TEL,20692,S5,3560,1074,2944,4994,10000,0                       
TEL,20693,S5,3591,1075,2944,4994,10000,0                       
TEL,20694,S5,3498,1072,2944,4994,10000,0                       
TEL,20695,S5,3529,1073,2944,4994,10000,0                       
TEL,20696,S5,3498,1072,2944,4994,10000,0                       
TEL,20697,S5,3498,1072,2944,4994,10000,0                       
TEL,20698,S5,3560,1074,2944,4994,10000,0                       
TEL,20699,S5,3560,1074,2944,4994,10000,0                       
TEL,20700,S5,3560,1074,2944,4994,10000,0                       
TEL,20701,S5,3560,1074,2944,4994,10000,0                       
TEL,20702,S5,3498,1072,2944,4994,10000,0                       
TEL,20703,S5,3591,1075,2944,4994,10000,0                       
TEL,20704,S5,3560,1074,2944,4994,10000,0                       
TEL,20705,S5,3529,1073,2944,4994,10000,0                       
TEL,20706,S5,3560,1074,2944,4994,10000,0                       
TEL,20707,S5,3529,1073,2944,4994,10000,0                       
TEL,20708,S5,3560,1074,2944,4994,10000,0                       
TEL,20709,S5,3529,1073,2944,4994,10000,0                       
TEL,20710,S5,3498,1072,2944,4994,10000,0                       
TEL,20711,S5,3529,1073,2944,4994,10000,0                       
TEL,20712,S5,3560,1074,2944,4994,10000,0                       
TEL,20713,S5,3560,1074,2944,4994,10000,0                       
TEL,20714,S5,3498,1072,2944,4994,10000,0                       
TEL,20715,S5,3560,1074,2944,4994,10000,0                       
TEL,20716,S5,3560,1074,2944,4994,10000,0                       
TEL,20717,S5,3560,1074,2944,4994,10000,0                       
TEL,20718,S5,3560,1074,2944,4994,10000,0                       
TEL,20719,S5,3560,1074,2944,4994,10000,0                       
TEL,20720,S5,3498,1072,2944,4994,10000,0                       
TEL,20721,S5,3560,1074,2944,4994,10000,0                       
TEL,20722,S5,3622,1076,2944,4994,10000,0                       
TEL,20723,S5,3591,1075,2944,4994,10000,0                       
TEL,20724,S5,3560,1074,2944,4994,10000,0                       
TEL,20725,S5,3404,1069,2944,4994,10000,0                       
TEL,20726,S5,3560,1074,2944,4994,10000,0                       
TEL,20727,S5,3560,1074,2944,4994,10000,0                       
TEL,20728,S5,3560,1074,2944,4994,10000,0                       
TEL,20729,S5,3560,1074,2944,4994,10000,0                       
TEL,20730,S5,3591,1075,2944,4994,10000,0                       
TEL,20731,S5,3529,1073,2944,4994,10000,0                       
TEL,20732,S5,3560,1074,2944,4994,10000,0                       
TEL,20733,S5,3342,1066,2944,4994,10000,0                       
TEL,20734,S5,3498,1072,2944,4994,10000,0                       
TEL,20735,S5,3560,1074,2944,4994,10000,0                       
TEL,20736,S5,3560,1074,2944,4994,10000,0                       
TEL,20737,S5,3591,1075,2944,4994,10000,0                       
TEL,20738,S5,3622,1076,2944,4994,10000,0                       
TEL,20739,S5,3560,1074,2944,4994,10000,0                       
TEL,20740,S5,3591,1075,2944,4994,10000,0                       
TEL,20741,S5,3560,1074,2944,4994,10000,0                       
TEL,20742,S5,3560,1074,2944,4994,10000,0                       
TEL,20743,S5,3560,1074,2944,4994,10000,0                       
TEL,20744,S5,3560,1074,2944,4994,10000,0                       
TEL,20745,S5,3591,1075,2944,4994,10000,0                       
TEL,20746,S5,3529,1073,2944,4994,10000,0                       
TEL,20747,S5,3529,1073,2944,4994,10000,0                       
TEL,20748,S5,3498,1072,2944,4994,10000,0                       
TEL,20749,S5,3560,1074,2944,4994,10000,0                       
TEL,20750,S5,3560,1074,2944,4994,10000,0                       
TEL,20751,S5,3498,1072,2944,4994,10000,0                       
TEL,20752,S5,3498,1072,2944,4994,10000,0                       
TEL,20753,S5,3560,1074,2944,4994,10000,0                       
TEL,20754,S5,3622,1077,2944,4994,10000,0                       
TEL,20755,S5,3560,1074,2944,4994,10000,0                       
TEL,20756,S5,3529,1073,2944,4994,10000,0                       
TEL,20757,S5,3591,1075,2944,4994,10000,0                       
TEL,20758,S5,3560,1074,2944,4994,10000,0                       
TEL,20759,S5,3529,1073,2944,4994,10000,0                       
TEL,20760,S5,3560,1074,2944,4994,10000,0                       
TEL,20761,S5,3560,1074,2944,4994,10000,0                       
TEL,20762,S5,3560,1074,2944,4994,10000,0                       
TEL,20763,S5,3560,1074,2944,4994,10000,0                       
TEL,20764,S5,3591,1075,2944,4994,10000,0                       
TEL,20765,S5,3529,1073,2944,4994,10000,0                       
TEL,20766,S5,3560,1074,2944,4994,10000,0                       
TEL,20767,S5,3591,1075,2944,4994,10000,0                       
TEL,20768,S5,3529,1073,2944,4994,10000,0                       
TEL,20769,S5,3560,1074,2944,4994,10000,0                       
TEL,20770,S5,3591,1075,2944,4994,10000,0                       
TEL,20771,S5,3560,1074,2944,4994,10000,0                       
TEL,20772,S5,3466,1071,2944,4994,10000,0                       
TEL,20773,S5,3498,1072,2944,4994,10000,0                       
TEL,20774,S5,3591,1075,2944,4994,10000,0                       
TEL,20775,S5,3560,1074,2944,4994,10000,0                       
BTN,149,S5,PRESSED,20776,409122748,409122765,409122767         
TEL,20777,S5,3591,1075,2944,5092,10000,0                       
TEL,20778,S5,3591,1075,2944,4994,10000,0                       
TEL,20779,S5,3560,1074,2944,4994,10000,0                       
TEL,20780,S5,3560,1074,2944,4994,10000,0                       
TEL,20781,S5,3560,1074,2944,4994,10000,0                       
TEL,20782,S5,3498,1072,2944,4994,10000,0                       
TEL,20783,S5,3529,1073,2944,4994,10000,0                       
TEL,20784,S5,3591,1075,2944,4994,10000,0                       
TEL,20785,S5,3560,1074,2944,4994,10000,0                       
TEL,20786,S5,3498,1072,2944,4994,10000,0                       
TEL,20787,S5,3591,1075,2944,4994,10000,0                       
TEL,20788,S5,3466,1071,2944,4994,10000,0                       
TEL,20789,S5,3622,1077,2944,4994,10000,0                       
TEL,20790,S5,3591,1075,2944,4994,10000,0                       
TEL,20791,S5,3560,1074,2944,4994,10000,0                       
TEL,20792,S5,3591,1075,2944,5003,10000,0                       
TEL,20793,S5,3560,1074,2944,4994,10000,0                       
TEL,20794,S5,3560,1074,2944,4994,10000,0                       
TEL,20795,S5,3435,1070,2944,4994,10000,0                       
TEL,20796,S5,3653,1078,2944,4994,10000,0                       
TEL,20797,S5,3560,1074,2944,4994,10000,0                       
TEL,20798,S5,3591,1075,2944,4994,10000,0                       
TEL,20799,S5,3529,1073,2944,4994,10000,0                       
TEL,20800,S5,3529,1073,2944,4994,10000,0                       
TEL,20801,S5,3560,1074,2944,4994,10000,0                       
TEL,20802,S5,3560,1074,2944,4994,10000,0                       
TEL,20803,S5,3622,1076,2944,4994,10000,0                       
TEL,20804,S5,3560,1074,2944,4994,10000,0                       
TEL,20805,S5,3560,1074,2944,4994,10000,0                       
TEL,20806,S5,3560,1074,2944,4994,10000,0                       
TEL,20807,S5,3529,1073,2944,4994,10000,0                       
TEL,20808,S5,3560,1074,2944,4994,10000,0                       
TEL,20809,S5,3560,1074,2944,4994,10000,0                       
TEL,20810,S5,3591,1075,2944,4994,10000,0                       
TEL,20811,S5,3529,1073,2944,4994,10000,0                       
TEL,20812,S5,3560,1074,2944,4994,10000,0                       
TEL,20813,S5,3591,1075,2944,4994,10000,0                       
TEL,20814,S5,3560,1074,2944,4994,10000,0                       
TEL,20815,S5,3560,1074,2944,4994,10000,0                       
TEL,20816,S5,3560,1074,2944,4994,10000,0                       
TEL,20817,S5,3498,1072,2944,4994,10000,0                       
TEL,20818,S5,3591,1075,2944,4994,10000,0                       
TEL,20819,S5,3622,1076,2944,4994,10000,0                       
TEL,20820,S5,3560,1074,2944,4994,10000,0                       
TEL,20821,S5,3560,1074,2944,4994,10000,0                       
TEL,20822,S5,3529,1073,2944,4994,10000,0                       
TEL,20823,S5,3560,1074,2944,4994,10000,0                       
TEL,20824,S5,3591,1075,2944,4994,10000,0                       
TEL,20825,S5,3591,1075,2944,4994,10000,0                       
TEL,20826,S5,3560,1074,2944,4994,10000,0                       
TEL,20827,S5,3591,1075,2944,4994,10000,0                       
TEL,20828,S5,3498,1072,2944,4994,10000,0                       
TEL,20829,S5,3560,1074,2944,4994,10000,0                       
TEL,20830,S5,3498,1072,2944,4994,10000,0                       
TEL,20831,S5,3591,1075,2944,4994,10000,0                       
TEL,20832,S5,3560,1074,2944,4994,10000,0                       
TEL,20833,S5,3498,1072,2944,4994,10000,0                       
TEL,20834,S5,3560,1074,2944,4994,10000,0                       
TEL,20835,S5,3560,1074,2944,4994,10000,0                       
TEL,20836,S5,3560,1074,2944,4994,10000,0                       
TEL,20837,S5,3684,1079,2944,4994,10000,0                       
TEL,20838,S5,3560,1074,2944,4994,10000,0                       
TEL,20839,S5,3560,1074,2944,4994,10000,0                       
TEL,20840,S5,3591,1075,2944,4994,10000,0                       
TEL,20841,S5,3529,1073,2944,4994,10000,0                       
TEL,20842,S5,3560,1074,2944,4994,10000,0                       
TEL,20843,S5,3560,1074,2944,4994,10000,0                       
TEL,20844,S5,3591,1075,2944,4994,10000,0                       
TEL,20845,S5,3622,1077,2944,4994,10000,0                       
TEL,20846,S5,3591,1075,2944,4994,10000,0                       
TEL,20847,S5,3591,1075,2944,4994,10000,0                       
TEL,20848,S5,3560,1074,2944,4994,10000,0                       
TEL,20849,S5,3591,1075,2944,4994,10000,0                       
TEL,20850,S5,3560,1074,2944,4994,10000,0                       
TEL,20851,S5,3622,1077,2944,4994,10000,0                       
TEL,20852,S5,3560,1074,2944,4994,10000,0                       
TEL,20853,S5,3591,1075,2944,4994,10000,0                       
TEL,20854,S5,3560,1074,2944,4994,10000,0                       
TEL,20855,S5,3529,1073,2944,4994,10000,0                       
TEL,20856,S5,3560,1074,2944,4994,10000,0                       
TEL,20857,S5,3560,1074,2944,4994,10000,0                       
TEL,20858,S5,3498,1072,2944,4994,10000,0                       
TEL,20859,S5,3560,1074,2944,4994,10000,0                       
TEL,20860,S5,3591,1075,2944,4994,10000,0                       
TEL,20861,S5,3560,1074,2944,4994,10000,0                       
TEL,20862,S5,3529,1073,2944,4994,10000,0                       
TEL,20863,S5,3591,1075,2944,4994,10000,0                       
TEL,20864,S5,3591,1075,2944,4994,10000,0                       
TEL,20865,S5,3560,1074,2944,4994,10000,0                       
TEL,20866,S5,3560,1074,2944,4994,10000,0                       
TEL,20867,S5,3591,1075,2944,4994,10000,0                       
TEL,20868,S5,3560,1074,2944,4994,10000,0                       
TEL,20869,S5,3498,1072,2944,4994,10000,0                       
TEL,20870,S5,3560,1074,2944,4994,10000,0                       
TEL,20871,S5,3560,1074,2944,4994,10000,0                       
TEL,20872,S5,3560,1074,2944,4994,10000,0                       
TEL,20873,S5,3591,1075,2944,4994,10000,0                       
TEL,20874,S5,3560,1074,2944,4994,10000,0                       
TEL,20875,S5,3529,1073,2944,4994,10000,0                       
TEL,20876,S5,3591,1075,2944,4994,10000,0                       
TEL,20877,S5,3560,1074,2944,4994,10000,0                       
TEL,20878,S5,3560,1074,2944,4994,10000,0                       
TEL,20879,S5,3529,1073,2944,4994,10000,0                       
TEL,20880,S5,3560,1074,2944,4994,10000,0                       
TEL,20881,S5,3466,1071,2944,4994,10000,0                       
TEL,20882,S5,3529,1073,2944,4994,10000,0                       
TEL,20883,S5,3591,1075,2944,4994,10000,0                       
TEL,20884,S5,3560,1074,2944,4994,10000,0                       
TEL,20885,S5,3529,1073,2944,4994,10000,0                       
TEL,20886,S5,3466,1071,2944,4994,10000,0                       
TEL,20887,S5,3560,1074,2944,4994,10000,0                       
TEL,20888,S5,3560,1074,2944,4994,10000,0                       
TEL,20889,S5,3529,1073,2944,4994,10000,0                       
TEL,20890,S5,3529,1073,2944,4994,10000,0                       
TEL,20891,S5,3529,1073,2944,4994,10000,0                       
TEL,20892,S5,3560,1074,2944,4994,10000,0                       
TEL,20893,S5,3560,1074,2944,4994,10000,0                       
TEL,20894,S5,3560,1074,2944,4994,10000,0                       
TEL,20895,S5,3591,1075,2944,4994,10000,0                       
TEL,20896,S5,3498,1072,2944,4994,10000,0                       
TEL,20897,S5,3591,1075,2944,4994,10000,0                       
TEL,20898,S5,3591,1075,2944,4994,10000,0                       
TEL,20899,S5,3591,1075,2944,4994,10000,0                       
TEL,20900,S5,3560,1074,2944,4994,10000,0                       
TEL,20901,S5,3560,1074,2944,4994,10000,0                       
TEL,20902,S5,3591,1075,2944,4994,10000,0                       
TEL,20903,S5,3591,1075,2944,4994,10000,0                       
TEL,20904,S5,3529,1073,2944,4994,10000,0                       
TEL,20905,S5,3529,1073,2944,4994,10000,0                       
TEL,20906,S5,3560,1074,2944,4994,10000,0                       
TEL,20907,S5,3591,1075,2944,4994,10000,0                       
TEL,20908,S5,3591,1075,2944,4994,10000,0                       
TEL,20909,S5,3498,1072,2944,4994,10000,0                       
TEL,20910,S5,3591,1075,2944,4994,10000,0                       
TEL,20911,S5,3591,1075,2944,4994,10000,0                       
TEL,20912,S5,3560,1074,2944,4994,10000,0                       
TEL,20913,S5,3560,1074,2944,4994,10000,0                       
TEL,20914,S5,3560,1074,2944,4994,10000,0                       
TEL,20915,S5,3560,1074,2944,4994,10000,0                       
TEL,20916,S5,3560,1074,2944,4994,10000,0                       
TEL,20917,S5,3591,1075,2944,4994,10000,0                       
TEL,20918,S5,3591,1075,2944,4994,10000,0                       
TEL,20919,S5,3529,1073,2944,4994,10000,0                       
TEL,20920,S5,3591,1075,2944,4994,10000,0                       
TEL,20921,S5,3560,1074,2944,4994,10000,0                       
TEL,20922,S5,3560,1074,2944,4994,10000,0                       
TEL,20923,S5,3560,1074,2944,4994,10000,0                       
TEL,20924,S5,3591,1075,2944,4994,10000,0                       
TEL,20925,S5,3560,1074,2944,4994,10000,0                       
TEL,20926,S5,3529,1073,2944,4994,10000,0                       
TEL,20927,S5,3498,1072,2944,4994,10000,0                       
TEL,20928,S5,3560,1074,2944,4994,10000,0                       
TEL,20929,S5,3560,1074,2944,4994,10000,0                       
TEL,20930,S5,3529,1073,2944,4994,10000,0                       
TEL,20931,S5,3622,1076,2944,4994,10000,0                       
TEL,20932,S5,3560,1074,2944,4994,10000,0                       
TEL,20933,S5,3529,1073,2944,4994,10000,0                       
TEL,20934,S5,3591,1075,2944,4994,10000,0                       
TEL,20935,S5,3560,1074,2944,4994,10000,0                       
TEL,20936,S5,3560,1074,2944,4994,10000,0                       
TEL,20937,S5,3591,1075,2944,4994,10000,0                       
TEL,20938,S5,3591,1075,2944,4994,10000,0                       
TEL,20939,S5,3529,1073,2944,4994,10000,0                       
TEL,20940,S5,3591,1075,2944,4994,10000,0                       
TEL,20941,S5,3591,1075,2944,4994,10000,0                       
TEL,20942,S5,3560,1074,2944,4994,10000,0                       
BTN,150,S5,PRESSED,20943,410783325,410783343,410783345         
TEL,20944,S5,3560,1074,2944,5127,10000,0                       
TEL,20945,S5,3684,1079,2944,4994,10000,0                       
TEL,20946,S5,3498,1072,2944,4994,10000,0                       
TEL,20947,S5,3591,1075,2944,4994,10000,0                       
TEL,20948,S5,3591,1075,2944,4994,10000,0                       
TEL,20949,S5,3529,1073,2944,4994,10000,0                       
TEL,20950,S5,3529,1073,2944,4994,10000,0                       
TEL,20951,S5,3684,1079,2944,4994,10000,0                       
TEL,20952,S5,3529,1073,2944,4994,10000,0                       
TEL,20953,S5,3404,1069,2944,4994,10000,0                       
TEL,20954,S5,3529,1073,2944,4994,10000,0                       
TEL,20955,S5,3560,1074,2944,4994,10000,0                       
TEL,20956,S5,3529,1073,2944,4997,10000,0                       
TEL,20957,S5,3560,1074,2944,4994,10000,0                       
TEL,20958,S5,3591,1075,2944,4994,10000,0                       
TEL,20959,S5,3591,1075,2944,4994,10000,0                       
TEL,20960,S5,3498,1072,2944,4994,10000,0                       
TEL,20961,S5,3560,1074,2944,4994,10000,0                       
TEL,20962,S5,3560,1074,2944,4994,10000,0                       
TEL,20963,S5,3684,1079,2944,4994,10000,0                       
TEL,20964,S5,3591,1075,2944,4994,10000,0                       
TEL,20965,S5,3560,1074,2944,4994,10000,0                       
TEL,20966,S5,3591,1075,2944,4994,10000,0                       
TEL,20967,S5,3591,1075,2944,4994,10000,0                       
TEL,20968,S5,3560,1074,2944,4994,10000,0                       
TEL,20969,S5,3529,1073,2944,4994,10000,0                       
TEL,20970,S5,3560,1074,2944,4994,10000,0                       
TEL,20971,S5,3560,1074,2944,4994,10000,0                       
TEL,20972,S5,3498,1072,2944,4994,10000,0                       
TEL,20973,S5,3560,1074,2944,4994,10000,0                       
TEL,20974,S5,3529,1073,2944,4994,10000,0                       
TEL,20975,S5,3560,1074,2944,4994,10000,0                       
TEL,20976,S5,3529,1073,2944,4994,10000,0                       
TEL,20977,S5,3529,1073,2944,4994,10000,0                       
TEL,20978,S5,3560,1074,2944,4994,10000,0                       
TEL,20979,S5,3529,1073,2944,4994,10000,0                       
TEL,20980,S5,3560,1074,2944,4994,10000,0                       
TEL,20981,S5,3498,1072,2944,4994,10000,0                       
TEL,20982,S5,3498,1072,2944,4994,10000,0                       
TEL,20983,S5,3498,1072,2944,4994,10000,0                       
TEL,20984,S5,3560,1074,2944,4994,10000,0                       
TEL,20985,S5,3591,1075,2944,4994,10000,0                       
TEL,20986,S5,3498,1072,2944,4994,10000,0                       
TEL,20987,S5,3529,1073,2944,4994,10000,0                       
TEL,20988,S5,3560,1074,2944,4994,10000,0                       
TEL,20989,S5,3560,1074,2944,4994,10000,0                       
TEL,20990,S5,3498,1072,2944,4994,10000,0                       
TEL,20991,S5,3591,1075,2944,4994,10000,0                       
TEL,20992,S5,3560,1074,2944,4994,10000,0                       
TEL,20993,S5,3498,1072,2944,4994,10000,0                       
TEL,20994,S5,3591,1075,2944,4994,10000,0                       
TEL,20995,S5,3529,1073,2944,4994,10000,0                       
TEL,20996,S5,3591,1075,2944,4994,10000,0                       
TEL,20997,S5,3529,1073,2944,4994,10000,0                       
TEL,20998,S5,3591,1075,2944,4994,10000,0                       
TEL,20999,S5,3560,1074,2944,4994,10000,0                       
TEL,21000,S5,3529,1073,2944,4994,10000,0                       
TEL,21001,S5,3591,1075,2944,4994,10000,0                       
TEL,21002,S5,3498,1072,2944,4994,10000,0                       
TEL,21003,S5,3560,1074,2944,4994,10000,0                       
TEL,21004,S5,3435,1070,2944,4994,10000,0                       
TEL,21005,S5,3591,1075,2944,4994,10000,0                       
TEL,21006,S5,3653,1078,2944,4994,10000,0                       
TEL,21007,S5,3560,1074,2944,4994,10000,0                       
TEL,21008,S5,3560,1074,2944,4994,10000,0                       
TEL,21009,S5,3591,1075,2944,4994,10000,0                       
TEL,21010,S5,3560,1074,2944,4994,10000,0                       
TEL,21011,S5,3591,1075,2944,4994,10000,0                       
TEL,21012,S5,3591,1075,2944,4994,10000,0                       
TEL,21013,S5,3560,1074,2944,4994,10000,0                       
TEL,21014,S5,3591,1075,2944,4994,10000,0                       
TEL,21015,S5,3560,1074,2944,4994,10000,0                       
TEL,21016,S5,3560,1074,2944,4994,10000,0                       
TEL,21017,S5,3560,1074,2944,4994,10000,0                       
TEL,21018,S5,3591,1075,2944,4994,10000,0                       
TEL,21019,S5,3560,1074,2944,4994,10000,0                       
TEL,21020,S5,3560,1074,2944,4994,10000,0                       
TEL,21021,S5,3591,1075,2944,4994,10000,0                       
TEL,21022,S5,3498,1072,2944,4994,10000,0                       
TEL,21023,S5,3560,1074,2944,4994,10000,0                       
TEL,21024,S5,3560,1074,2944,4994,10000,0                       
TEL,21025,S5,3591,1075,2944,4994,10000,0                       
TEL,21026,S5,3529,1073,2944,4994,10000,0                       
TEL,21027,S5,3466,1071,2944,4994,10000,0                       
TEL,21028,S5,3622,1076,2944,4994,10000,0                       
TEL,21029,S5,3560,1074,2944,4994,10000,0                       
TEL,21030,S5,3653,1078,2944,4994,10000,0                       
TEL,21031,S5,3591,1075,2944,4994,10000,0                       
TEL,21032,S5,3560,1074,2944,4994,10000,0                       
TEL,21033,S5,3560,1074,2944,4994,10000,0                       
TEL,21034,S5,3435,1070,2944,4994,10000,0                       
TEL,21035,S5,3560,1074,2944,4994,10000,0                       
TEL,21036,S5,3560,1074,2944,4994,10000,0                       
TEL,21037,S5,3560,1074,2944,4994,10000,0                       
TEL,21038,S5,3529,1073,2944,4994,10000,0                       
TEL,21039,S5,3529,1073,2944,4994,10000,0                       
TEL,21040,S5,3591,1075,2944,4994,10000,0                       
TEL,21041,S5,3622,1077,2944,4994,10000,0                       
TEL,21042,S5,3560,1074,2944,4994,10000,0                       
TEL,21043,S5,3529,1073,2944,4994,10000,0                       
TEL,21044,S5,3591,1075,2944,4994,10000,0                       
TEL,21045,S5,3591,1075,2944,4994,10000,0                       
TEL,21046,S5,3560,1074,2944,4994,10000,0                       
TEL,21047,S5,3560,1074,2944,4994,10000,0                       
TEL,21048,S5,3560,1074,2944,4994,10000,0                       
TEL,21049,S5,3591,1075,2944,4994,10000,0                       
TEL,21050,S5,3591,1075,2944,4994,10000,0                       
TEL,21051,S5,3498,1072,2944,4994,10000,0                       
TEL,21052,S5,3560,1074,2944,4994,10000,0                       
TEL,21053,S5,3342,1067,2944,4994,10000,0                       
TEL,21054,S5,3560,1074,2944,4994,10000,0                       
TEL,21055,S5,3498,1072,2944,4994,10000,0                       
TEL,21056,S5,3498,1072,2944,4994,10000,0                       
TEL,21057,S5,3591,1075,2944,4994,10000,0                       
TEL,21058,S5,3529,1073,2944,4994,10000,0                       
TEL,21059,S5,3560,1074,2944,4994,10000,0                       
TEL,21060,S5,3622,1077,2944,4994,10000,0                       
TEL,21061,S5,3560,1074,2944,4994,10000,0                       
TEL,21062,S5,3591,1075,2944,4994,10000,0                       
TEL,21063,S5,3560,1074,2944,4994,10000,0                       
TEL,21064,S5,3498,1072,2944,4994,10000,0                       
TEL,21065,S5,3560,1074,2944,4994,10000,0                       
TEL,21066,S5,3529,1073,2944,4994,10000,0                       
TEL,21067,S5,3560,1074,2944,4994,10000,0                       
TEL,21068,S5,3560,1074,2944,4994,10000,0                       
TEL,21069,S5,3498,1072,2944,4994,10000,0                       
TEL,21070,S5,3591,1075,2944,4994,10000,0                       
TEL,21071,S5,3529,1073,2944,4994,10000,0                       
TEL,21072,S5,3560,1074,2944,4994,10000,0                       
TEL,21073,S5,3591,1075,2944,4994,10000,0                       
TEL,21074,S5,3560,1074,2944,4994,10000,0                       
TEL,21075,S5,3560,1074,2944,4994,10000,0                       
TEL,21076,S5,3591,1075,2944,4994,10000,0                       
TEL,21077,S5,3498,1072,2944,4994,10000,0                       
TEL,21078,S5,3591,1075,2944,4994,10000,0                       
TEL,21079,S5,3591,1075,2944,4994,10000,0                       
TEL,21080,S5,3560,1074,2944,4994,10000,0                       
TEL,21081,S5,3560,1074,2944,4994,10000,0                       
TEL,21082,S5,3560,1074,2944,4994,10000,0                       
TEL,21083,S5,3560,1074,2944,4994,10000,0                       
TEL,21084,S5,3560,1074,2944,4994,10000,0                       
TEL,21085,S5,3560,1074,2944,4994,10000,0                       
TEL,21086,S5,3342,1067,2944,4994,10000,0                       
TEL,21087,S5,3560,1074,2944,4994,10000,0                       
TEL,21088,S5,3653,1078,2944,4994,10000,0                       
TEL,21089,S5,3373,1068,2944,4994,10000,0                       
TEL,21090,S5,3529,1073,2944,4994,10000,0                       
TEL,21091,S5,3591,1075,2944,4994,10000,0                       
TEL,21092,S5,3622,1076,2944,4994,10000,0                       
TEL,21093,S5,3560,1074,2944,4994,10000,0                       
TEL,21094,S5,3560,1074,2944,4994,10000,0                       
TEL,21095,S5,3560,1074,2944,4994,10000,0                       
TEL,21096,S5,3560,1074,2944,4994,10000,0                       
TEL,21097,S5,3560,1074,2944,4994,10000,0                       
TEL,21098,S5,3529,1073,2944,4994,10000,0                       
TEL,21099,S5,3529,1073,2944,4994,10000,0                       
TEL,21100,S5,3591,1075,2944,4994,10000,0                       
TEL,21101,S5,3560,1074,2944,4994,10000,0                       
TEL,21102,S5,3560,1074,2944,4994,10000,0                       
TEL,21103,S5,3498,1072,2944,4994,10000,0                       
TEL,21104,S5,3498,1072,2944,4994,10000,0                       
TEL,21105,S5,3560,1074,2944,4994,10000,0                       
TEL,21106,S5,3529,1073,2944,4994,10000,0                       
TEL,21107,S5,3529,1073,2944,4994,10000,0                       
TEL,21108,S5,3622,1077,2944,4994,10000,0                       
TEL,21109,S5,3591,1075,2944,4994,10000,0                       
TEL,21110,S5,3560,1074,2944,4994,10000,0                       
TEL,21111,S5,3684,1079,2944,4994,10000,0                       
TEL,21112,S5,3498,1072,2944,4994,10000,0                       
TEL,21113,S5,3560,1074,2944,4994,10000,0                       
TEL,21114,S5,3560,1074,2944,4994,10000,0                       
TEL,21115,S5,3498,1072,2944,4994,10000,0                       
TEL,21116,S5,3560,1074,2944,4994,10000,0                       
TEL,21117,S5,3622,1076,2944,4994,10000,0                       
TEL,21118,S5,3342,1067,2944,4994,10000,0                       
TEL,21119,S5,3529,1073,2944,4994,10000,0                       
TEL,21120,S5,3529,1073,2944,4994,10000,0                       
TEL,21121,S5,3591,1075,2944,4994,10000,0                       
TEL,21122,S5,3560,1074,2944,4994,10000,0                       
TEL,21123,S5,3684,1079,2944,4994,10000,0                       
TEL,21124,S5,3591,1075,2944,4994,10000,0                       
TEL,21125,S5,3591,1075,2944,4994,10000,0                       
TEL,21126,S5,3498,1072,2944,4994,10000,0                       
TEL,21127,S5,3498,1072,2944,4994,10000,0                       
TEL,21128,S5,3560,1074,2944,4994,10000,0                       
TEL,21129,S5,3560,1074,2944,4994,10000,0                       
TEL,21130,S5,3529,1073,2944,4994,10000,0                       
TEL,21131,S5,3560,1074,2944,4994,10000,0                       
TEL,21132,S5,3498,1072,2944,4994,10000,0                       
TEL,21133,S5,3591,1075,2944,4994,10000,0                       
TEL,21134,S5,3498,1072,2944,4994,10000,0                       
TEL,21135,S5,3591,1075,2944,4994,10000,0                       
TEL,21136,S5,3498,1072,2944,4994,10000,0                       
TEL,21137,S5,3529,1073,2944,4994,10000,0                       
TEL,21138,S5,3529,1073,2944,4994,10000,0                       
TEL,21139,S5,3498,1072,2944,4994,10000,0                       
TEL,21140,S5,3622,1076,2944,4994,10000,0                       
TEL,21141,S5,3529,1073,2944,4994,10000,0                       
TEL,21142,S5,3498,1072,2944,4994,10000,0                       
TEL,21143,S5,3560,1074,2944,4994,10000,0                       
TEL,21144,S5,3591,1075,2944,4994,10000,0                       
TEL,21145,S5,3560,1074,2944,4994,10000,0                       
TEL,21146,S5,3560,1074,2944,4994,10000,0                       
TEL,21147,S5,3591,1075,2944,4994,10000,0                       
TEL,21148,S5,3560,1074,2944,4994,10000,0                       
TEL,21149,S5,3591,1075,2944,4994,10000,0                       
TEL,21150,S5,3498,1072,2944,4994,10000,0                       
TEL,21151,S5,3591,1075,2944,4994,10000,0                       
TEL,21152,S5,3560,1074,2944,4994,10000,0                       
TEL,21153,S5,3591,1075,2944,4994,10000,0                       
TEL,21154,S5,3591,1075,2944,4994,10000,0                       
TEL,21155,S5,3560,1074,2944,4994,10000,0                       
TEL,21156,S5,3591,1075,2944,4994,10000,0                       
TEL,21157,S5,3560,1074,2944,4994,10000,0                       
TEL,21158,S5,3529,1073,2944,4994,10000,0                       
TEL,21159,S5,3591,1075,2944,4994,10000,0                       
TEL,21160,S5,3498,1072,2944,4994,10000,0                       
TEL,21161,S5,3560,1074,2944,4994,10000,0                       
TEL,21162,S5,3591,1075,2944,4994,10000,0                       
TEL,21163,S5,3529,1073,2944,4994,10000,0                       
TEL,21164,S5,3498,1072,2944,4994,10000,0                       
TEL,21165,S5,3560,1074,2944,4994,10000,0                       
TEL,21166,S5,3529,1073,2944,4994,10000,0                       
TEL,21167,S5,3591,1075,2944,4994,10000,0                       
TEL,21168,S5,3591,1075,2944,4994,10000,0                       
TEL,21169,S5,3529,1073,2944,4994,10000,0                       
TEL,21170,S5,3591,1075,2944,4994,10000,0                       
TEL,21171,S5,3560,1074,2944,4994,10000,0                       
TEL,21172,S5,3591,1075,2944,4994,10000,0                       
TEL,21173,S5,3591,1075,2944,4994,10000,0                       
TEL,21174,S5,3466,1071,2944,4994,10000,0                       
TEL,21175,S5,3560,1074,2944,4994,10000,0                       
TEL,21176,S5,3591,1075,2944,4994,10000,0                       
TEL,21177,S5,3560,1074,2944,4994,10000,0                       
TEL,21178,S5,3560,1074,2944,4994,10000,0                       
TEL,21179,S5,3653,1078,2944,4994,10000,0                       
TEL,21180,S5,3622,1076,2944,4994,10000,0                       
TEL,21181,S5,3560,1074,2944,4994,10000,0                       
TEL,21182,S5,3560,1074,2944,4994,10000,0                       
TEL,21183,S5,3560,1074,2944,4994,10000,0                       
TEL,21184,S5,3560,1074,2944,4994,10000,0                       
TEL,21185,S5,3560,1074,2944,4994,10000,0                       
TEL,21186,S5,3560,1074,2944,4994,10000,0                       
TEL,21187,S5,3591,1075,2944,4994,10000,0                       
TEL,21188,S5,3591,1075,2944,4994,10000,0                       
TEL,21189,S5,3591,1075,2944,4994,10000,0                       
TEL,21190,S5,3498,1072,2944,4994,10000,0                       
TEL,21191,S5,3560,1074,2944,4994,10000,0                       
TEL,21192,S5,3560,1074,2944,4994,10000,0                       
TEL,21193,S5,3591,1075,2944,4994,10000,0                       
TEL,21194,S5,3466,1071,2944,4994,10000,0                       
TEL,21195,S5,3498,1072,2944,4994,10000,0                       
TEL,21196,S5,3529,1073,2944,4994,10000,0                       
TEL,21197,S5,3560,1074,2944,4994,10000,0                       
TEL,21198,S5,3591,1075,2944,4994,10000,0                       
TEL,21199,S5,3560,1074,2944,4994,10000,0                       
TEL,21200,S5,3560,1074,2944,4994,10000,0                       
TEL,21201,S5,3560,1074,2944,4994,10000,0                       
TEL,21202,S5,3529,1073,2944,4994,10000,0                       
TEL,21203,S5,3591,1075,2944,4994,10000,0                       
TEL,21204,S5,3622,1076,2944,4994,10000,0                       
TEL,21205,S5,3560,1074,2944,4994,10000,0                       
TEL,21206,S5,3529,1073,2944,4994,10000,0                       
TEL,21207,S5,3591,1075,2944,4994,10000,0                       
TEL,21208,S5,3560,1074,2944,4994,10000,0                       
TEL,21209,S5,3653,1078,2944,4994,10000,0                       
TEL,21210,S5,3498,1072,2944,4994,10000,0                       
TEL,21211,S5,3560,1074,2944,4994,10000,0                       
TEL,21212,S5,3560,1074,2944,4994,10000,0                       
TEL,21213,S5,3498,1072,2944,4994,10000,0                       
TEL,21214,S5,3498,1072,2944,4994,10000,0                       
TEL,21215,S5,3466,1071,2944,4994,10000,0                       
TEL,21216,S5,3498,1072,2944,4994,10000,0                       
TEL,21217,S5,3560,1074,2944,4994,10000,0                       
TEL,21218,S5,3591,1075,2944,4994,10000,0                       
TEL,21219,S5,3560,1074,2944,4994,10000,0                       
TEL,21220,S5,3591,1075,2944,4994,10000,0                       
TEL,21221,S5,3560,1074,2944,4994,10000,0                       
TEL,21222,S5,3653,1078,2944,4994,10000,0                       
TEL,21223,S5,3560,1074,2944,4994,10000,0                       
TEL,21224,S5,3560,1074,2944,4994,10000,0                       
TEL,21225,S5,3591,1075,2944,4994,10000,0                       
TEL,21226,S5,3560,1074,2944,4994,10000,0                       
TEL,21227,S5,3498,1072,2944,4994,10000,0                       
TEL,21228,S5,3560,1074,2944,4994,10000,0                       
TEL,21229,S5,3529,1073,2944,4994,10000,0                       
TEL,21230,S5,3560,1074,2944,4994,10000,0                       
TEL,21231,S5,3591,1075,2944,4994,10000,0                       
TEL,21232,S5,3591,1075,2944,4994,10000,0                       
TEL,21233,S5,3560,1074,2944,4994,10000,0                       
TEL,21234,S5,3529,1073,2944,4994,10000,0                       
TEL,21235,S5,3560,1074,2944,4994,10000,0                       
TEL,21236,S5,3560,1074,2944,4994,10000,0                       
TEL,21237,S5,3342,1067,2944,4994,10000,0                       
TEL,21238,S5,3498,1072,2944,4994,10000,0                       
TEL,21239,S5,3591,1075,2944,4994,10000,0                       
TEL,21240,S5,3560,1074,2944,4994,10000,0                       
TEL,21241,S5,3591,1075,2944,4994,10000,0                       
TEL,21242,S5,3560,1074,2944,4994,10000,0                       
TEL,21243,S5,3498,1072,2944,4994,10000,0                       
TEL,21244,S5,3591,1075,2944,4994,10000,0                       
TEL,21245,S5,3560,1074,2944,4994,10000,0                       
TEL,21246,S5,3560,1074,2944,4994,10000,0                       
TEL,21247,S5,3560,1074,2944,4994,10000,0                       
TEL,21248,S5,3498,1072,2944,4994,10000,0                       
TEL,21249,S5,3591,1075,2944,4994,10000,0                       
TEL,21250,S5,3560,1074,2944,4994,10000,0                       
TEL,21251,S5,3560,1074,2944,4994,10000,0                       
TEL,21252,S5,3591,1075,2944,4994,10000,0                       
TEL,21253,S5,3591,1075,2944,4994,10000,0                       
TEL,21254,S5,3684,1079,2944,4994,10000,0                       
TEL,21255,S5,3591,1075,2944,4994,10000,0                       
TEL,21256,S5,3498,1072,2944,4994,10000,0                       
TEL,21257,S5,3529,1073,2944,4994,10000,0                       
TEL,21258,S5,3591,1075,2944,4994,10000,0                       
TEL,21259,S5,3560,1074,2944,4994,10000,0                       
TEL,21260,S5,3529,1073,2944,4994,10000,0                       
TEL,21261,S5,3622,1076,2944,4994,10000,0                       
TEL,21262,S5,3591,1075,2944,4994,10000,0                       
TEL,21263,S5,3560,1074,2944,4994,10000,0                       
TEL,21264,S5,3560,1074,2944,4994,10000,0                       
TEL,21265,S5,3591,1075,2944,4994,10000,0                       
TEL,21266,S5,3529,1073,2944,4994,10000,0                       
TEL,21267,S5,3591,1075,2944,4994,10000,0                       
TEL,21268,S5,3622,1076,2944,4994,10000,0                       
TEL,21269,S5,3529,1073,2944,4994,10000,0                       
TEL,21270,S5,3529,1073,2944,4994,10000,0                       
TEL,21271,S5,3466,1071,2944,4994,10000,0                       
TEL,21272,S5,3560,1074,2944,4994,10000,0                       
TEL,21273,S5,3560,1074,2944,4994,10000,0                       
TEL,21274,S5,3529,1073,2944,4994,10000,0                       
TEL,21275,S5,3591,1075,2944,4994,10000,0                       
TEL,21276,S5,3529,1073,2944,4994,10000,0                       
TEL,21277,S5,3529,1073,2944,4994,10000,0                       
TEL,21278,S5,3560,1074,2944,4994,10000,0                       
TEL,21279,S5,3560,1074,2944,4994,10000,0                       
TEL,21280,S5,3560,1074,2944,4994,10000,0                       
TEL,21281,S5,3560,1074,2944,4994,10000,0                       
TEL,21282,S5,3529,1073,2944,4994,10000,0                       
TEL,21283,S5,3591,1075,2944,4994,10000,0                       
TEL,21284,S5,3591,1075,2944,4994,10000,0                       
TEL,21285,S5,3529,1073,2944,4994,10000,0                       
TEL,21286,S5,3622,1077,2944,4994,10000,0                       
TEL,21287,S5,3591,1075,2944,4994,10000,0                       
TEL,21288,S5,3560,1074,2944,4994,10000,0                       
TEL,21289,S5,3560,1074,2944,4994,10000,0                       
TEL,21290,S5,3560,1074,2944,4994,10000,0                       
TEL,21291,S5,3560,1074,2944,4994,10000,0                       
TEL,21292,S5,3591,1075,2944,4994,10000,0                       
TEL,21293,S5,3560,1074,2944,4994,10000,0                       
TEL,21294,S5,3715,1080,2944,4994,10000,0                       
TEL,21295,S5,3560,1074,2944,4994,10000,0                       
TEL,21296,S5,3498,1072,2944,4994,10000,0                       
TEL,21297,S5,3560,1074,2944,4994,10000,0                       
TEL,21298,S5,3560,1074,2944,4994,10000,0                       
TEL,21299,S5,3560,1074,2944,4994,10000,0                       
TEL,21300,S5,3622,1076,2944,4994,10000,0                       
TEL,21301,S5,3591,1075,2944,4994,10000,0                       
TEL,21302,S5,3653,1078,2944,4994,10000,0                       
TEL,21303,S5,3591,1075,2944,4994,10000,0                       
TEL,21304,S5,3560,1074,2944,4994,10000,0                       
TEL,21305,S5,3560,1074,2944,4994,10000,0                       
TEL,21306,S5,3529,1073,2944,4994,10000,0                       
TEL,21307,S5,3560,1074,2944,4994,10000,0                       
TEL,21308,S5,3560,1074,2944,4994,10000,0                       
TEL,21309,S5,3653,1078,2944,4994,10000,0                       
TEL,21310,S5,3560,1074,2944,4994,10000,0                       
TEL,21311,S5,3591,1075,2944,4994,10000,0                       
TEL,21312,S5,3622,1076,2944,4994,10000,0                       
TEL,21313,S5,3560,1074,2944,4994,10000,0                       
TEL,21314,S5,3653,1078,2944,4994,10000,0                       
TEL,21315,S5,3560,1074,2944,4994,10000,0                       
TEL,21316,S5,3622,1077,2944,4994,10000,0                       
TEL,21317,S5,3560,1074,2944,4994,10000,0                       
TEL,21318,S5,3498,1072,2944,4994,10000,0                       
TEL,21319,S5,3529,1073,2944,4994,10000,0                       
TEL,21320,S5,3591,1075,2944,4994,10000,0                       
TEL,21321,S5,3591,1075,2944,4994,10000,0                       
TEL,21322,S5,3529,1073,2944,4994,10000,0                       
TEL,21323,S5,3560,1074,2944,4994,10000,0                       
ACK,21324,S0,CT                                                
REC,S5,121,365302135,18,2,73,2783,ok                           
REC,S5,122,367058609,18,1,664,2782,ok                          
REC,S5,123,368709391,17,2,2654,2782,ok                         
REC,S5,124,370473330,17,2,70,2780,ok                           
REC,S5,125,372086075,17,2,3198,2781,ok                         
REC,S5,126,373595698,18,1,3575,2783,ok                         
REC,S5,127,375223371,17,2,70,2783,ok                           
REC,S5,128,376726759,18,2,2514,2779,ok                         
REC,S5,129,378315728,17,2,3546,2783,ok                         
REC,S5,130,379907765,17,2,1509,2783,ok                         
REC,S5,131,381409278,21,1,2763,2782,ok                         
REC,S5,132,382957745,18,2,1528,2782,ok                         
REC,S5,133,384380142,21,1,1901,2782,ok                         
REC,S5,134,385912259,17,2,70,2781,ok                           
REC,S5,135,387502189,18,1,71,2780,ok                           
REC,S5,136,389092725,17,2,71,2781,ok                           
REC,S5,137,390639479,18,1,2566,2781,ok                         
REC,S5,138,392035854,17,2,3421,2783,ok                         
REC,S5,139,393492609,17,2,71,2782,ok                           
REC,S5,140,394848443,18,2,831,2780,ok                          
REC,S5,141,396423273,17,2,71,2782,ok                           
REC,S5,142,397890784,23,2,1256,2781,ok                         
REC,S5,143,399485278,17,2,3997,2779,ok                         
REC,S5,144,401057122,18,2,2154,2783,ok                         
REC,S5,145,402660829,21,2,1212,2781,ok                         
REC,S5,146,404338513,17,2,762,2780,ok                          
REC,S5,147,405971316,20,2,725,2781,ok                          
REC,S5,148,407478507,17,2,768,2783,ok                          
REC,S5,149,409122748,17,2,72,2780,ok                           
REC,S5,150,410783325,18,2,72,2779,ok                           
CNT,S0,accepted,30                                             
CNT,S0,repeat,49                                               
CNT,S0,btn_queue_drop,0                                        
CNT,S0,tx_queue_drop,0                                         
CNT,S0,tx_queue_max,2                                          
CNT,S0,pool_overflow,0                                         
CNT,S0,droplog_overflow,0                                      
CNT,S0,tx_timeout,0                                            
CNT,S0,tx_start_fail,0                                         
CNT,S0,spurious_tc,0                                           
CNT,S0,encode_error,0                                          
CNT,S0,tel_sent,6767                                           
CNT,S0,tel_drop,0                                              
CNT,S0,tel_period_min_us,9915                                  
CNT,S0,tel_period_avg_us,9999                                  
CNT,S0,tel_period_max_us,10003                                 
CNT,S0,tel_wait_avg_us,63                                      
CNT,S0,tel_wait_max_us,2890                                    
CNT,S0,stack_hwm_telemetry,328                                 
CNT,S0,stack_hwm_button,328                                    
CNT,S0,stack_hwm_uart_tx,380                                   
END,S0,30                                                      
