ACK,8291,S5,BTK                                                
A5 54 64 20 05 0E 0D 2A 04 82 0B 82 13 00 00 00 00 02 AF  TEL,8292,S5,3342,1066,2946,4994,0,2
A5 54 65 20 05 C9 0D 31 04 82 0B 82 13 7B 23 00 00 00 B7  TEL,8293,S5,3529,1073,2946,4994,9083,0
A5 54 66 20 05 C9 0D 31 04 82 0B 83 13 10 27 00 00 00 25  TEL,8294,S5,3529,1073,2946,4995,10000,0
A5 54 67 20 05 6B 0D 2D 04 82 0B 83 13 10 27 00 00 00 74  TEL,8295,S5,3435,1069,2946,4995,10000,0
A5 54 68 20 05 B1 0C 27 04 82 0B 83 13 10 27 00 00 00 17  TEL,8296,S5,3249,1063,2946,4995,10000,0
A5 54 69 20 05 E8 0D 32 04 82 0B 83 13 10 27 00 00 00 70  TEL,8297,S5,3560,1074,2946,4995,10000,0
A5 54 6A 20 05 6B 0D 2D 04 82 0B 83 13 10 27 00 00 00 6E  TEL,8298,S5,3435,1069,2946,4995,10000,0
A5 54 6B 20 05 8A 0D 2E 04 82 0B 83 13 10 27 00 00 00 2D  TEL,8299,S5,3466,1070,2946,4995,10000,0
A5 54 6C 20 05 6B 0D 2D 04 82 0B 83 13 10 27 00 00 00 62  TEL,8300,S5,3435,1069,2946,4995,10000,0
A5 54 6D 20 05 6B 0D 2D 04 82 0B 83 13 10 27 00 00 00 60  TEL,8301,S5,3435,1069,2946,4995,10000,0
A5 54 6E 20 05 C9 0D 30 04 82 0B 83 13 10 27 00 00 00 2A  TEL,8302,S5,3529,1072,2946,4995,10000,0
A5 54 6F 20 05 C9 0D 31 04 82 0B 83 13 10 27 00 00 00 37  TEL,8303,S5,3529,1073,2946,4995,10000,0
A5 54 70 20 05 AA 0D 2F 04 82 0B 83 13 10 27 00 00 00 FA  TEL,8304,S5,3498,1071,2946,4995,10000,0
A5 54 71 20 05 C9 0D 30 04 82 0B 83 13 10 27 00 00 00 14  TEL,8305,S5,3529,1072,2946,4995,10000,0
A5 54 72 20 05 AA 0D 2F 04 82 0B 83 13 10 27 00 00 00 FE  TEL,8306,S5,3498,1071,2946,4995,10000,0
A5 54 73 20 05 AA 0D 2F 04 82 0B 83 13 10 27 00 00 00 FC  TEL,8307,S5,3498,1071,2946,4995,10000,0
A5 54 74 20 05 6B 0D 2D 04 82 0B 83 13 10 27 00 00 00 52  TEL,8308,S5,3435,1069,2946,4995,10000,0
A5 54 75 20 05 C9 0D 30 04 82 0B 83 13 10 27 00 00 00 1C  TEL,8309,S5,3529,1072,2946,4995,10000,0
A5 54 76 20 05 AA 0D 2F 04 82 0B 83 13 10 27 00 00 00 F6  TEL,8310,S5,3498,1071,2946,4995,10000,0
A5 54 77 20 05 6B 0D 2D 04 82 0B 83 13 10 27 00 00 00 54  TEL,8311,S5,3435,1069,2946,4995,10000,0
A5 54 78 20 05 6B 0D 2D 04 82 0B 83 13 10 27 00 00 00 4A  TEL,8312,S5,3435,1069,2946,4995,10000,0
A5 54 79 20 05 6B 0D 2D 04 82 0B 83 13 10 27 00 00 00 48  TEL,8313,S5,3435,1069,2946,4995,10000,0
A5 54 7A 20 05 AA 0D 2F 04 82 0B 83 13 10 27 00 00 00 EE  TEL,8314,S5,3498,1071,2946,4995,10000,0
A5 54 7B 20 05 8A 0D 2E 04 82 0B 83 13 10 27 00 00 00 0D  TEL,8315,S5,3466,1070,2946,4995,10000,0
A5 54 7C 20 05 6B 0D 2D 04 82 0B 83 13 10 27 00 00 00 42  TEL,8316,S5,3435,1069,2946,4995,10000,0
A5 54 7D 20 05 C9 0D 30 04 82 0B 83 13 10 27 00 00 00 0C  TEL,8317,S5,3529,1072,2946,4995,10000,0
A5 54 7E 20 05 C9 0D 31 04 82 0B 83 13 10 27 00 00 00 15  TEL,8318,S5,3529,1073,2946,4995,10000,0
A5 54 7F 20 05 AA 0D 2F 04 82 0B 83 13 10 27 00 00 00 E4  TEL,8319,S5,3498,1071,2946,4995,10000,0
A5 54 80 20 05 C9 0D 30 04 82 0B 83 13 10 27 00 00 00 F1  TEL,8320,S5,3529,1072,2946,4995,10000,0
A5 54 81 20 05 C9 0D 31 04 82 0B 83 13 10 27 00 00 00 EC  TEL,8321,S5,3529,1073,2946,4995,10000,0
A5 54 82 20 05 8A 0D 2E 04 82 0B 83 13 10 27 00 00 00 F8  TEL,8322,S5,3466,1070,2946,4995,10000,0
A5 54 83 20 05 6B 0D 2D 04 82 0B 83 13 10 27 00 00 00 BB  TEL,8323,S5,3435,1069,2946,4995,10000,0
A5 54 84 20 05 AA 0D 2F 04 82 0B 83 13 10 27 00 00 00 15  TEL,8324,S5,3498,1071,2946,4995,10000,0
A5 54 85 20 05 6B 0D 2D 04 82 0B 83 13 10 27 00 00 00 B7  TEL,8325,S5,3435,1069,2946,4995,10000,0
A5 54 86 20 05 4C 0D 2C 04 82 0B 83 13 10 27 00 00 00 B5  TEL,8326,S5,3404,1068,2946,4995,10000,0
A5 54 87 20 05 C9 0D 30 04 82 0B 83 13 10 27 00 00 00 FF  TEL,8327,S5,3529,1072,2946,4995,10000,0
A5 54 88 20 05 C9 0D 31 04 82 0B 83 13 10 27 00 00 00 FE  TEL,8328,S5,3529,1073,2946,4995,10000,0
A5 54 89 20 05 6B 0D 2D 04 82 0B 83 13 10 27 00 00 00 AF  TEL,8329,S5,3435,1069,2946,4995,10000,0
A5 54 8A 20 05 AA 0D 2F 04 82 0B 83 13 10 27 00 00 00 09  TEL,8330,S5,3498,1071,2946,4995,10000,0
A5 54 8B 20 05 AA 0D 2F 04 82 0B 83 13 10 27 00 00 00 0B  TEL,8331,S5,3498,1071,2946,4995,10000,0
A5 54 8C 20 05 C9 0D 31 04 82 0B 83 13 10 27 00 00 00 F6  TEL,8332,S5,3529,1073,2946,4995,10000,0
A5 54 8D 20 05 6B 0D 2D 04 82 0B 83 13 10 27 00 00 00 A7  TEL,8333,S5,3435,1069,2946,4995,10000,0
A5 54 8E 20 05 C9 0D 30 04 82 0B 83 13 10 27 00 00 00 ED  TEL,8334,S5,3529,1072,2946,4995,10000,0
A5 54 8F 20 05 AA 0D 2F 04 82 0B 83 13 10 27 00 00 00 03  TEL,8335,S5,3498,1071,2946,4995,10000,0
A5 54 90 20 05 AA 0D 2F 04 82 0B 83 13 10 27 00 00 00 3D  TEL,8336,S5,3498,1071,2946,4995,10000,0
A5 54 91 20 05 6B 0D 2D 04 82 0B 83 13 10 27 00 00 00 9F  TEL,8337,S5,3435,1069,2946,4995,10000,0
A5 54 92 20 05 6B 0D 2D 04 82 0B 83 13 10 27 00 00 00 99  TEL,8338,S5,3435,1069,2946,4995,10000,0
A5 54 93 20 05 C9 0D 30 04 82 0B 83 13 10 27 00 00 00 D7  TEL,8339,S5,3529,1072,2946,4995,10000,0
A5 54 94 20 05 6B 0D 2D 04 82 0B 83 13 10 27 00 00 00 95  TEL,8340,S5,3435,1069,2946,4995,10000,0
A5 54 95 20 05 8A 0D 2E 04 82 0B 83 13 10 27 00 00 00 D6  TEL,8341,S5,3466,1070,2946,4995,10000,0
A5 54 96 20 05 6B 0D 2D 04 82 0B 83 13 10 27 00 00 00 91  TEL,8342,S5,3435,1069,2946,4995,10000,0
A5 54 97 20 05 6B 0D 2D 04 82 0B 83 13 10 27 00 00 00 93  TEL,8343,S5,3435,1069,2946,4995,10000,0
A5 54 98 20 05 6B 0D 2D 04 82 0B 83 13 10 27 00 00 00 8D  TEL,8344,S5,3435,1069,2946,4995,10000,0
A5 54 99 20 05 6B 0D 2D 04 82 0B 83 13 10 27 00 00 00 8F  TEL,8345,S5,3435,1069,2946,4995,10000,0
A5 54 9A 20 05 C9 0D 30 04 82 0B 83 13 10 27 00 00 00 C5  TEL,8346,S5,3529,1072,2946,4995,10000,0
A5 54 9B 20 05 C9 0D 30 04 82 0B 83 13 10 27 00 00 00 C7  TEL,8347,S5,3529,1072,2946,4995,10000,0
A5 54 9C 20 05 C9 0D 30 04 82 0B 83 13 10 27 00 00 00 C9  TEL,8348,S5,3529,1072,2946,4995,10000,0
A5 54 9D 20 05 C9 0D 30 04 82 0B 83 13 10 27 00 00 00 CB  TEL,8349,S5,3529,1072,2946,4995,10000,0
A5 54 9E 20 05 C9 0D 31 04 82 0B 83 13 10 27 00 00 00 D2  TEL,8350,S5,3529,1073,2946,4995,10000,0
A5 54 9F 20 05 C9 0D 30 04 82 0B 83 13 10 27 00 00 00 CF  TEL,8351,S5,3529,1072,2946,4995,10000,0
A5 54 A0 20 05 6B 0D 2D 04 82 0B 83 13 10 27 00 00 00 FD  TEL,8352,S5,3435,1069,2946,4995,10000,0
A5 54 A1 20 05 AA 0D 2F 04 82 0B 83 13 10 27 00 00 00 5F  TEL,8353,S5,3498,1071,2946,4995,10000,0
A5 54 A2 20 05 AA 0D 2F 04 82 0B 83 13 10 27 00 00 00 59  TEL,8354,S5,3498,1071,2946,4995,10000,0
A5 54 A3 20 05 C9 0D 30 04 82 0B 83 13 10 27 00 00 00 B7  TEL,8355,S5,3529,1072,2946,4995,10000,0
A5 54 A4 20 05 AA 0D 2F 04 82 0B 83 13 10 27 00 00 00 55  TEL,8356,S5,3498,1071,2946,4995,10000,0
A5 54 A5 20 05 C9 0D 30 04 82 0B 83 13 10 27 00 00 00 BB  TEL,8357,S5,3529,1072,2946,4995,10000,0
A5 54 A6 20 05 AA 0D 2F 04 82 0B 83 13 10 27 00 00 00 51  TEL,8358,S5,3498,1071,2946,4995,10000,0
A5 54 A7 20 05 6B 0D 2D 04 82 0B 83 13 10 27 00 00 00 F3  TEL,8359,S5,3435,1069,2946,4995,10000,0
A5 54 A8 20 05 2D 0D 2B 04 82 0B 83 13 10 27 00 00 00 25  TEL,8360,S5,3373,1067,2946,4995,10000,0
A5 54 A9 20 05 AA 0D 2F 04 82 0B 83 13 10 27 00 00 00 4F  TEL,8361,S5,3498,1071,2946,4995,10000,0
A5 54 AA 20 05 C9 0D 30 04 82 0B 83 13 10 27 00 00 00 A5  TEL,8362,S5,3529,1072,2946,4995,10000,0
A5 54 AB 20 05 C9 0D 30 04 82 0B 83 13 10 27 00 00 00 A7  TEL,8363,S5,3529,1072,2946,4995,10000,0
A5 54 AC 20 05 6B 0D 2D 04 82 0B 83 13 10 27 00 00 00 E5  TEL,8364,S5,3435,1069,2946,4995,10000,0
A5 54 AD 20 05 C9 0D 30 04 82 0B 83 13 10 27 00 00 00 AB  TEL,8365,S5,3529,1072,2946,4995,10000,0
A5 54 AE 20 05 6B 0D 2D 04 82 0B 83 13 10 27 00 00 00 E1  TEL,8366,S5,3435,1069,2946,4995,10000,0
A5 54 AF 20 05 AA 0D 2F 04 82 0B 83 13 10 27 00 00 00 43  TEL,8367,S5,3498,1071,2946,4995,10000,0
A5 54 B0 20 05 6B 0D 2D 04 82 0B 83 13 10 27 00 00 00 DD  TEL,8368,S5,3435,1069,2946,4995,10000,0
A5 54 B1 20 05 AA 0D 2F 04 82 0B 83 13 10 27 00 00 00 7F  TEL,8369,S5,3498,1071,2946,4995,10000,0
A5 54 B2 20 05 6B 0D 2D 04 82 0B 83 13 10 27 00 00 00 D9  TEL,8370,S5,3435,1069,2946,4995,10000,0
A5 54 B3 20 05 6B 0D 2D 04 82 0B 83 13 10 27 00 00 00 DB  TEL,8371,S5,3435,1069,2946,4995,10000,0
A5 54 B4 20 05 C9 0D 30 04 82 0B 83 13 10 27 00 00 00 99  TEL,8372,S5,3529,1072,2946,4995,10000,0
A5 54 B5 20 05 C9 0D 30 04 82 0B 83 13 10 27 00 00 00 9B  TEL,8373,S5,3529,1072,2946,4995,10000,0
A5 54 B6 20 05 C9 0D 30 04 82 0B 83 13 10 27 00 00 00 9D  TEL,8374,S5,3529,1072,2946,4995,10000,0
A5 54 B7 20 05 C9 0D 30 04 82 0B 83 13 10 27 00 00 00 9F  TEL,8375,S5,3529,1072,2946,4995,10000,0
A5 54 B8 20 05 AA 0D 2F 04 82 0B 83 13 10 27 00 00 00 6D  TEL,8376,S5,3498,1071,2946,4995,10000,0
A5 54 B9 20 05 C9 0D 30 04 82 0B 83 13 10 27 00 00 00 83  TEL,8377,S5,3529,1072,2946,4995,10000,0
A5 54 BA 20 05 C9 0D 30 04 82 0B 83 13 10 27 00 00 00 85  TEL,8378,S5,3529,1072,2946,4995,10000,0
A5 54 BB 20 05 C9 0D 30 04 82 0B 83 13 10 27 00 00 00 87  TEL,8379,S5,3529,1072,2946,4995,10000,0
A5 54 BC 20 05 6B 0D 2D 04 82 0B 83 13 10 27 00 00 00 C5  TEL,8380,S5,3435,1069,2946,4995,10000,0
A5 54 BD 20 05 AA 0D 2F 04 82 0B 83 13 10 27 00 00 00 67  TEL,8381,S5,3498,1071,2946,4995,10000,0
A5 54 BE 20 05 C9 0D 30 04 82 0B 83 13 10 27 00 00 00 8D  TEL,8382,S5,3529,1072,2946,4995,10000,0
A5 54 BF 20 05 6B 0D 2D 04 82 0B 83 13 10 27 00 00 00 C3  TEL,8383,S5,3435,1069,2946,4995,10000,0
A5 54 C0 20 05 6B 0D 2D 04 82 0B 83 13 10 27 00 00 00 3D  TEL,8384,S5,3435,1069,2946,4995,10000,0
A5 54 C1 20 05 6B 0D 2D 04 82 0B 83 13 10 27 00 00 00 3F  TEL,8385,S5,3435,1069,2946,4995,10000,0
A5 54 C2 20 05 B1 0C 27 04 82 0B 83 13 10 27 00 00 00 44  TEL,8386,S5,3249,1063,2946,4995,10000,0
A5 54 C3 20 05 6B 0D 2D 04 82 0B 83 13 10 27 00 00 00 3B  TEL,8387,S5,3435,1069,2946,4995,10000,0
A5 54 C4 20 05 AA 0D 2F 04 82 0B 83 13 10 27 00 00 00 95  TEL,8388,S5,3498,1071,2946,4995,10000,0
A5 54 C5 20 05 4C 0D 2C 04 82 0B 83 13 10 27 00 00 00 33  TEL,8389,S5,3404,1068,2946,4995,10000,0
A5 54 C6 20 05 C9 0D 30 04 82 0B 83 13 10 27 00 00 00 7D  TEL,8390,S5,3529,1072,2946,4995,10000,0
A5 54 C7 20 05 C9 0D 30 04 82 0B 83 13 10 27 00 00 00 7F  TEL,8391,S5,3529,1072,2946,4995,10000,0
A5 54 C8 20 05 AA 0D 2F 04 82 0B 83 13 10 27 00 00 00 8D  TEL,8392,S5,3498,1071,2946,4995,10000,0
A5 54 C9 20 05 AA 0D 2F 04 82 0B 83 13 10 27 00 00 00 8F  TEL,8393,S5,3498,1071,2946,4995,10000,0
A5 54 CA 20 05 C9 0D 30 04 82 0B 83 13 10 27 00 00 00 65  TEL,8394,S5,3529,1072,2946,4995,10000,0
A5 54 CB 20 05 C9 0D 31 04 82 0B 83 13 10 27 00 00 00 78  TEL,8395,S5,3529,1073,2946,4995,10000,0
A5 54 CC 20 05 6B 0D 2D 04 82 0B 83 13 10 27 00 00 00 25  TEL,8396,S5,3435,1069,2946,4995,10000,0
A5 54 CD 20 05 AA 0D 2F 04 82 0B 83 13 10 27 00 00 00 87  TEL,8397,S5,3498,1071,2946,4995,10000,0
A5 54 CE 20 05 AA 0D 2F 04 82 0B 83 13 10 27 00 00 00 81  TEL,8398,S5,3498,1071,2946,4995,10000,0
A5 54 CF 20 05 C9 0D 30 04 82 0B 83 13 10 27 00 00 00 6F  TEL,8399,S5,3529,1072,2946,4995,10000,0
A5 54 D0 20 05 C9 0D 30 04 82 0B 83 13 10 27 00 00 00 51  TEL,8400,S5,3529,1072,2946,4995,10000,0
A5 54 D1 20 05 6B 0D 2D 04 82 0B 83 13 10 27 00 00 00 1F  TEL,8401,S5,3435,1069,2946,4995,10000,0
A5 54 D2 20 05 AA 0D 2F 04 82 0B 83 13 10 27 00 00 00 B9  TEL,8402,S5,3498,1071,2946,4995,10000,0
A5 54 D3 20 05 6B 0D 2D 04 82 0B 83 13 10 27 00 00 00 1B  TEL,8403,S5,3435,1069,2946,4995,10000,0
A5 54 D4 20 05 6B 0D 2D 04 82 0B 83 13 10 27 00 00 00 15  TEL,8404,S5,3435,1069,2946,4995,10000,0
A5 54 D5 20 05 C9 0D 31 04 82 0B 83 13 10 27 00 00 00 44  TEL,8405,S5,3529,1073,2946,4995,10000,0
A5 54 D6 20 05 6B 0D 2D 04 82 0B 83 13 10 27 00 00 00 11  TEL,8406,S5,3435,1069,2946,4995,10000,0
A5 54 D7 20 05 AA 0D 2F 04 82 0B 83 13 10 27 00 00 00 B3  TEL,8407,S5,3498,1071,2946,4995,10000,0
A5 54 D8 20 05 26 0E 34 04 82 0B 83 13 10 27 00 00 00 77  TEL,8408,S5,3622,1076,2946,4995,10000,0
A5 54 D9 20 05 C9 0D 30 04 82 0B 83 13 10 27 00 00 00 43  TEL,8409,S5,3529,1072,2946,4995,10000,0
A5 54 DA 20 05 C9 0D 30 04 82 0B 83 13 10 27 00 00 00 45  TEL,8410,S5,3529,1072,2946,4995,10000,0
A5 54 DB 20 05 C9 0D 30 04 82 0B 83 13 10 27 00 00 00 47  TEL,8411,S5,3529,1072,2946,4995,10000,0
A5 54 DC 20 05 6B 0D 2D 04 82 0B 83 13 10 27 00 00 00 05  TEL,8412,S5,3435,1069,2946,4995,10000,0
A5 54 DD 20 05 6B 0D 2D 04 82 0B 83 13 10 27 00 00 00 07  TEL,8413,S5,3435,1069,2946,4995,10000,0
A5 54 DE 20 05 6B 0D 2D 04 82 0B 83 13 10 27 00 00 00 01  TEL,8414,S5,3435,1069,2946,4995,10000,0
A5 54 DF 20 05 C9 0D 31 04 82 0B 83 13 10 27 00 00 00 50  TEL,8415,S5,3529,1073,2946,4995,10000,0
A5 54 E0 20 05 6B 0D 2D 04 82 0B 83 13 10 27 00 00 00 7D  TEL,8416,S5,3435,1069,2946,4995,10000,0
A5 54 E1 20 05 C9 0D 30 04 82 0B 83 13 10 27 00 00 00 33  TEL,8417,S5,3529,1072,2946,4995,10000,0
A5 54 E2 20 05 C9 0D 30 04 82 0B 83 13 10 27 00 00 00 35  TEL,8418,S5,3529,1072,2946,4995,10000,0
A5 54 E3 20 05 C9 0D 31 04 82 0B 83 13 10 27 00 00 00 28  TEL,8419,S5,3529,1073,2946,4995,10000,0
A5 54 E4 20 05 AA 0D 2F 04 82 0B 83 13 10 27 00 00 00 D5  TEL,8420,S5,3498,1071,2946,4995,10000,0
A5 54 E5 20 05 6B 0D 2D 04 82 0B 83 13 10 27 00 00 00 77  TEL,8421,S5,3435,1069,2946,4995,10000,0
A5 54 E6 20 05 AA 0D 2F 04 82 0B 83 13 10 27 00 00 00 D1  TEL,8422,S5,3498,1071,2946,4995,10000,0
A5 54 E7 20 05 6B 0D 2D 04 82 0B 83 13 10 27 00 00 00 73  TEL,8423,S5,3435,1069,2946,4995,10000,0
A5 54 E8 20 05 AA 0D 2F 04 82 0B 83 13 10 27 00 00 00 CD  TEL,8424,S5,3498,1071,2946,4995,10000,0
A5 54 E9 20 05 AA 0D 2F 04 82 0B 83 13 10 27 00 00 00 CF  TEL,8425,S5,3498,1071,2946,4995,10000,0
A5 54 EA 20 05 C9 0D 30 04 82 0B 83 13 10 27 00 00 00 25  TEL,8426,S5,3529,1072,2946,4995,10000,0
A5 54 EB 20 05 AA 0D 2F 04 82 0B 83 13 10 27 00 00 00 CB  TEL,8427,S5,3498,1071,2946,4995,10000,0
A5 54 EC 20 05 C9 0D 31 04 82 0B 83 13 10 27 00 00 00 36  TEL,8428,S5,3529,1073,2946,4995,10000,0
A5 54 ED 20 05 AA 0D 2F 04 82 0B 83 13 10 27 00 00 00 C7  TEL,8429,S5,3498,1071,2946,4995,10000,0
A5 54 EE 20 05 C9 0D 31 04 82 0B 83 13 10 27 00 00 00 32  TEL,8430,S5,3529,1073,2946,4995,10000,0
A5 54 EF 20 05 C9 0D 31 04 82 0B 83 13 10 27 00 00 00 30  TEL,8431,S5,3529,1073,2946,4995,10000,0
A5 54 F0 20 05 C9 0D 30 04 82 0B 83 13 10 27 00 00 00 11  TEL,8432,S5,3529,1072,2946,4995,10000,0
A5 54 F1 20 05 C9 0D 31 04 82 0B 83 13 10 27 00 00 00 0C  TEL,8433,S5,3529,1073,2946,4995,10000,0
A5 54 F2 20 05 C9 0D 30 04 82 0B 83 13 10 27 00 00 00 15  TEL,8434,S5,3529,1072,2946,4995,10000,0
A5 54 F3 20 05 C9 0D 31 04 82 0B 83 13 10 27 00 00 00 08  TEL,8435,S5,3529,1073,2946,4995,10000,0
A5 54 F4 20 05 C9 0D 30 04 82 0B 83 13 10 27 00 00 00 19  TEL,8436,S5,3529,1072,2946,4995,10000,0
A5 54 F5 20 05 AA 0D 2F 04 82 0B 83 13 10 27 00 00 00 F7  TEL,8437,S5,3498,1071,2946,4995,10000,0
A5 54 F6 20 05 07 0E 33 04 82 0B 83 13 10 27 00 00 00 1C  TEL,8438,S5,3591,1075,2946,4995,10000,0
A5 54 F7 20 05 C9 0D 30 04 82 0B 83 13 10 27 00 00 00 1F  TEL,8439,S5,3529,1072,2946,4995,10000,0
A5 54 F8 20 05 AA 0D 2F 04 82 0B 83 13 10 27 00 00 00 ED  TEL,8440,S5,3498,1071,2946,4995,10000,0
A5 54 F9 20 05 AA 0D 2F 04 82 0B 83 13 10 27 00 00 00 EF  TEL,8441,S5,3498,1071,2946,4995,10000,0
A5 54 FA 20 05 C9 0D 30 04 82 0B 83 13 10 27 00 00 00 05  TEL,8442,S5,3529,1072,2946,4995,10000,0
A5 54 FB 20 05 C9 0D 30 04 82 0B 83 13 10 27 00 00 00 07  TEL,8443,S5,3529,1072,2946,4995,10000,0
A5 54 FC 20 05 C9 0D 31 04 82 0B 83 13 10 27 00 00 00 16  TEL,8444,S5,3529,1073,2946,4995,10000,0
A5 54 FD 20 05 AA 0D 2F 04 82 0B 83 13 10 27 00 00 00 E7  TEL,8445,S5,3498,1071,2946,4995,10000,0
A5 54 FE 20 05 C9 0D 30 04 82 0B 83 13 10 27 00 00 00 0D  TEL,8446,S5,3529,1072,2946,4995,10000,0
A5 54 FF 20 05 C9 0D 31 04 82 0B 83 13 10 27 00 00 00 10  TEL,8447,S5,3529,1073,2946,4995,10000,0
A5 54 00 21 05 C9 0D 30 04 82 0B 83 13 10 27 00 00 00 43  TEL,8448,S5,3529,1072,2946,4995,10000,0
A5 54 01 21 05 C9 0D 31 04 82 0B 83 13 10 27 00 00 00 5E  TEL,8449,S5,3529,1073,2946,4995,10000,0
A5 54 02 21 05 C9 0D 30 04 82 0B 83 13 10 27 00 00 00 47  TEL,8450,S5,3529,1072,2946,4995,10000,0
A5 54 03 21 05 C9 0D 31 04 82 0B 83 13 10 27 00 00 00 5A  TEL,8451,S5,3529,1073,2946,4995,10000,0
A5 54 04 21 05 6B 0D 2D 04 82 0B 83 13 10 27 00 00 00 07  TEL,8452,S5,3435,1069,2946,4995,10000,0
A5 54 05 21 05 C9 0D 30 04 82 0B 83 13 10 27 00 00 00 49  TEL,8453,S5,3529,1072,2946,4995,10000,0
A5 54 06 21 05 C9 0D 30 04 82 0B 83 13 10 27 00 00 00 4F  TEL,8454,S5,3529,1072,2946,4995,10000,0
A5 54 07 21 05 AA 0D 2F 04 82 0B 83 13 10 27 00 00 00 A1  TEL,8455,S5,3498,1071,2946,4995,10000,0
A5 54 08 21 05 AA 0D 2F 04 82 0B 83 13 10 27 00 00 00 BF  TEL,8456,S5,3498,1071,2946,4995,10000,0
A5 54 09 21 05 AA 0D 2F 04 82 0B 83 13 10 27 00 00 00 BD  TEL,8457,S5,3498,1071,2946,4995,10000,0
A5 54 0A 21 05 C9 0D 30 04 82 0B 83 13 10 27 00 00 00 57  TEL,8458,S5,3529,1072,2946,4995,10000,0
A5 54 0B 21 05 AA 0D 2F 04 82 0B 83 13 10 27 00 00 00 B9  TEL,8459,S5,3498,1071,2946,4995,10000,0
A5 54 0C 21 05 C9 0D 30 04 82 0B 83 13 10 27 00 00 00 5B  TEL,8460,S5,3529,1072,2946,4995,10000,0
A5 54 0D 21 05 AA 0D 2F 04 82 0B 83 13 10 27 00 00 00 B5  TEL,8461,S5,3498,1071,2946,4995,10000,0
A5 54 0E 21 05 4C 0D 2C 04 82 0B 83 13 10 27 00 00 00 17  TEL,8462,S5,3404,1068,2946,4995,10000,0
A5 54 0F 21 05 07 0E 33 04 82 0B 83 13 10 27 00 00 00 5C  TEL,8463,S5,3591,1075,2946,4995,10000,0
A5 54 10 21 05 C9 0D 31 04 82 0B 83 13 10 27 00 00 00 7C  TEL,8464,S5,3529,1073,2946,4995,10000,0
A5 54 11 21 05 C9 0D 30 04 82 0B 83 13 10 27 00 00 00 61  TEL,8465,S5,3529,1072,2946,4995,10000,0
A5 54 12 21 05 AA 0D 2F 04 82 0B 83 13 10 27 00 00 00 8B  TEL,8466,S5,3498,1071,2946,4995,10000,0
A5 54 13 21 05 AA 0D 2F 04 82 0B 83 13 10 27 00 00 00 89  TEL,8467,S5,3498,1071,2946,4995,10000,0
A5 54 14 21 05 4C 0D 2C 04 82 0B 83 13 10 27 00 00 00 23  TEL,8468,S5,3404,1068,2946,4995,10000,0
A5 54 15 21 05 C9 0D 31 04 82 0B 83 13 10 27 00 00 00 76  TEL,8469,S5,3529,1073,2946,4995,10000,0
A5 54 16 21 05 AA 0D 2F 04 82 0B 83 13 10 27 00 00 00 83  TEL,8470,S5,3498,1071,2946,4995,10000,0
A5 54 17 21 05 C9 0D 30 04 82 0B 83 13 10 27 00 00 00 6D  TEL,8471,S5,3529,1072,2946,4995,10000,0
A5 54 18 21 05 C9 0D 30 04 82 0B 83 13 10 27 00 00 00 73  TEL,8472,S5,3529,1072,2946,4995,10000,0
A5 54 19 21 05 C9 0D 31 04 82 0B 83 13 10 27 00 00 00 6E  TEL,8473,S5,3529,1073,2946,4995,10000,0
A5 54 1A 21 05 C9 0D 31 04 82 0B 83 13 10 27 00 00 00 68  TEL,8474,S5,3529,1073,2946,4995,10000,0
A5 54 1B 21 05 E8 0D 32 04 82 0B 83 13 10 27 00 00 00 21  TEL,8475,S5,3560,1074,2946,4995,10000,0
A5 54 1C 21 05 C9 0D 30 04 82 0B 83 13 10 27 00 00 00 7B  TEL,8476,S5,3529,1072,2946,4995,10000,0
A5 54 1D 21 05 C9 0D 30 04 82 0B 83 13 10 27 00 00 00 79  TEL,8477,S5,3529,1072,2946,4995,10000,0
A5 54 1E 21 05 C9 0D 30 04 82 0B 83 13 10 27 00 00 00 7F  TEL,8478,S5,3529,1072,2946,4995,10000,0
A5 54 1F 21 05 C9 0D 30 04 82 0B 83 13 10 27 00 00 00 7D  TEL,8479,S5,3529,1072,2946,4995,10000,0
A5 54 20 21 05 AA 0D 2F 04 82 0B 83 13 10 27 00 00 00 EF  TEL,8480,S5,3498,1071,2946,4995,10000,0
A5 54 21 21 05 AA 0D 2F 04 82 0B 83 13 10 27 00 00 00 ED  TEL,8481,S5,3498,1071,2946,4995,10000,0
A5 54 22 21 05 AA 0D 2F 04 82 0B 83 13 10 27 00 00 00 EB  TEL,8482,S5,3498,1071,2946,4995,10000,0
A5 54 23 21 05 C9 0D 30 04 82 0B 83 13 10 27 00 00 00 05  TEL,8483,S5,3529,1072,2946,4995,10000,0
A5 54 24 21 05 C9 0D 30 04 82 0B 83 13 10 27 00 00 00 0B  TEL,8484,S5,3529,1072,2946,4995,10000,0
A5 54 25 21 05 C9 0D 30 04 82 0B 83 13 10 27 00 00 00 09  TEL,8485,S5,3529,1072,2946,4995,10000,0
A5 54 26 21 05 C9 0D 30 04 82 0B 83 13 10 27 00 00 00 0F  TEL,8486,S5,3529,1072,2946,4995,10000,0
A5 54 27 21 05 C9 0D 30 04 82 0B 83 13 10 27 00 00 00 0D  TEL,8487,S5,3529,1072,2946,4995,10000,0
A5 54 28 21 05 6B 0D 2D 04 82 0B 83 13 10 27 00 00 00 5F  TEL,8488,S5,3435,1069,2946,4995,10000,0
A5 54 29 21 05 AA 0D 2F 04 82 0B 83 13 10 27 00 00 00 FD  TEL,8489,S5,3498,1071,2946,4995,10000,0
A5 54 2A 21 05 AA 0D 2F 04 82 0B 83 13 10 27 00 00 00 FB  TEL,8490,S5,3498,1071,2946,4995,10000,0
A5 54 2B 21 05 C9 0D 31 04 82 0B 83 13 10 27 00 00 00 0A  TEL,8491,S5,3529,1073,2946,4995,10000,0
A5 54 2C 21 05 AA 0D 2F 04 82 0B 83 13 10 27 00 00 00 F7  TEL,8492,S5,3498,1071,2946,4995,10000,0
A5 54 2D 21 05 AA 0D 2F 04 82 0B 83 13 10 27 00 00 00 F5  TEL,8493,S5,3498,1071,2946,4995,10000,0
A5 54 2E 21 05 C9 0D 30 04 82 0B 83 13 10 27 00 00 00 1F  TEL,8494,S5,3529,1072,2946,4995,10000,0
A5 54 2F 21 05 C9 0D 30 04 82 0B 83 13 10 27 00 00 00 1D  TEL,8495,S5,3529,1072,2946,4995,10000,0
A5 54 30 21 05 AA 0D 2F 04 82 0B 83 13 10 27 00 00 00 CF  TEL,8496,S5,3498,1071,2946,4995,10000,0
A5 54 31 21 05 4C 0D 2C 04 82 0B 83 13 10 27 00 00 00 69  TEL,8497,S5,3404,1068,2946,4995,10000,0
A5 54 32 21 05 6B 0D 2D 04 82 0B 83 13 10 27 00 00 00 6B  TEL,8498,S5,3435,1069,2946,4995,10000,0
A5 54 33 21 05 AA 0D 2F 04 82 0B 83 13 10 27 00 00 00 C9  TEL,8499,S5,3498,1071,2946,4995,10000,0
A5 54 34 21 05 6B 0D 2D 04 82 0B 83 13 10 27 00 00 00 67  TEL,8500,S5,3435,1069,2946,4995,10000,0
A5 54 35 21 05 AA 0D 2F 04 82 0B 83 13 10 27 00 00 00 C5  TEL,8501,S5,3498,1071,2946,4995,10000,0
A5 54 36 21 05 6B 0D 2D 04 82 0B 83 13 10 27 00 00 00 63  TEL,8502,S5,3435,1069,2946,4995,10000,0
A5 54 37 21 05 6B 0D 2D 04 82 0B 83 13 10 27 00 00 00 61  TEL,8503,S5,3435,1069,2946,4995,10000,0
A5 54 38 21 05 6B 0D 2D 04 82 0B 83 13 10 27 00 00 00 7F  TEL,8504,S5,3435,1069,2946,4995,10000,0
A5 54 39 21 05 8A 0D 2E 04 82 0B 83 13 10 27 00 00 00 3C  TEL,8505,S5,3466,1070,2946,4995,10000,0
A5 54 3A 21 05 26 0E 34 04 82 0B 83 13 10 27 00 00 00 01  TEL,8506,S5,3622,1076,2946,4995,10000,0
A5 54 3B 21 05 C9 0D 30 04 82 0B 83 13 10 27 00 00 00 35  TEL,8507,S5,3529,1072,2946,4995,10000,0
A5 54 3C 21 05 6B 0D 2D 04 82 0B 83 13 10 27 00 00 00 77  TEL,8508,S5,3435,1069,2946,4995,10000,0
A5 54 3D 21 05 AA 0D 2F 04 82 0B 83 13 10 27 00 00 00 D5  TEL,8509,S5,3498,1071,2946,4995,10000,0
A5 54 3E 21 05 C9 0D 30 04 82 0B 83 13 10 27 00 00 00 3F  TEL,8510,S5,3529,1072,2946,4995,10000,0
A5 54 3F 21 05 AA 0D 2F 04 82 0B 83 13 10 27 00 00 00 D1  TEL,8511,S5,3498,1071,2946,4995,10000,0
A5 54 40 21 05 4C 0D 2C 04 82 0B 83 13 10 27 00 00 00 8B  TEL,8512,S5,3404,1068,2946,4995,10000,0
A5 54 41 21 05 AA 0D 2F 04 82 0B 83 13 10 27 00 00 00 2D  TEL,8513,S5,3498,1071,2946,4995,10000,0
A5 54 42 21 05 8A 0D 2E 04 82 0B 83 13 10 27 00 00 00 CA  TEL,8514,S5,3466,1070,2946,4995,10000,0
A5 54 43 21 05 C9 0D 30 04 82 0B 83 13 10 27 00 00 00 C5  TEL,8515,S5,3529,1072,2946,4995,10000,0
A5 54 44 21 05 C9 0D 31 04 82 0B 83 13 10 27 00 00 00 D4  TEL,8516,S5,3529,1073,2946,4995,10000,0
A5 54 45 21 05 AA 0D 2F 04 82 0B 83 13 10 27 00 00 00 25  TEL,8517,S5,3498,1071,2946,4995,10000,0
A5 54 46 21 05 8A 0D 2E 04 82 0B 83 13 10 27 00 00 00 C2  TEL,8518,S5,3466,1070,2946,4995,10000,0
A5 54 47 21 05 6B 0D 2D 04 82 0B 83 13 10 27 00 00 00 81  TEL,8519,S5,3435,1069,2946,4995,10000,0
A5 54 48 21 05 C9 0D 30 04 82 0B 83 13 10 27 00 00 00 D3  TEL,8520,S5,3529,1072,2946,4995,10000,0
A5 54 49 21 05 C9 0D 31 04 82 0B 83 13 10 27 00 00 00 CE  TEL,8521,S5,3529,1073,2946,4995,10000,0
A5 54 4A 21 05 C9 0D 30 04 82 0B 83 13 10 27 00 00 00 D7  TEL,8522,S5,3529,1072,2946,4995,10000,0
A5 54 4B 21 05 C9 0D 30 04 82 0B 83 13 10 27 00 00 00 D5  TEL,8523,S5,3529,1072,2946,4995,10000,0
A5 54 4C 21 05 C9 0D 30 04 82 0B 83 13 10 27 00 00 00 DB  TEL,8524,S5,3529,1072,2946,4995,10000,0
A5 54 4D 21 05 C9 0D 30 04 82 0B 83 13 10 27 00 00 00 D9  TEL,8525,S5,3529,1072,2946,4995,10000,0
A5 54 4E 21 05 C9 0D 30 04 82 0B 83 13 10 27 00 00 00 DF  TEL,8526,S5,3529,1072,2946,4995,10000,0
A5 54 4F 21 05 C9 0D 30 04 82 0B 83 13 10 27 00 00 00 DD  TEL,8527,S5,3529,1072,2946,4995,10000,0
A5 54 50 21 05 C9 0D 31 04 82 0B 83 13 10 27 00 00 00 FC  TEL,8528,S5,3529,1073,2946,4995,10000,0
A5 54 51 21 05 6B 0D 2D 04 82 0B 83 13 10 27 00 00 00 AD  TEL,8529,S5,3435,1069,2946,4995,10000,0
A5 54 52 21 05 C9 0D 30 04 82 0B 83 13 10 27 00 00 00 E7  TEL,8530,S5,3529,1072,2946,4995,10000,0
A5 54 53 21 05 AA 0D 2F 04 82 0B 83 13 10 27 00 00 00 09  TEL,8531,S5,3498,1071,2946,4995,10000,0
A5 54 54 21 05 C9 0D 30 04 82 0B 83 13 10 27 00 00 00 EB  TEL,8532,S5,3529,1072,2946,4995,10000,0
A5 54 55 21 05 6B 0D 2D 04 82 0B 83 13 10 27 00 00 00 A5  TEL,8533,S5,3435,1069,2946,4995,10000,0
A5 54 56 21 05 07 0E 33 04 82 0B 83 13 10 27 00 00 00 EE  TEL,8534,S5,3591,1075,2946,4995,10000,0
A5 54 57 21 05 6B 0D 2D 04 82 0B 83 13 10 27 00 00 00 A1  TEL,8535,S5,3435,1069,2946,4995,10000,0
A5 54 58 21 05 AA 0D 2F 04 82 0B 83 13 10 27 00 00 00 1F  TEL,8536,S5,3498,1071,2946,4995,10000,0
A5 54 59 21 05 6B 0D 2D 04 82 0B 83 13 10 27 00 00 00 BD  TEL,8537,S5,3435,1069,2946,4995,10000,0
A5 54 5A 21 05 6B 0D 2D 04 82 0B 83 13 10 27 00 00 00 BB  TEL,8538,S5,3435,1069,2946,4995,10000,0
A5 54 5B 21 05 AA 0D 2F 04 82 0B 83 13 10 27 00 00 00 19  TEL,8539,S5,3498,1071,2946,4995,10000,0
A5 54 5C 21 05 C9 0D 30 04 82 0B 83 13 10 27 00 00 00 FB  TEL,8540,S5,3529,1072,2946,4995,10000,0
A5 54 5D 21 05 6B 0D 2D 04 82 0B 83 13 10 27 00 00 00 B5  TEL,8541,S5,3435,1069,2946,4995,10000,0
A5 54 5E 21 05 6B 0D 2D 04 82 0B 83 13 10 27 00 00 00 B3  TEL,8542,S5,3435,1069,2946,4995,10000,0
A5 54 5F 21 05 C9 0D 30 04 82 0B 83 13 10 27 00 00 00 FD  TEL,8543,S5,3529,1072,2946,4995,10000,0
A5 54 60 21 05 C9 0D 31 04 82 0B 83 13 10 27 00 00 00 9C  TEL,8544,S5,3529,1073,2946,4995,10000,0
A5 54 61 21 05 C9 0D 31 04 82 0B 83 13 10 27 00 00 00 9E  TEL,8545,S5,3529,1073,2946,4995,10000,0
A5 54 62 21 05 6B 0D 2D 04 82 0B 83 13 10 27 00 00 00 CB  TEL,8546,S5,3435,1069,2946,4995,10000,0
A5 54 63 21 05 6B 0D 2D 04 82 0B 83 13 10 27 00 00 00 C9  TEL,8547,S5,3435,1069,2946,4995,10000,0
A5 54 64 21 05 C9 0D 31 04 82 0B 83 13 10 27 00 00 00 94  TEL,8548,S5,3529,1073,2946,4995,10000,0
A5 54 65 21 05 AA 0D 2F 04 82 0B 83 13 10 27 00 00 00 65  TEL,8549,S5,3498,1071,2946,4995,10000,0
A5 54 66 21 05 C9 0D 30 04 82 0B 83 13 10 27 00 00 00 8F  TEL,8550,S5,3529,1072,2946,4995,10000,0
A5 54 67 21 05 C9 0D 30 04 82 0B 83 13 10 27 00 00 00 8D  TEL,8551,S5,3529,1072,2946,4995,10000,0
A5 54 68 21 05 6B 0D 2D 04 82 0B 83 13 10 27 00 00 00 DF  TEL,8552,S5,3435,1069,2946,4995,10000,0
A5 54 69 21 05 C9 0D 30 04 82 0B 83 13 10 27 00 00 00 91  TEL,8553,S5,3529,1072,2946,4995,10000,0
A5 54 6A 21 05 C9 0D 30 04 82 0B 83 13 10 27 00 00 00 97  TEL,8554,S5,3529,1072,2946,4995,10000,0
A5 54 6B 21 05 C9 0D 30 04 82 0B 83 13 10 27 00 00 00 95  TEL,8555,S5,3529,1072,2946,4995,10000,0
A5 54 6C 21 05 C9 0D 30 04 82 0B 83 13 10 27 00 00 00 9B  TEL,8556,S5,3529,1072,2946,4995,10000,0
A5 54 6D 21 05 6B 0D 2D 04 82 0B 83 13 10 27 00 00 00 D5  TEL,8557,S5,3435,1069,2946,4995,10000,0
A5 54 6E 21 05 4C 0D 2C 04 82 0B 83 13 10 27 00 00 00 D7  TEL,8558,S5,3404,1068,2946,4995,10000,0
A5 54 6F 21 05 6B 0D 2D 04 82 0B 83 13 10 27 00 00 00 D1  TEL,8559,S5,3435,1069,2946,4995,10000,0
A5 54 70 21 05 C9 0D 31 04 82 0B 83 13 10 27 00 00 00 BC  TEL,8560,S5,3529,1073,2946,4995,10000,0
A5 54 71 21 05 C9 0D 31 04 82 0B 83 13 10 27 00 00 00 BE  TEL,8561,S5,3529,1073,2946,4995,10000,0
A5 54 72 21 05 8A 0D 2E 04 82 0B 83 13 10 27 00 00 00 AA  TEL,8562,S5,3466,1070,2946,4995,10000,0
A5 54 73 21 05 C9 0D 30 04 82 0B 83 13 10 27 00 00 00 A5  TEL,8563,S5,3529,1072,2946,4995,10000,0
A5 54 74 21 05 2D 0D 2B 04 82 0B 83 13 10 27 00 00 00 2F  TEL,8564,S5,3373,1067,2946,4995,10000,0
A5 54 75 21 05 6B 0D 2D 04 82 0B 83 13 10 27 00 00 00 E5  TEL,8565,S5,3435,1069,2946,4995,10000,0
A5 54 76 21 05 C9 0D 31 04 82 0B 83 13 10 27 00 00 00 B0  TEL,8566,S5,3529,1073,2946,4995,10000,0
A5 54 77 21 05 AA 0D 2F 04 82 0B 83 13 10 27 00 00 00 41  TEL,8567,S5,3498,1071,2946,4995,10000,0
A5 54 78 21 05 AA 0D 2F 04 82 0B 83 13 10 27 00 00 00 5F  TEL,8568,S5,3498,1071,2946,4995,10000,0
A5 54 79 21 05 4C 0D 2C 04 82 0B 83 13 10 27 00 00 00 F9  TEL,8569,S5,3404,1068,2946,4995,10000,0
A5 54 7A 21 05 C9 0D 30 04 82 0B 83 13 10 27 00 00 00 B7  TEL,8570,S5,3529,1072,2946,4995,10000,0
A5 54 7B 21 05 C9 0D 30 04 82 0B 83 13 10 27 00 00 00 B5  TEL,8571,S5,3529,1072,2946,4995,10000,0
A5 54 7C 21 05 C9 0D 31 04 82 0B 83 13 10 27 00 00 00 A4  TEL,8572,S5,3529,1073,2946,4995,10000,0
A5 54 7D 21 05 AA 0D 2F 04 82 0B 83 13 10 27 00 00 00 55  TEL,8573,S5,3498,1071,2946,4995,10000,0
A5 54 7E 21 05 C9 0D 30 04 82 0B 83 13 10 27 00 00 00 BF  TEL,8574,S5,3529,1072,2946,4995,10000,0
A5 54 7F 21 05 C9 0D 31 04 82 0B 83 13 10 27 00 00 00 A2  TEL,8575,S5,3529,1073,2946,4995,10000,0
A5 54 80 21 05 C9 0D 30 04 82 0B 83 13 10 27 00 00 00 44  TEL,8576,S5,3529,1072,2946,4995,10000,0
A5 54 81 21 05 26 0E 34 04 82 0B 83 13 10 27 00 00 00 70  TEL,8577,S5,3622,1076,2946,4995,10000,0
A5 54 82 21 05 C9 0D 31 04 82 0B 83 13 10 27 00 00 00 5F  TEL,8578,S5,3529,1073,2946,4995,10000,0
A5 54 83 21 05 6B 0D 2D 04 82 0B 83 13 10 27 00 00 00 0E  TEL,8579,S5,3435,1069,2946,4995,10000,0
A5 54 84 21 05 AA 0D 2F 04 82 0B 83 13 10 27 00 00 00 A0  TEL,8580,S5,3498,1071,2946,4995,10000,0
A5 54 85 21 05 2D 0D 2B 04 82 0B 83 13 10 27 00 00 00 CA  TEL,8581,S5,3373,1067,2946,4995,10000,0
A5 54 86 21 05 8A 0D 2E 04 82 0B 83 13 10 27 00 00 00 45  TEL,8582,S5,3466,1070,2946,4995,10000,0
A5 54 87 21 05 C9 0D 30 04 82 0B 83 13 10 27 00 00 00 4A  TEL,8583,S5,3529,1072,2946,4995,10000,0
A5 54 88 21 05 C9 0D 30 04 82 0B 83 13 10 27 00 00 00 54  TEL,8584,S5,3529,1072,2946,4995,10000,0
A5 54 89 21 05 C9 0D 30 04 82 0B 83 13 10 27 00 00 00 56  TEL,8585,S5,3529,1072,2946,4995,10000,0
A5 54 8A 21 05 26 0E 34 04 82 0B 83 13 10 27 00 00 00 66  TEL,8586,S5,3622,1076,2946,4995,10000,0
A5 54 8B 21 05 AA 0D 2F 04 82 0B 83 13 10 27 00 00 00 BE  TEL,8587,S5,3498,1071,2946,4995,10000,0
A5 54 8C 21 05 C9 0D 30 04 82 0B 83 13 10 27 00 00 00 5C  TEL,8588,S5,3529,1072,2946,4995,10000,0
A5 54 8D 21 05 C9 0D 30 04 82 0B 83 13 10 27 00 00 00 5E  TEL,8589,S5,3529,1072,2946,4995,10000,0
A5 54 8E 21 05 6B 0D 2D 04 82 0B 83 13 10 27 00 00 00 14  TEL,8590,S5,3435,1069,2946,4995,10000,0
A5 54 8F 21 05 6B 0D 2D 04 82 0B 83 13 10 27 00 00 00 16  TEL,8591,S5,3435,1069,2946,4995,10000,0
A5 54 90 21 05 C9 0D 30 04 82 0B 83 13 10 27 00 00 00 64  TEL,8592,S5,3529,1072,2946,4995,10000,0
A5 54 91 21 05 C9 0D 31 04 82 0B 83 13 10 27 00 00 00 79  TEL,8593,S5,3529,1073,2946,4995,10000,0
A5 54 92 21 05 AA 0D 2F 04 82 0B 83 13 10 27 00 00 00 8C  TEL,8594,S5,3498,1071,2946,4995,10000,0
A5 54 93 21 05 AA 0D 2F 04 82 0B 83 13 10 27 00 00 00 8E  TEL,8595,S5,3498,1071,2946,4995,10000,0
A5 54 94 21 05 C9 0D 30 04 82 0B 83 13 10 27 00 00 00 6C  TEL,8596,S5,3529,1072,2946,4995,10000,0
A5 54 95 21 05 AA 0D 2F 04 82 0B 83 13 10 27 00 00 00 82  TEL,8597,S5,3498,1071,2946,4995,10000,0
A5 54 96 21 05 8A 0D 2E 04 82 0B 83 13 10 27 00 00 00 65  TEL,8598,S5,3466,1070,2946,4995,10000,0
A5 54 97 21 05 AA 0D 2F 04 82 0B 83 13 10 27 00 00 00 86  TEL,8599,S5,3498,1071,2946,4995,10000,0
A5 54 98 21 05 6B 0D 2D 04 82 0B 83 13 10 27 00 00 00 38  TEL,8600,S5,3435,1069,2946,4995,10000,0
A5 54 99 21 05 C9 0D 30 04 82 0B 83 13 10 27 00 00 00 76  TEL,8601,S5,3529,1072,2946,4995,10000,0
A5 54 9A 21 05 AA 0D 2F 04 82 0B 83 13 10 27 00 00 00 9C  TEL,8602,S5,3498,1071,2946,4995,10000,0
A5 54 9B 21 05 C9 0D 30 04 82 0B 83 13 10 27 00 00 00 72  TEL,8603,S5,3529,1072,2946,4995,10000,0
A5 54 9C 21 05 6B 0D 2D 04 82 0B 83 13 10 27 00 00 00 30  TEL,8604,S5,3435,1069,2946,4995,10000,0
A5 54 9D 21 05 C9 0D 30 04 82 0B 83 13 10 27 00 00 00 7E  TEL,8605,S5,3529,1072,2946,4995,10000,0
A5 54 9E 21 05 C9 0D 30 04 82 0B 83 13 10 27 00 00 00 78  TEL,8606,S5,3529,1072,2946,4995,10000,0
A5 54 9F 21 05 8A 0D 2E 04 82 0B 83 13 10 27 00 00 00 77  TEL,8607,S5,3466,1070,2946,4995,10000,0
A5 54 A0 21 05 C9 0D 30 04 82 0B 83 13 10 27 00 00 00 04  TEL,8608,S5,3529,1072,2946,4995,10000,0
A5 54 A1 21 05 C9 0D 30 04 82 0B 83 13 10 27 00 00 00 06  TEL,8609,S5,3529,1072,2946,4995,10000,0
A5 54 A2 21 05 C9 0D 30 04 82 0B 83 13 10 27 00 00 00 00  TEL,8610,S5,3529,1072,2946,4995,10000,0
A5 54 A3 21 05 C9 0D 30 04 82 0B 83 13 10 27 00 00 00 02  TEL,8611,S5,3529,1072,2946,4995,10000,0
A5 54 A4 21 05 AA 0D 2F 04 82 0B 83 13 10 27 00 00 00 E0  TEL,8612,S5,3498,1071,2946,4995,10000,0
A5 54 A5 21 05 C9 0D 30 04 82 0B 83 13 10 27 00 00 00 0E  TEL,8613,S5,3529,1072,2946,4995,10000,0
A5 54 A6 21 05 C9 0D 30 04 82 0B 83 13 10 27 00 00 00 08  TEL,8614,S5,3529,1072,2946,4995,10000,0
A5 54 A7 21 05 C9 0D 30 04 82 0B 83 13 10 27 00 00 00 0A  TEL,8615,S5,3529,1072,2946,4995,10000,0
A5 54 A8 21 05 6B 0D 2D 04 82 0B 83 13 10 27 00 00 00 58  TEL,8616,S5,3435,1069,2946,4995,10000,0
A5 54 A9 21 05 AA 0D 2F 04 82 0B 83 13 10 27 00 00 00 FA  TEL,8617,S5,3498,1071,2946,4995,10000,0
A5 54 AA 21 05 C9 0D 30 04 82 0B 83 13 10 27 00 00 00 10  TEL,8618,S5,3529,1072,2946,4995,10000,0
A5 54 AB 21 05 AA 0D 2F 04 82 0B 83 13 10 27 00 00 00 FE  TEL,8619,S5,3498,1071,2946,4995,10000,0
A5 54 AC 21 05 6B 0D 2D 04 82 0B 83 13 10 27 00 00 00 50  TEL,8620,S5,3435,1069,2946,4995,10000,0
A5 54 AD 21 05 AA 0D 2F 04 82 0B 83 13 10 27 00 00 00 F2  TEL,8621,S5,3498,1071,2946,4995,10000,0
A5 54 AE 21 05 6B 0D 2D 04 82 0B 83 13 10 27 00 00 00 54  TEL,8622,S5,3435,1069,2946,4995,10000,0
A5 54 AF 21 05 6B 0D 2D 04 82 0B 83 13 10 27 00 00 00 56  TEL,8623,S5,3435,1069,2946,4995,10000,0
A5 54 B0 21 05 C9 0D 30 04 82 0B 83 13 10 27 00 00 00 24  TEL,8624,S5,3529,1072,2946,4995,10000,0
A5 54 B1 21 05 C9 0D 30 04 82 0B 83 13 10 27 00 00 00 26  TEL,8625,S5,3529,1072,2946,4995,10000,0
A5 54 B2 21 05 C9 0D 30 04 82 0B 83 13 10 27 00 00 00 20  TEL,8626,S5,3529,1072,2946,4995,10000,0
A5 54 B3 21 05 C9 0D 31 04 82 0B 83 13 10 27 00 00 00 3D  TEL,8627,S5,3529,1073,2946,4995,10000,0
A5 54 B4 21 05 AA 0D 2F 04 82 0B 83 13 10 27 00 00 00 C0  TEL,8628,S5,3498,1071,2946,4995,10000,0
A5 54 B5 21 05 6B 0D 2D 04 82 0B 83 13 10 27 00 00 00 62  TEL,8629,S5,3435,1069,2946,4995,10000,0
A5 54 B6 21 05 C9 0D 30 04 82 0B 83 13 10 27 00 00 00 28  TEL,8630,S5,3529,1072,2946,4995,10000,0
A5 54 B7 21 05 C9 0D 30 04 82 0B 83 13 10 27 00 00 00 2A  TEL,8631,S5,3529,1072,2946,4995,10000,0
A5 54 B8 21 05 AA 0D 2F 04 82 0B 83 13 10 27 00 00 00 D8  TEL,8632,S5,3498,1071,2946,4995,10000,0
A5 54 B9 21 05 C9 0D 30 04 82 0B 83 13 10 27 00 00 00 36  TEL,8633,S5,3529,1072,2946,4995,10000,0
A5 54 BA 21 05 6B 0D 2D 04 82 0B 83 13 10 27 00 00 00 7C  TEL,8634,S5,3435,1069,2946,4995,10000,0
A5 54 BB 21 05 C9 0D 30 04 82 0B 83 13 10 27 00 00 00 32  TEL,8635,S5,3529,1072,2946,4995,10000,0
A5 54 BC 21 05 6B 0D 2D 04 82 0B 83 13 10 27 00 00 00 70  TEL,8636,S5,3435,1069,2946,4995,10000,0
A5 54 BD 21 05 AA 0D 2F 04 82 0B 83 13 10 27 00 00 00 D2  TEL,8637,S5,3498,1071,2946,4995,10000,0
A5 54 BE 21 05 C9 0D 31 04 82 0B 83 13 10 27 00 00 00 27  TEL,8638,S5,3529,1073,2946,4995,10000,0
A5 54 BF 21 05 C9 0D 31 04 82 0B 83 13 10 27 00 00 00 25  TEL,8639,S5,3529,1073,2946,4995,10000,0
A5 54 C0 21 05 AA 0D 2F 04 82 0B 83 13 10 27 00 00 00 28  TEL,8640,S5,3498,1071,2946,4995,10000,0
A5 54 C1 21 05 C9 0D 30 04 82 0B 83 13 10 27 00 00 00 C6  TEL,8641,S5,3529,1072,2946,4995,10000,0
A5 54 C2 21 05 AA 0D 2F 04 82 0B 83 13 10 27 00 00 00 2C  TEL,8642,S5,3498,1071,2946,4995,10000,0
A5 54 C3 21 05 6B 0D 2D 04 82 0B 83 13 10 27 00 00 00 8E  TEL,8643,S5,3435,1069,2946,4995,10000,0
A5 54 C4 21 05 C9 0D 30 04 82 0B 83 13 10 27 00 00 00 CC  TEL,8644,S5,3529,1072,2946,4995,10000,0
A5 54 C5 21 05 6B 0D 2D 04 82 0B 83 13 10 27 00 00 00 82  TEL,8645,S5,3435,1069,2946,4995,10000,0
A5 54 C6 21 05 6B 0D 2D 04 82 0B 83 13 10 27 00 00 00 84  TEL,8646,S5,3435,1069,2946,4995,10000,0
A5 54 C7 21 05 6B 0D 2D 04 82 0B 83 13 10 27 00 00 00 86  TEL,8647,S5,3435,1069,2946,4995,10000,0
A5 54 C8 21 05 C9 0D 31 04 82 0B 83 13 10 27 00 00 00 CB  TEL,8648,S5,3529,1073,2946,4995,10000,0
A5 54 C9 21 05 C9 0D 30 04 82 0B 83 13 10 27 00 00 00 D6  TEL,8649,S5,3529,1072,2946,4995,10000,0
A5 54 CA 21 05 C9 0D 31 04 82 0B 83 13 10 27 00 00 00 CF  TEL,8650,S5,3529,1073,2946,4995,10000,0
A5 54 CB 21 05 8A 0D 2E 04 82 0B 83 13 10 27 00 00 00 DF  TEL,8651,S5,3466,1070,2946,4995,10000,0
A5 54 CC 21 05 AA 0D 2F 04 82 0B 83 13 10 27 00 00 00 30  TEL,8652,S5,3498,1071,2946,4995,10000,0
A5 54 CD 21 05 AA 0D 2F 04 82 0B 83 13 10 27 00 00 00 32  TEL,8653,S5,3498,1071,2946,4995,10000,0
A5 54 CE 21 05 C9 0D 30 04 82 0B 83 13 10 27 00 00 00 D8  TEL,8654,S5,3529,1072,2946,4995,10000,0
A5 54 CF 21 05 C9 0D 30 04 82 0B 83 13 10 27 00 00 00 DA  TEL,8655,S5,3529,1072,2946,4995,10000,0
A5 54 D0 21 05 C9 0D 30 04 82 0B 83 13 10 27 00 00 00 E4  TEL,8656,S5,3529,1072,2946,4995,10000,0
A5 54 D1 21 05 45 0E 35 04 82 0B 83 13 10 27 00 00 00 71  TEL,8657,S5,3653,1077,2946,4995,10000,0
A5 54 D2 21 05 C9 0D 30 04 82 0B 83 13 10 27 00 00 00 E0  TEL,8658,S5,3529,1072,2946,4995,10000,0
A5 54 D3 21 05 C9 0D 31 04 82 0B 83 13 10 27 00 00 00 FD  TEL,8659,S5,3529,1073,2946,4995,10000,0
A5 54 D4 21 05 AA 0D 2F 04 82 0B 83 13 10 27 00 00 00 00  TEL,8660,S5,3498,1071,2946,4995,10000,0
A5 54 D5 21 05 C9 0D 31 04 82 0B 83 13 10 27 00 00 00 F1  TEL,8661,S5,3529,1073,2946,4995,10000,0
A5 54 D6 21 05 C9 0D 31 04 82 0B 83 13 10 27 00 00 00 F7  TEL,8662,S5,3529,1073,2946,4995,10000,0
A5 54 D7 21 05 AA 0D 2F 04 82 0B 83 13 10 27 00 00 00 06  TEL,8663,S5,3498,1071,2946,4995,10000,0
A5 54 D8 21 05 AA 0D 2F 04 82 0B 83 13 10 27 00 00 00 18  TEL,8664,S5,3498,1071,2946,4995,10000,0
A5 54 D9 21 05 26 0E 34 04 82 0B 83 13 10 27 00 00 00 C0  TEL,8665,S5,3622,1076,2946,4995,10000,0
A5 54 DA 21 05 AA 0D 2F 04 82 0B 83 13 10 27 00 00 00 1C  TEL,8666,S5,3498,1071,2946,4995,10000,0
A5 54 DB 21 05 AA 0D 2F 04 82 0B 83 13 10 27 00 00 00 1E  TEL,8667,S5,3498,1071,2946,4995,10000,0
A5 54 DC 21 05 6B 0D 2D 04 82 0B 83 13 10 27 00 00 00 B0  TEL,8668,S5,3435,1069,2946,4995,10000,0
A5 54 DD 21 05 C9 0D 30 04 82 0B 83 13 10 27 00 00 00 FE  TEL,8669,S5,3529,1072,2946,4995,10000,0
A5 54 DE 21 05 C9 0D 31 04 82 0B 83 13 10 27 00 00 00 E7  TEL,8670,S5,3529,1073,2946,4995,10000,0
A5 54 DF 21 05 C9 0D 31 04 82 0B 83 13 10 27 00 00 00 E5  TEL,8671,S5,3529,1073,2946,4995,10000,0
A5 54 E0 21 05 C9 0D 30 04 82 0B 83 13 10 27 00 00 00 84  TEL,8672,S5,3529,1072,2946,4995,10000,0
A5 54 E1 21 05 C9 0D 30 04 82 0B 83 13 10 27 00 00 00 86  TEL,8673,S5,3529,1072,2946,4995,10000,0
A5 54 E2 21 05 6B 0D 2D 04 82 0B 83 13 10 27 00 00 00 CC  TEL,8674,S5,3435,1069,2946,4995,10000,0
A5 54 E3 21 05 6B 0D 2D 04 82 0B 83 13 10 27 00 00 00 CE  TEL,8675,S5,3435,1069,2946,4995,10000,0
A5 54 E4 21 05 6B 0D 2D 04 82 0B 83 13 10 27 00 00 00 C0  TEL,8676,S5,3435,1069,2946,4995,10000,0
A5 54 E5 21 05 C9 0D 30 04 82 0B 83 13 10 27 00 00 00 8E  TEL,8677,S5,3529,1072,2946,4995,10000,0
A5 54 E6 21 05 6B 0D 2D 04 82 0B 83 13 10 27 00 00 00 C4  TEL,8678,S5,3435,1069,2946,4995,10000,0
A5 54 E7 21 05 C9 0D 31 04 82 0B 83 13 10 27 00 00 00 95  TEL,8679,S5,3529,1073,2946,4995,10000,0
A5 54 E8 21 05 C9 0D 31 04 82 0B 83 13 10 27 00 00 00 8B  TEL,8680,S5,3529,1073,2946,4995,10000,0
A5 54 E9 21 05 AA 0D 2F 04 82 0B 83 13 10 27 00 00 00 7A  TEL,8681,S5,3498,1071,2946,4995,10000,0
A5 54 EA 21 05 C9 0D 30 04 82 0B 83 13 10 27 00 00 00 90  TEL,8682,S5,3529,1072,2946,4995,10000,0
A5 54 EB 21 05 8A 0D 2E 04 82 0B 83 13 10 27 00 00 00 9F  TEL,8683,S5,3466,1070,2946,4995,10000,0
A5 54 EC 21 05 C9 0D 30 04 82 0B 83 13 10 27 00 00 00 9C  TEL,8684,S5,3529,1072,2946,4995,10000,0
A5 54 ED 21 05 C9 0D 30 04 82 0B 83 13 10 27 00 00 00 9E  TEL,8685,S5,3529,1072,2946,4995,10000,0
A5 54 EE 21 05 C9 0D 30 04 82 0B 83 13 10 27 00 00 00 98  TEL,8686,S5,3529,1072,2946,4995,10000,0
A5 54 EF 21 05 6B 0D 2D 04 82 0B 83 13 10 27 00 00 00 D6  TEL,8687,S5,3435,1069,2946,4995,10000,0
A5 54 F0 21 05 C9 0D 31 04 82 0B 83 13 10 27 00 00 00 BB  TEL,8688,S5,3529,1073,2946,4995,10000,0
A5 54 F1 21 05 C9 0D 30 04 82 0B 83 13 10 27 00 00 00 A6  TEL,8689,S5,3529,1072,2946,4995,10000,0
A5 54 F2 21 05 C9 0D 30 04 82 0B 83 13 10 27 00 00 00 A0  TEL,8690,S5,3529,1072,2946,4995,10000,0
A5 54 F3 21 05 C9 0D 31 04 82 0B 83 13 10 27 00 00 00 BD  TEL,8691,S5,3529,1073,2946,4995,10000,0
A5 54 F4 21 05 C9 0D 30 04 82 0B 83 13 10 27 00 00 00 AC  TEL,8692,S5,3529,1072,2946,4995,10000,0
A5 54 F5 21 05 C9 0D 31 04 82 0B 83 13 10 27 00 00 00 B1  TEL,8693,S5,3529,1073,2946,4995,10000,0
A5 54 F6 21 05 C9 0D 30 04 82 0B 83 13 10 27 00 00 00 A8  TEL,8694,S5,3529,1072,2946,4995,10000,0
A5 54 F7 21 05 C9 0D 30 04 82 0B 83 13 10 27 00 00 00 AA  TEL,8695,S5,3529,1072,2946,4995,10000,0
A5 54 F8 21 05 6B 0D 2D 04 82 0B 83 13 10 27 00 00 00 F8  TEL,8696,S5,3435,1069,2946,4995,10000,0
A5 54 F9 21 05 AA 0D 2F 04 82 0B 83 13 10 27 00 00 00 5A  TEL,8697,S5,3498,1071,2946,4995,10000,0
A5 54 FA 21 05 C9 0D 30 04 82 0B 83 13 10 27 00 00 00 B0  TEL,8698,S5,3529,1072,2946,4995,10000,0
A5 54 FB 21 05 AA 0D 2F 04 82 0B 83 13 10 27 00 00 00 5E  TEL,8699,S5,3498,1071,2946,4995,10000,0
A5 54 FC 21 05 C9 0D 30 04 82 0B 83 13 10 27 00 00 00 BC  TEL,8700,S5,3529,1072,2946,4995,10000,0
A5 54 FD 21 05 C9 0D 30 04 82 0B 83 13 10 27 00 00 00 BE  TEL,8701,S5,3529,1072,2946,4995,10000,0
A5 54 FE 21 05 AA 0D 2F 04 82 0B 83 13 10 27 00 00 00 54  TEL,8702,S5,3498,1071,2946,4995,10000,0
A5 54 FF 21 05 C9 0D 31 04 82 0B 83 13 10 27 00 00 00 A5  TEL,8703,S5,3529,1073,2946,4995,10000,0
A5 54 00 22 05 6B 0D 2D 04 82 0B 83 13 10 27 00 00 00 D7  TEL,8704,S5,3435,1069,2946,4995,10000,0
A5 54 01 22 05 C9 0D 31 04 82 0B 83 13 10 27 00 00 00 86  TEL,8705,S5,3529,1073,2946,4995,10000,0
A5 54 02 22 05 C9 0D 30 04 82 0B 83 13 10 27 00 00 00 9F  TEL,8706,S5,3529,1072,2946,4995,10000,0
A5 54 03 22 05 AA 0D 2F 04 82 0B 83 13 10 27 00 00 00 71  TEL,8707,S5,3498,1071,2946,4995,10000,0
A5 54 04 22 05 C9 0D 31 04 82 0B 83 13 10 27 00 00 00 8C  TEL,8708,S5,3529,1073,2946,4995,10000,0
A5 54 05 22 05 AA 0D 2F 04 82 0B 83 13 10 27 00 00 00 7D  TEL,8709,S5,3498,1071,2946,4995,10000,0
A5 54 06 22 05 6B 0D 2D 04 82 0B 83 13 10 27 00 00 00 DB  TEL,8710,S5,3435,1069,2946,4995,10000,0
A5 54 07 22 05 AA 0D 2F 04 82 0B 83 13 10 27 00 00 00 79  TEL,8711,S5,3498,1071,2946,4995,10000,0
A5 54 08 22 05 C9 0D 30 04 82 0B 83 13 10 27 00 00 00 8B  TEL,8712,S5,3529,1072,2946,4995,10000,0
A5 54 09 22 05 C9 0D 30 04 82 0B 83 13 10 27 00 00 00 89  TEL,8713,S5,3529,1072,2946,4995,10000,0
A5 54 0A 22 05 AA 0D 2F 04 82 0B 83 13 10 27 00 00 00 63  TEL,8714,S5,3498,1071,2946,4995,10000,0
A5 54 0B 22 05 C9 0D 30 04 82 0B 83 13 10 27 00 00 00 8D  TEL,8715,S5,3529,1072,2946,4995,10000,0
A5 54 0C 22 05 C9 0D 30 04 82 0B 83 13 10 27 00 00 00 83  TEL,8716,S5,3529,1072,2946,4995,10000,0
A5 54 0D 22 05 6B 0D 2D 04 82 0B 83 13 10 27 00 00 00 CD  TEL,8717,S5,3435,1069,2946,4995,10000,0
A5 54 0E 22 05 AA 0D 2F 04 82 0B 83 13 10 27 00 00 00 6B  TEL,8718,S5,3498,1071,2946,4995,10000,0
A5 54 0F 22 05 6B 0D 2D 04 82 0B 83 13 10 27 00 00 00 C9  TEL,8719,S5,3435,1069,2946,4995,10000,0
A5 54 10 22 05 C9 0D 30 04 82 0B 83 13 10 27 00 00 00 BB  TEL,8720,S5,3529,1072,2946,4995,10000,0
A5 54 11 22 05 AA 0D 2F 04 82 0B 83 13 10 27 00 00 00 55  TEL,8721,S5,3498,1071,2946,4995,10000,0
A5 54 12 22 05 C9 0D 30 04 82 0B 83 13 10 27 00 00 00 BF  TEL,8722,S5,3529,1072,2946,4995,10000,0
A5 54 13 22 05 C9 0D 31 04 82 0B 83 13 10 27 00 00 00 A2  TEL,8723,S5,3529,1073,2946,4995,10000,0
A5 54 14 22 05 6B 0D 2D 04 82 0B 83 13 10 27 00 00 00 FF  TEL,8724,S5,3435,1069,2946,4995,10000,0
A5 54 15 22 05 C9 0D 30 04 82 0B 83 13 10 27 00 00 00 B1  TEL,8725,S5,3529,1072,2946,4995,10000,0
A5 54 16 22 05 6B 0D 2D 04 82 0B 83 13 10 27 00 00 00 FB  TEL,8726,S5,3435,1069,2946,4995,10000,0
A5 54 17 22 05 C9 0D 30 04 82 0B 83 13 10 27 00 00 00 B5  TEL,8727,S5,3529,1072,2946,4995,10000,0
A5 54 18 22 05 C9 0D 30 04 82 0B 83 13 10 27 00 00 00 AB  TEL,8728,S5,3529,1072,2946,4995,10000,0
A5 54 19 22 05 C9 0D 31 04 82 0B 83 13 10 27 00 00 00 B6  TEL,8729,S5,3529,1073,2946,4995,10000,0
A5 54 1A 22 05 C9 0D 31 04 82 0B 83 13 10 27 00 00 00 B0  TEL,8730,S5,3529,1073,2946,4995,10000,0
A5 54 1B 22 05 C9 0D 31 04 82 0B 83 13 10 27 00 00 00 B2  TEL,8731,S5,3529,1073,2946,4995,10000,0
A5 54 1C 22 05 AA 0D 2F 04 82 0B 83 13 10 27 00 00 00 4F  TEL,8732,S5,3498,1071,2946,4995,10000,0
A5 54 1D 22 05 C9 0D 31 04 82 0B 83 13 10 27 00 00 00 BE  TEL,8733,S5,3529,1073,2946,4995,10000,0
A5 54 1E 22 05 6B 0D 2D 04 82 0B 83 13 10 27 00 00 00 EB  TEL,8734,S5,3435,1069,2946,4995,10000,0
A5 54 1F 22 05 C9 0D 30 04 82 0B 83 13 10 27 00 00 00 A5  TEL,8735,S5,3529,1072,2946,4995,10000,0
A5 54 20 22 05 AA 0D 2F 04 82 0B 83 13 10 27 00 00 00 37  TEL,8736,S5,3498,1071,2946,4995,10000,0
A5 54 21 22 05 C9 0D 31 04 82 0B 83 13 10 27 00 00 00 C6  TEL,8737,S5,3529,1073,2946,4995,10000,0
A5 54 22 22 05 AA 0D 2F 04 82 0B 83 13 10 27 00 00 00 33  TEL,8738,S5,3498,1071,2946,4995,10000,0
A5 54 23 22 05 C9 0D 30 04 82 0B 83 13 10 27 00 00 00 DD  TEL,8739,S5,3529,1072,2946,4995,10000,0
A5 54 24 22 05 C9 0D 30 04 82 0B 83 13 10 27 00 00 00 D3  TEL,8740,S5,3529,1072,2946,4995,10000,0
A5 54 25 22 05 C9 0D 30 04 82 0B 83 13 10 27 00 00 00 D1  TEL,8741,S5,3529,1072,2946,4995,10000,0
A5 54 26 22 05 C9 0D 30 04 82 0B 83 13 10 27 00 00 00 D7  TEL,8742,S5,3529,1072,2946,4995,10000,0
A5 54 27 22 05 6B 0D 2D 04 82 0B 83 13 10 27 00 00 00 99  TEL,8743,S5,3435,1069,2946,4995,10000,0
A5 54 28 22 05 AA 0D 2F 04 82 0B 83 13 10 27 00 00 00 27  TEL,8744,S5,3498,1071,2946,4995,10000,0
A5 54 29 22 05 6B 0D 2D 04 82 0B 83 13 10 27 00 00 00 85  TEL,8745,S5,3435,1069,2946,4995,10000,0
A5 54 2A 22 05 C9 0D 30 04 82 0B 83 13 10 27 00 00 00 CF  TEL,8746,S5,3529,1072,2946,4995,10000,0
A5 54 2B 22 05 8A 0D 2E 04 82 0B 83 13 10 27 00 00 00 C0  TEL,8747,S5,3466,1070,2946,4995,10000,0
A5 54 2C 22 05 AA 0D 2F 04 82 0B 83 13 10 27 00 00 00 2F  TEL,8748,S5,3498,1071,2946,4995,10000,0
A5 54 2D 22 05 C9 0D 30 04 82 0B 83 13 10 27 00 00 00 C1  TEL,8749,S5,3529,1072,2946,4995,10000,0
A5 54 2E 22 05 C9 0D 30 04 82 0B 83 13 10 27 00 00 00 C7  TEL,8750,S5,3529,1072,2946,4995,10000,0
A5 54 2F 22 05 C9 0D 30 04 82 0B 83 13 10 27 00 00 00 C5  TEL,8751,S5,3529,1072,2946,4995,10000,0
A5 54 30 22 05 C9 0D 30 04 82 0B 83 13 10 27 00 00 00 FB  TEL,8752,S5,3529,1072,2946,4995,10000,0
A5 54 31 22 05 C9 0D 31 04 82 0B 83 13 10 27 00 00 00 E6  TEL,8753,S5,3529,1073,2946,4995,10000,0
A5 54 32 22 05 C9 0D 31 04 82 0B 83 13 10 27 00 00 00 E0  TEL,8754,S5,3529,1073,2946,4995,10000,0
A5 54 33 22 05 6B 0D 2D 04 82 0B 83 13 10 27 00 00 00 B1  TEL,8755,S5,3435,1069,2946,4995,10000,0
A5 54 34 22 05 C9 0D 30 04 82 0B 83 13 10 27 00 00 00 F3  TEL,8756,S5,3529,1072,2946,4995,10000,0
A5 54 35 22 05 AA 0D 2F 04 82 0B 83 13 10 27 00 00 00 1D  TEL,8757,S5,3498,1071,2946,4995,10000,0
A5 54 36 22 05 C9 0D 30 04 82 0B 83 13 10 27 00 00 00 F7  TEL,8758,S5,3529,1072,2946,4995,10000,0
A5 54 37 22 05 C9 0D 30 04 82 0B 83 13 10 27 00 00 00 F5  TEL,8759,S5,3529,1072,2946,4995,10000,0
A5 54 38 22 05 C9 0D 30 04 82 0B 83 13 10 27 00 00 00 EB  TEL,8760,S5,3529,1072,2946,4995,10000,0
A5 54 39 22 05 C9 0D 30 04 82 0B 83 13 10 27 00 00 00 E9  TEL,8761,S5,3529,1072,2946,4995,10000,0
A5 54 3A 22 05 C9 0D 31 04 82 0B 83 13 10 27 00 00 00 F0  TEL,8762,S5,3529,1073,2946,4995,10000,0
A5 54 3B 22 05 8A 0D 2E 04 82 0B 83 13 10 27 00 00 00 E0  TEL,8763,S5,3466,1070,2946,4995,10000,0
A5 54 3C 22 05 AA 0D 2F 04 82 0B 83 13 10 27 00 00 00 0F  TEL,8764,S5,3498,1071,2946,4995,10000,0
A5 54 3D 22 05 C9 0D 30 04 82 0B 83 13 10 27 00 00 00 E1  TEL,8765,S5,3529,1072,2946,4995,10000,0
A5 54 3E 22 05 AA 0D 2F 04 82 0B 83 13 10 27 00 00 00 0B  TEL,8766,S5,3498,1071,2946,4995,10000,0
A5 54 3F 22 05 C9 0D 30 04 82 0B 83 13 10 27 00 00 00 E5  TEL,8767,S5,3529,1072,2946,4995,10000,0
A5 54 40 22 05 C9 0D 31 04 82 0B 83 13 10 27 00 00 00 04  TEL,8768,S5,3529,1073,2946,4995,10000,0
A5 54 41 22 05 AA 0D 2F 04 82 0B 83 13 10 27 00 00 00 F5  TEL,8769,S5,3498,1071,2946,4995,10000,0
A5 54 42 22 05 C9 0D 30 04 82 0B 83 13 10 27 00 00 00 1F  TEL,8770,S5,3529,1072,2946,4995,10000,0
A5 54 43 22 05 C9 0D 30 04 82 0B 83 13 10 27 00 00 00 1D  TEL,8771,S5,3529,1072,2946,4995,10000,0
A5 54 44 22 05 C9 0D 30 04 82 0B 83 13 10 27 00 00 00 13  TEL,8772,S5,3529,1072,2946,4995,10000,0
A5 54 45 22 05 C9 0D 31 04 82 0B 83 13 10 27 00 00 00 0E  TEL,8773,S5,3529,1073,2946,4995,10000,0
A5 54 46 22 05 C9 0D 30 04 82 0B 83 13 10 27 00 00 00 17  TEL,8774,S5,3529,1072,2946,4995,10000,0
A5 54 47 22 05 C9 0D 31 04 82 0B 83 13 10 27 00 00 00 0A  TEL,8775,S5,3529,1073,2946,4995,10000,0
A5 54 48 22 05 C9 0D 30 04 82 0B 83 13 10 27 00 00 00 0B  TEL,8776,S5,3529,1072,2946,4995,10000,0
A5 54 49 22 05 C9 0D 30 04 82 0B 83 13 10 27 00 00 00 09  TEL,8777,S5,3529,1072,2946,4995,10000,0
A5 54 4A 22 05 C9 0D 30 04 82 0B 83 13 10 27 00 00 00 0F  TEL,8778,S5,3529,1072,2946,4995,10000,0
A5 54 4B 22 05 C9 0D 31 04 82 0B 83 13 10 27 00 00 00 12  TEL,8779,S5,3529,1073,2946,4995,10000,0
A5 54 4C 22 05 C9 0D 31 04 82 0B 83 13 10 27 00 00 00 1C  TEL,8780,S5,3529,1073,2946,4995,10000,0
A5 54 4D 22 05 C9 0D 30 04 82 0B 83 13 10 27 00 00 00 01  TEL,8781,S5,3529,1072,2946,4995,10000,0
A5 54 4E 22 05 C9 0D 30 04 82 0B 83 13 10 27 00 00 00 07  TEL,8782,S5,3529,1072,2946,4995,10000,0
A5 54 4F 22 05 8A 0D 2E 04 82 0B 83 13 10 27 00 00 00 08  TEL,8783,S5,3466,1070,2946,4995,10000,0
A5 54 50 22 05 C9 0D 31 04 82 0B 83 13 10 27 00 00 00 24  TEL,8784,S5,3529,1073,2946,4995,10000,0
A5 54 51 22 05 C9 0D 30 04 82 0B 83 13 10 27 00 00 00 39  TEL,8785,S5,3529,1072,2946,4995,10000,0
A5 54 52 22 05 C9 0D 30 04 82 0B 83 13 10 27 00 00 00 3F  TEL,8786,S5,3529,1072,2946,4995,10000,0
A5 54 53 22 05 C9 0D 30 04 82 0B 83 13 10 27 00 00 00 3D  TEL,8787,S5,3529,1072,2946,4995,10000,0
A5 54 54 22 05 AA 0D 2F 04 82 0B 83 13 10 27 00 00 00 DF  TEL,8788,S5,3498,1071,2946,4995,10000,0
A5 54 55 22 05 6B 0D 2D 04 82 0B 83 13 10 27 00 00 00 7D  TEL,8789,S5,3435,1069,2946,4995,10000,0
A5 54 56 22 05 C9 0D 30 04 82 0B 83 13 10 27 00 00 00 37  TEL,8790,S5,3529,1072,2946,4995,10000,0
A5 54 57 22 05 8A 0D 2E 04 82 0B 83 13 10 27 00 00 00 38  TEL,8791,S5,3466,1070,2946,4995,10000,0
A5 54 58 22 05 C9 0D 30 04 82 0B 83 13 10 27 00 00 00 2B  TEL,8792,S5,3529,1072,2946,4995,10000,0
A5 54 59 22 05 6B 0D 2D 04 82 0B 83 13 10 27 00 00 00 65  TEL,8793,S5,3435,1069,2946,4995,10000,0
A5 54 5A 22 05 C9 0D 30 04 82 0B 83 13 10 27 00 00 00 2F  TEL,8794,S5,3529,1072,2946,4995,10000,0
A5 54 5B 22 05 C9 0D 30 04 82 0B 83 13 10 27 00 00 00 2D  TEL,8795,S5,3529,1072,2946,4995,10000,0
A5 54 5C 22 05 6B 0D 2D 04 82 0B 83 13 10 27 00 00 00 6F  TEL,8796,S5,3435,1069,2946,4995,10000,0
A5 54 5D 22 05 C9 0D 30 04 82 0B 83 13 10 27 00 00 00 21  TEL,8797,S5,3529,1072,2946,4995,10000,0
A5 54 5E 22 05 C9 0D 31 04 82 0B 83 13 10 27 00 00 00 38  TEL,8798,S5,3529,1073,2946,4995,10000,0
A5 54 5F 22 05 AA 0D 2F 04 82 0B 83 13 10 27 00 00 00 C9  TEL,8799,S5,3498,1071,2946,4995,10000,0
A5 54 60 22 05 C9 0D 30 04 82 0B 83 13 10 27 00 00 00 5B  TEL,8800,S5,3529,1072,2946,4995,10000,0
A5 54 61 22 05 C9 0D 31 04 82 0B 83 13 10 27 00 00 00 46  TEL,8801,S5,3529,1073,2946,4995,10000,0
A5 54 62 22 05 AA 0D 2F 04 82 0B 83 13 10 27 00 00 00 B3  TEL,8802,S5,3498,1071,2946,4995,10000,0
A5 54 63 22 05 C9 0D 31 04 82 0B 83 13 10 27 00 00 00 42  TEL,8803,S5,3529,1073,2946,4995,10000,0
A5 54 64 22 05 C9 0D 31 04 82 0B 83 13 10 27 00 00 00 4C  TEL,8804,S5,3529,1073,2946,4995,10000,0
A5 54 65 22 05 AA 0D 2F 04 82 0B 83 13 10 27 00 00 00 BD  TEL,8805,S5,3498,1071,2946,4995,10000,0
A5 54 66 22 05 07 0E 33 04 82 0B 83 13 10 27 00 00 00 56  TEL,8806,S5,3591,1075,2946,4995,10000,0
A5 54 67 22 05 C9 0D 30 04 82 0B 83 13 10 27 00 00 00 55  TEL,8807,S5,3529,1072,2946,4995,10000,0
A5 54 68 22 05 AA 0D 2F 04 82 0B 83 13 10 27 00 00 00 A7  TEL,8808,S5,3498,1071,2946,4995,10000,0
A5 54 69 22 05 C9 0D 31 04 82 0B 83 13 10 27 00 00 00 56  TEL,8809,S5,3529,1073,2946,4995,10000,0
A5 54 6A 22 05 C9 0D 30 04 82 0B 83 13 10 27 00 00 00 4F  TEL,8810,S5,3529,1072,2946,4995,10000,0
A5 54 6B 22 05 AA 0D 2F 04 82 0B 83 13 10 27 00 00 00 A1  TEL,8811,S5,3498,1071,2946,4995,10000,0
A5 54 6C 22 05 C9 0D 30 04 82 0B 83 13 10 27 00 00 00 43  TEL,8812,S5,3529,1072,2946,4995,10000,0
A5 54 6D 22 05 AA 0D 2F 04 82 0B 83 13 10 27 00 00 00 AD  TEL,8813,S5,3498,1071,2946,4995,10000,0
A5 54 6E 22 05 C9 0D 31 04 82 0B 83 13 10 27 00 00 00 58  TEL,8814,S5,3529,1073,2946,4995,10000,0
A5 54 6F 22 05 45 0E 35 04 82 0B 83 13 10 27 00 00 00 D2  TEL,8815,S5,3653,1077,2946,4995,10000,0
A5 54 70 22 05 C9 0D 31 04 82 0B 83 13 10 27 00 00 00 64  TEL,8816,S5,3529,1073,2946,4995,10000,0
A5 54 71 22 05 C9 0D 31 04 82 0B 83 13 10 27 00 00 00 66  TEL,8817,S5,3529,1073,2946,4995,10000,0
A5 54 72 22 05 C9 0D 30 04 82 0B 83 13 10 27 00 00 00 7F  TEL,8818,S5,3529,1072,2946,4995,10000,0
A5 54 73 22 05 C9 0D 30 04 82 0B 83 13 10 27 00 00 00 7D  TEL,8819,S5,3529,1072,2946,4995,10000,0
A5 54 74 22 05 C9 0D 30 04 82 0B 83 13 10 27 00 00 00 73  TEL,8820,S5,3529,1072,2946,4995,10000,0
A5 54 75 22 05 C9 0D 31 04 82 0B 83 13 10 27 00 00 00 6E  TEL,8821,S5,3529,1073,2946,4995,10000,0
A5 54 76 22 05 C9 0D 31 04 82 0B 83 13 10 27 00 00 00 68  TEL,8822,S5,3529,1073,2946,4995,10000,0
A5 54 77 22 05 6B 0D 2D 04 82 0B 83 13 10 27 00 00 00 39  TEL,8823,S5,3435,1069,2946,4995,10000,0
A5 54 78 22 05 C9 0D 30 04 82 0B 83 13 10 27 00 00 00 6B  TEL,8824,S5,3529,1072,2946,4995,10000,0
A5 54 79 22 05 C9 0D 30 04 82 0B 83 13 10 27 00 00 00 69  TEL,8825,S5,3529,1072,2946,4995,10000,0
A5 54 7A 22 05 C9 0D 31 04 82 0B 83 13 10 27 00 00 00 70  TEL,8826,S5,3529,1073,2946,4995,10000,0
A5 54 7B 22 05 C9 0D 30 04 82 0B 83 13 10 27 00 00 00 6D  TEL,8827,S5,3529,1072,2946,4995,10000,0
A5 54 7C 22 05 C9 0D 30 04 82 0B 83 13 10 27 00 00 00 63  TEL,8828,S5,3529,1072,2946,4995,10000,0
A5 54 7D 22 05 6B 0D 2D 04 82 0B 83 13 10 27 00 00 00 2D  TEL,8829,S5,3435,1069,2946,4995,10000,0
A5 54 7E 22 05 C9 0D 31 04 82 0B 83 13 10 27 00 00 00 78  TEL,8830,S5,3529,1073,2946,4995,10000,0
A5 54 7F 22 05 4C 0D 2C 04 82 0B 83 13 10 27 00 00 00 2D  TEL,8831,S5,3404,1068,2946,4995,10000,0
A5 54 80 22 05 C9 0D 31 04 82 0B 83 13 10 27 00 00 00 83  TEL,8832,S5,3529,1073,2946,4995,10000,0
A5 54 81 22 05 AA 0D 2F 04 82 0B 83 13 10 27 00 00 00 72  TEL,8833,S5,3498,1071,2946,4995,10000,0
A5 54 82 22 05 AA 0D 2F 04 82 0B 83 13 10 27 00 00 00 74  TEL,8834,S5,3498,1071,2946,4995,10000,0
A5 54 83 22 05 AA 0D 2F 04 82 0B 83 13 10 27 00 00 00 76  TEL,8835,S5,3498,1071,2946,4995,10000,0
A5 54 84 22 05 C9 0D 30 04 82 0B 83 13 10 27 00 00 00 94  TEL,8836,S5,3529,1072,2946,4995,10000,0
A5 54 85 22 05 C9 0D 30 04 82 0B 83 13 10 27 00 00 00 96  TEL,8837,S5,3529,1072,2946,4995,10000,0
A5 54 86 22 05 6B 0D 2D 04 82 0B 83 13 10 27 00 00 00 DC  TEL,8838,S5,3435,1069,2946,4995,10000,0
A5 54 87 22 05 C9 0D 30 04 82 0B 83 13 10 27 00 00 00 92  TEL,8839,S5,3529,1072,2946,4995,10000,0
A5 54 88 22 05 C9 0D 30 04 82 0B 83 13 10 27 00 00 00 8C  TEL,8840,S5,3529,1072,2946,4995,10000,0
A5 54 89 22 05 AA 0D 2F 04 82 0B 83 13 10 27 00 00 00 62  TEL,8841,S5,3498,1071,2946,4995,10000,0
A5 54 8A 22 05 AA 0D 2F 04 82 0B 83 13 10 27 00 00 00 64  TEL,8842,S5,3498,1071,2946,4995,10000,0
A5 54 8B 22 05 E8 0D 32 04 82 0B 83 13 10 27 00 00 00 DE  TEL,8843,S5,3560,1074,2946,4995,10000,0
A5 54 8C 22 05 AA 0D 2F 04 82 0B 83 13 10 27 00 00 00 68  TEL,8844,S5,3498,1071,2946,4995,10000,0
A5 54 8D 22 05 C9 0D 31 04 82 0B 83 13 10 27 00 00 00 99  TEL,8845,S5,3529,1073,2946,4995,10000,0
A5 54 8E 22 05 C9 0D 31 04 82 0B 83 13 10 27 00 00 00 9F  TEL,8846,S5,3529,1073,2946,4995,10000,0
A5 54 8F 22 05 C9 0D 31 04 82 0B 83 13 10 27 00 00 00 9D  TEL,8847,S5,3529,1073,2946,4995,10000,0
A5 54 90 22 05 AA 0D 2F 04 82 0B 83 13 10 27 00 00 00 50  TEL,8848,S5,3498,1071,2946,4995,10000,0
A5 54 91 22 05 6B 0D 2D 04 82 0B 83 13 10 27 00 00 00 F2  TEL,8849,S5,3435,1069,2946,4995,10000,0
A5 54 92 22 05 C9 0D 31 04 82 0B 83 13 10 27 00 00 00 A7  TEL,8850,S5,3529,1073,2946,4995,10000,0
A5 54 93 22 05 C9 0D 30 04 82 0B 83 13 10 27 00 00 00 BA  TEL,8851,S5,3529,1072,2946,4995,10000,0
A5 54 94 22 05 C9 0D 30 04 82 0B 83 13 10 27 00 00 00 B4  TEL,8852,S5,3529,1072,2946,4995,10000,0
A5 54 95 22 05 C9 0D 30 04 82 0B 83 13 10 27 00 00 00 B6  TEL,8853,S5,3529,1072,2946,4995,10000,0
A5 54 96 22 05 C9 0D 30 04 82 0B 83 13 10 27 00 00 00 B0  TEL,8854,S5,3529,1072,2946,4995,10000,0
A5 54 97 22 05 C9 0D 30 04 82 0B 83 13 10 27 00 00 00 B2  TEL,8855,S5,3529,1072,2946,4995,10000,0
A5 54 98 22 05 C9 0D 30 04 82 0B 83 13 10 27 00 00 00 AC  TEL,8856,S5,3529,1072,2946,4995,10000,0
A5 54 99 22 05 C9 0D 30 04 82 0B 83 13 10 27 00 00 00 AE  TEL,8857,S5,3529,1072,2946,4995,10000,0
A5 54 9A 22 05 AA 0D 2F 04 82 0B 83 13 10 27 00 00 00 44  TEL,8858,S5,3498,1071,2946,4995,10000,0
A5 54 9B 22 05 C9 0D 30 04 82 0B 83 13 10 27 00 00 00 AA  TEL,8859,S5,3529,1072,2946,4995,10000,0
A5 54 9C 22 05 C9 0D 30 04 82 0B 83 13 10 27 00 00 00 A4  TEL,8860,S5,3529,1072,2946,4995,10000,0
A5 54 9D 22 05 C9 0D 30 04 82 0B 83 13 10 27 00 00 00 A6  TEL,8861,S5,3529,1072,2946,4995,10000,0
A5 54 9E 22 05 AA 0D 2F 04 82 0B 83 13 10 27 00 00 00 4C  TEL,8862,S5,3498,1071,2946,4995,10000,0
A5 54 9F 22 05 AA 0D 2F 04 82 0B 83 13 10 27 00 00 00 4E  TEL,8863,S5,3498,1071,2946,4995,10000,0
A5 54 A0 22 05 8A 0D 2E 04 82 0B 83 13 10 27 00 00 00 D1  TEL,8864,S5,3466,1070,2946,4995,10000,0
A5 54 A1 22 05 C9 0D 31 04 82 0B 83 13 10 27 00 00 00 C1  TEL,8865,S5,3529,1073,2946,4995,10000,0
A5 54 A2 22 05 AA 0D 2F 04 82 0B 83 13 10 27 00 00 00 34  TEL,8866,S5,3498,1071,2946,4995,10000,0
A5 54 A3 22 05 AA 0D 2F 04 82 0B 83 13 10 27 00 00 00 36  TEL,8867,S5,3498,1071,2946,4995,10000,0
A5 54 A4 22 05 C9 0D 30 04 82 0B 83 13 10 27 00 00 00 D4  TEL,8868,S5,3529,1072,2946,4995,10000,0
A5 54 A5 22 05 C9 0D 30 04 82 0B 83 13 10 27 00 00 00 D6  TEL,8869,S5,3529,1072,2946,4995,10000,0
A5 54 A6 22 05 C9 0D 30 04 82 0B 83 13 10 27 00 00 00 D0  TEL,8870,S5,3529,1072,2946,4995,10000,0
A5 54 A7 22 05 C9 0D 31 04 82 0B 83 13 10 27 00 00 00 CD  TEL,8871,S5,3529,1073,2946,4995,10000,0
A5 54 A8 22 05 C9 0D 31 04 82 0B 83 13 10 27 00 00 00 D3  TEL,8872,S5,3529,1073,2946,4995,10000,0
A5 54 A9 22 05 6B 0D 2D 04 82 0B 83 13 10 27 00 00 00 82  TEL,8873,S5,3435,1069,2946,4995,10000,0
A5 54 AA 22 05 C9 0D 30 04 82 0B 83 13 10 27 00 00 00 C8  TEL,8874,S5,3529,1072,2946,4995,10000,0
A5 54 AB 22 05 C9 0D 30 04 82 0B 83 13 10 27 00 00 00 CA  TEL,8875,S5,3529,1072,2946,4995,10000,0
A5 54 AC 22 05 C9 0D 31 04 82 0B 83 13 10 27 00 00 00 DB  TEL,8876,S5,3529,1073,2946,4995,10000,0
A5 54 AD 22 05 AA 0D 2F 04 82 0B 83 13 10 27 00 00 00 2A  TEL,8877,S5,3498,1071,2946,4995,10000,0
A5 54 AE 22 05 C9 0D 30 04 82 0B 83 13 10 27 00 00 00 C0  TEL,8878,S5,3529,1072,2946,4995,10000,0
A5 54 AF 22 05 C9 0D 31 04 82 0B 83 13 10 27 00 00 00 DD  TEL,8879,S5,3529,1073,2946,4995,10000,0
A5 54 B0 22 05 C9 0D 31 04 82 0B 83 13 10 27 00 00 00 E3  TEL,8880,S5,3529,1073,2946,4995,10000,0
A5 54 B1 22 05 C9 0D 31 04 82 0B 83 13 10 27 00 00 00 E1  TEL,8881,S5,3529,1073,2946,4995,10000,0
A5 54 B2 22 05 C9 0D 31 04 82 0B 83 13 10 27 00 00 00 E7  TEL,8882,S5,3529,1073,2946,4995,10000,0
A5 54 B3 22 05 AA 0D 2F 04 82 0B 83 13 10 27 00 00 00 16  TEL,8883,S5,3498,1071,2946,4995,10000,0
A5 54 B4 22 05 C9 0D 30 04 82 0B 83 13 10 27 00 00 00 F4  TEL,8884,S5,3529,1072,2946,4995,10000,0
A5 54 B5 22 05 6B 0D 2D 04 82 0B 83 13 10 27 00 00 00 BA  TEL,8885,S5,3435,1069,2946,4995,10000,0
A5 54 B6 22 05 6B 0D 2D 04 82 0B 83 13 10 27 00 00 00 BC  TEL,8886,S5,3435,1069,2946,4995,10000,0
A5 54 B7 22 05 AA 0D 2F 04 82 0B 83 13 10 27 00 00 00 1E  TEL,8887,S5,3498,1071,2946,4995,10000,0
A5 54 B8 22 05 6B 0D 2D 04 82 0B 83 13 10 27 00 00 00 A0  TEL,8888,S5,3435,1069,2946,4995,10000,0
A5 54 B9 22 05 C9 0D 30 04 82 0B 83 13 10 27 00 00 00 EE  TEL,8889,S5,3529,1072,2946,4995,10000,0
A5 54 BA 22 05 6B 0D 2D 04 82 0B 83 13 10 27 00 00 00 A4  TEL,8890,S5,3435,1069,2946,4995,10000,0
A5 54 BB 22 05 C9 0D 30 04 82 0B 83 13 10 27 00 00 00 EA  TEL,8891,S5,3529,1072,2946,4995,10000,0
A5 54 BC 22 05 C9 0D 31 04 82 0B 83 13 10 27 00 00 00 FB  TEL,8892,S5,3529,1073,2946,4995,10000,0
A5 54 BD 22 05 C9 0D 30 04 82 0B 83 13 10 27 00 00 00 E6  TEL,8893,S5,3529,1072,2946,4995,10000,0
A5 54 BE 22 05 C9 0D 31 04 82 0B 83 13 10 27 00 00 00 FF  TEL,8894,S5,3529,1073,2946,4995,10000,0
A5 54 BF 22 05 AA 0D 2F 04 82 0B 83 13 10 27 00 00 00 0E  TEL,8895,S5,3498,1071,2946,4995,10000,0
A5 54 C0 22 05 C9 0D 31 04 82 0B 83 13 10 27 00 00 00 03  TEL,8896,S5,3529,1073,2946,4995,10000,0
A5 54 C1 22 05 C9 0D 31 04 82 0B 83 13 10 27 00 00 00 01  TEL,8897,S5,3529,1073,2946,4995,10000,0
A5 54 C2 22 05 AA 0D 2F 04 82 0B 83 13 10 27 00 00 00 F4  TEL,8898,S5,3498,1071,2946,4995,10000,0
A5 54 C3 22 05 C9 0D 31 04 82 0B 83 13 10 27 00 00 00 05  TEL,8899,S5,3529,1073,2946,4995,10000,0
A5 54 C4 22 05 C9 0D 30 04 82 0B 83 13 10 27 00 00 00 14  TEL,8900,S5,3529,1072,2946,4995,10000,0
A5 54 C5 22 05 C9 0D 30 04 82 0B 83 13 10 27 00 00 00 16  TEL,8901,S5,3529,1072,2946,4995,10000,0
A5 54 C6 22 05 AA 0D 2F 04 82 0B 83 13 10 27 00 00 00 FC  TEL,8902,S5,3498,1071,2946,4995,10000,0
A5 54 C7 22 05 C9 0D 30 04 82 0B 83 13 10 27 00 00 00 12  TEL,8903,S5,3529,1072,2946,4995,10000,0
A5 54 C8 22 05 C9 0D 30 04 82 0B 83 13 10 27 00 00 00 0C  TEL,8904,S5,3529,1072,2946,4995,10000,0
A5 54 C9 22 05 C9 0D 30 04 82 0B 83 13 10 27 00 00 00 0E  TEL,8905,S5,3529,1072,2946,4995,10000,0
A5 54 CA 22 05 C9 0D 30 04 82 0B 83 13 10 27 00 00 00 08  TEL,8906,S5,3529,1072,2946,4995,10000,0
A5 54 CB 22 05 8A 0D 2E 04 82 0B 83 13 10 27 00 00 00 07  TEL,8907,S5,3466,1070,2946,4995,10000,0
A5 54 CC 22 05 AA 0D 2F 04 82 0B 83 13 10 27 00 00 00 E8  TEL,8908,S5,3498,1071,2946,4995,10000,0
A5 54 CD 22 05 AA 0D 2F 04 82 0B 83 13 10 27 00 00 00 EA  TEL,8909,S5,3498,1071,2946,4995,10000,0
A5 54 CE 22 05 C9 0D 30 04 82 0B 83 13 10 27 00 00 00 00  TEL,8910,S5,3529,1072,2946,4995,10000,0
A5 54 CF 22 05 AA 0D 2F 04 82 0B 83 13 10 27 00 00 00 EE  TEL,8911,S5,3498,1071,2946,4995,10000,0
A5 54 D0 22 05 C9 0D 31 04 82 0B 83 13 10 27 00 00 00 23  TEL,8912,S5,3529,1073,2946,4995,10000,0
A5 54 D1 22 05 C9 0D 30 04 82 0B 83 13 10 27 00 00 00 3E  TEL,8913,S5,3529,1072,2946,4995,10000,0
A5 54 D2 22 05 C9 0D 30 04 82 0B 83 13 10 27 00 00 00 38  TEL,8914,S5,3529,1072,2946,4995,10000,0
A5 54 D3 22 05 C9 0D 30 04 82 0B 83 13 10 27 00 00 00 3A  TEL,8915,S5,3529,1072,2946,4995,10000,0
A5 54 D4 22 05 C9 0D 30 04 82 0B 83 13 10 27 00 00 00 34  TEL,8916,S5,3529,1072,2946,4995,10000,0
A5 54 D5 22 05 AA 0D 2F 04 82 0B 83 13 10 27 00 00 00 DA  TEL,8917,S5,3498,1071,2946,4995,10000,0
A5 54 D6 22 05 6B 0D 2D 04 82 0B 83 13 10 27 00 00 00 7C  TEL,8918,S5,3435,1069,2946,4995,10000,0
A5 54 D7 22 05 C9 0D 30 04 82 0B 83 13 10 27 00 00 00 32  TEL,8919,S5,3529,1072,2946,4995,10000,0
A5 54 D8 22 05 C9 0D 30 04 82 0B 83 13 10 27 00 00 00 2C  TEL,8920,S5,3529,1072,2946,4995,10000,0
A5 54 D9 22 05 C9 0D 30 04 82 0B 83 13 10 27 00 00 00 2E  TEL,8921,S5,3529,1072,2946,4995,10000,0
A5 54 DA 22 05 6B 0D 2D 04 82 0B 83 13 10 27 00 00 00 64  TEL,8922,S5,3435,1069,2946,4995,10000,0
A5 54 DB 22 05 C9 0D 30 04 82 0B 83 13 10 27 00 00 00 2A  TEL,8923,S5,3529,1072,2946,4995,10000,0
A5 54 DC 22 05 C9 0D 30 04 82 0B 83 13 10 27 00 00 00 24  TEL,8924,S5,3529,1072,2946,4995,10000,0
A5 54 DD 22 05 AA 0D 2F 04 82 0B 83 13 10 27 00 00 00 CA  TEL,8925,S5,3498,1071,2946,4995,10000,0
A5 54 DE 22 05 07 0E 33 04 82 0B 83 13 10 27 00 00 00 21  TEL,8926,S5,3591,1075,2946,4995,10000,0
A5 54 DF 22 05 C9 0D 30 04 82 0B 83 13 10 27 00 00 00 22  TEL,8927,S5,3529,1072,2946,4995,10000,0
A5 54 E0 22 05 C9 0D 30 04 82 0B 83 13 10 27 00 00 00 5C  TEL,8928,S5,3529,1072,2946,4995,10000,0
A5 54 E1 22 05 AA 0D 2F 04 82 0B 83 13 10 27 00 00 00 B2  TEL,8929,S5,3498,1071,2946,4995,10000,0
A5 54 E2 22 05 C9 0D 30 04 82 0B 83 13 10 27 00 00 00 58  TEL,8930,S5,3529,1072,2946,4995,10000,0
A5 54 E3 22 05 C9 0D 31 04 82 0B 83 13 10 27 00 00 00 45  TEL,8931,S5,3529,1073,2946,4995,10000,0
A5 54 E4 22 05 AA 0D 2F 04 82 0B 83 13 10 27 00 00 00 B8  TEL,8932,S5,3498,1071,2946,4995,10000,0
A5 54 E5 22 05 C9 0D 31 04 82 0B 83 13 10 27 00 00 00 49  TEL,8933,S5,3529,1073,2946,4995,10000,0
A5 54 E6 22 05 C9 0D 30 04 82 0B 83 13 10 27 00 00 00 50  TEL,8934,S5,3529,1072,2946,4995,10000,0
A5 54 E7 22 05 C9 0D 31 04 82 0B 83 13 10 27 00 00 00 4D  TEL,8935,S5,3529,1073,2946,4995,10000,0
A5 54 E8 22 05 C9 0D 30 04 82 0B 83 13 10 27 00 00 00 4C  TEL,8936,S5,3529,1072,2946,4995,10000,0
A5 54 E9 22 05 2D 0D 2B 04 82 0B 83 13 10 27 00 00 00 CA  TEL,8937,S5,3373,1067,2946,4995,10000,0
A5 54 EA 22 05 AA 0D 2F 04 82 0B 83 13 10 27 00 00 00 A4  TEL,8938,S5,3498,1071,2946,4995,10000,0
A5 54 EB 22 05 C9 0D 30 04 82 0B 83 13 10 27 00 00 00 4A  TEL,8939,S5,3529,1072,2946,4995,10000,0
A5 54 EC 22 05 8A 0D 2E 04 82 0B 83 13 10 27 00 00 00 49  TEL,8940,S5,3466,1070,2946,4995,10000,0
A5 54 ED 22 05 C9 0D 31 04 82 0B 83 13 10 27 00 00 00 59  TEL,8941,S5,3529,1073,2946,4995,10000,0
A5 54 EE 22 05 C9 0D 30 04 82 0B 83 13 10 27 00 00 00 40  TEL,8942,S5,3529,1072,2946,4995,10000,0
A5 54 EF 22 05 C9 0D 30 04 82 0B 83 13 10 27 00 00 00 42  TEL,8943,S5,3529,1072,2946,4995,10000,0
A5 54 F0 22 05 C9 0D 31 04 82 0B 83 13 10 27 00 00 00 63  TEL,8944,S5,3529,1073,2946,4995,10000,0
A5 54 F1 22 05 C9 0D 30 04 82 0B 83 13 10 27 00 00 00 7E  TEL,8945,S5,3529,1072,2946,4995,10000,0
A5 54 F2 22 05 C9 0D 30 04 82 0B 83 13 10 27 00 00 00 78  TEL,8946,S5,3529,1072,2946,4995,10000,0
A5 54 F3 22 05 AA 0D 2F 04 82 0B 83 13 10 27 00 00 00 96  TEL,8947,S5,3498,1071,2946,4995,10000,0
A5 54 F4 22 05 C9 0D 31 04 82 0B 83 13 10 27 00 00 00 6B  TEL,8948,S5,3529,1073,2946,4995,10000,0
A5 54 F5 22 05 6B 0D 2D 04 82 0B 83 13 10 27 00 00 00 3A  TEL,8949,S5,3435,1069,2946,4995,10000,0
A5 54 F6 22 05 C9 0D 30 04 82 0B 83 13 10 27 00 00 00 70  TEL,8950,S5,3529,1072,2946,4995,10000,0
A5 54 F7 22 05 C9 0D 31 04 82 0B 83 13 10 27 00 00 00 6D  TEL,8951,S5,3529,1073,2946,4995,10000,0
A5 54 F8 22 05 C9 0D 30 04 82 0B 83 13 10 27 00 00 00 6C  TEL,8952,S5,3529,1072,2946,4995,10000,0
A5 54 F9 22 05 C9 0D 31 04 82 0B 83 13 10 27 00 00 00 71  TEL,8953,S5,3529,1073,2946,4995,10000,0
A5 54 FA 22 05 C9 0D 30 04 82 0B 83 13 10 27 00 00 00 68  TEL,8954,S5,3529,1072,2946,4995,10000,0
A5 54 FB 22 05 C9 0D 30 04 82 0B 83 13 10 27 00 00 00 6A  TEL,8955,S5,3529,1072,2946,4995,10000,0
A5 54 FC 22 05 C9 0D 30 04 82 0B 83 13 10 27 00 00 00 64  TEL,8956,S5,3529,1072,2946,4995,10000,0
A5 54 FD 22 05 07 0E 33 04 82 0B 83 13 10 27 00 00 00 67  TEL,8957,S5,3591,1075,2946,4995,10000,0
A5 54 FE 22 05 C9 0D 30 04 82 0B 83 13 10 27 00 00 00 60  TEL,8958,S5,3529,1072,2946,4995,10000,0
A5 54 FF 22 05 C9 0D 31 04 82 0B 83 13 10 27 00 00 00 7D  TEL,8959,S5,3529,1073,2946,4995,10000,0
A5 54 00 23 05 C9 0D 30 04 82 0B 83 13 10 27 00 00 00 2E  TEL,8960,S5,3529,1072,2946,4995,10000,0
A5 54 01 23 05 C9 0D 31 04 82 0B 83 13 10 27 00 00 00 33  TEL,8961,S5,3529,1073,2946,4995,10000,0
A5 54 02 23 05 AA 0D 2F 04 82 0B 83 13 10 27 00 00 00 C6  TEL,8962,S5,3498,1071,2946,4995,10000,0
A5 54 03 23 05 C9 0D 31 04 82 0B 83 13 10 27 00 00 00 37  TEL,8963,S5,3529,1073,2946,4995,10000,0
A5 54 04 23 05 C9 0D 30 04 82 0B 83 13 10 27 00 00 00 26  TEL,8964,S5,3529,1072,2946,4995,10000,0
A5 54 05 23 05 C9 0D 31 04 82 0B 83 13 10 27 00 00 00 3B  TEL,8965,S5,3529,1073,2946,4995,10000,0
A5 54 06 23 05 C9 0D 30 04 82 0B 83 13 10 27 00 00 00 22  TEL,8966,S5,3529,1072,2946,4995,10000,0
A5 54 07 23 05 AA 0D 2F 04 82 0B 83 13 10 27 00 00 00 CC  TEL,8967,S5,3498,1071,2946,4995,10000,0
A5 54 08 23 05 C9 0D 31 04 82 0B 83 13 10 27 00 00 00 21  TEL,8968,S5,3529,1073,2946,4995,10000,0
A5 54 09 23 05 C9 0D 30 04 82 0B 83 13 10 27 00 00 00 3C  TEL,8969,S5,3529,1072,2946,4995,10000,0
A5 54 0A 23 05 C9 0D 30 04 82 0B 83 13 10 27 00 00 00 3A  TEL,8970,S5,3529,1072,2946,4995,10000,0
A5 54 0B 23 05 C9 0D 30 04 82 0B 83 13 10 27 00 00 00 38  TEL,8971,S5,3529,1072,2946,4995,10000,0
A5 54 0C 23 05 C9 0D 30 04 82 0B 83 13 10 27 00 00 00 36  TEL,8972,S5,3529,1072,2946,4995,10000,0
A5 54 0D 23 05 C9 0D 30 04 82 0B 83 13 10 27 00 00 00 34  TEL,8973,S5,3529,1072,2946,4995,10000,0
A5 54 0E 23 05 C9 0D 31 04 82 0B 83 13 10 27 00 00 00 2D  TEL,8974,S5,3529,1073,2946,4995,10000,0
A5 54 0F 23 05 C9 0D 30 04 82 0B 83 13 10 27 00 00 00 30  TEL,8975,S5,3529,1072,2946,4995,10000,0
A5 54 10 23 05 C9 0D 30 04 82 0B 83 13 10 27 00 00 00 0E  TEL,8976,S5,3529,1072,2946,4995,10000,0
A5 54 11 23 05 C9 0D 31 04 82 0B 83 13 10 27 00 00 00 13  TEL,8977,S5,3529,1073,2946,4995,10000,0
A5 54 12 23 05 6B 0D 2D 04 82 0B 83 13 10 27 00 00 00 46  TEL,8978,S5,3435,1069,2946,4995,10000,0
A5 54 13 23 05 C9 0D 30 04 82 0B 83 13 10 27 00 00 00 08  TEL,8979,S5,3529,1072,2946,4995,10000,0
A5 54 14 23 05 C9 0D 30 04 82 0B 83 13 10 27 00 00 00 06  TEL,8980,S5,3529,1072,2946,4995,10000,0
A5 54 15 23 05 C9 0D 31 04 82 0B 83 13 10 27 00 00 00 1B  TEL,8981,S5,3529,1073,2946,4995,10000,0
A5 54 16 23 05 C9 0D 31 04 82 0B 83 13 10 27 00 00 00 1D  TEL,8982,S5,3529,1073,2946,4995,10000,0
A5 54 17 23 05 C9 0D 30 04 82 0B 83 13 10 27 00 00 00 00  TEL,8983,S5,3529,1072,2946,4995,10000,0
A5 54 18 23 05 AA 0D 2F 04 82 0B 83 13 10 27 00 00 00 F2  TEL,8984,S5,3498,1071,2946,4995,10000,0
A5 54 19 23 05 C9 0D 30 04 82 0B 83 13 10 27 00 00 00 1C  TEL,8985,S5,3529,1072,2946,4995,10000,0
A5 54 1A 23 05 C9 0D 30 04 82 0B 83 13 10 27 00 00 00 1A  TEL,8986,S5,3529,1072,2946,4995,10000,0
A5 54 1B 23 05 AA 0D 2F 04 82 0B 83 13 10 27 00 00 00 F4  TEL,8987,S5,3498,1071,2946,4995,10000,0
A5 54 1C 23 05 C9 0D 30 04 82 0B 83 13 10 27 00 00 00 16  TEL,8988,S5,3529,1072,2946,4995,10000,0
A5 54 1D 23 05 C9 0D 31 04 82 0B 83 13 10 27 00 00 00 0B  TEL,8989,S5,3529,1073,2946,4995,10000,0
A5 54 1E 23 05 C9 0D 30 04 82 0B 83 13 10 27 00 00 00 12  TEL,8990,S5,3529,1072,2946,4995,10000,0
A5 54 1F 23 05 C9 0D 30 04 82 0B 83 13 10 27 00 00 00 10  TEL,8991,S5,3529,1072,2946,4995,10000,0
A5 54 20 23 05 C9 0D 31 04 82 0B 83 13 10 27 00 00 00 71  TEL,8992,S5,3529,1073,2946,4995,10000,0
A5 54 21 23 05 C9 0D 31 04 82 0B 83 13 10 27 00 00 00 73  TEL,8993,S5,3529,1073,2946,4995,10000,0
A5 54 22 23 05 C9 0D 30 04 82 0B 83 13 10 27 00 00 00 6A  TEL,8994,S5,3529,1072,2946,4995,10000,0
A5 54 23 23 05 C9 0D 30 04 82 0B 83 13 10 27 00 00 00 68  TEL,8995,S5,3529,1072,2946,4995,10000,0
A5 54 24 23 05 C9 0D 30 04 82 0B 83 13 10 27 00 00 00 66  TEL,8996,S5,3529,1072,2946,4995,10000,0
A5 54 25 23 05 8A 0D 2E 04 82 0B 83 13 10 27 00 00 00 69  TEL,8997,S5,3466,1070,2946,4995,10000,0
A5 54 26 23 05 C9 0D 31 04 82 0B 83 13 10 27 00 00 00 7D  TEL,8998,S5,3529,1073,2946,4995,10000,0
A5 54 27 23 05 C9 0D 30 04 82 0B 83 13 10 27 00 00 00 60  TEL,8999,S5,3529,1072,2946,4995,10000,0
A5 54 28 23 05 C9 0D 30 04 82 0B 83 13 10 27 00 00 00 7E  TEL,9000,S5,3529,1072,2946,4995,10000,0
A5 54 29 23 05 C9 0D 30 04 82 0B 83 13 10 27 00 00 00 7C  TEL,9001,S5,3529,1072,2946,4995,10000,0
A5 54 2A 23 05 C9 0D 30 04 82 0B 83 13 10 27 00 00 00 7A  TEL,9002,S5,3529,1072,2946,4995,10000,0
A5 54 2B 23 05 C9 0D 31 04 82 0B 83 13 10 27 00 00 00 67  TEL,9003,S5,3529,1073,2946,4995,10000,0
A5 54 2C 23 05 C9 0D 30 04 82 0B 83 13 10 27 00 00 00 76  TEL,9004,S5,3529,1072,2946,4995,10000,0
A5 54 2D 23 05 C9 0D 31 04 82 0B 83 13 10 27 00 00 00 6B  TEL,9005,S5,3529,1073,2946,4995,10000,0
A5 54 2E 23 05 AA 0D 2F 04 82 0B 83 13 10 27 00 00 00 9E  TEL,9006,S5,3498,1071,2946,4995,10000,0
A5 54 2F 23 05 C9 0D 31 04 82 0B 83 13 10 27 00 00 00 6F  TEL,9007,S5,3529,1073,2946,4995,10000,0
A5 54 30 23 05 C9 0D 31 04 82 0B 83 13 10 27 00 00 00 51  TEL,9008,S5,3529,1073,2946,4995,10000,0
A5 54 31 23 05 C9 0D 31 04 82 0B 83 13 10 27 00 00 00 53  TEL,9009,S5,3529,1073,2946,4995,10000,0
A5 54 32 23 05 C9 0D 30 04 82 0B 83 13 10 27 00 00 00 4A  TEL,9010,S5,3529,1072,2946,4995,10000,0
A5 54 33 23 05 C9 0D 31 04 82 0B 83 13 10 27 00 00 00 57  TEL,9011,S5,3529,1073,2946,4995,10000,0
A5 54 34 23 05 6B 0D 2D 04 82 0B 83 13 10 27 00 00 00 0A  TEL,9012,S5,3435,1069,2946,4995,10000,0
A5 54 35 23 05 C9 0D 30 04 82 0B 83 13 10 27 00 00 00 44  TEL,9013,S5,3529,1072,2946,4995,10000,0
A5 54 36 23 05 C9 0D 30 04 82 0B 83 13 10 27 00 00 00 42  TEL,9014,S5,3529,1072,2946,4995,10000,0
A5 54 37 23 05 C9 0D 30 04 82 0B 83 13 10 27 00 00 00 40  TEL,9015,S5,3529,1072,2946,4995,10000,0
A5 54 38 23 05 C9 0D 30 04 82 0B 83 13 10 27 00 00 00 5E  TEL,9016,S5,3529,1072,2946,4995,10000,0
A5 54 39 23 05 AA 0D 2F 04 82 0B 83 13 10 27 00 00 00 B0  TEL,9017,S5,3498,1071,2946,4995,10000,0
A5 54 3A 23 05 C9 0D 30 04 82 0B 83 13 10 27 00 00 00 5A  TEL,9018,S5,3529,1072,2946,4995,10000,0
A5 54 3B 23 05 C9 0D 31 04 82 0B 83 13 10 27 00 00 00 47  TEL,9019,S5,3529,1073,2946,4995,10000,0
A5 54 3C 23 05 C9 0D 30 04 82 0B 83 13 10 27 00 00 00 56  TEL,9020,S5,3529,1072,2946,4995,10000,0
A5 54 3D 23 05 AA 0D 2F 04 82 0B 83 13 10 27 00 00 00 B8  TEL,9021,S5,3498,1071,2946,4995,10000,0
A5 54 3E 23 05 AA 0D 2F 04 82 0B 83 13 10 27 00 00 00 BE  TEL,9022,S5,3498,1071,2946,4995,10000,0
A5 54 3F 23 05 AA 0D 2F 04 82 0B 83 13 10 27 00 00 00 BC  TEL,9023,S5,3498,1071,2946,4995,10000,0
A5 54 40 23 05 C9 0D 31 04 82 0B 83 13 10 27 00 00 00 B1  TEL,9024,S5,3529,1073,2946,4995,10000,0
A5 54 41 23 05 C9 0D 30 04 82 0B 83 13 10 27 00 00 00 AC  TEL,9025,S5,3529,1072,2946,4995,10000,0
A5 54 42 23 05 C9 0D 30 04 82 0B 83 13 10 27 00 00 00 AA  TEL,9026,S5,3529,1072,2946,4995,10000,0
A5 54 43 23 05 C9 0D 30 04 82 0B 83 13 10 27 00 00 00 A8  TEL,9027,S5,3529,1072,2946,4995,10000,0
A5 54 44 23 05 C9 0D 30 04 82 0B 83 13 10 27 00 00 00 A6  TEL,9028,S5,3529,1072,2946,4995,10000,0
A5 54 45 23 05 C9 0D 30 04 82 0B 83 13 10 27 00 00 00 A4  TEL,9029,S5,3529,1072,2946,4995,10000,0
A5 54 46 23 05 C9 0D 30 04 82 0B 83 13 10 27 00 00 00 A2  TEL,9030,S5,3529,1072,2946,4995,10000,0
A5 54 47 23 05 C9 0D 30 04 82 0B 83 13 10 27 00 00 00 A0  TEL,9031,S5,3529,1072,2946,4995,10000,0
A5 54 48 23 05 C9 0D 30 04 82 0B 83 13 10 27 00 00 00 BE  TEL,9032,S5,3529,1072,2946,4995,10000,0
A5 54 49 23 05 AA 0D 2F 04 82 0B 83 13 10 27 00 00 00 50  TEL,9033,S5,3498,1071,2946,4995,10000,0
A5 54 4A 23 05 C9 0D 30 04 82 0B 83 13 10 27 00 00 00 BA  TEL,9034,S5,3529,1072,2946,4995,10000,0
A5 54 4B 23 05 8A 0D 2E 04 82 0B 83 13 10 27 00 00 00 B5  TEL,9035,S5,3466,1070,2946,4995,10000,0
A5 54 4C 23 05 C9 0D 30 04 82 0B 83 13 10 27 00 00 00 B6  TEL,9036,S5,3529,1072,2946,4995,10000,0
A5 54 4D 23 05 AA 0D 2F 04 82 0B 83 13 10 27 00 00 00 58  TEL,9037,S5,3498,1071,2946,4995,10000,0
A5 54 4E 23 05 AA 0D 2F 04 82 0B 83 13 10 27 00 00 00 5E  TEL,9038,S5,3498,1071,2946,4995,10000,0
A5 54 4F 23 05 C9 0D 31 04 82 0B 83 13 10 27 00 00 00 AF  TEL,9039,S5,3529,1073,2946,4995,10000,0
A5 54 50 23 05 EF 0C 29 04 82 0B 83 13 10 27 00 00 00 4C  TEL,9040,S5,3311,1065,2946,4995,10000,0
A5 54 51 23 05 C9 0D 30 04 82 0B 83 13 10 27 00 00 00 8C  TEL,9041,S5,3529,1072,2946,4995,10000,0
A5 54 52 23 05 AA 0D 2F 04 82 0B 83 13 10 27 00 00 00 66  TEL,9042,S5,3498,1071,2946,4995,10000,0
A5 54 53 23 05 C9 0D 30 04 82 0B 83 13 10 27 00 00 00 88  TEL,9043,S5,3529,1072,2946,4995,10000,0
A5 54 54 23 05 C9 0D 30 04 82 0B 83 13 10 27 00 00 00 86  TEL,9044,S5,3529,1072,2946,4995,10000,0
A5 54 55 23 05 AA 0D 2F 04 82 0B 83 13 10 27 00 00 00 68  TEL,9045,S5,3498,1071,2946,4995,10000,0
A5 54 56 23 05 C9 0D 31 04 82 0B 83 13 10 27 00 00 00 9D  TEL,9046,S5,3529,1073,2946,4995,10000,0
A5 54 57 23 05 C9 0D 30 04 82 0B 83 13 10 27 00 00 00 80  TEL,9047,S5,3529,1072,2946,4995,10000,0
A5 54 58 23 05 AA 0D 2F 04 82 0B 83 13 10 27 00 00 00 72  TEL,9048,S5,3498,1071,2946,4995,10000,0
A5 54 59 23 05 C9 0D 31 04 82 0B 83 13 10 27 00 00 00 83  TEL,9049,S5,3529,1073,2946,4995,10000,0
A5 54 5A 23 05 6B 0D 2D 04 82 0B 83 13 10 27 00 00 00 D6  TEL,9050,S5,3435,1069,2946,4995,10000,0
A5 54 5B 23 05 AA 0D 2F 04 82 0B 83 13 10 27 00 00 00 74  TEL,9051,S5,3498,1071,2946,4995,10000,0
A5 54 5C 23 05 C9 0D 30 04 82 0B 83 13 10 27 00 00 00 96  TEL,9052,S5,3529,1072,2946,4995,10000,0
A5 54 5D 23 05 C9 0D 31 04 82 0B 83 13 10 27 00 00 00 8B  TEL,9053,S5,3529,1073,2946,4995,10000,0
A5 54 5E 23 05 C9 0D 30 04 82 0B 83 13 10 27 00 00 00 92  TEL,9054,S5,3529,1072,2946,4995,10000,0
A5 54 5F 23 05 C9 0D 31 04 82 0B 83 13 10 27 00 00 00 8F  TEL,9055,S5,3529,1073,2946,4995,10000,0
A5 54 60 23 05 C9 0D 30 04 82 0B 83 13 10 27 00 00 00 EE  TEL,9056,S5,3529,1072,2946,4995,10000,0
A5 54 61 23 05 8A 0D 2E 04 82 0B 83 13 10 27 00 00 00 E1  TEL,9057,S5,3466,1070,2946,4995,10000,0
A5 54 62 23 05 C9 0D 30 04 82 0B 83 13 10 27 00 00 00 EA  TEL,9058,S5,3529,1072,2946,4995,10000,0
A5 54 63 23 05 C9 0D 31 04 82 0B 83 13 10 27 00 00 00 F7  TEL,9059,S5,3529,1073,2946,4995,10000,0
A5 54 64 23 05 C9 0D 30 04 82 0B 83 13 10 27 00 00 00 E6  TEL,9060,S5,3529,1072,2946,4995,10000,0
A5 54 65 23 05 C9 0D 30 04 82 0B 83 13 10 27 00 00 00 E4  TEL,9061,S5,3529,1072,2946,4995,10000,0
A5 54 66 23 05 C9 0D 31 04 82 0B 83 13 10 27 00 00 00 FD  TEL,9062,S5,3529,1073,2946,4995,10000,0
A5 54 67 23 05 C9 0D 30 04 82 0B 83 13 10 27 00 00 00 E0  TEL,9063,S5,3529,1072,2946,4995,10000,0
A5 54 68 23 05 C9 0D 30 04 82 0B 83 13 10 27 00 00 00 FE  TEL,9064,S5,3529,1072,2946,4995,10000,0
A5 54 69 23 05 C9 0D 30 04 82 0B 83 13 10 27 00 00 00 FC  TEL,9065,S5,3529,1072,2946,4995,10000,0
A5 54 6A 23 05 AA 0D 2F 04 82 0B 83 13 10 27 00 00 00 16  TEL,9066,S5,3498,1071,2946,4995,10000,0
A5 54 6B 23 05 E8 0D 32 04 82 0B 83 13 10 27 00 00 00 AC  TEL,9067,S5,3560,1074,2946,4995,10000,0
A5 54 6C 23 05 C9 0D 30 04 82 0B 83 13 10 27 00 00 00 F6  TEL,9068,S5,3529,1072,2946,4995,10000,0
A5 54 6D 23 05 C9 0D 30 04 82 0B 83 13 10 27 00 00 00 F4  TEL,9069,S5,3529,1072,2946,4995,10000,0
A5 54 6E 23 05 AA 0D 2F 04 82 0B 83 13 10 27 00 00 00 1E  TEL,9070,S5,3498,1071,2946,4995,10000,0
A5 54 6F 23 05 2D 0D 2B 04 82 0B 83 13 10 27 00 00 00 74  TEL,9071,S5,3373,1067,2946,4995,10000,0
A5 54 70 23 05 AA 0D 2F 04 82 0B 83 13 10 27 00 00 00 22  TEL,9072,S5,3498,1071,2946,4995,10000,0
A5 54 71 23 05 6B 0D 2D 04 82 0B 83 13 10 27 00 00 00 80  TEL,9073,S5,3435,1069,2946,4995,10000,0
A5 54 72 23 05 C9 0D 30 04 82 0B 83 13 10 27 00 00 00 CA  TEL,9074,S5,3529,1072,2946,4995,10000,0
A5 54 73 23 05 C9 0D 30 04 82 0B 83 13 10 27 00 00 00 C8  TEL,9075,S5,3529,1072,2946,4995,10000,0
A5 54 74 23 05 AA 0D 2F 04 82 0B 83 13 10 27 00 00 00 2A  TEL,9076,S5,3498,1071,2946,4995,10000,0
A5 54 75 23 05 C9 0D 30 04 82 0B 83 13 10 27 00 00 00 C4  TEL,9077,S5,3529,1072,2946,4995,10000,0
A5 54 76 23 05 C9 0D 31 04 82 0B 83 13 10 27 00 00 00 DD  TEL,9078,S5,3529,1073,2946,4995,10000,0
A5 54 77 23 05 C9 0D 30 04 82 0B 83 13 10 27 00 00 00 C0  TEL,9079,S5,3529,1072,2946,4995,10000,0
A5 54 78 23 05 AA 0D 2F 04 82 0B 83 13 10 27 00 00 00 32  TEL,9080,S5,3498,1071,2946,4995,10000,0
A5 54 79 23 05 C9 0D 30 04 82 0B 83 13 10 27 00 00 00 DC  TEL,9081,S5,3529,1072,2946,4995,10000,0
A5 54 7A 23 05 C9 0D 30 04 82 0B 83 13 10 27 00 00 00 DA  TEL,9082,S5,3529,1072,2946,4995,10000,0
A5 54 7B 23 05 AA 0D 2F 04 82 0B 83 13 10 27 00 00 00 34  TEL,9083,S5,3498,1071,2946,4995,10000,0
A5 54 7C 23 05 C9 0D 30 04 82 0B 83 13 10 27 00 00 00 D6  TEL,9084,S5,3529,1072,2946,4995,10000,0
A5 54 7D 23 05 AA 0D 2F 04 82 0B 83 13 10 27 00 00 00 38  TEL,9085,S5,3498,1071,2946,4995,10000,0
A5 54 7E 23 05 C9 0D 30 04 82 0B 83 13 10 27 00 00 00 D2  TEL,9086,S5,3529,1072,2946,4995,10000,0
A5 54 7F 23 05 C9 0D 31 04 82 0B 83 13 10 27 00 00 00 CF  TEL,9087,S5,3529,1073,2946,4995,10000,0
A5 54 80 23 05 6B 0D 2D 04 82 0B 83 13 10 27 00 00 00 65  TEL,9088,S5,3435,1069,2946,4995,10000,0
A5 54 81 23 05 C9 0D 30 04 82 0B 83 13 10 27 00 00 00 2B  TEL,9089,S5,3529,1072,2946,4995,10000,0
A5 54 82 23 05 6B 0D 2D 04 82 0B 83 13 10 27 00 00 00 61  TEL,9090,S5,3435,1069,2946,4995,10000,0
A5 54 83 23 05 C9 0D 30 04 82 0B 83 13 10 27 00 00 00 2F  TEL,9091,S5,3529,1072,2946,4995,10000,0
A5 54 84 23 05 C9 0D 30 04 82 0B 83 13 10 27 00 00 00 21  TEL,9092,S5,3529,1072,2946,4995,10000,0
A5 54 85 23 05 C9 0D 30 04 82 0B 83 13 10 27 00 00 00 23  TEL,9093,S5,3529,1072,2946,4995,10000,0
A5 54 86 23 05 C9 0D 31 04 82 0B 83 13 10 27 00 00 00 3A  TEL,9094,S5,3529,1073,2946,4995,10000,0
A5 54 87 23 05 AA 0D 2F 04 82 0B 83 13 10 27 00 00 00 CB  TEL,9095,S5,3498,1071,2946,4995,10000,0
A5 54 88 23 05 C9 0D 30 04 82 0B 83 13 10 27 00 00 00 39  TEL,9096,S5,3529,1072,2946,4995,10000,0
A5 54 89 23 05 C9 0D 31 04 82 0B 83 13 10 27 00 00 00 24  TEL,9097,S5,3529,1073,2946,4995,10000,0
A5 54 8A 23 05 AA 0D 2F 04 82 0B 83 13 10 27 00 00 00 D1  TEL,9098,S5,3498,1071,2946,4995,10000,0
A5 54 8B 23 05 AA 0D 2F 04 82 0B 83 13 10 27 00 00 00 D3  TEL,9099,S5,3498,1071,2946,4995,10000,0
A5 54 8C 23 05 C9 0D 31 04 82 0B 83 13 10 27 00 00 00 2E  TEL,9100,S5,3529,1073,2946,4995,10000,0
A5 54 8D 23 05 C9 0D 30 04 82 0B 83 13 10 27 00 00 00 33  TEL,9101,S5,3529,1072,2946,4995,10000,0
A5 54 8E 23 05 C9 0D 31 04 82 0B 83 13 10 27 00 00 00 2A  TEL,9102,S5,3529,1073,2946,4995,10000,0
A5 54 8F 23 05 C9 0D 30 04 82 0B 83 13 10 27 00 00 00 37  TEL,9103,S5,3529,1072,2946,4995,10000,0
A5 54 90 23 05 AA 0D 2F 04 82 0B 83 13 10 27 00 00 00 E5  TEL,9104,S5,3498,1071,2946,4995,10000,0
A5 54 91 23 05 C9 0D 31 04 82 0B 83 13 10 27 00 00 00 14  TEL,9105,S5,3529,1073,2946,4995,10000,0
A5 54 92 23 05 AA 0D 2F 04 82 0B 83 13 10 27 00 00 00 E1  TEL,9106,S5,3498,1071,2946,4995,10000,0
A5 54 93 23 05 C9 0D 30 04 82 0B 83 13 10 27 00 00 00 0F  TEL,9107,S5,3529,1072,2946,4995,10000,0
A5 54 94 23 05 C9 0D 30 04 82 0B 83 13 10 27 00 00 00 01  TEL,9108,S5,3529,1072,2946,4995,10000,0
A5 54 95 23 05 C9 0D 30 04 82 0B 83 13 10 27 00 00 00 03  TEL,9109,S5,3529,1072,2946,4995,10000,0
A5 54 96 23 05 AA 0D 2F 04 82 0B 83 13 10 27 00 00 00 E9  TEL,9110,S5,3498,1071,2946,4995,10000,0
A5 54 97 23 05 AA 0D 2F 04 82 0B 83 13 10 27 00 00 00 EB  TEL,9111,S5,3498,1071,2946,4995,10000,0
A5 54 98 23 05 AA 0D 2F 04 82 0B 83 13 10 27 00 00 00 F5  TEL,9112,S5,3498,1071,2946,4995,10000,0
A5 54 99 23 05 AA 0D 2F 04 82 0B 83 13 10 27 00 00 00 F7  TEL,9113,S5,3498,1071,2946,4995,10000,0
A5 54 9A 23 05 AA 0D 2F 04 82 0B 83 13 10 27 00 00 00 F1  TEL,9114,S5,3498,1071,2946,4995,10000,0
A5 54 9B 23 05 C9 0D 30 04 82 0B 83 13 10 27 00 00 00 1F  TEL,9115,S5,3529,1072,2946,4995,10000,0
A5 54 9C 23 05 C9 0D 31 04 82 0B 83 13 10 27 00 00 00 0E  TEL,9116,S5,3529,1073,2946,4995,10000,0
A5 54 9D 23 05 4C 0D 2C 04 82 0B 83 13 10 27 00 00 00 5B  TEL,9117,S5,3404,1068,2946,4995,10000,0
A5 54 9E 23 05 C9 0D 30 04 82 0B 83 13 10 27 00 00 00 15  TEL,9118,S5,3529,1072,2946,4995,10000,0
A5 54 9F 23 05 C9 0D 30 04 82 0B 83 13 10 27 00 00 00 17  TEL,9119,S5,3529,1072,2946,4995,10000,0
A5 54 A0 23 05 C9 0D 30 04 82 0B 83 13 10 27 00 00 00 69  TEL,9120,S5,3529,1072,2946,4995,10000,0
A5 54 A1 23 05 AA 0D 2F 04 82 0B 83 13 10 27 00 00 00 87  TEL,9121,S5,3498,1071,2946,4995,10000,0
A5 54 A2 23 05 C9 0D 30 04 82 0B 83 13 10 27 00 00 00 6D  TEL,9122,S5,3529,1072,2946,4995,10000,0
A5 54 A3 23 05 C9 0D 30 04 82 0B 83 13 10 27 00 00 00 6F  TEL,9123,S5,3529,1072,2946,4995,10000,0
A5 54 A4 23 05 AA 0D 2F 04 82 0B 83 13 10 27 00 00 00 8D  TEL,9124,S5,3498,1071,2946,4995,10000,0
A5 54 A5 23 05 8A 0D 2E 04 82 0B 83 13 10 27 00 00 00 6E  TEL,9125,S5,3466,1070,2946,4995,10000,0
A5 54 A6 23 05 26 0E 34 04 82 0B 83 13 10 27 00 00 00 53  TEL,9126,S5,3622,1076,2946,4995,10000,0
A5 54 A7 23 05 C9 0D 31 04 82 0B 83 13 10 27 00 00 00 78  TEL,9127,S5,3529,1073,2946,4995,10000,0
A5 54 A8 23 05 AA 0D 2F 04 82 0B 83 13 10 27 00 00 00 95  TEL,9128,S5,3498,1071,2946,4995,10000,0
A5 54 A9 23 05 C9 0D 30 04 82 0B 83 13 10 27 00 00 00 7B  TEL,9129,S5,3529,1072,2946,4995,10000,0
A5 54 AA 23 05 C9 0D 31 04 82 0B 83 13 10 27 00 00 00 62  TEL,9130,S5,3529,1073,2946,4995,10000,0
A5 54 AB 23 05 C9 0D 30 04 82 0B 83 13 10 27 00 00 00 7F  TEL,9131,S5,3529,1072,2946,4995,10000,0
A5 54 AC 23 05 C9 0D 30 04 82 0B 83 13 10 27 00 00 00 71  TEL,9132,S5,3529,1072,2946,4995,10000,0
A5 54 AD 23 05 4C 0D 2C 04 82 0B 83 13 10 27 00 00 00 3B  TEL,9133,S5,3404,1068,2946,4995,10000,0
A5 54 AE 23 05 C9 0D 31 04 82 0B 83 13 10 27 00 00 00 6A  TEL,9134,S5,3529,1073,2946,4995,10000,0
A5 54 AF 23 05 C9 0D 30 04 82 0B 83 13 10 27 00 00 00 77  TEL,9135,S5,3529,1072,2946,4995,10000,0
A5 54 B0 23 05 AA 0D 2F 04 82 0B 83 13 10 27 00 00 00 A5  TEL,9136,S5,3498,1071,2946,4995,10000,0
A5 54 B1 23 05 AA 0D 2F 04 82 0B 83 13 10 27 00 00 00 A7  TEL,9137,S5,3498,1071,2946,4995,10000,0
A5 54 B2 23 05 C9 0D 31 04 82 0B 83 13 10 27 00 00 00 52  TEL,9138,S5,3529,1073,2946,4995,10000,0
A5 54 B3 23 05 C9 0D 31 04 82 0B 83 13 10 27 00 00 00 50  TEL,9139,S5,3529,1073,2946,4995,10000,0
A5 54 B4 23 05 AA 0D 2F 04 82 0B 83 13 10 27 00 00 00 AD  TEL,9140,S5,3498,1071,2946,4995,10000,0
A5 54 B5 23 05 C9 0D 30 04 82 0B 83 13 10 27 00 00 00 43  TEL,9141,S5,3529,1072,2946,4995,10000,0
A5 54 B6 23 05 C9 0D 30 04 82 0B 83 13 10 27 00 00 00 45  TEL,9142,S5,3529,1072,2946,4995,10000,0
A5 54 B7 23 05 6B 0D 2D 04 82 0B 83 13 10 27 00 00 00 0B  TEL,9143,S5,3435,1069,2946,4995,10000,0
A5 54 B8 23 05 C9 0D 31 04 82 0B 83 13 10 27 00 00 00 46  TEL,9144,S5,3529,1073,2946,4995,10000,0
A5 54 B9 23 05 6B 0D 2D 04 82 0B 83 13 10 27 00 00 00 17  TEL,9145,S5,3435,1069,2946,4995,10000,0
A5 54 BA 23 05 6B 0D 2D 04 82 0B 83 13 10 27 00 00 00 11  TEL,9146,S5,3435,1069,2946,4995,10000,0
A5 54 BB 23 05 C9 0D 30 04 82 0B 83 13 10 27 00 00 00 5F  TEL,9147,S5,3529,1072,2946,4995,10000,0
A5 54 BC 23 05 C9 0D 31 04 82 0B 83 13 10 27 00 00 00 4E  TEL,9148,S5,3529,1073,2946,4995,10000,0
A5 54 BD 23 05 6B 0D 2D 04 82 0B 83 13 10 27 00 00 00 1F  TEL,9149,S5,3435,1069,2946,4995,10000,0
A5 54 BE 23 05 C9 0D 31 04 82 0B 83 13 10 27 00 00 00 4A  TEL,9150,S5,3529,1073,2946,4995,10000,0
A5 54 BF 23 05 26 0E 34 04 82 0B 83 13 10 27 00 00 00 61  TEL,9151,S5,3622,1076,2946,4995,10000,0
A5 54 C0 23 05 C9 0D 31 04 82 0B 83 13 10 27 00 00 00 B6  TEL,9152,S5,3529,1073,2946,4995,10000,0
A5 54 C1 23 05 C9 0D 30 04 82 0B 83 13 10 27 00 00 00 AB  TEL,9153,S5,3529,1072,2946,4995,10000,0
A5 54 C2 23 05 C9 0D 30 04 82 0B 83 13 10 27 00 00 00 AD  TEL,9154,S5,3529,1072,2946,4995,10000,0
A5 54 C3 23 05 C9 0D 31 04 82 0B 83 13 10 27 00 00 00 B0  TEL,9155,S5,3529,1073,2946,4995,10000,0
A5 54 C4 23 05 C9 0D 30 04 82 0B 83 13 10 27 00 00 00 A1  TEL,9156,S5,3529,1072,2946,4995,10000,0
A5 54 C5 23 05 AA 0D 2F 04 82 0B 83 13 10 27 00 00 00 4F  TEL,9157,S5,3498,1071,2946,4995,10000,0
A5 54 C6 23 05 AA 0D 2F 04 82 0B 83 13 10 27 00 00 00 49  TEL,9158,S5,3498,1071,2946,4995,10000,0
A5 54 C7 23 05 AA 0D 2F 04 82 0B 83 13 10 27 00 00 00 4B  TEL,9159,S5,3498,1071,2946,4995,10000,0
A5 54 C8 23 05 C9 0D 30 04 82 0B 83 13 10 27 00 00 00 B9  TEL,9160,S5,3529,1072,2946,4995,10000,0
A5 54 C9 23 05 C9 0D 30 04 82 0B 83 13 10 27 00 00 00 BB  TEL,9161,S5,3529,1072,2946,4995,10000,0
A5 54 CA 23 05 C9 0D 30 04 82 0B 83 13 10 27 00 00 00 BD  TEL,9162,S5,3529,1072,2946,4995,10000,0
A5 54 CB 23 05 C9 0D 30 04 82 0B 83 13 10 27 00 00 00 BF  TEL,9163,S5,3529,1072,2946,4995,10000,0
A5 54 CC 23 05 AA 0D 2F 04 82 0B 83 13 10 27 00 00 00 5D  TEL,9164,S5,3498,1071,2946,4995,10000,0
A5 54 CD 23 05 C9 0D 30 04 82 0B 83 13 10 27 00 00 00 B3  TEL,9165,S5,3529,1072,2946,4995,10000,0
A5 54 CE 23 05 C9 0D 30 04 82 0B 83 13 10 27 00 00 00 B5  TEL,9166,S5,3529,1072,2946,4995,10000,0
A5 54 CF 23 05 2D 0D 2B 04 82 0B 83 13 10 27 00 00 00 33  TEL,9167,S5,3373,1067,2946,4995,10000,0
A5 54 D0 23 05 6B 0D 2D 04 82 0B 83 13 10 27 00 00 00 C5  TEL,9168,S5,3435,1069,2946,4995,10000,0
A5 54 D1 23 05 2D 0D 2B 04 82 0B 83 13 10 27 00 00 00 0F  TEL,9169,S5,3373,1067,2946,4995,10000,0
A5 54 D2 23 05 6B 0D 2D 04 82 0B 83 13 10 27 00 00 00 C1  TEL,9170,S5,3435,1069,2946,4995,10000,0
A5 54 D3 23 05 C9 0D 30 04 82 0B 83 13 10 27 00 00 00 8F  TEL,9171,S5,3529,1072,2946,4995,10000,0
A5 54 D4 23 05 AA 0D 2F 04 82 0B 83 13 10 27 00 00 00 6D  TEL,9172,S5,3498,1071,2946,4995,10000,0
A5 54 D5 23 05 AA 0D 2F 04 82 0B 83 13 10 27 00 00 00 6F  TEL,9173,S5,3498,1071,2946,4995,10000,0
A5 54 D6 23 05 C9 0D 31 04 82 0B 83 13 10 27 00 00 00 9A  TEL,9174,S5,3529,1073,2946,4995,10000,0
A5 54 D7 23 05 C9 0D 31 04 82 0B 83 13 10 27 00 00 00 98  TEL,9175,S5,3529,1073,2946,4995,10000,0
A5 54 D8 23 05 C9 0D 30 04 82 0B 83 13 10 27 00 00 00 99  TEL,9176,S5,3529,1072,2946,4995,10000,0
A5 54 D9 23 05 C9 0D 31 04 82 0B 83 13 10 27 00 00 00 84  TEL,9177,S5,3529,1073,2946,4995,10000,0
A5 54 DA 23 05 8A 0D 2E 04 82 0B 83 13 10 27 00 00 00 90  TEL,9178,S5,3466,1070,2946,4995,10000,0
A5 54 DB 23 05 C9 0D 30 04 82 0B 83 13 10 27 00 00 00 9F  TEL,9179,S5,3529,1072,2946,4995,10000,0
A5 54 DC 23 05 C9 0D 30 04 82 0B 83 13 10 27 00 00 00 91  TEL,9180,S5,3529,1072,2946,4995,10000,0
A5 54 DD 23 05 AA 0D 2F 04 82 0B 83 13 10 27 00 00 00 7F  TEL,9181,S5,3498,1071,2946,4995,10000,0
A5 54 DE 23 05 C9 0D 30 04 82 0B 83 13 10 27 00 00 00 95  TEL,9182,S5,3529,1072,2946,4995,10000,0
A5 54 DF 23 05 C9 0D 31 04 82 0B 83 13 10 27 00 00 00 88  TEL,9183,S5,3529,1073,2946,4995,10000,0
A5 54 E0 23 05 C9 0D 31 04 82 0B 83 13 10 27 00 00 00 F6  TEL,9184,S5,3529,1073,2946,4995,10000,0
A5 54 E1 23 05 C9 0D 30 04 82 0B 83 13 10 27 00 00 00 EB  TEL,9185,S5,3529,1072,2946,4995,10000,0
A5 54 E2 23 05 AA 0D 2F 04 82 0B 83 13 10 27 00 00 00 01  TEL,9186,S5,3498,1071,2946,4995,10000,0
A5 54 E3 23 05 6B 0D 2D 04 82 0B 83 13 10 27 00 00 00 A3  TEL,9187,S5,3435,1069,2946,4995,10000,0
A5 54 E4 23 05 C9 0D 31 04 82 0B 83 13 10 27 00 00 00 FE  TEL,9188,S5,3529,1073,2946,4995,10000,0
A5 54 E5 23 05 C9 0D 31 04 82 0B 83 13 10 27 00 00 00 FC  TEL,9189,S5,3529,1073,2946,4995,10000,0
A5 54 E6 23 05 C9 0D 30 04 82 0B 83 13 10 27 00 00 00 E5  TEL,9190,S5,3529,1072,2946,4995,10000,0
A5 54 E7 23 05 C9 0D 30 04 82 0B 83 13 10 27 00 00 00 E7  TEL,9191,S5,3529,1072,2946,4995,10000,0
A5 54 E8 23 05 AA 0D 2F 04 82 0B 83 13 10 27 00 00 00 15  TEL,9192,S5,3498,1071,2946,4995,10000,0
A5 54 E9 23 05 C9 0D 31 04 82 0B 83 13 10 27 00 00 00 E4  TEL,9193,S5,3529,1073,2946,4995,10000,0
A5 54 EA 23 05 C9 0D 31 04 82 0B 83 13 10 27 00 00 00 E2  TEL,9194,S5,3529,1073,2946,4995,10000,0
A5 54 EB 23 05 C9 0D 30 04 82 0B 83 13 10 27 00 00 00 FF  TEL,9195,S5,3529,1072,2946,4995,10000,0
A5 54 EC 23 05 C9 0D 30 04 82 0B 83 13 10 27 00 00 00 F1  TEL,9196,S5,3529,1072,2946,4995,10000,0
A5 54 ED 23 05 C9 0D 30 04 82 0B 83 13 10 27 00 00 00 F3  TEL,9197,S5,3529,1072,2946,4995,10000,0
A5 54 EE 23 05 C9 0D 31 04 82 0B 83 13 10 27 00 00 00 EA  TEL,9198,S5,3529,1073,2946,4995,10000,0
A5 54 EF 23 05 C9 0D 30 04 82 0B 83 13 10 27 00 00 00 F7  TEL,9199,S5,3529,1072,2946,4995,10000,0
A5 54 F0 23 05 C9 0D 30 04 82 0B 83 13 10 27 00 00 00 C9  TEL,9200,S5,3529,1072,2946,4995,10000,0
A5 54 F1 23 05 C9 0D 31 04 82 0B 83 13 10 27 00 00 00 D4  TEL,9201,S5,3529,1073,2946,4995,10000,0
A5 54 F2 23 05 C9 0D 30 04 82 0B 83 13 10 27 00 00 00 CD  TEL,9202,S5,3529,1072,2946,4995,10000,0
A5 54 F3 23 05 C9 0D 31 04 82 0B 83 13 10 27 00 00 00 D0  TEL,9203,S5,3529,1073,2946,4995,10000,0
A5 54 F4 23 05 C9 0D 31 04 82 0B 83 13 10 27 00 00 00 DE  TEL,9204,S5,3529,1073,2946,4995,10000,0
A5 54 F5 23 05 AA 0D 2F 04 82 0B 83 13 10 27 00 00 00 2F  TEL,9205,S5,3498,1071,2946,4995,10000,0
A5 54 F6 23 05 C9 0D 30 04 82 0B 83 13 10 27 00 00 00 C5  TEL,9206,S5,3529,1072,2946,4995,10000,0
A5 54 F7 23 05 C9 0D 30 04 82 0B 83 13 10 27 00 00 00 C7  TEL,9207,S5,3529,1072,2946,4995,10000,0
A5 54 F8 23 05 C9 0D 31 04 82 0B 83 13 10 27 00 00 00 C6  TEL,9208,S5,3529,1073,2946,4995,10000,0
A5 54 F9 23 05 C9 0D 30 04 82 0B 83 13 10 27 00 00 00 DB  TEL,9209,S5,3529,1072,2946,4995,10000,0
A5 54 FA 23 05 C9 0D 30 04 82 0B 83 13 10 27 00 00 00 DD  TEL,9210,S5,3529,1072,2946,4995,10000,0
A5 54 FB 23 05 C9 0D 30 04 82 0B 83 13 10 27 00 00 00 DF  TEL,9211,S5,3529,1072,2946,4995,10000,0
A5 54 FC 23 05 C9 0D 31 04 82 0B 83 13 10 27 00 00 00 CE  TEL,9212,S5,3529,1073,2946,4995,10000,0
A5 54 FD 23 05 6B 0D 2D 04 82 0B 83 13 10 27 00 00 00 9F  TEL,9213,S5,3435,1069,2946,4995,10000,0
A5 54 FE 23 05 C9 0D 30 04 82 0B 83 13 10 27 00 00 00 D5  TEL,9214,S5,3529,1072,2946,4995,10000,0
A5 54 FF 23 05 C9 0D 31 04 82 0B 83 13 10 27 00 00 00 C8  TEL,9215,S5,3529,1073,2946,4995,10000,0
A5 54 00 24 05 C9 0D 30 04 82 0B 83 13 10 27 00 00 00 2C  TEL,9216,S5,3529,1072,2946,4995,10000,0
A5 54 01 24 05 C9 0D 31 04 82 0B 83 13 10 27 00 00 00 31  TEL,9217,S5,3529,1073,2946,4995,10000,0
A5 54 02 24 05 C9 0D 30 04 82 0B 83 13 10 27 00 00 00 28  TEL,9218,S5,3529,1072,2946,4995,10000,0
A5 54 03 24 05 C9 0D 31 04 82 0B 83 13 10 27 00 00 00 35  TEL,9219,S5,3529,1073,2946,4995,10000,0
A5 54 04 24 05 C9 0D 30 04 82 0B 83 13 10 27 00 00 00 24  TEL,9220,S5,3529,1072,2946,4995,10000,0
A5 54 05 24 05 C9 0D 30 04 82 0B 83 13 10 27 00 00 00 26  TEL,9221,S5,3529,1072,2946,4995,10000,0
A5 54 06 24 05 C9 0D 30 04 82 0B 83 13 10 27 00 00 00 20  TEL,9222,S5,3529,1072,2946,4995,10000,0
A5 54 07 24 05 C9 0D 30 04 82 0B 83 13 10 27 00 00 00 22  TEL,9223,S5,3529,1072,2946,4995,10000,0
A5 54 08 24 05 C9 0D 30 04 82 0B 83 13 10 27 00 00 00 3C  TEL,9224,S5,3529,1072,2946,4995,10000,0
A5 54 09 24 05 C9 0D 30 04 82 0B 83 13 10 27 00 00 00 3E  TEL,9225,S5,3529,1072,2946,4995,10000,0
A5 54 0A 24 05 EF 0C 29 04 82 0B 83 13 10 27 00 00 00 FA  TEL,9226,S5,3311,1065,2946,4995,10000,0
A5 54 0B 24 05 C9 0D 30 04 82 0B 83 13 10 27 00 00 00 3A  TEL,9227,S5,3529,1072,2946,4995,10000,0
A5 54 0C 24 05 C9 0D 30 04 82 0B 83 13 10 27 00 00 00 34  TEL,9228,S5,3529,1072,2946,4995,10000,0
A5 54 0D 24 05 C9 0D 30 04 82 0B 83 13 10 27 00 00 00 36  TEL,9229,S5,3529,1072,2946,4995,10000,0
A5 54 0E 24 05 C9 0D 30 04 82 0B 83 13 10 27 00 00 00 30  TEL,9230,S5,3529,1072,2946,4995,10000,0
A5 54 0F 24 05 C9 0D 30 04 82 0B 83 13 10 27 00 00 00 32  TEL,9231,S5,3529,1072,2946,4995,10000,0
A5 54 10 24 05 C9 0D 30 04 82 0B 83 13 10 27 00 00 00 0C  TEL,9232,S5,3529,1072,2946,4995,10000,0
A5 54 11 24 05 C9 0D 31 04 82 0B 83 13 10 27 00 00 00 11  TEL,9233,S5,3529,1073,2946,4995,10000,0
A5 54 12 24 05 C9 0D 31 04 82 0B 83 13 10 27 00 00 00 17  TEL,9234,S5,3529,1073,2946,4995,10000,0
A5 54 13 24 05 07 0E 33 04 82 0B 83 13 10 27 00 00 00 0B  TEL,9235,S5,3591,1075,2946,4995,10000,0
A5 54 14 24 05 C9 0D 30 04 82 0B 83 13 10 27 00 00 00 04  TEL,9236,S5,3529,1072,2946,4995,10000,0
A5 54 15 24 05 C9 0D 30 04 82 0B 83 13 10 27 00 00 00 06  TEL,9237,S5,3529,1072,2946,4995,10000,0
A5 54 16 24 05 C9 0D 30 04 82 0B 83 13 10 27 00 00 00 00  TEL,9238,S5,3529,1072,2946,4995,10000,0
A5 54 17 24 05 C9 0D 31 04 82 0B 83 13 10 27 00 00 00 1D  TEL,9239,S5,3529,1073,2946,4995,10000,0
A5 54 18 24 05 AA 0D 2F 04 82 0B 83 13 10 27 00 00 00 F0  TEL,9240,S5,3498,1071,2946,4995,10000,0
A5 54 19 24 05 C9 0D 30 04 82 0B 83 13 10 27 00 00 00 1E  TEL,9241,S5,3529,1072,2946,4995,10000,0
A5 54 1A 24 05 C9 0D 30 04 82 0B 83 13 10 27 00 00 00 18  TEL,9242,S5,3529,1072,2946,4995,10000,0
A5 54 1B 24 05 C9 0D 30 04 82 0B 83 13 10 27 00 00 00 1A  TEL,9243,S5,3529,1072,2946,4995,10000,0
A5 54 1C 24 05 C9 0D 31 04 82 0B 83 13 10 27 00 00 00 0B  TEL,9244,S5,3529,1073,2946,4995,10000,0
A5 54 1D 24 05 C9 0D 30 04 82 0B 83 13 10 27 00 00 00 16  TEL,9245,S5,3529,1072,2946,4995,10000,0
A5 54 1E 24 05 C9 0D 30 04 82 0B 83 13 10 27 00 00 00 10  TEL,9246,S5,3529,1072,2946,4995,10000,0
A5 54 1F 24 05 C9 0D 30 04 82 0B 83 13 10 27 00 00 00 12  TEL,9247,S5,3529,1072,2946,4995,10000,0
A5 54 20 24 05 C9 0D 31 04 82 0B 83 13 10 27 00 00 00 73  TEL,9248,S5,3529,1073,2946,4995,10000,0
A5 54 21 24 05 C9 0D 31 04 82 0B 83 13 10 27 00 00 00 71  TEL,9249,S5,3529,1073,2946,4995,10000,0
A5 54 22 24 05 6B 0D 2D 04 82 0B 83 13 10 27 00 00 00 24  TEL,9250,S5,3435,1069,2946,4995,10000,0
A5 54 23 24 05 AA 0D 2F 04 82 0B 83 13 10 27 00 00 00 86  TEL,9251,S5,3498,1071,2946,4995,10000,0
A5 54 24 24 05 C9 0D 30 04 82 0B 83 13 10 27 00 00 00 64  TEL,9252,S5,3529,1072,2946,4995,10000,0
A5 54 25 24 05 C9 0D 30 04 82 0B 83 13 10 27 00 00 00 66  TEL,9253,S5,3529,1072,2946,4995,10000,0
A5 54 26 24 05 6B 0D 2D 04 82 0B 83 13 10 27 00 00 00 2C  TEL,9254,S5,3435,1069,2946,4995,10000,0
A5 54 27 24 05 C9 0D 31 04 82 0B 83 13 10 27 00 00 00 7D  TEL,9255,S5,3529,1073,2946,4995,10000,0
A5 54 28 24 05 C9 0D 31 04 82 0B 83 13 10 27 00 00 00 63  TEL,9256,S5,3529,1073,2946,4995,10000,0
A5 54 29 24 05 26 0E 34 04 82 0B 83 13 10 27 00 00 00 48  TEL,9257,S5,3622,1076,2946,4995,10000,0
A5 54 2A 24 05 C9 0D 30 04 82 0B 83 13 10 27 00 00 00 78  TEL,9258,S5,3529,1072,2946,4995,10000,0
A5 54 2B 24 05 C9 0D 30 04 82 0B 83 13 10 27 00 00 00 7A  TEL,9259,S5,3529,1072,2946,4995,10000,0
A5 54 2C 24 05 C9 0D 31 04 82 0B 83 13 10 27 00 00 00 6B  TEL,9260,S5,3529,1073,2946,4995,10000,0
A5 54 2D 24 05 C9 0D 30 04 82 0B 83 13 10 27 00 00 00 76  TEL,9261,S5,3529,1072,2946,4995,10000,0
A5 54 2E 24 05 C9 0D 30 04 82 0B 83 13 10 27 00 00 00 70  TEL,9262,S5,3529,1072,2946,4995,10000,0
A5 54 2F 24 05 C9 0D 31 04 82 0B 83 13 10 27 00 00 00 6D  TEL,9263,S5,3529,1073,2946,4995,10000,0
A5 54 30 24 05 C9 0D 31 04 82 0B 83 13 10 27 00 00 00 53  TEL,9264,S5,3529,1073,2946,4995,10000,0
A5 54 31 24 05 C9 0D 30 04 82 0B 83 13 10 27 00 00 00 4E  TEL,9265,S5,3529,1072,2946,4995,10000,0
A5 54 32 24 05 C9 0D 31 04 82 0B 83 13 10 27 00 00 00 57  TEL,9266,S5,3529,1073,2946,4995,10000,0
A5 54 33 24 05 AA 0D 2F 04 82 0B 83 13 10 27 00 00 00 A6  TEL,9267,S5,3498,1071,2946,4995,10000,0
A5 54 34 24 05 C9 0D 30 04 82 0B 83 13 10 27 00 00 00 44  TEL,9268,S5,3529,1072,2946,4995,10000,0
A5 54 35 24 05 C9 0D 30 04 82 0B 83 13 10 27 00 00 00 46  TEL,9269,S5,3529,1072,2946,4995,10000,0
A5 54 36 24 05 C9 0D 30 04 82 0B 83 13 10 27 00 00 00 40  TEL,9270,S5,3529,1072,2946,4995,10000,0
A5 54 37 24 05 AA 0D 2F 04 82 0B 83 13 10 27 00 00 00 AE  TEL,9271,S5,3498,1071,2946,4995,10000,0
A5 54 38 24 05 AA 0D 2F 04 82 0B 83 13 10 27 00 00 00 B0  TEL,9272,S5,3498,1071,2946,4995,10000,0
A5 54 39 24 05 C9 0D 31 04 82 0B 83 13 10 27 00 00 00 41  TEL,9273,S5,3529,1073,2946,4995,10000,0
A5 54 3A 24 05 C9 0D 30 04 82 0B 83 13 10 27 00 00 00 58  TEL,9274,S5,3529,1072,2946,4995,10000,0
A5 54 3B 24 05 C9 0D 30 04 82 0B 83 13 10 27 00 00 00 5A  TEL,9275,S5,3529,1072,2946,4995,10000,0
A5 54 3C 24 05 C9 0D 30 04 82 0B 83 13 10 27 00 00 00 54  TEL,9276,S5,3529,1072,2946,4995,10000,0
A5 54 3D 24 05 C9 0D 31 04 82 0B 83 13 10 27 00 00 00 49  TEL,9277,S5,3529,1073,2946,4995,10000,0
A5 54 3E 24 05 C9 0D 31 04 82 0B 83 13 10 27 00 00 00 4F  TEL,9278,S5,3529,1073,2946,4995,10000,0
A5 54 3F 24 05 C9 0D 30 04 82 0B 83 13 10 27 00 00 00 52  TEL,9279,S5,3529,1072,2946,4995,10000,0
A5 54 40 24 05 AA 0D 2F 04 82 0B 83 13 10 27 00 00 00 40  TEL,9280,S5,3498,1071,2946,4995,10000,0
A5 54 41 24 05 C9 0D 31 04 82 0B 83 13 10 27 00 00 00 B1  TEL,9281,S5,3529,1073,2946,4995,10000,0
A5 54 42 24 05 C9 0D 30 04 82 0B 83 13 10 27 00 00 00 A8  TEL,9282,S5,3529,1072,2946,4995,10000,0
A5 54 43 24 05 C9 0D 30 04 82 0B 83 13 10 27 00 00 00 AA  TEL,9283,S5,3529,1072,2946,4995,10000,0
A5 54 44 24 05 C9 0D 31 04 82 0B 83 13 10 27 00 00 00 BB  TEL,9284,S5,3529,1073,2946,4995,10000,0
A5 54 45 24 05 AA 0D 2F 04 82 0B 83 13 10 27 00 00 00 4A  TEL,9285,S5,3498,1071,2946,4995,10000,0
A5 54 46 24 05 C9 0D 31 04 82 0B 83 13 10 27 00 00 00 BF  TEL,9286,S5,3529,1073,2946,4995,10000,0
A5 54 47 24 05 C9 0D 31 04 82 0B 83 13 10 27 00 00 00 BD  TEL,9287,S5,3529,1073,2946,4995,10000,0
A5 54 48 24 05 C9 0D 31 04 82 0B 83 13 10 27 00 00 00 A3  TEL,9288,S5,3529,1073,2946,4995,10000,0
A5 54 49 24 05 C9 0D 31 04 82 0B 83 13 10 27 00 00 00 A1  TEL,9289,S5,3529,1073,2946,4995,10000,0
A5 54 4A 24 05 C9 0D 30 04 82 0B 83 13 10 27 00 00 00 B8  TEL,9290,S5,3529,1072,2946,4995,10000,0
A5 54 4B 24 05 C9 0D 30 04 82 0B 83 13 10 27 00 00 00 BA  TEL,9291,S5,3529,1072,2946,4995,10000,0
A5 54 4C 24 05 C9 0D 30 04 82 0B 83 13 10 27 00 00 00 B4  TEL,9292,S5,3529,1072,2946,4995,10000,0
A5 54 4D 24 05 2D 0D 2B 04 82 0B 83 13 10 27 00 00 00 32  TEL,9293,S5,3373,1067,2946,4995,10000,0
A5 54 4E 24 05 6B 0D 2D 04 82 0B 83 13 10 27 00 00 00 FC  TEL,9294,S5,3435,1069,2946,4995,10000,0
A5 54 4F 24 05 C9 0D 30 04 82 0B 83 13 10 27 00 00 00 B2  TEL,9295,S5,3529,1072,2946,4995,10000,0
A5 54 50 24 05 C9 0D 30 04 82 0B 83 13 10 27 00 00 00 8C  TEL,9296,S5,3529,1072,2946,4995,10000,0
A5 54 51 24 05 C9 0D 30 04 82 0B 83 13 10 27 00 00 00 8E  TEL,9297,S5,3529,1072,2946,4995,10000,0
A5 54 52 24 05 AA 0D 2F 04 82 0B 83 13 10 27 00 00 00 64  TEL,9298,S5,3498,1071,2946,4995,10000,0
A5 54 53 24 05 C9 0D 30 04 82 0B 83 13 10 27 00 00 00 8A  TEL,9299,S5,3529,1072,2946,4995,10000,0
A5 54 54 24 05 C9 0D 31 04 82 0B 83 13 10 27 00 00 00 9B  TEL,9300,S5,3529,1073,2946,4995,10000,0
A5 54 55 24 05 C9 0D 30 04 82 0B 83 13 10 27 00 00 00 86  TEL,9301,S5,3529,1072,2946,4995,10000,0
A5 54 56 24 05 C9 0D 30 04 82 0B 83 13 10 27 00 00 00 80  TEL,9302,S5,3529,1072,2946,4995,10000,0
A5 54 57 24 05 C9 0D 31 04 82 0B 83 13 10 27 00 00 00 9D  TEL,9303,S5,3529,1073,2946,4995,10000,0
A5 54 58 24 05 AA 0D 2F 04 82 0B 83 13 10 27 00 00 00 70  TEL,9304,S5,3498,1071,2946,4995,10000,0
A5 54 59 24 05 C9 0D 31 04 82 0B 83 13 10 27 00 00 00 81  TEL,9305,S5,3529,1073,2946,4995,10000,0
A5 54 5A 24 05 C9 0D 30 04 82 0B 83 13 10 27 00 00 00 98  TEL,9306,S5,3529,1072,2946,4995,10000,0
A5 54 5B 24 05 AA 0D 2F 04 82 0B 83 13 10 27 00 00 00 76  TEL,9307,S5,3498,1071,2946,4995,10000,0
A5 54 5C 24 05 C9 0D 30 04 82 0B 83 13 10 27 00 00 00 94  TEL,9308,S5,3529,1072,2946,4995,10000,0
A5 54 5D 24 05 6B 0D 2D 04 82 0B 83 13 10 27 00 00 00 DA  TEL,9309,S5,3435,1069,2946,4995,10000,0
A5 54 5E 24 05 C9 0D 30 04 82 0B 83 13 10 27 00 00 00 90  TEL,9310,S5,3529,1072,2946,4995,10000,0
A5 54 5F 24 05 AA 0D 2F 04 82 0B 83 13 10 27 00 00 00 7E  TEL,9311,S5,3498,1071,2946,4995,10000,0
A5 54 60 24 05 C9 0D 31 04 82 0B 83 13 10 27 00 00 00 F3  TEL,9312,S5,3529,1073,2946,4995,10000,0
A5 54 61 24 05 C9 0D 31 04 82 0B 83 13 10 27 00 00 00 F1  TEL,9313,S5,3529,1073,2946,4995,10000,0
A5 54 62 24 05 C9 0D 31 04 82 0B 83 13 10 27 00 00 00 F7  TEL,9314,S5,3529,1073,2946,4995,10000,0
A5 54 63 24 05 C9 0D 31 04 82 0B 83 13 10 27 00 00 00 F5  TEL,9315,S5,3529,1073,2946,4995,10000,0
A5 54 64 24 05 C9 0D 30 04 82 0B 83 13 10 27 00 00 00 E4  TEL,9316,S5,3529,1072,2946,4995,10000,0
A5 54 65 24 05 C9 0D 31 04 82 0B 83 13 10 27 00 00 00 F9  TEL,9317,S5,3529,1073,2946,4995,10000,0
A5 54 66 24 05 6B 0D 2D 04 82 0B 83 13 10 27 00 00 00 AC  TEL,9318,S5,3435,1069,2946,4995,10000,0
A5 54 67 24 05 C9 0D 30 04 82 0B 83 13 10 27 00 00 00 E2  TEL,9319,S5,3529,1072,2946,4995,10000,0
A5 54 68 24 05 07 0E 33 04 82 0B 83 13 10 27 00 00 00 FD  TEL,9320,S5,3591,1075,2946,4995,10000,0
A5 54 69 24 05 AA 0D 2F 04 82 0B 83 13 10 27 00 00 00 12  TEL,9321,S5,3498,1071,2946,4995,10000,0
A5 54 6A 24 05 C9 0D 30 04 82 0B 83 13 10 27 00 00 00 F8  TEL,9322,S5,3529,1072,2946,4995,10000,0
A5 54 6B 24 05 AA 0D 2F 04 82 0B 83 13 10 27 00 00 00 16  TEL,9323,S5,3498,1071,2946,4995,10000,0
A5 54 6C 24 05 C9 0D 31 04 82 0B 83 13 10 27 00 00 00 EB  TEL,9324,S5,3529,1073,2946,4995,10000,0
A5 54 6D 24 05 C9 0D 31 04 82 0B 83 13 10 27 00 00 00 E9  TEL,9325,S5,3529,1073,2946,4995,10000,0
A5 54 6E 24 05 C9 0D 30 04 82 0B 83 13 10 27 00 00 00 F0  TEL,9326,S5,3529,1072,2946,4995,10000,0
A5 54 6F 24 05 AA 0D 2F 04 82 0B 83 13 10 27 00 00 00 1E  TEL,9327,S5,3498,1071,2946,4995,10000,0
A5 54 70 24 05 C9 0D 30 04 82 0B 83 13 10 27 00 00 00 CC  TEL,9328,S5,3529,1072,2946,4995,10000,0
A5 54 71 24 05 AA 0D 2F 04 82 0B 83 13 10 27 00 00 00 22  TEL,9329,S5,3498,1071,2946,4995,10000,0
A5 54 72 24 05 C9 0D 30 04 82 0B 83 13 10 27 00 00 00 C8  TEL,9330,S5,3529,1072,2946,4995,10000,0
A5 54 73 24 05 C9 0D 31 04 82 0B 83 13 10 27 00 00 00 D5  TEL,9331,S5,3529,1073,2946,4995,10000,0
A5 54 74 24 05 C9 0D 30 04 82 0B 83 13 10 27 00 00 00 C4  TEL,9332,S5,3529,1072,2946,4995,10000,0
A5 54 75 24 05 07 0E 33 04 82 0B 83 13 10 27 00 00 00 C7  TEL,9333,S5,3591,1075,2946,4995,10000,0
A5 54 76 24 05 C9 0D 30 04 82 0B 83 13 10 27 00 00 00 C0  TEL,9334,S5,3529,1072,2946,4995,10000,0
A5 54 77 24 05 C9 0D 30 04 82 0B 83 13 10 27 00 00 00 C2  TEL,9335,S5,3529,1072,2946,4995,10000,0
A5 54 78 24 05 C9 0D 31 04 82 0B 83 13 10 27 00 00 00 C3  TEL,9336,S5,3529,1073,2946,4995,10000,0
A5 54 79 24 05 C9 0D 31 04 82 0B 83 13 10 27 00 00 00 C1  TEL,9337,S5,3529,1073,2946,4995,10000,0
A5 54 7A 24 05 6B 0D 2D 04 82 0B 83 13 10 27 00 00 00 94  TEL,9338,S5,3435,1069,2946,4995,10000,0
A5 54 7B 24 05 C9 0D 30 04 82 0B 83 13 10 27 00 00 00 DA  TEL,9339,S5,3529,1072,2946,4995,10000,0
A5 54 7C 24 05 C9 0D 30 04 82 0B 83 13 10 27 00 00 00 D4  TEL,9340,S5,3529,1072,2946,4995,10000,0
A5 54 7D 24 05 C9 0D 31 04 82 0B 83 13 10 27 00 00 00 C9  TEL,9341,S5,3529,1073,2946,4995,10000,0
A5 54 7E 24 05 C9 0D 31 04 82 0B 83 13 10 27 00 00 00 CF  TEL,9342,S5,3529,1073,2946,4995,10000,0
A5 54 7F 24 05 6B 0D 2D 04 82 0B 83 13 10 27 00 00 00 9E  TEL,9343,S5,3435,1069,2946,4995,10000,0
A5 54 80 24 05 C9 0D 30 04 82 0B 83 13 10 27 00 00 00 2B  TEL,9344,S5,3529,1072,2946,4995,10000,0
A5 54 81 24 05 AA 0D 2F 04 82 0B 83 13 10 27 00 00 00 C5  TEL,9345,S5,3498,1071,2946,4995,10000,0
A5 54 82 24 05 C9 0D 30 04 82 0B 83 13 10 27 00 00 00 2F  TEL,9346,S5,3529,1072,2946,4995,10000,0
A5 54 83 24 05 C9 0D 30 04 82 0B 83 13 10 27 00 00 00 2D  TEL,9347,S5,3529,1072,2946,4995,10000,0
A5 54 84 24 05 C9 0D 31 04 82 0B 83 13 10 27 00 00 00 3C  TEL,9348,S5,3529,1073,2946,4995,10000,0
A5 54 85 24 05 C9 0D 31 04 82 0B 83 13 10 27 00 00 00 3E  TEL,9349,S5,3529,1073,2946,4995,10000,0
A5 54 86 24 05 C9 0D 30 04 82 0B 83 13 10 27 00 00 00 27  TEL,9350,S5,3529,1072,2946,4995,10000,0
A5 54 87 24 05 EF 0C 29 04 82 0B 83 13 10 27 00 00 00 E7  TEL,9351,S5,3311,1065,2946,4995,10000,0
A5 54 88 24 05 C9 0D 30 04 82 0B 83 13 10 27 00 00 00 3B  TEL,9352,S5,3529,1072,2946,4995,10000,0
A5 54 89 24 05 C9 0D 31 04 82 0B 83 13 10 27 00 00 00 26  TEL,9353,S5,3529,1073,2946,4995,10000,0
A5 54 8A 24 05 C9 0D 30 04 82 0B 83 13 10 27 00 00 00 3F  TEL,9354,S5,3529,1072,2946,4995,10000,0
A5 54 8B 24 05 C9 0D 31 04 82 0B 83 13 10 27 00 00 00 22  TEL,9355,S5,3529,1073,2946,4995,10000,0
A5 54 8C 24 05 26 0E 34 04 82 0B 83 13 10 27 00 00 00 05  TEL,9356,S5,3622,1076,2946,4995,10000,0
A5 54 8D 24 05 AA 0D 2F 04 82 0B 83 13 10 27 00 00 00 DD  TEL,9357,S5,3498,1071,2946,4995,10000,0
A5 54 8E 24 05 26 0E 34 04 82 0B 83 13 10 27 00 00 00 01  TEL,9358,S5,3622,1076,2946,4995,10000,0
A5 54 8F 24 05 C9 0D 31 04 82 0B 83 13 10 27 00 00 00 2A  TEL,9359,S5,3529,1073,2946,4995,10000,0
A5 54 90 24 05 C9 0D 30 04 82 0B 83 13 10 27 00 00 00 0B  TEL,9360,S5,3529,1072,2946,4995,10000,0
A5 54 91 24 05 C9 0D 31 04 82 0B 83 13 10 27 00 00 00 16  TEL,9361,S5,3529,1073,2946,4995,10000,0
A5 54 92 24 05 C9 0D 31 04 82 0B 83 13 10 27 00 00 00 10  TEL,9362,S5,3529,1073,2946,4995,10000,0
A5 54 93 24 05 C9 0D 30 04 82 0B 83 13 10 27 00 00 00 0D  TEL,9363,S5,3529,1072,2946,4995,10000,0
A5 54 94 24 05 C9 0D 30 04 82 0B 83 13 10 27 00 00 00 03  TEL,9364,S5,3529,1072,2946,4995,10000,0
A5 54 95 24 05 C9 0D 31 04 82 0B 83 13 10 27 00 00 00 1E  TEL,9365,S5,3529,1073,2946,4995,10000,0
A5 54 96 24 05 AA 0D 2F 04 82 0B 83 13 10 27 00 00 00 EB  TEL,9366,S5,3498,1071,2946,4995,10000,0
A5 54 97 24 05 C9 0D 31 04 82 0B 83 13 10 27 00 00 00 1A  TEL,9367,S5,3529,1073,2946,4995,10000,0
A5 54 98 24 05 C9 0D 31 04 82 0B 83 13 10 27 00 00 00 04  TEL,9368,S5,3529,1073,2946,4995,10000,0
A5 54 99 24 05 C9 0D 31 04 82 0B 83 13 10 27 00 00 00 06  TEL,9369,S5,3529,1073,2946,4995,10000,0
A5 54 9A 24 05 C9 0D 30 04 82 0B 83 13 10 27 00 00 00 1F  TEL,9370,S5,3529,1072,2946,4995,10000,0
A5 54 9B 24 05 C9 0D 30 04 82 0B 83 13 10 27 00 00 00 1D  TEL,9371,S5,3529,1072,2946,4995,10000,0
A5 54 9C 24 05 AA 0D 2F 04 82 0B 83 13 10 27 00 00 00 FF  TEL,9372,S5,3498,1071,2946,4995,10000,0
A5 54 9D 24 05 C9 0D 30 04 82 0B 83 13 10 27 00 00 00 11  TEL,9373,S5,3529,1072,2946,4995,10000,0
A5 54 9E 24 05 C9 0D 30 04 82 0B 83 13 10 27 00 00 00 17  TEL,9374,S5,3529,1072,2946,4995,10000,0
A5 54 9F 24 05 C9 0D 30 04 82 0B 83 13 10 27 00 00 00 15  TEL,9375,S5,3529,1072,2946,4995,10000,0
A5 54 A0 24 05 C9 0D 31 04 82 0B 83 13 10 27 00 00 00 74  TEL,9376,S5,3529,1073,2946,4995,10000,0
A5 54 A1 24 05 C9 0D 30 04 82 0B 83 13 10 27 00 00 00 69  TEL,9377,S5,3529,1072,2946,4995,10000,0
A5 54 A2 24 05 C9 0D 30 04 82 0B 83 13 10 27 00 00 00 6F  TEL,9378,S5,3529,1072,2946,4995,10000,0
A5 54 A3 24 05 C9 0D 30 04 82 0B 83 13 10 27 00 00 00 6D  TEL,9379,S5,3529,1072,2946,4995,10000,0
A5 54 A4 24 05 C9 0D 30 04 82 0B 83 13 10 27 00 00 00 63  TEL,9380,S5,3529,1072,2946,4995,10000,0
A5 54 A5 24 05 C9 0D 30 04 82 0B 83 13 10 27 00 00 00 61  TEL,9381,S5,3529,1072,2946,4995,10000,0
A5 54 A6 24 05 C9 0D 30 04 82 0B 83 13 10 27 00 00 00 67  TEL,9382,S5,3529,1072,2946,4995,10000,0
A5 54 A7 24 05 C9 0D 30 04 82 0B 83 13 10 27 00 00 00 65  TEL,9383,S5,3529,1072,2946,4995,10000,0
A5 54 A8 24 05 C9 0D 30 04 82 0B 83 13 10 27 00 00 00 7B  TEL,9384,S5,3529,1072,2946,4995,10000,0
A5 54 A9 24 05 AA 0D 2F 04 82 0B 83 13 10 27 00 00 00 95  TEL,9385,S5,3498,1071,2946,4995,10000,0
A5 54 AA 24 05 C9 0D 31 04 82 0B 83 13 10 27 00 00 00 60  TEL,9386,S5,3529,1073,2946,4995,10000,0
A5 54 AB 24 05 AA 0D 2F 04 82 0B 83 13 10 27 00 00 00 91  TEL,9387,S5,3498,1071,2946,4995,10000,0
A5 54 AC 24 05 C9 0D 31 04 82 0B 83 13 10 27 00 00 00 6C  TEL,9388,S5,3529,1073,2946,4995,10000,0
A5 54 AD 24 05 C9 0D 31 04 82 0B 83 13 10 27 00 00 00 6E  TEL,9389,S5,3529,1073,2946,4995,10000,0
A5 54 AE 24 05 C9 0D 31 04 82 0B 83 13 10 27 00 00 00 68  TEL,9390,S5,3529,1073,2946,4995,10000,0
A5 54 AF 24 05 26 0E 34 04 82 0B 83 13 10 27 00 00 00 43  TEL,9391,S5,3622,1076,2946,4995,10000,0
A5 54 B0 24 05 C9 0D 31 04 82 0B 83 13 10 27 00 00 00 54  TEL,9392,S5,3529,1073,2946,4995,10000,0
A5 54 B1 24 05 C9 0D 31 04 82 0B 83 13 10 27 00 00 00 56  TEL,9393,S5,3529,1073,2946,4995,10000,0
A5 54 B2 24 05 C9 0D 31 04 82 0B 83 13 10 27 00 00 00 50  TEL,9394,S5,3529,1073,2946,4995,10000,0
A5 54 B3 24 05 07 0E 33 04 82 0B 83 13 10 27 00 00 00 4C  TEL,9395,S5,3591,1075,2946,4995,10000,0
A5 54 B4 24 05 C9 0D 31 04 82 0B 83 13 10 27 00 00 00 5C  TEL,9396,S5,3529,1073,2946,4995,10000,0
A5 54 B5 24 05 6B 0D 2D 04 82 0B 83 13 10 27 00 00 00 0D  TEL,9397,S5,3435,1069,2946,4995,10000,0
A5 54 B6 24 05 C9 0D 30 04 82 0B 83 13 10 27 00 00 00 47  TEL,9398,S5,3529,1072,2946,4995,10000,0
A5 54 B7 24 05 AA 0D 2F 04 82 0B 83 13 10 27 00 00 00 A9  TEL,9399,S5,3498,1071,2946,4995,10000,0
A5 54 B8 24 05 AA 0D 2F 04 82 0B 83 13 10 27 00 00 00 B7  TEL,9400,S5,3498,1071,2946,4995,10000,0
A5 54 B9 24 05 C9 0D 31 04 82 0B 83 13 10 27 00 00 00 46  TEL,9401,S5,3529,1073,2946,4995,10000,0
A5 54 BA 24 05 C9 0D 30 04 82 0B 83 13 10 27 00 00 00 5F  TEL,9402,S5,3529,1072,2946,4995,10000,0
A5 54 BB 24 05 AA 0D 2F 04 82 0B 83 13 10 27 00 00 00 B1  TEL,9403,S5,3498,1071,2946,4995,10000,0
A5 54 BC 24 05 AA 0D 2F 04 82 0B 83 13 10 27 00 00 00 BF  TEL,9404,S5,3498,1071,2946,4995,10000,0
A5 54 BD 24 05 C9 0D 30 04 82 0B 83 13 10 27 00 00 00 51  TEL,9405,S5,3529,1072,2946,4995,10000,0
A5 54 BE 24 05 C9 0D 30 04 82 0B 83 13 10 27 00 00 00 57  TEL,9406,S5,3529,1072,2946,4995,10000,0
A5 54 BF 24 05 C9 0D 30 04 82 0B 83 13 10 27 00 00 00 55  TEL,9407,S5,3529,1072,2946,4995,10000,0
A5 54 C0 24 05 C9 0D 31 04 82 0B 83 13 10 27 00 00 00 B4  TEL,9408,S5,3529,1073,2946,4995,10000,0
A5 54 C1 24 05 C9 0D 30 04 82 0B 83 13 10 27 00 00 00 A9  TEL,9409,S5,3529,1072,2946,4995,10000,0
A5 54 C2 24 05 C9 0D 31 04 82 0B 83 13 10 27 00 00 00 B0  TEL,9410,S5,3529,1073,2946,4995,10000,0
A5 54 C3 24 05 C9 0D 30 04 82 0B 83 13 10 27 00 00 00 AD  TEL,9411,S5,3529,1072,2946,4995,10000,0
A5 54 C4 24 05 AA 0D 2F 04 82 0B 83 13 10 27 00 00 00 4F  TEL,9412,S5,3498,1071,2946,4995,10000,0
A5 54 C5 24 05 AA 0D 2F 04 82 0B 83 13 10 27 00 00 00 4D  TEL,9413,S5,3498,1071,2946,4995,10000,0
A5 54 C6 24 05 AA 0D 2F 04 82 0B 83 13 10 27 00 00 00 4B  TEL,9414,S5,3498,1071,2946,4995,10000,0
A5 54 C7 24 05 AA 0D 2F 04 82 0B 83 13 10 27 00 00 00 49  TEL,9415,S5,3498,1071,2946,4995,10000,0
A5 54 C8 24 05 C9 0D 31 04 82 0B 83 13 10 27 00 00 00 A4  TEL,9416,S5,3529,1073,2946,4995,10000,0
A5 54 C9 24 05 C9 0D 30 04 82 0B 83 13 10 27 00 00 00 B9  TEL,9417,S5,3529,1072,2946,4995,10000,0
A5 54 CA 24 05 C9 0D 30 04 82 0B 83 13 10 27 00 00 00 BF  TEL,9418,S5,3529,1072,2946,4995,10000,0
A5 54 CB 24 05 07 0E 33 04 82 0B 83 13 10 27 00 00 00 BC  TEL,9419,S5,3591,1075,2946,4995,10000,0
A5 54 CC 24 05 07 0E 33 04 82 0B 83 13 10 27 00 00 00 B2  TEL,9420,S5,3591,1075,2946,4995,10000,0
A5 54 CD 24 05 4C 0D 2C 04 82 0B 83 13 10 27 00 00 00 F9  TEL,9421,S5,3404,1068,2946,4995,10000,0
A5 54 CE 24 05 8A 0D 2E 04 82 0B 83 13 10 27 00 00 00 BA  TEL,9422,S5,3466,1070,2946,4995,10000,0
A5 54 CF 24 05 C9 0D 30 04 82 0B 83 13 10 27 00 00 00 B5  TEL,9423,S5,3529,1072,2946,4995,10000,0
A5 54 D0 24 05 26 0E 34 04 82 0B 83 13 10 27 00 00 00 BD  TEL,9424,S5,3622,1076,2946,4995,10000,0
A5 54 D1 24 05 C9 0D 30 04 82 0B 83 13 10 27 00 00 00 89  TEL,9425,S5,3529,1072,2946,4995,10000,0
A5 54 D2 24 05 C9 0D 30 04 82 0B 83 13 10 27 00 00 00 8F  TEL,9426,S5,3529,1072,2946,4995,10000,0
A5 54 D3 24 05 C9 0D 30 04 82 0B 83 13 10 27 00 00 00 8D  TEL,9427,S5,3529,1072,2946,4995,10000,0
A5 54 D4 24 05 C9 0D 30 04 82 0B 83 13 10 27 00 00 00 83  TEL,9428,S5,3529,1072,2946,4995,10000,0
A5 54 D5 24 05 C9 0D 30 04 82 0B 83 13 10 27 00 00 00 81  TEL,9429,S5,3529,1072,2946,4995,10000,0
A5 54 D6 24 05 6B 0D 2D 04 82 0B 83 13 10 27 00 00 00 CB  TEL,9430,S5,3435,1069,2946,4995,10000,0
A5 54 D7 24 05 C9 0D 30 04 82 0B 83 13 10 27 00 00 00 85  TEL,9431,S5,3529,1072,2946,4995,10000,0
A5 54 D8 24 05 C9 0D 30 04 82 0B 83 13 10 27 00 00 00 9B  TEL,9432,S5,3529,1072,2946,4995,10000,0
A5 54 D9 24 05 C9 0D 31 04 82 0B 83 13 10 27 00 00 00 86  TEL,9433,S5,3529,1073,2946,4995,10000,0
A5 54 DA 24 05 C9 0D 30 04 82 0B 83 13 10 27 00 00 00 9F  TEL,9434,S5,3529,1072,2946,4995,10000,0
A5 54 DB 24 05 C9 0D 31 04 82 0B 83 13 10 27 00 00 00 82  TEL,9435,S5,3529,1073,2946,4995,10000,0
A5 54 DC 24 05 6B 0D 2D 04 82 0B 83 13 10 27 00 00 00 DF  TEL,9436,S5,3435,1069,2946,4995,10000,0
A5 54 DD 24 05 6B 0D 2D 04 82 0B 83 13 10 27 00 00 00 DD  TEL,9437,S5,3435,1069,2946,4995,10000,0
A5 54 DE 24 05 6B 0D 2D 04 82 0B 83 13 10 27 00 00 00 DB  TEL,9438,S5,3435,1069,2946,4995,10000,0
A5 54 DF 24 05 C9 0D 30 04 82 0B 83 13 10 27 00 00 00 95  TEL,9439,S5,3529,1072,2946,4995,10000,0
A5 54 E0 24 05 C9 0D 31 04 82 0B 83 13 10 27 00 00 00 F4  TEL,9440,S5,3529,1073,2946,4995,10000,0
A5 54 E1 24 05 C9 0D 30 04 82 0B 83 13 10 27 00 00 00 E9  TEL,9441,S5,3529,1072,2946,4995,10000,0
A5 54 E2 24 05 C9 0D 30 04 82 0B 83 13 10 27 00 00 00 EF  TEL,9442,S5,3529,1072,2946,4995,10000,0
A5 54 E3 24 05 C9 0D 31 04 82 0B 83 13 10 27 00 00 00 F2  TEL,9443,S5,3529,1073,2946,4995,10000,0
A5 54 E4 24 05 C9 0D 30 04 82 0B 83 13 10 27 00 00 00 E3  TEL,9444,S5,3529,1072,2946,4995,10000,0
A5 54 E5 24 05 C9 0D 30 04 82 0B 83 13 10 27 00 00 00 E1  TEL,9445,S5,3529,1072,2946,4995,10000,0
A5 54 E6 24 05 6B 0D 2D 04 82 0B 83 13 10 27 00 00 00 AB  TEL,9446,S5,3435,1069,2946,4995,10000,0
A5 54 E7 24 05 C9 0D 31 04 82 0B 83 13 10 27 00 00 00 FA  TEL,9447,S5,3529,1073,2946,4995,10000,0
A5 54 E8 24 05 C9 0D 31 04 82 0B 83 13 10 27 00 00 00 E4  TEL,9448,S5,3529,1073,2946,4995,10000,0
A5 54 E9 24 05 C9 0D 30 04 82 0B 83 13 10 27 00 00 00 F9  TEL,9449,S5,3529,1072,2946,4995,10000,0
A5 54 EA 24 05 C9 0D 30 04 82 0B 83 13 10 27 00 00 00 FF  TEL,9450,S5,3529,1072,2946,4995,10000,0
A5 54 EB 24 05 C9 0D 30 04 82 0B 83 13 10 27 00 00 00 FD  TEL,9451,S5,3529,1072,2946,4995,10000,0
A5 54 EC 24 05 C9 0D 30 04 82 0B 83 13 10 27 00 00 00 F3  TEL,9452,S5,3529,1072,2946,4995,10000,0
A5 54 ED 24 05 C9 0D 30 04 82 0B 83 13 10 27 00 00 00 F1  TEL,9453,S5,3529,1072,2946,4995,10000,0
A5 54 EE 24 05 C9 0D 31 04 82 0B 83 13 10 27 00 00 00 E8  TEL,9454,S5,3529,1073,2946,4995,10000,0
A5 54 EF 24 05 C9 0D 31 04 82 0B 83 13 10 27 00 00 00 EA  TEL,9455,S5,3529,1073,2946,4995,10000,0
A5 54 F0 24 05 C9 0D 31 04 82 0B 83 13 10 27 00 00 00 D4  TEL,9456,S5,3529,1073,2946,4995,10000,0
A5 54 F1 24 05 C9 0D 31 04 82 0B 83 13 10 27 00 00 00 D6  TEL,9457,S5,3529,1073,2946,4995,10000,0
A5 54 F2 24 05 C9 0D 30 04 82 0B 83 13 10 27 00 00 00 CF  TEL,9458,S5,3529,1072,2946,4995,10000,0
A5 54 F3 24 05 C9 0D 31 04 82 0B 83 13 10 27 00 00 00 D2  TEL,9459,S5,3529,1073,2946,4995,10000,0
A5 54 F4 24 05 6B 0D 2D 04 82 0B 83 13 10 27 00 00 00 8F  TEL,9460,S5,3435,1069,2946,4995,10000,0
A5 54 F5 24 05 C9 0D 31 04 82 0B 83 13 10 27 00 00 00 DE  TEL,9461,S5,3529,1073,2946,4995,10000,0
A5 54 F6 24 05 AA 0D 2F 04 82 0B 83 13 10 27 00 00 00 2B  TEL,9462,S5,3498,1071,2946,4995,10000,0
A5 54 F7 24 05 C9 0D 31 04 82 0B 83 13 10 27 00 00 00 DA  TEL,9463,S5,3529,1073,2946,4995,10000,0
A5 54 F8 24 05 6B 0D 2D 04 82 0B 83 13 10 27 00 00 00 97  TEL,9464,S5,3435,1069,2946,4995,10000,0
A5 54 F9 24 05 AA 0D 2F 04 82 0B 83 13 10 27 00 00 00 35  TEL,9465,S5,3498,1071,2946,4995,10000,0
A5 54 FA 24 05 AA 0D 2F 04 82 0B 83 13 10 27 00 00 00 33  TEL,9466,S5,3498,1071,2946,4995,10000,0
A5 54 FB 24 05 C9 0D 31 04 82 0B 83 13 10 27 00 00 00 C2  TEL,9467,S5,3529,1073,2946,4995,10000,0
A5 54 FC 24 05 2D 0D 2B 04 82 0B 83 13 10 27 00 00 00 57  TEL,9468,S5,3373,1067,2946,4995,10000,0
A5 54 FD 24 05 AA 0D 2F 04 82 0B 83 13 10 27 00 00 00 3D  TEL,9469,S5,3498,1071,2946,4995,10000,0
A5 54 FE 24 05 C9 0D 31 04 82 0B 83 13 10 27 00 00 00 C8  TEL,9470,S5,3529,1073,2946,4995,10000,0
A5 54 FF 24 05 C9 0D 30 04 82 0B 83 13 10 27 00 00 00 D5  TEL,9471,S5,3529,1072,2946,4995,10000,0
A5 54 00 25 05 C9 0D 30 04 82 0B 83 13 10 27 00 00 00 99  TEL,9472,S5,3529,1072,2946,4995,10000,0
A5 54 01 25 05 AA 0D 2F 04 82 0B 83 13 10 27 00 00 00 77  TEL,9473,S5,3498,1071,2946,4995,10000,0
A5 54 02 25 05 6B 0D 2D 04 82 0B 83 13 10 27 00 00 00 D1  TEL,9474,S5,3435,1069,2946,4995,10000,0
A5 54 03 25 05 C9 0D 31 04 82 0B 83 13 10 27 00 00 00 80  TEL,9475,S5,3529,1073,2946,4995,10000,0
A5 54 04 25 05 C9 0D 31 04 82 0B 83 13 10 27 00 00 00 8E  TEL,9476,S5,3529,1073,2946,4995,10000,0
A5 54 05 25 05 AA 0D 2F 04 82 0B 83 13 10 27 00 00 00 7F  TEL,9477,S5,3498,1071,2946,4995,10000,0
A5 54 06 25 05 C9 0D 31 04 82 0B 83 13 10 27 00 00 00 8A  TEL,9478,S5,3529,1073,2946,4995,10000,0
A5 54 07 25 05 C9 0D 30 04 82 0B 83 13 10 27 00 00 00 97  TEL,9479,S5,3529,1072,2946,4995,10000,0
A5 54 08 25 05 AA 0D 2F 04 82 0B 83 13 10 27 00 00 00 65  TEL,9480,S5,3498,1071,2946,4995,10000,0
A5 54 09 25 05 C9 0D 30 04 82 0B 83 13 10 27 00 00 00 8B  TEL,9481,S5,3529,1072,2946,4995,10000,0
A5 54 0A 25 05 C9 0D 30 04 82 0B 83 13 10 27 00 00 00 8D  TEL,9482,S5,3529,1072,2946,4995,10000,0
A5 54 0B 25 05 AA 0D 2F 04 82 0B 83 13 10 27 00 00 00 63  TEL,9483,S5,3498,1071,2946,4995,10000,0
A5 54 0C 25 05 C9 0D 30 04 82 0B 83 13 10 27 00 00 00 81  TEL,9484,S5,3529,1072,2946,4995,10000,0
A5 54 0D 25 05 AA 0D 2F 04 82 0B 83 13 10 27 00 00 00 6F  TEL,9485,S5,3498,1071,2946,4995,10000,0
A5 54 0E 25 05 C9 0D 31 04 82 0B 83 13 10 27 00 00 00 9A  TEL,9486,S5,3529,1073,2946,4995,10000,0
A5 54 0F 25 05 C9 0D 30 04 82 0B 83 13 10 27 00 00 00 87  TEL,9487,S5,3529,1072,2946,4995,10000,0
A5 54 10 25 05 AA 0D 2F 04 82 0B 83 13 10 27 00 00 00 55  TEL,9488,S5,3498,1071,2946,4995,10000,0
A5 54 11 25 05 C9 0D 30 04 82 0B 83 13 10 27 00 00 00 BB  TEL,9489,S5,3529,1072,2946,4995,10000,0
A5 54 12 25 05 C9 0D 30 04 82 0B 83 13 10 27 00 00 00 BD  TEL,9490,S5,3529,1072,2946,4995,10000,0
A5 54 13 25 05 C9 0D 30 04 82 0B 83 13 10 27 00 00 00 BF  TEL,9491,S5,3529,1072,2946,4995,10000,0
A5 54 14 25 05 C9 0D 30 04 82 0B 83 13 10 27 00 00 00 B1  TEL,9492,S5,3529,1072,2946,4995,10000,0
A5 54 15 25 05 C9 0D 31 04 82 0B 83 13 10 27 00 00 00 AC  TEL,9493,S5,3529,1073,2946,4995,10000,0
A5 54 16 25 05 C9 0D 31 04 82 0B 83 13 10 27 00 00 00 AA  TEL,9494,S5,3529,1073,2946,4995,10000,0
A5 54 17 25 05 C9 0D 31 04 82 0B 83 13 10 27 00 00 00 A8  TEL,9495,S5,3529,1073,2946,4995,10000,0
A5 54 18 25 05 AA 0D 2F 04 82 0B 83 13 10 27 00 00 00 45  TEL,9496,S5,3498,1071,2946,4995,10000,0
A5 54 19 25 05 C9 0D 30 04 82 0B 83 13 10 27 00 00 00 AB  TEL,9497,S5,3529,1072,2946,4995,10000,0
A5 54 1A 25 05 C9 0D 30 04 82 0B 83 13 10 27 00 00 00 AD  TEL,9498,S5,3529,1072,2946,4995,10000,0
A5 54 1B 25 05 AA 0D 2F 04 82 0B 83 13 10 27 00 00 00 43  TEL,9499,S5,3498,1071,2946,4995,10000,0
A5 54 1C 25 05 AA 0D 2F 04 82 0B 83 13 10 27 00 00 00 4D  TEL,9500,S5,3498,1071,2946,4995,10000,0
A5 54 1D 25 05 45 0E 35 04 82 0B 83 13 10 27 00 00 00 34  TEL,9501,S5,3653,1077,2946,4995,10000,0
A5 54 1E 25 05 C9 0D 31 04 82 0B 83 13 10 27 00 00 00 BA  TEL,9502,S5,3529,1073,2946,4995,10000,0
A5 54 1F 25 05 C9 0D 30 04 82 0B 83 13 10 27 00 00 00 A7  TEL,9503,S5,3529,1072,2946,4995,10000,0
A5 54 20 25 05 C9 0D 30 04 82 0B 83 13 10 27 00 00 00 D9  TEL,9504,S5,3529,1072,2946,4995,10000,0
A5 54 21 25 05 C9 0D 30 04 82 0B 83 13 10 27 00 00 00 DB  TEL,9505,S5,3529,1072,2946,4995,10000,0
A5 54 22 25 05 C9 0D 31 04 82 0B 83 13 10 27 00 00 00 C2  TEL,9506,S5,3529,1073,2946,4995,10000,0
A5 54 23 25 05 C9 0D 30 04 82 0B 83 13 10 27 00 00 00 DF  TEL,9507,S5,3529,1072,2946,4995,10000,0
A5 54 24 25 05 6B 0D 2D 04 82 0B 83 13 10 27 00 00 00 9D  TEL,9508,S5,3435,1069,2946,4995,10000,0
A5 54 25 25 05 C9 0D 30 04 82 0B 83 13 10 27 00 00 00 D3  TEL,9509,S5,3529,1072,2946,4995,10000,0
A5 54 26 25 05 C9 0D 31 04 82 0B 83 13 10 27 00 00 00 CA  TEL,9510,S5,3529,1073,2946,4995,10000,0
A5 54 27 25 05 C9 0D 31 04 82 0B 83 13 10 27 00 00 00 C8  TEL,9511,S5,3529,1073,2946,4995,10000,0
A5 54 28 25 05 C9 0D 30 04 82 0B 83 13 10 27 00 00 00 C9  TEL,9512,S5,3529,1072,2946,4995,10000,0
A5 54 29 25 05 8A 0D 2E 04 82 0B 83 13 10 27 00 00 00 C6  TEL,9513,S5,3466,1070,2946,4995,10000,0
A5 54 2A 25 05 C9 0D 30 04 82 0B 83 13 10 27 00 00 00 CD  TEL,9514,S5,3529,1072,2946,4995,10000,0
A5 54 2B 25 05 AA 0D 2F 04 82 0B 83 13 10 27 00 00 00 23  TEL,9515,S5,3498,1071,2946,4995,10000,0
A5 54 2C 25 05 26 0E 34 04 82 0B 83 13 10 27 00 00 00 F7  TEL,9516,S5,3622,1076,2946,4995,10000,0
A5 54 2D 25 05 AA 0D 2F 04 82 0B 83 13 10 27 00 00 00 2F  TEL,9517,S5,3498,1071,2946,4995,10000,0
A5 54 2E 25 05 C9 0D 30 04 82 0B 83 13 10 27 00 00 00 C5  TEL,9518,S5,3529,1072,2946,4995,10000,0
A5 54 2F 25 05 C9 0D 31 04 82 0B 83 13 10 27 00 00 00 D8  TEL,9519,S5,3529,1073,2946,4995,10000,0
A5 54 30 25 05 C9 0D 31 04 82 0B 83 13 10 27 00 00 00 E6  TEL,9520,S5,3529,1073,2946,4995,10000,0
A5 54 31 25 05 C9 0D 31 04 82 0B 83 13 10 27 00 00 00 E4  TEL,9521,S5,3529,1073,2946,4995,10000,0
A5 54 32 25 05 C9 0D 30 04 82 0B 83 13 10 27 00 00 00 FD  TEL,9522,S5,3529,1072,2946,4995,10000,0
A5 54 33 25 05 AA 0D 2F 04 82 0B 83 13 10 27 00 00 00 13  TEL,9523,S5,3498,1071,2946,4995,10000,0
A5 54 34 25 05 C9 0D 30 04 82 0B 83 13 10 27 00 00 00 F1  TEL,9524,S5,3529,1072,2946,4995,10000,0
A5 54 35 25 05 C9 0D 30 04 82 0B 83 13 10 27 00 00 00 F3  TEL,9525,S5,3529,1072,2946,4995,10000,0
A5 54 36 25 05 07 0E 33 04 82 0B 83 13 10 27 00 00 00 F4  TEL,9526,S5,3591,1075,2946,4995,10000,0
A5 54 37 25 05 AA 0D 2F 04 82 0B 83 13 10 27 00 00 00 1B  TEL,9527,S5,3498,1071,2946,4995,10000,0
A5 54 38 25 05 AA 0D 2F 04 82 0B 83 13 10 27 00 00 00 05  TEL,9528,S5,3498,1071,2946,4995,10000,0
A5 54 39 25 05 4C 0D 2C 04 82 0B 83 13 10 27 00 00 00 A3  TEL,9529,S5,3404,1068,2946,4995,10000,0
A5 54 3A 25 05 C9 0D 30 04 82 0B 83 13 10 27 00 00 00 ED  TEL,9530,S5,3529,1072,2946,4995,10000,0
A5 54 3B 25 05 C9 0D 30 04 82 0B 83 13 10 27 00 00 00 EF  TEL,9531,S5,3529,1072,2946,4995,10000,0
A5 54 3C 25 05 C9 0D 30 04 82 0B 83 13 10 27 00 00 00 E1  TEL,9532,S5,3529,1072,2946,4995,10000,0
A5 54 3D 25 05 C9 0D 31 04 82 0B 83 13 10 27 00 00 00 FC  TEL,9533,S5,3529,1073,2946,4995,10000,0
A5 54 3E 25 05 C9 0D 30 04 82 0B 83 13 10 27 00 00 00 E5  TEL,9534,S5,3529,1072,2946,4995,10000,0
A5 54 3F 25 05 C9 0D 30 04 82 0B 83 13 10 27 00 00 00 E7  TEL,9535,S5,3529,1072,2946,4995,10000,0
A5 54 40 25 05 C9 0D 31 04 82 0B 83 13 10 27 00 00 00 06  TEL,9536,S5,3529,1073,2946,4995,10000,0
A5 54 41 25 05 C9 0D 31 04 82 0B 83 13 10 27 00 00 00 04  TEL,9537,S5,3529,1073,2946,4995,10000,0
A5 54 42 25 05 C9 0D 31 04 82 0B 83 13 10 27 00 00 00 02  TEL,9538,S5,3529,1073,2946,4995,10000,0
A5 54 43 25 05 C9 0D 31 04 82 0B 83 13 10 27 00 00 00 00  TEL,9539,S5,3529,1073,2946,4995,10000,0
A5 54 44 25 05 C9 0D 30 04 82 0B 83 13 10 27 00 00 00 11  TEL,9540,S5,3529,1072,2946,4995,10000,0
A5 54 45 25 05 C9 0D 31 04 82 0B 83 13 10 27 00 00 00 0C  TEL,9541,S5,3529,1073,2946,4995,10000,0
A5 54 46 25 05 C9 0D 30 04 82 0B 83 13 10 27 00 00 00 15  TEL,9542,S5,3529,1072,2946,4995,10000,0
A5 54 47 25 05 C9 0D 31 04 82 0B 83 13 10 27 00 00 00 08  TEL,9543,S5,3529,1073,2946,4995,10000,0
A5 54 48 25 05 8A 0D 2E 04 82 0B 83 13 10 27 00 00 00 04  TEL,9544,S5,3466,1070,2946,4995,10000,0
A5 54 49 25 05 C9 0D 31 04 82 0B 83 13 10 27 00 00 00 14  TEL,9545,S5,3529,1073,2946,4995,10000,0
A5 54 4A 25 05 C9 0D 31 04 82 0B 83 13 10 27 00 00 00 12  TEL,9546,S5,3529,1073,2946,4995,10000,0
A5 54 4B 25 05 C9 0D 30 04 82 0B 83 13 10 27 00 00 00 0F  TEL,9547,S5,3529,1072,2946,4995,10000,0
A5 54 4C 25 05 C9 0D 30 04 82 0B 83 13 10 27 00 00 00 01  TEL,9548,S5,3529,1072,2946,4995,10000,0
A5 54 4D 25 05 C9 0D 30 04 82 0B 83 13 10 27 00 00 00 03  TEL,9549,S5,3529,1072,2946,4995,10000,0
A5 54 4E 25 05 C9 0D 31 04 82 0B 83 13 10 27 00 00 00 1A  TEL,9550,S5,3529,1073,2946,4995,10000,0
A5 54 4F 25 05 26 0E 34 04 82 0B 83 13 10 27 00 00 00 31  TEL,9551,S5,3622,1076,2946,4995,10000,0
A5 54 50 25 05 C9 0D 30 04 82 0B 83 13 10 27 00 00 00 39  TEL,9552,S5,3529,1072,2946,4995,10000,0
A5 54 51 25 05 C9 0D 31 04 82 0B 83 13 10 27 00 00 00 24  TEL,9553,S5,3529,1073,2946,4995,10000,0
A5 54 52 25 05 C9 0D 31 04 82 0B 83 13 10 27 00 00 00 22  TEL,9554,S5,3529,1073,2946,4995,10000,0
A5 54 53 25 05 07 0E 33 04 82 0B 83 13 10 27 00 00 00 3E  TEL,9555,S5,3591,1075,2946,4995,10000,0
A5 54 54 25 05 C9 0D 30 04 82 0B 83 13 10 27 00 00 00 31  TEL,9556,S5,3529,1072,2946,4995,10000,0
A5 54 55 25 05 C9 0D 31 04 82 0B 83 13 10 27 00 00 00 2C  TEL,9557,S5,3529,1073,2946,4995,10000,0
A5 54 56 25 05 C9 0D 30 04 82 0B 83 13 10 27 00 00 00 35  TEL,9558,S5,3529,1072,2946,4995,10000,0
A5 54 57 25 05 C9 0D 30 04 82 0B 83 13 10 27 00 00 00 37  TEL,9559,S5,3529,1072,2946,4995,10000,0
A5 54 58 25 05 C9 0D 30 04 82 0B 83 13 10 27 00 00 00 29  TEL,9560,S5,3529,1072,2946,4995,10000,0
A5 54 59 25 05 C9 0D 31 04 82 0B 83 13 10 27 00 00 00 34  TEL,9561,S5,3529,1073,2946,4995,10000,0
A5 54 5A 25 05 C9 0D 31 04 82 0B 83 13 10 27 00 00 00 32  TEL,9562,S5,3529,1073,2946,4995,10000,0
A5 54 5B 25 05 C9 0D 30 04 82 0B 83 13 10 27 00 00 00 2F  TEL,9563,S5,3529,1072,2946,4995,10000,0
A5 54 5C 25 05 C9 0D 31 04 82 0B 83 13 10 27 00 00 00 3E  TEL,9564,S5,3529,1073,2946,4995,10000,0
A5 54 5D 25 05 C9 0D 31 04 82 0B 83 13 10 27 00 00 00 3C  TEL,9565,S5,3529,1073,2946,4995,10000,0
A5 54 5E 25 05 C9 0D 31 04 82 0B 83 13 10 27 00 00 00 3A  TEL,9566,S5,3529,1073,2946,4995,10000,0
A5 54 5F 25 05 C9 0D 31 04 82 0B 83 13 10 27 00 00 00 38  TEL,9567,S5,3529,1073,2946,4995,10000,0
A5 54 60 25 05 C9 0D 31 04 82 0B 83 13 10 27 00 00 00 46  TEL,9568,S5,3529,1073,2946,4995,10000,0
A5 54 61 25 05 C9 0D 30 04 82 0B 83 13 10 27 00 00 00 5B  TEL,9569,S5,3529,1072,2946,4995,10000,0
A5 54 62 25 05 AA 0D 2F 04 82 0B 83 13 10 27 00 00 00 B1  TEL,9570,S5,3498,1071,2946,4995,10000,0
A5 54 63 25 05 C9 0D 30 04 82 0B 83 13 10 27 00 00 00 5F  TEL,9571,S5,3529,1072,2946,4995,10000,0
A5 54 64 25 05 C9 0D 31 04 82 0B 83 13 10 27 00 00 00 4E  TEL,9572,S5,3529,1073,2946,4995,10000,0
A5 54 65 25 05 C9 0D 31 04 82 0B 83 13 10 27 00 00 00 4C  TEL,9573,S5,3529,1073,2946,4995,10000,0
A5 54 66 25 05 C9 0D 30 04 82 0B 83 13 10 27 00 00 00 55  TEL,9574,S5,3529,1072,2946,4995,10000,0
A5 54 67 25 05 C9 0D 30 04 82 0B 83 13 10 27 00 00 00 57  TEL,9575,S5,3529,1072,2946,4995,10000,0
A5 54 68 25 05 C9 0D 31 04 82 0B 83 13 10 27 00 00 00 56  TEL,9576,S5,3529,1073,2946,4995,10000,0
A5 54 69 25 05 C9 0D 30 04 82 0B 83 13 10 27 00 00 00 4B  TEL,9577,S5,3529,1072,2946,4995,10000,0
A5 54 6A 25 05 C9 0D 30 04 82 0B 83 13 10 27 00 00 00 4D  TEL,9578,S5,3529,1072,2946,4995,10000,0
A5 54 6B 25 05 C9 0D 30 04 82 0B 83 13 10 27 00 00 00 4F  TEL,9579,S5,3529,1072,2946,4995,10000,0
A5 54 6C 25 05 C9 0D 30 04 82 0B 83 13 10 27 00 00 00 41  TEL,9580,S5,3529,1072,2946,4995,10000,0
A5 54 6D 25 05 6B 0D 2D 04 82 0B 83 13 10 27 00 00 00 0F  TEL,9581,S5,3435,1069,2946,4995,10000,0
A5 54 6E 25 05 C9 0D 30 04 82 0B 83 13 10 27 00 00 00 45  TEL,9582,S5,3529,1072,2946,4995,10000,0
A5 54 6F 25 05 C9 0D 31 04 82 0B 83 13 10 27 00 00 00 58  TEL,9583,S5,3529,1073,2946,4995,10000,0
A5 54 70 25 05 AA 0D 2F 04 82 0B 83 13 10 27 00 00 00 95  TEL,9584,S5,3498,1071,2946,4995,10000,0
A5 54 71 25 05 C9 0D 31 04 82 0B 83 13 10 27 00 00 00 64  TEL,9585,S5,3529,1073,2946,4995,10000,0
A5 54 72 25 05 C9 0D 30 04 82 0B 83 13 10 27 00 00 00 7D  TEL,9586,S5,3529,1072,2946,4995,10000,0
A5 54 73 25 05 C9 0D 31 04 82 0B 83 13 10 27 00 00 00 60  TEL,9587,S5,3529,1073,2946,4995,10000,0
A5 54 74 25 05 C9 0D 30 04 82 0B 83 13 10 27 00 00 00 71  TEL,9588,S5,3529,1072,2946,4995,10000,0
A5 54 75 25 05 C9 0D 30 04 82 0B 83 13 10 27 00 00 00 73  TEL,9589,S5,3529,1072,2946,4995,10000,0
A5 54 76 25 05 C9 0D 30 04 82 0B 83 13 10 27 00 00 00 75  TEL,9590,S5,3529,1072,2946,4995,10000,0
A5 54 77 25 05 AA 0D 2F 04 82 0B 83 13 10 27 00 00 00 9B  TEL,9591,S5,3498,1071,2946,4995,10000,0
A5 54 78 25 05 C9 0D 30 04 82 0B 83 13 10 27 00 00 00 69  TEL,9592,S5,3529,1072,2946,4995,10000,0
A5 54 79 25 05 AA 0D 2F 04 82 0B 83 13 10 27 00 00 00 87  TEL,9593,S5,3498,1071,2946,4995,10000,0
A5 54 7A 25 05 07 0E 33 04 82 0B 83 13 10 27 00 00 00 6C  TEL,9594,S5,3591,1075,2946,4995,10000,0
A5 54 7B 25 05 E8 0D 32 04 82 0B 83 13 10 27 00 00 00 3B  TEL,9595,S5,3560,1074,2946,4995,10000,0
A5 54 7C 25 05 C9 0D 31 04 82 0B 83 13 10 27 00 00 00 7E  TEL,9596,S5,3529,1073,2946,4995,10000,0
A5 54 7D 25 05 C9 0D 30 04 82 0B 83 13 10 27 00 00 00 63  TEL,9597,S5,3529,1072,2946,4995,10000,0
A5 54 7E 25 05 C9 0D 30 04 82 0B 83 13 10 27 00 00 00 65  TEL,9598,S5,3529,1072,2946,4995,10000,0
A5 54 7F 25 05 C9 0D 31 04 82 0B 83 13 10 27 00 00 00 78  TEL,9599,S5,3529,1073,2946,4995,10000,0
A5 54 80 25 05 C9 0D 30 04 82 0B 83 13 10 27 00 00 00 9E  TEL,9600,S5,3529,1072,2946,4995,10000,0
A5 54 81 25 05 C9 0D 31 04 82 0B 83 13 10 27 00 00 00 83  TEL,9601,S5,3529,1073,2946,4995,10000,0
A5 54 82 25 05 C9 0D 31 04 82 0B 83 13 10 27 00 00 00 85  TEL,9602,S5,3529,1073,2946,4995,10000,0
A5 54 83 25 05 C9 0D 30 04 82 0B 83 13 10 27 00 00 00 98  TEL,9603,S5,3529,1072,2946,4995,10000,0
A5 54 84 25 05 C9 0D 30 04 82 0B 83 13 10 27 00 00 00 96  TEL,9604,S5,3529,1072,2946,4995,10000,0
A5 54 85 25 05 C9 0D 31 04 82 0B 83 13 10 27 00 00 00 8B  TEL,9605,S5,3529,1073,2946,4995,10000,0
A5 54 86 25 05 AA 0D 2F 04 82 0B 83 13 10 27 00 00 00 7E  TEL,9606,S5,3498,1071,2946,4995,10000,0
A5 54 87 25 05 C9 0D 31 04 82 0B 83 13 10 27 00 00 00 8F  TEL,9607,S5,3529,1073,2946,4995,10000,0
A5 54 88 25 05 C9 0D 30 04 82 0B 83 13 10 27 00 00 00 8E  TEL,9608,S5,3529,1072,2946,4995,10000,0
A5 54 89 25 05 C9 0D 30 04 82 0B 83 13 10 27 00 00 00 8C  TEL,9609,S5,3529,1072,2946,4995,10000,0
A5 54 8A 25 05 C9 0D 31 04 82 0B 83 13 10 27 00 00 00 95  TEL,9610,S5,3529,1073,2946,4995,10000,0
A5 54 8B 25 05 AA 0D 2F 04 82 0B 83 13 10 27 00 00 00 64  TEL,9611,S5,3498,1071,2946,4995,10000,0
A5 54 8C 25 05 C9 0D 30 04 82 0B 83 13 10 27 00 00 00 86  TEL,9612,S5,3529,1072,2946,4995,10000,0
A5 54 8D 25 05 C9 0D 30 04 82 0B 83 13 10 27 00 00 00 84  TEL,9613,S5,3529,1072,2946,4995,10000,0
A5 54 8E 25 05 C9 0D 30 04 82 0B 83 13 10 27 00 00 00 82  TEL,9614,S5,3529,1072,2946,4995,10000,0
A5 54 8F 25 05 C9 0D 30 04 82 0B 83 13 10 27 00 00 00 80  TEL,9615,S5,3529,1072,2946,4995,10000,0
A5 54 90 25 05 6B 0D 2D 04 82 0B 83 13 10 27 00 00 00 F2  TEL,9616,S5,3435,1069,2946,4995,10000,0
A5 54 91 25 05 C9 0D 30 04 82 0B 83 13 10 27 00 00 00 BC  TEL,9617,S5,3529,1072,2946,4995,10000,0
A5 54 92 25 05 C9 0D 31 04 82 0B 83 13 10 27 00 00 00 A5  TEL,9618,S5,3529,1073,2946,4995,10000,0
A5 54 93 25 05 C9 0D 31 04 82 0B 83 13 10 27 00 00 00 A7  TEL,9619,S5,3529,1073,2946,4995,10000,0
A5 54 94 25 05 C9 0D 31 04 82 0B 83 13 10 27 00 00 00 A9  TEL,9620,S5,3529,1073,2946,4995,10000,0
A5 54 95 25 05 C9 0D 30 04 82 0B 83 13 10 27 00 00 00 B4  TEL,9621,S5,3529,1072,2946,4995,10000,0
A5 54 96 25 05 C9 0D 30 04 82 0B 83 13 10 27 00 00 00 B2  TEL,9622,S5,3529,1072,2946,4995,10000,0
A5 54 97 25 05 C9 0D 31 04 82 0B 83 13 10 27 00 00 00 AF  TEL,9623,S5,3529,1073,2946,4995,10000,0
A5 54 98 25 05 C9 0D 31 04 82 0B 83 13 10 27 00 00 00 B1  TEL,9624,S5,3529,1073,2946,4995,10000,0
A5 54 99 25 05 6B 0D 2D 04 82 0B 83 13 10 27 00 00 00 E0  TEL,9625,S5,3435,1069,2946,4995,10000,0
A5 54 9A 25 05 C9 0D 31 04 82 0B 83 13 10 27 00 00 00 B5  TEL,9626,S5,3529,1073,2946,4995,10000,0
A5 54 9B 25 05 C9 0D 30 04 82 0B 83 13 10 27 00 00 00 A8  TEL,9627,S5,3529,1072,2946,4995,10000,0
A5 54 9C 25 05 C9 0D 30 04 82 0B 83 13 10 27 00 00 00 A6  TEL,9628,S5,3529,1072,2946,4995,10000,0
A5 54 9D 25 05 C9 0D 30 04 82 0B 83 13 10 27 00 00 00 A4  TEL,9629,S5,3529,1072,2946,4995,10000,0
A5 54 9E 25 05 C9 0D 30 04 82 0B 83 13 10 27 00 00 00 A2  TEL,9630,S5,3529,1072,2946,4995,10000,0
A5 54 9F 25 05 C9 0D 31 04 82 0B 83 13 10 27 00 00 00 BF  TEL,9631,S5,3529,1073,2946,4995,10000,0
A5 54 A0 25 05 C9 0D 31 04 82 0B 83 13 10 27 00 00 00 C1  TEL,9632,S5,3529,1073,2946,4995,10000,0
A5 54 A1 25 05 2D 0D 2B 04 82 0B 83 13 10 27 00 00 00 58  TEL,9633,S5,3373,1067,2946,4995,10000,0
A5 54 A2 25 05 AA 0D 2F 04 82 0B 83 13 10 27 00 00 00 36  TEL,9634,S5,3498,1071,2946,4995,10000,0
A5 54 A3 25 05 C9 0D 31 04 82 0B 83 13 10 27 00 00 00 C7  TEL,9635,S5,3529,1073,2946,4995,10000,0
A5 54 A4 25 05 AA 0D 2F 04 82 0B 83 13 10 27 00 00 00 3A  TEL,9636,S5,3498,1071,2946,4995,10000,0
A5 54 A5 25 05 C9 0D 31 04 82 0B 83 13 10 27 00 00 00 CB  TEL,9637,S5,3529,1073,2946,4995,10000,0
A5 54 A6 25 05 6B 0D 2D 04 82 0B 83 13 10 27 00 00 00 9E  TEL,9638,S5,3435,1069,2946,4995,10000,0
A5 54 A7 25 05 C9 0D 31 04 82 0B 83 13 10 27 00 00 00 CF  TEL,9639,S5,3529,1073,2946,4995,10000,0
A5 54 A8 25 05 C9 0D 31 04 82 0B 83 13 10 27 00 00 00 D1  TEL,9640,S5,3529,1073,2946,4995,10000,0
A5 54 A9 25 05 C9 0D 31 04 82 0B 83 13 10 27 00 00 00 D3  TEL,9641,S5,3529,1073,2946,4995,10000,0
A5 54 AA 25 05 C9 0D 30 04 82 0B 83 13 10 27 00 00 00 CA  TEL,9642,S5,3529,1072,2946,4995,10000,0
A5 54 AB 25 05 C9 0D 30 04 82 0B 83 13 10 27 00 00 00 C8  TEL,9643,S5,3529,1072,2946,4995,10000,0
A5 54 AC 25 05 C9 0D 30 04 82 0B 83 13 10 27 00 00 00 C6  TEL,9644,S5,3529,1072,2946,4995,10000,0
A5 54 AD 25 05 C9 0D 30 04 82 0B 83 13 10 27 00 00 00 C4  TEL,9645,S5,3529,1072,2946,4995,10000,0
A5 54 AE 25 05 C9 0D 30 04 82 0B 83 13 10 27 00 00 00 C2  TEL,9646,S5,3529,1072,2946,4995,10000,0
A5 54 AF 25 05 C9 0D 31 04 82 0B 83 13 10 27 00 00 00 DF  TEL,9647,S5,3529,1073,2946,4995,10000,0
A5 54 B0 25 05 6B 0D 2D 04 82 0B 83 13 10 27 00 00 00 B2  TEL,9648,S5,3435,1069,2946,4995,10000,0
A5 54 B1 25 05 C9 0D 31 04 82 0B 83 13 10 27 00 00 00 E3  TEL,9649,S5,3529,1073,2946,4995,10000,0
A5 54 B2 25 05 C9 0D 31 04 82 0B 83 13 10 27 00 00 00 E5  TEL,9650,S5,3529,1073,2946,4995,10000,0
A5 54 B3 25 05 C9 0D 30 04 82 0B 83 13 10 27 00 00 00 F8  TEL,9651,S5,3529,1072,2946,4995,10000,0
A5 54 B4 25 05 C9 0D 30 04 82 0B 83 13 10 27 00 00 00 F6  TEL,9652,S5,3529,1072,2946,4995,10000,0
A5 54 B5 25 05 26 0E 34 04 82 0B 83 13 10 27 00 00 00 C2  TEL,9653,S5,3622,1076,2946,4995,10000,0
A5 54 B6 25 05 6B 0D 2D 04 82 0B 83 13 10 27 00 00 00 BE  TEL,9654,S5,3435,1069,2946,4995,10000,0
A5 54 B7 25 05 C9 0D 31 04 82 0B 83 13 10 27 00 00 00 EF  TEL,9655,S5,3529,1073,2946,4995,10000,0
A5 54 B8 25 05 AA 0D 2F 04 82 0B 83 13 10 27 00 00 00 02  TEL,9656,S5,3498,1071,2946,4995,10000,0
A5 54 B9 25 05 C9 0D 30 04 82 0B 83 13 10 27 00 00 00 EC  TEL,9657,S5,3529,1072,2946,4995,10000,0
A5 54 BA 25 05 C9 0D 31 04 82 0B 83 13 10 27 00 00 00 F5  TEL,9658,S5,3529,1073,2946,4995,10000,0
A5 54 BB 25 05 C9 0D 30 04 82 0B 83 13 10 27 00 00 00 E8  TEL,9659,S5,3529,1072,2946,4995,10000,0
A5 54 BC 25 05 C9 0D 31 04 82 0B 83 13 10 27 00 00 00 F9  TEL,9660,S5,3529,1073,2946,4995,10000,0
A5 54 BD 25 05 C9 0D 31 04 82 0B 83 13 10 27 00 00 00 FB  TEL,9661,S5,3529,1073,2946,4995,10000,0
A5 54 BE 25 05 C9 0D 30 04 82 0B 83 13 10 27 00 00 00 E2  TEL,9662,S5,3529,1072,2946,4995,10000,0
A5 54 BF 25 05 C9 0D 31 04 82 0B 83 13 10 27 00 00 00 FF  TEL,9663,S5,3529,1073,2946,4995,10000,0
A5 54 C0 25 05 C9 0D 31 04 82 0B 83 13 10 27 00 00 00 01  TEL,9664,S5,3529,1073,2946,4995,10000,0
A5 54 C1 25 05 C9 0D 31 04 82 0B 83 13 10 27 00 00 00 03  TEL,9665,S5,3529,1073,2946,4995,10000,0
A5 54 C2 25 05 C9 0D 30 04 82 0B 83 13 10 27 00 00 00 1A  TEL,9666,S5,3529,1072,2946,4995,10000,0
A5 54 C3 25 05 C9 0D 30 04 82 0B 83 13 10 27 00 00 00 18  TEL,9667,S5,3529,1072,2946,4995,10000,0
A5 54 C4 25 05 C9 0D 30 04 82 0B 83 13 10 27 00 00 00 16  TEL,9668,S5,3529,1072,2946,4995,10000,0
A5 54 C5 25 05 C9 0D 30 04 82 0B 83 13 10 27 00 00 00 14  TEL,9669,S5,3529,1072,2946,4995,10000,0
A5 54 C6 25 05 C9 0D 30 04 82 0B 83 13 10 27 00 00 00 12  TEL,9670,S5,3529,1072,2946,4995,10000,0
A5 54 C7 25 05 C9 0D 30 04 82 0B 83 13 10 27 00 00 00 10  TEL,9671,S5,3529,1072,2946,4995,10000,0
A5 54 C8 25 05 C9 0D 30 04 82 0B 83 13 10 27 00 00 00 0E  TEL,9672,S5,3529,1072,2946,4995,10000,0
A5 54 C9 25 05 C9 0D 30 04 82 0B 83 13 10 27 00 00 00 0C  TEL,9673,S5,3529,1072,2946,4995,10000,0
A5 54 CA 25 05 C9 0D 31 04 82 0B 83 13 10 27 00 00 00 15  TEL,9674,S5,3529,1073,2946,4995,10000,0
A5 54 CB 25 05 45 0E 35 04 82 0B 83 13 10 27 00 00 00 9F  TEL,9675,S5,3653,1077,2946,4995,10000,0
A5 54 CC 25 05 C9 0D 31 04 82 0B 83 13 10 27 00 00 00 19  TEL,9676,S5,3529,1073,2946,4995,10000,0
A5 54 CD 25 05 C9 0D 30 04 82 0B 83 13 10 27 00 00 00 04  TEL,9677,S5,3529,1072,2946,4995,10000,0
A5 54 CE 25 05 6B 0D 2D 04 82 0B 83 13 10 27 00 00 00 4E  TEL,9678,S5,3435,1069,2946,4995,10000,0
A5 54 CF 25 05 C9 0D 30 04 82 0B 83 13 10 27 00 00 00 00  TEL,9679,S5,3529,1072,2946,4995,10000,0
A5 54 D0 25 05 C9 0D 31 04 82 0B 83 13 10 27 00 00 00 21  TEL,9680,S5,3529,1073,2946,4995,10000,0
A5 54 D1 25 05 C9 0D 31 04 82 0B 83 13 10 27 00 00 00 23  TEL,9681,S5,3529,1073,2946,4995,10000,0
A5 54 D2 25 05 C9 0D 30 04 82 0B 83 13 10 27 00 00 00 3A  TEL,9682,S5,3529,1072,2946,4995,10000,0
A5 54 D3 25 05 2D 0D 2B 04 82 0B 83 13 10 27 00 00 00 BC  TEL,9683,S5,3373,1067,2946,4995,10000,0
A5 54 D4 25 05 45 0E 35 04 82 0B 83 13 10 27 00 00 00 A1  TEL,9684,S5,3653,1077,2946,4995,10000,0
A5 54 D5 25 05 C9 0D 30 04 82 0B 83 13 10 27 00 00 00 34  TEL,9685,S5,3529,1072,2946,4995,10000,0
A5 54 D6 25 05 C9 0D 31 04 82 0B 83 13 10 27 00 00 00 2D  TEL,9686,S5,3529,1073,2946,4995,10000,0
A5 54 D7 25 05 AA 0D 2F 04 82 0B 83 13 10 27 00 00 00 DC  TEL,9687,S5,3498,1071,2946,4995,10000,0
A5 54 D8 25 05 07 0E 33 04 82 0B 83 13 10 27 00 00 00 2F  TEL,9688,S5,3591,1075,2946,4995,10000,0
A5 54 D9 25 05 C9 0D 30 04 82 0B 83 13 10 27 00 00 00 2C  TEL,9689,S5,3529,1072,2946,4995,10000,0
A5 54 DA 25 05 C9 0D 31 04 82 0B 83 13 10 27 00 00 00 35  TEL,9690,S5,3529,1073,2946,4995,10000,0
A5 54 DB 25 05 C9 0D 31 04 82 0B 83 13 10 27 00 00 00 37  TEL,9691,S5,3529,1073,2946,4995,10000,0
A5 54 DC 25 05 C9 0D 31 04 82 0B 83 13 10 27 00 00 00 39  TEL,9692,S5,3529,1073,2946,4995,10000,0
A5 54 DD 25 05 C9 0D 31 04 82 0B 83 13 10 27 00 00 00 3B  TEL,9693,S5,3529,1073,2946,4995,10000,0
A5 54 DE 25 05 C9 0D 30 04 82 0B 83 13 10 27 00 00 00 22  TEL,9694,S5,3529,1072,2946,4995,10000,0
A5 54 DF 25 05 AA 0D 2F 04 82 0B 83 13 10 27 00 00 00 CC  TEL,9695,S5,3498,1071,2946,4995,10000,0
A5 54 E0 25 05 C9 0D 31 04 82 0B 83 13 10 27 00 00 00 41  TEL,9696,S5,3529,1073,2946,4995,10000,0
A5 54 E1 25 05 C9 0D 31 04 82 0B 83 13 10 27 00 00 00 43  TEL,9697,S5,3529,1073,2946,4995,10000,0
A5 54 E2 25 05 C9 0D 31 04 82 0B 83 13 10 27 00 00 00 45  TEL,9698,S5,3529,1073,2946,4995,10000,0
A5 54 E3 25 05 C9 0D 30 04 82 0B 83 13 10 27 00 00 00 58  TEL,9699,S5,3529,1072,2946,4995,10000,0
A5 54 E4 25 05 C9 0D 31 04 82 0B 83 13 10 27 00 00 00 49  TEL,9700,S5,3529,1073,2946,4995,10000,0
A5 54 E5 25 05 C9 0D 31 04 82 0B 83 13 10 27 00 00 00 4B  TEL,9701,S5,3529,1073,2946,4995,10000,0
A5 54 E6 25 05 26 0E 34 04 82 0B 83 13 10 27 00 00 00 64  TEL,9702,S5,3622,1076,2946,4995,10000,0
A5 54 E7 25 05 C9 0D 31 04 82 0B 83 13 10 27 00 00 00 4F  TEL,9703,S5,3529,1073,2946,4995,10000,0
A5 54 E8 25 05 AA 0D 2F 04 82 0B 83 13 10 27 00 00 00 A2  TEL,9704,S5,3498,1071,2946,4995,10000,0
A5 54 E9 25 05 C9 0D 30 04 82 0B 83 13 10 27 00 00 00 4C  TEL,9705,S5,3529,1072,2946,4995,10000,0
A5 54 EA 25 05 C9 0D 30 04 82 0B 83 13 10 27 00 00 00 4A  TEL,9706,S5,3529,1072,2946,4995,10000,0
A5 54 EB 25 05 C9 0D 30 04 82 0B 83 13 10 27 00 00 00 48  TEL,9707,S5,3529,1072,2946,4995,10000,0
A5 54 EC 25 05 6B 0D 2D 04 82 0B 83 13 10 27 00 00 00 0A  TEL,9708,S5,3435,1069,2946,4995,10000,0
A5 54 ED 25 05 26 0E 34 04 82 0B 83 13 10 27 00 00 00 72  TEL,9709,S5,3622,1076,2946,4995,10000,0
A5 54 EE 25 05 C9 0D 31 04 82 0B 83 13 10 27 00 00 00 5D  TEL,9710,S5,3529,1073,2946,4995,10000,0
A5 54 EF 25 05 C9 0D 30 04 82 0B 83 13 10 27 00 00 00 40  TEL,9711,S5,3529,1072,2946,4995,10000,0
A5 54 F0 25 05 C9 0D 31 04 82 0B 83 13 10 27 00 00 00 61  TEL,9712,S5,3529,1073,2946,4995,10000,0
A5 54 F1 25 05 C9 0D 31 04 82 0B 83 13 10 27 00 00 00 63  TEL,9713,S5,3529,1073,2946,4995,10000,0
A5 54 F2 25 05 C9 0D 31 04 82 0B 83 13 10 27 00 00 00 65  TEL,9714,S5,3529,1073,2946,4995,10000,0
A5 54 F3 25 05 C9 0D 31 04 82 0B 83 13 10 27 00 00 00 67  TEL,9715,S5,3529,1073,2946,4995,10000,0
A5 54 F4 25 05 C9 0D 30 04 82 0B 83 13 10 27 00 00 00 76  TEL,9716,S5,3529,1072,2946,4995,10000,0
A5 54 F5 25 05 C9 0D 30 04 82 0B 83 13 10 27 00 00 00 74  TEL,9717,S5,3529,1072,2946,4995,10000,0
A5 54 F6 25 05 AA 0D 2F 04 82 0B 83 13 10 27 00 00 00 9E  TEL,9718,S5,3498,1071,2946,4995,10000,0
A5 54 F7 25 05 C9 0D 31 04 82 0B 83 13 10 27 00 00 00 6F  TEL,9719,S5,3529,1073,2946,4995,10000,0
A5 54 F8 25 05 C9 0D 31 04 82 0B 83 13 10 27 00 00 00 71  TEL,9720,S5,3529,1073,2946,4995,10000,0
A5 54 F9 25 05 C9 0D 31 04 82 0B 83 13 10 27 00 00 00 73  TEL,9721,S5,3529,1073,2946,4995,10000,0
A5 54 FA 25 05 C9 0D 31 04 82 0B 83 13 10 27 00 00 00 75  TEL,9722,S5,3529,1073,2946,4995,10000,0
A5 54 FB 25 05 C9 0D 30 04 82 0B 83 13 10 27 00 00 00 68  TEL,9723,S5,3529,1072,2946,4995,10000,0
A5 54 FC 25 05 C9 0D 30 04 82 0B 83 13 10 27 00 00 00 66  TEL,9724,S5,3529,1072,2946,4995,10000,0
A5 54 FD 25 05 C9 0D 31 04 82 0B 83 13 10 27 00 00 00 7B  TEL,9725,S5,3529,1073,2946,4995,10000,0
A5 54 FE 25 05 C9 0D 30 04 82 0B 83 13 10 27 00 00 00 62  TEL,9726,S5,3529,1072,2946,4995,10000,0
A5 54 FF 25 05 C9 0D 30 04 82 0B 83 13 10 27 00 00 00 60  TEL,9727,S5,3529,1072,2946,4995,10000,0
A5 54 00 26 05 C9 0D 30 04 82 0B 83 13 10 27 00 00 00 41  TEL,9728,S5,3529,1072,2946,4995,10000,0
A5 54 01 26 05 C9 0D 31 04 82 0B 83 13 10 27 00 00 00 5C  TEL,9729,S5,3529,1073,2946,4995,10000,0
A5 54 02 26 05 C9 0D 30 04 82 0B 83 13 10 27 00 00 00 45  TEL,9730,S5,3529,1072,2946,4995,10000,0
A5 54 03 26 05 C9 0D 31 04 82 0B 83 13 10 27 00 00 00 58  TEL,9731,S5,3529,1073,2946,4995,10000,0
A5 54 04 26 05 C9 0D 30 04 82 0B 83 13 10 27 00 00 00 49  TEL,9732,S5,3529,1072,2946,4995,10000,0
A5 54 05 26 05 C9 0D 31 04 82 0B 83 13 10 27 00 00 00 54  TEL,9733,S5,3529,1073,2946,4995,10000,0
A5 54 06 26 05 C9 0D 30 04 82 0B 83 13 10 27 00 00 00 4D  TEL,9734,S5,3529,1072,2946,4995,10000,0
A5 54 07 26 05 C9 0D 31 04 82 0B 83 13 10 27 00 00 00 50  TEL,9735,S5,3529,1073,2946,4995,10000,0
A5 54 08 26 05 C9 0D 31 04 82 0B 83 13 10 27 00 00 00 4E  TEL,9736,S5,3529,1073,2946,4995,10000,0
A5 54 09 26 05 C9 0D 31 04 82 0B 83 13 10 27 00 00 00 4C  TEL,9737,S5,3529,1073,2946,4995,10000,0
A5 54 0A 26 05 C9 0D 31 04 82 0B 83 13 10 27 00 00 00 4A  TEL,9738,S5,3529,1073,2946,4995,10000,0
A5 54 0B 26 05 C9 0D 30 04 82 0B 83 13 10 27 00 00 00 57  TEL,9739,S5,3529,1072,2946,4995,10000,0
A5 54 0C 26 05 C9 0D 30 04 82 0B 83 13 10 27 00 00 00 59  TEL,9740,S5,3529,1072,2946,4995,10000,0
A5 54 0D 26 05 C9 0D 31 04 82 0B 83 13 10 27 00 00 00 44  TEL,9741,S5,3529,1073,2946,4995,10000,0
A5 54 0E 26 05 AA 0D 2F 04 82 0B 83 13 10 27 00 00 00 B1  TEL,9742,S5,3498,1071,2946,4995,10000,0
A5 54 0F 26 05 2D 0D 2B 04 82 0B 83 13 10 27 00 00 00 DB  TEL,9743,S5,3373,1067,2946,4995,10000,0
A5 54 10 26 05 C9 0D 31 04 82 0B 83 13 10 27 00 00 00 7E  TEL,9744,S5,3529,1073,2946,4995,10000,0
A5 54 11 26 05 C9 0D 30 04 82 0B 83 13 10 27 00 00 00 63  TEL,9745,S5,3529,1072,2946,4995,10000,0
A5 54 12 26 05 C9 0D 30 04 82 0B 83 13 10 27 00 00 00 65  TEL,9746,S5,3529,1072,2946,4995,10000,0
A5 54 13 26 05 C9 0D 30 04 82 0B 83 13 10 27 00 00 00 67  TEL,9747,S5,3529,1072,2946,4995,10000,0
A5 54 14 26 05 C9 0D 31 04 82 0B 83 13 10 27 00 00 00 76  TEL,9748,S5,3529,1073,2946,4995,10000,0
A5 54 15 26 05 C9 0D 30 04 82 0B 83 13 10 27 00 00 00 6B  TEL,9749,S5,3529,1072,2946,4995,10000,0
A5 54 16 26 05 C9 0D 31 04 82 0B 83 13 10 27 00 00 00 72  TEL,9750,S5,3529,1073,2946,4995,10000,0
A5 54 17 26 05 C9 0D 31 04 82 0B 83 13 10 27 00 00 00 70  TEL,9751,S5,3529,1073,2946,4995,10000,0
A5 54 18 26 05 C9 0D 30 04 82 0B 83 13 10 27 00 00 00 71  TEL,9752,S5,3529,1072,2946,4995,10000,0
A5 54 19 26 05 C9 0D 31 04 82 0B 83 13 10 27 00 00 00 6C  TEL,9753,S5,3529,1073,2946,4995,10000,0
A5 54 1A 26 05 C9 0D 30 04 82 0B 83 13 10 27 00 00 00 75  TEL,9754,S5,3529,1072,2946,4995,10000,0
A5 54 1B 26 05 C9 0D 30 04 82 0B 83 13 10 27 00 00 00 77  TEL,9755,S5,3529,1072,2946,4995,10000,0
A5 54 1C 26 05 C9 0D 30 04 82 0B 83 13 10 27 00 00 00 79  TEL,9756,S5,3529,1072,2946,4995,10000,0
A5 54 1D 26 05 C9 0D 31 04 82 0B 83 13 10 27 00 00 00 64  TEL,9757,S5,3529,1073,2946,4995,10000,0
A5 54 1E 26 05 C9 0D 30 04 82 0B 83 13 10 27 00 00 00 7D  TEL,9758,S5,3529,1072,2946,4995,10000,0
A5 54 1F 26 05 C9 0D 31 04 82 0B 83 13 10 27 00 00 00 60  TEL,9759,S5,3529,1073,2946,4995,10000,0
A5 54 20 26 05 C9 0D 30 04 82 0B 83 13 10 27 00 00 00 01  TEL,9760,S5,3529,1072,2946,4995,10000,0
A5 54 21 26 05 C9 0D 30 04 82 0B 83 13 10 27 00 00 00 03  TEL,9761,S5,3529,1072,2946,4995,10000,0
A5 54 22 26 05 C9 0D 30 04 82 0B 83 13 10 27 00 00 00 05  TEL,9762,S5,3529,1072,2946,4995,10000,0
A5 54 23 26 05 AA 0D 2F 04 82 0B 83 13 10 27 00 00 00 EB  TEL,9763,S5,3498,1071,2946,4995,10000,0
A5 54 24 26 05 45 0E 35 04 82 0B 83 13 10 27 00 00 00 9E  TEL,9764,S5,3653,1077,2946,4995,10000,0
A5 54 25 26 05 C9 0D 30 04 82 0B 83 13 10 27 00 00 00 0B  TEL,9765,S5,3529,1072,2946,4995,10000,0
A5 54 26 26 05 C9 0D 31 04 82 0B 83 13 10 27 00 00 00 12  TEL,9766,S5,3529,1073,2946,4995,10000,0
A5 54 27 26 05 C9 0D 30 04 82 0B 83 13 10 27 00 00 00 0F  TEL,9767,S5,3529,1072,2946,4995,10000,0
A5 54 28 26 05 C9 0D 31 04 82 0B 83 13 10 27 00 00 00 0E  TEL,9768,S5,3529,1073,2946,4995,10000,0
A5 54 29 26 05 C9 0D 31 04 82 0B 83 13 10 27 00 00 00 0C  TEL,9769,S5,3529,1073,2946,4995,10000,0
A5 54 2A 26 05 C9 0D 30 04 82 0B 83 13 10 27 00 00 00 15  TEL,9770,S5,3529,1072,2946,4995,10000,0
A5 54 2B 26 05 C9 0D 30 04 82 0B 83 13 10 27 00 00 00 17  TEL,9771,S5,3529,1072,2946,4995,10000,0
A5 54 2C 26 05 26 0E 34 04 82 0B 83 13 10 27 00 00 00 2F  TEL,9772,S5,3622,1076,2946,4995,10000,0
A5 54 2D 26 05 AA 0D 2F 04 82 0B 83 13 10 27 00 00 00 F7  TEL,9773,S5,3498,1071,2946,4995,10000,0
A5 54 2E 26 05 07 0E 33 04 82 0B 83 13 10 27 00 00 00 1C  TEL,9774,S5,3591,1075,2946,4995,10000,0
A5 54 2F 26 05 C9 0D 31 04 82 0B 83 13 10 27 00 00 00 00  TEL,9775,S5,3529,1073,2946,4995,10000,0
A5 54 30 26 05 C9 0D 31 04 82 0B 83 13 10 27 00 00 00 3E  TEL,9776,S5,3529,1073,2946,4995,10000,0
A5 54 31 26 05 C9 0D 31 04 82 0B 83 13 10 27 00 00 00 3C  TEL,9777,S5,3529,1073,2946,4995,10000,0
A5 54 32 26 05 C9 0D 31 04 82 0B 83 13 10 27 00 00 00 3A  TEL,9778,S5,3529,1073,2946,4995,10000,0
A5 54 33 26 05 C9 0D 30 04 82 0B 83 13 10 27 00 00 00 27  TEL,9779,S5,3529,1072,2946,4995,10000,0
A5 54 34 26 05 C9 0D 30 04 82 0B 83 13 10 27 00 00 00 29  TEL,9780,S5,3529,1072,2946,4995,10000,0
A5 54 35 26 05 C9 0D 30 04 82 0B 83 13 10 27 00 00 00 2B  TEL,9781,S5,3529,1072,2946,4995,10000,0
A5 54 36 26 05 C9 0D 31 04 82 0B 83 13 10 27 00 00 00 32  TEL,9782,S5,3529,1073,2946,4995,10000,0
A5 54 37 26 05 C9 0D 30 04 82 0B 83 13 10 27 00 00 00 2F  TEL,9783,S5,3529,1072,2946,4995,10000,0
A5 54 38 26 05 6B 0D 2D 04 82 0B 83 13 10 27 00 00 00 7D  TEL,9784,S5,3435,1069,2946,4995,10000,0
A5 54 39 26 05 C9 0D 31 04 82 0B 83 13 10 27 00 00 00 2C  TEL,9785,S5,3529,1073,2946,4995,10000,0
A5 54 3A 26 05 C9 0D 31 04 82 0B 83 13 10 27 00 00 00 2A  TEL,9786,S5,3529,1073,2946,4995,10000,0
A5 54 3B 26 05 C9 0D 30 04 82 0B 83 13 10 27 00 00 00 37  TEL,9787,S5,3529,1072,2946,4995,10000,0
A5 54 3C 26 05 6B 0D 2D 04 82 0B 83 13 10 27 00 00 00 75  TEL,9788,S5,3435,1069,2946,4995,10000,0
A5 54 3D 26 05 C9 0D 30 04 82 0B 83 13 10 27 00 00 00 3B  TEL,9789,S5,3529,1072,2946,4995,10000,0
A5 54 3E 26 05 C9 0D 30 04 82 0B 83 13 10 27 00 00 00 3D  TEL,9790,S5,3529,1072,2946,4995,10000,0
A5 54 3F 26 05 C9 0D 31 04 82 0B 83 13 10 27 00 00 00 20  TEL,9791,S5,3529,1073,2946,4995,10000,0
A5 54 40 26 05 C9 0D 30 04 82 0B 83 13 10 27 00 00 00 C1  TEL,9792,S5,3529,1072,2946,4995,10000,0
A5 54 41 26 05 C9 0D 30 04 82 0B 83 13 10 27 00 00 00 C3  TEL,9793,S5,3529,1072,2946,4995,10000,0
A5 54 42 26 05 C9 0D 31 04 82 0B 83 13 10 27 00 00 00 DA  TEL,9794,S5,3529,1073,2946,4995,10000,0
A5 54 43 26 05 C9 0D 30 04 82 0B 83 13 10 27 00 00 00 C7  TEL,9795,S5,3529,1072,2946,4995,10000,0
A5 54 44 26 05 C9 0D 30 04 82 0B 83 13 10 27 00 00 00 C9  TEL,9796,S5,3529,1072,2946,4995,10000,0
A5 54 45 26 05 C9 0D 31 04 82 0B 83 13 10 27 00 00 00 D4  TEL,9797,S5,3529,1073,2946,4995,10000,0
A5 54 46 26 05 C9 0D 30 04 82 0B 83 13 10 27 00 00 00 CD  TEL,9798,S5,3529,1072,2946,4995,10000,0
A5 54 47 26 05 4C 0D 2C 04 82 0B 83 13 10 27 00 00 00 87  TEL,9799,S5,3404,1068,2946,4995,10000,0
A5 54 48 26 05 C9 0D 31 04 82 0B 83 13 10 27 00 00 00 CE  TEL,9800,S5,3529,1073,2946,4995,10000,0
A5 54 49 26 05 C9 0D 31 04 82 0B 83 13 10 27 00 00 00 CC  TEL,9801,S5,3529,1073,2946,4995,10000,0
A5 54 4A 26 05 C9 0D 31 04 82 0B 83 13 10 27 00 00 00 CA  TEL,9802,S5,3529,1073,2946,4995,10000,0
A5 54 4B 26 05 AA 0D 2F 04 82 0B 83 13 10 27 00 00 00 3B  TEL,9803,S5,3498,1071,2946,4995,10000,0
A5 54 4C 26 05 C9 0D 31 04 82 0B 83 13 10 27 00 00 00 C6  TEL,9804,S5,3529,1073,2946,4995,10000,0
A5 54 4D 26 05 C9 0D 30 04 82 0B 83 13 10 27 00 00 00 DB  TEL,9805,S5,3529,1072,2946,4995,10000,0
A5 54 4E 26 05 C9 0D 30 04 82 0B 83 13 10 27 00 00 00 DD  TEL,9806,S5,3529,1072,2946,4995,10000,0
A5 54 4F 26 05 C9 0D 31 04 82 0B 83 13 10 27 00 00 00 C0  TEL,9807,S5,3529,1073,2946,4995,10000,0
A5 54 50 26 05 C9 0D 31 04 82 0B 83 13 10 27 00 00 00 FE  TEL,9808,S5,3529,1073,2946,4995,10000,0
A5 54 51 26 05 C9 0D 31 04 82 0B 83 13 10 27 00 00 00 FC  TEL,9809,S5,3529,1073,2946,4995,10000,0
A5 54 52 26 05 26 0E 34 04 82 0B 83 13 10 27 00 00 00 D3  TEL,9810,S5,3622,1076,2946,4995,10000,0
A5 54 53 26 05 26 0E 34 04 82 0B 83 13 10 27 00 00 00 D1  TEL,9811,S5,3622,1076,2946,4995,10000,0
A5 54 54 26 05 C9 0D 30 04 82 0B 83 13 10 27 00 00 00 E9  TEL,9812,S5,3529,1072,2946,4995,10000,0
A5 54 55 26 05 C9 0D 30 04 82 0B 83 13 10 27 00 00 00 EB  TEL,9813,S5,3529,1072,2946,4995,10000,0
A5 54 56 26 05 C9 0D 31 04 82 0B 83 13 10 27 00 00 00 F2  TEL,9814,S5,3529,1073,2946,4995,10000,0
A5 54 57 26 05 C9 0D 31 04 82 0B 83 13 10 27 00 00 00 F0  TEL,9815,S5,3529,1073,2946,4995,10000,0
A5 54 58 26 05 C9 0D 31 04 82 0B 83 13 10 27 00 00 00 EE  TEL,9816,S5,3529,1073,2946,4995,10000,0
A5 54 59 26 05 C9 0D 30 04 82 0B 83 13 10 27 00 00 00 F3  TEL,9817,S5,3529,1072,2946,4995,10000,0
A5 54 5A 26 05 AA 0D 2F 04 82 0B 83 13 10 27 00 00 00 19  TEL,9818,S5,3498,1071,2946,4995,10000,0
A5 54 5B 26 05 C9 0D 30 04 82 0B 83 13 10 27 00 00 00 F7  TEL,9819,S5,3529,1072,2946,4995,10000,0
A5 54 5C 26 05 AA 0D 2F 04 82 0B 83 13 10 27 00 00 00 15  TEL,9820,S5,3498,1071,2946,4995,10000,0
A5 54 5D 26 05 C9 0D 30 04 82 0B 83 13 10 27 00 00 00 FB  TEL,9821,S5,3529,1072,2946,4995,10000,0
A5 54 5E 26 05 AA 0D 2F 04 82 0B 83 13 10 27 00 00 00 11  TEL,9822,S5,3498,1071,2946,4995,10000,0
A5 54 5F 26 05 C9 0D 31 04 82 0B 83 13 10 27 00 00 00 E0  TEL,9823,S5,3529,1073,2946,4995,10000,0
A5 54 60 26 05 6B 0D 2D 04 82 0B 83 13 10 27 00 00 00 CD  TEL,9824,S5,3435,1069,2946,4995,10000,0
A5 54 61 26 05 C9 0D 30 04 82 0B 83 13 10 27 00 00 00 83  TEL,9825,S5,3529,1072,2946,4995,10000,0
A5 54 62 26 05 4C 0D 2C 04 82 0B 83 13 10 27 00 00 00 CD  TEL,9826,S5,3404,1068,2946,4995,10000,0
A5 54 63 26 05 AA 0D 2F 04 82 0B 83 13 10 27 00 00 00 6B  TEL,9827,S5,3498,1071,2946,4995,10000,0
A5 54 64 26 05 AA 0D 2F 04 82 0B 83 13 10 27 00 00 00 65  TEL,9828,S5,3498,1071,2946,4995,10000,0
A5 54 65 26 05 C9 0D 30 04 82 0B 83 13 10 27 00 00 00 8B  TEL,9829,S5,3529,1072,2946,4995,10000,0
A5 54 66 26 05 C9 0D 30 04 82 0B 83 13 10 27 00 00 00 8D  TEL,9830,S5,3529,1072,2946,4995,10000,0
A5 54 67 26 05 C9 0D 31 04 82 0B 83 13 10 27 00 00 00 90  TEL,9831,S5,3529,1073,2946,4995,10000,0
A5 54 68 26 05 C9 0D 30 04 82 0B 83 13 10 27 00 00 00 91  TEL,9832,S5,3529,1072,2946,4995,10000,0
A5 54 69 26 05 C9 0D 30 04 82 0B 83 13 10 27 00 00 00 93  TEL,9833,S5,3529,1072,2946,4995,10000,0
A5 54 6A 26 05 C9 0D 31 04 82 0B 83 13 10 27 00 00 00 8A  TEL,9834,S5,3529,1073,2946,4995,10000,0
A5 54 6B 26 05 C9 0D 30 04 82 0B 83 13 10 27 00 00 00 97  TEL,9835,S5,3529,1072,2946,4995,10000,0
A5 54 6C 26 05 AA 0D 2F 04 82 0B 83 13 10 27 00 00 00 75  TEL,9836,S5,3498,1071,2946,4995,10000,0
A5 54 6D 26 05 C9 0D 30 04 82 0B 83 13 10 27 00 00 00 9B  TEL,9837,S5,3529,1072,2946,4995,10000,0
A5 54 6E 26 05 C9 0D 31 04 82 0B 83 13 10 27 00 00 00 82  TEL,9838,S5,3529,1073,2946,4995,10000,0
A5 54 6F 26 05 6B 0D 2D 04 82 0B 83 13 10 27 00 00 00 D3  TEL,9839,S5,3435,1069,2946,4995,10000,0
A5 54 70 26 05 C9 0D 30 04 82 0B 83 13 10 27 00 00 00 A1  TEL,9840,S5,3529,1072,2946,4995,10000,0
A5 54 71 26 05 C9 0D 31 04 82 0B 83 13 10 27 00 00 00 BC  TEL,9841,S5,3529,1073,2946,4995,10000,0
A5 54 72 26 05 C9 0D 31 04 82 0B 83 13 10 27 00 00 00 BA  TEL,9842,S5,3529,1073,2946,4995,10000,0
A5 54 73 26 05 C9 0D 30 04 82 0B 83 13 10 27 00 00 00 A7  TEL,9843,S5,3529,1072,2946,4995,10000,0
A5 54 74 26 05 C9 0D 31 04 82 0B 83 13 10 27 00 00 00 B6  TEL,9844,S5,3529,1073,2946,4995,10000,0
A5 54 75 26 05 C9 0D 31 04 82 0B 83 13 10 27 00 00 00 B4  TEL,9845,S5,3529,1073,2946,4995,10000,0
A5 54 76 26 05 C9 0D 31 04 82 0B 83 13 10 27 00 00 00 B2  TEL,9846,S5,3529,1073,2946,4995,10000,0
A5 54 77 26 05 C9 0D 31 04 82 0B 83 13 10 27 00 00 00 B0  TEL,9847,S5,3529,1073,2946,4995,10000,0
A5 54 78 26 05 C9 0D 31 04 82 0B 83 13 10 27 00 00 00 AE  TEL,9848,S5,3529,1073,2946,4995,10000,0
A5 54 79 26 05 C9 0D 31 04 82 0B 83 13 10 27 00 00 00 AC  TEL,9849,S5,3529,1073,2946,4995,10000,0
A5 54 7A 26 05 AA 0D 2F 04 82 0B 83 13 10 27 00 00 00 59  TEL,9850,S5,3498,1071,2946,4995,10000,0
A5 54 7B 26 05 07 0E 33 04 82 0B 83 13 10 27 00 00 00 B6  TEL,9851,S5,3591,1075,2946,4995,10000,0
A5 54 7C 26 05 6B 0D 2D 04 82 0B 83 13 10 27 00 00 00 F5  TEL,9852,S5,3435,1069,2946,4995,10000,0
A5 54 7D 26 05 AA 0D 2F 04 82 0B 83 13 10 27 00 00 00 57  TEL,9853,S5,3498,1071,2946,4995,10000,0
A5 54 7E 26 05 C9 0D 30 04 82 0B 83 13 10 27 00 00 00 BD  TEL,9854,S5,3529,1072,2946,4995,10000,0
A5 54 7F 26 05 C9 0D 30 04 82 0B 83 13 10 27 00 00 00 BF  TEL,9855,S5,3529,1072,2946,4995,10000,0
A5 54 80 26 05 C9 0D 30 04 82 0B 83 13 10 27 00 00 00 46  TEL,9856,S5,3529,1072,2946,4995,10000,0
A5 54 81 26 05 C9 0D 31 04 82 0B 83 13 10 27 00 00 00 5B  TEL,9857,S5,3529,1073,2946,4995,10000,0
A5 54 82 26 05 C9 0D 30 04 82 0B 83 13 10 27 00 00 00 42  TEL,9858,S5,3529,1072,2946,4995,10000,0
A5 54 83 26 05 AA 0D 2F 04 82 0B 83 13 10 27 00 00 00 AC  TEL,9859,S5,3498,1071,2946,4995,10000,0
A5 54 84 26 05 C9 0D 31 04 82 0B 83 13 10 27 00 00 00 51  TEL,9860,S5,3529,1073,2946,4995,10000,0
A5 54 85 26 05 C9 0D 30 04 82 0B 83 13 10 27 00 00 00 4C  TEL,9861,S5,3529,1072,2946,4995,10000,0
A5 54 86 26 05 AA 0D 2F 04 82 0B 83 13 10 27 00 00 00 A6  TEL,9862,S5,3498,1071,2946,4995,10000,0
A5 54 87 26 05 AA 0D 2F 04 82 0B 83 13 10 27 00 00 00 A4  TEL,9863,S5,3498,1071,2946,4995,10000,0
A5 54 88 26 05 AA 0D 2F 04 82 0B 83 13 10 27 00 00 00 BA  TEL,9864,S5,3498,1071,2946,4995,10000,0
A5 54 89 26 05 C9 0D 30 04 82 0B 83 13 10 27 00 00 00 54  TEL,9865,S5,3529,1072,2946,4995,10000,0
A5 54 8A 26 05 C9 0D 30 04 82 0B 83 13 10 27 00 00 00 52  TEL,9866,S5,3529,1072,2946,4995,10000,0
A5 54 8B 26 05 C9 0D 30 04 82 0B 83 13 10 27 00 00 00 50  TEL,9867,S5,3529,1072,2946,4995,10000,0
A5 54 8C 26 05 C9 0D 31 04 82 0B 83 13 10 27 00 00 00 41  TEL,9868,S5,3529,1073,2946,4995,10000,0
A5 54 8D 26 05 C9 0D 30 04 82 0B 83 13 10 27 00 00 00 5C  TEL,9869,S5,3529,1072,2946,4995,10000,0
A5 54 8E 26 05 C9 0D 31 04 82 0B 83 13 10 27 00 00 00 45  TEL,9870,S5,3529,1073,2946,4995,10000,0
A5 54 8F 26 05 07 0E 33 04 82 0B 83 13 10 27 00 00 00 59  TEL,9871,S5,3591,1075,2946,4995,10000,0
A5 54 90 26 05 C9 0D 30 04 82 0B 83 13 10 27 00 00 00 66  TEL,9872,S5,3529,1072,2946,4995,10000,0
A5 54 91 26 05 C9 0D 31 04 82 0B 83 13 10 27 00 00 00 7B  TEL,9873,S5,3529,1073,2946,4995,10000,0
A5 54 92 26 05 C9 0D 30 04 82 0B 83 13 10 27 00 00 00 62  TEL,9874,S5,3529,1072,2946,4995,10000,0
A5 54 93 26 05 C9 0D 30 04 82 0B 83 13 10 27 00 00 00 60  TEL,9875,S5,3529,1072,2946,4995,10000,0
A5 54 94 26 05 C9 0D 31 04 82 0B 83 13 10 27 00 00 00 71  TEL,9876,S5,3529,1073,2946,4995,10000,0
A5 54 95 26 05 C9 0D 31 04 82 0B 83 13 10 27 00 00 00 73  TEL,9877,S5,3529,1073,2946,4995,10000,0
A5 54 96 26 05 C9 0D 31 04 82 0B 83 13 10 27 00 00 00 75  TEL,9878,S5,3529,1073,2946,4995,10000,0
A5 54 97 26 05 26 0E 34 04 82 0B 83 13 10 27 00 00 00 5E  TEL,9879,S5,3622,1076,2946,4995,10000,0
A5 54 98 26 05 C9 0D 30 04 82 0B 83 13 10 27 00 00 00 76  TEL,9880,S5,3529,1072,2946,4995,10000,0
A5 54 99 26 05 C9 0D 31 04 82 0B 83 13 10 27 00 00 00 6B  TEL,9881,S5,3529,1073,2946,4995,10000,0
A5 54 9A 26 05 8A 0D 2E 04 82 0B 83 13 10 27 00 00 00 7F  TEL,9882,S5,3466,1070,2946,4995,10000,0
A5 54 9B 26 05 C9 0D 31 04 82 0B 83 13 10 27 00 00 00 6F  TEL,9883,S5,3529,1073,2946,4995,10000,0
A5 54 9C 26 05 C9 0D 31 04 82 0B 83 13 10 27 00 00 00 61  TEL,9884,S5,3529,1073,2946,4995,10000,0
A5 54 9D 26 05 C9 0D 31 04 82 0B 83 13 10 27 00 00 00 63  TEL,9885,S5,3529,1073,2946,4995,10000,0
A5 54 9E 26 05 AA 0D 2F 04 82 0B 83 13 10 27 00 00 00 96  TEL,9886,S5,3498,1071,2946,4995,10000,0
A5 54 9F 26 05 C9 0D 31 04 82 0B 83 13 10 27 00 00 00 67  TEL,9887,S5,3529,1073,2946,4995,10000,0
A5 54 A0 26 05 C9 0D 31 04 82 0B 83 13 10 27 00 00 00 19  TEL,9888,S5,3529,1073,2946,4995,10000,0
A5 54 A1 26 05 C9 0D 31 04 82 0B 83 13 10 27 00 00 00 1B  TEL,9889,S5,3529,1073,2946,4995,10000,0
A5 54 A2 26 05 C9 0D 31 04 82 0B 83 13 10 27 00 00 00 1D  TEL,9890,S5,3529,1073,2946,4995,10000,0
A5 54 A3 26 05 C9 0D 31 04 82 0B 83 13 10 27 00 00 00 1F  TEL,9891,S5,3529,1073,2946,4995,10000,0
A5 54 A4 26 05 C9 0D 30 04 82 0B 83 13 10 27 00 00 00 0E  TEL,9892,S5,3529,1072,2946,4995,10000,0
A5 54 A5 26 05 C9 0D 31 04 82 0B 83 13 10 27 00 00 00 13  TEL,9893,S5,3529,1073,2946,4995,10000,0
A5 54 A6 26 05 6B 0D 2D 04 82 0B 83 13 10 27 00 00 00 46  TEL,9894,S5,3435,1069,2946,4995,10000,0
A5 54 A7 26 05 C9 0D 30 04 82 0B 83 13 10 27 00 00 00 08  TEL,9895,S5,3529,1072,2946,4995,10000,0
A5 54 A8 26 05 C9 0D 30 04 82 0B 83 13 10 27 00 00 00 16  TEL,9896,S5,3529,1072,2946,4995,10000,0
A5 54 A9 26 05 C9 0D 30 04 82 0B 83 13 10 27 00 00 00 14  TEL,9897,S5,3529,1072,2946,4995,10000,0
A5 54 AA 26 05 C9 0D 30 04 82 0B 83 13 10 27 00 00 00 12  TEL,9898,S5,3529,1072,2946,4995,10000,0
A5 54 AB 26 05 C9 0D 31 04 82 0B 83 13 10 27 00 00 00 0F  TEL,9899,S5,3529,1073,2946,4995,10000,0
A5 54 AC 26 05 C9 0D 30 04 82 0B 83 13 10 27 00 00 00 1E  TEL,9900,S5,3529,1072,2946,4995,10000,0
A5 54 AD 26 05 C9 0D 30 04 82 0B 83 13 10 27 00 00 00 1C  TEL,9901,S5,3529,1072,2946,4995,10000,0
A5 54 AE 26 05 C9 0D 30 04 82 0B 83 13 10 27 00 00 00 1A  TEL,9902,S5,3529,1072,2946,4995,10000,0
A5 54 AF 26 05 C9 0D 31 04 82 0B 83 13 10 27 00 00 00 07  TEL,9903,S5,3529,1073,2946,4995,10000,0
A5 54 B0 26 05 C9 0D 30 04 82 0B 83 13 10 27 00 00 00 26  TEL,9904,S5,3529,1072,2946,4995,10000,0
A5 54 B1 26 05 C9 0D 30 04 82 0B 83 13 10 27 00 00 00 24  TEL,9905,S5,3529,1072,2946,4995,10000,0
A5 54 B2 26 05 C9 0D 30 04 82 0B 83 13 10 27 00 00 00 22  TEL,9906,S5,3529,1072,2946,4995,10000,0
A5 54 B3 26 05 6B 0D 2D 04 82 0B 83 13 10 27 00 00 00 6C  TEL,9907,S5,3435,1069,2946,4995,10000,0
A5 54 B4 26 05 C9 0D 31 04 82 0B 83 13 10 27 00 00 00 31  TEL,9908,S5,3529,1073,2946,4995,10000,0
A5 54 B5 26 05 C9 0D 31 04 82 0B 83 13 10 27 00 00 00 33  TEL,9909,S5,3529,1073,2946,4995,10000,0
A5 54 B6 26 05 C9 0D 31 04 82 0B 83 13 10 27 00 00 00 35  TEL,9910,S5,3529,1073,2946,4995,10000,0
A5 54 B7 26 05 C9 0D 31 04 82 0B 83 13 10 27 00 00 00 37  TEL,9911,S5,3529,1073,2946,4995,10000,0
A5 54 B8 26 05 C9 0D 30 04 82 0B 83 13 10 27 00 00 00 36  TEL,9912,S5,3529,1072,2946,4995,10000,0
A5 54 B9 26 05 AA 0D 2F 04 82 0B 83 13 10 27 00 00 00 D8  TEL,9913,S5,3498,1071,2946,4995,10000,0
A5 54 BA 26 05 C9 0D 30 04 82 0B 83 13 10 27 00 00 00 32  TEL,9914,S5,3529,1072,2946,4995,10000,0
A5 54 BB 26 05 E8 0D 32 04 82 0B 83 13 10 27 00 00 00 64  TEL,9915,S5,3560,1074,2946,4995,10000,0
A5 54 BC 26 05 C9 0D 30 04 82 0B 83 13 10 27 00 00 00 3E  TEL,9916,S5,3529,1072,2946,4995,10000,0
A5 54 BD 26 05 C9 0D 31 04 82 0B 83 13 10 27 00 00 00 23  TEL,9917,S5,3529,1073,2946,4995,10000,0
A5 54 BE 26 05 AA 0D 2F 04 82 0B 83 13 10 27 00 00 00 D6  TEL,9918,S5,3498,1071,2946,4995,10000,0
A5 54 BF 26 05 C9 0D 30 04 82 0B 83 13 10 27 00 00 00 38  TEL,9919,S5,3529,1072,2946,4995,10000,0
A5 54 C0 26 05 C9 0D 31 04 82 0B 83 13 10 27 00 00 00 D9  TEL,9920,S5,3529,1073,2946,4995,10000,0
A5 54 C1 26 05 AA 0D 2F 04 82 0B 83 13 10 27 00 00 00 28  TEL,9921,S5,3498,1071,2946,4995,10000,0
A5 54 C2 26 05 C9 0D 30 04 82 0B 83 13 10 27 00 00 00 C2  TEL,9922,S5,3529,1072,2946,4995,10000,0
A5 54 C3 26 05 C9 0D 31 04 82 0B 83 13 10 27 00 00 00 DF  TEL,9923,S5,3529,1073,2946,4995,10000,0
A5 54 C4 26 05 C9 0D 30 04 82 0B 83 13 10 27 00 00 00 CE  TEL,9924,S5,3529,1072,2946,4995,10000,0
A5 54 C5 26 05 C9 0D 31 04 82 0B 83 13 10 27 00 00 00 D3  TEL,9925,S5,3529,1073,2946,4995,10000,0
A5 54 C6 26 05 C9 0D 31 04 82 0B 83 13 10 27 00 00 00 D5  TEL,9926,S5,3529,1073,2946,4995,10000,0
A5 54 C7 26 05 C9 0D 30 04 82 0B 83 13 10 27 00 00 00 C8  TEL,9927,S5,3529,1072,2946,4995,10000,0
A5 54 C8 26 05 2D 0D 2B 04 82 0B 83 13 10 27 00 00 00 52  TEL,9928,S5,3373,1067,2946,4995,10000,0
A5 54 C9 26 05 C9 0D 31 04 82 0B 83 13 10 27 00 00 00 CB  TEL,9929,S5,3529,1073,2946,4995,10000,0
A5 54 CA 26 05 C9 0D 31 04 82 0B 83 13 10 27 00 00 00 CD  TEL,9930,S5,3529,1073,2946,4995,10000,0
A5 54 CB 26 05 45 0E 35 04 82 0B 83 13 10 27 00 00 00 47  TEL,9931,S5,3653,1077,2946,4995,10000,0
A5 54 CC 26 05 C9 0D 31 04 82 0B 83 13 10 27 00 00 00 C1  TEL,9932,S5,3529,1073,2946,4995,10000,0
A5 54 CD 26 05 C9 0D 31 04 82 0B 83 13 10 27 00 00 00 C3  TEL,9933,S5,3529,1073,2946,4995,10000,0
A5 54 CE 26 05 C9 0D 31 04 82 0B 83 13 10 27 00 00 00 C5  TEL,9934,S5,3529,1073,2946,4995,10000,0
A5 54 CF 26 05 C9 0D 30 04 82 0B 83 13 10 27 00 00 00 D8  TEL,9935,S5,3529,1072,2946,4995,10000,0
A5 54 D0 26 05 C9 0D 31 04 82 0B 83 13 10 27 00 00 00 F9  TEL,9936,S5,3529,1073,2946,4995,10000,0
A5 54 D1 26 05 26 0E 34 04 82 0B 83 13 10 27 00 00 00 D2  TEL,9937,S5,3622,1076,2946,4995,10000,0
A5 54 D2 26 05 C9 0D 30 04 82 0B 83 13 10 27 00 00 00 E2  TEL,9938,S5,3529,1072,2946,4995,10000,0
A5 54 D3 26 05 C9 0D 30 04 82 0B 83 13 10 27 00 00 00 E0  TEL,9939,S5,3529,1072,2946,4995,10000,0
A5 54 D4 26 05 C9 0D 30 04 82 0B 83 13 10 27 00 00 00 EE  TEL,9940,S5,3529,1072,2946,4995,10000,0
A5 54 D5 26 05 C9 0D 30 04 82 0B 83 13 10 27 00 00 00 EC  TEL,9941,S5,3529,1072,2946,4995,10000,0
A5 54 D6 26 05 C9 0D 30 04 82 0B 83 13 10 27 00 00 00 EA  TEL,9942,S5,3529,1072,2946,4995,10000,0
A5 54 D7 26 05 AA 0D 2F 04 82 0B 83 13 10 27 00 00 00 04  TEL,9943,S5,3498,1071,2946,4995,10000,0
A5 54 D8 26 05 C9 0D 30 04 82 0B 83 13 10 27 00 00 00 F6  TEL,9944,S5,3529,1072,2946,4995,10000,0
A5 54 D9 26 05 26 0E 34 04 82 0B 83 13 10 27 00 00 00 C2  TEL,9945,S5,3622,1076,2946,4995,10000,0
A5 54 DA 26 05 C9 0D 30 04 82 0B 83 13 10 27 00 00 00 F2  TEL,9946,S5,3529,1072,2946,4995,10000,0
A5 54 DB 26 05 C9 0D 30 04 82 0B 83 13 10 27 00 00 00 F0  TEL,9947,S5,3529,1072,2946,4995,10000,0
A5 54 DC 26 05 C9 0D 31 04 82 0B 83 13 10 27 00 00 00 E1  TEL,9948,S5,3529,1073,2946,4995,10000,0
A5 54 DD 26 05 C9 0D 31 04 82 0B 83 13 10 27 00 00 00 E3  TEL,9949,S5,3529,1073,2946,4995,10000,0
A5 54 DE 26 05 C9 0D 31 04 82 0B 83 13 10 27 00 00 00 E5  TEL,9950,S5,3529,1073,2946,4995,10000,0
A5 54 DF 26 05 C9 0D 31 04 82 0B 83 13 10 27 00 00 00 E7  TEL,9951,S5,3529,1073,2946,4995,10000,0
A5 54 E0 26 05 C9 0D 30 04 82 0B 83 13 10 27 00 00 00 86  TEL,9952,S5,3529,1072,2946,4995,10000,0
A5 54 E1 26 05 C9 0D 31 04 82 0B 83 13 10 27 00 00 00 9B  TEL,9953,S5,3529,1073,2946,4995,10000,0
A5 54 E2 26 05 C9 0D 30 04 82 0B 83 13 10 27 00 00 00 82  TEL,9954,S5,3529,1072,2946,4995,10000,0
A5 54 E3 26 05 C9 0D 31 04 82 0B 83 13 10 27 00 00 00 9F  TEL,9955,S5,3529,1073,2946,4995,10000,0
A5 54 E4 26 05 C9 0D 30 04 82 0B 83 13 10 27 00 00 00 8E  TEL,9956,S5,3529,1072,2946,4995,10000,0
A5 54 E5 26 05 C9 0D 30 04 82 0B 83 13 10 27 00 00 00 8C  TEL,9957,S5,3529,1072,2946,4995,10000,0
A5 54 E6 26 05 C9 0D 30 04 82 0B 83 13 10 27 00 00 00 8A  TEL,9958,S5,3529,1072,2946,4995,10000,0
A5 54 E7 26 05 C9 0D 31 04 82 0B 83 13 10 27 00 00 00 97  TEL,9959,S5,3529,1073,2946,4995,10000,0
A5 54 E8 26 05 C9 0D 31 04 82 0B 83 13 10 27 00 00 00 89  TEL,9960,S5,3529,1073,2946,4995,10000,0
A5 54 E9 26 05 C9 0D 30 04 82 0B 83 13 10 27 00 00 00 94  TEL,9961,S5,3529,1072,2946,4995,10000,0
A5 54 EA 26 05 C9 0D 30 04 82 0B 83 13 10 27 00 00 00 92  TEL,9962,S5,3529,1072,2946,4995,10000,0
A5 54 EB 26 05 C9 0D 30 04 82 0B 83 13 10 27 00 00 00 90  TEL,9963,S5,3529,1072,2946,4995,10000,0
A5 54 EC 26 05 C9 0D 30 04 82 0B 83 13 10 27 00 00 00 9E  TEL,9964,S5,3529,1072,2946,4995,10000,0
A5 54 ED 26 05 C9 0D 30 04 82 0B 83 13 10 27 00 00 00 9C  TEL,9965,S5,3529,1072,2946,4995,10000,0
A5 54 EE 26 05 C9 0D 31 04 82 0B 83 13 10 27 00 00 00 85  TEL,9966,S5,3529,1073,2946,4995,10000,0
A5 54 EF 26 05 C9 0D 30 04 82 0B 83 13 10 27 00 00 00 98  TEL,9967,S5,3529,1072,2946,4995,10000,0
A5 54 F0 26 05 C9 0D 31 04 82 0B 83 13 10 27 00 00 00 B9  TEL,9968,S5,3529,1073,2946,4995,10000,0
A5 54 F1 26 05 C9 0D 31 04 82 0B 83 13 10 27 00 00 00 BB  TEL,9969,S5,3529,1073,2946,4995,10000,0
A5 54 F2 26 05 C9 0D 30 04 82 0B 83 13 10 27 00 00 00 A2  TEL,9970,S5,3529,1072,2946,4995,10000,0
A5 54 F3 26 05 C9 0D 31 04 82 0B 83 13 10 27 00 00 00 BF  TEL,9971,S5,3529,1073,2946,4995,10000,0
A5 54 F4 26 05 6B 0D 2D 04 82 0B 83 13 10 27 00 00 00 E2  TEL,9972,S5,3435,1069,2946,4995,10000,0
A5 54 F5 26 05 C9 0D 31 04 82 0B 83 13 10 27 00 00 00 B3  TEL,9973,S5,3529,1073,2946,4995,10000,0
A5 54 F6 26 05 AA 0D 2F 04 82 0B 83 13 10 27 00 00 00 46  TEL,9974,S5,3498,1071,2946,4995,10000,0
A5 54 F7 26 05 6B 0D 2D 04 82 0B 83 13 10 27 00 00 00 E4  TEL,9975,S5,3435,1069,2946,4995,10000,0
A5 54 F8 26 05 C9 0D 30 04 82 0B 83 13 10 27 00 00 00 B6  TEL,9976,S5,3529,1072,2946,4995,10000,0
A5 54 F9 26 05 C9 0D 30 04 82 0B 83 13 10 27 00 00 00 B4  TEL,9977,S5,3529,1072,2946,4995,10000,0
A5 54 FA 26 05 C9 0D 31 04 82 0B 83 13 10 27 00 00 00 AD  TEL,9978,S5,3529,1073,2946,4995,10000,0
A5 54 FB 26 05 AA 0D 2F 04 82 0B 83 13 10 27 00 00 00 5C  TEL,9979,S5,3498,1071,2946,4995,10000,0
A5 54 FC 26 05 AA 0D 2F 04 82 0B 83 13 10 27 00 00 00 52  TEL,9980,S5,3498,1071,2946,4995,10000,0
A5 54 FD 26 05 C9 0D 31 04 82 0B 83 13 10 27 00 00 00 A3  TEL,9981,S5,3529,1073,2946,4995,10000,0
A5 54 FE 26 05 AA 0D 2F 04 82 0B 83 13 10 27 00 00 00 56  TEL,9982,S5,3498,1071,2946,4995,10000,0
A5 54 FF 26 05 C9 0D 31 04 82 0B 83 13 10 27 00 00 00 A7  TEL,9983,S5,3529,1073,2946,4995,10000,0
A5 54 00 27 05 C9 0D 31 04 82 0B 83 13 10 27 00 00 00 EB  TEL,9984,S5,3529,1073,2946,4995,10000,0
A5 54 01 27 05 C9 0D 30 04 82 0B 83 13 10 27 00 00 00 F6  TEL,9985,S5,3529,1072,2946,4995,10000,0
A5 54 02 27 05 C9 0D 31 04 82 0B 83 13 10 27 00 00 00 EF  TEL,9986,S5,3529,1073,2946,4995,10000,0
A5 54 03 27 05 C9 0D 30 04 82 0B 83 13 10 27 00 00 00 F2  TEL,9987,S5,3529,1072,2946,4995,10000,0
A5 54 04 27 05 C9 0D 31 04 82 0B 83 13 10 27 00 00 00 E3  TEL,9988,S5,3529,1073,2946,4995,10000,0
A5 54 05 27 05 C9 0D 31 04 82 0B 83 13 10 27 00 00 00 E1  TEL,9989,S5,3529,1073,2946,4995,10000,0
A5 54 06 27 05 C9 0D 31 04 82 0B 83 13 10 27 00 00 00 E7  TEL,9990,S5,3529,1073,2946,4995,10000,0
A5 54 07 27 05 C9 0D 31 04 82 0B 83 13 10 27 00 00 00 E5  TEL,9991,S5,3529,1073,2946,4995,10000,0
A5 54 08 27 05 C9 0D 30 04 82 0B 83 13 10 27 00 00 00 E4  TEL,9992,S5,3529,1072,2946,4995,10000,0
A5 54 09 27 05 AA 0D 2F 04 82 0B 83 13 10 27 00 00 00 0A  TEL,9993,S5,3498,1071,2946,4995,10000,0
A5 54 0A 27 05 AA 0D 2F 04 82 0B 83 13 10 27 00 00 00 0C  TEL,9994,S5,3498,1071,2946,4995,10000,0
A5 54 0B 27 05 2D 0D 2B 04 82 0B 83 13 10 27 00 00 00 66  TEL,9995,S5,3373,1067,2946,4995,10000,0
A5 54 0C 27 05 C9 0D 31 04 82 0B 83 13 10 27 00 00 00 F3  TEL,9996,S5,3529,1073,2946,4995,10000,0
A5 54 0D 27 05 26 0E 34 04 82 0B 83 13 10 27 00 00 00 D8  TEL,9997,S5,3622,1076,2946,4995,10000,0
A5 54 0E 27 05 C9 0D 31 04 82 0B 83 13 10 27 00 00 00 F7  TEL,9998,S5,3529,1073,2946,4995,10000,0
A5 54 0F 27 05 AA 0D 2F 04 82 0B 83 13 10 27 00 00 00 06  TEL,9999,S5,3498,1071,2946,4995,10000,0
A5 54 10 27 05 C9 0D 30 04 82 0B 83 13 10 27 00 00 00 D4  TEL,10000,S5,3529,1072,2946,4995,10000,0
A5 54 11 27 05 C9 0D 31 04 82 0B 83 13 10 27 00 00 00 C9  TEL,10001,S5,3529,1073,2946,4995,10000,0
A5 54 12 27 05 AA 0D 2F 04 82 0B 83 13 10 27 00 00 00 3C  TEL,10002,S5,3498,1071,2946,4995,10000,0
A5 54 13 27 05 C9 0D 31 04 82 0B 83 13 10 27 00 00 00 CD  TEL,10003,S5,3529,1073,2946,4995,10000,0
A5 54 14 27 05 C9 0D 31 04 82 0B 83 13 10 27 00 00 00 C3  TEL,10004,S5,3529,1073,2946,4995,10000,0
A5 54 15 27 05 C9 0D 31 04 82 0B 83 13 10 27 00 00 00 C1  TEL,10005,S5,3529,1073,2946,4995,10000,0
A5 54 16 27 05 C9 0D 31 04 82 0B 83 13 10 27 00 00 00 C7  TEL,10006,S5,3529,1073,2946,4995,10000,0
A5 54 17 27 05 AA 0D 2F 04 82 0B 83 13 10 27 00 00 00 36  TEL,10007,S5,3498,1071,2946,4995,10000,0
A5 54 18 27 05 AA 0D 2F 04 82 0B 83 13 10 27 00 00 00 28  TEL,10008,S5,3498,1071,2946,4995,10000,0
A5 54 19 27 05 C9 0D 31 04 82 0B 83 13 10 27 00 00 00 D9  TEL,10009,S5,3529,1073,2946,4995,10000,0
A5 54 1A 27 05 AA 0D 2F 04 82 0B 83 13 10 27 00 00 00 2C  TEL,10010,S5,3498,1071,2946,4995,10000,0
A5 54 1B 27 05 C9 0D 30 04 82 0B 83 13 10 27 00 00 00 C2  TEL,10011,S5,3529,1072,2946,4995,10000,0
A5 54 1C 27 05 C9 0D 30 04 82 0B 83 13 10 27 00 00 00 CC  TEL,10012,S5,3529,1072,2946,4995,10000,0
A5 54 1D 27 05 C9 0D 31 04 82 0B 83 13 10 27 00 00 00 D1  TEL,10013,S5,3529,1073,2946,4995,10000,0
A5 54 1E 27 05 C9 0D 30 04 82 0B 83 13 10 27 00 00 00 C8  TEL,10014,S5,3529,1072,2946,4995,10000,0
A5 54 1F 27 05 C9 0D 30 04 82 0B 83 13 10 27 00 00 00 CA  TEL,10015,S5,3529,1072,2946,4995,10000,0
A5 54 20 27 05 C9 0D 31 04 82 0B 83 13 10 27 00 00 00 AB  TEL,10016,S5,3529,1073,2946,4995,10000,0
A5 54 21 27 05 C9 0D 30 04 82 0B 83 13 10 27 00 00 00 B6  TEL,10017,S5,3529,1072,2946,4995,10000,0
A5 54 22 27 05 C9 0D 30 04 82 0B 83 13 10 27 00 00 00 B0  TEL,10018,S5,3529,1072,2946,4995,10000,0
A5 54 23 27 05 4C 0D 2C 04 82 0B 83 13 10 27 00 00 00 FA  TEL,10019,S5,3404,1068,2946,4995,10000,0
A5 54 24 27 05 C9 0D 30 04 82 0B 83 13 10 27 00 00 00 BC  TEL,10020,S5,3529,1072,2946,4995,10000,0
A5 54 25 27 05 C9 0D 31 04 82 0B 83 13 10 27 00 00 00 A1  TEL,10021,S5,3529,1073,2946,4995,10000,0
A5 54 26 27 05 C9 0D 31 04 82 0B 83 13 10 27 00 00 00 A7  TEL,10022,S5,3529,1073,2946,4995,10000,0
A5 54 27 27 05 C9 0D 30 04 82 0B 83 13 10 27 00 00 00 BA  TEL,10023,S5,3529,1072,2946,4995,10000,0
A5 54 28 27 05 C9 0D 30 04 82 0B 83 13 10 27 00 00 00 A4  TEL,10024,S5,3529,1072,2946,4995,10000,0
A5 54 29 27 05 C9 0D 31 04 82 0B 83 13 10 27 00 00 00 B9  TEL,10025,S5,3529,1073,2946,4995,10000,0
A5 54 2A 27 05 2D 0D 2B 04 82 0B 83 13 10 27 00 00 00 24  TEL,10026,S5,3373,1067,2946,4995,10000,0
A5 54 2B 27 05 2D 0D 2B 04 82 0B 83 13 10 27 00 00 00 26  TEL,10027,S5,3373,1067,2946,4995,10000,0
A5 54 2C 27 05 C9 0D 30 04 82 0B 83 13 10 27 00 00 00 AC  TEL,10028,S5,3529,1072,2946,4995,10000,0
A5 54 2D 27 05 C9 0D 31 04 82 0B 83 13 10 27 00 00 00 B1  TEL,10029,S5,3529,1073,2946,4995,10000,0
A5 54 2E 27 05 C9 0D 30 04 82 0B 83 13 10 27 00 00 00 A8  TEL,10030,S5,3529,1072,2946,4995,10000,0
A5 54 2F 27 05 C9 0D 30 04 82 0B 83 13 10 27 00 00 00 AA  TEL,10031,S5,3529,1072,2946,4995,10000,0
A5 54 30 27 05 C9 0D 31 04 82 0B 83 13 10 27 00 00 00 8B  TEL,10032,S5,3529,1073,2946,4995,10000,0
A5 54 31 27 05 C9 0D 31 04 82 0B 83 13 10 27 00 00 00 89  TEL,10033,S5,3529,1073,2946,4995,10000,0
A5 54 32 27 05 C9 0D 31 04 82 0B 83 13 10 27 00 00 00 8F  TEL,10034,S5,3529,1073,2946,4995,10000,0
A5 54 33 27 05 C9 0D 30 04 82 0B 83 13 10 27 00 00 00 92  TEL,10035,S5,3529,1072,2946,4995,10000,0
A5 54 34 27 05 C9 0D 31 04 82 0B 83 13 10 27 00 00 00 83  TEL,10036,S5,3529,1073,2946,4995,10000,0
A5 54 35 27 05 26 0E 34 04 82 0B 83 13 10 27 00 00 00 A8  TEL,10037,S5,3622,1076,2946,4995,10000,0
A5 54 36 27 05 C9 0D 31 04 82 0B 83 13 10 27 00 00 00 87  TEL,10038,S5,3529,1073,2946,4995,10000,0
A5 54 37 27 05 C9 0D 30 04 82 0B 83 13 10 27 00 00 00 9A  TEL,10039,S5,3529,1072,2946,4995,10000,0
A5 54 38 27 05 AA 0D 2F 04 82 0B 83 13 10 27 00 00 00 68  TEL,10040,S5,3498,1071,2946,4995,10000,0
A5 54 39 27 05 C9 0D 31 04 82 0B 83 13 10 27 00 00 00 99  TEL,10041,S5,3529,1073,2946,4995,10000,0
A5 54 3A 27 05 C9 0D 30 04 82 0B 83 13 10 27 00 00 00 80  TEL,10042,S5,3529,1072,2946,4995,10000,0
A5 54 3B 27 05 C9 0D 30 04 82 0B 83 13 10 27 00 00 00 82  TEL,10043,S5,3529,1072,2946,4995,10000,0
A5 54 3C 27 05 C9 0D 30 04 82 0B 83 13 10 27 00 00 00 8C  TEL,10044,S5,3529,1072,2946,4995,10000,0
A5 54 3D 27 05 C9 0D 31 04 82 0B 83 13 10 27 00 00 00 91  TEL,10045,S5,3529,1073,2946,4995,10000,0
A5 54 3E 27 05 C9 0D 30 04 82 0B 83 13 10 27 00 00 00 88  TEL,10046,S5,3529,1072,2946,4995,10000,0
A5 54 3F 27 05 C9 0D 30 04 82 0B 83 13 10 27 00 00 00 8A  TEL,10047,S5,3529,1072,2946,4995,10000,0
A5 54 40 27 05 C9 0D 30 04 82 0B 83 13 10 27 00 00 00 74  TEL,10048,S5,3529,1072,2946,4995,10000,0
A5 54 41 27 05 C9 0D 31 04 82 0B 83 13 10 27 00 00 00 69  TEL,10049,S5,3529,1073,2946,4995,10000,0
A5 54 42 27 05 C9 0D 30 04 82 0B 83 13 10 27 00 00 00 70  TEL,10050,S5,3529,1072,2946,4995,10000,0
A5 54 43 27 05 C9 0D 31 04 82 0B 83 13 10 27 00 00 00 6D  TEL,10051,S5,3529,1073,2946,4995,10000,0
A5 54 44 27 05 C9 0D 31 04 82 0B 83 13 10 27 00 00 00 63  TEL,10052,S5,3529,1073,2946,4995,10000,0
A5 54 45 27 05 C9 0D 31 04 82 0B 83 13 10 27 00 00 00 61  TEL,10053,S5,3529,1073,2946,4995,10000,0
A5 54 46 27 05 C9 0D 31 04 82 0B 83 13 10 27 00 00 00 67  TEL,10054,S5,3529,1073,2946,4995,10000,0
A5 54 47 27 05 C9 0D 31 04 82 0B 83 13 10 27 00 00 00 65  TEL,10055,S5,3529,1073,2946,4995,10000,0
A5 54 48 27 05 C9 0D 31 04 82 0B 83 13 10 27 00 00 00 7B  TEL,10056,S5,3529,1073,2946,4995,10000,0
A5 54 49 27 05 C9 0D 31 04 82 0B 83 13 10 27 00 00 00 79  TEL,10057,S5,3529,1073,2946,4995,10000,0
A5 54 4A 27 05 C9 0D 31 04 82 0B 83 13 10 27 00 00 00 7F  TEL,10058,S5,3529,1073,2946,4995,10000,0
A5 54 4B 27 05 07 0E 33 04 82 0B 83 13 10 27 00 00 00 63  TEL,10059,S5,3591,1075,2946,4995,10000,0
A5 54 4C 27 05 C9 0D 31 04 82 0B 83 13 10 27 00 00 00 73  TEL,10060,S5,3529,1073,2946,4995,10000,0
A5 54 4D 27 05 C9 0D 31 04 82 0B 83 13 10 27 00 00 00 71  TEL,10061,S5,3529,1073,2946,4995,10000,0
A5 54 4E 27 05 C9 0D 31 04 82 0B 83 13 10 27 00 00 00 77  TEL,10062,S5,3529,1073,2946,4995,10000,0
A5 54 4F 27 05 C9 0D 31 04 82 0B 83 13 10 27 00 00 00 75  TEL,10063,S5,3529,1073,2946,4995,10000,0
A5 54 50 27 05 07 0E 33 04 82 0B 83 13 10 27 00 00 00 55  TEL,10064,S5,3591,1075,2946,4995,10000,0
A5 54 51 27 05 C9 0D 30 04 82 0B 83 13 10 27 00 00 00 56  TEL,10065,S5,3529,1072,2946,4995,10000,0
A5 54 52 27 05 C9 0D 31 04 82 0B 83 13 10 27 00 00 00 4F  TEL,10066,S5,3529,1073,2946,4995,10000,0
A5 54 53 27 05 EF 0C 29 04 82 0B 83 13 10 27 00 00 00 90  TEL,10067,S5,3311,1065,2946,4995,10000,0
A5 54 54 27 05 C9 0D 30 04 82 0B 83 13 10 27 00 00 00 5C  TEL,10068,S5,3529,1072,2946,4995,10000,0
A5 54 55 27 05 C9 0D 31 04 82 0B 83 13 10 27 00 00 00 41  TEL,10069,S5,3529,1073,2946,4995,10000,0
A5 54 56 27 05 C9 0D 31 04 82 0B 83 13 10 27 00 00 00 47  TEL,10070,S5,3529,1073,2946,4995,10000,0
A5 54 57 27 05 C9 0D 31 04 82 0B 83 13 10 27 00 00 00 45  TEL,10071,S5,3529,1073,2946,4995,10000,0
A5 54 58 27 05 C9 0D 31 04 82 0B 83 13 10 27 00 00 00 5B  TEL,10072,S5,3529,1073,2946,4995,10000,0
A5 54 59 27 05 4C 0D 2C 04 82 0B 83 13 10 27 00 00 00 0E  TEL,10073,S5,3404,1068,2946,4995,10000,0
A5 54 5A 27 05 C9 0D 30 04 82 0B 83 13 10 27 00 00 00 40  TEL,10074,S5,3529,1072,2946,4995,10000,0
A5 54 5B 27 05 C9 0D 31 04 82 0B 83 13 10 27 00 00 00 5D  TEL,10075,S5,3529,1073,2946,4995,10000,0
A5 54 5C 27 05 C9 0D 30 04 82 0B 83 13 10 27 00 00 00 4C  TEL,10076,S5,3529,1072,2946,4995,10000,0
A5 54 5D 27 05 4C 0D 2C 04 82 0B 83 13 10 27 00 00 00 06  TEL,10077,S5,3404,1068,2946,4995,10000,0
A5 54 5E 27 05 C9 0D 31 04 82 0B 83 13 10 27 00 00 00 57  TEL,10078,S5,3529,1073,2946,4995,10000,0
A5 54 5F 27 05 C9 0D 31 04 82 0B 83 13 10 27 00 00 00 55  TEL,10079,S5,3529,1073,2946,4995,10000,0
A5 54 60 27 05 C9 0D 31 04 82 0B 83 13 10 27 00 00 00 2B  TEL,10080,S5,3529,1073,2946,4995,10000,0
A5 54 61 27 05 C9 0D 30 04 82 0B 83 13 10 27 00 00 00 36  TEL,10081,S5,3529,1072,2946,4995,10000,0
A5 54 62 27 05 AA 0D 2F 04 82 0B 83 13 10 27 00 00 00 DC  TEL,10082,S5,3498,1071,2946,4995,10000,0
A5 54 63 27 05 C9 0D 31 04 82 0B 83 13 10 27 00 00 00 2D  TEL,10083,S5,3529,1073,2946,4995,10000,0
A5 54 64 27 05 C9 0D 30 04 82 0B 83 13 10 27 00 00 00 3C  TEL,10084,S5,3529,1072,2946,4995,10000,0
A5 54 65 27 05 C9 0D 31 04 82 0B 83 13 10 27 00 00 00 21  TEL,10085,S5,3529,1073,2946,4995,10000,0
A5 54 66 27 05 C9 0D 31 04 82 0B 83 13 10 27 00 00 00 27  TEL,10086,S5,3529,1073,2946,4995,10000,0
A5 54 67 27 05 C9 0D 30 04 82 0B 83 13 10 27 00 00 00 3A  TEL,10087,S5,3529,1072,2946,4995,10000,0
A5 54 68 27 05 C9 0D 30 04 82 0B 83 13 10 27 00 00 00 24  TEL,10088,S5,3529,1072,2946,4995,10000,0
A5 54 69 27 05 C9 0D 31 04 82 0B 83 13 10 27 00 00 00 39  TEL,10089,S5,3529,1073,2946,4995,10000,0
A5 54 6A 27 05 C9 0D 30 04 82 0B 83 13 10 27 00 00 00 20  TEL,10090,S5,3529,1072,2946,4995,10000,0
A5 54 6B 27 05 C9 0D 30 04 82 0B 83 13 10 27 00 00 00 22  TEL,10091,S5,3529,1072,2946,4995,10000,0
A5 54 6C 27 05 C9 0D 31 04 82 0B 83 13 10 27 00 00 00 33  TEL,10092,S5,3529,1073,2946,4995,10000,0
A5 54 6D 27 05 AA 0D 2F 04 82 0B 83 13 10 27 00 00 00 C2  TEL,10093,S5,3498,1071,2946,4995,10000,0
A5 54 6E 27 05 C9 0D 30 04 82 0B 83 13 10 27 00 00 00 28  TEL,10094,S5,3529,1072,2946,4995,10000,0
A5 54 6F 27 05 C9 0D 31 04 82 0B 83 13 10 27 00 00 00 35  TEL,10095,S5,3529,1073,2946,4995,10000,0
A5 54 70 27 05 C9 0D 31 04 82 0B 83 13 10 27 00 00 00 0B  TEL,10096,S5,3529,1073,2946,4995,10000,0
A5 54 71 27 05 C9 0D 31 04 82 0B 83 13 10 27 00 00 00 09  TEL,10097,S5,3529,1073,2946,4995,10000,0
A5 54 72 27 05 C9 0D 30 04 82 0B 83 13 10 27 00 00 00 10  TEL,10098,S5,3529,1072,2946,4995,10000,0
A5 54 73 27 05 C9 0D 31 04 82 0B 83 13 10 27 00 00 00 0D  TEL,10099,S5,3529,1073,2946,4995,10000,0
A5 54 74 27 05 C9 0D 30 04 82 0B 83 13 10 27 00 00 00 1C  TEL,10100,S5,3529,1072,2946,4995,10000,0
A5 54 75 27 05 C9 0D 31 04 82 0B 83 13 10 27 00 00 00 01  TEL,10101,S5,3529,1073,2946,4995,10000,0
A5 54 76 27 05 C9 0D 31 04 82 0B 83 13 10 27 00 00 00 07  TEL,10102,S5,3529,1073,2946,4995,10000,0
A5 54 77 27 05 C9 0D 30 04 82 0B 83 13 10 27 00 00 00 1A  TEL,10103,S5,3529,1072,2946,4995,10000,0
A5 54 78 27 05 AA 0D 2F 04 82 0B 83 13 10 27 00 00 00 E8  TEL,10104,S5,3498,1071,2946,4995,10000,0
A5 54 79 27 05 4C 0D 2C 04 82 0B 83 13 10 27 00 00 00 4E  TEL,10105,S5,3404,1068,2946,4995,10000,0
A5 54 7A 27 05 C9 0D 31 04 82 0B 83 13 10 27 00 00 00 1F  TEL,10106,S5,3529,1073,2946,4995,10000,0
A5 54 7B 27 05 C9 0D 31 04 82 0B 83 13 10 27 00 00 00 1D  TEL,10107,S5,3529,1073,2946,4995,10000,0
A5 54 7C 27 05 C9 0D 30 04 82 0B 83 13 10 27 00 00 00 0C  TEL,10108,S5,3529,1072,2946,4995,10000,0
A5 54 7D 27 05 AA 0D 2F 04 82 0B 83 13 10 27 00 00 00 E2  TEL,10109,S5,3498,1071,2946,4995,10000,0
A5 54 7E 27 05 6B 0D 2D 04 82 0B 83 13 10 27 00 00 00 44  TEL,10110,S5,3435,1069,2946,4995,10000,0
A5 54 7F 27 05 C9 0D 30 04 82 0B 83 13 10 27 00 00 00 0A  TEL,10111,S5,3529,1072,2946,4995,10000,0
A5 54 80 27 05 8A 0D 2E 04 82 0B 83 13 10 27 00 00 00 FE  TEL,10112,S5,3466,1070,2946,4995,10000,0
A5 54 81 27 05 07 0E 33 04 82 0B 83 13 10 27 00 00 00 F0  TEL,10113,S5,3591,1075,2946,4995,10000,0
A5 54 82 27 05 C9 0D 31 04 82 0B 83 13 10 27 00 00 00 E8  TEL,10114,S5,3529,1073,2946,4995,10000,0
A5 54 83 27 05 26 0E 34 04 82 0B 83 13 10 27 00 00 00 C3  TEL,10115,S5,3622,1076,2946,4995,10000,0
A5 54 84 27 05 C9 0D 30 04 82 0B 83 13 10 27 00 00 00 FB  TEL,10116,S5,3529,1072,2946,4995,10000,0
A5 54 85 27 05 C9 0D 31 04 82 0B 83 13 10 27 00 00 00 E6  TEL,10117,S5,3529,1073,2946,4995,10000,0
A5 54 86 27 05 6B 0D 2D 04 82 0B 83 13 10 27 00 00 00 B3  TEL,10118,S5,3435,1069,2946,4995,10000,0
A5 54 87 27 05 C9 0D 31 04 82 0B 83 13 10 27 00 00 00 E2  TEL,10119,S5,3529,1073,2946,4995,10000,0
A5 54 88 27 05 AA 0D 2F 04 82 0B 83 13 10 27 00 00 00 0F  TEL,10120,S5,3498,1071,2946,4995,10000,0
A5 54 89 27 05 C9 0D 31 04 82 0B 83 13 10 27 00 00 00 FE  TEL,10121,S5,3529,1073,2946,4995,10000,0
A5 54 8A 27 05 C9 0D 30 04 82 0B 83 13 10 27 00 00 00 E7  TEL,10122,S5,3529,1072,2946,4995,10000,0
A5 54 8B 27 05 C9 0D 30 04 82 0B 83 13 10 27 00 00 00 E5  TEL,10123,S5,3529,1072,2946,4995,10000,0
A5 54 8C 27 05 C9 0D 31 04 82 0B 83 13 10 27 00 00 00 F4  TEL,10124,S5,3529,1073,2946,4995,10000,0
A5 54 8D 27 05 C9 0D 31 04 82 0B 83 13 10 27 00 00 00 F6  TEL,10125,S5,3529,1073,2946,4995,10000,0
A5 54 8E 27 05 C9 0D 31 04 82 0B 83 13 10 27 00 00 00 F0  TEL,10126,S5,3529,1073,2946,4995,10000,0
A5 54 8F 27 05 C9 0D 30 04 82 0B 83 13 10 27 00 00 00 ED  TEL,10127,S5,3529,1072,2946,4995,10000,0
A5 54 90 27 05 AA 0D 2F 04 82 0B 83 13 10 27 00 00 00 3F  TEL,10128,S5,3498,1071,2946,4995,10000,0
A5 54 91 27 05 C9 0D 30 04 82 0B 83 13 10 27 00 00 00 D1  TEL,10129,S5,3529,1072,2946,4995,10000,0
A5 54 92 27 05 C9 0D 31 04 82 0B 83 13 10 27 00 00 00 C8  TEL,10130,S5,3529,1073,2946,4995,10000,0
A5 54 93 27 05 C9 0D 30 04 82 0B 83 13 10 27 00 00 00 D5  TEL,10131,S5,3529,1072,2946,4995,10000,0
A5 54 94 27 05 AA 0D 2F 04 82 0B 83 13 10 27 00 00 00 37  TEL,10132,S5,3498,1071,2946,4995,10000,0
A5 54 95 27 05 C9 0D 31 04 82 0B 83 13 10 27 00 00 00 C6  TEL,10133,S5,3529,1073,2946,4995,10000,0
A5 54 96 27 05 C9 0D 30 04 82 0B 83 13 10 27 00 00 00 DF  TEL,10134,S5,3529,1072,2946,4995,10000,0
A5 54 97 27 05 6B 0D 2D 04 82 0B 83 13 10 27 00 00 00 91  TEL,10135,S5,3435,1069,2946,4995,10000,0
A5 54 98 27 05 C9 0D 30 04 82 0B 83 13 10 27 00 00 00 C3  TEL,10136,S5,3529,1072,2946,4995,10000,0
A5 54 99 27 05 C9 0D 30 04 82 0B 83 13 10 27 00 00 00 C1  TEL,10137,S5,3529,1072,2946,4995,10000,0
A5 54 9A 27 05 C9 0D 30 04 82 0B 83 13 10 27 00 00 00 C7  TEL,10138,S5,3529,1072,2946,4995,10000,0
A5 54 9B 27 05 26 0E 34 04 82 0B 83 13 10 27 00 00 00 F3  TEL,10139,S5,3622,1076,2946,4995,10000,0
A5 54 9C 27 05 C9 0D 31 04 82 0B 83 13 10 27 00 00 00 D4  TEL,10140,S5,3529,1073,2946,4995,10000,0
A5 54 9D 27 05 C9 0D 30 04 82 0B 83 13 10 27 00 00 00 C9  TEL,10141,S5,3529,1072,2946,4995,10000,0
A5 54 9E 27 05 C9 0D 31 04 82 0B 83 13 10 27 00 00 00 D0  TEL,10142,S5,3529,1073,2946,4995,10000,0
A5 54 9F 27 05 C9 0D 31 04 82 0B 83 13 10 27 00 00 00 D2  TEL,10143,S5,3529,1073,2946,4995,10000,0
A5 54 A0 27 05 C9 0D 31 04 82 0B 83 13 10 27 00 00 00 AC  TEL,10144,S5,3529,1073,2946,4995,10000,0
A5 54 A1 27 05 C9 0D 30 04 82 0B 83 13 10 27 00 00 00 B1  TEL,10145,S5,3529,1072,2946,4995,10000,0
A5 54 A2 27 05 C9 0D 31 04 82 0B 83 13 10 27 00 00 00 A8  TEL,10146,S5,3529,1073,2946,4995,10000,0
A5 54 A3 27 05 C9 0D 30 04 82 0B 83 13 10 27 00 00 00 B5  TEL,10147,S5,3529,1072,2946,4995,10000,0
A5 54 A4 27 05 C9 0D 30 04 82 0B 83 13 10 27 00 00 00 BB  TEL,10148,S5,3529,1072,2946,4995,10000,0
A5 54 A5 27 05 C9 0D 31 04 82 0B 83 13 10 27 00 00 00 A6  TEL,10149,S5,3529,1073,2946,4995,10000,0
A5 54 A6 27 05 6B 0D 2D 04 82 0B 83 13 10 27 00 00 00 F3  TEL,10150,S5,3435,1069,2946,4995,10000,0
A5 54 A7 27 05 C9 0D 31 04 82 0B 83 13 10 27 00 00 00 A2  TEL,10151,S5,3529,1073,2946,4995,10000,0
A5 54 A8 27 05 6B 0D 2D 04 82 0B 83 13 10 27 00 00 00 EF  TEL,10152,S5,3435,1069,2946,4995,10000,0
A5 54 A9 27 05 C9 0D 30 04 82 0B 83 13 10 27 00 00 00 A1  TEL,10153,S5,3529,1072,2946,4995,10000,0
A5 54 AA 27 05 C9 0D 31 04 82 0B 83 13 10 27 00 00 00 B8  TEL,10154,S5,3529,1073,2946,4995,10000,0
A5 54 AB 27 05 C9 0D 30 04 82 0B 83 13 10 27 00 00 00 A5  TEL,10155,S5,3529,1072,2946,4995,10000,0
A5 54 AC 27 05 C9 0D 30 04 82 0B 83 13 10 27 00 00 00 AB  TEL,10156,S5,3529,1072,2946,4995,10000,0
A5 54 AD 27 05 C9 0D 31 04 82 0B 83 13 10 27 00 00 00 B6  TEL,10157,S5,3529,1073,2946,4995,10000,0
A5 54 AE 27 05 C9 0D 31 04 82 0B 83 13 10 27 00 00 00 B0  TEL,10158,S5,3529,1073,2946,4995,10000,0
A5 54 AF 27 05 C9 0D 30 04 82 0B 83 13 10 27 00 00 00 AD  TEL,10159,S5,3529,1072,2946,4995,10000,0
A5 54 B0 27 05 C9 0D 31 04 82 0B 83 13 10 27 00 00 00 8C  TEL,10160,S5,3529,1073,2946,4995,10000,0
A5 54 B1 27 05 C9 0D 30 04 82 0B 83 13 10 27 00 00 00 91  TEL,10161,S5,3529,1072,2946,4995,10000,0
A5 54 B2 27 05 C9 0D 30 04 82 0B 83 13 10 27 00 00 00 97  TEL,10162,S5,3529,1072,2946,4995,10000,0
A5 54 B3 27 05 C9 0D 31 04 82 0B 83 13 10 27 00 00 00 8A  TEL,10163,S5,3529,1073,2946,4995,10000,0
A5 54 B4 27 05 C9 0D 30 04 82 0B 83 13 10 27 00 00 00 9B  TEL,10164,S5,3529,1072,2946,4995,10000,0
A5 54 B5 27 05 C9 0D 31 04 82 0B 83 13 10 27 00 00 00 86  TEL,10165,S5,3529,1073,2946,4995,10000,0
A5 54 B6 27 05 C9 0D 30 04 82 0B 83 13 10 27 00 00 00 9F  TEL,10166,S5,3529,1072,2946,4995,10000,0
A5 54 B7 27 05 C9 0D 31 04 82 0B 83 13 10 27 00 00 00 82  TEL,10167,S5,3529,1073,2946,4995,10000,0
A5 54 B8 27 05 C9 0D 30 04 82 0B 83 13 10 27 00 00 00 83  TEL,10168,S5,3529,1072,2946,4995,10000,0
A5 54 B9 27 05 C9 0D 30 04 82 0B 83 13 10 27 00 00 00 81  TEL,10169,S5,3529,1072,2946,4995,10000,0
A5 54 BA 27 05 C9 0D 31 04 82 0B 83 13 10 27 00 00 00 98  TEL,10170,S5,3529,1073,2946,4995,10000,0
A5 54 BB 27 05 C9 0D 30 04 82 0B 83 13 10 27 00 00 00 85  TEL,10171,S5,3529,1072,2946,4995,10000,0
A5 54 BC 27 05 C9 0D 30 04 82 0B 83 13 10 27 00 00 00 8B  TEL,10172,S5,3529,1072,2946,4995,10000,0
A5 54 BD 27 05 C9 0D 30 04 82 0B 83 13 10 27 00 00 00 89  TEL,10173,S5,3529,1072,2946,4995,10000,0
A5 54 BE 27 05 C9 0D 30 04 82 0B 83 13 10 27 00 00 00 8F  TEL,10174,S5,3529,1072,2946,4995,10000,0
A5 54 BF 27 05 C9 0D 31 04 82 0B 83 13 10 27 00 00 00 92  TEL,10175,S5,3529,1073,2946,4995,10000,0
A5 54 C0 27 05 C9 0D 30 04 82 0B 83 13 10 27 00 00 00 73  TEL,10176,S5,3529,1072,2946,4995,10000,0
A5 54 C1 27 05 C9 0D 30 04 82 0B 83 13 10 27 00 00 00 71  TEL,10177,S5,3529,1072,2946,4995,10000,0
A5 54 C2 27 05 AA 0D 2F 04 82 0B 83 13 10 27 00 00 00 9B  TEL,10178,S5,3498,1071,2946,4995,10000,0
A5 54 C3 27 05 C9 0D 30 04 82 0B 83 13 10 27 00 00 00 75  TEL,10179,S5,3529,1072,2946,4995,10000,0
A5 54 C4 27 05 AA 0D 2F 04 82 0B 83 13 10 27 00 00 00 97  TEL,10180,S5,3498,1071,2946,4995,10000,0
A5 54 C5 27 05 C9 0D 30 04 82 0B 83 13 10 27 00 00 00 79  TEL,10181,S5,3529,1072,2946,4995,10000,0
A5 54 C6 27 05 C9 0D 31 04 82 0B 83 13 10 27 00 00 00 60  TEL,10182,S5,3529,1073,2946,4995,10000,0
A5 54 C7 27 05 C9 0D 31 04 82 0B 83 13 10 27 00 00 00 62  TEL,10183,S5,3529,1073,2946,4995,10000,0
A5 54 C8 27 05 C9 0D 30 04 82 0B 83 13 10 27 00 00 00 63  TEL,10184,S5,3529,1072,2946,4995,10000,0
A5 54 C9 27 05 C9 0D 30 04 82 0B 83 13 10 27 00 00 00 61  TEL,10185,S5,3529,1072,2946,4995,10000,0
A5 54 CA 27 05 C9 0D 30 04 82 0B 83 13 10 27 00 00 00 67  TEL,10186,S5,3529,1072,2946,4995,10000,0
A5 54 CB 27 05 C9 0D 31 04 82 0B 83 13 10 27 00 00 00 7A  TEL,10187,S5,3529,1073,2946,4995,10000,0
A5 54 CC 27 05 C9 0D 31 04 82 0B 83 13 10 27 00 00 00 74  TEL,10188,S5,3529,1073,2946,4995,10000,0
A5 54 CD 27 05 C9 0D 31 04 82 0B 83 13 10 27 00 00 00 76  TEL,10189,S5,3529,1073,2946,4995,10000,0
A5 54 CE 27 05 AA 0D 2F 04 82 0B 83 13 10 27 00 00 00 83  TEL,10190,S5,3498,1071,2946,4995,10000,0
A5 54 CF 27 05 C9 0D 30 04 82 0B 83 13 10 27 00 00 00 6D  TEL,10191,S5,3529,1072,2946,4995,10000,0
A5 54 D0 27 05 C9 0D 31 04 82 0B 83 13 10 27 00 00 00 4C  TEL,10192,S5,3529,1073,2946,4995,10000,0
A5 54 D1 27 05 AA 0D 2F 04 82 0B 83 13 10 27 00 00 00 BD  TEL,10193,S5,3498,1071,2946,4995,10000,0
A5 54 D2 27 05 6B 0D 2D 04 82 0B 83 13 10 27 00 00 00 1B  TEL,10194,S5,3435,1069,2946,4995,10000,0
A5 54 D3 27 05 C9 0D 31 04 82 0B 83 13 10 27 00 00 00 4A  TEL,10195,S5,3529,1073,2946,4995,10000,0
A5 54 D4 27 05 AA 0D 2F 04 82 0B 83 13 10 27 00 00 00 B7  TEL,10196,S5,3498,1071,2946,4995,10000,0
A5 54 D5 27 05 C9 0D 30 04 82 0B 83 13 10 27 00 00 00 59  TEL,10197,S5,3529,1072,2946,4995,10000,0
A5 54 D6 27 05 C9 0D 30 04 82 0B 83 13 10 27 00 00 00 5F  TEL,10198,S5,3529,1072,2946,4995,10000,0
A5 54 D7 27 05 6B 0D 2D 04 82 0B 83 13 10 27 00 00 00 11  TEL,10199,S5,3435,1069,2946,4995,10000,0
A5 54 D8 27 05 C9 0D 31 04 82 0B 83 13 10 27 00 00 00 5C  TEL,10200,S5,3529,1073,2946,4995,10000,0
A5 54 D9 27 05 C9 0D 30 04 82 0B 83 13 10 27 00 00 00 41  TEL,10201,S5,3529,1072,2946,4995,10000,0
A5 54 DA 27 05 C9 0D 31 04 82 0B 83 13 10 27 00 00 00 58  TEL,10202,S5,3529,1073,2946,4995,10000,0
A5 54 DB 27 05 07 0E 33 04 82 0B 83 13 10 27 00 00 00 44  TEL,10203,S5,3591,1075,2946,4995,10000,0
A5 54 DC 27 05 C9 0D 31 04 82 0B 83 13 10 27 00 00 00 54  TEL,10204,S5,3529,1073,2946,4995,10000,0
A5 54 DD 27 05 C9 0D 30 04 82 0B 83 13 10 27 00 00 00 49  TEL,10205,S5,3529,1072,2946,4995,10000,0
A5 54 DE 27 05 C9 0D 31 04 82 0B 83 13 10 27 00 00 00 50  TEL,10206,S5,3529,1073,2946,4995,10000,0
A5 54 DF 27 05 AA 0D 2F 04 82 0B 83 13 10 27 00 00 00 A1  TEL,10207,S5,3498,1071,2946,4995,10000,0
A5 54 E0 27 05 C9 0D 30 04 82 0B 83 13 10 27 00 00 00 33  TEL,10208,S5,3529,1072,2946,4995,10000,0
A5 54 E1 27 05 AA 0D 2F 04 82 0B 83 13 10 27 00 00 00 DD  TEL,10209,S5,3498,1071,2946,4995,10000,0
A5 54 E2 27 05 C9 0D 30 04 82 0B 83 13 10 27 00 00 00 37  TEL,10210,S5,3529,1072,2946,4995,10000,0
A5 54 E3 27 05 C9 0D 30 04 82 0B 83 13 10 27 00 00 00 35  TEL,10211,S5,3529,1072,2946,4995,10000,0
A5 54 E4 27 05 EF 0C 29 04 82 0B 83 13 10 27 00 00 00 F9  TEL,10212,S5,3311,1065,2946,4995,10000,0
A5 54 E5 27 05 C9 0D 30 04 82 0B 83 13 10 27 00 00 00 39  TEL,10213,S5,3529,1072,2946,4995,10000,0
A5 54 E6 27 05 C9 0D 31 04 82 0B 83 13 10 27 00 00 00 20  TEL,10214,S5,3529,1073,2946,4995,10000,0
A5 54 E7 27 05 C9 0D 30 04 82 0B 83 13 10 27 00 00 00 3D  TEL,10215,S5,3529,1072,2946,4995,10000,0
A5 54 E8 27 05 C9 0D 31 04 82 0B 83 13 10 27 00 00 00 3C  TEL,10216,S5,3529,1073,2946,4995,10000,0
A5 54 E9 27 05 C9 0D 31 04 82 0B 83 13 10 27 00 00 00 3E  TEL,10217,S5,3529,1073,2946,4995,10000,0
A5 54 EA 27 05 C9 0D 31 04 82 0B 83 13 10 27 00 00 00 38  TEL,10218,S5,3529,1073,2946,4995,10000,0
A5 54 EB 27 05 C9 0D 30 04 82 0B 83 13 10 27 00 00 00 25  TEL,10219,S5,3529,1072,2946,4995,10000,0
A5 54 EC 27 05 C9 0D 31 04 82 0B 83 13 10 27 00 00 00 34  TEL,10220,S5,3529,1073,2946,4995,10000,0
A5 54 ED 27 05 C9 0D 31 04 82 0B 83 13 10 27 00 00 00 36  TEL,10221,S5,3529,1073,2946,4995,10000,0
A5 54 EE 27 05 C9 0D 30 04 82 0B 83 13 10 27 00 00 00 2F  TEL,10222,S5,3529,1072,2946,4995,10000,0
A5 54 EF 27 05 AA 0D 2F 04 82 0B 83 13 10 27 00 00 00 C1  TEL,10223,S5,3498,1071,2946,4995,10000,0
A5 54 F0 27 05 C9 0D 31 04 82 0B 83 13 10 27 00 00 00 0C  TEL,10224,S5,3529,1073,2946,4995,10000,0
A5 54 F1 27 05 C9 0D 31 04 82 0B 83 13 10 27 00 00 00 0E  TEL,10225,S5,3529,1073,2946,4995,10000,0
A5 54 F2 27 05 C9 0D 31 04 82 0B 83 13 10 27 00 00 00 08  TEL,10226,S5,3529,1073,2946,4995,10000,0
A5 54 F3 27 05 C9 0D 31 04 82 0B 83 13 10 27 00 00 00 0A  TEL,10227,S5,3529,1073,2946,4995,10000,0
A5 54 F4 27 05 C9 0D 31 04 82 0B 83 13 10 27 00 00 00 04  TEL,10228,S5,3529,1073,2946,4995,10000,0
A5 54 F5 27 05 AA 0D 2F 04 82 0B 83 13 10 27 00 00 00 F5  TEL,10229,S5,3498,1071,2946,4995,10000,0
A5 54 F6 27 05 C9 0D 31 04 82 0B 83 13 10 27 00 00 00 00  TEL,10230,S5,3529,1073,2946,4995,10000,0
A5 54 F7 27 05 C9 0D 30 04 82 0B 83 13 10 27 00 00 00 1D  TEL,10231,S5,3529,1072,2946,4995,10000,0
A5 54 F8 27 05 C9 0D 31 04 82 0B 83 13 10 27 00 00 00 1C  TEL,10232,S5,3529,1073,2946,4995,10000,0
A5 54 F9 27 05 C9 0D 30 04 82 0B 83 13 10 27 00 00 00 01  TEL,10233,S5,3529,1072,2946,4995,10000,0
A5 54 FA 27 05 6B 0D 2D 04 82 0B 83 13 10 27 00 00 00 4B  TEL,10234,S5,3435,1069,2946,4995,10000,0
A5 54 FB 27 05 C9 0D 30 04 82 0B 83 13 10 27 00 00 00 05  TEL,10235,S5,3529,1072,2946,4995,10000,0
A5 54 FC 27 05 AA 0D 2F 04 82 0B 83 13 10 27 00 00 00 E7  TEL,10236,S5,3498,1071,2946,4995,10000,0
A5 54 FD 27 05 C9 0D 30 04 82 0B 83 13 10 27 00 00 00 09  TEL,10237,S5,3529,1072,2946,4995,10000,0
A5 54 FE 27 05 C9 0D 31 04 82 0B 83 13 10 27 00 00 00 10  TEL,10238,S5,3529,1073,2946,4995,10000,0
A5 54 FF 27 05 C9 0D 31 04 82 0B 83 13 10 27 00 00 00 12  TEL,10239,S5,3529,1073,2946,4995,10000,0
A5 54 00 28 05 AA 0D 2F 04 82 0B 83 13 10 27 00 00 00 A9  TEL,10240,S5,3498,1071,2946,4995,10000,0
A5 54 01 28 05 C9 0D 31 04 82 0B 83 13 10 27 00 00 00 58  TEL,10241,S5,3529,1073,2946,4995,10000,0
A5 54 02 28 05 07 0E 33 04 82 0B 83 13 10 27 00 00 00 40  TEL,10242,S5,3591,1075,2946,4995,10000,0
A5 54 03 28 05 AA 0D 2F 04 82 0B 83 13 10 27 00 00 00 AF  TEL,10243,S5,3498,1071,2946,4995,10000,0
A5 54 04 28 05 C9 0D 30 04 82 0B 83 13 10 27 00 00 00 4D  TEL,10244,S5,3529,1072,2946,4995,10000,0
A5 54 05 28 05 26 0E 34 04 82 0B 83 13 10 27 00 00 00 79  TEL,10245,S5,3622,1076,2946,4995,10000,0
A5 54 06 28 05 C9 0D 31 04 82 0B 83 13 10 27 00 00 00 56  TEL,10246,S5,3529,1073,2946,4995,10000,0
A5 54 07 28 05 6B 0D 2D 04 82 0B 83 13 10 27 00 00 00 07  TEL,10247,S5,3435,1069,2946,4995,10000,0
A5 54 08 28 05 C9 0D 31 04 82 0B 83 13 10 27 00 00 00 4A  TEL,10248,S5,3529,1073,2946,4995,10000,0
A5 54 09 28 05 C9 0D 31 04 82 0B 83 13 10 27 00 00 00 48  TEL,10249,S5,3529,1073,2946,4995,10000,0
A5 54 0A 28 05 C9 0D 30 04 82 0B 83 13 10 27 00 00 00 51  TEL,10250,S5,3529,1072,2946,4995,10000,0
A5 54 0B 28 05 C9 0D 30 04 82 0B 83 13 10 27 00 00 00 53  TEL,10251,S5,3529,1072,2946,4995,10000,0
A5 54 0C 28 05 C9 0D 30 04 82 0B 83 13 10 27 00 00 00 5D  TEL,10252,S5,3529,1072,2946,4995,10000,0
A5 54 0D 28 05 C9 0D 30 04 82 0B 83 13 10 27 00 00 00 5F  TEL,10253,S5,3529,1072,2946,4995,10000,0
A5 54 0E 28 05 C9 0D 31 04 82 0B 83 13 10 27 00 00 00 46  TEL,10254,S5,3529,1073,2946,4995,10000,0
A5 54 0F 28 05 C9 0D 31 04 82 0B 83 13 10 27 00 00 00 44  TEL,10255,S5,3529,1073,2946,4995,10000,0
A5 54 10 28 05 C9 0D 31 04 82 0B 83 13 10 27 00 00 00 7A  TEL,10256,S5,3529,1073,2946,4995,10000,0
A5 54 11 28 05 C9 0D 30 04 82 0B 83 13 10 27 00 00 00 67  TEL,10257,S5,3529,1072,2946,4995,10000,0
A5 54 12 28 05 45 0E 35 04 82 0B 83 13 10 27 00 00 00 F6  TEL,10258,S5,3653,1077,2946,4995,10000,0
A5 54 13 28 05 C9 0D 31 04 82 0B 83 13 10 27 00 00 00 7C  TEL,10259,S5,3529,1073,2946,4995,10000,0
A5 54 14 28 05 C9 0D 31 04 82 0B 83 13 10 27 00 00 00 72  TEL,10260,S5,3529,1073,2946,4995,10000,0
A5 54 15 28 05 C9 0D 30 04 82 0B 83 13 10 27 00 00 00 6F  TEL,10261,S5,3529,1072,2946,4995,10000,0
A5 54 16 28 05 C9 0D 31 04 82 0B 83 13 10 27 00 00 00 76  TEL,10262,S5,3529,1073,2946,4995,10000,0
A5 54 17 28 05 C9 0D 31 04 82 0B 83 13 10 27 00 00 00 74  TEL,10263,S5,3529,1073,2946,4995,10000,0
A5 54 18 28 05 AA 0D 2F 04 82 0B 83 13 10 27 00 00 00 99  TEL,10264,S5,3498,1071,2946,4995,10000,0
A5 54 19 28 05 C9 0D 30 04 82 0B 83 13 10 27 00 00 00 77  TEL,10265,S5,3529,1072,2946,4995,10000,0
A5 54 1A 28 05 C9 0D 31 04 82 0B 83 13 10 27 00 00 00 6E  TEL,10266,S5,3529,1073,2946,4995,10000,0
A5 54 1B 28 05 C9 0D 31 04 82 0B 83 13 10 27 00 00 00 6C  TEL,10267,S5,3529,1073,2946,4995,10000,0
A5 54 1C 28 05 C9 0D 31 04 82 0B 83 13 10 27 00 00 00 62  TEL,10268,S5,3529,1073,2946,4995,10000,0
A5 54 1D 28 05 C9 0D 30 04 82 0B 83 13 10 27 00 00 00 7F  TEL,10269,S5,3529,1072,2946,4995,10000,0
A5 54 1E 28 05 C9 0D 31 04 82 0B 83 13 10 27 00 00 00 66  TEL,10270,S5,3529,1073,2946,4995,10000,0
A5 54 1F 28 05 C9 0D 30 04 82 0B 83 13 10 27 00 00 00 7B  TEL,10271,S5,3529,1072,2946,4995,10000,0
A5 54 20 28 05 C9 0D 30 04 82 0B 83 13 10 27 00 00 00 05  TEL,10272,S5,3529,1072,2946,4995,10000,0
A5 54 21 28 05 2D 0D 2B 04 82 0B 83 13 10 27 00 00 00 83  TEL,10273,S5,3373,1067,2946,4995,10000,0
A5 54 22 28 05 C9 0D 30 04 82 0B 83 13 10 27 00 00 00 01  TEL,10274,S5,3529,1072,2946,4995,10000,0
A5 54 23 28 05 C9 0D 31 04 82 0B 83 13 10 27 00 00 00 1C  TEL,10275,S5,3529,1073,2946,4995,10000,0
A5 54 24 28 05 AA 0D 2F 04 82 0B 83 13 10 27 00 00 00 E1  TEL,10276,S5,3498,1071,2946,4995,10000,0
A5 54 25 28 05 AA 0D 2F 04 82 0B 83 13 10 27 00 00 00 E3  TEL,10277,S5,3498,1071,2946,4995,10000,0
A5 54 26 28 05 C9 0D 31 04 82 0B 83 13 10 27 00 00 00 16  TEL,10278,S5,3529,1073,2946,4995,10000,0
A5 54 27 28 05 C9 0D 31 04 82 0B 83 13 10 27 00 00 00 14  TEL,10279,S5,3529,1073,2946,4995,10000,0
A5 54 28 28 05 C9 0D 31 04 82 0B 83 13 10 27 00 00 00 0A  TEL,10280,S5,3529,1073,2946,4995,10000,0
A5 54 29 28 05 C9 0D 31 04 82 0B 83 13 10 27 00 00 00 08  TEL,10281,S5,3529,1073,2946,4995,10000,0
A5 54 2A 28 05 C9 0D 31 04 82 0B 83 13 10 27 00 00 00 0E  TEL,10282,S5,3529,1073,2946,4995,10000,0
A5 54 2B 28 05 C9 0D 30 04 82 0B 83 13 10 27 00 00 00 13  TEL,10283,S5,3529,1072,2946,4995,10000,0
A5 54 2C 28 05 C9 0D 31 04 82 0B 83 13 10 27 00 00 00 02  TEL,10284,S5,3529,1073,2946,4995,10000,0
A5 54 2D 28 05 C9 0D 31 04 82 0B 83 13 10 27 00 00 00 00  TEL,10285,S5,3529,1073,2946,4995,10000,0
A5 54 2E 28 05 C9 0D 31 04 82 0B 83 13 10 27 00 00 00 06  TEL,10286,S5,3529,1073,2946,4995,10000,0
A5 54 2F 28 05 C9 0D 30 04 82 0B 83 13 10 27 00 00 00 1B  TEL,10287,S5,3529,1072,2946,4995,10000,0
A5 54 30 28 05 C9 0D 31 04 82 0B 83 13 10 27 00 00 00 3A  TEL,10288,S5,3529,1073,2946,4995,10000,0
A5 54 31 28 05 C9 0D 31 04 82 0B 83 13 10 27 00 00 00 38  TEL,10289,S5,3529,1073,2946,4995,10000,0
A5 54 32 28 05 C9 0D 30 04 82 0B 83 13 10 27 00 00 00 21  TEL,10290,S5,3529,1072,2946,4995,10000,0
A5 54 33 28 05 C9 0D 30 04 82 0B 83 13 10 27 00 00 00 23  TEL,10291,S5,3529,1072,2946,4995,10000,0
A5 54 34 28 05 C9 0D 31 04 82 0B 83 13 10 27 00 00 00 32  TEL,10292,S5,3529,1073,2946,4995,10000,0
A5 54 35 28 05 C9 0D 30 04 82 0B 83 13 10 27 00 00 00 2F  TEL,10293,S5,3529,1072,2946,4995,10000,0
A5 54 36 28 05 C9 0D 31 04 82 0B 83 13 10 27 00 00 00 36  TEL,10294,S5,3529,1073,2946,4995,10000,0
A5 54 37 28 05 C9 0D 31 04 82 0B 83 13 10 27 00 00 00 34  TEL,10295,S5,3529,1073,2946,4995,10000,0
A5 54 38 28 05 AA 0D 2F 04 82 0B 16 24 10 27 00 00 00 50  TEL,10296,S5,3498,1071,2946,9238,10000,0
A5 54 39 28 05 26 0E 34 04 82 0B 83 13 A3 37 00 00 00 01  TEL,10297,S5,3622,1076,2946,4995,14243,0
A5 54 3A 28 05 45 0E 35 04 82 0B 83 13 10 27 00 00 00 A6  TEL,10298,S5,3653,1077,2946,4995,10000,0
A5 54 3B 28 05 E8 0D 32 04 82 0B 83 13 5D 3D 00 00 00 A0  TEL,10299,S5,3560,1074,2946,4995,15709,0
A5 54 3C 28 05 C9 0D 30 04 82 0B 83 13 10 27 00 00 00 3D  TEL,10300,S5,3529,1072,2946,4995,10000,0
A5 54 3D 28 05 C9 0D 31 04 82 0B 83 13 10 27 00 00 00 20  TEL,10301,S5,3529,1073,2946,4995,10000,0
A5 54 3E 28 05 C9 0D 31 04 82 0B 83 13 10 27 00 00 00 26  TEL,10302,S5,3529,1073,2946,4995,10000,0
A5 54 3F 28 05 C9 0D 31 04 82 0B 83 13 10 27 00 00 00 24  TEL,10303,S5,3529,1073,2946,4995,10000,0
A5 54 40 28 05 C9 0D 30 04 82 0B 83 13 10 27 00 00 00 C5  TEL,10304,S5,3529,1072,2946,4995,10000,0
A5 54 41 28 05 C9 0D 30 04 82 0B 83 13 10 27 00 00 00 C7  TEL,10305,S5,3529,1072,2946,4995,10000,0
A5 54 42 28 05 AA 0D 2F 04 82 0B 83 13 10 27 00 00 00 2D  TEL,10306,S5,3498,1071,2946,4995,10000,0
A5 54 43 28 05 C9 0D 30 04 82 0B 83 13 10 27 00 00 00 C3  TEL,10307,S5,3529,1072,2946,4995,10000,0
A5 54 44 28 05 C9 0D 31 04 82 0B 83 13 10 27 00 00 00 D2  TEL,10308,S5,3529,1073,2946,4995,10000,0
A5 54 45 28 05 C9 0D 31 04 82 0B 83 13 10 27 00 00 00 D0  TEL,10309,S5,3529,1073,2946,4995,10000,0
A5 54 46 28 05 C9 0D 30 04 82 0B 83 13 10 27 00 00 00 C9  TEL,10310,S5,3529,1072,2946,4995,10000,0
A5 54 47 28 05 C9 0D 30 04 82 0B 83 13 10 27 00 00 00 CB  TEL,10311,S5,3529,1072,2946,4995,10000,0
A5 54 48 28 05 C9 0D 31 04 82 0B 83 13 10 27 00 00 00 CA  TEL,10312,S5,3529,1073,2946,4995,10000,0
A5 54 49 28 05 C9 0D 31 04 82 0B 83 13 10 27 00 00 00 C8  TEL,10313,S5,3529,1073,2946,4995,10000,0
A5 54 4A 28 05 C9 0D 31 04 82 0B 83 13 10 27 00 00 00 CE  TEL,10314,S5,3529,1073,2946,4995,10000,0
A5 54 4B 28 05 C9 0D 30 04 82 0B 83 13 10 27 00 00 00 D3  TEL,10315,S5,3529,1072,2946,4995,10000,0
A5 54 4C 28 05 8A 0D 2E 04 82 0B 83 13 10 27 00 00 00 D0  TEL,10316,S5,3466,1070,2946,4995,10000,0
A5 54 4D 28 05 C9 0D 31 04 82 0B 83 13 10 27 00 00 00 C0  TEL,10317,S5,3529,1073,2946,4995,10000,0
A5 54 4E 28 05 C9 0D 30 04 82 0B 83 13 10 27 00 00 00 D9  TEL,10318,S5,3529,1072,2946,4995,10000,0
A5 54 4F 28 05 C9 0D 31 04 82 0B 83 13 10 27 00 00 00 C4  TEL,10319,S5,3529,1073,2946,4995,10000,0
A5 54 50 28 05 C9 0D 30 04 82 0B 83 13 10 27 00 00 00 E5  TEL,10320,S5,3529,1072,2946,4995,10000,0
A5 54 51 28 05 C9 0D 31 04 82 0B 83 13 10 27 00 00 00 F8  TEL,10321,S5,3529,1073,2946,4995,10000,0
A5 54 52 28 05 C9 0D 30 04 82 0B 83 13 10 27 00 00 00 E1  TEL,10322,S5,3529,1072,2946,4995,10000,0
A5 54 53 28 05 C9 0D 30 04 82 0B 83 13 10 27 00 00 00 E3  TEL,10323,S5,3529,1072,2946,4995,10000,0
A5 54 54 28 05 26 0E 34 04 82 0B 83 13 10 27 00 00 00 DB  TEL,10324,S5,3622,1076,2946,4995,10000,0
A5 54 55 28 05 C9 0D 30 04 82 0B 83 13 10 27 00 00 00 EF  TEL,10325,S5,3529,1072,2946,4995,10000,0
A5 54 56 28 05 C9 0D 31 04 82 0B 83 13 10 27 00 00 00 F6  TEL,10326,S5,3529,1073,2946,4995,10000,0
A5 54 57 28 05 26 0E 34 04 82 0B B2 24 10 27 00 00 00 0A  TEL,10327,S5,3622,1076,2946,9394,10000,0
A5 54 58 28 05 26 0E 34 04 82 0B 83 13 3F 38 00 00 00 22  TEL,10328,S5,3622,1076,2946,4995,14399,0
A5 54 59 28 05 07 0E 33 04 82 0B 83 13 10 27 00 00 00 F6  TEL,10329,S5,3591,1075,2946,4995,10000,0
A5 54 5A 28 05 07 0E 33 04 82 0B 83 13 10 27 00 00 00 F0  TEL,10330,S5,3591,1075,2946,4995,10000,0
A5 54 5B 28 05 07 0E 33 04 82 0B 83 13 10 27 00 00 00 F2  TEL,10331,S5,3591,1075,2946,4995,10000,0
A5 54 5C 28 05 45 0E 35 04 82 0B 83 13 10 27 00 00 00 6A  TEL,10332,S5,3653,1077,2946,4995,10000,0
A5 54 5D 28 05 07 0E 33 04 82 0B 83 13 10 27 00 00 00 FE  TEL,10333,S5,3591,1075,2946,4995,10000,0
A5 54 5E 28 05 07 0E 33 04 82 0B 83 13 10 27 00 00 00 F8  TEL,10334,S5,3591,1075,2946,4995,10000,0
A5 54 5F 28 05 C9 0D 31 04 82 0B 83 13 10 27 00 00 00 E4  TEL,10335,S5,3529,1073,2946,4995,10000,0
A5 54 60 28 05 C9 0D 31 04 82 0B 83 13 10 27 00 00 00 9A  TEL,10336,S5,3529,1073,2946,4995,10000,0
A5 54 61 28 05 26 0E 34 04 82 0B 83 13 10 27 00 00 00 B1  TEL,10337,S5,3622,1076,2946,4995,10000,0
A5 54 62 28 05 C2 0E 39 04 82 0B 83 13 10 27 00 00 00 86  TEL,10338,S5,3778,1081,2946,4995,10000,0
A5 54 63 28 05 83 0E 37 04 82 0B 83 13 10 27 00 00 00 51  TEL,10339,S5,3715,1079,2946,4995,10000,0
A5 54 64 28 05 26 0E 34 04 82 0B 83 13 10 27 00 00 00 BB  TEL,10340,S5,3622,1076,2946,4995,10000,0
A5 54 65 28 05 E8 0D 32 04 82 0B 83 13 10 27 00 00 00 DB  TEL,10341,S5,3560,1074,2946,4995,10000,0
A5 54 66 28 05 C9 0D 31 04 82 0B 83 13 10 27 00 00 00 96  TEL,10342,S5,3529,1073,2946,4995,10000,0
A5 54 67 28 05 26 0E 34 04 82 0B 83 13 10 27 00 00 00 BD  TEL,10343,S5,3622,1076,2946,4995,10000,0
A5 54 68 28 05 26 0E 34 04 82 0B 83 13 10 27 00 00 00 A3  TEL,10344,S5,3622,1076,2946,4995,10000,0
A5 54 69 28 05 C9 0D 31 04 82 0B 83 13 10 27 00 00 00 88  TEL,10345,S5,3529,1073,2946,4995,10000,0
A5 54 6A 28 05 C9 0D 31 04 82 0B 83 13 10 27 00 00 00 8E  TEL,10346,S5,3529,1073,2946,4995,10000,0
A5 54 6B 28 05 C9 0D 31 04 82 0B 83 13 10 27 00 00 00 8C  TEL,10347,S5,3529,1073,2946,4995,10000,0
A5 54 6C 28 05 83 0E 37 04 82 0B 83 13 10 27 00 00 00 4F  TEL,10348,S5,3715,1079,2946,4995,10000,0
A5 54 6D 28 05 83 0E 37 04 82 0B 83 13 10 27 00 00 00 4D  TEL,10349,S5,3715,1079,2946,4995,10000,0
A5 54 6E 28 05 45 0E 35 04 82 0B 83 13 10 27 00 00 00 0E  TEL,10350,S5,3653,1077,2946,4995,10000,0
A5 54 6F 28 05 26 0E 34 04 82 0B 83 13 10 27 00 00 00 AD  TEL,10351,S5,3622,1076,2946,4995,10000,0
A5 54 70 28 05 26 0E 34 04 82 0B 83 13 10 27 00 00 00 93  TEL,10352,S5,3622,1076,2946,4995,10000,0
A5 54 71 28 05 07 0E 33 04 82 0B 83 13 10 27 00 00 00 A6  TEL,10353,S5,3591,1075,2946,4995,10000,0
A5 54 72 28 05 83 0E 37 04 82 0B 83 13 10 27 00 00 00 73  TEL,10354,S5,3715,1079,2946,4995,10000,0
A5 54 73 28 05 45 0E 35 04 82 0B 83 13 10 27 00 00 00 34  TEL,10355,S5,3653,1077,2946,4995,10000,0
A5 54 74 28 05 26 0E 34 04 82 0B 83 13 10 27 00 00 00 9B  TEL,10356,S5,3622,1076,2946,4995,10000,0
A5 54 75 28 05 45 0E 35 04 82 0B 83 13 10 27 00 00 00 38  TEL,10357,S5,3653,1077,2946,4995,10000,0
A5 54 76 28 05 07 0E 33 04 82 0B 83 13 10 27 00 00 00 A8  TEL,10358,S5,3591,1075,2946,4995,10000,0
A5 54 77 28 05 45 0E 35 04 82 0B 83 13 10 27 00 00 00 3C  TEL,10359,S5,3653,1077,2946,4995,10000,0
A5 54 78 28 05 C9 0D 31 04 82 0B 83 13 10 27 00 00 00 AA  TEL,10360,S5,3529,1073,2946,4995,10000,0
A5 54 79 28 05 26 0E 34 04 82 0B 82 13 61 40 00 00 00 95  TEL,10361,S5,3622,1076,2946,4994,16481,0
A5 54 7A 28 05 C9 0D 31 04 82 0B 82 13 10 27 00 00 00 71  TEL,10362,S5,3529,1073,2946,4994,10000,0
A5 54 7B 28 05 07 0E 33 04 82 0B 82 13 10 27 00 00 00 6D  TEL,10363,S5,3591,1075,2946,4994,10000,0
A5 54 7C 28 05 26 0E 34 04 82 0B 82 13 62 4A 00 00 00 A5  TEL,10364,S5,3622,1076,2946,4994,19042,0
A5 54 7D 28 05 45 0E 35 04 82 0B 82 13 10 27 00 00 00 F7  TEL,10365,S5,3653,1077,2946,4994,10000,0
A5 54 7E 28 05 26 0E 34 04 82 0B 82 13 10 27 00 00 00 50  TEL,10366,S5,3622,1076,2946,4994,10000,0
A5 54 7F 28 05 26 0E 34 04 82 0B 82 13 10 27 00 00 00 52  TEL,10367,S5,3622,1076,2946,4994,10000,0
A5 54 80 28 05 45 0E 35 04 82 0B 82 13 10 27 00 00 00 0A  TEL,10368,S5,3653,1077,2946,4994,10000,0
A5 54 81 28 05 26 0E 34 04 82 0B 82 13 10 27 00 00 00 A9  TEL,10369,S5,3622,1076,2946,4994,10000,0
A5 54 82 28 05 45 0E 35 04 82 0B 82 13 10 27 00 00 00 0E  TEL,10370,S5,3653,1077,2946,4994,10000,0
A5 54 83 28 05 45 0E 35 04 82 0B 82 13 10 27 00 00 00 0C  TEL,10371,S5,3653,1077,2946,4994,10000,0
A5 54 84 28 05 26 0E 34 04 82 0B 82 13 10 27 00 00 00 A3  TEL,10372,S5,3622,1076,2946,4994,10000,0
A5 54 85 28 05 26 0E 34 04 82 0B 82 13 10 27 00 00 00 A1  TEL,10373,S5,3622,1076,2946,4994,10000,0
A5 54 86 28 05 83 0E 37 04 82 0B 82 13 10 27 00 00 00 43  TEL,10374,S5,3715,1079,2946,4994,10000,0
A5 54 87 28 05 26 0E 34 04 82 0B 82 13 10 27 00 00 00 A5  TEL,10375,S5,3622,1076,2946,4994,10000,0
A5 54 88 28 05 26 0E 34 04 82 0B 82 13 10 27 00 00 00 BB  TEL,10376,S5,3622,1076,2946,4994,10000,0
A5 54 89 28 05 E8 0D 32 04 82 0B 82 13 10 27 00 00 00 DB  TEL,10377,S5,3560,1074,2946,4994,10000,0
A5 54 8A 28 05 E8 0D 32 04 82 0B 82 13 10 27 00 00 00 DD  TEL,10378,S5,3560,1074,2946,4994,10000,0
A5 54 8B 28 05 26 0E 34 04 82 0B 82 13 10 27 00 00 00 BD  TEL,10379,S5,3622,1076,2946,4994,10000,0
A5 54 8C 28 05 26 0E 34 04 82 0B 82 13 10 27 00 00 00 B3  TEL,10380,S5,3622,1076,2946,4994,10000,0
A5 54 8D 28 05 45 0E 35 04 82 0B 82 13 10 27 00 00 00 10  TEL,10381,S5,3653,1077,2946,4994,10000,0
A5 54 8E 28 05 45 0E 35 04 82 0B 82 13 10 27 00 00 00 16  TEL,10382,S5,3653,1077,2946,4994,10000,0
A5 54 8F 28 05 26 0E 34 04 82 0B 82 13 10 27 00 00 00 B5  TEL,10383,S5,3622,1076,2946,4994,10000,0
A5 54 90 28 05 45 0E 35 04 82 0B 82 13 10 27 00 00 00 2A  TEL,10384,S5,3653,1077,2946,4994,10000,0
A5 54 91 28 05 45 0E 35 04 82 0B 82 13 10 27 00 00 00 28  TEL,10385,S5,3653,1077,2946,4994,10000,0
A5 54 92 28 05 07 0E 33 04 82 0B 82 13 10 27 00 00 00 B8  TEL,10386,S5,3591,1075,2946,4994,10000,0
A5 54 93 28 05 45 0E 35 04 82 0B 82 13 10 27 00 00 00 2C  TEL,10387,S5,3653,1077,2946,4994,10000,0
A5 54 94 28 05 45 0E 35 04 82 0B 82 13 10 27 00 00 00 22  TEL,10388,S5,3653,1077,2946,4994,10000,0
A5 54 95 28 05 26 0E 34 04 82 0B 82 13 10 27 00 00 00 81  TEL,10389,S5,3622,1076,2946,4994,10000,0
A5 54 96 28 05 83 0E 37 04 82 0B 82 13 10 27 00 00 00 63  TEL,10390,S5,3715,1079,2946,4994,10000,0
A5 54 97 28 05 E8 0D 32 04 82 0B 82 13 10 27 00 00 00 E7  TEL,10391,S5,3560,1074,2946,4994,10000,0
A5 54 98 28 05 E8 0D 32 04 82 0B 83 13 98 42 00 00 00 B3  TEL,10392,S5,3560,1074,2946,4995,17048,0
A5 54 99 28 05 26 0E 34 04 82 0B 83 13 10 27 00 00 00 46  TEL,10393,S5,3622,1076,2946,4995,10000,0
A5 54 9A 28 05 07 0E 33 04 82 0B 83 13 10 27 00 00 00 77  TEL,10394,S5,3591,1075,2946,4995,10000,0
A5 54 9B 28 05 07 0E 33 04 82 0B 5A 30 10 27 00 00 00 1C  TEL,10395,S5,3591,1075,2946,12378,10000,0
A5 54 9C 28 05 45 0E 35 04 82 0B 83 13 E7 43 00 00 00 C0  TEL,10396,S5,3653,1077,2946,4995,17383,0
A5 54 9D 28 05 64 0E 36 04 82 0B 83 13 10 27 00 00 00 A4  TEL,10397,S5,3684,1078,2946,4995,10000,0
A5 54 9E 28 05 26 0E 34 04 82 0B 83 13 10 27 00 00 00 48  TEL,10398,S5,3622,1076,2946,4995,10000,0
A5 54 9F 28 05 26 0E 34 04 82 0B 83 13 10 27 00 00 00 4A  TEL,10399,S5,3622,1076,2946,4995,10000,0
A5 54 A0 28 05 26 0E 34 04 82 0B 83 13 10 27 00 00 00 34  TEL,10400,S5,3622,1076,2946,4995,10000,0
A5 54 A1 28 05 26 0E 34 04 82 0B 83 13 10 27 00 00 00 36  TEL,10401,S5,3622,1076,2946,4995,10000,0
A5 54 A2 28 05 C9 0D 31 04 82 0B 83 13 10 27 00 00 00 19  TEL,10402,S5,3529,1073,2946,4995,10000,0
A5 54 A3 28 05 83 0E 37 04 82 0B 83 13 10 27 00 00 00 D6  TEL,10403,S5,3715,1079,2946,4995,10000,0
A5 54 A4 28 05 26 0E 34 04 82 0B 83 13 10 27 00 00 00 3C  TEL,10404,S5,3622,1076,2946,4995,10000,0
A5 54 A5 28 05 26 0E 34 04 82 0B 83 13 10 27 00 00 00 3E  TEL,10405,S5,3622,1076,2946,4995,10000,0
A5 54 A6 28 05 C9 0D 30 04 82 0B 83 13 10 27 00 00 00 0E  TEL,10406,S5,3529,1072,2946,4995,10000,0
A5 54 A7 28 05 26 0E 34 04 82 0B 83 13 10 27 00 00 00 3A  TEL,10407,S5,3622,1076,2946,4995,10000,0
A5 54 A8 28 05 C9 0D 31 04 82 0B 83 13 10 27 00 00 00 0D  TEL,10408,S5,3529,1073,2946,4995,10000,0
A5 54 A9 28 05 26 0E 34 04 82 0B 83 13 10 27 00 00 00 26  TEL,10409,S5,3622,1076,2946,4995,10000,0
A5 54 AA 28 05 07 0E 33 04 82 0B 83 13 10 27 00 00 00 17  TEL,10410,S5,3591,1075,2946,4995,10000,0
A5 54 AB 28 05 07 0E 33 04 82 0B 83 13 10 27 00 00 00 15  TEL,10411,S5,3591,1075,2946,4995,10000,0
A5 54 AC 28 05 26 0E 34 04 82 0B 83 13 10 27 00 00 00 2C  TEL,10412,S5,3622,1076,2946,4995,10000,0
A5 54 AD 28 05 45 0E 35 04 82 0B 83 13 10 27 00 00 00 8F  TEL,10413,S5,3653,1077,2946,4995,10000,0
A5 54 AE 28 05 26 0E 34 04 82 0B 83 13 10 27 00 00 00 28  TEL,10414,S5,3622,1076,2946,4995,10000,0
A5 54 AF 28 05 26 0E 34 04 82 0B 83 13 10 27 00 00 00 2A  TEL,10415,S5,3622,1076,2946,4995,10000,0
A5 54 B0 28 05 07 0E 33 04 82 0B 83 13 10 27 00 00 00 23  TEL,10416,S5,3591,1075,2946,4995,10000,0
A5 54 B1 28 05 26 0E 34 04 82 0B 83 13 10 27 00 00 00 16  TEL,10417,S5,3622,1076,2946,4995,10000,0
A5 54 B2 28 05 07 0E 33 04 82 0B 83 13 10 27 00 00 00 27  TEL,10418,S5,3591,1075,2946,4995,10000,0
A5 54 B3 28 05 45 0E 35 04 82 0B 83 13 10 27 00 00 00 B3  TEL,10419,S5,3653,1077,2946,4995,10000,0
A5 54 B4 28 05 64 0E 36 04 82 0B 83 13 10 27 00 00 00 F6  TEL,10420,S5,3684,1078,2946,4995,10000,0
A5 54 B5 28 05 26 0E 34 04 82 0B 83 13 10 27 00 00 00 1E  TEL,10421,S5,3622,1076,2946,4995,10000,0
A5 54 B6 28 05 45 0E 35 04 82 0B 83 13 10 27 00 00 00 B9  TEL,10422,S5,3653,1077,2946,4995,10000,0
A5 54 B7 28 05 26 0E 34 04 82 0B 83 13 10 27 00 00 00 1A  TEL,10423,S5,3622,1076,2946,4995,10000,0
A5 54 B8 28 05 83 0E 37 04 82 0B 83 13 10 27 00 00 00 E0  TEL,10424,S5,3715,1079,2946,4995,10000,0
A5 54 B9 28 05 26 0E 34 04 82 0B 3C 2C 10 27 00 00 00 32  TEL,10425,S5,3622,1076,2946,11324,10000,0
A5 54 BA 28 05 E8 0D 32 04 82 0B 83 13 C9 3F 00 00 00 A3  TEL,10426,S5,3560,1074,2946,4995,16329,0
A5 54 BB 28 05 AA 0D 2F 04 82 0B 83 13 10 27 00 00 00 D8  TEL,10427,S5,3498,1071,2946,4995,10000,0
A5 54 BC 28 05 C9 0D 30 04 82 0B 83 13 7E 3F 00 00 00 13  TEL,10428,S5,3529,1072,2946,4995,16254,0
A5 54 BD 28 05 07 0E 33 04 82 0B 83 13 10 27 00 00 00 39  TEL,10429,S5,3591,1075,2946,4995,10000,0
A5 54 BE 28 05 26 0E 34 04 82 0B 83 13 10 27 00 00 00 08  TEL,10430,S5,3622,1076,2946,4995,10000,0
A5 54 BF 28 05 45 0E 35 04 82 0B 83 13 10 27 00 00 00 AB  TEL,10431,S5,3653,1077,2946,4995,10000,0
A5 54 C0 28 05 45 0E 35 04 82 0B 83 13 10 27 00 00 00 55  TEL,10432,S5,3653,1077,2946,4995,10000,0
A5 54 C1 28 05 26 0E 34 04 82 0B 83 13 10 27 00 00 00 F6  TEL,10433,S5,3622,1076,2946,4995,10000,0
A5 54 C2 28 05 26 0E 34 04 82 0B 83 13 10 27 00 00 00 F0  TEL,10434,S5,3622,1076,2946,4995,10000,0
A5 54 C3 28 05 26 0E 34 04 82 0B 83 13 10 27 00 00 00 F2  TEL,10435,S5,3622,1076,2946,4995,10000,0
A5 54 C4 28 05 26 0E 34 04 82 0B 83 13 10 27 00 00 00 FC  TEL,10436,S5,3622,1076,2946,4995,10000,0
A5 54 C5 28 05 45 0E 35 04 82 0B 83 13 10 27 00 00 00 5F  TEL,10437,S5,3653,1077,2946,4995,10000,0
A5 54 C6 28 05 26 0E 34 04 82 0B 83 13 10 27 00 00 00 F8  TEL,10438,S5,3622,1076,2946,4995,10000,0
A5 54 C7 28 05 C9 0D 31 04 82 0B 83 13 10 27 00 00 00 D3  TEL,10439,S5,3529,1073,2946,4995,10000,0
A5 54 C8 28 05 26 0E 34 04 82 0B 83 13 10 27 00 00 00 E4  TEL,10440,S5,3622,1076,2946,4995,10000,0
A5 54 C9 28 05 45 0E 35 04 82 0B 83 13 10 27 00 00 00 47  TEL,10441,S5,3653,1077,2946,4995,10000,0
A5 54 CA 28 05 26 0E 34 04 82 0B 83 13 10 27 00 00 00 E0  TEL,10442,S5,3622,1076,2946,4995,10000,0
A5 54 CB 28 05 07 0E 33 04 82 0B 83 13 10 27 00 00 00 D5  TEL,10443,S5,3591,1075,2946,4995,10000,0
A5 54 CC 28 05 C9 0D 31 04 82 0B 83 13 10 27 00 00 00 C5  TEL,10444,S5,3529,1073,2946,4995,10000,0
A5 54 CD 28 05 07 0E 33 04 82 0B 83 13 10 27 00 00 00 D9  TEL,10445,S5,3591,1075,2946,4995,10000,0
A5 54 CE 28 05 26 0E 34 04 82 0B 83 13 10 27 00 00 00 E8  TEL,10446,S5,3622,1076,2946,4995,10000,0
A5 54 CF 28 05 45 0E 35 04 82 0B 83 13 10 27 00 00 00 4B  TEL,10447,S5,3653,1077,2946,4995,10000,0
A5 54 D0 28 05 26 0E 34 04 82 0B 83 13 10 27 00 00 00 D4  TEL,10448,S5,3622,1076,2946,4995,10000,0
A5 54 D1 28 05 26 0E 34 04 82 0B 83 13 10 27 00 00 00 D6  TEL,10449,S5,3622,1076,2946,4995,10000,0
A5 54 D2 28 05 26 0E 34 04 82 0B 83 13 10 27 00 00 00 D0  TEL,10450,S5,3622,1076,2946,4995,10000,0
A5 54 D3 28 05 07 0E 33 04 82 0B 83 13 10 27 00 00 00 E5  TEL,10451,S5,3591,1075,2946,4995,10000,0
A5 54 D4 28 05 64 0E 36 04 82 0B 83 13 10 27 00 00 00 36  TEL,10452,S5,3684,1078,2946,4995,10000,0
A5 54 D5 28 05 26 0E 34 04 82 0B 83 13 10 27 00 00 00 DE  TEL,10453,S5,3622,1076,2946,4995,10000,0
A5 54 D6 28 05 26 0E 34 04 82 0B 83 13 10 27 00 00 00 D8  TEL,10454,S5,3622,1076,2946,4995,10000,0
A5 54 D7 28 05 26 0E 34 04 82 0B 83 13 10 27 00 00 00 DA  TEL,10455,S5,3622,1076,2946,4995,10000,0
A5 54 D8 28 05 26 0E 34 04 82 0B 83 13 10 27 00 00 00 C4  TEL,10456,S5,3622,1076,2946,4995,10000,0
A5 54 D9 28 05 45 0E 35 04 82 0B 83 13 10 27 00 00 00 67  TEL,10457,S5,3653,1077,2946,4995,10000,0
A5 54 DA 28 05 C9 0D 31 04 82 0B 83 13 10 27 00 00 00 E9  TEL,10458,S5,3529,1073,2946,4995,10000,0
A5 54 DB 28 05 07 0E 33 04 82 0B 83 13 10 27 00 00 00 F5  TEL,10459,S5,3591,1075,2946,4995,10000,0
A5 54 DC 28 05 26 0E 34 04 82 0B 83 13 10 27 00 00 00 CC  TEL,10460,S5,3622,1076,2946,4995,10000,0
A5 54 DD 28 05 07 0E 33 04 82 0B 83 13 10 27 00 00 00 F9  TEL,10461,S5,3591,1075,2946,4995,10000,0
A5 54 DE 28 05 07 0E 33 04 82 0B 83 13 10 27 00 00 00 FF  TEL,10462,S5,3591,1075,2946,4995,10000,0
A5 54 DF 28 05 C9 0D 31 04 82 0B 83 13 10 27 00 00 00 E3  TEL,10463,S5,3529,1073,2946,4995,10000,0
A5 54 E0 28 05 26 0E 34 04 82 0B 83 13 10 27 00 00 00 B4  TEL,10464,S5,3622,1076,2946,4995,10000,0
A5 54 E1 28 05 26 0E 34 04 82 0B 83 13 10 27 00 00 00 B6  TEL,10465,S5,3622,1076,2946,4995,10000,0
A5 54 E2 28 05 26 0E 34 04 82 0B 83 13 10 27 00 00 00 B0  TEL,10466,S5,3622,1076,2946,4995,10000,0
A5 54 E3 28 05 26 0E 34 04 82 0B 83 13 10 27 00 00 00 B2  TEL,10467,S5,3622,1076,2946,4995,10000,0
A5 54 E4 28 05 26 0E 34 04 82 0B 83 13 10 27 00 00 00 BC  TEL,10468,S5,3622,1076,2946,4995,10000,0
A5 54 E5 28 05 26 0E 34 04 82 0B 83 13 10 27 00 00 00 BE  TEL,10469,S5,3622,1076,2946,4995,10000,0
A5 54 E6 28 05 26 0E 34 04 82 0B 83 13 10 27 00 00 00 B8  TEL,10470,S5,3622,1076,2946,4995,10000,0
A5 54 E7 28 05 26 0E 34 04 82 0B 83 13 10 27 00 00 00 BA  TEL,10471,S5,3622,1076,2946,4995,10000,0
A5 54 E8 28 05 26 0E 34 04 82 0B 83 13 10 27 00 00 00 A4  TEL,10472,S5,3622,1076,2946,4995,10000,0
A5 54 E9 28 05 26 0E 34 04 82 0B 83 13 10 27 00 00 00 A6  TEL,10473,S5,3622,1076,2946,4995,10000,0
A5 54 EA 28 05 C9 0D 31 04 82 0B 83 13 10 27 00 00 00 89  TEL,10474,S5,3529,1073,2946,4995,10000,0
A5 54 EB 28 05 07 0E 33 04 82 0B 83 13 10 27 00 00 00 95  TEL,10475,S5,3591,1075,2946,4995,10000,0
A5 54 EC 28 05 07 0E 33 04 82 0B 83 13 10 27 00 00 00 9B  TEL,10476,S5,3591,1075,2946,4995,10000,0
A5 54 ED 28 05 E8 0D 32 04 82 0B 83 13 10 27 00 00 00 CC  TEL,10477,S5,3560,1074,2946,4995,10000,0
A5 54 EE 28 05 26 0E 34 04 82 0B 83 13 10 27 00 00 00 A8  TEL,10478,S5,3622,1076,2946,4995,10000,0
A5 54 EF 28 05 26 0E 34 04 82 0B 83 13 10 27 00 00 00 AA  TEL,10479,S5,3622,1076,2946,4995,10000,0
A5 54 F0 28 05 26 0E 34 04 82 0B 83 13 10 27 00 00 00 94  TEL,10480,S5,3622,1076,2946,4995,10000,0
A5 54 F1 28 05 26 0E 34 04 82 0B 83 13 10 27 00 00 00 96  TEL,10481,S5,3622,1076,2946,4995,10000,0
A5 54 F2 28 05 07 0E 33 04 82 0B 83 13 10 27 00 00 00 A7  TEL,10482,S5,3591,1075,2946,4995,10000,0
A5 54 F3 28 05 07 0E 33 04 82 0B 83 13 10 27 00 00 00 A5  TEL,10483,S5,3591,1075,2946,4995,10000,0
A5 54 F4 28 05 C9 0D 31 04 82 0B 83 13 10 27 00 00 00 B5  TEL,10484,S5,3529,1073,2946,4995,10000,0
A5 54 F5 28 05 C9 0D 31 04 82 0B 83 13 10 27 00 00 00 B7  TEL,10485,S5,3529,1073,2946,4995,10000,0
A5 54 F6 28 05 07 0E 33 04 82 0B 83 13 10 27 00 00 00 AF  TEL,10486,S5,3591,1075,2946,4995,10000,0
A5 54 F7 28 05 C9 0D 31 04 82 0B 83 13 10 27 00 00 00 B3  TEL,10487,S5,3529,1073,2946,4995,10000,0
A5 54 F8 28 05 45 0E 35 04 82 0B 83 13 10 27 00 00 00 25  TEL,10488,S5,3653,1077,2946,4995,10000,0
A5 54 F9 28 05 26 0E 34 04 82 0B 83 13 10 27 00 00 00 86  TEL,10489,S5,3622,1076,2946,4995,10000,0
A5 54 FA 28 05 45 0E 35 04 82 0B 83 13 10 27 00 00 00 21  TEL,10490,S5,3653,1077,2946,4995,10000,0
A5 54 FB 28 05 E8 0D 32 04 82 0B 83 13 10 27 00 00 00 E0  TEL,10491,S5,3560,1074,2946,4995,10000,0
A5 54 FC 28 05 C9 0D 31 04 82 0B 83 13 10 27 00 00 00 A5  TEL,10492,S5,3529,1073,2946,4995,10000,0
A5 54 FD 28 05 26 0E 34 04 82 0B 83 13 10 27 00 00 00 8E  TEL,10493,S5,3622,1076,2946,4995,10000,0
A5 54 FE 28 05 26 0E 34 04 82 0B 83 13 10 27 00 00 00 88  TEL,10494,S5,3622,1076,2946,4995,10000,0
A5 54 FF 28 05 07 0E 33 04 82 0B 83 13 10 27 00 00 00 BD  TEL,10495,S5,3591,1075,2946,4995,10000,0
A5 54 00 29 05 45 0E 35 04 82 0B 83 13 10 27 00 00 00 67  TEL,10496,S5,3653,1077,2946,4995,10000,0
A5 54 01 29 05 07 0E 33 04 82 0B 83 13 10 27 00 00 00 F3  TEL,10497,S5,3591,1075,2946,4995,10000,0
A5 54 02 29 05 AA 0D 2F 04 82 0B 83 13 10 27 00 00 00 18  TEL,10498,S5,3498,1071,2946,4995,10000,0
A5 54 03 29 05 C9 0D 31 04 82 0B 83 13 10 27 00 00 00 E9  TEL,10499,S5,3529,1073,2946,4995,10000,0
A5 54 04 29 05 07 0E 33 04 82 0B 83 13 10 27 00 00 00 F9  TEL,10500,S5,3591,1075,2946,4995,10000,0
A5 54 05 29 05 07 0E 33 04 82 0B 83 13 10 27 00 00 00 FB  TEL,10501,S5,3591,1075,2946,4995,10000,0
A5 54 06 29 05 C9 0D 31 04 82 0B 83 13 10 27 00 00 00 E3  TEL,10502,S5,3529,1073,2946,4995,10000,0
A5 54 07 29 05 26 0E 34 04 82 0B 83 13 10 27 00 00 00 C8  TEL,10503,S5,3622,1076,2946,4995,10000,0
A5 54 08 29 05 07 0E 33 04 82 0B 83 13 10 27 00 00 00 E1  TEL,10504,S5,3591,1075,2946,4995,10000,0
A5 54 09 29 05 26 0E 34 04 82 0B 83 13 10 27 00 00 00 D4  TEL,10505,S5,3622,1076,2946,4995,10000,0
A5 54 0A 29 05 26 0E 34 04 82 0B 83 13 10 27 00 00 00 D2  TEL,10506,S5,3622,1076,2946,4995,10000,0
A5 54 0B 29 05 E8 0D 32 04 82 0B 83 13 10 27 00 00 00 B2  TEL,10507,S5,3560,1074,2946,4995,10000,0
A5 54 0C 29 05 07 0E 33 04 82 0B 83 13 10 27 00 00 00 E9  TEL,10508,S5,3591,1075,2946,4995,10000,0
A5 54 0D 29 05 26 0E 34 04 82 0B 83 13 10 27 00 00 00 DC  TEL,10509,S5,3622,1076,2946,4995,10000,0
A5 54 0E 29 05 07 0E 33 04 82 0B 83 13 10 27 00 00 00 ED  TEL,10510,S5,3591,1075,2946,4995,10000,0
A5 54 0F 29 05 45 0E 35 04 82 0B 83 13 10 27 00 00 00 79  TEL,10511,S5,3653,1077,2946,4995,10000,0
A5 54 10 29 05 45 0E 35 04 82 0B 83 13 10 27 00 00 00 47  TEL,10512,S5,3653,1077,2946,4995,10000,0
A5 54 11 29 05 26 0E 34 04 82 0B 83 13 10 27 00 00 00 E4  TEL,10513,S5,3622,1076,2946,4995,10000,0
A5 54 12 29 05 07 0E 33 04 82 0B 83 13 10 27 00 00 00 D5  TEL,10514,S5,3591,1075,2946,4995,10000,0
A5 54 13 29 05 07 0E 33 04 82 0B 83 13 10 27 00 00 00 D7  TEL,10515,S5,3591,1075,2946,4995,10000,0
A5 54 14 29 05 07 0E 33 04 82 0B 83 13 10 27 00 00 00 D9  TEL,10516,S5,3591,1075,2946,4995,10000,0
A5 54 15 29 05 07 0E 33 04 82 0B 83 13 10 27 00 00 00 DB  TEL,10517,S5,3591,1075,2946,4995,10000,0
A5 54 16 29 05 C9 0D 31 04 82 0B 83 13 10 27 00 00 00 C3  TEL,10518,S5,3529,1073,2946,4995,10000,0
A5 54 17 29 05 45 0E 35 04 82 0B 83 13 10 27 00 00 00 49  TEL,10519,S5,3653,1077,2946,4995,10000,0
A5 54 18 29 05 26 0E 34 04 82 0B 83 13 10 27 00 00 00 F6  TEL,10520,S5,3622,1076,2946,4995,10000,0
A5 54 19 29 05 07 0E 33 04 82 0B 83 13 10 27 00 00 00 C3  TEL,10521,S5,3591,1075,2946,4995,10000,0
A5 54 1A 29 05 C9 0D 31 04 82 0B 83 13 10 27 00 00 00 DB  TEL,10522,S5,3529,1073,2946,4995,10000,0
A5 54 1B 29 05 07 0E 33 04 82 0B 83 13 10 27 00 00 00 C7  TEL,10523,S5,3591,1075,2946,4995,10000,0
A5 54 1C 29 05 C9 0D 31 04 82 0B 83 13 10 27 00 00 00 D7  TEL,10524,S5,3529,1073,2946,4995,10000,0
A5 54 1D 29 05 26 0E 34 04 82 0B 83 13 10 27 00 00 00 FC  TEL,10525,S5,3622,1076,2946,4995,10000,0
A5 54 1E 29 05 C9 0D 31 04 82 0B 83 13 10 27 00 00 00 D3  TEL,10526,S5,3529,1073,2946,4995,10000,0
A5 54 1F 29 05 07 0E 33 04 82 0B 83 13 10 27 00 00 00 CF  TEL,10527,S5,3591,1075,2946,4995,10000,0
A5 54 20 29 05 26 0E 34 04 82 0B 83 13 10 27 00 00 00 86  TEL,10528,S5,3622,1076,2946,4995,10000,0
A5 54 21 29 05 45 0E 35 04 82 0B 83 13 10 27 00 00 00 25  TEL,10529,S5,3653,1077,2946,4995,10000,0
A5 54 22 29 05 26 0E 34 04 82 0B 83 13 10 27 00 00 00 82  TEL,10530,S5,3622,1076,2946,4995,10000,0
A5 54 23 29 05 26 0E 34 04 82 0B 83 13 10 27 00 00 00 80  TEL,10531,S5,3622,1076,2946,4995,10000,0
A5 54 24 29 05 26 0E 34 04 82 0B 83 13 10 27 00 00 00 8E  TEL,10532,S5,3622,1076,2946,4995,10000,0
A5 54 25 29 05 C9 0D 31 04 82 0B 83 13 10 27 00 00 00 A5  TEL,10533,S5,3529,1073,2946,4995,10000,0
A5 54 26 29 05 07 0E 33 04 82 0B 83 13 10 27 00 00 00 BD  TEL,10534,S5,3591,1075,2946,4995,10000,0
A5 54 27 29 05 C9 0D 31 04 82 0B 83 13 10 27 00 00 00 A1  TEL,10535,S5,3529,1073,2946,4995,10000,0
A5 54 28 29 05 C9 0D 31 04 82 0B 83 13 10 27 00 00 00 BF  TEL,10536,S5,3529,1073,2946,4995,10000,0
A5 54 29 29 05 C9 0D 31 04 82 0B 83 13 10 27 00 00 00 BD  TEL,10537,S5,3529,1073,2946,4995,10000,0
A5 54 2A 29 05 45 0E 35 04 82 0B 83 13 10 27 00 00 00 33  TEL,10538,S5,3653,1077,2946,4995,10000,0
A5 54 2B 29 05 C9 0D 31 04 82 0B 83 13 10 27 00 00 00 B9  TEL,10539,S5,3529,1073,2946,4995,10000,0
A5 54 2C 29 05 26 0E 34 04 82 0B 83 13 10 27 00 00 00 9E  TEL,10540,S5,3622,1076,2946,4995,10000,0
A5 54 2D 29 05 07 0E 33 04 82 0B 83 13 10 27 00 00 00 AB  TEL,10541,S5,3591,1075,2946,4995,10000,0
A5 54 2E 29 05 C9 0D 30 04 82 0B 83 13 10 27 00 00 00 AC  TEL,10542,S5,3529,1072,2946,4995,10000,0
A5 54 2F 29 05 26 0E 34 04 82 0B 83 13 10 27 00 00 00 98  TEL,10543,S5,3622,1076,2946,4995,10000,0
A5 54 30 29 05 C9 0D 31 04 82 0B 83 13 10 27 00 00 00 8F  TEL,10544,S5,3529,1073,2946,4995,10000,0
A5 54 31 29 05 26 0E 34 04 82 0B 83 13 10 27 00 00 00 A4  TEL,10545,S5,3622,1076,2946,4995,10000,0
A5 54 32 29 05 C9 0D 31 04 82 0B 83 13 10 27 00 00 00 8B  TEL,10546,S5,3529,1073,2946,4995,10000,0
A5 54 33 29 05 26 0E 34 04 82 0B 83 13 10 27 00 00 00 A0  TEL,10547,S5,3622,1076,2946,4995,10000,0
A5 54 34 29 05 26 0E 34 04 82 0B 83 13 10 27 00 00 00 AE  TEL,10548,S5,3622,1076,2946,4995,10000,0
A5 54 35 29 05 26 0E 34 04 82 0B 83 13 10 27 00 00 00 AC  TEL,10549,S5,3622,1076,2946,4995,10000,0
A5 54 36 29 05 45 0E 35 04 82 0B 83 13 10 27 00 00 00 0B  TEL,10550,S5,3653,1077,2946,4995,10000,0
A5 54 37 29 05 C9 0D 31 04 82 0B 83 13 10 27 00 00 00 81  TEL,10551,S5,3529,1073,2946,4995,10000,0
A5 54 38 29 05 45 0E 35 04 82 0B 83 13 10 27 00 00 00 17  TEL,10552,S5,3653,1077,2946,4995,10000,0
A5 54 39 29 05 26 0E 34 04 82 0B 83 13 10 27 00 00 00 B4  TEL,10553,S5,3622,1076,2946,4995,10000,0
A5 54 3A 29 05 07 0E 33 04 82 0B 83 13 10 27 00 00 00 85  TEL,10554,S5,3591,1075,2946,4995,10000,0
A5 54 3B 29 05 07 0E 33 04 82 0B 83 13 10 27 00 00 00 87  TEL,10555,S5,3591,1075,2946,4995,10000,0
A5 54 3C 29 05 07 0E 33 04 82 0B 83 13 10 27 00 00 00 89  TEL,10556,S5,3591,1075,2946,4995,10000,0
A5 54 3D 29 05 AA 0D 2F 04 82 0B 83 13 DC 40 00 00 00 98  TEL,10557,S5,3498,1071,2946,4995,16604,0
A5 54 3E 29 05 26 0E 34 04 82 0B 83 13 10 27 00 00 00 BA  TEL,10558,S5,3622,1076,2946,4995,10000,0
A5 54 3F 29 05 C9 0D 31 04 82 0B 83 13 10 27 00 00 00 91  TEL,10559,S5,3529,1073,2946,4995,10000,0
A5 54 40 29 05 C9 0D 30 04 82 0B DC 36 10 27 00 00 00 A9  TEL,10560,S5,3529,1072,2946,14044,10000,0
A5 54 41 29 05 26 0E 34 04 82 0B 82 13 6A 4A 00 00 00 73  TEL,10561,S5,3622,1076,2946,4994,19050,0
A5 54 42 29 05 26 0E 34 04 82 0B 82 13 10 27 00 00 00 9D  TEL,10562,S5,3622,1076,2946,4994,10000,0
A5 54 43 29 05 26 0E 34 04 82 0B 82 13 10 27 00 00 00 9F  TEL,10563,S5,3622,1076,2946,4994,10000,0
A5 54 44 29 05 45 0E 35 04 82 0B 82 13 10 27 00 00 00 30  TEL,10564,S5,3653,1077,2946,4994,10000,0
A5 54 45 29 05 26 0E 34 04 82 0B 82 13 10 27 00 00 00 93  TEL,10565,S5,3622,1076,2946,4994,10000,0
A5 54 46 29 05 45 0E 35 04 82 0B 82 13 10 27 00 00 00 34  TEL,10566,S5,3653,1077,2946,4994,10000,0
A5 54 47 29 05 E8 0D 32 04 82 0B 82 13 10 27 00 00 00 F5  TEL,10567,S5,3560,1074,2946,4994,10000,0
A5 54 48 29 05 83 0E 37 04 82 0B 82 13 10 27 00 00 00 6D  TEL,10568,S5,3715,1079,2946,4994,10000,0
A5 54 49 29 05 45 0E 35 04 82 0B 82 13 10 27 00 00 00 2A  TEL,10569,S5,3653,1077,2946,4994,10000,0
A5 54 4A 29 05 45 0E 35 04 82 0B 82 13 10 27 00 00 00 2C  TEL,10570,S5,3653,1077,2946,4994,10000,0
A5 54 4B 29 05 6B 0D 2D 04 82 0B 82 13 10 27 00 00 00 F5  TEL,10571,S5,3435,1069,2946,4994,10000,0
A5 54 4C 29 05 64 0E 36 04 82 0B 82 13 10 27 00 00 00 6B  TEL,10572,S5,3684,1078,2946,4994,10000,0
A5 54 4D 29 05 07 0E 33 04 82 0B 82 13 10 27 00 00 00 B4  TEL,10573,S5,3591,1075,2946,4994,10000,0
A5 54 4E 29 05 C9 0D 31 04 82 0B 82 13 10 27 00 00 00 AC  TEL,10574,S5,3529,1073,2946,4994,10000,0
A5 54 4F 29 05 45 0E 35 04 82 0B 82 13 10 27 00 00 00 26  TEL,10575,S5,3653,1077,2946,4994,10000,0
A5 54 50 29 05 45 0E 35 04 82 0B 82 13 10 27 00 00 00 18  TEL,10576,S5,3653,1077,2946,4994,10000,0
A5 54 51 29 05 26 0E 34 04 82 0B 82 13 10 27 00 00 00 BB  TEL,10577,S5,3622,1076,2946,4994,10000,0
A5 54 52 29 05 45 0E 35 04 82 0B 82 13 10 27 00 00 00 1C  TEL,10578,S5,3653,1077,2946,4994,10000,0
A5 54 53 29 05 26 0E 34 04 82 0B 82 13 10 27 00 00 00 BF  TEL,10579,S5,3622,1076,2946,4994,10000,0
A5 54 54 29 05 45 0E 35 04 82 0B 82 13 10 27 00 00 00 10  TEL,10580,S5,3653,1077,2946,4994,10000,0
A5 54 55 29 05 45 0E 35 04 82 0B 82 13 10 27 00 00 00 12  TEL,10581,S5,3653,1077,2946,4994,10000,0
A5 54 56 29 05 45 0E 35 04 82 0B 82 13 10 27 00 00 00 14  TEL,10582,S5,3653,1077,2946,4994,10000,0
A5 54 57 29 05 45 0E 35 04 82 0B 82 13 10 27 00 00 00 16  TEL,10583,S5,3653,1077,2946,4994,10000,0
A5 54 58 29 05 26 0E 34 04 82 0B 82 13 10 27 00 00 00 A9  TEL,10584,S5,3622,1076,2946,4994,10000,0
A5 54 59 29 05 45 0E 35 04 82 0B 82 13 10 27 00 00 00 0A  TEL,10585,S5,3653,1077,2946,4994,10000,0
A5 54 5A 29 05 45 0E 35 04 82 0B 82 13 10 27 00 00 00 0C  TEL,10586,S5,3653,1077,2946,4994,10000,0
A5 54 5B 29 05 83 0E 37 04 82 0B 82 13 10 27 00 00 00 4B  TEL,10587,S5,3715,1079,2946,4994,10000,0
A5 54 5C 29 05 C9 0D 31 04 82 0B 58 2F 10 27 00 00 00 89  TEL,10588,S5,3529,1073,2946,12120,10000,0
A5 54 5D 29 05 C9 0D 31 04 82 0B 82 13 E6 42 00 00 00 D3  TEL,10589,S5,3529,1073,2946,4994,17126,0
A5 54 5E 29 05 AA 0D 2F 04 82 0B 82 13 10 27 00 00 00 7F  TEL,10590,S5,3498,1071,2946,4994,10000,0
A5 54 5F 29 05 C9 0D 31 04 82 0B 82 13 10 27 00 00 00 8E  TEL,10591,S5,3529,1073,2946,4994,10000,0
A5 54 60 29 05 26 0E 34 04 82 0B 70 36 09 28 00 00 00 F0  TEL,10592,S5,3622,1076,2946,13936,10249,0
A5 54 61 29 05 26 0E 34 04 82 0B 8E 13 FD 48 00 00 00 0C  TEL,10593,S5,3622,1076,2946,5006,18685,0
A5 54 62 29 05 26 0E 34 04 82 0B 8E 13 10 27 00 00 00 42  TEL,10594,S5,3622,1076,2946,5006,10000,0
A5 54 63 29 05 C9 0D 31 04 82 0B 8E 13 10 27 00 00 00 69  TEL,10595,S5,3529,1073,2946,5006,10000,0
A5 54 64 29 05 45 0E 35 04 82 0B 8E 13 10 27 00 00 00 EF  TEL,10596,S5,3653,1077,2946,5006,10000,0
A5 54 65 29 05 07 0E 33 04 82 0B 8E 13 10 27 00 00 00 7B  TEL,10597,S5,3591,1075,2946,5006,10000,0
A5 54 66 29 05 45 0E 35 04 82 0B 8E 13 10 27 00 00 00 EB  TEL,10598,S5,3653,1077,2946,5006,10000,0
A5 54 67 29 05 26 0E 34 04 82 0B 8E 13 10 27 00 00 00 48  TEL,10599,S5,3622,1076,2946,5006,10000,0
A5 54 68 29 05 26 0E 34 04 82 0B 8E 13 10 27 00 00 00 56  TEL,10600,S5,3622,1076,2946,5006,10000,0
A5 54 69 29 05 07 0E 33 04 82 0B 8E 13 10 27 00 00 00 63  TEL,10601,S5,3591,1075,2946,5006,10000,0
A5 54 6A 29 05 07 0E 33 04 82 0B 8E 13 10 27 00 00 00 65  TEL,10602,S5,3591,1075,2946,5006,10000,0
A5 54 6B 29 05 C9 0D 30 04 82 0B 8E 13 10 27 00 00 00 66  TEL,10603,S5,3529,1072,2946,5006,10000,0
A5 54 6C 29 05 07 0E 33 04 82 0B 8E 13 10 27 00 00 00 69  TEL,10604,S5,3591,1075,2946,5006,10000,0
A5 54 6D 29 05 07 0E 33 04 82 0B 8E 13 10 27 00 00 00 6B  TEL,10605,S5,3591,1075,2946,5006,10000,0
A5 54 6E 29 05 E8 0D 32 04 82 0B 8E 13 10 27 00 00 00 38  TEL,10606,S5,3560,1074,2946,5006,10000,0
A5 54 6F 29 05 26 0E 34 04 82 0B 8E 13 10 27 00 00 00 58  TEL,10607,S5,3622,1076,2946,5006,10000,0
A5 54 70 29 05 07 0E 33 04 82 0B 8E 13 10 27 00 00 00 51  TEL,10608,S5,3591,1075,2946,5006,10000,0
A5 54 71 29 05 07 0E 33 04 82 0B 8E 13 10 27 00 00 00 53  TEL,10609,S5,3591,1075,2946,5006,10000,0
A5 54 72 29 05 26 0E 34 04 82 0B 8E 13 10 27 00 00 00 62  TEL,10610,S5,3622,1076,2946,5006,10000,0
A5 54 73 29 05 C2 0E 39 04 82 0B 8E 13 10 27 00 00 00 51  TEL,10611,S5,3778,1081,2946,5006,10000,0
A5 54 74 29 05 C9 0D 31 04 82 0B 8E 13 10 27 00 00 00 47  TEL,10612,S5,3529,1073,2946,5006,10000,0
A5 54 75 29 05 07 0E 33 04 82 0B 8F 13 10 27 00 00 00 84  TEL,10613,S5,3591,1075,2946,5007,10000,0
A5 54 76 29 05 C9 0D 30 04 82 0B 8E 13 10 27 00 00 00 5C  TEL,10614,S5,3529,1072,2946,5006,10000,0
A5 54 77 29 05 45 0E 35 04 82 0B 8E 13 10 27 00 00 00 C9  TEL,10615,S5,3653,1077,2946,5006,10000,0
A5 54 78 29 05 07 0E 33 04 82 0B 8E 13 10 27 00 00 00 41  TEL,10616,S5,3591,1075,2946,5006,10000,0
A5 54 79 29 05 83 0E 37 04 82 0B 8E 13 10 27 00 00 00 90  TEL,10617,S5,3715,1079,2946,5006,10000,0
A5 54 7A 29 05 26 0E 34 04 82 0B 8E 13 10 27 00 00 00 72  TEL,10618,S5,3622,1076,2946,5006,10000,0
A5 54 7B 29 05 07 0E 33 04 82 0B 8E 13 10 27 00 00 00 47  TEL,10619,S5,3591,1075,2946,5006,10000,0
A5 54 7C 29 05 07 0E 33 04 82 0B 8E 13 10 27 00 00 00 49  TEL,10620,S5,3591,1075,2946,5006,10000,0
A5 54 7D 29 05 64 0E 36 04 82 0B 8E 13 10 27 00 00 00 96  TEL,10621,S5,3684,1078,2946,5006,10000,0
A5 54 7E 29 05 26 0E 34 04 82 0B 8E 13 10 27 00 00 00 7A  TEL,10622,S5,3622,1076,2946,5006,10000,0
A5 54 7F 29 05 45 0E 35 04 82 0B 8E 13 10 27 00 00 00 D9  TEL,10623,S5,3653,1077,2946,5006,10000,0
A5 54 80 29 05 45 0E 35 04 82 0B 8E 13 10 27 00 00 00 20  TEL,10624,S5,3653,1077,2946,5006,10000,0
A5 54 81 29 05 83 0E 37 04 82 0B 8E 13 10 27 00 00 00 67  TEL,10625,S5,3715,1079,2946,5006,10000,0
A5 54 82 29 05 26 0E 34 04 82 0B 8E 13 10 27 00 00 00 85  TEL,10626,S5,3622,1076,2946,5006,10000,0
A5 54 83 29 05 A3 0E 38 04 82 0B 8E 13 10 27 00 00 00 38  TEL,10627,S5,3747,1080,2946,5006,10000,0
A5 54 84 29 05 07 0E 33 04 82 0B 8E 13 10 27 00 00 00 BE  TEL,10628,S5,3591,1075,2946,5006,10000,0
A5 54 85 29 05 C2 0E 39 04 82 0B 8E 13 10 27 00 00 00 BA  TEL,10629,S5,3778,1081,2946,5006,10000,0
A5 54 86 29 05 26 0E 34 04 82 0B 8E 13 10 27 00 00 00 8D  TEL,10630,S5,3622,1076,2946,5006,10000,0
A5 54 87 29 05 26 0E 34 04 82 0B 8E 13 10 27 00 00 00 8F  TEL,10631,S5,3622,1076,2946,5006,10000,0
A5 54 88 29 05 45 0E 35 04 82 0B 8E 13 10 27 00 00 00 30  TEL,10632,S5,3653,1077,2946,5006,10000,0
A5 54 89 29 05 64 0E 36 04 82 0B 8E 13 10 27 00 00 00 79  TEL,10633,S5,3684,1078,2946,5006,10000,0
A5 54 8A 29 05 64 0E 36 04 82 0B 8E 13 10 27 00 00 00 7F  TEL,10634,S5,3684,1078,2946,5006,10000,0
A5 54 8B 29 05 C9 0D 30 04 82 0B 8E 13 10 27 00 00 00 A1  TEL,10635,S5,3529,1072,2946,5006,10000,0
A5 54 8C 29 05 07 0E 33 04 82 0B 8E 13 10 27 00 00 00 AE  TEL,10636,S5,3591,1075,2946,5006,10000,0
A5 54 8D 29 05 07 0E 33 04 82 0B 8E 13 10 27 00 00 00 AC  TEL,10637,S5,3591,1075,2946,5006,10000,0
A5 54 8E 29 05 26 0E 34 04 82 0B 8E 13 10 27 00 00 00 9D  TEL,10638,S5,3622,1076,2946,5006,10000,0
A5 54 8F 29 05 26 0E 34 04 82 0B 8F 13 10 27 00 00 00 40  TEL,10639,S5,3622,1076,2946,5007,10000,0
A5 54 90 29 05 07 0E 33 04 82 0B 8E 13 10 27 00 00 00 96  TEL,10640,S5,3591,1075,2946,5006,10000,0
A5 54 91 29 05 07 0E 33 04 82 0B 8E 13 10 27 00 00 00 94  TEL,10641,S5,3591,1075,2946,5006,10000,0
A5 54 92 29 05 26 0E 34 04 82 0B 8E 13 10 27 00 00 00 A5  TEL,10642,S5,3622,1076,2946,5006,10000,0
A5 54 93 29 05 26 0E 34 04 82 0B 8E 13 10 27 00 00 00 A7  TEL,10643,S5,3622,1076,2946,5006,10000,0
A5 54 94 29 05 26 0E 34 04 82 0B 8E 13 10 27 00 00 00 A9  TEL,10644,S5,3622,1076,2946,5006,10000,0
A5 54 95 29 05 07 0E 33 04 82 0B 8E 13 10 27 00 00 00 9C  TEL,10645,S5,3591,1075,2946,5006,10000,0
A5 54 96 29 05 64 0E 36 04 82 0B 8E 13 10 27 00 00 00 47  TEL,10646,S5,3684,1078,2946,5006,10000,0
A5 54 97 29 05 26 0E 34 04 82 0B 8E 13 10 27 00 00 00 AF  TEL,10647,S5,3622,1076,2946,5006,10000,0
A5 54 98 29 05 07 0E 33 04 82 0B 8E 13 10 27 00 00 00 86  TEL,10648,S5,3591,1075,2946,5006,10000,0
A5 54 99 29 05 07 0E 33 04 82 0B 8E 13 10 27 00 00 00 84  TEL,10649,S5,3591,1075,2946,5006,10000,0
A5 54 9A 29 05 26 0E 34 04 82 0B 8E 13 10 27 00 00 00 B5  TEL,10650,S5,3622,1076,2946,5006,10000,0
A5 54 9B 29 05 E8 0D 32 04 82 0B 8E 13 10 27 00 00 00 D5  TEL,10651,S5,3560,1074,2946,5006,10000,0
A5 54 9C 29 05 26 0E 34 04 82 0B 8E 13 10 27 00 00 00 B9  TEL,10652,S5,3622,1076,2946,5006,10000,0
A5 54 9D 29 05 C9 0D 31 04 82 0B 8E 13 10 27 00 00 00 92  TEL,10653,S5,3529,1073,2946,5006,10000,0
A5 54 9E 29 05 45 0E 35 04 82 0B 8E 13 10 27 00 00 00 1C  TEL,10654,S5,3653,1077,2946,5006,10000,0
A5 54 9F 29 05 26 0E 34 04 82 0B 8E 13 10 27 00 00 00 BF  TEL,10655,S5,3622,1076,2946,5006,10000,0
A5 54 A0 29 05 07 0E 33 04 82 0B 8E 13 10 27 00 00 00 F6  TEL,10656,S5,3591,1075,2946,5006,10000,0
A5 54 A1 29 05 07 0E 33 04 82 0B 8E 13 10 27 00 00 00 F4  TEL,10657,S5,3591,1075,2946,5006,10000,0
A5 54 A2 29 05 26 0E 34 04 82 0B 8E 13 10 27 00 00 00 C5  TEL,10658,S5,3622,1076,2946,5006,10000,0
A5 54 A3 29 05 45 0E 35 04 82 0B 8E 13 10 27 00 00 00 66  TEL,10659,S5,3653,1077,2946,5006,10000,0
A5 54 A4 29 05 45 0E 35 04 82 0B 8E 13 10 27 00 00 00 68  TEL,10660,S5,3653,1077,2946,5006,10000,0
A5 54 A5 29 05 07 0E 33 04 82 0B 8E 13 10 27 00 00 00 FC  TEL,10661,S5,3591,1075,2946,5006,10000,0
A5 54 A6 29 05 45 0E 35 04 82 0B 8E 13 10 27 00 00 00 6C  TEL,10662,S5,3653,1077,2946,5006,10000,0
A5 54 A7 29 05 45 0E 35 04 82 0B 8E 13 10 27 00 00 00 6E  TEL,10663,S5,3653,1077,2946,5006,10000,0
A5 54 A8 29 05 07 0E 33 04 82 0B 8E 13 10 27 00 00 00 E6  TEL,10664,S5,3591,1075,2946,5006,10000,0
A5 54 A9 29 05 07 0E 33 04 82 0B 8E 13 10 27 00 00 00 E4  TEL,10665,S5,3591,1075,2946,5006,10000,0
A5 54 AA 29 05 64 0E 36 04 82 0B 8E 13 10 27 00 00 00 3F  TEL,10666,S5,3684,1078,2946,5006,10000,0
A5 54 AB 29 05 07 0E 33 04 82 0B 8E 13 10 27 00 00 00 E0  TEL,10667,S5,3591,1075,2946,5006,10000,0
A5 54 AC 29 05 45 0E 35 04 82 0B 8E 13 10 27 00 00 00 78  TEL,10668,S5,3653,1077,2946,5006,10000,0
A5 54 AD 29 05 07 0E 33 04 82 0B 8E 13 10 27 00 00 00 EC  TEL,10669,S5,3591,1075,2946,5006,10000,0
A5 54 AE 29 05 26 0E 34 04 82 0B 8E 13 10 27 00 00 00 DD  TEL,10670,S5,3622,1076,2946,5006,10000,0
A5 54 AF 29 05 45 0E 35 04 82 0B 8E 13 10 27 00 00 00 7E  TEL,10671,S5,3653,1077,2946,5006,10000,0
A5 54 B0 29 05 07 0E 33 04 82 0B 8E 13 10 27 00 00 00 D6  TEL,10672,S5,3591,1075,2946,5006,10000,0
A5 42 3D 00 05 B1 29 17 E0 9B 0B 2F E0 9B 0B 32 E0 9B 0B E0  BTN,61,S5,PRESSED,10673,194764823,194764847,194764850
A5 54 B2 29 05 07 0E 33 04 82 0B DC 13 10 27 00 00 01 FA  TEL,10674,S5,3591,1075,2946,5084,10000,1
A5 54 B3 29 05 07 0E 33 04 82 0B 8E 13 10 27 00 00 00 D0  TEL,10675,S5,3591,1075,2946,5006,10000,0
A5 54 B4 29 05 45 0E 35 04 82 0B 8E 13 10 27 00 00 00 48  TEL,10676,S5,3653,1077,2946,5006,10000,0
A5 54 B5 29 05 07 0E 33 04 82 0B 8E 13 10 27 00 00 00 DC  TEL,10677,S5,3591,1075,2946,5006,10000,0
A5 54 B6 29 05 07 0E 33 04 82 0B 8E 13 10 27 00 00 00 DA  TEL,10678,S5,3591,1075,2946,5006,10000,0
A5 54 B7 29 05 26 0E 34 04 82 0B 8E 13 10 27 00 00 00 EF  TEL,10679,S5,3622,1076,2946,5006,10000,0
A5 54 B8 29 05 A3 0E 38 04 82 0B 8E 13 10 27 00 00 00 4E  TEL,10680,S5,3747,1080,2946,5006,10000,0
A5 54 B9 29 05 07 0E 33 04 82 0B 8E 13 10 27 00 00 00 C4  TEL,10681,S5,3591,1075,2946,5006,10000,0
A5 54 BA 29 05 07 0E 33 04 82 0B 8E 13 10 27 00 00 00 C2  TEL,10682,S5,3591,1075,2946,5006,10000,0
A5 54 BB 29 05 83 0E 37 04 82 0B 8E 13 10 27 00 00 00 13  TEL,10683,S5,3715,1079,2946,5006,10000,0
A5 54 BC 29 05 26 0E 34 04 82 0B 8E 13 10 27 00 00 00 F9  TEL,10684,S5,3622,1076,2946,5006,10000,0
A5 54 BD 29 05 C9 0D 31 04 82 0B 8E 13 10 27 00 00 00 D2  TEL,10685,S5,3529,1073,2946,5006,10000,0
A5 54 BE 29 05 07 0E 33 04 82 0B 8E 13 10 27 00 00 00 CA  TEL,10686,S5,3591,1075,2946,5006,10000,0
A5 54 BF 29 05 45 0E 35 04 82 0B 8E 13 10 27 00 00 00 5E  TEL,10687,S5,3653,1077,2946,5006,10000,0
A5 54 C0 29 05 64 0E 36 04 82 0B 8E 13 10 27 00 00 00 EB  TEL,10688,S5,3684,1078,2946,5006,10000,0
A5 54 C1 29 05 45 0E 35 04 82 0B 8E 13 10 27 00 00 00 A2  TEL,10689,S5,3653,1077,2946,5006,10000,0
A5 54 C2 29 05 26 0E 34 04 82 0B A4 13 10 27 00 00 00 F7  TEL,10690,S5,3622,1076,2946,5028,10000,0
A5 54 C3 29 05 26 0E 34 04 82 0B 8E 13 10 27 00 00 00 07  TEL,10691,S5,3622,1076,2946,5006,10000,0
A5 54 C4 29 05 26 0E 34 04 82 0B 8E 13 10 27 00 00 00 09  TEL,10692,S5,3622,1076,2946,5006,10000,0
A5 54 C5 29 05 45 0E 35 04 82 0B 8E 13 10 27 00 00 00 AA  TEL,10693,S5,3653,1077,2946,5006,10000,0
A5 54 C6 29 05 07 0E 33 04 82 0B 8E 13 10 27 00 00 00 3A  TEL,10694,S5,3591,1075,2946,5006,10000,0
A5 54 C7 29 05 E8 0D 32 04 82 0B 8E 13 10 27 00 00 00 6D  TEL,10695,S5,3560,1074,2946,5006,10000,0
A5 54 C8 29 05 C9 0D 31 04 82 0B 8E 13 10 27 00 00 00 38  TEL,10696,S5,3529,1073,2946,5006,10000,0
A5 54 C9 29 05 83 0E 37 04 82 0B 8E 13 10 27 00 00 00 F7  TEL,10697,S5,3715,1079,2946,5006,10000,0
A5 54 CA 29 05 07 0E 33 04 82 0B 8E 13 10 27 00 00 00 22  TEL,10698,S5,3591,1075,2946,5006,10000,0
A5 54 CB 29 05 07 0E 33 04 82 0B 8E 13 10 27 00 00 00 20  TEL,10699,S5,3591,1075,2946,5006,10000,0
A5 54 CC 29 05 45 0E 35 04 82 0B 8E 13 10 27 00 00 00 B8  TEL,10700,S5,3653,1077,2946,5006,10000,0
A5 54 CD 29 05 A3 0E 38 04 82 0B 8E 13 10 27 00 00 00 A4  TEL,10701,S5,3747,1080,2946,5006,10000,0
A5 54 CE 29 05 07 0E 33 04 82 0B 8E 13 10 27 00 00 00 2A  TEL,10702,S5,3591,1075,2946,5006,10000,0
A5 54 CF 29 05 C9 0D 30 04 82 0B 8E 13 10 27 00 00 00 29  TEL,10703,S5,3529,1072,2946,5006,10000,0
A5 54 D0 29 05 26 0E 34 04 82 0B 8E 13 10 27 00 00 00 21  TEL,10704,S5,3622,1076,2946,5006,10000,0
A5 54 D1 29 05 A3 0E 38 04 82 0B 8E 13 10 27 00 00 00 9C  TEL,10705,S5,3747,1080,2946,5006,10000,0
A5 54 D2 29 05 26 0E 34 04 82 0B 8E 13 10 27 00 00 00 25  TEL,10706,S5,3622,1076,2946,5006,10000,0
A5 54 D3 29 05 83 0E 37 04 82 0B 8E 13 10 27 00 00 00 C3  TEL,10707,S5,3715,1079,2946,5006,10000,0
A5 54 D4 29 05 64 0E 36 04 82 0B 8E 13 10 27 00 00 00 C3  TEL,10708,S5,3684,1078,2946,5006,10000,0
A5 54 D5 29 05 45 0E 35 04 82 0B 8E 13 10 27 00 00 00 8A  TEL,10709,S5,3653,1077,2946,5006,10000,0
A5 54 D6 29 05 07 0E 33 04 82 0B 8E 13 10 27 00 00 00 1A  TEL,10710,S5,3591,1075,2946,5006,10000,0
A5 54 D7 29 05 07 0E 33 04 82 0B 8E 13 10 27 00 00 00 18  TEL,10711,S5,3591,1075,2946,5006,10000,0
A5 54 D8 29 05 26 0E 34 04 82 0B 8E 13 10 27 00 00 00 31  TEL,10712,S5,3622,1076,2946,5006,10000,0
A5 54 D9 29 05 45 0E 35 04 82 0B 8E 13 10 27 00 00 00 92  TEL,10713,S5,3653,1077,2946,5006,10000,0
A5 54 DA 29 05 45 0E 35 04 82 0B 8E 13 10 27 00 00 00 94  TEL,10714,S5,3653,1077,2946,5006,10000,0
A5 54 DB 29 05 C9 0D 31 04 82 0B 8E 13 10 27 00 00 00 1E  TEL,10715,S5,3529,1073,2946,5006,10000,0
A5 54 DC 29 05 07 0E 33 04 82 0B 8E 13 10 27 00 00 00 0E  TEL,10716,S5,3591,1075,2946,5006,10000,0
A5 54 DD 29 05 26 0E 34 04 82 0B 8E 13 10 27 00 00 00 3B  TEL,10717,S5,3622,1076,2946,5006,10000,0
A5 54 DE 29 05 07 0E 33 04 82 0B 8E 13 10 27 00 00 00 0A  TEL,10718,S5,3591,1075,2946,5006,10000,0
A5 54 DF 29 05 07 0E 33 04 82 0B 8E 13 10 27 00 00 00 08  TEL,10719,S5,3591,1075,2946,5006,10000,0
A5 54 E0 29 05 26 0E 34 04 82 0B 8E 13 10 27 00 00 00 41  TEL,10720,S5,3622,1076,2946,5006,10000,0
A5 54 E1 29 05 45 0E 35 04 82 0B 8E 13 10 27 00 00 00 E2  TEL,10721,S5,3653,1077,2946,5006,10000,0
A5 54 E2 29 05 07 0E 33 04 82 0B 8E 13 10 27 00 00 00 72  TEL,10722,S5,3591,1075,2946,5006,10000,0
A5 54 E3 29 05 07 0E 33 04 82 0B 8E 13 10 27 00 00 00 70  TEL,10723,S5,3591,1075,2946,5006,10000,0
A5 54 E4 29 05 07 0E 33 04 82 0B 8E 13 10 27 00 00 00 7E  TEL,10724,S5,3591,1075,2946,5006,10000,0
A5 54 E5 29 05 45 0E 35 04 82 0B 8E 13 10 27 00 00 00 EA  TEL,10725,S5,3653,1077,2946,5006,10000,0
A5 54 E6 29 05 07 0E 33 04 82 0B 8E 13 10 27 00 00 00 7A  TEL,10726,S5,3591,1075,2946,5006,10000,0
A5 54 E7 29 05 07 0E 33 04 82 0B 8E 13 10 27 00 00 00 78  TEL,10727,S5,3591,1075,2946,5006,10000,0
A5 54 E8 29 05 64 0E 36 04 82 0B 8E 13 10 27 00 00 00 BB  TEL,10728,S5,3684,1078,2946,5006,10000,0
A5 54 E9 29 05 26 0E 34 04 82 0B 8E 13 10 27 00 00 00 53  TEL,10729,S5,3622,1076,2946,5006,10000,0
A5 54 EA 29 05 26 0E 34 04 82 0B 8E 13 10 27 00 00 00 55  TEL,10730,S5,3622,1076,2946,5006,10000,0
A5 54 EB 29 05 26 0E 34 04 82 0B 8E 13 10 27 00 00 00 57  TEL,10731,S5,3622,1076,2946,5006,10000,0
A5 54 EC 29 05 C9 0D 30 04 82 0B 8E 13 10 27 00 00 00 6F  TEL,10732,S5,3529,1072,2946,5006,10000,0
A5 54 ED 29 05 A3 0E 38 04 82 0B 8E 13 10 27 00 00 00 E4  TEL,10733,S5,3747,1080,2946,5006,10000,0
A5 54 EE 29 05 07 0E 33 04 82 0B 8E 13 10 27 00 00 00 6A  TEL,10734,S5,3591,1075,2946,5006,10000,0
A5 54 EF 29 05 A3 0E 38 04 82 0B 8E 13 10 27 00 00 00 E0  TEL,10735,S5,3747,1080,2946,5006,10000,0
A5 54 F0 29 05 26 0E 34 04 82 0B 8E 13 10 27 00 00 00 61  TEL,10736,S5,3622,1076,2946,5006,10000,0
A5 54 F1 29 05 26 0E 34 04 82 0B 8E 13 10 27 00 00 00 63  TEL,10737,S5,3622,1076,2946,5006,10000,0
A5 54 F2 29 05 07 0E 33 04 82 0B 8E 13 10 27 00 00 00 52  TEL,10738,S5,3591,1075,2946,5006,10000,0
A5 54 F3 29 05 8A 0D 2E 04 82 0B 8E 13 10 27 00 00 00 5C  TEL,10739,S5,3466,1070,2946,5006,10000,0
A5 54 F4 29 05 26 0E 34 04 82 0B 8E 13 10 27 00 00 00 69  TEL,10740,S5,3622,1076,2946,5006,10000,0
A5 54 F5 29 05 26 0E 34 04 82 0B 8F 13 10 27 00 00 00 B4  TEL,10741,S5,3622,1076,2946,5007,10000,0
A5 54 F6 29 05 E8 0D 32 04 82 0B 8E 13 10 27 00 00 00 0F  TEL,10742,S5,3560,1074,2946,5006,10000,0
A5 54 F7 29 05 07 0E 33 04 82 0B 8E 13 10 27 00 00 00 58  TEL,10743,S5,3591,1075,2946,5006,10000,0
A5 54 F8 29 05 45 0E 35 04 82 0B 8E 13 10 27 00 00 00 D0  TEL,10744,S5,3653,1077,2946,5006,10000,0
A5 54 F9 29 05 45 0E 35 04 82 0B 8E 13 10 27 00 00 00 D2  TEL,10745,S5,3653,1077,2946,5006,10000,0
A5 54 FA 29 05 45 0E 35 04 82 0B 8E 13 10 27 00 00 00 D4  TEL,10746,S5,3653,1077,2946,5006,10000,0
A5 54 FB 29 05 26 0E 34 04 82 0B 8E 13 10 27 00 00 00 77  TEL,10747,S5,3622,1076,2946,5006,10000,0
A5 54 FC 29 05 26 0E 34 04 82 0B 8E 13 10 27 00 00 00 79  TEL,10748,S5,3622,1076,2946,5006,10000,0
A5 54 FD 29 05 45 0E 35 04 82 0B 8E 13 10 27 00 00 00 DA  TEL,10749,S5,3653,1077,2946,5006,10000,0
A5 54 FE 29 05 26 0E 34 04 82 0B 8E 13 10 27 00 00 00 7D  TEL,10750,S5,3622,1076,2946,5006,10000,0
A5 54 FF 29 05 64 0E 36 04 82 0B 8E 13 10 27 00 00 00 95  TEL,10751,S5,3684,1078,2946,5006,10000,0
A5 54 00 2A 05 64 0E 36 04 82 0B 8E 13 10 27 00 00 00 B4  TEL,10752,S5,3684,1078,2946,5006,10000,0
A5 54 01 2A 05 45 0E 35 04 82 0B 8E 13 10 27 00 00 00 FD  TEL,10753,S5,3653,1077,2946,5006,10000,0
A5 54 02 2A 05 07 0E 33 04 82 0B 8E 13 10 27 00 00 00 6D  TEL,10754,S5,3591,1075,2946,5006,10000,0
A5 54 03 2A 05 C2 0E 39 04 82 0B 8E 13 10 27 00 00 00 69  TEL,10755,S5,3778,1081,2946,5006,10000,0
A5 54 04 2A 05 26 0E 34 04 82 0B 8E 13 10 27 00 00 00 56  TEL,10756,S5,3622,1076,2946,5006,10000,0
A5 54 05 2A 05 45 0E 35 04 82 0B 8E 13 10 27 00 00 00 F5  TEL,10757,S5,3653,1077,2946,5006,10000,0
A5 54 06 2A 05 45 0E 35 04 82 0B 8E 13 10 27 00 00 00 F3  TEL,10758,S5,3653,1077,2946,5006,10000,0
A5 54 07 2A 05 07 0E 33 04 82 0B 8E 13 10 27 00 00 00 67  TEL,10759,S5,3591,1075,2946,5006,10000,0
A5 54 08 2A 05 26 0E 34 04 82 0B 8E 13 10 27 00 00 00 4E  TEL,10760,S5,3622,1076,2946,5006,10000,0
A5 54 09 2A 05 45 0E 35 04 82 0B 8E 13 10 27 00 00 00 ED  TEL,10761,S5,3653,1077,2946,5006,10000,0
A5 54 0A 2A 05 26 0E 34 04 82 0B 8E 13 10 27 00 00 00 4A  TEL,10762,S5,3622,1076,2946,5006,10000,0
A5 54 0B 2A 05 45 0E 35 04 82 0B 8E 13 10 27 00 00 00 E9  TEL,10763,S5,3653,1077,2946,5006,10000,0
A5 54 0C 2A 05 C9 0D 30 04 82 0B 8E 13 10 27 00 00 00 70  TEL,10764,S5,3529,1072,2946,5006,10000,0
A5 54 0D 2A 05 45 0E 35 04 82 0B 8E 13 10 27 00 00 00 E5  TEL,10765,S5,3653,1077,2946,5006,10000,0
A5 54 0E 2A 05 45 0E 35 04 82 0B 8E 13 10 27 00 00 00 E3  TEL,10766,S5,3653,1077,2946,5006,10000,0
A5 54 0F 2A 05 07 0E 33 04 82 0B 8E 13 10 27 00 00 00 77  TEL,10767,S5,3591,1075,2946,5006,10000,0
A5 54 10 2A 05 45 0E 35 04 82 0B 8E 13 10 27 00 00 00 DF  TEL,10768,S5,3653,1077,2946,5006,10000,0
A5 54 11 2A 05 26 0E 34 04 82 0B 8E 13 10 27 00 00 00 7C  TEL,10769,S5,3622,1076,2946,5006,10000,0
A5 54 12 2A 05 64 0E 36 04 82 0B 8E 13 10 27 00 00 00 90  TEL,10770,S5,3684,1078,2946,5006,10000,0
A5 54 13 2A 05 07 0E 33 04 82 0B 8E 13 10 27 00 00 00 4F  TEL,10771,S5,3591,1075,2946,5006,10000,0
A5 54 14 2A 05 45 0E 35 04 82 0B 8E 13 10 27 00 00 00 D7  TEL,10772,S5,3653,1077,2946,5006,10000,0
A5 54 15 2A 05 83 0E 37 04 82 0B 8E 13 10 27 00 00 00 90  TEL,10773,S5,3715,1079,2946,5006,10000,0
A5 54 16 2A 05 07 0E 33 04 82 0B 8E 13 10 27 00 00 00 45  TEL,10774,S5,3591,1075,2946,5006,10000,0
A5 54 17 2A 05 C9 0D 31 04 82 0B 8E 13 10 27 00 00 00 59  TEL,10775,S5,3529,1073,2946,5006,10000,0
A5 54 18 2A 05 A3 0E 38 04 82 0B 8E 13 10 27 00 00 00 D1  TEL,10776,S5,3747,1080,2946,5006,10000,0
A5 54 19 2A 05 26 0E 34 04 82 0B 8E 13 10 27 00 00 00 6C  TEL,10777,S5,3622,1076,2946,5006,10000,0
A5 54 1A 2A 05 45 0E 35 04 82 0B 8E 13 10 27 00 00 00 CB  TEL,10778,S5,3653,1077,2946,5006,10000,0
A5 54 1B 2A 05 26 0E 34 04 82 0B 8E 13 10 27 00 00 00 68  TEL,10779,S5,3622,1076,2946,5006,10000,0
A5 54 1C 2A 05 A3 0E 38 04 82 0B 8E 13 10 27 00 00 00 D9  TEL,10780,S5,3747,1080,2946,5006,10000,0
A5 54 1D 2A 05 45 0E 35 04 82 0B 8E 13 10 27 00 00 00 C5  TEL,10781,S5,3653,1077,2946,5006,10000,0
A5 54 1E 2A 05 07 0E 33 04 82 0B 8E 13 10 27 00 00 00 55  TEL,10782,S5,3591,1075,2946,5006,10000,0
A5 54 1F 2A 05 45 0E 35 04 82 0B 8E 13 10 27 00 00 00 C1  TEL,10783,S5,3653,1077,2946,5006,10000,0
A5 54 20 2A 05 C2 0E 39 04 82 0B 8E 13 10 27 00 00 00 2F  TEL,10784,S5,3778,1081,2946,5006,10000,0
A5 54 21 2A 05 07 0E 33 04 82 0B 8E 13 10 27 00 00 00 2B  TEL,10785,S5,3591,1075,2946,5006,10000,0
A5 54 22 2A 05 26 0E 34 04 82 0B 8E 13 10 27 00 00 00 1A  TEL,10786,S5,3622,1076,2946,5006,10000,0
A5 54 23 2A 05 07 0E 33 04 82 0B 8E 13 10 27 00 00 00 2F  TEL,10787,S5,3591,1075,2946,5006,10000,0
A5 54 24 2A 05 45 0E 35 04 82 0B 8E 13 10 27 00 00 00 B7  TEL,10788,S5,3653,1077,2946,5006,10000,0
A5 54 25 2A 05 45 0E 35 04 82 0B 8E 13 10 27 00 00 00 B5  TEL,10789,S5,3653,1077,2946,5006,10000,0
A5 54 26 2A 05 07 0E 33 04 82 0B 8E 13 10 27 00 00 00 25  TEL,10790,S5,3591,1075,2946,5006,10000,0
A5 54 27 2A 05 07 0E 33 04 82 0B 8E 13 11 27 00 00 00 45  TEL,10791,S5,3591,1075,2946,5006,10001,0
A5 54 28 2A 05 26 0E 34 04 82 0B 8E 13 0F 27 00 00 00 0C  TEL,10792,S5,3622,1076,2946,5006,9999,0
A5 54 29 2A 05 83 0E 37 04 82 0B 8E 13 10 27 00 00 00 E8  TEL,10793,S5,3715,1079,2946,5006,10000,0
A5 54 2A 2A 05 07 0E 33 04 82 0B 8E 13 10 27 00 00 00 3D  TEL,10794,S5,3591,1075,2946,5006,10000,0
A5 54 2B 2A 05 A3 0E 38 04 82 0B 8E 13 10 27 00 00 00 B7  TEL,10795,S5,3747,1080,2946,5006,10000,0
A5 54 2C 2A 05 26 0E 34 04 82 0B 8E 13 10 27 00 00 00 06  TEL,10796,S5,3622,1076,2946,5006,10000,0
A5 54 2D 2A 05 26 0E 34 04 82 0B 8E 13 10 27 00 00 00 04  TEL,10797,S5,3622,1076,2946,5006,10000,0
A5 54 2E 2A 05 07 0E 33 04 82 0B 8E 13 10 27 00 00 00 35  TEL,10798,S5,3591,1075,2946,5006,10000,0
A5 54 2F 2A 05 07 0E 33 04 82 0B 8E 13 10 27 00 00 00 37  TEL,10799,S5,3591,1075,2946,5006,10000,0
A5 54 30 2A 05 26 0E 34 04 82 0B 8E 13 10 27 00 00 00 3E  TEL,10800,S5,3622,1076,2946,5006,10000,0
A5 54 31 2A 05 64 0E 36 04 82 0B 8E 13 10 27 00 00 00 D6  TEL,10801,S5,3684,1078,2946,5006,10000,0
A5 54 32 2A 05 64 0E 36 04 82 0B 8E 13 10 27 00 00 00 D0  TEL,10802,S5,3684,1078,2946,5006,10000,0
A5 54 33 2A 05 45 0E 35 04 82 0B 8E 13 10 27 00 00 00 99  TEL,10803,S5,3653,1077,2946,5006,10000,0
A5 54 34 2A 05 26 0E 34 04 82 0B 8E 13 10 27 00 00 00 36  TEL,10804,S5,3622,1076,2946,5006,10000,0
A5 54 35 2A 05 45 0E 35 04 82 0B 8E 13 10 27 00 00 00 95  TEL,10805,S5,3653,1077,2946,5006,10000,0
A5 54 36 2A 05 64 0E 36 04 82 0B 8E 13 10 27 00 00 00 D8  TEL,10806,S5,3684,1078,2946,5006,10000,0
A5 54 37 2A 05 07 0E 33 04 82 0B 8E 13 10 27 00 00 00 07  TEL,10807,S5,3591,1075,2946,5006,10000,0
A5 54 38 2A 05 E8 0D 32 04 82 0B 8E 13 10 27 00 00 00 4C  TEL,10808,S5,3560,1074,2946,5006,10000,0
A5 54 39 2A 05 45 0E 35 04 82 0B 8E 13 10 27 00 00 00 8D  TEL,10809,S5,3653,1077,2946,5006,10000,0
A5 42 3E 00 05 3A 2A 44 7D B0 0B 5B 7D B0 0B 5E 7D B0 0B FC  BTN,62,S5,PRESSED,10810,196115780,196115803,196115806
A5 54 3B 2A 05 26 0E 34 04 82 0B 8F 13 10 27 00 00 00 F7  TEL,10811,S5,3622,1076,2946,5007,10000,0
A5 54 3C 2A 05 07 0E 33 04 82 0B 8E 13 10 27 00 00 00 11  TEL,10812,S5,3591,1075,2946,5006,10000,0
A5 54 3D 2A 05 07 0E 33 04 82 0B 8E 13 10 27 00 00 00 13  TEL,10813,S5,3591,1075,2946,5006,10000,0
A5 54 3E 2A 05 A3 0E 38 04 82 0B 8E 13 10 27 00 00 00 9D  TEL,10814,S5,3747,1080,2946,5006,10000,0
A5 54 3F 2A 05 45 0E 35 04 82 0B 8E 13 10 27 00 00 00 81  TEL,10815,S5,3653,1077,2946,5006,10000,0
A5 54 40 2A 05 07 0E 33 04 82 0B 8E 13 10 27 00 00 00 E9  TEL,10816,S5,3591,1075,2946,5006,10000,0
A5 54 41 2A 05 07 0E 33 04 82 0B 8E 13 10 27 00 00 00 EB  TEL,10817,S5,3591,1075,2946,5006,10000,0
A5 54 42 2A 05 07 0E 33 04 82 0B 8E 13 10 27 00 00 00 ED  TEL,10818,S5,3591,1075,2946,5006,10000,0
A5 54 43 2A 05 45 0E 35 04 82 0B 8E 13 10 27 00 00 00 79  TEL,10819,S5,3653,1077,2946,5006,10000,0
A5 54 44 2A 05 07 0E 33 04 82 0B 8E 13 10 27 00 00 00 E1  TEL,10820,S5,3591,1075,2946,5006,10000,0
A5 54 45 2A 05 E8 0D 32 04 82 0B 8E 13 10 27 00 00 00 B6  TEL,10821,S5,3560,1074,2946,5006,10000,0
A5 54 46 2A 05 E8 0D 32 04 82 0B 8E 13 10 27 00 00 00 B0  TEL,10822,S5,3560,1074,2946,5006,10000,0
A5 54 47 2A 05 07 0E 33 04 82 0B 8E 13 10 27 00 00 00 E7  TEL,10823,S5,3591,1075,2946,5006,10000,0
A5 54 48 2A 05 07 0E 33 04 82 0B 8E 13 10 27 00 00 00 F9  TEL,10824,S5,3591,1075,2946,5006,10000,0
A5 54 49 2A 05 07 0E 33 04 82 0B 8E 13 10 27 00 00 00 FB  TEL,10825,S5,3591,1075,2946,5006,10000,0
A5 54 4A 2A 05 45 0E 35 04 82 0B 8E 13 10 27 00 00 00 6B  TEL,10826,S5,3653,1077,2946,5006,10000,0
A5 54 4B 2A 05 C9 0D 31 04 82 0B A3 13 10 27 00 00 00 00  TEL,10827,S5,3529,1073,2946,5027,10000,0
A5 54 4C 2A 05 C9 0D 31 04 82 0B 8E 13 10 27 00 00 00 EF  TEL,10828,S5,3529,1073,2946,5006,10000,0
A5 54 4D 2A 05 07 0E 33 04 82 0B 8E 13 10 27 00 00 00 F3  TEL,10829,S5,3591,1075,2946,5006,10000,0
A5 54 4E 2A 05 A3 0E 38 04 82 0B 8E 13 10 27 00 00 00 7D  TEL,10830,S5,3747,1080,2946,5006,10000,0
A5 54 4F 2A 05 45 0E 35 04 82 0B 8E 13 10 27 00 00 00 61  TEL,10831,S5,3653,1077,2946,5006,10000,0
A5 54 50 2A 05 07 0E 33 04 82 0B 8E 13 10 27 00 00 00 C9  TEL,10832,S5,3591,1075,2946,5006,10000,0
A5 54 51 2A 05 07 0E 33 04 82 0B 8E 13 10 27 00 00 00 CB  TEL,10833,S5,3591,1075,2946,5006,10000,0
A5 54 52 2A 05 26 0E 34 04 82 0B 8E 13 10 27 00 00 00 FA  TEL,10834,S5,3622,1076,2946,5006,10000,0
A5 54 53 2A 05 26 0E 34 04 82 0B 8E 13 10 27 00 00 00 F8  TEL,10835,S5,3622,1076,2946,5006,10000,0
A5 54 54 2A 05 07 0E 33 04 82 0B 8E 13 10 27 00 00 00 C1  TEL,10836,S5,3591,1075,2946,5006,10000,0
A5 54 55 2A 05 45 0E 35 04 82 0B 8E 13 10 27 00 00 00 55  TEL,10837,S5,3653,1077,2946,5006,10000,0
A5 54 56 2A 05 C9 0D 30 04 82 0B 8E 13 10 27 00 00 00 C4  TEL,10838,S5,3529,1072,2946,5006,10000,0
A5 54 57 2A 05 07 0E 33 04 82 0B 8E 13 10 27 00 00 00 C7  TEL,10839,S5,3591,1075,2946,5006,10000,0
A5 54 58 2A 05 45 0E 35 04 82 0B 8E 13 10 27 00 00 00 4F  TEL,10840,S5,3653,1077,2946,5006,10000,0
A5 54 59 2A 05 64 0E 36 04 82 0B 8E 13 10 27 00 00 00 06  TEL,10841,S5,3684,1078,2946,5006,10000,0
A5 54 5A 2A 05 26 0E 34 04 82 0B 8E 13 11 27 00 00 00 88  TEL,10842,S5,3622,1076,2946,5006,10001,0
A5 54 5B 2A 05 64 0E 36 04 82 0B 8E 13 0F 27 00 00 00 00  TEL,10843,S5,3684,1078,2946,5006,9999,0
A5 54 5C 2A 05 07 0E 33 04 82 0B 8E 13 10 27 00 00 00 D1  TEL,10844,S5,3591,1075,2946,5006,10000,0
A5 54 5D 2A 05 07 0E 33 04 82 0B 8E 13 10 27 00 00 00 D3  TEL,10845,S5,3591,1075,2946,5006,10000,0
A5 54 5E 2A 05 26 0E 34 04 82 0B 8E 13 10 27 00 00 00 E2  TEL,10846,S5,3622,1076,2946,5006,10000,0
A5 54 5F 2A 05 26 0E 34 04 82 0B 8E 13 10 27 00 00 00 E0  TEL,10847,S5,3622,1076,2946,5006,10000,0
A5 54 60 2A 05 07 0E 33 04 82 0B 8E 13 10 27 00 00 00 A9  TEL,10848,S5,3591,1075,2946,5006,10000,0
A5 54 61 2A 05 07 0E 33 04 82 0B 8E 13 10 27 00 00 00 AB  TEL,10849,S5,3591,1075,2946,5006,10000,0
A5 54 62 2A 05 26 0E 34 04 82 0B 8E 13 10 27 00 00 00 9A  TEL,10850,S5,3622,1076,2946,5006,10000,0
A5 54 63 2A 05 45 0E 35 04 82 0B 8E 13 10 27 00 00 00 39  TEL,10851,S5,3653,1077,2946,5006,10000,0
A5 54 64 2A 05 07 0E 33 04 82 0B 8E 13 10 27 00 00 00 A1  TEL,10852,S5,3591,1075,2946,5006,10000,0
A5 54 65 2A 05 07 0E 33 04 82 0B 8E 13 10 27 00 00 00 A3  TEL,10853,S5,3591,1075,2946,5006,10000,0
A5 54 66 2A 05 26 0E 34 04 82 0B 8E 13 10 27 00 00 00 92  TEL,10854,S5,3622,1076,2946,5006,10000,0
A5 54 67 2A 05 26 0E 34 04 82 0B 8E 13 10 27 00 00 00 90  TEL,10855,S5,3622,1076,2946,5006,10000,0
A5 54 68 2A 05 07 0E 33 04 82 0B 8E 13 10 27 00 00 00 B9  TEL,10856,S5,3591,1075,2946,5006,10000,0
A5 54 69 2A 05 07 0E 33 04 82 0B 8E 13 10 27 00 00 00 BB  TEL,10857,S5,3591,1075,2946,5006,10000,0
A5 54 6A 2A 05 26 0E 34 04 82 0B 8E 13 10 27 00 00 00 8A  TEL,10858,S5,3622,1076,2946,5006,10000,0
A5 54 6B 2A 05 C9 0D 31 04 82 0B 8E 13 10 27 00 00 00 A1  TEL,10859,S5,3529,1073,2946,5006,10000,0
A5 54 6C 2A 05 26 0E 34 04 82 0B 8E 13 10 27 00 00 00 86  TEL,10860,S5,3622,1076,2946,5006,10000,0
A5 54 6D 2A 05 8A 0D 2E 04 82 0B 8E 13 10 27 00 00 00 BF  TEL,10861,S5,3466,1070,2946,5006,10000,0
A5 54 6E 2A 05 45 0E 35 04 82 0B 8E 13 10 27 00 00 00 23  TEL,10862,S5,3653,1077,2946,5006,10000,0
A5 54 6F 2A 05 45 0E 35 04 82 0B 8E 13 10 27 00 00 00 21  TEL,10863,S5,3653,1077,2946,5006,10000,0
A5 54 70 2A 05 26 0E 34 04 82 0B 8E 13 10 27 00 00 00 BE  TEL,10864,S5,3622,1076,2946,5006,10000,0
A5 54 71 2A 05 83 0E 37 04 82 0B 8E 13 10 27 00 00 00 58  TEL,10865,S5,3715,1079,2946,5006,10000,0
A5 54 72 2A 05 07 0E 33 04 82 0B 8E 13 10 27 00 00 00 8D  TEL,10866,S5,3591,1075,2946,5006,10000,0
A5 54 73 2A 05 45 0E 35 04 82 0B 8E 13 10 27 00 00 00 19  TEL,10867,S5,3653,1077,2946,5006,10000,0
A5 54 74 2A 05 26 0E 34 04 82 0B 8E 13 10 27 00 00 00 B6  TEL,10868,S5,3622,1076,2946,5006,10000,0
A5 54 75 2A 05 C9 0D 30 04 82 0B 8E 13 10 27 00 00 00 82  TEL,10869,S5,3529,1072,2946,5006,10000,0
A5 54 76 2A 05 E8 0D 32 04 82 0B 8E 13 10 27 00 00 00 D0  TEL,10870,S5,3560,1074,2946,5006,10000,0
A5 54 77 2A 05 45 0E 35 04 82 0B 8E 13 10 27 00 00 00 11  TEL,10871,S5,3653,1077,2946,5006,10000,0
A5 54 78 2A 05 07 0E 33 04 82 0B 8E 13 10 27 00 00 00 99  TEL,10872,S5,3591,1075,2946,5006,10000,0
A5 54 79 2A 05 C9 0D 31 04 82 0B 8E 13 10 27 00 00 00 85  TEL,10873,S5,3529,1073,2946,5006,10000,0
A5 54 7A 2A 05 26 0E 34 04 82 0B 8E 13 10 27 00 00 00 AA  TEL,10874,S5,3622,1076,2946,5006,10000,0
A5 54 7B 2A 05 E8 0D 32 04 82 0B 8E 13 10 27 00 00 00 CA  TEL,10875,S5,3560,1074,2946,5006,10000,0
A5 54 7C 2A 05 45 0E 35 04 82 0B 8E 13 10 27 00 00 00 07  TEL,10876,S5,3653,1077,2946,5006,10000,0
A5 54 7D 2A 05 07 0E 33 04 82 0B 8E 13 10 27 00 00 00 93  TEL,10877,S5,3591,1075,2946,5006,10000,0
A5 54 7E 2A 05 26 0E 34 04 82 0B 8E 13 10 27 00 00 00 A2  TEL,10878,S5,3622,1076,2946,5006,10000,0
A5 54 7F 2A 05 26 0E 34 04 82 0B 8E 13 10 27 00 00 00 A0  TEL,10879,S5,3622,1076,2946,5006,10000,0
A5 54 80 2A 05 26 0E 34 04 82 0B 8E 13 10 27 00 00 00 59  TEL,10880,S5,3622,1076,2946,5006,10000,0
A5 54 81 2A 05 45 0E 35 04 82 0B 8E 13 10 27 00 00 00 FA  TEL,10881,S5,3653,1077,2946,5006,10000,0
A5 54 82 2A 05 26 0E 34 04 82 0B 8E 13 10 27 00 00 00 5D  TEL,10882,S5,3622,1076,2946,5006,10000,0
A5 54 83 2A 05 26 0E 34 04 82 0B 8E 13 10 27 00 00 00 5F  TEL,10883,S5,3622,1076,2946,5006,10000,0
A5 54 84 2A 05 07 0E 33 04 82 0B 8E 13 10 27 00 00 00 66  TEL,10884,S5,3591,1075,2946,5006,10000,0
A5 54 85 2A 05 07 0E 33 04 82 0B 8E 13 10 27 00 00 00 64  TEL,10885,S5,3591,1075,2946,5006,10000,0
A5 54 86 2A 05 E8 0D 32 04 82 0B 8E 13 10 27 00 00 00 37  TEL,10886,S5,3560,1074,2946,5006,10000,0
A5 54 87 2A 05 45 0E 35 04 82 0B 8E 13 10 27 00 00 00 F6  TEL,10887,S5,3653,1077,2946,5006,10000,0
A5 54 88 2A 05 07 0E 33 04 82 0B 8E 13 10 27 00 00 00 7E  TEL,10888,S5,3591,1075,2946,5006,10000,0
A5 54 89 2A 05 83 0E 37 04 82 0B 8E 13 10 27 00 00 00 AF  TEL,10889,S5,3715,1079,2946,5006,10000,0
A5 54 8A 2A 05 26 0E 34 04 82 0B 8E 13 10 27 00 00 00 4D  TEL,10890,S5,3622,1076,2946,5006,10000,0
A5 54 8B 2A 05 C9 0D 31 04 82 0B 8E 13 10 27 00 00 00 66  TEL,10891,S5,3529,1073,2946,5006,10000,0
A5 54 8C 2A 05 C9 0D 31 04 82 0B 8E 13 10 27 00 00 00 68  TEL,10892,S5,3529,1073,2946,5006,10000,0
A5 54 8D 2A 05 07 0E 33 04 82 0B 8E 13 10 27 00 00 00 74  TEL,10893,S5,3591,1075,2946,5006,10000,0
A5 54 8E 2A 05 07 0E 33 04 82 0B 8E 13 10 27 00 00 00 72  TEL,10894,S5,3591,1075,2946,5006,10000,0
A5 54 8F 2A 05 26 0E 34 04 82 0B 8E 13 10 27 00 00 00 47  TEL,10895,S5,3622,1076,2946,5006,10000,0
A5 54 90 2A 05 07 0E 33 04 82 0B 8E 13 10 27 00 00 00 4E  TEL,10896,S5,3591,1075,2946,5006,10000,0
A5 54 91 2A 05 07 0E 33 04 82 0B 8E 13 10 27 00 00 00 4C  TEL,10897,S5,3591,1075,2946,5006,10000,0
A5 54 92 2A 05 45 0E 35 04 82 0B 8E 13 10 27 00 00 00 DC  TEL,10898,S5,3653,1077,2946,5006,10000,0
A5 54 93 2A 05 45 0E 35 04 82 0B 8E 13 10 27 00 00 00 DE  TEL,10899,S5,3653,1077,2946,5006,10000,0
A5 54 94 2A 05 45 0E 35 04 82 0B 8E 13 10 27 00 00 00 D0  TEL,10900,S5,3653,1077,2946,5006,10000,0
A5 54 95 2A 05 AA 0D 2F 04 82 0B 8E 13 10 27 00 00 00 A9  TEL,10901,S5,3498,1071,2946,5006,10000,0
A5 54 96 2A 05 A3 0E 38 04 82 0B 8E 13 10 27 00 00 00 CA  TEL,10902,S5,3747,1080,2946,5006,10000,0
A5 54 97 2A 05 45 0E 35 04 82 0B 8E 13 10 27 00 00 00 D6  TEL,10903,S5,3653,1077,2946,5006,10000,0
A5 54 98 2A 05 07 0E 33 04 82 0B 8E 13 10 27 00 00 00 5E  TEL,10904,S5,3591,1075,2946,5006,10000,0
A5 54 99 2A 05 AA 0D 2F 04 82 0B 8E 13 10 27 00 00 00 B1  TEL,10905,S5,3498,1071,2946,5006,10000,0
A5 54 9A 2A 05 45 0E 35 04 82 0B 8E 13 10 27 00 00 00 CC  TEL,10906,S5,3653,1077,2946,5006,10000,0
A5 54 9B 2A 05 07 0E 33 04 82 0B 8E 13 10 27 00 00 00 58  TEL,10907,S5,3591,1075,2946,5006,10000,0
A5 54 9C 2A 05 83 0E 37 04 82 0B 8E 13 10 27 00 00 00 85  TEL,10908,S5,3715,1079,2946,5006,10000,0
A5 54 9D 2A 05 07 0E 33 04 82 0B 8E 13 10 27 00 00 00 54  TEL,10909,S5,3591,1075,2946,5006,10000,0
A5 54 9E 2A 05 45 0E 35 04 82 0B 8E 13 10 27 00 00 00 C4  TEL,10910,S5,3653,1077,2946,5006,10000,0
A5 54 9F 2A 05 26 0E 34 04 82 0B 8E 13 10 27 00 00 00 67  TEL,10911,S5,3622,1076,2946,5006,10000,0
A5 54 A0 2A 05 07 0E 33 04 82 0B 8E 13 10 27 00 00 00 2E  TEL,10912,S5,3591,1075,2946,5006,10000,0
A5 54 A1 2A 05 07 0E 33 04 82 0B 8E 13 10 27 00 00 00 2C  TEL,10913,S5,3591,1075,2946,5006,10000,0
A5 54 A2 2A 05 8A 0D 2E 04 82 0B 8E 13 10 27 00 00 00 26  TEL,10914,S5,3466,1070,2946,5006,10000,0
A5 54 A3 2A 05 45 0E 35 04 82 0B 8E 13 10 27 00 00 00 BE  TEL,10915,S5,3653,1077,2946,5006,10000,0
A5 54 A4 2A 05 45 0E 35 04 82 0B 8E 13 10 27 00 00 00 B0  TEL,10916,S5,3653,1077,2946,5006,10000,0
A5 54 A5 2A 05 64 0E 36 04 82 0B 8E 13 10 27 00 00 00 F9  TEL,10917,S5,3684,1078,2946,5006,10000,0
A5 54 A6 2A 05 26 0E 34 04 82 0B 8F 13 10 27 00 00 00 CA  TEL,10918,S5,3622,1076,2946,5007,10000,0
A5 54 A7 2A 05 45 0E 35 04 82 0B 8E 13 10 27 00 00 00 B6  TEL,10919,S5,3653,1077,2946,5006,10000,0
A5 54 A8 2A 05 E8 0D 32 04 82 0B 8E 13 10 27 00 00 00 6B  TEL,10920,S5,3560,1074,2946,5006,10000,0
A5 54 A9 2A 05 07 0E 33 04 82 0B 8E 13 10 27 00 00 00 3C  TEL,10921,S5,3591,1075,2946,5006,10000,0
A5 54 AA 2A 05 45 0E 35 04 82 0B 8E 13 10 27 00 00 00 AC  TEL,10922,S5,3653,1077,2946,5006,10000,0
A5 54 AB 2A 05 C9 0D 31 04 82 0B 8E 13 10 27 00 00 00 26  TEL,10923,S5,3529,1073,2946,5006,10000,0
A5 54 AC 2A 05 07 0E 33 04 82 0B 8E 13 10 27 00 00 00 36  TEL,10924,S5,3591,1075,2946,5006,10000,0
A5 54 AD 2A 05 83 0E 37 04 82 0B 8E 13 10 27 00 00 00 E7  TEL,10925,S5,3715,1079,2946,5006,10000,0
A5 54 AE 2A 05 E8 0D 32 04 82 0B 8E 13 10 27 00 00 00 67  TEL,10926,S5,3560,1074,2946,5006,10000,0
A5 54 AF 2A 05 83 0E 37 04 82 0B 8E 13 10 27 00 00 00 E3  TEL,10927,S5,3715,1079,2946,5006,10000,0
A5 54 B0 2A 05 45 0E 35 04 82 0B 8E 13 10 27 00 00 00 98  TEL,10928,S5,3653,1077,2946,5006,10000,0
A5 54 B1 2A 05 07 0E 33 04 82 0B 8E 13 10 27 00 00 00 0C  TEL,10929,S5,3591,1075,2946,5006,10000,0
A5 54 B2 2A 05 26 0E 34 04 82 0B 8E 13 10 27 00 00 00 3D  TEL,10930,S5,3622,1076,2946,5006,10000,0
A5 54 B3 2A 05 26 0E 34 04 82 0B 8E 13 10 27 00 00 00 3F  TEL,10931,S5,3622,1076,2946,5006,10000,0
A5 54 B4 2A 05 C9 0D 31 04 82 0B 8E 13 10 27 00 00 00 18  TEL,10932,S5,3529,1073,2946,5006,10000,0
A5 54 B5 2A 05 07 0E 33 04 82 0B 8E 13 10 27 00 00 00 04  TEL,10933,S5,3591,1075,2946,5006,10000,0
A5 54 B6 2A 05 45 0E 35 04 82 0B 8E 13 10 27 00 00 00 94  TEL,10934,S5,3653,1077,2946,5006,10000,0
A5 54 B7 2A 05 45 0E 35 04 82 0B 8E 13 10 27 00 00 00 96  TEL,10935,S5,3653,1077,2946,5006,10000,0
A5 54 B8 2A 05 45 0E 35 04 82 0B 8E 13 10 27 00 00 00 88  TEL,10936,S5,3653,1077,2946,5006,10000,0
A5 54 B9 2A 05 07 0E 33 04 82 0B 8E 13 10 27 00 00 00 1C  TEL,10937,S5,3591,1075,2946,5006,10000,0
A5 54 BA 2A 05 26 0E 34 04 82 0B 8E 13 10 27 00 00 00 2D  TEL,10938,S5,3622,1076,2946,5006,10000,0
A5 54 BB 2A 05 07 0E 33 04 82 0B 8E 13 10 27 00 00 00 18  TEL,10939,S5,3591,1075,2946,5006,10000,0
A5 54 BC 2A 05 07 0E 33 04 82 0B 8E 13 10 27 00 00 00 16  TEL,10940,S5,3591,1075,2946,5006,10000,0
A5 54 BD 2A 05 26 0E 34 04 82 0B 8E 13 10 27 00 00 00 23  TEL,10941,S5,3622,1076,2946,5006,10000,0
A5 54 BE 2A 05 A3 0E 38 04 82 0B 8E 13 10 27 00 00 00 9A  TEL,10942,S5,3747,1080,2946,5006,10000,0
A5 54 BF 2A 05 45 0E 35 04 82 0B 8E 13 10 27 00 00 00 86  TEL,10943,S5,3653,1077,2946,5006,10000,0
A5 54 C0 2A 05 07 0E 33 04 82 0B 8E 13 10 27 00 00 00 EE  TEL,10944,S5,3591,1075,2946,5006,10000,0
A5 54 C1 2A 05 83 0E 37 04 82 0B 8E 13 10 27 00 00 00 3F  TEL,10945,S5,3715,1079,2946,5006,10000,0
A5 54 C2 2A 05 26 0E 34 04 82 0B 8E 13 10 27 00 00 00 DD  TEL,10946,S5,3622,1076,2946,5006,10000,0
A5 54 C3 2A 05 64 0E 36 04 82 0B 8E 13 10 27 00 00 00 35  TEL,10947,S5,3684,1078,2946,5006,10000,0
A5 54 C4 2A 05 26 0E 34 04 82 0B 8E 13 10 27 00 00 00 D1  TEL,10948,S5,3622,1076,2946,5006,10000,0
A5 54 C5 2A 05 C2 0E 3A 04 82 0B 8E 13 10 27 00 00 00 C3  TEL,10949,S5,3778,1082,2946,5006,10000,0
A5 54 C6 2A 05 A3 0E 38 04 82 0B 8E 13 10 27 00 00 00 6A  TEL,10950,S5,3747,1080,2946,5006,10000,0
A5 54 C7 2A 05 45 0E 35 04 82 0B 8E 13 10 27 00 00 00 76  TEL,10951,S5,3653,1077,2946,5006,10000,0
A5 54 C8 2A 05 E8 0D 32 04 82 0B 8E 13 10 27 00 00 00 AB  TEL,10952,S5,3560,1074,2946,5006,10000,0
A5 54 C9 2A 05 C9 0D 30 04 82 0B 8E 13 10 27 00 00 00 FD  TEL,10953,S5,3529,1072,2946,5006,10000,0
A5 54 CA 2A 05 64 0E 36 04 82 0B 8E 13 10 27 00 00 00 27  TEL,10954,S5,3684,1078,2946,5006,10000,0
A5 54 CB 2A 05 C9 0D 31 04 82 0B 8E 13 10 27 00 00 00 E6  TEL,10955,S5,3529,1073,2946,5006,10000,0
A5 54 CC 2A 05 07 0E 33 04 82 0B 8E 13 10 27 00 00 00 F6  TEL,10956,S5,3591,1075,2946,5006,10000,0
A5 54 CD 2A 05 07 0E 33 04 82 0B 8E 13 10 27 00 00 00 F4  TEL,10957,S5,3591,1075,2946,5006,10000,0
A5 54 CE 2A 05 26 0E 34 04 82 0B 8E 13 10 27 00 00 00 C5  TEL,10958,S5,3622,1076,2946,5006,10000,0
A5 42 3F 00 05 CF 2A CE 2B C7 0B E6 2B C7 0B E9 2B C7 0B B1  BTN,63,S5,PRESSED,10959,197602254,197602278,197602281
A5 54 D0 2A 05 26 0E 34 04 82 0B DD 13 10 27 00 00 01 0E  TEL,10960,S5,3622,1076,2946,5085,10000,1
A5 54 D1 2A 05 45 0E 35 04 82 0B 8E 13 10 27 00 00 00 5A  TEL,10961,S5,3653,1077,2946,5006,10000,0
A5 54 D2 2A 05 AA 0D 2F 04 82 0B 8E 13 10 27 00 00 00 27  TEL,10962,S5,3498,1071,2946,5006,10000,0
A5 54 D3 2A 05 26 0E 34 04 82 0B 8E 13 10 27 00 00 00 FF  TEL,10963,S5,3622,1076,2946,5006,10000,0
A5 54 D4 2A 05 45 0E 35 04 82 0B 8E 13 10 27 00 00 00 50  TEL,10964,S5,3653,1077,2946,5006,10000,0
A5 54 D5 2A 05 C9 0D 31 04 82 0B 8E 13 10 27 00 00 00 DA  TEL,10965,S5,3529,1073,2946,5006,10000,0
A5 54 D6 2A 05 26 0E 34 04 82 0B 8E 13 10 27 00 00 00 F5  TEL,10966,S5,3622,1076,2946,5006,10000,0
A5 54 D7 2A 05 26 0E 34 04 82 0B 8E 13 10 27 00 00 00 F7  TEL,10967,S5,3622,1076,2946,5006,10000,0
A5 54 D8 2A 05 45 0E 35 04 82 0B 8E 13 10 27 00 00 00 48  TEL,10968,S5,3653,1077,2946,5006,10000,0
A5 54 D9 2A 05 26 0E 34 04 82 0B 8F 13 10 27 00 00 00 34  TEL,10969,S5,3622,1076,2946,5007,10000,0
A5 54 DA 2A 05 07 0E 33 04 82 0B 8E 13 10 27 00 00 00 DA  TEL,10970,S5,3591,1075,2946,5006,10000,0
A5 54 DB 2A 05 26 0E 34 04 82 0B 8E 13 10 27 00 00 00 EF  TEL,10971,S5,3622,1076,2946,5006,10000,0
A5 54 DC 2A 05 26 0E 34 04 82 0B 8E 13 10 27 00 00 00 E1  TEL,10972,S5,3622,1076,2946,5006,10000,0
A5 54 DD 2A 05 07 0E 33 04 82 0B 8E 13 10 27 00 00 00 D4  TEL,10973,S5,3591,1075,2946,5006,10000,0
A5 54 DE 2A 05 83 0E 37 04 82 0B 8E 13 10 27 00 00 00 01  TEL,10974,S5,3715,1079,2946,5006,10000,0
A5 54 DF 2A 05 26 0E 34 04 82 0B 93 13 10 27 00 00 00 74  TEL,10975,S5,3622,1076,2946,5011,10000,0
A5 54 E0 2A 05 45 0E 35 04 82 0B 8E 13 10 27 00 00 00 38  TEL,10976,S5,3653,1077,2946,5006,10000,0
A5 54 E1 2A 05 26 0E 34 04 82 0B 8E 13 10 27 00 00 00 9B  TEL,10977,S5,3622,1076,2946,5006,10000,0
A5 54 E2 2A 05 07 0E 33 04 82 0B 8E 13 10 27 00 00 00 AA  TEL,10978,S5,3591,1075,2946,5006,10000,0
A5 54 E3 2A 05 26 0E 34 04 82 0B 8E 13 10 27 00 00 00 9F  TEL,10979,S5,3622,1076,2946,5006,10000,0
A5 54 E4 2A 05 45 0E 35 04 82 0B 8E 13 10 27 00 00 00 30  TEL,10980,S5,3653,1077,2946,5006,10000,0
A5 54 E5 2A 05 07 0E 33 04 82 0B 8E 13 10 27 00 00 00 A4  TEL,10981,S5,3591,1075,2946,5006,10000,0
A5 54 E6 2A 05 45 0E 35 04 82 0B 8E 13 10 27 00 00 00 34  TEL,10982,S5,3653,1077,2946,5006,10000,0
A5 54 E7 2A 05 45 0E 35 04 82 0B 8E 13 10 27 00 00 00 36  TEL,10983,S5,3653,1077,2946,5006,10000,0
A5 54 E8 2A 05 26 0E 34 04 82 0B 8E 13 10 27 00 00 00 89  TEL,10984,S5,3622,1076,2946,5006,10000,0
A5 54 E9 2A 05 07 0E 33 04 82 0B 8E 13 10 27 00 00 00 BC  TEL,10985,S5,3591,1075,2946,5006,10000,0
A5 54 EA 2A 05 45 0E 35 04 82 0B 8E 13 10 27 00 00 00 2C  TEL,10986,S5,3653,1077,2946,5006,10000,0
A5 54 EB 2A 05 64 0E 36 04 82 0B 8E 13 10 27 00 00 00 65  TEL,10987,S5,3684,1078,2946,5006,10000,0
A5 54 EC 2A 05 07 0E 33 04 82 0B 8E 13 10 27 00 00 00 B6  TEL,10988,S5,3591,1075,2946,5006,10000,0
A5 54 ED 2A 05 07 0E 33 04 82 0B 8E 13 10 27 00 00 00 B4  TEL,10989,S5,3591,1075,2946,5006,10000,0
A5 54 EE 2A 05 07 0E 33 04 82 0B 8E 13 10 27 00 00 00 B2  TEL,10990,S5,3591,1075,2946,5006,10000,0
A5 54 EF 2A 05 64 0E 36 04 82 0B 8E 13 10 27 00 00 00 6D  TEL,10991,S5,3684,1078,2946,5006,10000,0
A5 54 F0 2A 05 45 0E 35 04 82 0B 8E 13 10 27 00 00 00 18  TEL,10992,S5,3653,1077,2946,5006,10000,0
A5 54 F1 2A 05 07 0E 33 04 82 0B 8E 13 10 27 00 00 00 8C  TEL,10993,S5,3591,1075,2946,5006,10000,0
A5 54 F2 2A 05 64 0E 36 04 82 0B 8E 13 10 27 00 00 00 57  TEL,10994,S5,3684,1078,2946,5006,10000,0
A5 54 F3 2A 05 26 0E 34 04 82 0B 8E 13 11 27 00 00 00 DD  TEL,10995,S5,3622,1076,2946,5006,10001,0
A5 54 F4 2A 05 07 0E 33 04 82 0B 8E 13 0F 27 00 00 00 84  TEL,10996,S5,3591,1075,2946,5006,9999,0
A5 54 F5 2A 05 07 0E 33 04 82 0B 8E 13 10 27 00 00 00 84  TEL,10997,S5,3591,1075,2946,5006,10000,0
A5 54 F6 2A 05 E8 0D 32 04 82 0B 8E 13 10 27 00 00 00 D7  TEL,10998,S5,3560,1074,2946,5006,10000,0
A5 54 F7 2A 05 83 0E 37 04 82 0B 8E 13 10 27 00 00 00 53  TEL,10999,S5,3715,1079,2946,5006,10000,0
A5 54 F8 2A 05 26 0E 34 04 82 0B 8E 13 10 27 00 00 00 A9  TEL,11000,S5,3622,1076,2946,5006,10000,0
A5 54 F9 2A 05 45 0E 35 04 82 0B 8E 13 10 27 00 00 00 0A  TEL,11001,S5,3653,1077,2946,5006,10000,0
A5 54 FA 2A 05 07 0E 33 04 82 0B 8E 13 10 27 00 00 00 9A  TEL,11002,S5,3591,1075,2946,5006,10000,0
A5 54 FB 2A 05 64 0E 36 04 82 0B 8E 13 10 27 00 00 00 45  TEL,11003,S5,3684,1078,2946,5006,10000,0
A5 54 FC 2A 05 26 0E 34 04 82 0B 8E 13 10 27 00 00 00 A1  TEL,11004,S5,3622,1076,2946,5006,10000,0
A5 54 FD 2A 05 07 0E 33 04 82 0B 8E 13 10 27 00 00 00 94  TEL,11005,S5,3591,1075,2946,5006,10000,0
A5 54 FE 2A 05 07 0E 33 04 82 0B 8E 13 10 27 00 00 00 92  TEL,11006,S5,3591,1075,2946,5006,10000,0
A5 54 FF 2A 05 45 0E 35 04 82 0B 8E 13 10 27 00 00 00 06  TEL,11007,S5,3653,1077,2946,5006,10000,0
A5 54 00 2B 05 26 0E 34 04 82 0B 8E 13 10 27 00 00 00 EB  TEL,11008,S5,3622,1076,2946,5006,10000,0
A5 54 01 2B 05 26 0E 34 04 82 0B 8E 13 10 27 00 00 00 E9  TEL,11009,S5,3622,1076,2946,5006,10000,0
A5 54 02 2B 05 07 0E 33 04 82 0B 8E 13 10 27 00 00 00 D8  TEL,11010,S5,3591,1075,2946,5006,10000,0
A5 54 03 2B 05 C9 0D 31 04 82 0B 8E 13 10 27 00 00 00 C4  TEL,11011,S5,3529,1073,2946,5006,10000,0
A5 54 04 2B 05 26 0E 34 04 82 0B 8E 13 10 27 00 00 00 E3  TEL,11012,S5,3622,1076,2946,5006,10000,0
A5 54 05 2B 05 45 0E 35 04 82 0B 8E 13 10 27 00 00 00 40  TEL,11013,S5,3653,1077,2946,5006,10000,0
A5 54 06 2B 05 45 0E 35 04 82 0B 8E 13 10 27 00 00 00 46  TEL,11014,S5,3653,1077,2946,5006,10000,0
A5 54 07 2B 05 A3 0E 38 04 82 0B 8E 13 10 27 00 00 00 5A  TEL,11015,S5,3747,1080,2946,5006,10000,0
A5 54 08 2B 05 26 0E 34 04 82 0B 8E 13 10 27 00 00 00 FB  TEL,11016,S5,3622,1076,2946,5006,10000,0
A5 54 09 2B 05 07 0E 33 04 82 0B 8E 13 10 27 00 00 00 CE  TEL,11017,S5,3591,1075,2946,5006,10000,0
A5 54 0A 2B 05 07 0E 33 04 82 0B 8E 13 10 27 00 00 00 C8  TEL,11018,S5,3591,1075,2946,5006,10000,0
A5 54 0B 2B 05 64 0E 36 04 82 0B 8E 13 10 27 00 00 00 17  TEL,11019,S5,3684,1078,2946,5006,10000,0
A5 54 0C 2B 05 26 0E 34 04 82 0B 8F 13 10 27 00 00 00 2C  TEL,11020,S5,3622,1076,2946,5007,10000,0
A5 54 0D 2B 05 A3 0E 38 04 82 0B 8E 13 10 27 00 00 00 4E  TEL,11021,S5,3747,1080,2946,5006,10000,0
A5 54 0E 2B 05 64 0E 36 04 82 0B 8E 13 10 27 00 00 00 1D  TEL,11022,S5,3684,1078,2946,5006,10000,0
A5 54 0F 2B 05 26 0E 34 04 82 0B 8E 13 10 27 00 00 00 F5  TEL,11023,S5,3622,1076,2946,5006,10000,0
A5 54 10 2B 05 45 0E 35 04 82 0B 8E 13 10 27 00 00 00 6A  TEL,11024,S5,3653,1077,2946,5006,10000,0
A5 54 11 2B 05 45 0E 35 04 82 0B 8E 13 10 27 00 00 00 68  TEL,11025,S5,3653,1077,2946,5006,10000,0
A5 54 12 2B 05 07 0E 33 04 82 0B 8E 13 10 27 00 00 00 F8  TEL,11026,S5,3591,1075,2946,5006,10000,0
A5 54 13 2B 05 26 0E 34 04 82 0B 8E 13 10 27 00 00 00 CD  TEL,11027,S5,3622,1076,2946,5006,10000,0
A5 54 14 2B 05 45 0E 35 04 82 0B 8E 13 10 27 00 00 00 62  TEL,11028,S5,3653,1077,2946,5006,10000,0
A5 54 15 2B 05 26 0E 34 04 82 0B 8E 13 10 27 00 00 00 C1  TEL,11029,S5,3622,1076,2946,5006,10000,0
A5 54 16 2B 05 E8 0D 32 04 82 0B 8E 13 10 27 00 00 00 A5  TEL,11030,S5,3560,1074,2946,5006,10000,0
A5 54 17 2B 05 A3 0E 38 04 82 0B 8E 13 10 27 00 00 00 7A  TEL,11031,S5,3747,1080,2946,5006,10000,0
A5 54 18 2B 05 45 0E 35 04 82 0B 8E 13 10 27 00 00 00 7A  TEL,11032,S5,3653,1077,2946,5006,10000,0
A5 54 19 2B 05 26 0E 34 04 82 0B 8E 13 10 27 00 00 00 D9  TEL,11033,S5,3622,1076,2946,5006,10000,0
A5 54 1A 2B 05 07 0E 33 04 82 0B 8E 13 10 27 00 00 00 E8  TEL,11034,S5,3591,1075,2946,5006,10000,0
A5 54 1B 2B 05 45 0E 35 04 82 0B 8E 13 10 27 00 00 00 7C  TEL,11035,S5,3653,1077,2946,5006,10000,0
A5 54 1C 2B 05 26 0E 34 04 82 0B 8E 13 10 27 00 00 00 D3  TEL,11036,S5,3622,1076,2946,5006,10000,0
A5 54 1D 2B 05 07 0E 33 04 82 0B 8E 13 10 27 00 00 00 E6  TEL,11037,S5,3591,1075,2946,5006,10000,0
A5 54 1E 2B 05 07 0E 33 04 82 0B 8E 13 10 27 00 00 00 E0  TEL,11038,S5,3591,1075,2946,5006,10000,0
A5 54 1F 2B 05 E8 0D 32 04 82 0B 8E 13 10 27 00 00 00 B7  TEL,11039,S5,3560,1074,2946,5006,10000,0
A5 54 20 2B 05 45 0E 35 04 82 0B 8E 13 10 27 00 00 00 0A  TEL,11040,S5,3653,1077,2946,5006,10000,0
A5 54 21 2B 05 45 0E 35 04 82 0B 8E 13 10 27 00 00 00 08  TEL,11041,S5,3653,1077,2946,5006,10000,0
A5 54 22 2B 05 07 0E 33 04 82 0B 8E 13 10 27 00 00 00 98  TEL,11042,S5,3591,1075,2946,5006,10000,0
A5 54 23 2B 05 45 0E 35 04 82 0B 8E 13 10 27 00 00 00 0C  TEL,11043,S5,3653,1077,2946,5006,10000,0
A5 54 24 2B 05 45 0E 35 04 82 0B 8E 13 10 27 00 00 00 02  TEL,11044,S5,3653,1077,2946,5006,10000,0
A5 54 25 2B 05 45 0E 35 04 82 0B 8E 13 10 27 00 00 00 00  TEL,11045,S5,3653,1077,2946,5006,10000,0
A5 54 26 2B 05 45 0E 35 04 82 0B 8E 13 10 27 00 00 00 06  TEL,11046,S5,3653,1077,2946,5006,10000,0
A5 54 27 2B 05 07 0E 33 04 82 0B 8E 13 10 27 00 00 00 92  TEL,11047,S5,3591,1075,2946,5006,10000,0
A5 54 28 2B 05 26 0E 34 04 82 0B 8E 13 10 27 00 00 00 BB  TEL,11048,S5,3622,1076,2946,5006,10000,0
A5 54 29 2B 05 26 0E 34 04 82 0B 8E 13 10 27 00 00 00 B9  TEL,11049,S5,3622,1076,2946,5006,10000,0
A5 54 2A 2B 05 64 0E 36 04 82 0B 8E 13 10 27 00 00 00 55  TEL,11050,S5,3684,1078,2946,5006,10000,0
A5 54 2B 2B 05 45 0E 35 04 82 0B 8E 13 10 27 00 00 00 1C  TEL,11051,S5,3653,1077,2946,5006,10000,0
A5 54 2C 2B 05 45 0E 35 04 82 0B 8E 13 10 27 00 00 00 12  TEL,11052,S5,3653,1077,2946,5006,10000,0
A5 54 2D 2B 05 07 0E 33 04 82 0B 8E 13 10 27 00 00 00 86  TEL,11053,S5,3591,1075,2946,5006,10000,0
A5 54 2E 2B 05 07 0E 33 04 82 0B 8E 13 10 27 00 00 00 80  TEL,11054,S5,3591,1075,2946,5006,10000,0
A5 54 2F 2B 05 C9 0D 30 04 82 0B 8E 13 10 27 00 00 00 83  TEL,11055,S5,3529,1072,2946,5006,10000,0
A5 54 30 2B 05 26 0E 34 04 82 0B 8E 13 10 27 00 00 00 8B  TEL,11056,S5,3622,1076,2946,5006,10000,0
A5 54 31 2B 05 26 0E 34 04 82 0B 8E 13 10 27 00 00 00 89  TEL,11057,S5,3622,1076,2946,5006,10000,0
A5 54 32 2B 05 07 0E 33 04 82 0B 8E 13 10 27 00 00 00 B8  TEL,11058,S5,3591,1075,2946,5006,10000,0
A5 54 33 2B 05 26 0E 34 04 82 0B 8E 13 10 27 00 00 00 8D  TEL,11059,S5,3622,1076,2946,5006,10000,0
A5 54 34 2B 05 45 0E 35 04 82 0B 8E 13 10 27 00 00 00 22  TEL,11060,S5,3653,1077,2946,5006,10000,0
A5 54 35 2B 05 26 0E 34 04 82 0B 8E 13 10 27 00 00 00 81  TEL,11061,S5,3622,1076,2946,5006,10000,0
A5 54 36 2B 05 C9 0D 31 04 82 0B 8E 13 10 27 00 00 00 AE  TEL,11062,S5,3529,1073,2946,5006,10000,0
A5 54 37 2B 05 26 0E 34 04 82 0B 8E 13 10 27 00 00 00 85  TEL,11063,S5,3622,1076,2946,5006,10000,0
A5 54 38 2B 05 45 0E 35 04 82 0B 8E 13 10 27 00 00 00 3A  TEL,11064,S5,3653,1077,2946,5006,10000,0
A5 54 39 2B 05 07 0E 33 04 82 0B 8E 13 10 27 00 00 00 AE  TEL,11065,S5,3591,1075,2946,5006,10000,0
A5 54 3A 2B 05 07 0E 33 04 82 0B 8E 13 10 27 00 00 00 A8  TEL,11066,S5,3591,1075,2946,5006,10000,0
A5 54 3B 2B 05 A3 0E 38 04 82 0B 8E 13 10 27 00 00 00 22  TEL,11067,S5,3747,1080,2946,5006,10000,0
A5 54 3C 2B 05 45 0E 35 04 82 0B 8E 13 10 27 00 00 00 32  TEL,11068,S5,3653,1077,2946,5006,10000,0
A5 54 3D 2B 05 26 0E 34 04 82 0B 8E 13 10 27 00 00 00 91  TEL,11069,S5,3622,1076,2946,5006,10000,0
A5 54 3E 2B 05 45 0E 35 04 82 0B 8E 13 10 27 00 00 00 36  TEL,11070,S5,3653,1077,2946,5006,10000,0
A5 54 3F 2B 05 E8 0D 32 04 82 0B 8E 13 10 27 00 00 00 F7  TEL,11071,S5,3560,1074,2946,5006,10000,0
A5 54 40 2B 05 64 0E 36 04 82 0B 8E 13 10 27 00 00 00 81  TEL,11072,S5,3684,1078,2946,5006,10000,0
A5 54 41 2B 05 07 0E 33 04 82 0B 8E 13 10 27 00 00 00 5E  TEL,11073,S5,3591,1075,2946,5006,10000,0
A5 54 42 2B 05 07 0E 33 04 82 0B 8E 13 10 27 00 00 00 58  TEL,11074,S5,3591,1075,2946,5006,10000,0
A5 54 43 2B 05 64 0E 36 04 82 0B 8E 13 10 27 00 00 00 87  TEL,11075,S5,3684,1078,2946,5006,10000,0
A5 54 44 2B 05 26 0E 34 04 82 0B 8E 13 10 27 00 00 00 63  TEL,11076,S5,3622,1076,2946,5006,10000,0
A5 54 45 2B 05 26 0E 34 04 82 0B 8E 13 10 27 00 00 00 61  TEL,11077,S5,3622,1076,2946,5006,10000,0
A5 54 46 2B 05 07 0E 33 04 82 0B 8E 13 10 27 00 00 00 50  TEL,11078,S5,3591,1075,2946,5006,10000,0
A5 54 47 2B 05 C9 0D 31 04 82 0B 8E 13 10 27 00 00 00 4C  TEL,11079,S5,3529,1073,2946,5006,10000,0
A5 54 48 2B 05 45 0E 35 04 82 0B 8E 13 10 27 00 00 00 DA  TEL,11080,S5,3653,1077,2946,5006,10000,0
A5 54 49 2B 05 45 0E 35 04 82 0B 8E 13 10 27 00 00 00 D8  TEL,11081,S5,3653,1077,2946,5006,10000,0
A5 54 4A 2B 05 26 0E 34 04 82 0B 8E 13 10 27 00 00 00 7F  TEL,11082,S5,3622,1076,2946,5006,10000,0
A5 54 4B 2B 05 26 0E 34 04 82 0B 8E 13 10 27 00 00 00 7D  TEL,11083,S5,3622,1076,2946,5006,10000,0
A5 54 4C 2B 05 45 0E 35 04 82 0B 8E 13 10 27 00 00 00 D2  TEL,11084,S5,3653,1077,2946,5006,10000,0
A5 54 4D 2B 05 26 0E 34 04 82 0B 8E 13 10 27 00 00 00 71  TEL,11085,S5,3622,1076,2946,5006,10000,0
A5 54 4E 2B 05 45 0E 35 04 82 0B 8E 13 10 27 00 00 00 D6  TEL,11086,S5,3653,1077,2946,5006,10000,0
A5 54 4F 2B 05 26 0E 34 04 82 0B 8E 13 10 27 00 00 00 75  TEL,11087,S5,3622,1076,2946,5006,10000,0
A5 54 50 2B 05 45 0E 35 04 82 0B 8E 13 10 27 00 00 00 EA  TEL,11088,S5,3653,1077,2946,5006,10000,0
A5 54 51 2B 05 45 0E 35 04 82 0B 8E 13 10 27 00 00 00 E8  TEL,11089,S5,3653,1077,2946,5006,10000,0
A5 54 52 2B 05 07 0E 33 04 82 0B 8E 13 10 27 00 00 00 78  TEL,11090,S5,3591,1075,2946,5006,10000,0
A5 54 53 2B 05 07 0E 33 04 82 0B 8E 13 10 27 00 00 00 7A  TEL,11091,S5,3591,1075,2946,5006,10000,0
A5 54 54 2B 05 26 0E 34 04 82 0B 8E 13 10 27 00 00 00 43  TEL,11092,S5,3622,1076,2946,5006,10000,0
A5 54 55 2B 05 07 0E 33 04 82 0B 8E 13 10 27 00 00 00 76  TEL,11093,S5,3591,1075,2946,5006,10000,0
A5 54 56 2B 05 07 0E 33 04 82 0B 8E 13 10 27 00 00 00 70  TEL,11094,S5,3591,1075,2946,5006,10000,0
A5 54 57 2B 05 26 0E 34 04 82 0B 8E 13 10 27 00 00 00 45  TEL,11095,S5,3622,1076,2946,5006,10000,0
A5 54 58 2B 05 45 0E 35 04 82 0B 8F 13 10 27 00 00 00 25  TEL,11096,S5,3653,1077,2946,5007,10000,0
A5 54 59 2B 05 26 0E 34 04 82 0B 8E 13 10 27 00 00 00 59  TEL,11097,S5,3622,1076,2946,5006,10000,0
A5 54 5A 2B 05 64 0E 36 04 82 0B 8E 13 10 27 00 00 00 B5  TEL,11098,S5,3684,1078,2946,5006,10000,0
A5 54 5B 2B 05 07 0E 33 04 82 0B 8E 13 10 27 00 00 00 6A  TEL,11099,S5,3591,1075,2946,5006,10000,0
A5 54 5C 2B 05 26 0E 34 04 82 0B 8E 13 10 27 00 00 00 53  TEL,11100,S5,3622,1076,2946,5006,10000,0
A5 54 5D 2B 05 45 0E 35 04 82 0B 8E 13 10 27 00 00 00 F0  TEL,11101,S5,3653,1077,2946,5006,10000,0
A5 54 5E 2B 05 07 0E 33 04 82 0B 8E 13 10 27 00 00 00 60  TEL,11102,S5,3591,1075,2946,5006,10000,0
A5 54 5F 2B 05 26 0E 34 04 82 0B 8E 13 10 27 00 00 00 55  TEL,11103,S5,3622,1076,2946,5006,10000,0
A5 54 60 2B 05 26 0E 34 04 82 0B 8E 13 10 27 00 00 00 2B  TEL,11104,S5,3622,1076,2946,5006,10000,0
A5 54 61 2B 05 C9 0D 30 04 82 0B 8E 13 10 27 00 00 00 1F  TEL,11105,S5,3529,1072,2946,5006,10000,0
A5 54 62 2B 05 45 0E 35 04 82 0B 8E 13 10 27 00 00 00 8E  TEL,11106,S5,3653,1077,2946,5006,10000,0
A5 54 63 2B 05 E8 0D 32 04 82 0B 8E 13 10 27 00 00 00 4F  TEL,11107,S5,3560,1074,2946,5006,10000,0
A5 54 64 2B 05 45 0E 35 04 82 0B 8E 13 10 27 00 00 00 82  TEL,11108,S5,3653,1077,2946,5006,10000,0
A5 54 65 2B 05 07 0E 33 04 82 0B 8E 13 10 27 00 00 00 16  TEL,11109,S5,3591,1075,2946,5006,10000,0
A5 54 66 2B 05 07 0E 33 04 82 0B 8E 13 10 27 00 00 00 10  TEL,11110,S5,3591,1075,2946,5006,10000,0
A5 54 67 2B 05 26 0E 34 04 82 0B 8E 13 10 27 00 00 00 25  TEL,11111,S5,3622,1076,2946,5006,10000,0
A5 54 68 2B 05 45 0E 35 04 82 0B 8E 13 10 27 00 00 00 9A  TEL,11112,S5,3653,1077,2946,5006,10000,0
A5 54 69 2B 05 45 0E 35 04 82 0B 8E 13 10 27 00 00 00 98  TEL,11113,S5,3653,1077,2946,5006,10000,0
A5 54 6A 2B 05 45 0E 35 04 82 0B 8E 13 10 27 00 00 00 9E  TEL,11114,S5,3653,1077,2946,5006,10000,0
A5 42 40 00 05 6B 2B 4C BF DE 0B 64 BF DE 0B 66 BF DE 0B 42  BTN,64,S5,PRESSED,11115,199147340,199147364,199147366
A5 54 6C 2B 05 45 0E 35 04 82 0B 8F 13 10 27 00 00 00 4D  TEL,11116,S5,3653,1077,2946,5007,10000,0
A5 54 6D 2B 05 64 0E 36 04 82 0B 8E 13 10 27 00 00 00 DB  TEL,11117,S5,3684,1078,2946,5006,10000,0
A5 54 6E 2B 05 07 0E 33 04 82 0B 8E 13 10 27 00 00 00 00  TEL,11118,S5,3591,1075,2946,5006,10000,0
A5 54 6F 2B 05 A3 0E 38 04 82 0B 8E 13 10 27 00 00 00 8A  TEL,11119,S5,3747,1080,2946,5006,10000,0
A5 54 70 2B 05 26 0E 34 04 82 0B 8E 13 10 27 00 00 00 0B  TEL,11120,S5,3622,1076,2946,5006,10000,0
A5 54 71 2B 05 07 0E 33 04 82 0B 8E 13 10 27 00 00 00 3E  TEL,11121,S5,3591,1075,2946,5006,10000,0
A5 54 72 2B 05 07 0E 33 04 82 0B 8E 13 10 27 00 00 00 38  TEL,11122,S5,3591,1075,2946,5006,10000,0
A5 54 73 2B 05 07 0E 33 04 82 0B 8E 13 10 27 00 00 00 3A  TEL,11123,S5,3591,1075,2946,5006,10000,0
A5 54 74 2B 05 A3 0E 38 04 82 0B 8E 13 10 27 00 00 00 BC  TEL,11124,S5,3747,1080,2946,5006,10000,0
A5 54 75 2B 05 45 0E 35 04 82 0B 8E 13 10 27 00 00 00 A0  TEL,11125,S5,3653,1077,2946,5006,10000,0
A5 54 76 2B 05 07 0E 33 04 82 0B 8E 13 10 27 00 00 00 30  TEL,11126,S5,3591,1075,2946,5006,10000,0
A5 54 77 2B 05 C9 0D 31 04 82 0B 8E 13 10 27 00 00 00 2C  TEL,11127,S5,3529,1073,2946,5006,10000,0
A5 54 78 2B 05 26 0E 34 04 82 0B 8E 13 10 27 00 00 00 1B  TEL,11128,S5,3622,1076,2946,5006,10000,0
A5 54 79 2B 05 26 0E 34 04 82 0B 8E 13 10 27 00 00 00 19  TEL,11129,S5,3622,1076,2946,5006,10000,0
A5 54 7A 2B 05 07 0E 33 04 82 0B 8E 13 10 27 00 00 00 28  TEL,11130,S5,3591,1075,2946,5006,10000,0
A5 54 7B 2B 05 E8 0D 32 04 82 0B 93 13 10 27 00 00 00 EC  TEL,11131,S5,3560,1074,2946,5011,10000,0
A5 54 7C 2B 05 64 0E 36 04 82 0B 8E 13 10 27 00 00 00 F9  TEL,11132,S5,3684,1078,2946,5006,10000,0
A5 54 7D 2B 05 26 0E 34 04 82 0B 8E 13 10 27 00 00 00 11  TEL,11133,S5,3622,1076,2946,5006,10000,0
A5 54 7E 2B 05 07 0E 33 04 82 0B 8E 13 10 27 00 00 00 20  TEL,11134,S5,3591,1075,2946,5006,10000,0
A5 54 7F 2B 05 C9 0D 31 04 82 0B 8E 13 10 27 00 00 00 3C  TEL,11135,S5,3529,1073,2946,5006,10000,0
A5 54 80 2B 05 45 0E 35 04 82 0B 8E 13 10 27 00 00 00 4D  TEL,11136,S5,3653,1077,2946,5006,10000,0
A5 54 81 2B 05 07 0E 33 04 82 0B 8E 13 10 27 00 00 00 D9  TEL,11137,S5,3591,1075,2946,5006,10000,0
A5 54 82 2B 05 64 0E 36 04 82 0B 8E 13 10 27 00 00 00 02  TEL,11138,S5,3684,1078,2946,5006,10000,0
A5 54 83 2B 05 26 0E 34 04 82 0B 8E 13 10 27 00 00 00 EA  TEL,11139,S5,3622,1076,2946,5006,10000,0
A5 54 84 2B 05 A3 0E 38 04 82 0B 8E 13 10 27 00 00 00 5B  TEL,11140,S5,3747,1080,2946,5006,10000,0
A5 54 85 2B 05 07 0E 33 04 82 0B 8E 13 10 27 00 00 00 D1  TEL,11141,S5,3591,1075,2946,5006,10000,0
A5 54 86 2B 05 07 0E 33 04 82 0B 8E 13 10 27 00 00 00 D7  TEL,11142,S5,3591,1075,2946,5006,10000,0
A5 54 87 2B 05 26 0E 34 04 82 0B 8E 13 10 27 00 00 00 E2  TEL,11143,S5,3622,1076,2946,5006,10000,0
A5 54 88 2B 05 45 0E 35 04 82 0B 8E 13 10 27 00 00 00 5D  TEL,11144,S5,3653,1077,2946,5006,10000,0
A5 54 89 2B 05 45 0E 35 04 82 0B 8E 13 10 27 00 00 00 5F  TEL,11145,S5,3653,1077,2946,5006,10000,0
A5 54 8A 2B 05 07 0E 33 04 82 0B 8E 13 10 27 00 00 00 CF  TEL,11146,S5,3591,1075,2946,5006,10000,0
A5 54 8B 2B 05 26 0E 34 04 82 0B 8E 13 11 27 00 00 00 98  TEL,11147,S5,3622,1076,2946,5006,10001,0
A5 54 8C 2B 05 C9 0D 30 04 82 0B 8E 13 0F 27 00 00 00 C0  TEL,11148,S5,3529,1072,2946,5006,9999,0
A5 54 8D 2B 05 26 0E 34 04 82 0B 8E 13 10 27 00 00 00 F6  TEL,11149,S5,3622,1076,2946,5006,10000,0
A5 54 8E 2B 05 83 0E 37 04 82 0B 8E 13 10 27 00 00 00 14  TEL,11150,S5,3715,1079,2946,5006,10000,0
A5 54 8F 2B 05 C9 0D 30 04 82 0B 8E 13 10 27 00 00 00 C4  TEL,11151,S5,3529,1072,2946,5006,10000,0
A5 54 90 2B 05 45 0E 35 04 82 0B 8E 13 10 27 00 00 00 6D  TEL,11152,S5,3653,1077,2946,5006,10000,0
A5 54 91 2B 05 07 0E 33 04 82 0B 8E 13 10 27 00 00 00 F9  TEL,11153,S5,3591,1075,2946,5006,10000,0
A5 54 92 2B 05 26 0E 34 04 82 0B 8E 13 10 27 00 00 00 C8  TEL,11154,S5,3622,1076,2946,5006,10000,0
A5 54 93 2B 05 A3 0E 38 04 82 0B 8E 13 10 27 00 00 00 75  TEL,11155,S5,3747,1080,2946,5006,10000,0
A5 54 94 2B 05 45 0E 35 04 82 0B 8E 13 10 27 00 00 00 65  TEL,11156,S5,3653,1077,2946,5006,10000,0
A5 54 95 2B 05 45 0E 35 04 82 0B 8E 13 10 27 00 00 00 67  TEL,11157,S5,3653,1077,2946,5006,10000,0
A5 54 96 2B 05 45 0E 35 04 82 0B 8E 13 10 27 00 00 00 61  TEL,11158,S5,3653,1077,2946,5006,10000,0
A5 54 97 2B 05 26 0E 34 04 82 0B 8E 13 10 27 00 00 00 C2  TEL,11159,S5,3622,1076,2946,5006,10000,0
A5 54 98 2B 05 45 0E 35 04 82 0B 8E 13 10 27 00 00 00 7D  TEL,11160,S5,3653,1077,2946,5006,10000,0
A5 54 99 2B 05 07 0E 33 04 82 0B 8E 13 10 27 00 00 00 E9  TEL,11161,S5,3591,1075,2946,5006,10000,0
A5 54 9A 2B 05 07 0E 33 04 82 0B 8E 13 10 27 00 00 00 EF  TEL,11162,S5,3591,1075,2946,5006,10000,0
A5 54 9B 2B 05 26 0E 34 04 82 0B 8E 13 10 27 00 00 00 DA  TEL,11163,S5,3622,1076,2946,5006,10000,0
A5 54 9C 2B 05 26 0E 34 04 82 0B 8E 13 10 27 00 00 00 D4  TEL,11164,S5,3622,1076,2946,5006,10000,0
A5 54 9D 2B 05 26 0E 34 04 82 0B 8E 13 10 27 00 00 00 D6  TEL,11165,S5,3622,1076,2946,5006,10000,0
A5 54 9E 2B 05 07 0E 33 04 82 0B 8E 13 10 27 00 00 00 E7  TEL,11166,S5,3591,1075,2946,5006,10000,0
A5 54 9F 2B 05 26 0E 34 04 82 0B 8E 13 10 27 00 00 00 D2  TEL,11167,S5,3622,1076,2946,5006,10000,0
A5 54 A0 2B 05 45 0E 35 04 82 0B 8E 13 10 27 00 00 00 0D  TEL,11168,S5,3653,1077,2946,5006,10000,0
A5 54 A1 2B 05 07 0E 33 04 82 0B 8E 13 10 27 00 00 00 99  TEL,11169,S5,3591,1075,2946,5006,10000,0
A5 54 A2 2B 05 07 0E 33 04 82 0B 8E 13 10 27 00 00 00 9F  TEL,11170,S5,3591,1075,2946,5006,10000,0
A5 54 A3 2B 05 45 0E 35 04 82 0B 8E 13 10 27 00 00 00 0B  TEL,11171,S5,3653,1077,2946,5006,10000,0
A5 54 A4 2B 05 45 0E 35 04 82 0B 8E 13 10 27 00 00 00 05  TEL,11172,S5,3653,1077,2946,5006,10000,0
A5 54 A5 2B 05 26 0E 34 04 82 0B 8E 13 10 27 00 00 00 A6  TEL,11173,S5,3622,1076,2946,5006,10000,0
A5 54 A6 2B 05 E8 0D 32 04 82 0B 8E 13 10 27 00 00 00 C2  TEL,11174,S5,3560,1074,2946,5006,10000,0
A5 54 A7 2B 05 26 0E 34 04 82 0B 8E 13 10 27 00 00 00 A2  TEL,11175,S5,3622,1076,2946,5006,10000,0
A5 54 A8 2B 05 26 0E 34 04 82 0B 8E 13 10 27 00 00 00 BC  TEL,11176,S5,3622,1076,2946,5006,10000,0
A5 54 A9 2B 05 07 0E 33 04 82 0B 8E 13 10 27 00 00 00 89  TEL,11177,S5,3591,1075,2946,5006,10000,0
A5 54 AA 2B 05 45 0E 35 04 82 0B 8E 13 10 27 00 00 00 19  TEL,11178,S5,3653,1077,2946,5006,10000,0
A5 54 AB 2B 05 64 0E 36 04 82 0B 8E 13 10 27 00 00 00 50  TEL,11179,S5,3684,1078,2946,5006,10000,0
A5 54 AC 2B 05 26 0E 34 04 82 0B 8E 13 10 27 00 00 00 B4  TEL,11180,S5,3622,1076,2946,5006,10000,0
A5 54 AD 2B 05 45 0E 35 04 82 0B 8E 13 10 27 00 00 00 17  TEL,11181,S5,3653,1077,2946,5006,10000,0
A5 54 AE 2B 05 45 0E 35 04 82 0B 8E 13 10 27 00 00 00 11  TEL,11182,S5,3653,1077,2946,5006,10000,0
A5 54 AF 2B 05 26 0E 34 04 82 0B 8E 13 10 27 00 00 00 B2  TEL,11183,S5,3622,1076,2946,5006,10000,0
A5 54 B0 2B 05 64 0E 36 04 82 0B 8E 13 10 27 00 00 00 66  TEL,11184,S5,3684,1078,2946,5006,10000,0
A5 54 B1 2B 05 07 0E 33 04 82 0B 8E 13 10 27 00 00 00 B9  TEL,11185,S5,3591,1075,2946,5006,10000,0
A5 54 B2 2B 05 AA 0D 2F 04 82 0B 8E 13 10 27 00 00 00 52  TEL,11186,S5,3498,1071,2946,5006,10000,0
A5 54 B3 2B 05 A3 0E 38 04 82 0B 8E 13 10 27 00 00 00 35  TEL,11187,S5,3747,1080,2946,5006,10000,0
A5 54 B4 2B 05 26 0E 34 04 82 0B 8E 13 10 27 00 00 00 84  TEL,11188,S5,3622,1076,2946,5006,10000,0
A5 54 B5 2B 05 64 0E 36 04 82 0B 8E 13 10 27 00 00 00 6C  TEL,11189,S5,3684,1078,2946,5006,10000,0
A5 54 B6 2B 05 AA 0D 2F 04 82 0B 8E 13 10 27 00 00 00 5A  TEL,11190,S5,3498,1071,2946,5006,10000,0
A5 54 B7 2B 05 45 0E 35 04 82 0B 8E 13 10 27 00 00 00 23  TEL,11191,S5,3653,1077,2946,5006,10000,0
A5 54 B8 2B 05 45 0E 35 04 82 0B 8E 13 10 27 00 00 00 3D  TEL,11192,S5,3653,1077,2946,5006,10000,0
A5 54 B9 2B 05 26 0E 34 04 82 0B 8E 13 10 27 00 00 00 9E  TEL,11193,S5,3622,1076,2946,5006,10000,0
A5 54 BA 2B 05 07 0E 33 04 82 0B 8E 13 10 27 00 00 00 AF  TEL,11194,S5,3591,1075,2946,5006,10000,0
A5 54 BB 2B 05 07 0E 33 04 82 0B 8E 13 10 27 00 00 00 AD  TEL,11195,S5,3591,1075,2946,5006,10000,0
A5 54 BC 2B 05 45 0E 35 04 82 0B 8E 13 10 27 00 00 00 35  TEL,11196,S5,3653,1077,2946,5006,10000,0
A5 54 BD 2B 05 45 0E 35 04 82 0B 8E 13 10 27 00 00 00 37  TEL,11197,S5,3653,1077,2946,5006,10000,0
A5 54 BE 2B 05 07 0E 33 04 82 0B 8E 13 10 27 00 00 00 A7  TEL,11198,S5,3591,1075,2946,5006,10000,0
A5 54 BF 2B 05 AA 0D 2F 04 82 0B 8E 13 10 27 00 00 00 48  TEL,11199,S5,3498,1071,2946,5006,10000,0
A5 54 C0 2B 05 45 0E 35 04 82 0B 8E 13 10 27 00 00 00 CD  TEL,11200,S5,3653,1077,2946,5006,10000,0
A5 54 C1 2B 05 07 0E 33 04 82 0B 8E 13 10 27 00 00 00 59  TEL,11201,S5,3591,1075,2946,5006,10000,0
A5 54 C2 2B 05 07 0E 33 04 82 0B 8E 13 10 27 00 00 00 5F  TEL,11202,S5,3591,1075,2946,5006,10000,0
A5 54 C3 2B 05 26 0E 34 04 82 0B 8E 13 10 27 00 00 00 6A  TEL,11203,S5,3622,1076,2946,5006,10000,0
A5 54 C4 2B 05 AA 0D 2F 04 82 0B 8E 13 10 27 00 00 00 BE  TEL,11204,S5,3498,1071,2946,5006,10000,0
A5 54 C5 2B 05 07 0E 33 04 82 0B 8E 13 10 27 00 00 00 51  TEL,11205,S5,3591,1075,2946,5006,10000,0
A5 54 C6 2B 05 C9 0D 31 04 82 0B 8E 13 10 27 00 00 00 49  TEL,11206,S5,3529,1073,2946,5006,10000,0
A5 54 C7 2B 05 26 0E 34 04 82 0B 8E 13 10 27 00 00 00 62  TEL,11207,S5,3622,1076,2946,5006,10000,0
A5 54 C8 2B 05 26 0E 34 04 82 0B 8E 13 10 27 00 00 00 7C  TEL,11208,S5,3622,1076,2946,5006,10000,0
A5 54 C9 2B 05 64 0E 36 04 82 0B 8E 13 10 27 00 00 00 94  TEL,11209,S5,3684,1078,2946,5006,10000,0
A5 54 CA 2B 05 AA 0D 2F 04 82 0B 8E 13 10 27 00 00 00 A2  TEL,11210,S5,3498,1071,2946,5006,10000,0
A5 54 CB 2B 05 26 0E 34 04 82 0B 8E 13 10 27 00 00 00 7A  TEL,11211,S5,3622,1076,2946,5006,10000,0
A5 54 CC 2B 05 45 0E 35 04 82 0B 8E 13 10 27 00 00 00 D5  TEL,11212,S5,3653,1077,2946,5006,10000,0
A5 54 CD 2B 05 E8 0D 32 04 82 0B 8E 13 10 27 00 00 00 14  TEL,11213,S5,3560,1074,2946,5006,10000,0
A5 54 CE 2B 05 C9 0D 30 04 82 0B 8E 13 10 27 00 00 00 46  TEL,11214,S5,3529,1072,2946,5006,10000,0
A5 54 CF 2B 05 26 0E 34 04 82 0B 8E 13 10 27 00 00 00 72  TEL,11215,S5,3622,1076,2946,5006,10000,0
A5 54 D0 2B 05 45 0E 35 04 82 0B 8E 13 10 27 00 00 00 ED  TEL,11216,S5,3653,1077,2946,5006,10000,0
A5 54 D1 2B 05 07 0E 33 04 82 0B 8E 13 10 27 00 00 00 79  TEL,11217,S5,3591,1075,2946,5006,10000,0
A5 54 D2 2B 05 07 0E 33 04 82 0B 8E 13 10 27 00 00 00 7F  TEL,11218,S5,3591,1075,2946,5006,10000,0
A5 54 D3 2B 05 64 0E 36 04 82 0B 8E 13 10 27 00 00 00 A0  TEL,11219,S5,3684,1078,2946,5006,10000,0
A5 54 D4 2B 05 64 0E 36 04 82 0B 8E 13 10 27 00 00 00 AE  TEL,11220,S5,3684,1078,2946,5006,10000,0
A5 54 D5 2B 05 07 0E 33 04 82 0B 8E 13 10 27 00 00 00 71  TEL,11221,S5,3591,1075,2946,5006,10000,0
A5 54 D6 2B 05 07 0E 33 04 82 0B 8E 13 10 27 00 00 00 77  TEL,11222,S5,3591,1075,2946,5006,10000,0
A5 54 D7 2B 05 26 0E 34 04 82 0B 8E 13 10 27 00 00 00 42  TEL,11223,S5,3622,1076,2946,5006,10000,0
A5 54 D8 2B 05 45 0E 35 04 82 0B 8F 13 10 27 00 00 00 22  TEL,11224,S5,3653,1077,2946,5007,10000,0
A5 54 D9 2B 05 A3 0E 38 04 82 0B 8E 13 10 27 00 00 00 E1  TEL,11225,S5,3747,1080,2946,5006,10000,0
A5 54 DA 2B 05 07 0E 33 04 82 0B 8E 13 10 27 00 00 00 6F  TEL,11226,S5,3591,1075,2946,5006,10000,0
A5 54 DB 2B 05 64 0E 36 04 82 0B 8E 13 10 27 00 00 00 B0  TEL,11227,S5,3684,1078,2946,5006,10000,0
A5 54 DC 2B 05 A3 0E 38 04 82 0B 8E 13 10 27 00 00 00 EB  TEL,11228,S5,3747,1080,2946,5006,10000,0
A5 54 DD 2B 05 26 0E 34 04 82 0B 8E 13 10 27 00 00 00 56  TEL,11229,S5,3622,1076,2946,5006,10000,0
A5 54 DE 2B 05 07 0E 33 04 82 0B 8E 13 10 27 00 00 00 67  TEL,11230,S5,3591,1075,2946,5006,10000,0
A5 54 DF 2B 05 64 0E 36 04 82 0B 8E 13 10 27 00 00 00 B8  TEL,11231,S5,3684,1078,2946,5006,10000,0
A5 54 E0 2B 05 26 0E 34 04 82 0B 8E 13 10 27 00 00 00 2C  TEL,11232,S5,3622,1076,2946,5006,10000,0
A5 54 E1 2B 05 07 0E 33 04 82 0B 8E 13 10 27 00 00 00 19  TEL,11233,S5,3591,1075,2946,5006,10000,0
A5 54 E2 2B 05 07 0E 33 04 82 0B 8E 13 10 27 00 00 00 1F  TEL,11234,S5,3591,1075,2946,5006,10000,0
A5 54 E3 2B 05 45 0E 35 04 82 0B 8E 13 10 27 00 00 00 8B  TEL,11235,S5,3653,1077,2946,5006,10000,0
A5 54 E4 2B 05 45 0E 35 04 82 0B 8E 13 10 27 00 00 00 85  TEL,11236,S5,3653,1077,2946,5006,10000,0
A5 54 E5 2B 05 07 0E 33 04 82 0B 8E 13 10 27 00 00 00 11  TEL,11237,S5,3591,1075,2946,5006,10000,0
A5 54 E6 2B 05 45 0E 35 04 82 0B 8E 13 10 27 00 00 00 81  TEL,11238,S5,3653,1077,2946,5006,10000,0
A5 54 E7 2B 05 45 0E 35 04 82 0B 8E 13 10 27 00 00 00 83  TEL,11239,S5,3653,1077,2946,5006,10000,0
A5 54 E8 2B 05 26 0E 34 04 82 0B 8E 13 10 27 00 00 00 3C  TEL,11240,S5,3622,1076,2946,5006,10000,0
A5 54 E9 2B 05 07 0E 33 04 82 0B 8E 13 10 27 00 00 00 09  TEL,11241,S5,3591,1075,2946,5006,10000,0
A5 54 EA 2B 05 64 0E 36 04 82 0B 8E 13 10 27 00 00 00 D2  TEL,11242,S5,3684,1078,2946,5006,10000,0
A5 42 41 00 05 EB 2B B4 29 F2 0B CC 29 F2 0B CE 29 F2 0B 56  BTN,65,S5,PRESSED,11243,200419764,200419788,200419790
A5 54 EC 2B 05 26 0E 34 04 82 0B A6 13 10 27 00 00 00 7F  TEL,11244,S5,3622,1076,2946,5030,10000,0
A5 54 ED 2B 05 45 0E 35 04 82 0B 8E 13 10 27 00 00 00 97  TEL,11245,S5,3653,1077,2946,5006,10000,0
A5 54 EE 2B 05 26 0E 34 04 82 0B 8E 13 10 27 00 00 00 30  TEL,11246,S5,3622,1076,2946,5006,10000,0
A5 54 EF 2B 05 45 0E 35 04 82 0B 8E 13 10 27 00 00 00 93  TEL,11247,S5,3653,1077,2946,5006,10000,0
A5 54 F0 2B 05 07 0E 33 04 82 0B 8E 13 10 27 00 00 00 3B  TEL,11248,S5,3591,1075,2946,5006,10000,0
A5 54 F1 2B 05 E8 0D 32 04 82 0B 8E 13 10 27 00 00 00 6C  TEL,11249,S5,3560,1074,2946,5006,10000,0
A5 54 F2 2B 05 E8 0D 32 04 82 0B 8E 13 10 27 00 00 00 6A  TEL,11250,S5,3560,1074,2946,5006,10000,0
A5 54 F3 2B 05 45 0E 35 04 82 0B 8E 13 10 27 00 00 00 AB  TEL,11251,S5,3653,1077,2946,5006,10000,0
A5 54 F4 2B 05 26 0E 34 04 82 0B 8E 13 10 27 00 00 00 04  TEL,11252,S5,3622,1076,2946,5006,10000,0
A5 54 F5 2B 05 AA 0D 2F 04 82 0B 8E 13 10 27 00 00 00 DC  TEL,11253,S5,3498,1071,2946,5006,10000,0
A5 54 F6 2B 05 26 0E 34 04 82 0B 8E 13 10 27 00 00 00 00  TEL,11254,S5,3622,1076,2946,5006,10000,0
A5 54 F7 2B 05 45 0E 35 04 82 0B 8E 13 10 27 00 00 00 A3  TEL,11255,S5,3653,1077,2946,5006,10000,0
A5 54 F8 2B 05 64 0E 36 04 82 0B 8E 13 10 27 00 00 00 F6  TEL,11256,S5,3684,1078,2946,5006,10000,0
A5 54 F9 2B 05 07 0E 33 04 82 0B 8E 13 10 27 00 00 00 29  TEL,11257,S5,3591,1075,2946,5006,10000,0
A5 54 FA 2B 05 26 0E 34 04 82 0B 8E 13 10 27 00 00 00 18  TEL,11258,S5,3622,1076,2946,5006,10000,0
A5 54 FB 2B 05 E8 0D 32 04 82 0B 8E 13 10 27 00 00 00 78  TEL,11259,S5,3560,1074,2946,5006,10000,0
A5 54 FC 2B 05 45 0E 35 04 82 0B 8E 13 10 27 00 00 00 B5  TEL,11260,S5,3653,1077,2946,5006,10000,0
A5 54 FD 2B 05 07 0E 33 04 82 0B 8E 13 10 27 00 00 00 21  TEL,11261,S5,3591,1075,2946,5006,10000,0
A5 54 FE 2B 05 AA 0D 2F 04 82 0B 8E 13 10 27 00 00 00 CA  TEL,11262,S5,3498,1071,2946,5006,10000,0
A5 54 FF 2B 05 26 0E 34 04 82 0B 8E 13 10 27 00 00 00 12  TEL,11263,S5,3622,1076,2946,5006,10000,0
A5 54 00 2C 05 C9 0D 31 04 82 0B 8E 13 10 27 00 00 00 C0  TEL,11264,S5,3529,1073,2946,5006,10000,0
A5 54 01 2C 05 83 0E 37 04 82 0B 8E 13 10 27 00 00 00 0F  TEL,11265,S5,3715,1079,2946,5006,10000,0
A5 54 02 2C 05 E8 0D 32 04 82 0B 8E 13 10 27 00 00 00 8F  TEL,11266,S5,3560,1074,2946,5006,10000,0
A5 54 03 2C 05 45 0E 35 04 82 0B 8E 13 10 27 00 00 00 4E  TEL,11267,S5,3653,1077,2946,5006,10000,0
A5 54 04 2C 05 07 0E 33 04 82 0B 8E 13 10 27 00 00 00 D6  TEL,11268,S5,3591,1075,2946,5006,10000,0
A5 54 05 2C 05 07 0E 33 04 82 0B 8E 13 10 27 00 00 00 D4  TEL,11269,S5,3591,1075,2946,5006,10000,0
A5 54 06 2C 05 45 0E 35 04 82 0B 8E 13 10 27 00 00 00 44  TEL,11270,S5,3653,1077,2946,5006,10000,0
A5 54 07 2C 05 26 0E 34 04 82 0B 8E 13 10 27 00 00 00 E7  TEL,11271,S5,3622,1076,2946,5006,10000,0
A5 54 08 2C 05 45 0E 35 04 82 0B 8E 13 10 27 00 00 00 58  TEL,11272,S5,3653,1077,2946,5006,10000,0
A5 54 09 2C 05 07 0E 33 04 82 0B 8E 13 10 27 00 00 00 CC  TEL,11273,S5,3591,1075,2946,5006,10000,0
A5 54 0A 2C 05 A3 0E 38 04 82 0B 8E 13 10 27 00 00 00 42  TEL,11274,S5,3747,1080,2946,5006,10000,0
A5 54 0B 2C 05 83 0E 37 04 82 0B 8F 13 10 27 00 00 00 C4  TEL,11275,S5,3715,1079,2946,5007,10000,0
A5 54 0C 2C 05 83 0E 37 04 82 0B 8E 13 10 27 00 00 00 15  TEL,11276,S5,3715,1079,2946,5006,10000,0
A5 54 0D 2C 05 07 0E 33 04 82 0B 8E 13 10 27 00 00 00 C4  TEL,11277,S5,3591,1075,2946,5006,10000,0
A5 54 0E 2C 05 26 0E 34 04 82 0B 8E 13 10 27 00 00 00 F5  TEL,11278,S5,3622,1076,2946,5006,10000,0
A5 54 0F 2C 05 45 0E 35 04 82 0B 8E 13 10 27 00 00 00 56  TEL,11279,S5,3653,1077,2946,5006,10000,0
A5 54 10 2C 05 26 0E 34 04 82 0B 8E 13 10 27 00 00 00 C9  TEL,11280,S5,3622,1076,2946,5006,10000,0
A5 54 11 2C 05 07 0E 33 04 82 0B 8E 13 10 27 00 00 00 FC  TEL,11281,S5,3591,1075,2946,5006,10000,0
A5 54 12 2C 05 45 0E 35 04 82 0B 8E 13 10 27 00 00 00 6C  TEL,11282,S5,3653,1077,2946,5006,10000,0
A5 54 13 2C 05 26 0E 34 04 82 0B 8E 13 10 27 00 00 00 CF  TEL,11283,S5,3622,1076,2946,5006,10000,0
A5 54 14 2C 05 45 0E 35 04 82 0B 8E 13 10 27 00 00 00 60  TEL,11284,S5,3653,1077,2946,5006,10000,0
A5 54 15 2C 05 45 0E 35 04 82 0B 8E 13 10 27 00 00 00 62  TEL,11285,S5,3653,1077,2946,5006,10000,0
A5 54 16 2C 05 45 0E 35 04 82 0B 8E 13 10 27 00 00 00 64  TEL,11286,S5,3653,1077,2946,5006,10000,0
A5 54 17 2C 05 26 0E 34 04 82 0B 8E 13 10 27 00 00 00 C7  TEL,11287,S5,3622,1076,2946,5006,10000,0
A5 54 18 2C 05 45 0E 35 04 82 0B 8E 13 10 27 00 00 00 78  TEL,11288,S5,3653,1077,2946,5006,10000,0
A5 54 19 2C 05 07 0E 33 04 82 0B 8E 13 10 27 00 00 00 EC  TEL,11289,S5,3591,1075,2946,5006,10000,0
A5 54 1A 2C 05 26 0E 34 04 82 0B 8E 13 10 27 00 00 00 DD  TEL,11290,S5,3622,1076,2946,5006,10000,0
A5 54 1B 2C 05 07 0E 33 04 82 0B 8E 13 10 27 00 00 00 E8  TEL,11291,S5,3591,1075,2946,5006,10000,0
A5 54 1C 2C 05 26 0E 34 04 82 0B 8E 13 10 27 00 00 00 D1  TEL,11292,S5,3622,1076,2946,5006,10000,0
A5 54 1D 2C 05 07 0E 33 04 82 0B 8E 13 10 27 00 00 00 E4  TEL,11293,S5,3591,1075,2946,5006,10000,0
A5 54 1E 2C 05 E8 0D 32 04 82 0B 8E 13 10 27 00 00 00 B7  TEL,11294,S5,3560,1074,2946,5006,10000,0
A5 54 1F 2C 05 A3 0E 38 04 82 0B 8E 13 10 27 00 00 00 68  TEL,11295,S5,3747,1080,2946,5006,10000,0
A5 54 20 2C 05 07 0E 33 04 82 0B 8E 13 10 27 00 00 00 9E  TEL,11296,S5,3591,1075,2946,5006,10000,0
A5 54 21 2C 05 C9 0D 30 04 82 0B 8E 13 10 27 00 00 00 9D  TEL,11297,S5,3529,1072,2946,5006,10000,0
A5 54 22 2C 05 AA 0D 2F 04 82 0B 8E 13 10 27 00 00 00 77  TEL,11298,S5,3498,1071,2946,5006,10000,0
A5 54 23 2C 05 45 0E 35 04 82 0B 8E 13 10 27 00 00 00 0E  TEL,11299,S5,3653,1077,2946,5006,10000,0
A5 54 24 2C 05 45 0E 35 04 82 0B 8E 13 10 27 00 00 00 00  TEL,11300,S5,3653,1077,2946,5006,10000,0
A5 54 25 2C 05 26 0E 34 04 82 0B 8E 13 10 27 00 00 00 A3  TEL,11301,S5,3622,1076,2946,5006,10000,0
A5 54 26 2C 05 E8 0D 32 04 82 0B 8E 13 10 27 00 00 00 C7  TEL,11302,S5,3560,1074,2946,5006,10000,0
A5 54 27 2C 05 45 0E 35 04 82 0B 8E 13 10 27 00 00 00 06  TEL,11303,S5,3653,1077,2946,5006,10000,0
A5 54 28 2C 05 07 0E 33 04 82 0B 8E 13 10 27 00 00 00 8E  TEL,11304,S5,3591,1075,2946,5006,10000,0
A5 54 29 2C 05 C2 0E 39 04 82 0B 8E 13 10 27 00 00 00 8A  TEL,11305,S5,3778,1081,2946,5006,10000,0
A5 54 2A 2C 05 26 0E 34 04 82 0B 8E 13 10 27 00 00 00 BD  TEL,11306,S5,3622,1076,2946,5006,10000,0
A5 54 2B 2C 05 C9 0D 31 04 82 0B 8E 13 10 27 00 00 00 96  TEL,11307,S5,3529,1073,2946,5006,10000,0
A5 54 2C 2C 05 64 0E 36 04 82 0B 8E 13 10 27 00 00 00 5B  TEL,11308,S5,3684,1078,2946,5006,10000,0
A5 54 2D 2C 05 AA 0D 2F 04 82 0B 8E 13 10 27 00 00 00 69  TEL,11309,S5,3498,1071,2946,5006,10000,0
A5 54 2E 2C 05 26 0E 34 04 82 0B 8E 13 10 27 00 00 00 B5  TEL,11310,S5,3622,1076,2946,5006,10000,0
A5 54 2F 2C 05 26 0E 34 04 82 0B 8E 13 10 27 00 00 00 B7  TEL,11311,S5,3622,1076,2946,5006,10000,0
A5 54 30 2C 05 07 0E 33 04 82 0B 8E 13 10 27 00 00 00 BE  TEL,11312,S5,3591,1075,2946,5006,10000,0
A5 54 31 2C 05 07 0E 33 04 82 0B 8E 13 10 27 00 00 00 BC  TEL,11313,S5,3591,1075,2946,5006,10000,0
A5 54 32 2C 05 45 0E 35 04 82 0B 8E 13 10 27 00 00 00 2C  TEL,11314,S5,3653,1077,2946,5006,10000,0
A5 54 33 2C 05 45 0E 35 04 82 0B 8E 13 10 27 00 00 00 2E  TEL,11315,S5,3653,1077,2946,5006,10000,0
A5 54 34 2C 05 07 0E 33 04 82 0B 8E 13 10 27 00 00 00 B6  TEL,11316,S5,3591,1075,2946,5006,10000,0
A5 54 35 2C 05 07 0E 33 04 82 0B 8E 13 10 27 00 00 00 B4  TEL,11317,S5,3591,1075,2946,5006,10000,0
A5 54 36 2C 05 A3 0E 38 04 82 0B 8E 13 10 27 00 00 00 3A  TEL,11318,S5,3747,1080,2946,5006,10000,0
A5 54 37 2C 05 45 0E 35 04 82 0B 8E 13 10 27 00 00 00 26  TEL,11319,S5,3653,1077,2946,5006,10000,0
A5 54 38 2C 05 26 0E 34 04 82 0B 8E 13 10 27 00 00 00 99  TEL,11320,S5,3622,1076,2946,5006,10000,0
A5 54 39 2C 05 AA 0D 2F 04 82 0B 8E 13 10 27 00 00 00 41  TEL,11321,S5,3498,1071,2946,5006,10000,0
A5 54 3A 2C 05 07 0E 33 04 82 0B 8E 13 10 27 00 00 00 AA  TEL,11322,S5,3591,1075,2946,5006,10000,0
A5 54 3B 2C 05 07 0E 33 04 82 0B 8E 13 10 27 00 00 00 A8  TEL,11323,S5,3591,1075,2946,5006,10000,0
A5 54 3C 2C 05 45 0E 35 04 82 0B 8E 13 10 27 00 00 00 30  TEL,11324,S5,3653,1077,2946,5006,10000,0
A5 54 3D 2C 05 07 0E 33 04 82 0B 8E 13 10 27 00 00 00 A4  TEL,11325,S5,3591,1075,2946,5006,10000,0
A5 54 3E 2C 05 45 0E 35 04 82 0B 8E 13 10 27 00 00 00 34  TEL,11326,S5,3653,1077,2946,5006,10000,0
A5 54 3F 2C 05 45 0E 35 04 82 0B 8E 13 10 27 00 00 00 36  TEL,11327,S5,3653,1077,2946,5006,10000,0
A5 54 40 2C 05 64 0E 36 04 82 0B 8E 13 10 27 00 00 00 83  TEL,11328,S5,3684,1078,2946,5006,10000,0
A5 54 41 2C 05 AA 0D 2F 04 82 0B 8E 13 10 27 00 00 00 B1  TEL,11329,S5,3498,1071,2946,5006,10000,0
A5 54 42 2C 05 26 0E 34 04 82 0B 8E 13 10 27 00 00 00 6D  TEL,11330,S5,3622,1076,2946,5006,10000,0
A5 54 43 2C 05 A3 0E 38 04 82 0B 8E 13 10 27 00 00 00 D0  TEL,11331,S5,3747,1080,2946,5006,10000,0
A5 54 44 2C 05 26 0E 34 04 82 0B 8E 13 10 27 00 00 00 61  TEL,11332,S5,3622,1076,2946,5006,10000,0
A5 54 45 2C 05 07 0E 33 04 82 0B 8E 13 10 27 00 00 00 54  TEL,11333,S5,3591,1075,2946,5006,10000,0
A5 54 46 2C 05 83 0E 37 04 82 0B 8E 13 10 27 00 00 00 81  TEL,11334,S5,3715,1079,2946,5006,10000,0
A5 54 47 2C 05 26 0E 34 04 82 0B 8E 13 10 27 00 00 00 67  TEL,11335,S5,3622,1076,2946,5006,10000,0
A5 54 48 2C 05 07 0E 33 04 82 0B 8E 13 10 27 00 00 00 4E  TEL,11336,S5,3591,1075,2946,5006,10000,0
A5 54 49 2C 05 07 0E 33 04 82 0B 8E 13 10 27 00 00 00 4C  TEL,11337,S5,3591,1075,2946,5006,10000,0
A5 54 4A 2C 05 64 0E 36 04 82 0B 8E 13 10 27 00 00 00 97  TEL,11338,S5,3684,1078,2946,5006,10000,0
A5 54 4B 2C 05 07 0E 33 04 82 0B 8E 13 10 27 00 00 00 48  TEL,11339,S5,3591,1075,2946,5006,10000,0
A5 54 4C 2C 05 07 0E 33 04 82 0B 8E 13 10 27 00 00 00 46  TEL,11340,S5,3591,1075,2946,5006,10000,0
A5 54 4D 2C 05 AA 0D 2F 04 82 0B 8E 13 10 27 00 00 00 A9  TEL,11341,S5,3498,1071,2946,5006,10000,0
A5 54 4E 2C 05 E8 0D 32 04 82 0B 8E 13 10 27 00 00 00 17  TEL,11342,S5,3560,1074,2946,5006,10000,0
A5 54 4F 2C 05 45 0E 35 04 82 0B 8E 13 10 27 00 00 00 D6  TEL,11343,S5,3653,1077,2946,5006,10000,0
A5 54 50 2C 05 07 0E 33 04 82 0B 8E 13 10 27 00 00 00 7E  TEL,11344,S5,3591,1075,2946,5006,10000,0
A5 54 51 2C 05 83 0E 37 04 82 0B 8E 13 10 27 00 00 00 AF  TEL,11345,S5,3715,1079,2946,5006,10000,0
A5 54 52 2C 05 45 0E 35 04 82 0B 8E 13 10 27 00 00 00 EC  TEL,11346,S5,3653,1077,2946,5006,10000,0
A5 54 53 2C 05 26 0E 34 04 82 0B 8E 13 10 27 00 00 00 4F  TEL,11347,S5,3622,1076,2946,5006,10000,0
A5 54 54 2C 05 45 0E 35 04 82 0B 8E 13 10 27 00 00 00 E0  TEL,11348,S5,3653,1077,2946,5006,10000,0
A5 54 55 2C 05 07 0E 33 04 82 0B 8E 13 10 27 00 00 00 74  TEL,11349,S5,3591,1075,2946,5006,10000,0
A5 54 56 2C 05 A3 0E 38 04 82 0B 8E 13 10 27 00 00 00 FA  TEL,11350,S5,3747,1080,2946,5006,10000,0
A5 54 57 2C 05 45 0E 35 04 82 0B 8F 13 10 27 00 00 00 39  TEL,11351,S5,3653,1077,2946,5007,10000,0
A5 54 58 2C 05 26 0E 34 04 82 0B 8E 13 10 27 00 00 00 59  TEL,11352,S5,3622,1076,2946,5006,10000,0
A5 54 59 2C 05 07 0E 33 04 82 0B 8E 13 10 27 00 00 00 6C  TEL,11353,S5,3591,1075,2946,5006,10000,0
A5 54 5A 2C 05 64 0E 36 04 82 0B 8E 13 10 27 00 00 00 B7  TEL,11354,S5,3684,1078,2946,5006,10000,0
A5 54 5B 2C 05 07 0E 33 04 82 0B 8E 13 10 27 00 00 00 68  TEL,11355,S5,3591,1075,2946,5006,10000,0
A5 54 5C 2C 05 45 0E 35 04 82 0B 8E 13 10 27 00 00 00 F0  TEL,11356,S5,3653,1077,2946,5006,10000,0
A5 54 5D 2C 05 45 0E 35 04 82 0B 8E 13 10 27 00 00 00 F2  TEL,11357,S5,3653,1077,2946,5006,10000,0
A5 54 5E 2C 05 26 0E 34 04 82 0B 8E 13 10 27 00 00 00 55  TEL,11358,S5,3622,1076,2946,5006,10000,0
A5 54 5F 2C 05 45 0E 35 04 82 0B 8E 13 10 27 00 00 00 F6  TEL,11359,S5,3653,1077,2946,5006,10000,0
A5 54 60 2C 05 45 0E 35 04 82 0B 8E 13 10 27 00 00 00 88  TEL,11360,S5,3653,1077,2946,5006,10000,0
A5 54 61 2C 05 07 0E 33 04 82 0B 8E 13 10 27 00 00 00 1C  TEL,11361,S5,3591,1075,2946,5006,10000,0
A5 54 62 2C 05 26 0E 34 04 82 0B 8E 13 10 27 00 00 00 2D  TEL,11362,S5,3622,1076,2946,5006,10000,0
A5 54 63 2C 05 45 0E 35 04 82 0B 8E 13 10 27 00 00 00 8E  TEL,11363,S5,3653,1077,2946,5006,10000,0
A5 54 64 2C 05 07 0E 33 04 82 0B 8E 13 10 27 00 00 00 16  TEL,11364,S5,3591,1075,2946,5006,10000,0
A5 54 65 2C 05 45 0E 35 04 82 0B 8E 13 10 27 00 00 00 82  TEL,11365,S5,3653,1077,2946,5006,10000,0
A5 54 66 2C 05 45 0E 35 04 82 0B 8E 13 10 27 00 00 00 84  TEL,11366,S5,3653,1077,2946,5006,10000,0
A5 54 67 2C 05 64 0E 36 04 82 0B 8E 13 10 27 00 00 00 CD  TEL,11367,S5,3684,1078,2946,5006,10000,0
A5 54 68 2C 05 07 0E 33 04 82 0B 8E 13 10 27 00 00 00 0E  TEL,11368,S5,3591,1075,2946,5006,10000,0
A5 54 69 2C 05 E8 0D 32 04 82 0B 8E 13 10 27 00 00 00 59  TEL,11369,S5,3560,1074,2946,5006,10000,0
A5 54 6A 2C 05 C9 0D 30 04 82 0B 8E 13 10 27 00 00 00 0B  TEL,11370,S5,3529,1072,2946,5006,10000,0
A5 54 6B 2C 05 07 0E 33 04 82 0B 8E 13 10 27 00 00 00 08  TEL,11371,S5,3591,1075,2946,5006,10000,0
A5 54 6C 2C 05 07 0E 33 04 82 0B 8E 13 10 27 00 00 00 06  TEL,11372,S5,3591,1075,2946,5006,10000,0
A5 54 6D 2C 05 C2 0E 3A 04 82 0B 8E 13 10 27 00 00 00 23  TEL,11373,S5,3778,1082,2946,5006,10000,0
A5 54 6E 2C 05 AA 0D 2F 04 82 0B 8E 13 10 27 00 00 00 EF  TEL,11374,S5,3498,1071,2946,5006,10000,0
A5 54 6F 2C 05 45 0E 35 04 82 0B 8E 13 10 27 00 00 00 96  TEL,11375,S5,3653,1077,2946,5006,10000,0
A5 54 70 2C 05 45 0E 35 04 82 0B 8E 13 10 27 00 00 00 A8  TEL,11376,S5,3653,1077,2946,5006,10000,0
A5 54 71 2C 05 26 0E 34 04 82 0B 8E 13 10 27 00 00 00 0B  TEL,11377,S5,3622,1076,2946,5006,10000,0
A5 54 72 2C 05 A3 0E 38 04 82 0B 8E 13 10 27 00 00 00 B2  TEL,11378,S5,3747,1080,2946,5006,10000,0
A5 54 73 2C 05 AA 0D 2F 04 82 0B 8E 13 10 27 00 00 00 D5  TEL,11379,S5,3498,1071,2946,5006,10000,0
A5 54 74 2C 05 45 0E 35 04 82 0B 8E 13 10 27 00 00 00 A0  TEL,11380,S5,3653,1077,2946,5006,10000,0
A5 54 75 2C 05 07 0E 33 04 82 0B 8E 13 10 27 00 00 00 34  TEL,11381,S5,3591,1075,2946,5006,10000,0
A5 54 76 2C 05 E8 0D 32 04 82 0B 8E 13 10 27 00 00 00 67  TEL,11382,S5,3560,1074,2946,5006,10000,0
A5 54 77 2C 05 64 0E 36 04 82 0B 8E 13 10 27 00 00 00 ED  TEL,11383,S5,3684,1078,2946,5006,10000,0
A5 54 78 2C 05 45 0E 35 04 82 0B 8E 13 10 27 00 00 00 B8  TEL,11384,S5,3653,1077,2946,5006,10000,0
A5 54 79 2C 05 07 0E 33 04 82 0B 8E 13 10 27 00 00 00 2C  TEL,11385,S5,3591,1075,2946,5006,10000,0
A5 54 7A 2C 05 26 0E 34 04 82 0B 8E 13 10 27 00 00 00 1D  TEL,11386,S5,3622,1076,2946,5006,10000,0
A5 54 7B 2C 05 26 0E 34 04 82 0B 8E 13 10 27 00 00 00 1F  TEL,11387,S5,3622,1076,2946,5006,10000,0
A5 54 7C 2C 05 07 0E 33 04 82 0B 8E 13 10 27 00 00 00 26  TEL,11388,S5,3591,1075,2946,5006,10000,0
A5 42 42 00 05 7D 2C 6D 51 08 0C 85 51 08 0C 87 51 08 0C FD  BTN,66,S5,PRESSED,11389,201871725,201871749,201871751
A5 54 7E 2C 05 45 0E 35 04 82 0B DE 13 10 27 00 00 01 25  TEL,11390,S5,3653,1077,2946,5086,10000,1
A5 54 7F 2C 05 07 0E 33 04 82 0B 8E 13 10 27 00 00 00 20  TEL,11391,S5,3591,1075,2946,5006,10000,0
A5 54 80 2C 05 45 0E 35 04 82 0B 8E 13 10 27 00 00 00 4F  TEL,11392,S5,3653,1077,2946,5006,10000,0
A5 54 81 2C 05 07 0E 33 04 82 0B 8E 13 10 27 00 00 00 DB  TEL,11393,S5,3591,1075,2946,5006,10000,0
A5 54 82 2C 05 07 0E 33 04 82 0B 8E 13 10 27 00 00 00 DD  TEL,11394,S5,3591,1075,2946,5006,10000,0
A5 54 83 2C 05 26 0E 34 04 82 0B 8E 13 10 27 00 00 00 E8  TEL,11395,S5,3622,1076,2946,5006,10000,0
A5 54 84 2C 05 45 0E 35 04 82 0B 8E 13 10 27 00 00 00 47  TEL,11396,S5,3653,1077,2946,5006,10000,0
A5 54 85 2C 05 26 0E 34 04 82 0B 8E 13 10 27 00 00 00 E4  TEL,11397,S5,3622,1076,2946,5006,10000,0
A5 54 86 2C 05 07 0E 33 04 82 0B 8E 13 10 27 00 00 00 D5  TEL,11398,S5,3591,1075,2946,5006,10000,0
A5 54 87 2C 05 AA 0D 2F 04 82 0B 8E 13 10 27 00 00 00 3A  TEL,11399,S5,3498,1071,2946,5006,10000,0
A5 54 88 2C 05 A3 0E 38 04 82 0B 8E 13 10 27 00 00 00 41  TEL,11400,S5,3747,1080,2946,5006,10000,0
A5 54 89 2C 05 07 0E 33 04 82 0B 8E 13 10 27 00 00 00 CB  TEL,11401,S5,3591,1075,2946,5006,10000,0
A5 54 8A 2C 05 07 0E 33 04 82 0B 8E 13 10 27 00 00 00 CD  TEL,11402,S5,3591,1075,2946,5006,10000,0
A5 54 8B 2C 05 E8 0D 32 04 82 0B 8E 13 10 27 00 00 00 9A  TEL,11403,S5,3560,1074,2946,5006,10000,0
A5 54 8C 2C 05 45 0E 35 04 82 0B 92 13 10 27 00 00 00 1B  TEL,11404,S5,3653,1077,2946,5010,10000,0
A5 54 8D 2C 05 07 0E 33 04 82 0B 8E 13 10 27 00 00 00 C3  TEL,11405,S5,3591,1075,2946,5006,10000,0
A5 54 8E 2C 05 07 0E 33 04 82 0B 8E 13 10 27 00 00 00 C5  TEL,11406,S5,3591,1075,2946,5006,10000,0
A5 54 8F 2C 05 45 0E 35 04 82 0B 8E 13 10 27 00 00 00 51  TEL,11407,S5,3653,1077,2946,5006,10000,0
A5 54 90 2C 05 26 0E 34 04 82 0B 8E 13 10 27 00 00 00 CE  TEL,11408,S5,3622,1076,2946,5006,10000,0
A5 54 91 2C 05 E8 0D 32 04 82 0B 8E 13 10 27 00 00 00 AE  TEL,11409,S5,3560,1074,2946,5006,10000,0
A5 54 92 2C 05 07 0E 33 04 82 0B 8E 13 10 27 00 00 00 FD  TEL,11410,S5,3591,1075,2946,5006,10000,0
A5 54 93 2C 05 07 0E 33 04 82 0B 8E 13 10 27 00 00 00 FF  TEL,11411,S5,3591,1075,2946,5006,10000,0
A5 54 94 2C 05 45 0E 35 04 82 0B 8E 13 10 27 00 00 00 67  TEL,11412,S5,3653,1077,2946,5006,10000,0
A5 54 95 2C 05 07 0E 33 04 82 0B 8E 13 10 27 00 00 00 F3  TEL,11413,S5,3591,1075,2946,5006,10000,0
A5 54 96 2C 05 45 0E 35 04 82 0B 8E 13 10 27 00 00 00 63  TEL,11414,S5,3653,1077,2946,5006,10000,0
A5 54 97 2C 05 26 0E 34 04 82 0B 8E 13 10 27 00 00 00 C0  TEL,11415,S5,3622,1076,2946,5006,10000,0
A5 54 98 2C 05 45 0E 35 04 82 0B 8E 13 10 27 00 00 00 7F  TEL,11416,S5,3653,1077,2946,5006,10000,0
A5 54 99 2C 05 07 0E 33 04 82 0B 8E 13 10 27 00 00 00 EB  TEL,11417,S5,3591,1075,2946,5006,10000,0
A5 54 9A 2C 05 07 0E 33 04 82 0B 8E 13 10 27 00 00 00 ED  TEL,11418,S5,3591,1075,2946,5006,10000,0
A5 54 9B 2C 05 45 0E 35 04 82 0B 8E 13 10 27 00 00 00 79  TEL,11419,S5,3653,1077,2946,5006,10000,0
A5 54 9C 2C 05 26 0E 34 04 82 0B 8E 13 10 27 00 00 00 D6  TEL,11420,S5,3622,1076,2946,5006,10000,0
A5 54 9D 2C 05 C9 0D 31 04 82 0B 8E 13 10 27 00 00 00 FD  TEL,11421,S5,3529,1073,2946,5006,10000,0
A5 54 9E 2C 05 AA 0D 2F 04 82 0B 8E 13 10 27 00 00 00 08  TEL,11422,S5,3498,1071,2946,5006,10000,0
A5 54 9F 2C 05 26 0E 34 04 82 0B 8E 13 10 27 00 00 00 D0  TEL,11423,S5,3622,1076,2946,5006,10000,0
A5 54 A0 2C 05 26 0E 34 04 82 0B 8E 13 10 27 00 00 00 AE  TEL,11424,S5,3622,1076,2946,5006,10000,0
A5 54 A1 2C 05 07 0E 33 04 82 0B 8E 13 10 27 00 00 00 9B  TEL,11425,S5,3591,1075,2946,5006,10000,0
A5 54 A2 2C 05 83 0E 37 04 82 0B 8E 13 10 27 00 00 00 4E  TEL,11426,S5,3715,1079,2946,5006,10000,0
A5 54 A3 2C 05 45 0E 35 04 82 0B 8E 13 11 27 00 00 00 6B  TEL,11427,S5,3653,1077,2946,5006,10001,0
A5 54 A4 2C 05 07 0E 33 04 82 0B 8E 13 0F 27 00 00 00 93  TEL,11428,S5,3591,1075,2946,5006,9999,0
A5 54 A5 2C 05 A3 0E 38 04 82 0B 8E 13 10 27 00 00 00 1B  TEL,11429,S5,3747,1080,2946,5006,10000,0
A5 54 A6 2C 05 83 0E 37 04 82 0B 8E 13 10 27 00 00 00 46  TEL,11430,S5,3715,1079,2946,5006,10000,0
A5 54 A7 2C 05 26 0E 34 04 82 0B 8E 13 10 27 00 00 00 A0  TEL,11431,S5,3622,1076,2946,5006,10000,0
A5 54 A8 2C 05 26 0E 34 04 82 0B 8E 13 10 27 00 00 00 BE  TEL,11432,S5,3622,1076,2946,5006,10000,0
A5 54 A9 2C 05 07 0E 33 04 82 0B 8E 13 10 27 00 00 00 8B  TEL,11433,S5,3591,1075,2946,5006,10000,0
A5 54 AA 2C 05 83 0E 37 04 82 0B 8E 13 10 27 00 00 00 5E  TEL,11434,S5,3715,1079,2946,5006,10000,0
A5 54 AB 2C 05 45 0E 35 04 82 0B 8E 13 10 27 00 00 00 19  TEL,11435,S5,3653,1077,2946,5006,10000,0
A5 54 AC 2C 05 45 0E 35 04 82 0B 8E 13 10 27 00 00 00 17  TEL,11436,S5,3653,1077,2946,5006,10000,0
A5 54 AD 2C 05 07 0E 33 04 82 0B 8E 13 10 27 00 00 00 83  TEL,11437,S5,3591,1075,2946,5006,10000,0
A5 54 AE 2C 05 07 0E 33 04 82 0B 8E 13 10 27 00 00 00 85  TEL,11438,S5,3591,1075,2946,5006,10000,0
A5 54 AF 2C 05 E8 0D 32 04 82 0B 8E 13 10 27 00 00 00 D2  TEL,11439,S5,3560,1074,2946,5006,10000,0
A5 54 B0 2C 05 64 0E 36 04 82 0B 8E 13 10 27 00 00 00 64  TEL,11440,S5,3684,1078,2946,5006,10000,0
A5 54 B1 2C 05 07 0E 33 04 82 0B 8E 13 10 27 00 00 00 BB  TEL,11441,S5,3591,1075,2946,5006,10000,0
A5 54 B2 2C 05 C9 0D 31 04 82 0B 8E 13 10 27 00 00 00 A3  TEL,11442,S5,3529,1073,2946,5006,10000,0
A5 54 B3 2C 05 26 0E 34 04 82 0B 8E 13 10 27 00 00 00 88  TEL,11443,S5,3622,1076,2946,5006,10000,0
A5 54 B4 2C 05 26 0E 34 04 82 0B 8E 13 10 27 00 00 00 86  TEL,11444,S5,3622,1076,2946,5006,10000,0
A5 54 B5 2C 05 26 0E 34 04 82 0B 8E 13 10 27 00 00 00 84  TEL,11445,S5,3622,1076,2946,5006,10000,0
A5 54 B6 2C 05 C2 0E 39 04 82 0B 8E 13 10 27 00 00 00 B3  TEL,11446,S5,3778,1081,2946,5006,10000,0
A5 54 B7 2C 05 8A 0D 2E 04 82 0B 8E 13 10 27 00 00 00 BB  TEL,11447,S5,3466,1070,2946,5006,10000,0
A5 54 B8 2C 05 45 0E 35 04 82 0B 8E 13 10 27 00 00 00 3F  TEL,11448,S5,3653,1077,2946,5006,10000,0
A5 54 B9 2C 05 07 0E 33 04 82 0B 8E 13 10 27 00 00 00 AB  TEL,11449,S5,3591,1075,2946,5006,10000,0
A5 54 BA 2C 05 45 0E 35 04 82 0B 8E 13 10 27 00 00 00 3B  TEL,11450,S5,3653,1077,2946,5006,10000,0
A5 54 BB 2C 05 64 0E 36 04 82 0B 8E 13 10 27 00 00 00 72  TEL,11451,S5,3684,1078,2946,5006,10000,0
A5 54 BC 2C 05 A3 0E 38 04 82 0B 8F 13 10 27 00 00 00 F6  TEL,11452,S5,3747,1080,2946,5007,10000,0
A5 54 BD 2C 05 A3 0E 38 04 82 0B 8E 13 10 27 00 00 00 2B  TEL,11453,S5,3747,1080,2946,5006,10000,0
A5 54 BE 2C 05 07 0E 33 04 82 0B 8E 13 10 27 00 00 00 A5  TEL,11454,S5,3591,1075,2946,5006,10000,0
A5 54 BF 2C 05 26 0E 34 04 82 0B 8E 13 10 27 00 00 00 90  TEL,11455,S5,3622,1076,2946,5006,10000,0
A5 54 C0 2C 05 45 0E 35 04 82 0B 8E 13 10 27 00 00 00 CF  TEL,11456,S5,3653,1077,2946,5006,10000,0
A5 54 C1 2C 05 26 0E 34 04 82 0B 8E 13 10 27 00 00 00 6C  TEL,11457,S5,3622,1076,2946,5006,10000,0
A5 54 C2 2C 05 07 0E 33 04 82 0B 8E 13 10 27 00 00 00 5D  TEL,11458,S5,3591,1075,2946,5006,10000,0
A5 54 C3 2C 05 26 0E 34 04 82 0B 8E 13 10 27 00 00 00 68  TEL,11459,S5,3622,1076,2946,5006,10000,0
A5 54 C4 2C 05 AA 0D 2F 04 82 0B 8E 13 10 27 00 00 00 BC  TEL,11460,S5,3498,1071,2946,5006,10000,0
A5 54 C5 2C 05 07 0E 33 04 82 0B 8E 13 10 27 00 00 00 53  TEL,11461,S5,3591,1075,2946,5006,10000,0
A5 54 C6 2C 05 07 0E 33 04 82 0B 8E 13 10 27 00 00 00 55  TEL,11462,S5,3591,1075,2946,5006,10000,0
A5 54 C7 2C 05 26 0E 34 04 82 0B 8E 13 10 27 00 00 00 60  TEL,11463,S5,3622,1076,2946,5006,10000,0
A5 54 C8 2C 05 45 0E 35 04 82 0B 8E 13 10 27 00 00 00 DF  TEL,11464,S5,3653,1077,2946,5006,10000,0
A5 54 C9 2C 05 26 0E 34 04 82 0B 8E 13 10 27 00 00 00 7C  TEL,11465,S5,3622,1076,2946,5006,10000,0
A5 54 CA 2C 05 07 0E 33 04 82 0B 8E 13 10 27 00 00 00 4D  TEL,11466,S5,3591,1075,2946,5006,10000,0
A5 54 CB 2C 05 45 0E 35 04 82 0B 8E 13 10 27 00 00 00 D9  TEL,11467,S5,3653,1077,2946,5006,10000,0
A5 54 CC 2C 05 64 0E 36 04 82 0B 8E 13 10 27 00 00 00 9C  TEL,11468,S5,3684,1078,2946,5006,10000,0
A5 54 CD 2C 05 07 0E 33 04 82 0B 8E 13 10 27 00 00 00 43  TEL,11469,S5,3591,1075,2946,5006,10000,0
A5 54 CE 2C 05 07 0E 33 04 82 0B 8E 13 10 27 00 00 00 45  TEL,11470,S5,3591,1075,2946,5006,10000,0
A5 54 CF 2C 05 64 0E 36 04 82 0B 8E 13 10 27 00 00 00 9A  TEL,11471,S5,3684,1078,2946,5006,10000,0
A5 54 D0 2C 05 45 0E 35 04 82 0B 8E 13 10 27 00 00 00 EF  TEL,11472,S5,3653,1077,2946,5006,10000,0
A5 54 D1 2C 05 45 0E 35 04 82 0B 8E 13 10 27 00 00 00 ED  TEL,11473,S5,3653,1077,2946,5006,10000,0
A5 54 D2 2C 05 07 0E 33 04 82 0B 8E 13 10 27 00 00 00 7D  TEL,11474,S5,3591,1075,2946,5006,10000,0
A5 54 D3 2C 05 26 0E 34 04 82 0B 8E 13 10 27 00 00 00 48  TEL,11475,S5,3622,1076,2946,5006,10000,0
A5 54 D4 2C 05 26 0E 34 04 82 0B 8E 13 10 27 00 00 00 46  TEL,11476,S5,3622,1076,2946,5006,10000,0
A5 54 D5 2C 05 07 0E 33 04 82 0B 8E 13 10 27 00 00 00 73  TEL,11477,S5,3591,1075,2946,5006,10000,0
A5 54 D6 2C 05 26 0E 34 04 82 0B 8E 13 10 27 00 00 00 42  TEL,11478,S5,3622,1076,2946,5006,10000,0
A5 54 D7 2C 05 E8 0D 32 04 82 0B 8E 13 10 27 00 00 00 22  TEL,11479,S5,3560,1074,2946,5006,10000,0
A5 54 D8 2C 05 45 0E 35 04 82 0B 8E 13 10 27 00 00 00 FF  TEL,11480,S5,3653,1077,2946,5006,10000,0
A5 54 D9 2C 05 07 0E 33 04 82 0B 8E 13 10 27 00 00 00 6B  TEL,11481,S5,3591,1075,2946,5006,10000,0
A5 54 DA 2C 05 C9 0D 30 04 82 0B 8E 13 10 27 00 00 00 6C  TEL,11482,S5,3529,1072,2946,5006,10000,0
A5 54 DB 2C 05 26 0E 34 04 82 0B 8E 13 10 27 00 00 00 58  TEL,11483,S5,3622,1076,2946,5006,10000,0
A5 54 DC 2C 05 26 0E 34 04 82 0B 8E 13 10 27 00 00 00 56  TEL,11484,S5,3622,1076,2946,5006,10000,0
A5 54 DD 2C 05 C9 0D 31 04 82 0B 8E 13 10 27 00 00 00 7D  TEL,11485,S5,3529,1073,2946,5006,10000,0
A5 54 DE 2C 05 AA 0D 2F 04 82 0B 8E 13 10 27 00 00 00 88  TEL,11486,S5,3498,1071,2946,5006,10000,0
A5 54 DF 2C 05 64 0E 36 04 82 0B 8E 13 10 27 00 00 00 BA  TEL,11487,S5,3684,1078,2946,5006,10000,0
A5 54 E0 2C 05 26 0E 34 04 82 0B 8E 13 10 27 00 00 00 2E  TEL,11488,S5,3622,1076,2946,5006,10000,0
A5 54 E1 2C 05 26 0E 34 04 82 0B 8E 13 10 27 00 00 00 2C  TEL,11489,S5,3622,1076,2946,5006,10000,0
A5 54 E2 2C 05 83 0E 37 04 82 0B 8E 13 10 27 00 00 00 CE  TEL,11490,S5,3715,1079,2946,5006,10000,0
A5 54 E3 2C 05 A3 0E 38 04 82 0B 8E 13 10 27 00 00 00 97  TEL,11491,S5,3747,1080,2946,5006,10000,0
A5 54 E4 2C 05 A3 0E 38 04 82 0B 8E 13 10 27 00 00 00 99  TEL,11492,S5,3747,1080,2946,5006,10000,0
A5 54 E5 2C 05 07 0E 33 04 82 0B 8E 13 10 27 00 00 00 13  TEL,11493,S5,3591,1075,2946,5006,10000,0
A5 54 E6 2C 05 07 0E 33 04 82 0B 8E 13 10 27 00 00 00 15  TEL,11494,S5,3591,1075,2946,5006,10000,0
A5 54 E7 2C 05 26 0E 34 04 82 0B 8E 13 10 27 00 00 00 20  TEL,11495,S5,3622,1076,2946,5006,10000,0
A5 54 E8 2C 05 26 0E 34 04 82 0B 8E 13 10 27 00 00 00 3E  TEL,11496,S5,3622,1076,2946,5006,10000,0
A5 54 E9 2C 05 45 0E 35 04 82 0B 8E 13 10 27 00 00 00 9D  TEL,11497,S5,3653,1077,2946,5006,10000,0
A5 54 EA 2C 05 6B 0D 2D 04 82 0B 8E 13 10 27 00 00 00 40  TEL,11498,S5,3435,1069,2946,5006,10000,0
A5 54 EB 2C 05 C2 0E 3A 04 82 0B 8E 13 10 27 00 00 00 28  TEL,11499,S5,3778,1082,2946,5006,10000,0
A5 54 EC 2C 05 45 0E 35 04 82 0B 8E 13 10 27 00 00 00 97  TEL,11500,S5,3653,1077,2946,5006,10000,0
A5 54 ED 2C 05 07 0E 33 04 82 0B 8E 13 10 27 00 00 00 03  TEL,11501,S5,3591,1075,2946,5006,10000,0
A5 54 EE 2C 05 8A 0D 2E 04 82 0B 8E 13 10 27 00 00 00 09  TEL,11502,S5,3466,1070,2946,5006,10000,0
A5 54 EF 2C 05 26 0E 34 04 82 0B 8E 13 11 27 00 00 00 52  TEL,11503,S5,3622,1076,2946,5006,10001,0
A5 54 F0 2C 05 26 0E 34 04 82 0B 8E 13 0F 27 00 00 00 0C  TEL,11504,S5,3622,1076,2946,5006,9999,0
A5 54 F1 2C 05 45 0E 35 04 82 0B 8E 13 10 27 00 00 00 AD  TEL,11505,S5,3653,1077,2946,5006,10000,0
A5 54 F2 2C 05 07 0E 33 04 82 0B 8E 13 10 27 00 00 00 3D  TEL,11506,S5,3591,1075,2946,5006,10000,0
A5 54 F3 2C 05 A3 0E 38 04 82 0B 8E 13 10 27 00 00 00 B7  TEL,11507,S5,3747,1080,2946,5006,10000,0
A5 54 F4 2C 05 45 0E 35 04 82 0B 8E 13 10 27 00 00 00 A7  TEL,11508,S5,3653,1077,2946,5006,10000,0
A5 54 F5 2C 05 07 0E 33 04 82 0B 8E 13 10 27 00 00 00 33  TEL,11509,S5,3591,1075,2946,5006,10000,0
A5 54 F6 2C 05 45 0E 35 04 82 0B 8E 13 10 27 00 00 00 A3  TEL,11510,S5,3653,1077,2946,5006,10000,0
A5 54 F7 2C 05 64 0E 36 04 82 0B 8E 13 10 27 00 00 00 EA  TEL,11511,S5,3684,1078,2946,5006,10000,0
A5 54 F8 2C 05 A3 0E 38 04 82 0B 8E 13 10 27 00 00 00 A1  TEL,11512,S5,3747,1080,2946,5006,10000,0
A5 54 F9 2C 05 07 0E 33 04 82 0B 8E 13 10 27 00 00 00 2B  TEL,11513,S5,3591,1075,2946,5006,10000,0
A5 54 FA 2C 05 64 0E 36 04 82 0B 8E 13 10 27 00 00 00 F0  TEL,11514,S5,3684,1078,2946,5006,10000,0
A5 54 FB 2C 05 26 0E 34 04 82 0B 8E 13 10 27 00 00 00 18  TEL,11515,S5,3622,1076,2946,5006,10000,0
A5 54 FC 2C 05 45 0E 35 04 82 0B 8E 13 10 27 00 00 00 B7  TEL,11516,S5,3653,1077,2946,5006,10000,0
A5 54 FD 2C 05 26 0E 34 04 82 0B 8E 13 10 27 00 00 00 14  TEL,11517,S5,3622,1076,2946,5006,10000,0
A5 54 FE 2C 05 45 0E 35 04 82 0B 8E 13 10 27 00 00 00 B3  TEL,11518,S5,3653,1077,2946,5006,10000,0
A5 54 FF 2C 05 45 0E 35 04 82 0B 8E 13 10 27 00 00 00 B1  TEL,11519,S5,3653,1077,2946,5006,10000,0
A5 54 00 2D 05 45 0E 35 04 82 0B 8E 13 10 27 00 00 00 FD  TEL,11520,S5,3653,1077,2946,5006,10000,0
A5 54 01 2D 05 26 0E 34 04 82 0B 8E 13 10 27 00 00 00 5E  TEL,11521,S5,3622,1076,2946,5006,10000,0
A5 54 02 2D 05 AA 0D 2F 04 82 0B 8E 13 10 27 00 00 00 82  TEL,11522,S5,3498,1071,2946,5006,10000,0
A5 54 03 2D 05 64 0E 36 04 82 0B 8E 13 10 27 00 00 00 B0  TEL,11523,S5,3684,1078,2946,5006,10000,0
A5 54 04 2D 05 26 0E 34 04 82 0B 8E 13 10 27 00 00 00 54  TEL,11524,S5,3622,1076,2946,5006,10000,0
A5 54 05 2D 05 26 0E 34 04 82 0B 8E 13 10 27 00 00 00 56  TEL,11525,S5,3622,1076,2946,5006,10000,0
A5 54 06 2D 05 45 0E 35 04 82 0B 8E 13 10 27 00 00 00 F1  TEL,11526,S5,3653,1077,2946,5006,10000,0
A5 54 07 2D 05 26 0E 34 04 82 0B 8E 13 10 27 00 00 00 52  TEL,11527,S5,3622,1076,2946,5006,10000,0
A5 54 08 2D 05 26 0E 34 04 82 0B 8E 13 10 27 00 00 00 4C  TEL,11528,S5,3622,1076,2946,5006,10000,0
A5 54 09 2D 05 26 0E 34 04 82 0B 8E 13 10 27 00 00 00 4E  TEL,11529,S5,3622,1076,2946,5006,10000,0
A5 54 0A 2D 05 26 0E 34 04 82 0B 8E 13 10 27 00 00 00 48  TEL,11530,S5,3622,1076,2946,5006,10000,0
A5 54 0B 2D 05 C9 0D 31 04 82 0B 8E 13 10 27 00 00 00 63  TEL,11531,S5,3529,1073,2946,5006,10000,0
A5 54 0C 2D 05 26 0E 34 04 82 0B 8E 13 10 27 00 00 00 44  TEL,11532,S5,3622,1076,2946,5006,10000,0
A5 54 0D 2D 05 26 0E 34 04 82 0B 8E 13 10 27 00 00 00 46  TEL,11533,S5,3622,1076,2946,5006,10000,0
A5 54 0E 2D 05 83 0E 37 04 82 0B 8E 13 10 27 00 00 00 A4  TEL,11534,S5,3715,1079,2946,5006,10000,0
A5 54 0F 2D 05 C9 0D 30 04 82 0B 8E 13 10 27 00 00 00 74  TEL,11535,S5,3529,1072,2946,5006,10000,0
A5 54 10 2D 05 45 0E 35 04 82 0B 8E 13 10 27 00 00 00 DD  TEL,11536,S5,3653,1077,2946,5006,10000,0
A5 54 11 2D 05 07 0E 33 04 82 0B 8E 13 10 27 00 00 00 49  TEL,11537,S5,3591,1075,2946,5006,10000,0
A5 42 43 00 05 12 2D D8 D6 1E 0C EF D6 1E 0C F2 D6 1E 0C 6A  BTN,67,S5,PRESSED,11538,203347672,203347695,203347698
A5 54 13 2D 05 07 0E 33 04 82 0B 8E 13 10 27 00 00 00 4D  TEL,11539,S5,3591,1075,2946,5006,10000,0
A5 54 14 2D 05 26 0E 34 04 82 0B 8E 13 10 27 00 00 00 74  TEL,11540,S5,3622,1076,2946,5006,10000,0
A5 54 15 2D 05 26 0E 34 04 82 0B 8E 13 10 27 00 00 00 76  TEL,11541,S5,3622,1076,2946,5006,10000,0
A5 54 16 2D 05 A3 0E 38 04 82 0B 8E 13 10 27 00 00 00 CF  TEL,11542,S5,3747,1080,2946,5006,10000,0
A5 54 17 2D 05 26 0E 34 04 82 0B 8E 13 10 27 00 00 00 72  TEL,11543,S5,3622,1076,2946,5006,10000,0
A5 54 18 2D 05 26 0E 34 04 82 0B 8E 13 10 27 00 00 00 6C  TEL,11544,S5,3622,1076,2946,5006,10000,0
A5 54 19 2D 05 45 0E 35 04 82 0B 8E 13 10 27 00 00 00 CF  TEL,11545,S5,3653,1077,2946,5006,10000,0
A5 54 1A 2D 05 45 0E 35 04 82 0B 8E 13 10 27 00 00 00 C9  TEL,11546,S5,3653,1077,2946,5006,10000,0
A5 54 1B 2D 05 26 0E 34 04 82 0B 8E 13 10 27 00 00 00 6A  TEL,11547,S5,3622,1076,2946,5006,10000,0
A5 54 1C 2D 05 26 0E 34 04 82 0B 8E 13 10 27 00 00 00 64  TEL,11548,S5,3622,1076,2946,5006,10000,0
A5 54 1D 2D 05 07 0E 33 04 82 0B 8E 13 10 27 00 00 00 51  TEL,11549,S5,3591,1075,2946,5006,10000,0
A5 54 1E 2D 05 45 0E 35 04 82 0B 8E 13 10 27 00 00 00 C1  TEL,11550,S5,3653,1077,2946,5006,10000,0
A5 54 1F 2D 05 64 0E 36 04 82 0B 8E 13 10 27 00 00 00 88  TEL,11551,S5,3684,1078,2946,5006,10000,0
A5 54 20 2D 05 A3 0E 38 04 82 0B 8E 13 10 27 00 00 00 A3  TEL,11552,S5,3747,1080,2946,5006,10000,0
A5 54 21 2D 05 45 0E 35 04 82 0B 8E 13 10 27 00 00 00 BF  TEL,11553,S5,3653,1077,2946,5006,10000,0
A5 54 22 2D 05 E8 0D 32 04 82 0B 93 13 10 27 00 00 00 E9  TEL,11554,S5,3560,1074,2946,5011,10000,0
A5 54 23 2D 05 45 0E 35 04 82 0B 8E 13 10 27 00 00 00 BB  TEL,11555,S5,3653,1077,2946,5006,10000,0
A5 54 24 2D 05 64 0E 36 04 82 0B 8E 13 10 27 00 00 00 FE  TEL,11556,S5,3684,1078,2946,5006,10000,0
A5 54 25 2D 05 07 0E 33 04 82 0B 8E 13 10 27 00 00 00 21  TEL,11557,S5,3591,1075,2946,5006,10000,0
A5 54 26 2D 05 07 0E 33 04 82 0B 8E 13 10 27 00 00 00 27  TEL,11558,S5,3591,1075,2946,5006,10000,0
A5 54 27 2D 05 26 0E 34 04 82 0B 8E 13 10 27 00 00 00 12  TEL,11559,S5,3622,1076,2946,5006,10000,0
A5 54 28 2D 05 26 0E 34 04 82 0B 8E 13 10 27 00 00 00 0C  TEL,11560,S5,3622,1076,2946,5006,10000,0
A5 54 29 2D 05 07 0E 33 04 82 0B 8E 13 10 27 00 00 00 39  TEL,11561,S5,3591,1075,2946,5006,10000,0
A5 54 2A 2D 05 83 0E 37 04 82 0B 8E 13 10 27 00 00 00 EC  TEL,11562,S5,3715,1079,2946,5006,10000,0
A5 54 2B 2D 05 45 0E 35 04 82 0B 8E 13 10 27 00 00 00 AB  TEL,11563,S5,3653,1077,2946,5006,10000,0
A5 54 2C 2D 05 26 0E 34 04 82 0B 8E 13 10 27 00 00 00 04  TEL,11564,S5,3622,1076,2946,5006,10000,0
A5 54 2D 2D 05 45 0E 35 04 82 0B 8E 13 10 27 00 00 00 A7  TEL,11565,S5,3653,1077,2946,5006,10000,0
A5 54 2E 2D 05 C2 0E 3A 04 82 0B 8E 13 10 27 00 00 00 10  TEL,11566,S5,3778,1082,2946,5006,10000,0
A5 54 2F 2D 05 26 0E 34 04 82 0B 8E 13 10 27 00 00 00 02  TEL,11567,S5,3622,1076,2946,5006,10000,0
A5 54 30 2D 05 45 0E 35 04 82 0B 8E 13 10 27 00 00 00 9D  TEL,11568,S5,3653,1077,2946,5006,10000,0
A5 54 31 2D 05 64 0E 36 04 82 0B 8E 13 10 27 00 00 00 D4  TEL,11569,S5,3684,1078,2946,5006,10000,0
A5 54 32 2D 05 07 0E 33 04 82 0B 8E 13 10 27 00 00 00 0F  TEL,11570,S5,3591,1075,2946,5006,10000,0
A5 54 33 2D 05 45 0E 35 04 82 0B 8E 13 10 27 00 00 00 9B  TEL,11571,S5,3653,1077,2946,5006,10000,0
A5 54 34 2D 05 64 0E 36 04 82 0B 8E 13 10 27 00 00 00 DE  TEL,11572,S5,3684,1078,2946,5006,10000,0
A5 54 35 2D 05 26 0E 34 04 82 0B 8E 13 10 27 00 00 00 36  TEL,11573,S5,3622,1076,2946,5006,10000,0
A5 54 36 2D 05 83 0E 37 04 82 0B 8E 13 10 27 00 00 00 D4  TEL,11574,S5,3715,1079,2946,5006,10000,0
A5 54 37 2D 05 26 0E 34 04 82 0B 8E 13 10 27 00 00 00 32  TEL,11575,S5,3622,1076,2946,5006,10000,0
A5 54 38 2D 05 45 0E 35 04 82 0B 8E 13 10 27 00 00 00 8D  TEL,11576,S5,3653,1077,2946,5006,10000,0
A5 54 39 2D 05 83 0E 37 04 82 0B 8E 13 10 27 00 00 00 CA  TEL,11577,S5,3715,1079,2946,5006,10000,0
A5 54 3A 2D 05 07 0E 33 04 82 0B 8E 13 10 27 00 00 00 1F  TEL,11578,S5,3591,1075,2946,5006,10000,0
A5 54 3B 2D 05 26 0E 34 04 82 0B 8E 13 10 27 00 00 00 2A  TEL,11579,S5,3622,1076,2946,5006,10000,0
A5 54 3C 2D 05 07 0E 33 04 82 0B 8F 13 10 27 00 00 00 CC  TEL,11580,S5,3591,1075,2946,5007,10000,0
A5 54 3D 2D 05 E8 0D 32 04 82 0B 8E 13 10 27 00 00 00 44  TEL,11581,S5,3560,1074,2946,5006,10000,0
A5 54 3E 2D 05 07 0E 33 04 82 0B 8E 13 10 27 00 00 00 17  TEL,11582,S5,3591,1075,2946,5006,10000,0
A5 54 3F 2D 05 26 0E 34 04 82 0B 8E 13 10 27 00 00 00 22  TEL,11583,S5,3622,1076,2946,5006,10000,0
A5 54 40 2D 05 64 0E 36 04 82 0B 8E 13 10 27 00 00 00 36  TEL,11584,S5,3684,1078,2946,5006,10000,0
A5 54 41 2D 05 26 0E 34 04 82 0B 8E 13 10 27 00 00 00 DE  TEL,11585,S5,3622,1076,2946,5006,10000,0
A5 54 42 2D 05 07 0E 33 04 82 0B 8E 13 10 27 00 00 00 EF  TEL,11586,S5,3591,1075,2946,5006,10000,0
A5 54 43 2D 05 A3 0E 38 04 82 0B 8E 13 10 27 00 00 00 65  TEL,11587,S5,3747,1080,2946,5006,10000,0
A5 54 44 2D 05 C9 0D 31 04 82 0B 8E 13 10 27 00 00 00 FD  TEL,11588,S5,3529,1073,2946,5006,10000,0
A5 54 45 2D 05 07 0E 33 04 82 0B 8E 13 10 27 00 00 00 E1  TEL,11589,S5,3591,1075,2946,5006,10000,0
A5 54 46 2D 05 45 0E 35 04 82 0B 8E 13 10 27 00 00 00 71  TEL,11590,S5,3653,1077,2946,5006,10000,0
A5 54 47 2D 05 26 0E 34 04 82 0B 8E 13 10 27 00 00 00 D2  TEL,11591,S5,3622,1076,2946,5006,10000,0
A5 54 48 2D 05 26 0E 34 04 82 0B 8E 13 10 27 00 00 00 CC  TEL,11592,S5,3622,1076,2946,5006,10000,0
A5 54 49 2D 05 07 0E 33 04 82 0B 8E 13 10 27 00 00 00 F9  TEL,11593,S5,3591,1075,2946,5006,10000,0
A5 54 4A 2D 05 07 0E 33 04 82 0B 8E 13 10 27 00 00 00 FF  TEL,11594,S5,3591,1075,2946,5006,10000,0
A5 54 4B 2D 05 C9 0D 30 04 82 0B 8E 13 10 27 00 00 00 FC  TEL,11595,S5,3529,1072,2946,5006,10000,0
A5 54 4C 2D 05 45 0E 35 04 82 0B 8E 13 10 27 00 00 00 65  TEL,11596,S5,3653,1077,2946,5006,10000,0
A5 54 4D 2D 05 45 0E 35 04 82 0B 8E 13 10 27 00 00 00 67  TEL,11597,S5,3653,1077,2946,5006,10000,0
A5 54 4E 2D 05 83 0E 37 04 82 0B 8E 13 10 27 00 00 00 24  TEL,11598,S5,3715,1079,2946,5006,10000,0
A5 54 4F 2D 05 26 0E 34 04 82 0B 8E 13 10 27 00 00 00 C2  TEL,11599,S5,3622,1076,2946,5006,10000,0
A5 54 50 2D 05 45 0E 35 04 82 0B 8E 13 10 27 00 00 00 5D  TEL,11600,S5,3653,1077,2946,5006,10000,0
A5 54 51 2D 05 45 0E 35 04 82 0B 8E 13 10 27 00 00 00 5F  TEL,11601,S5,3653,1077,2946,5006,10000,0
A5 54 52 2D 05 07 0E 33 04 82 0B 8E 13 10 27 00 00 00 CF  TEL,11602,S5,3591,1075,2946,5006,10000,0
A5 54 53 2D 05 45 0E 35 04 82 0B 8E 13 10 27 00 00 00 5B  TEL,11603,S5,3653,1077,2946,5006,10000,0
A5 54 54 2D 05 45 0E 35 04 82 0B 8E 13 10 27 00 00 00 55  TEL,11604,S5,3653,1077,2946,5006,10000,0
A5 54 55 2D 05 45 0E 35 04 82 0B 8E 13 10 27 00 00 00 57  TEL,11605,S5,3653,1077,2946,5006,10000,0
A5 54 56 2D 05 83 0E 37 04 82 0B 8E 13 10 27 00 00 00 14  TEL,11606,S5,3715,1079,2946,5006,10000,0
A5 54 57 2D 05 26 0E 34 04 82 0B 8E 13 10 27 00 00 00 F2  TEL,11607,S5,3622,1076,2946,5006,10000,0
A5 54 58 2D 05 A3 0E 38 04 82 0B 8E 13 10 27 00 00 00 53  TEL,11608,S5,3747,1080,2946,5006,10000,0
A5 54 59 2D 05 64 0E 36 04 82 0B 8E 13 10 27 00 00 00 04  TEL,11609,S5,3684,1078,2946,5006,10000,0
A5 54 5A 2D 05 07 0E 33 04 82 0B 8E 13 10 27 00 00 00 DF  TEL,11610,S5,3591,1075,2946,5006,10000,0
A5 54 5B 2D 05 E8 0D 32 04 82 0B 8E 13 10 27 00 00 00 88  TEL,11611,S5,3560,1074,2946,5006,10000,0
A5 54 5C 2D 05 45 0E 35 04 82 0B 8E 13 10 27 00 00 00 45  TEL,11612,S5,3653,1077,2946,5006,10000,0
A5 54 5D 2D 05 64 0E 36 04 82 0B 8E 13 10 27 00 00 00 0C  TEL,11613,S5,3684,1078,2946,5006,10000,0
A5 54 5E 2D 05 07 0E 33 04 82 0B 8E 13 10 27 00 00 00 D7  TEL,11614,S5,3591,1075,2946,5006,10000,0
A5 54 5F 2D 05 AA 0D 2F 04 82 0B 8E 13 10 27 00 00 00 38  TEL,11615,S5,3498,1071,2946,5006,10000,0
A5 54 60 2D 05 26 0E 34 04 82 0B 8E 13 10 27 00 00 00 9C  TEL,11616,S5,3622,1076,2946,5006,10000,0
A5 54 61 2D 05 45 0E 35 04 82 0B 8E 13 10 27 00 00 00 3F  TEL,11617,S5,3653,1077,2946,5006,10000,0
A5 54 62 2D 05 07 0E 33 04 82 0B 8E 13 10 27 00 00 00 AF  TEL,11618,S5,3591,1075,2946,5006,10000,0
A5 54 63 2D 05 45 0E 35 04 82 0B 8E 13 10 27 00 00 00 3B  TEL,11619,S5,3653,1077,2946,5006,10000,0
A5 54 64 2D 05 26 0E 34 04 82 0B 8E 13 10 27 00 00 00 94  TEL,11620,S5,3622,1076,2946,5006,10000,0
A5 54 65 2D 05 07 0E 33 04 82 0B 8E 13 10 27 00 00 00 A1  TEL,11621,S5,3591,1075,2946,5006,10000,0
A5 54 66 2D 05 07 0E 33 04 82 0B 8E 13 10 27 00 00 00 A7  TEL,11622,S5,3591,1075,2946,5006,10000,0
A5 54 67 2D 05 45 0E 35 04 82 0B 8E 13 10 27 00 00 00 33  TEL,11623,S5,3653,1077,2946,5006,10000,0
A5 54 68 2D 05 45 0E 35 04 82 0B 8E 13 10 27 00 00 00 2D  TEL,11624,S5,3653,1077,2946,5006,10000,0
A5 54 69 2D 05 64 0E 36 04 82 0B 8E 13 10 27 00 00 00 64  TEL,11625,S5,3684,1078,2946,5006,10000,0
A5 54 6A 2D 05 07 0E 33 04 82 0B 8E 13 10 27 00 00 00 BF  TEL,11626,S5,3591,1075,2946,5006,10000,0
A5 54 6B 2D 05 07 0E 33 04 82 0B 8E 13 10 27 00 00 00 BD  TEL,11627,S5,3591,1075,2946,5006,10000,0
A5 54 6C 2D 05 83 0E 37 04 82 0B 8E 13 10 27 00 00 00 60  TEL,11628,S5,3715,1079,2946,5006,10000,0
A5 54 6D 2D 05 45 0E 35 04 82 0B 8E 13 10 27 00 00 00 27  TEL,11629,S5,3653,1077,2946,5006,10000,0
A5 54 6E 2D 05 45 0E 35 04 82 0B 8E 13 10 27 00 00 00 21  TEL,11630,S5,3653,1077,2946,5006,10000,0
A5 54 6F 2D 05 26 0E 34 04 82 0B 8E 13 10 27 00 00 00 82  TEL,11631,S5,3622,1076,2946,5006,10000,0
A5 54 70 2D 05 A3 0E 38 04 82 0B 8E 13 10 27 00 00 00 03  TEL,11632,S5,3747,1080,2946,5006,10000,0
A5 54 71 2D 05 45 0E 35 04 82 0B 8E 13 10 27 00 00 00 1F  TEL,11633,S5,3653,1077,2946,5006,10000,0
A5 54 72 2D 05 07 0E 33 04 82 0B 8E 13 10 27 00 00 00 8F  TEL,11634,S5,3591,1075,2946,5006,10000,0
A5 54 73 2D 05 26 0E 34 04 82 0B 8E 13 10 27 00 00 00 BA  TEL,11635,S5,3622,1076,2946,5006,10000,0
A5 54 74 2D 05 26 0E 34 04 82 0B 8E 13 10 27 00 00 00 B4  TEL,11636,S5,3622,1076,2946,5006,10000,0
A5 54 75 2D 05 07 0E 33 04 82 0B 8E 13 10 27 00 00 00 81  TEL,11637,S5,3591,1075,2946,5006,10000,0
A5 54 76 2D 05 07 0E 33 04 82 0B 8E 13 10 27 00 00 00 87  TEL,11638,S5,3591,1075,2946,5006,10000,0
A5 54 77 2D 05 AA 0D 2F 04 82 0B 8E 13 10 27 00 00 00 68  TEL,11639,S5,3498,1071,2946,5006,10000,0
A5 54 78 2D 05 26 0E 34 04 82 0B 8E 13 10 27 00 00 00 AC  TEL,11640,S5,3622,1076,2946,5006,10000,0
A5 54 79 2D 05 07 0E 33 04 82 0B 8E 13 10 27 00 00 00 99  TEL,11641,S5,3591,1075,2946,5006,10000,0
A5 54 7A 2D 05 07 0E 33 04 82 0B 8E 13 10 27 00 00 00 9F  TEL,11642,S5,3591,1075,2946,5006,10000,0
A5 54 7B 2D 05 83 0E 37 04 82 0B 8E 13 10 27 00 00 00 4E  TEL,11643,S5,3715,1079,2946,5006,10000,0
A5 54 7C 2D 05 45 0E 35 04 82 0B 8E 13 10 27 00 00 00 05  TEL,11644,S5,3653,1077,2946,5006,10000,0
A5 54 7D 2D 05 83 0E 37 04 82 0B 8E 13 10 27 00 00 00 42  TEL,11645,S5,3715,1079,2946,5006,10000,0
A5 54 7E 2D 05 45 0E 35 04 82 0B 8E 13 10 27 00 00 00 01  TEL,11646,S5,3653,1077,2946,5006,10000,0
A5 54 7F 2D 05 A3 0E 38 04 82 0B 8E 13 10 27 00 00 00 1D  TEL,11647,S5,3747,1080,2946,5006,10000,0
A5 54 80 2D 05 26 0E 34 04 82 0B 8E 13 10 27 00 00 00 5B  TEL,11648,S5,3622,1076,2946,5006,10000,0
A5 54 81 2D 05 45 0E 35 04 82 0B 8E 13 10 27 00 00 00 F8  TEL,11649,S5,3653,1077,2946,5006,10000,0
A5 54 82 2D 05 E8 0D 32 04 82 0B 8E 13 10 27 00 00 00 3D  TEL,11650,S5,3560,1074,2946,5006,10000,0
A5 54 83 2D 05 A3 0E 38 04 82 0B 8E 13 10 27 00 00 00 E2  TEL,11651,S5,3747,1080,2946,5006,10000,0
A5 54 84 2D 05 45 0E 35 04 82 0B 8E 13 10 27 00 00 00 F2  TEL,11652,S5,3653,1077,2946,5006,10000,0
A5 54 85 2D 05 07 0E 33 04 82 0B 8E 13 10 27 00 00 00 66  TEL,11653,S5,3591,1075,2946,5006,10000,0
A5 54 86 2D 05 07 0E 33 04 82 0B 8E 13 10 27 00 00 00 60  TEL,11654,S5,3591,1075,2946,5006,10000,0
A5 54 87 2D 05 E8 0D 32 04 82 0B 8E 13 10 27 00 00 00 37  TEL,11655,S5,3560,1074,2946,5006,10000,0
A5 54 88 2D 05 45 0E 35 04 82 0B 8F 13 10 27 00 00 00 35  TEL,11656,S5,3653,1077,2946,5007,10000,0
A5 54 89 2D 05 26 0E 34 04 82 0B 8E 13 10 27 00 00 00 49  TEL,11657,S5,3622,1076,2946,5006,10000,0
A5 54 8A 2D 05 07 0E 33 04 82 0B 8E 13 10 27 00 00 00 78  TEL,11658,S5,3591,1075,2946,5006,10000,0
A5 54 8B 2D 05 64 0E 36 04 82 0B 8E 13 10 27 00 00 00 A7  TEL,11659,S5,3684,1078,2946,5006,10000,0
A5 54 8C 2D 05 45 0E 35 04 82 0B 8E 13 10 27 00 00 00 E2  TEL,11660,S5,3653,1077,2946,5006,10000,0
A5 54 8D 2D 05 C9 0D 31 04 82 0B 8E 13 10 27 00 00 00 68  TEL,11661,S5,3529,1073,2946,5006,10000,0
A5 54 8E 2D 05 07 0E 33 04 82 0B 8E 13 10 27 00 00 00 70  TEL,11662,S5,3591,1075,2946,5006,10000,0
A5 42 44 00 05 8F 2D 08 E0 31 0C 20 E0 31 0C 22 E0 31 0C 80  BTN,68,S5,PRESSED,11663,204595208,204595232,204595234
A5 54 90 2D 05 26 0E 34 04 82 0B DE 13 10 27 00 00 01 EA  TEL,11664,S5,3622,1076,2946,5086,10000,1
A5 54 91 2D 05 E8 0D 32 04 82 0B 8F 13 10 27 00 00 00 C4  TEL,11665,S5,3560,1074,2946,5007,10000,0
A5 54 92 2D 05 07 0E 33 04 82 0B 8E 13 10 27 00 00 00 48  TEL,11666,S5,3591,1075,2946,5006,10000,0
A5 54 93 2D 05 07 0E 33 04 82 0B 8E 13 10 27 00 00 00 4A  TEL,11667,S5,3591,1075,2946,5006,10000,0
A5 54 94 2D 05 A3 0E 38 04 82 0B 8E 13 10 27 00 00 00 CC  TEL,11668,S5,3747,1080,2946,5006,10000,0
A5 54 95 2D 05 26 0E 34 04 82 0B 8E 13 10 27 00 00 00 71  TEL,11669,S5,3622,1076,2946,5006,10000,0
A5 54 96 2D 05 07 0E 33 04 82 0B 8E 13 10 27 00 00 00 40  TEL,11670,S5,3591,1075,2946,5006,10000,0
A5 54 97 2D 05 AA 0D 2F 04 82 0B 8E 13 10 27 00 00 00 AF  TEL,11671,S5,3498,1071,2946,5006,10000,0
A5 54 98 2D 05 C9 0D 31 04 82 0B 8E 13 10 27 00 00 00 42  TEL,11672,S5,3529,1073,2946,5006,10000,0
A5 54 99 2D 05 A3 0E 38 04 82 0B 8E 13 10 27 00 00 00 D6  TEL,11673,S5,3747,1080,2946,5006,10000,0
A5 54 9A 2D 05 26 0E 34 04 82 0B 8E 13 10 27 00 00 00 6F  TEL,11674,S5,3622,1076,2946,5006,10000,0
A5 54 9B 2D 05 45 0E 35 04 82 0B 8E 13 10 27 00 00 00 CC  TEL,11675,S5,3653,1077,2946,5006,10000,0
A5 54 9C 2D 05 A3 0E 38 04 82 0B 8E 13 10 27 00 00 00 DC  TEL,11676,S5,3747,1080,2946,5006,10000,0
A5 54 9D 2D 05 26 0E 34 04 82 0B 8E 13 10 27 00 00 00 61  TEL,11677,S5,3622,1076,2946,5006,10000,0
A5 54 9E 2D 05 26 0E 34 04 82 0B 8E 13 10 27 00 00 00 67  TEL,11678,S5,3622,1076,2946,5006,10000,0
A5 54 9F 2D 05 07 0E 33 04 82 0B 8E 13 10 27 00 00 00 52  TEL,11679,S5,3591,1075,2946,5006,10000,0
A5 54 A0 2D 05 07 0E 33 04 82 0B 8E 13 10 27 00 00 00 2C  TEL,11680,S5,3591,1075,2946,5006,10000,0
A5 54 A1 2D 05 26 0E 34 04 82 0B 8E 13 11 27 00 00 00 7B  TEL,11681,S5,3622,1076,2946,5006,10001,0
A5 54 A2 2D 05 C9 0D 31 04 82 0B 8E 13 0F 27 00 00 00 34  TEL,11682,S5,3529,1073,2946,5006,9999,0
A5 54 A3 2D 05 07 0E 33 04 82 0B 8E 13 10 27 00 00 00 2A  TEL,11683,S5,3591,1075,2946,5006,10000,0
A5 54 A4 2D 05 07 0E 33 04 82 0B 8E 13 10 27 00 00 00 24  TEL,11684,S5,3591,1075,2946,5006,10000,0
A5 54 A5 2D 05 AA 0D 2F 04 82 0B 8E 13 10 27 00 00 00 CB  TEL,11685,S5,3498,1071,2946,5006,10000,0
A5 54 A6 2D 05 26 0E 34 04 82 0B 8E 13 10 27 00 00 00 17  TEL,11686,S5,3622,1076,2946,5006,10000,0
A5 54 A7 2D 05 45 0E 35 04 82 0B 8E 13 10 27 00 00 00 B4  TEL,11687,S5,3653,1077,2946,5006,10000,0
A5 54 A8 2D 05 07 0E 33 04 82 0B 8E 13 10 27 00 00 00 3C  TEL,11688,S5,3591,1075,2946,5006,10000,0
A5 54 A9 2D 05 26 0E 34 04 82 0B 8E 13 10 27 00 00 00 09  TEL,11689,S5,3622,1076,2946,5006,10000,0
A5 54 AA 2D 05 26 0E 34 04 82 0B 8E 13 10 27 00 00 00 0F  TEL,11690,S5,3622,1076,2946,5006,10000,0
A5 54 AB 2D 05 45 0E 35 04 82 0B 8E 13 10 27 00 00 00 AC  TEL,11691,S5,3653,1077,2946,5006,10000,0
A5 54 AC 2D 05 07 0E 33 04 82 0B 8E 13 10 27 00 00 00 34  TEL,11692,S5,3591,1075,2946,5006,10000,0
A5 54 AD 2D 05 26 0E 34 04 82 0B 8E 13 10 27 00 00 00 01  TEL,11693,S5,3622,1076,2946,5006,10000,0
A5 54 AE 2D 05 45 0E 35 04 82 0B 8E 13 10 27 00 00 00 A6  TEL,11694,S5,3653,1077,2946,5006,10000,0
A5 54 AF 2D 05 45 0E 35 04 82 0B 8E 13 10 27 00 00 00 A4  TEL,11695,S5,3653,1077,2946,5006,10000,0
A5 54 B0 2D 05 64 0E 36 04 82 0B 8E 13 10 27 00 00 00 D1  TEL,11696,S5,3684,1078,2946,5006,10000,0
A5 54 B1 2D 05 A3 0E 38 04 82 0B 8E 13 10 27 00 00 00 86  TEL,11697,S5,3747,1080,2946,5006,10000,0
A5 54 B2 2D 05 45 0E 35 04 82 0B 8E 13 10 27 00 00 00 9E  TEL,11698,S5,3653,1077,2946,5006,10000,0
A5 54 B3 2D 05 07 0E 33 04 82 0B 8E 13 10 27 00 00 00 0A  TEL,11699,S5,3591,1075,2946,5006,10000,0
A5 54 B4 2D 05 E8 0D 32 04 82 0B 8E 13 10 27 00 00 00 51  TEL,11700,S5,3560,1074,2946,5006,10000,0
A5 54 B5 2D 05 45 0E 35 04 82 0B 8E 13 10 27 00 00 00 90  TEL,11701,S5,3653,1077,2946,5006,10000,0
A5 54 B6 2D 05 45 0E 35 04 82 0B 8E 13 10 27 00 00 00 96  TEL,11702,S5,3653,1077,2946,5006,10000,0
A5 54 B7 2D 05 07 0E 33 04 82 0B 8E 13 10 27 00 00 00 02  TEL,11703,S5,3591,1075,2946,5006,10000,0
A5 54 B8 2D 05 07 0E 33 04 82 0B 8E 13 10 27 00 00 00 1C  TEL,11704,S5,3591,1075,2946,5006,10000,0
A5 54 B9 2D 05 26 0E 34 04 82 0B 8E 13 10 27 00 00 00 29  TEL,11705,S5,3622,1076,2946,5006,10000,0
A5 54 BA 2D 05 45 0E 35 04 82 0B 8E 13 10 27 00 00 00 8E  TEL,11706,S5,3653,1077,2946,5006,10000,0
A5 54 BB 2D 05 83 0E 37 04 82 0B 8E 13 10 27 00 00 00 C9  TEL,11707,S5,3715,1079,2946,5006,10000,0
A5 54 BC 2D 05 45 0E 35 04 82 0B 8E 13 10 27 00 00 00 82  TEL,11708,S5,3653,1077,2946,5006,10000,0
A5 54 BD 2D 05 45 0E 35 04 82 0B 8E 13 10 27 00 00 00 80  TEL,11709,S5,3653,1077,2946,5006,10000,0
A5 54 BE 2D 05 45 0E 35 04 82 0B 8E 13 10 27 00 00 00 86  TEL,11710,S5,3653,1077,2946,5006,10000,0
A5 54 BF 2D 05 07 0E 33 04 82 0B 8E 13 10 27 00 00 00 12  TEL,11711,S5,3591,1075,2946,5006,10000,0
A5 54 C0 2D 05 A3 0E 38 04 82 0B 8E 13 10 27 00 00 00 64  TEL,11712,S5,3747,1080,2946,5006,10000,0
A5 54 C1 2D 05 64 0E 36 04 82 0B 8E 13 10 27 00 00 00 33  TEL,11713,S5,3684,1078,2946,5006,10000,0
A5 54 C2 2D 05 64 0E 36 04 82 0B 8E 13 10 27 00 00 00 35  TEL,11714,S5,3684,1078,2946,5006,10000,0
A5 54 C3 2D 05 45 0E 35 04 82 0B 8E 13 10 27 00 00 00 7C  TEL,11715,S5,3653,1077,2946,5006,10000,0
A5 54 C4 2D 05 45 0E 35 04 82 0B 8E 13 10 27 00 00 00 72  TEL,11716,S5,3653,1077,2946,5006,10000,0
A5 54 C5 2D 05 45 0E 35 04 82 0B 8E 13 10 27 00 00 00 70  TEL,11717,S5,3653,1077,2946,5006,10000,0
A5 54 C6 2D 05 45 0E 35 04 82 0B 8E 13 10 27 00 00 00 76  TEL,11718,S5,3653,1077,2946,5006,10000,0
A5 54 C7 2D 05 07 0E 33 04 82 0B 8E 13 10 27 00 00 00 E2  TEL,11719,S5,3591,1075,2946,5006,10000,0
A5 54 C8 2D 05 07 0E 33 04 82 0B 8E 13 10 27 00 00 00 FC  TEL,11720,S5,3591,1075,2946,5006,10000,0
A5 54 C9 2D 05 26 0E 34 04 82 0B 8E 13 10 27 00 00 00 C9  TEL,11721,S5,3622,1076,2946,5006,10000,0
A5 54 CA 2D 05 26 0E 34 04 82 0B 8E 13 10 27 00 00 00 CF  TEL,11722,S5,3622,1076,2946,5006,10000,0
A5 54 CB 2D 05 A3 0E 38 04 82 0B 8E 13 10 27 00 00 00 72  TEL,11723,S5,3747,1080,2946,5006,10000,0
A5 54 CC 2D 05 83 0E 37 04 82 0B 8E 13 10 27 00 00 00 27  TEL,11724,S5,3715,1079,2946,5006,10000,0
A5 54 CD 2D 05 26 0E 34 04 82 0B 8E 13 10 27 00 00 00 C1  TEL,11725,S5,3622,1076,2946,5006,10000,0
A5 54 CE 2D 05 45 0E 35 04 82 0B 8E 13 10 27 00 00 00 66  TEL,11726,S5,3653,1077,2946,5006,10000,0
A5 54 CF 2D 05 45 0E 35 04 82 0B 8E 13 10 27 00 00 00 64  TEL,11727,S5,3653,1077,2946,5006,10000,0
A5 54 D0 2D 05 07 0E 33 04 82 0B 8E 13 10 27 00 00 00 CC  TEL,11728,S5,3591,1075,2946,5006,10000,0
A5 54 D1 2D 05 E8 0D 32 04 82 0B 8E 13 10 27 00 00 00 9B  TEL,11729,S5,3560,1074,2946,5006,10000,0
A5 54 D2 2D 05 45 0E 35 04 82 0B 8E 13 10 27 00 00 00 5E  TEL,11730,S5,3653,1077,2946,5006,10000,0
A5 54 D3 2D 05 07 0E 33 04 82 0B 8E 13 10 27 00 00 00 CA  TEL,11731,S5,3591,1075,2946,5006,10000,0
A5 54 D4 2D 05 07 0E 33 04 82 0B 8E 13 10 27 00 00 00 C4  TEL,11732,S5,3591,1075,2946,5006,10000,0
A5 54 D5 2D 05 C9 0D 30 04 82 0B 8E 13 10 27 00 00 00 C7  TEL,11733,S5,3529,1072,2946,5006,10000,0
A5 54 D6 2D 05 45 0E 35 04 82 0B 8E 13 10 27 00 00 00 56  TEL,11734,S5,3653,1077,2946,5006,10000,0
A5 54 D7 2D 05 26 0E 34 04 82 0B 8E 13 10 27 00 00 00 F5  TEL,11735,S5,3622,1076,2946,5006,10000,0
A5 54 D8 2D 05 07 0E 33 04 82 0B 8E 13 10 27 00 00 00 DC  TEL,11736,S5,3591,1075,2946,5006,10000,0
A5 54 D9 2D 05 45 0E 35 04 82 0B 8E 13 10 27 00 00 00 48  TEL,11737,S5,3653,1077,2946,5006,10000,0
A5 54 DA 2D 05 45 0E 35 04 82 0B 8E 13 10 27 00 00 00 4E  TEL,11738,S5,3653,1077,2946,5006,10000,0
A5 54 DB 2D 05 45 0E 35 04 82 0B 8E 13 10 27 00 00 00 4C  TEL,11739,S5,3653,1077,2946,5006,10000,0
A5 54 DC 2D 05 07 0E 33 04 82 0B 8E 13 10 27 00 00 00 D4  TEL,11740,S5,3591,1075,2946,5006,10000,0
A5 54 DD 2D 05 45 0E 35 04 82 0B 8E 13 10 27 00 00 00 40  TEL,11741,S5,3653,1077,2946,5006,10000,0
A5 54 DE 2D 05 45 0E 35 04 82 0B 8E 13 10 27 00 00 00 46  TEL,11742,S5,3653,1077,2946,5006,10000,0
A5 54 DF 2D 05 45 0E 35 04 82 0B 8E 13 10 27 00 00 00 44  TEL,11743,S5,3653,1077,2946,5006,10000,0
A5 54 E0 2D 05 A3 0E 38 04 82 0B 8E 13 10 27 00 00 00 24  TEL,11744,S5,3747,1080,2946,5006,10000,0
A5 54 E1 2D 05 26 0E 34 04 82 0B 8E 13 10 27 00 00 00 99  TEL,11745,S5,3622,1076,2946,5006,10000,0
A5 54 E2 2D 05 45 0E 35 04 82 0B 8E 13 10 27 00 00 00 3E  TEL,11746,S5,3653,1077,2946,5006,10000,0
A5 54 E3 2D 05 07 0E 33 04 82 0B 8E 13 10 27 00 00 00 AA  TEL,11747,S5,3591,1075,2946,5006,10000,0
A5 54 E4 2D 05 07 0E 33 04 82 0B 8E 13 10 27 00 00 00 A4  TEL,11748,S5,3591,1075,2946,5006,10000,0
A5 54 E5 2D 05 C9 0D 30 04 82 0B 8E 13 10 27 00 00 00 A7  TEL,11749,S5,3529,1072,2946,5006,10000,0
A5 54 E6 2D 05 45 0E 35 04 82 0B 8E 13 10 27 00 00 00 36  TEL,11750,S5,3653,1077,2946,5006,10000,0
A5 54 E7 2D 05 26 0E 34 04 82 0B 8E 13 10 27 00 00 00 95  TEL,11751,S5,3622,1076,2946,5006,10000,0
A5 54 E8 2D 05 07 0E 33 04 82 0B 8E 13 10 27 00 00 00 BC  TEL,11752,S5,3591,1075,2946,5006,10000,0
A5 54 E9 2D 05 26 0E 34 04 82 0B 8E 13 10 27 00 00 00 89  TEL,11753,S5,3622,1076,2946,5006,10000,0
A5 54 EA 2D 05 26 0E 34 04 82 0B 8E 13 10 27 00 00 00 8F  TEL,11754,S5,3622,1076,2946,5006,10000,0
A5 54 EB 2D 05 64 0E 36 04 82 0B 8E 13 10 27 00 00 00 67  TEL,11755,S5,3684,1078,2946,5006,10000,0
A5 54 EC 2D 05 45 0E 35 04 82 0B 8E 13 10 27 00 00 00 22  TEL,11756,S5,3653,1077,2946,5006,10000,0
A5 54 ED 2D 05 64 0E 36 04 82 0B 8E 13 10 27 00 00 00 6B  TEL,11757,S5,3684,1078,2946,5006,10000,0
A5 54 EE 2D 05 C9 0D 31 04 82 0B 8F 13 10 27 00 00 00 71  TEL,11758,S5,3529,1073,2946,5007,10000,0
A5 54 EF 2D 05 C2 0E 3A 04 82 0B 8E 13 10 27 00 00 00 95  TEL,11759,S5,3778,1082,2946,5006,10000,0
A5 54 F0 2D 05 83 0E 37 04 82 0B 8E 13 10 27 00 00 00 5F  TEL,11760,S5,3715,1079,2946,5006,10000,0
A5 54 F1 2D 05 64 0E 36 04 82 0B 8E 13 10 27 00 00 00 53  TEL,11761,S5,3684,1078,2946,5006,10000,0
A5 54 F2 2D 05 A3 0E 38 04 82 0B 8E 13 10 27 00 00 00 00  TEL,11762,S5,3747,1080,2946,5006,10000,0
A5 54 F3 2D 05 45 0E 35 04 82 0B 8E 13 10 27 00 00 00 1C  TEL,11763,S5,3653,1077,2946,5006,10000,0
A5 54 F4 2D 05 07 0E 33 04 82 0B 8E 13 10 27 00 00 00 84  TEL,11764,S5,3591,1075,2946,5006,10000,0
A5 54 F5 2D 05 A3 0E 38 04 82 0B 8E 13 10 27 00 00 00 0E  TEL,11765,S5,3747,1080,2946,5006,10000,0
A5 54 F6 2D 05 A3 0E 38 04 82 0B 8E 13 10 27 00 00 00 08  TEL,11766,S5,3747,1080,2946,5006,10000,0
A5 54 F7 2D 05 45 0E 35 04 82 0B 8E 13 10 27 00 00 00 14  TEL,11767,S5,3653,1077,2946,5006,10000,0
A5 54 F8 2D 05 07 0E 33 04 82 0B 8E 13 10 27 00 00 00 9C  TEL,11768,S5,3591,1075,2946,5006,10000,0
A5 54 F9 2D 05 45 0E 35 04 82 0B 8E 13 10 27 00 00 00 08  TEL,11769,S5,3653,1077,2946,5006,10000,0
A5 54 FA 2D 05 A3 0E 38 04 82 0B 8E 13 10 27 00 00 00 10  TEL,11770,S5,3747,1080,2946,5006,10000,0
A5 54 FB 2D 05 45 0E 35 04 82 0B 8E 13 10 27 00 00 00 0C  TEL,11771,S5,3653,1077,2946,5006,10000,0
A5 54 FC 2D 05 26 0E 34 04 82 0B 8E 13 10 27 00 00 00 A3  TEL,11772,S5,3622,1076,2946,5006,10000,0
A5 54 FD 2D 05 64 0E 36 04 82 0B 8E 13 10 27 00 00 00 4B  TEL,11773,S5,3684,1078,2946,5006,10000,0
A5 54 FE 2D 05 C9 0D 30 04 82 0B 8E 13 10 27 00 00 00 91  TEL,11774,S5,3529,1072,2946,5006,10000,0
A5 54 FF 2D 05 26 0E 34 04 82 0B 8E 13 10 27 00 00 00 A5  TEL,11775,S5,3622,1076,2946,5006,10000,0
A5 54 00 2E 05 07 0E 33 04 82 0B 8E 13 10 27 00 00 00 B3  TEL,11776,S5,3591,1075,2946,5006,10000,0
A5 54 01 2E 05 26 0E 34 04 82 0B 8E 13 10 27 00 00 00 86  TEL,11777,S5,3622,1076,2946,5006,10000,0
A5 54 02 2E 05 45 0E 35 04 82 0B 8E 13 10 27 00 00 00 21  TEL,11778,S5,3653,1077,2946,5006,10000,0
A5 54 03 2E 05 45 0E 35 04 82 0B 8E 13 10 27 00 00 00 23  TEL,11779,S5,3653,1077,2946,5006,10000,0
A5 54 04 2E 05 07 0E 33 04 82 0B 8E 13 10 27 00 00 00 BB  TEL,11780,S5,3591,1075,2946,5006,10000,0
A5 54 05 2E 05 64 0E 36 04 82 0B 8E 13 10 27 00 00 00 64  TEL,11781,S5,3684,1078,2946,5006,10000,0
A5 54 06 2E 05 26 0E 34 04 82 0B 8E 13 10 27 00 00 00 88  TEL,11782,S5,3622,1076,2946,5006,10000,0
A5 54 07 2E 05 07 0E 33 04 82 0B 8E 13 10 27 00 00 00 BD  TEL,11783,S5,3591,1075,2946,5006,10000,0
A5 54 08 2E 05 E8 0D 32 04 82 0B 8E 13 10 27 00 00 00 F6  TEL,11784,S5,3560,1074,2946,5006,10000,0
A5 54 09 2E 05 07 0E 33 04 82 0B 8E 13 10 27 00 00 00 A1  TEL,11785,S5,3591,1075,2946,5006,10000,0
A5 54 0A 2E 05 45 0E 35 04 82 0B 8E 13 10 27 00 00 00 31  TEL,11786,S5,3653,1077,2946,5006,10000,0
A5 54 0B 2E 05 07 0E 33 04 82 0B 8E 13 10 27 00 00 00 A5  TEL,11787,S5,3591,1075,2946,5006,10000,0
A5 54 0C 2E 05 07 0E 33 04 82 0B 8E 13 10 27 00 00 00 AB  TEL,11788,S5,3591,1075,2946,5006,10000,0
A5 54 0D 2E 05 26 0E 34 04 82 0B 8E 13 10 27 00 00 00 9E  TEL,11789,S5,3622,1076,2946,5006,10000,0
A5 54 0E 2E 05 26 0E 34 04 82 0B 8E 13 10 27 00 00 00 98  TEL,11790,S5,3622,1076,2946,5006,10000,0
A5 54 0F 2E 05 45 0E 35 04 82 0B 8E 13 10 27 00 00 00 3B  TEL,11791,S5,3653,1077,2946,5006,10000,0
A5 54 10 2E 05 45 0E 35 04 82 0B 8E 13 10 27 00 00 00 05  TEL,11792,S5,3653,1077,2946,5006,10000,0
A5 54 11 2E 05 A3 0E 38 04 82 0B 8E 13 10 27 00 00 00 19  TEL,11793,S5,3747,1080,2946,5006,10000,0
A5 54 12 2E 05 45 0E 35 04 82 0B 8E 13 10 27 00 00 00 01  TEL,11794,S5,3653,1077,2946,5006,10000,0
A5 54 13 2E 05 07 0E 33 04 82 0B 8E 13 10 27 00 00 00 95  TEL,11795,S5,3591,1075,2946,5006,10000,0
A5 54 14 2E 05 64 0E 36 04 82 0B 8E 13 10 27 00 00 00 46  TEL,11796,S5,3684,1078,2946,5006,10000,0
A5 54 15 2E 05 64 0E 36 04 82 0B 8E 13 10 27 00 00 00 44  TEL,11797,S5,3684,1078,2946,5006,10000,0
A5 54 16 2E 05 26 0E 34 04 82 0B 8E 13 10 27 00 00 00 A8  TEL,11798,S5,3622,1076,2946,5006,10000,0
A5 54 17 2E 05 07 0E 33 04 82 0B 8E 13 10 27 00 00 00 9D  TEL,11799,S5,3591,1075,2946,5006,10000,0
A5 54 18 2E 05 07 0E 33 04 82 0B 8E 13 10 27 00 00 00 83  TEL,11800,S5,3591,1075,2946,5006,10000,0
A5 54 19 2E 05 64 0E 36 04 82 0B 8E 13 10 27 00 00 00 5C  TEL,11801,S5,3684,1078,2946,5006,10000,0
A5 54 1A 2E 05 45 0E 35 04 82 0B 8E 13 10 27 00 00 00 11  TEL,11802,S5,3653,1077,2946,5006,10000,0
A5 54 1B 2E 05 45 0E 35 04 82 0B 8E 13 10 27 00 00 00 13  TEL,11803,S5,3653,1077,2946,5006,10000,0
A5 54 1C 2E 05 07 0E 33 04 82 0B 8E 13 10 27 00 00 00 8B  TEL,11804,S5,3591,1075,2946,5006,10000,0
A5 54 1D 2E 05 26 0E 34 04 82 0B 8E 13 10 27 00 00 00 BE  TEL,11805,S5,3622,1076,2946,5006,10000,0
A5 54 1E 2E 05 45 0E 35 04 82 0B 8E 13 10 27 00 00 00 19  TEL,11806,S5,3653,1077,2946,5006,10000,0
A5 54 1F 2E 05 07 0E 33 04 82 0B 8E 13 10 27 00 00 00 8D  TEL,11807,S5,3591,1075,2946,5006,10000,0
A5 54 20 2E 05 64 0E 36 04 82 0B 8E 13 10 27 00 00 00 2E  TEL,11808,S5,3684,1078,2946,5006,10000,0
A5 54 21 2E 05 26 0E 34 04 82 0B 8E 13 10 27 00 00 00 C6  TEL,11809,S5,3622,1076,2946,5006,10000,0
A5 54 22 2E 05 45 0E 35 04 82 0B 8E 13 10 27 00 00 00 61  TEL,11810,S5,3653,1077,2946,5006,10000,0
A5 54 23 2E 05 26 0E 34 04 82 0B 8E 13 10 27 00 00 00 C2  TEL,11811,S5,3622,1076,2946,5006,10000,0
A5 54 24 2E 05 07 0E 33 04 82 0B 8E 13 10 27 00 00 00 FB  TEL,11812,S5,3591,1075,2946,5006,10000,0
A5 42 45 00 05 25 2E BF 77 48 0C DB 77 48 0C DE 77 48 0C 9E  BTN,69,S5,PRESSED,11813,206075839,206075867,206075870
A5 54 26 2E 05 26 0E 34 04 82 0B 8E 13 10 27 00 00 00 C8  TEL,11814,S5,3622,1076,2946,5006,10000,0
A5 54 27 2E 05 26 0E 34 04 82 0B 8E 13 10 27 00 00 00 CA  TEL,11815,S5,3622,1076,2946,5006,10000,0
A5 54 28 2E 05 C2 0E 39 04 82 0B 8E 13 10 27 00 00 00 E5  TEL,11816,S5,3778,1081,2946,5006,10000,0
A5 54 29 2E 05 26 0E 34 04 82 0B 8E 13 10 27 00 00 00 D6  TEL,11817,S5,3622,1076,2946,5006,10000,0
A5 54 2A 2E 05 83 0E 37 04 82 0B 8E 13 10 27 00 00 00 34  TEL,11818,S5,3715,1079,2946,5006,10000,0
A5 54 2B 2E 05 83 0E 37 04 82 0B 8E 13 10 27 00 00 00 36  TEL,11819,S5,3715,1079,2946,5006,10000,0
A5 54 2C 2E 05 45 0E 35 04 82 0B 8E 13 10 27 00 00 00 7D  TEL,11820,S5,3653,1077,2946,5006,10000,0
A5 54 2D 2E 05 64 0E 36 04 82 0B 8E 13 10 27 00 00 00 34  TEL,11821,S5,3684,1078,2946,5006,10000,0
A5 54 2E 2E 05 E8 0D 32 04 82 0B 8E 13 10 27 00 00 00 BA  TEL,11822,S5,3560,1074,2946,5006,10000,0
A5 54 2F 2E 05 26 0E 34 04 82 0B 8E 13 10 27 00 00 00 DA  TEL,11823,S5,3622,1076,2946,5006,10000,0
A5 54 30 2E 05 45 0E 35 04 82 0B 8E 13 10 27 00 00 00 45  TEL,11824,S5,3653,1077,2946,5006,10000,0
A5 54 31 2E 05 45 0E 35 04 82 0B 8E 13 10 27 00 00 00 47  TEL,11825,S5,3653,1077,2946,5006,10000,0
A5 54 32 2E 05 64 0E 36 04 82 0B 8E 13 10 27 00 00 00 0A  TEL,11826,S5,3684,1078,2946,5006,10000,0
A5 54 33 2E 05 64 0E 36 04 82 0B 8E 13 10 27 00 00 00 08  TEL,11827,S5,3684,1078,2946,5006,10000,0
A5 54 34 2E 05 83 0E 37 04 82 0B 8E 13 10 27 00 00 00 08  TEL,11828,S5,3715,1079,2946,5006,10000,0
A5 54 35 2E 05 83 0E 37 04 82 0B 8E 13 10 27 00 00 00 0A  TEL,11829,S5,3715,1079,2946,5006,10000,0
A5 54 36 2E 05 45 0E 35 04 82 0B 8E 13 10 27 00 00 00 49  TEL,11830,S5,3653,1077,2946,5006,10000,0
A5 54 37 2E 05 07 0E 33 04 82 0B 8E 13 10 27 00 00 00 DD  TEL,11831,S5,3591,1075,2946,5006,10000,0
A5 54 38 2E 05 26 0E 34 04 82 0B 8E 13 10 27 00 00 00 F4  TEL,11832,S5,3622,1076,2946,5006,10000,0
A5 54 39 2E 05 45 0E 35 04 82 0B 8E 13 10 27 00 00 00 57  TEL,11833,S5,3653,1077,2946,5006,10000,0
A5 54 3A 2E 05 45 0E 35 04 82 0B 8E 13 10 27 00 00 00 51  TEL,11834,S5,3653,1077,2946,5006,10000,0
A5 54 3B 2E 05 07 0E 33 04 82 0B 8E 13 10 27 00 00 00 C5  TEL,11835,S5,3591,1075,2946,5006,10000,0
A5 54 3C 2E 05 26 0E 34 04 82 0B 8E 13 10 27 00 00 00 FC  TEL,11836,S5,3622,1076,2946,5006,10000,0
A5 54 3D 2E 05 26 0E 34 04 82 0B 8E 13 10 27 00 00 00 FE  TEL,11837,S5,3622,1076,2946,5006,10000,0
A5 54 3E 2E 05 64 0E 36 04 82 0B 8E 13 10 27 00 00 00 12  TEL,11838,S5,3684,1078,2946,5006,10000,0
A5 54 3F 2E 05 45 0E 35 04 82 0B 8E 13 10 27 00 00 00 5B  TEL,11839,S5,3653,1077,2946,5006,10000,0
A5 54 40 2E 05 64 0E 36 04 82 0B 8E 13 10 27 00 00 00 EE  TEL,11840,S5,3684,1078,2946,5006,10000,0
A5 54 41 2E 05 45 0E 35 04 82 0B 8E 13 10 27 00 00 00 A7  TEL,11841,S5,3653,1077,2946,5006,10000,0
A5 54 42 2E 05 45 0E 35 04 82 0B 8E 13 10 27 00 00 00 A1  TEL,11842,S5,3653,1077,2946,5006,10000,0
A5 54 43 2E 05 07 0E 33 04 82 0B 8E 13 10 27 00 00 00 35  TEL,11843,S5,3591,1075,2946,5006,10000,0
A5 54 44 2E 05 64 0E 36 04 82 0B 8E 13 10 27 00 00 00 E6  TEL,11844,S5,3684,1078,2946,5006,10000,0
A5 54 45 2E 05 64 0E 36 04 82 0B 8E 13 10 27 00 00 00 E4  TEL,11845,S5,3684,1078,2946,5006,10000,0
A5 54 46 2E 05 07 0E 33 04 82 0B 8E 13 10 27 00 00 00 3F  TEL,11846,S5,3591,1075,2946,5006,10000,0
A5 54 47 2E 05 07 0E 33 04 82 0B 8E 13 10 27 00 00 00 3D  TEL,11847,S5,3591,1075,2946,5006,10000,0
A5 54 48 2E 05 A3 0E 38 04 82 0B 8E 13 10 27 00 00 00 AB  TEL,11848,S5,3747,1080,2946,5006,10000,0
A5 54 49 2E 05 26 0E 34 04 82 0B 8E 13 10 27 00 00 00 16  TEL,11849,S5,3622,1076,2946,5006,10000,0
A5 54 4A 2E 05 45 0E 35 04 82 0B 8E 13 10 27 00 00 00 B1  TEL,11850,S5,3653,1077,2946,5006,10000,0
A5 54 4B 2E 05 45 0E 35 04 82 0B 8E 13 10 27 00 00 00 B3  TEL,11851,S5,3653,1077,2946,5006,10000,0
A5 54 4C 2E 05 64 0E 36 04 82 0B 8E 13 10 27 00 00 00 F6  TEL,11852,S5,3684,1078,2946,5006,10000,0
A5 54 4D 2E 05 45 0E 35 04 82 0B 8E 13 10 27 00 00 00 BF  TEL,11853,S5,3653,1077,2946,5006,10000,0
A5 54 4E 2E 05 45 0E 35 04 82 0B 8E 13 10 27 00 00 00 B9  TEL,11854,S5,3653,1077,2946,5006,10000,0
A5 54 4F 2E 05 07 0E 33 04 82 0B 8E 13 10 27 00 00 00 2D  TEL,11855,S5,3591,1075,2946,5006,10000,0
A5 54 50 2E 05 E8 0D 32 04 82 0B 8E 13 10 27 00 00 00 46  TEL,11856,S5,3560,1074,2946,5006,10000,0
A5 54 51 2E 05 A3 0E 38 04 82 0B 8E 13 10 27 00 00 00 99  TEL,11857,S5,3747,1080,2946,5006,10000,0
A5 54 52 2E 05 45 0E 35 04 82 0B 8E 13 10 27 00 00 00 81  TEL,11858,S5,3653,1077,2946,5006,10000,0
A5 54 53 2E 05 AA 0D 2F 04 82 0B 8E 13 10 27 00 00 00 F8  TEL,11859,S5,3498,1071,2946,5006,10000,0
A5 54 54 2E 05 45 0E 35 04 82 0B 8E 13 10 27 00 00 00 8D  TEL,11860,S5,3653,1077,2946,5006,10000,0
A5 54 55 2E 05 26 0E 34 04 82 0B 8E 13 10 27 00 00 00 2E  TEL,11861,S5,3622,1076,2946,5006,10000,0
A5 54 56 2E 05 45 0E 35 04 82 0B 8E 13 10 27 00 00 00 89  TEL,11862,S5,3653,1077,2946,5006,10000,0
A5 54 57 2E 05 07 0E 33 04 82 0B 8E 13 10 27 00 00 00 1D  TEL,11863,S5,3591,1075,2946,5006,10000,0
A5 54 58 2E 05 45 0E 35 04 82 0B 8E 13 10 27 00 00 00 95  TEL,11864,S5,3653,1077,2946,5006,10000,0
A5 54 59 2E 05 45 0E 35 04 82 0B 8E 13 10 27 00 00 00 97  TEL,11865,S5,3653,1077,2946,5006,10000,0
A5 54 5A 2E 05 26 0E 34 04 82 0B 8E 13 10 27 00 00 00 30  TEL,11866,S5,3622,1076,2946,5006,10000,0
A5 54 5B 2E 05 26 0E 34 04 82 0B 8E 13 10 27 00 00 00 32  TEL,11867,S5,3622,1076,2946,5006,10000,0
A5 54 5C 2E 05 26 0E 34 04 82 0B 8E 13 10 27 00 00 00 3C  TEL,11868,S5,3622,1076,2946,5006,10000,0
A5 54 5D 2E 05 26 0E 34 04 82 0B 8E 13 10 27 00 00 00 3E  TEL,11869,S5,3622,1076,2946,5006,10000,0
A5 54 5E 2E 05 26 0E 34 04 82 0B 8E 13 10 27 00 00 00 38  TEL,11870,S5,3622,1076,2946,5006,10000,0
A5 54 5F 2E 05 07 0E 33 04 82 0B 8E 13 10 27 00 00 00 0D  TEL,11871,S5,3591,1075,2946,5006,10000,0
A5 54 60 2E 05 64 0E 36 04 82 0B 8E 13 10 27 00 00 00 AE  TEL,11872,S5,3684,1078,2946,5006,10000,0
A5 54 61 2E 05 64 0E 36 04 82 0B 8E 13 10 27 00 00 00 AC  TEL,11873,S5,3684,1078,2946,5006,10000,0
A5 54 62 2E 05 45 0E 35 04 82 0B 8E 13 10 27 00 00 00 E1  TEL,11874,S5,3653,1077,2946,5006,10000,0
A5 54 63 2E 05 07 0E 33 04 82 0B 8E 13 10 27 00 00 00 75  TEL,11875,S5,3591,1075,2946,5006,10000,0
A5 54 64 2E 05 A3 0E 38 04 82 0B 8E 13 10 27 00 00 00 F3  TEL,11876,S5,3747,1080,2946,5006,10000,0
A5 54 65 2E 05 A3 0E 38 04 82 0B 8E 13 10 27 00 00 00 F1  TEL,11877,S5,3747,1080,2946,5006,10000,0
A5 54 66 2E 05 45 0E 35 04 82 0B 8E 13 10 27 00 00 00 E9  TEL,11878,S5,3653,1077,2946,5006,10000,0
A5 54 67 2E 05 45 0E 35 04 82 0B 8E 13 10 27 00 00 00 EB  TEL,11879,S5,3653,1077,2946,5006,10000,0
A5 54 68 2E 05 26 0E 34 04 82 0B 8E 13 10 27 00 00 00 54  TEL,11880,S5,3622,1076,2946,5006,10000,0
A5 54 69 2E 05 A3 0E 38 04 82 0B 8E 13 10 27 00 00 00 E9  TEL,11881,S5,3747,1080,2946,5006,10000,0
A5 54 6A 2E 05 07 0E 33 04 82 0B 8E 13 10 27 00 00 00 67  TEL,11882,S5,3591,1075,2946,5006,10000,0
A5 54 6B 2E 05 07 0E 33 04 82 0B 8E 13 10 27 00 00 00 65  TEL,11883,S5,3591,1075,2946,5006,10000,0
A5 54 6C 2E 05 07 0E 33 04 82 0B 8E 13 10 27 00 00 00 6B  TEL,11884,S5,3591,1075,2946,5006,10000,0
A5 54 6D 2E 05 26 0E 34 04 82 0B 8F 13 10 27 00 00 00 81  TEL,11885,S5,3622,1076,2946,5007,10000,0
A5 54 6E 2E 05 00 0F 3C 04 82 0B 8E 13 10 27 00 00 00 72  TEL,11886,S5,3840,1084,2946,5006,10000,0
A5 54 6F 2E 05 83 0E 37 04 82 0B 8E 13 10 27 00 00 00 BE  TEL,11887,S5,3715,1079,2946,5006,10000,0
A5 54 70 2E 05 A3 0E 38 04 82 0B 8E 13 10 27 00 00 00 DB  TEL,11888,S5,3747,1080,2946,5006,10000,0
A5 54 71 2E 05 45 0E 35 04 82 0B 8E 13 10 27 00 00 00 C7  TEL,11889,S5,3653,1077,2946,5006,10000,0
A5 54 72 2E 05 07 0E 33 04 82 0B 8E 13 10 27 00 00 00 57  TEL,11890,S5,3591,1075,2946,5006,10000,0
A5 54 73 2E 05 45 0E 35 04 82 0B 8E 13 10 27 00 00 00 C3  TEL,11891,S5,3653,1077,2946,5006,10000,0
A5 54 74 2E 05 64 0E 36 04 82 0B 8E 13 10 27 00 00 00 86  TEL,11892,S5,3684,1078,2946,5006,10000,0
A5 54 75 2E 05 26 0E 34 04 82 0B 8E 13 10 27 00 00 00 6E  TEL,11893,S5,3622,1076,2946,5006,10000,0
A5 54 76 2E 05 26 0E 34 04 82 0B 8E 13 10 27 00 00 00 68  TEL,11894,S5,3622,1076,2946,5006,10000,0
A5 54 77 2E 05 E8 0D 32 04 82 0B 8E 13 10 27 00 00 00 08  TEL,11895,S5,3560,1074,2946,5006,10000,0
A5 54 78 2E 05 26 0E 34 04 82 0B 8E 13 10 27 00 00 00 74  TEL,11896,S5,3622,1076,2946,5006,10000,0
A5 54 79 2E 05 45 0E 35 04 82 0B 8E 13 10 27 00 00 00 D7  TEL,11897,S5,3653,1077,2946,5006,10000,0
A5 54 7A 2E 05 07 0E 33 04 82 0B 8E 13 10 27 00 00 00 47  TEL,11898,S5,3591,1075,2946,5006,10000,0
A5 54 7B 2E 05 07 0E 33 04 82 0B 8E 13 10 27 00 00 00 45  TEL,11899,S5,3591,1075,2946,5006,10000,0
A5 54 7C 2E 05 26 0E 34 04 82 0B 8E 13 10 27 00 00 00 7C  TEL,11900,S5,3622,1076,2946,5006,10000,0
A5 54 7D 2E 05 45 0E 35 04 82 0B 8E 13 10 27 00 00 00 DF  TEL,11901,S5,3653,1077,2946,5006,10000,0
A5 54 7E 2E 05 07 0E 33 04 82 0B 8E 13 10 27 00 00 00 4F  TEL,11902,S5,3591,1075,2946,5006,10000,0
A5 54 7F 2E 05 07 0E 33 04 82 0B 8E 13 10 27 00 00 00 4D  TEL,11903,S5,3591,1075,2946,5006,10000,0
A5 54 80 2E 05 64 0E 36 04 82 0B 8E 13 10 27 00 00 00 69  TEL,11904,S5,3684,1078,2946,5006,10000,0
A5 54 81 2E 05 45 0E 35 04 82 0B 8E 13 10 27 00 00 00 20  TEL,11905,S5,3653,1077,2946,5006,10000,0
A5 54 82 2E 05 07 0E 33 04 82 0B 8E 13 10 27 00 00 00 B0  TEL,11906,S5,3591,1075,2946,5006,10000,0
A5 54 83 2E 05 E8 0D 32 04 82 0B 8E 13 10 27 00 00 00 E7  TEL,11907,S5,3560,1074,2946,5006,10000,0
A5 54 84 2E 05 26 0E 34 04 82 0B 8E 13 10 27 00 00 00 8B  TEL,11908,S5,3622,1076,2946,5006,10000,0
A5 54 85 2E 05 45 0E 35 04 82 0B 8E 13 10 27 00 00 00 28  TEL,11909,S5,3653,1077,2946,5006,10000,0
A5 54 86 2E 05 07 0E 33 04 82 0B 8E 13 10 27 00 00 00 B8  TEL,11910,S5,3591,1075,2946,5006,10000,0
A5 54 87 2E 05 26 0E 34 04 82 0B 8E 13 10 27 00 00 00 8D  TEL,11911,S5,3622,1076,2946,5006,10000,0
A5 54 88 2E 05 26 0E 34 04 82 0B 8E 13 10 27 00 00 00 93  TEL,11912,S5,3622,1076,2946,5006,10000,0
A5 54 89 2E 05 45 0E 35 04 82 0B 8E 13 10 27 00 00 00 30  TEL,11913,S5,3653,1077,2946,5006,10000,0
A5 54 8A 2E 05 45 0E 35 04 82 0B 8E 13 10 27 00 00 00 36  TEL,11914,S5,3653,1077,2946,5006,10000,0
A5 54 8B 2E 05 26 0E 34 04 82 0B 8E 13 10 27 00 00 00 95  TEL,11915,S5,3622,1076,2946,5006,10000,0
A5 54 8C 2E 05 45 0E 35 04 82 0B 8E 13 10 27 00 00 00 3A  TEL,11916,S5,3653,1077,2946,5006,10000,0
A5 54 8D 2E 05 26 0E 34 04 82 0B 8E 13 10 27 00 00 00 99  TEL,11917,S5,3622,1076,2946,5006,10000,0
A5 54 8E 2E 05 26 0E 34 04 82 0B 8E 13 10 27 00 00 00 9F  TEL,11918,S5,3622,1076,2946,5006,10000,0
A5 54 8F 2E 05 64 0E 36 04 82 0B 8E 13 10 27 00 00 00 77  TEL,11919,S5,3684,1078,2946,5006,10000,0
A5 54 90 2E 05 26 0E 34 04 82 0B 8E 13 10 27 00 00 00 A3  TEL,11920,S5,3622,1076,2946,5006,10000,0
A5 54 91 2E 05 45 0E 35 04 82 0B 8E 13 10 27 00 00 00 00  TEL,11921,S5,3653,1077,2946,5006,10000,0
A5 54 92 2E 05 C2 0E 3A 04 82 0B 8E 13 10 27 00 00 00 B7  TEL,11922,S5,3778,1082,2946,5006,10000,0
A5 54 93 2E 05 45 0E 35 04 82 0B 8E 13 10 27 00 00 00 04  TEL,11923,S5,3653,1077,2946,5006,10000,0
A5 54 94 2E 05 64 0E 36 04 82 0B 8E 13 10 27 00 00 00 41  TEL,11924,S5,3684,1078,2946,5006,10000,0
A5 54 95 2E 05 45 0E 35 04 82 0B 8E 13 10 27 00 00 00 08  TEL,11925,S5,3653,1077,2946,5006,10000,0
A5 54 96 2E 05 26 0E 34 04 82 0B 8E 13 10 27 00 00 00 AF  TEL,11926,S5,3622,1076,2946,5006,10000,0
A5 54 97 2E 05 45 0E 35 04 82 0B 8E 13 10 27 00 00 00 0C  TEL,11927,S5,3653,1077,2946,5006,10000,0
A5 54 98 2E 05 64 0E 36 04 82 0B 8E 13 10 27 00 00 00 59  TEL,11928,S5,3684,1078,2946,5006,10000,0
A5 54 99 2E 05 45 0E 35 04 82 0B 8E 13 10 27 00 00 00 10  TEL,11929,S5,3653,1077,2946,5006,10000,0
A5 54 9A 2E 05 45 0E 35 04 82 0B 8E 13 10 27 00 00 00 16  TEL,11930,S5,3653,1077,2946,5006,10000,0
A5 54 9B 2E 05 26 0E 34 04 82 0B 8E 13 10 27 00 00 00 B5  TEL,11931,S5,3622,1076,2946,5006,10000,0
A5 54 9C 2E 05 83 0E 37 04 82 0B 8E 13 10 27 00 00 00 5F  TEL,11932,S5,3715,1079,2946,5006,10000,0
A5 54 9D 2E 05 26 0E 34 04 82 0B 8E 13 10 27 00 00 00 B9  TEL,11933,S5,3622,1076,2946,5006,10000,0
A5 54 9E 2E 05 45 0E 35 04 82 0B 8E 13 10 27 00 00 00 1E  TEL,11934,S5,3653,1077,2946,5006,10000,0
A5 54 9F 2E 05 07 0E 33 04 82 0B 8E 13 10 27 00 00 00 8A  TEL,11935,S5,3591,1075,2946,5006,10000,0
A5 54 A0 2E 05 83 0E 37 04 82 0B 8E 13 11 27 00 00 00 45  TEL,11936,S5,3715,1079,2946,5006,10001,0
A5 54 A1 2E 05 AA 0D 2F 04 82 0B 8E 13 0F 27 00 00 00 19  TEL,11937,S5,3498,1071,2946,5006,9999,0
A5 54 A2 2E 05 26 0E 34 04 82 0B 8E 13 10 27 00 00 00 C7  TEL,11938,S5,3622,1076,2946,5006,10000,0
A5 54 A3 2E 05 07 0E 33 04 82 0B 8E 13 10 27 00 00 00 F2  TEL,11939,S5,3591,1075,2946,5006,10000,0
A5 54 A4 2E 05 AA 0D 2F 04 82 0B 8E 13 10 27 00 00 00 11  TEL,11940,S5,3498,1071,2946,5006,10000,0
A5 54 A5 2E 05 64 0E 36 04 82 0B 8E 13 10 27 00 00 00 23  TEL,11941,S5,3684,1078,2946,5006,10000,0
A5 54 A6 2E 05 64 0E 36 04 82 0B 8E 13 10 27 00 00 00 25  TEL,11942,S5,3684,1078,2946,5006,10000,0
A5 54 A7 2E 05 07 0E 33 04 82 0B 8E 13 10 27 00 00 00 FA  TEL,11943,S5,3591,1075,2946,5006,10000,0
A5 54 A8 2E 05 26 0E 34 04 82 0B 8E 13 10 27 00 00 00 D3  TEL,11944,S5,3622,1076,2946,5006,10000,0
A5 54 A9 2E 05 45 0E 35 04 82 0B 8E 13 10 27 00 00 00 70  TEL,11945,S5,3653,1077,2946,5006,10000,0
A5 54 AA 2E 05 07 0E 33 04 82 0B 8E 13 10 27 00 00 00 E0  TEL,11946,S5,3591,1075,2946,5006,10000,0
A5 54 AB 2E 05 26 0E 34 04 82 0B 8E 13 10 27 00 00 00 D5  TEL,11947,S5,3622,1076,2946,5006,10000,0
A5 54 AC 2E 05 64 0E 36 04 82 0B 8E 13 10 27 00 00 00 31  TEL,11948,S5,3684,1078,2946,5006,10000,0
A5 54 AD 2E 05 83 0E 37 04 82 0B 8E 13 10 27 00 00 00 3D  TEL,11949,S5,3715,1079,2946,5006,10000,0
A5 54 AE 2E 05 45 0E 35 04 82 0B 8E 13 10 27 00 00 00 7E  TEL,11950,S5,3653,1077,2946,5006,10000,0
A5 54 AF 2E 05 07 0E 33 04 82 0B 8E 13 10 27 00 00 00 EA  TEL,11951,S5,3591,1075,2946,5006,10000,0
A5 54 B0 2E 05 26 0E 34 04 82 0B 8E 13 10 27 00 00 00 E3  TEL,11952,S5,3622,1076,2946,5006,10000,0
A5 54 B1 2E 05 A3 0E 38 04 82 0B 8E 13 10 27 00 00 00 5E  TEL,11953,S5,3747,1080,2946,5006,10000,0
A5 54 B2 2E 05 07 0E 33 04 82 0B 8E 13 10 27 00 00 00 D0  TEL,11954,S5,3591,1075,2946,5006,10000,0
A5 54 B3 2E 05 64 0E 36 04 82 0B 8E 13 10 27 00 00 00 0F  TEL,11955,S5,3684,1078,2946,5006,10000,0
A5 54 B4 2E 05 E8 0D 32 04 82 0B 8E 13 10 27 00 00 00 89  TEL,11956,S5,3560,1074,2946,5006,10000,0
A5 54 B5 2E 05 45 0E 35 04 82 0B 8E 13 10 27 00 00 00 48  TEL,11957,S5,3653,1077,2946,5006,10000,0
A5 54 B6 2E 05 64 0E 36 04 82 0B 8E 13 10 27 00 00 00 05  TEL,11958,S5,3684,1078,2946,5006,10000,0
A5 54 B7 2E 05 C2 0E 39 04 82 0B 8E 13 10 27 00 00 00 DC  TEL,11959,S5,3778,1081,2946,5006,10000,0
A5 54 B8 2E 05 64 0E 36 04 82 0B 8E 13 10 27 00 00 00 19  TEL,11960,S5,3684,1078,2946,5006,10000,0
A5 54 B9 2E 05 A3 0E 38 04 82 0B 8F 13 10 27 00 00 00 91  TEL,11961,S5,3747,1080,2946,5007,10000,0
A5 54 BA 2E 05 45 0E 35 04 82 0B 8E 13 10 27 00 00 00 56  TEL,11962,S5,3653,1077,2946,5006,10000,0
A5 54 BB 2E 05 26 0E 34 04 82 0B 8E 13 10 27 00 00 00 F5  TEL,11963,S5,3622,1076,2946,5006,10000,0
A5 42 46 00 05 BC 2E 5C 5F 5F 0C 74 5F 5F 0C 76 5F 5F 0C 29  BTN,70,S5,PRESSED,11964,207576924,207576948,207576950
A5 54 BD 2E 05 26 0E 34 04 82 0B 8F 13 10 27 00 00 00 26  TEL,11965,S5,3622,1076,2946,5007,10000,0
A5 54 BE 2E 05 45 0E 35 04 82 0B 8E 13 10 27 00 00 00 5E  TEL,11966,S5,3653,1077,2946,5006,10000,0
A5 54 BF 2E 05 45 0E 35 04 82 0B 8E 13 10 27 00 00 00 5C  TEL,11967,S5,3653,1077,2946,5006,10000,0
A5 54 C0 2E 05 26 0E 34 04 82 0B 8E 13 10 27 00 00 00 03  TEL,11968,S5,3622,1076,2946,5006,10000,0
A5 54 C1 2E 05 26 0E 34 04 82 0B 8E 13 10 27 00 00 00 01  TEL,11969,S5,3622,1076,2946,5006,10000,0
A5 54 C2 2E 05 07 0E 33 04 82 0B 8E 13 10 27 00 00 00 30  TEL,11970,S5,3591,1075,2946,5006,10000,0
A5 54 C3 2E 05 45 0E 35 04 82 0B 8E 13 10 27 00 00 00 A4  TEL,11971,S5,3653,1077,2946,5006,10000,0
A5 54 C4 2E 05 26 0E 34 04 82 0B 8E 13 10 27 00 00 00 0B  TEL,11972,S5,3622,1076,2946,5006,10000,0
A5 54 C5 2E 05 45 0E 35 04 82 0B 8E 13 10 27 00 00 00 A8  TEL,11973,S5,3653,1077,2946,5006,10000,0
A5 54 C6 2E 05 07 0E 33 04 82 0B 8E 13 10 27 00 00 00 38  TEL,11974,S5,3591,1075,2946,5006,10000,0
A5 54 C7 2E 05 45 0E 35 04 82 0B 8E 13 10 27 00 00 00 AC  TEL,11975,S5,3653,1077,2946,5006,10000,0
A5 54 C8 2E 05 AA 0D 2F 04 82 0B 8E 13 10 27 00 00 00 C9  TEL,11976,S5,3498,1071,2946,5006,10000,0
A5 54 C9 2E 05 E8 0D 32 04 82 0B 8E 13 10 27 00 00 00 73  TEL,11977,S5,3560,1074,2946,5006,10000,0
A5 54 CA 2E 05 45 0E 35 04 82 0B 8E 13 10 27 00 00 00 B6  TEL,11978,S5,3653,1077,2946,5006,10000,0
A5 54 CB 2E 05 26 0E 34 04 82 0B 8E 13 10 27 00 00 00 15  TEL,11979,S5,3622,1076,2946,5006,10000,0
A5 54 CC 2E 05 64 0E 36 04 82 0B 8E 13 10 27 00 00 00 F1  TEL,11980,S5,3684,1078,2946,5006,10000,0
A5 54 CD 2E 05 07 0E 33 04 82 0B 8E 13 10 27 00 00 00 2E  TEL,11981,S5,3591,1075,2946,5006,10000,0
A5 54 CE 2E 05 26 0E 34 04 82 0B 8E 13 10 27 00 00 00 1F  TEL,11982,S5,3622,1076,2946,5006,10000,0
A5 54 CF 2E 05 07 0E 33 04 82 0B 8E 13 10 27 00 00 00 2A  TEL,11983,S5,3591,1075,2946,5006,10000,0
A5 54 D0 2E 05 07 0E 33 04 82 0B 8E 13 10 27 00 00 00 14  TEL,11984,S5,3591,1075,2946,5006,10000,0
A5 54 D1 2E 05 07 0E 33 04 82 0B 8E 13 10 27 00 00 00 16  TEL,11985,S5,3591,1075,2946,5006,10000,0
A5 54 D2 2E 05 45 0E 35 04 82 0B 8F 13 10 27 00 00 00 59  TEL,11986,S5,3653,1077,2946,5007,10000,0
A5 54 D3 2E 05 07 0E 33 04 82 0B 8E 13 10 27 00 00 00 12  TEL,11987,S5,3591,1075,2946,5006,10000,0
A5 54 D4 2E 05 07 0E 33 04 82 0B 8E 13 10 27 00 00 00 1C  TEL,11988,S5,3591,1075,2946,5006,10000,0
A5 54 D5 2E 05 64 0E 36 04 82 0B 8E 13 10 27 00 00 00 C3  TEL,11989,S5,3684,1078,2946,5006,10000,0
A5 54 D6 2E 05 45 0E 35 04 82 0B 8E 13 10 27 00 00 00 8E  TEL,11990,S5,3653,1077,2946,5006,10000,0
A5 54 D7 2E 05 C9 0D 30 04 82 0B 8E 13 10 27 00 00 00 1B  TEL,11991,S5,3529,1072,2946,5006,10000,0
A5 54 D8 2E 05 E8 0D 32 04 82 0B 8E 13 10 27 00 00 00 51  TEL,11992,S5,3560,1074,2946,5006,10000,0
A5 54 D9 2E 05 64 0E 36 04 82 0B 8E 13 10 27 00 00 00 DB  TEL,11993,S5,3684,1078,2946,5006,10000,0
A5 54 DA 2E 05 26 0E 34 04 82 0B 8E 13 10 27 00 00 00 37  TEL,11994,S5,3622,1076,2946,5006,10000,0
A5 54 DB 2E 05 26 0E 34 04 82 0B 8E 13 10 27 00 00 00 35  TEL,11995,S5,3622,1076,2946,5006,10000,0
A5 54 DC 2E 05 83 0E 37 04 82 0B 8E 13 10 27 00 00 00 DF  TEL,11996,S5,3715,1079,2946,5006,10000,0
A5 54 DD 2E 05 45 0E 35 04 82 0B 8E 13 10 27 00 00 00 98  TEL,11997,S5,3653,1077,2946,5006,10000,0
A5 54 DE 2E 05 26 0E 34 04 82 0B 8E 13 10 27 00 00 00 3F  TEL,11998,S5,3622,1076,2946,5006,10000,0
A5 54 DF 2E 05 07 0E 33 04 82 0B 8E 13 10 27 00 00 00 0A  TEL,11999,S5,3591,1075,2946,5006,10000,0
A5 54 E0 2E 05 07 0E 33 04 82 0B 8E 13 10 27 00 00 00 74  TEL,12000,S5,3591,1075,2946,5006,10000,0
A5 54 E1 2E 05 E8 0D 32 04 82 0B 8E 13 10 27 00 00 00 23  TEL,12001,S5,3560,1074,2946,5006,10000,0
A5 54 E2 2E 05 45 0E 35 04 82 0B 8E 13 10 27 00 00 00 E6  TEL,12002,S5,3653,1077,2946,5006,10000,0
A5 54 E3 2E 05 07 0E 33 04 82 0B 8E 13 10 27 00 00 00 72  TEL,12003,S5,3591,1075,2946,5006,10000,0
A5 54 E4 2E 05 45 0E 35 04 82 0B 8E 13 10 27 00 00 00 EA  TEL,12004,S5,3653,1077,2946,5006,10000,0
A5 54 E5 2E 05 26 0E 34 04 82 0B 8E 13 10 27 00 00 00 49  TEL,12005,S5,3622,1076,2946,5006,10000,0
A5 54 E6 2E 05 45 0E 35 04 82 0B 8E 13 10 27 00 00 00 EE  TEL,12006,S5,3653,1077,2946,5006,10000,0
A5 54 E7 2E 05 07 0E 33 04 82 0B 8E 13 10 27 00 00 00 7A  TEL,12007,S5,3591,1075,2946,5006,10000,0
A5 54 E8 2E 05 45 0E 35 04 82 0B 8E 13 10 27 00 00 00 F2  TEL,12008,S5,3653,1077,2946,5006,10000,0
A5 54 E9 2E 05 64 0E 36 04 82 0B 8E 13 10 27 00 00 00 BB  TEL,12009,S5,3684,1078,2946,5006,10000,0
A5 54 EA 2E 05 45 0E 35 04 82 0B 8E 13 10 27 00 00 00 F6  TEL,12010,S5,3653,1077,2946,5006,10000,0
A5 54 EB 2E 05 45 0E 35 04 82 0B 8E 13 10 27 00 00 00 F4  TEL,12011,S5,3653,1077,2946,5006,10000,0
A5 54 EC 2E 05 07 0E 33 04 82 0B 8E 13 10 27 00 00 00 6C  TEL,12012,S5,3591,1075,2946,5006,10000,0
A5 54 ED 2E 05 E8 0D 32 04 82 0B 8E 13 10 27 00 00 00 3B  TEL,12013,S5,3560,1074,2946,5006,10000,0
A5 54 EE 2E 05 A3 0E 38 04 82 0B 8E 13 10 27 00 00 00 E0  TEL,12014,S5,3747,1080,2946,5006,10000,0
A5 54 EF 2E 05 07 0E 33 04 82 0B 8E 13 10 27 00 00 00 6A  TEL,12015,S5,3591,1075,2946,5006,10000,0
A5 54 F0 2E 05 A3 0E 38 04 82 0B 8E 13 10 27 00 00 00 DC  TEL,12016,S5,3747,1080,2946,5006,10000,0
A5 54 F1 2E 05 A3 0E 38 04 82 0B 8E 13 10 27 00 00 00 DE  TEL,12017,S5,3747,1080,2946,5006,10000,0
A5 54 F2 2E 05 45 0E 35 04 82 0B 8E 13 10 27 00 00 00 C6  TEL,12018,S5,3653,1077,2946,5006,10000,0
A5 54 F3 2E 05 45 0E 35 04 82 0B 8E 13 10 27 00 00 00 C4  TEL,12019,S5,3653,1077,2946,5006,10000,0
A5 54 F4 2E 05 07 0E 33 04 82 0B 8E 13 10 27 00 00 00 5C  TEL,12020,S5,3591,1075,2946,5006,10000,0
A5 54 F5 2E 05 A3 0E 38 04 82 0B 8E 13 10 27 00 00 00 D6  TEL,12021,S5,3747,1080,2946,5006,10000,0
A5 54 F6 2E 05 45 0E 35 04 82 0B 8E 13 10 27 00 00 00 CE  TEL,12022,S5,3653,1077,2946,5006,10000,0
A5 54 F7 2E 05 07 0E 33 04 82 0B 8E 13 10 27 00 00 00 5A  TEL,12023,S5,3591,1075,2946,5006,10000,0
A5 54 F8 2E 05 07 0E 33 04 82 0B 8E 13 10 27 00 00 00 44  TEL,12024,S5,3591,1075,2946,5006,10000,0
A5 54 F9 2E 05 26 0E 34 04 82 0B 8E 13 10 27 00 00 00 71  TEL,12025,S5,3622,1076,2946,5006,10000,0
A5 54 FA 2E 05 26 0E 34 04 82 0B 8E 13 10 27 00 00 00 77  TEL,12026,S5,3622,1076,2946,5006,10000,0
A5 54 FB 2E 05 45 0E 35 04 82 0B 8E 13 10 27 00 00 00 D4  TEL,12027,S5,3653,1077,2946,5006,10000,0
A5 54 FC 2E 05 26 0E 34 04 82 0B 8E 13 10 27 00 00 00 7B  TEL,12028,S5,3622,1076,2946,5006,10000,0
A5 54 FD 2E 05 64 0E 36 04 82 0B 8E 13 10 27 00 00 00 93  TEL,12029,S5,3684,1078,2946,5006,10000,0
A5 54 FE 2E 05 26 0E 34 04 82 0B 8E 13 10 27 00 00 00 7F  TEL,12030,S5,3622,1076,2946,5006,10000,0
A5 54 FF 2E 05 26 0E 34 04 82 0B 8E 13 10 27 00 00 00 7D  TEL,12031,S5,3622,1076,2946,5006,10000,0
A5 54 00 2F 05 07 0E 33 04 82 0B 8E 13 10 27 00 00 00 06  TEL,12032,S5,3591,1075,2946,5006,10000,0
A5 54 01 2F 05 8A 0D 2E 04 82 0B 8E 13 10 27 00 00 00 08  TEL,12033,S5,3466,1070,2946,5006,10000,0
A5 54 02 2F 05 45 0E 35 04 82 0B 8E 13 10 27 00 00 00 94  TEL,12034,S5,3653,1077,2946,5006,10000,0
A5 54 03 2F 05 07 0E 33 04 82 0B 8E 13 10 27 00 00 00 00  TEL,12035,S5,3591,1075,2946,5006,10000,0
A5 54 04 2F 05 07 0E 33 04 82 0B 8E 13 10 27 00 00 00 0E  TEL,12036,S5,3591,1075,2946,5006,10000,0
A5 54 05 2F 05 26 0E 34 04 82 0B 8E 13 11 27 00 00 00 59  TEL,12037,S5,3622,1076,2946,5006,10001,0
A5 54 06 2F 05 07 0E 33 04 82 0B 8E 13 0F 27 00 00 00 08  TEL,12038,S5,3591,1075,2946,5006,9999,0
A5 54 07 2F 05 07 0E 33 04 82 0B 8E 13 10 27 00 00 00 08  TEL,12039,S5,3591,1075,2946,5006,10000,0
A5 54 08 2F 05 07 0E 33 04 82 0B 8E 13 10 27 00 00 00 16  TEL,12040,S5,3591,1075,2946,5006,10000,0
A5 54 09 2F 05 83 0E 37 04 82 0B 8E 13 10 27 00 00 00 C7  TEL,12041,S5,3715,1079,2946,5006,10000,0
A5 54 0A 2F 05 45 0E 35 04 82 0B 8E 13 10 27 00 00 00 84  TEL,12042,S5,3653,1077,2946,5006,10000,0
A5 54 0B 2F 05 64 0E 36 04 82 0B 8E 13 10 27 00 00 00 CD  TEL,12043,S5,3684,1078,2946,5006,10000,0
A5 54 0C 2F 05 07 0E 33 04 82 0B 8E 13 10 27 00 00 00 1E  TEL,12044,S5,3591,1075,2946,5006,10000,0
A5 54 0D 2F 05 26 0E 34 04 82 0B 8E 13 10 27 00 00 00 2B  TEL,12045,S5,3622,1076,2946,5006,10000,0
A5 54 0E 2F 05 45 0E 35 04 82 0B 8E 13 10 27 00 00 00 8C  TEL,12046,S5,3653,1077,2946,5006,10000,0
A5 54 0F 2F 05 07 0E 33 04 82 0B 8E 13 10 27 00 00 00 18  TEL,12047,S5,3591,1075,2946,5006,10000,0
A5 54 10 2F 05 07 0E 33 04 82 0B 8E 13 10 27 00 00 00 26  TEL,12048,S5,3591,1075,2946,5006,10000,0
A5 54 11 2F 05 45 0E 35 04 82 0B 8E 13 10 27 00 00 00 B2  TEL,12049,S5,3653,1077,2946,5006,10000,0
A5 54 12 2F 05 45 0E 35 04 82 0B 8E 13 10 27 00 00 00 B4  TEL,12050,S5,3653,1077,2946,5006,10000,0
A5 54 13 2F 05 07 0E 33 04 82 0B 8E 13 10 27 00 00 00 20  TEL,12051,S5,3591,1075,2946,5006,10000,0
A5 54 14 2F 05 07 0E 33 04 82 0B 8E 13 10 27 00 00 00 2E  TEL,12052,S5,3591,1075,2946,5006,10000,0
A5 54 15 2F 05 AA 0D 2F 04 82 0B 8E 13 10 27 00 00 00 C1  TEL,12053,S5,3498,1071,2946,5006,10000,0
A5 54 16 2F 05 C9 0D 31 04 82 0B 8E 13 10 27 00 00 00 34  TEL,12054,S5,3529,1073,2946,5006,10000,0
A5 54 17 2F 05 07 0E 33 04 82 0B 8E 13 10 27 00 00 00 28  TEL,12055,S5,3591,1075,2946,5006,10000,0
A5 54 18 2F 05 07 0E 33 04 82 0B 8E 13 10 27 00 00 00 36  TEL,12056,S5,3591,1075,2946,5006,10000,0
A5 54 19 2F 05 45 0E 35 04 82 0B 8E 13 10 27 00 00 00 A2  TEL,12057,S5,3653,1077,2946,5006,10000,0
A5 54 1A 2F 05 A3 0E 38 04 82 0B 8E 13 10 27 00 00 00 BA  TEL,12058,S5,3747,1080,2946,5006,10000,0
A5 54 1B 2F 05 45 0E 35 04 82 0B 8E 13 10 27 00 00 00 A6  TEL,12059,S5,3653,1077,2946,5006,10000,0
A5 54 1C 2F 05 45 0E 35 04 82 0B 8E 13 10 27 00 00 00 A8  TEL,12060,S5,3653,1077,2946,5006,10000,0
A5 54 1D 2F 05 26 0E 34 04 82 0B 8E 13 10 27 00 00 00 0B  TEL,12061,S5,3622,1076,2946,5006,10000,0
A5 54 1E 2F 05 45 0E 35 04 82 0B 8E 13 10 27 00 00 00 AC  TEL,12062,S5,3653,1077,2946,5006,10000,0
A5 54 1F 2F 05 26 0E 34 04 82 0B 8E 13 10 27 00 00 00 0F  TEL,12063,S5,3622,1076,2946,5006,10000,0
A5 54 20 2F 05 26 0E 34 04 82 0B 8E 13 10 27 00 00 00 71  TEL,12064,S5,3622,1076,2946,5006,10000,0
A5 54 21 2F 05 A3 0E 38 04 82 0B 8E 13 10 27 00 00 00 CC  TEL,12065,S5,3747,1080,2946,5006,10000,0
A5 54 22 2F 05 45 0E 35 04 82 0B 8E 13 10 27 00 00 00 D4  TEL,12066,S5,3653,1077,2946,5006,10000,0
A5 54 23 2F 05 26 0E 34 04 82 0B 8E 13 10 27 00 00 00 77  TEL,12067,S5,3622,1076,2946,5006,10000,0
A5 54 24 2F 05 07 0E 33 04 82 0B 8E 13 10 27 00 00 00 4E  TEL,12068,S5,3591,1075,2946,5006,10000,0
A5 54 25 2F 05 A3 0E 38 04 82 0B 8E 13 10 27 00 00 00 C4  TEL,12069,S5,3747,1080,2946,5006,10000,0
A5 54 26 2F 05 45 0E 35 04 82 0B 8E 13 10 27 00 00 00 DC  TEL,12070,S5,3653,1077,2946,5006,10000,0
A5 54 27 2F 05 07 0E 33 04 82 0B 8E 13 10 27 00 00 00 48  TEL,12071,S5,3591,1075,2946,5006,10000,0
A5 54 28 2F 05 07 0E 33 04 82 0B 8E 13 10 27 00 00 00 56  TEL,12072,S5,3591,1075,2946,5006,10000,0
A5 54 29 2F 05 07 0E 33 04 82 0B 8E 13 10 27 00 00 00 54  TEL,12073,S5,3591,1075,2946,5006,10000,0
A5 54 2A 2F 05 45 0E 35 04 82 0B 8E 13 10 27 00 00 00 C4  TEL,12074,S5,3653,1077,2946,5006,10000,0
A5 54 2B 2F 05 45 0E 35 04 82 0B 8E 13 10 27 00 00 00 C6  TEL,12075,S5,3653,1077,2946,5006,10000,0
A5 54 2C 2F 05 07 0E 33 04 82 0B 8E 13 10 27 00 00 00 5E  TEL,12076,S5,3591,1075,2946,5006,10000,0
A5 54 2D 2F 05 26 0E 34 04 82 0B 8E 13 10 27 00 00 00 6B  TEL,12077,S5,3622,1076,2946,5006,10000,0
A5 54 2E 2F 05 45 0E 35 04 82 0B 8E 13 10 27 00 00 00 CC  TEL,12078,S5,3653,1077,2946,5006,10000,0
A5 54 2F 2F 05 26 0E 34 04 82 0B 8E 13 10 27 00 00 00 6F  TEL,12079,S5,3622,1076,2946,5006,10000,0
A5 54 30 2F 05 07 0E 33 04 82 0B 8E 13 10 27 00 00 00 66  TEL,12080,S5,3591,1075,2946,5006,10000,0
A5 54 31 2F 05 45 0E 35 04 82 0B 8E 13 10 27 00 00 00 F2  TEL,12081,S5,3653,1077,2946,5006,10000,0
A5 54 32 2F 05 45 0E 35 04 82 0B 8E 13 10 27 00 00 00 F4  TEL,12082,S5,3653,1077,2946,5006,10000,0
A5 54 33 2F 05 26 0E 34 04 82 0B 8E 13 10 27 00 00 00 57  TEL,12083,S5,3622,1076,2946,5006,10000,0
A5 54 34 2F 05 45 0E 35 04 82 0B 8E 13 10 27 00 00 00 F8  TEL,12084,S5,3653,1077,2946,5006,10000,0
A5 54 35 2F 05 A3 0E 38 04 82 0B 8E 13 10 27 00 00 00 E4  TEL,12085,S5,3747,1080,2946,5006,10000,0
A5 54 36 2F 05 26 0E 34 04 82 0B 8E 13 10 27 00 00 00 5D  TEL,12086,S5,3622,1076,2946,5006,10000,0
A5 54 37 2F 05 07 0E 33 04 82 0B 8E 13 10 27 00 00 00 68  TEL,12087,S5,3591,1075,2946,5006,10000,0
A5 54 38 2F 05 45 0E 35 04 82 0B 8E 13 10 27 00 00 00 E0  TEL,12088,S5,3653,1077,2946,5006,10000,0
A5 54 39 2F 05 C9 0D 31 04 82 0B 8E 13 10 27 00 00 00 6A  TEL,12089,S5,3529,1073,2946,5006,10000,0
A5 54 3A 2F 05 45 0E 35 04 82 0B 8E 13 10 27 00 00 00 E4  TEL,12090,S5,3653,1077,2946,5006,10000,0
A5 54 3B 2F 05 64 0E 36 04 82 0B 8E 13 10 27 00 00 00 AD  TEL,12091,S5,3684,1078,2946,5006,10000,0
A5 54 3C 2F 05 07 0E 33 04 82 0B 8E 13 10 27 00 00 00 7E  TEL,12092,S5,3591,1075,2946,5006,10000,0
A5 54 3D 2F 05 26 0E 34 04 82 0B 8E 13 10 27 00 00 00 4B  TEL,12093,S5,3622,1076,2946,5006,10000,0
A5 54 3E 2F 05 C9 0D 31 04 82 0B 8E 13 10 27 00 00 00 64  TEL,12094,S5,3529,1073,2946,5006,10000,0
A5 54 3F 2F 05 07 0E 33 04 82 0B 8E 13 10 27 00 00 00 78  TEL,12095,S5,3591,1075,2946,5006,10000,0
A5 54 40 2F 05 83 0E 37 04 82 0B 8E 13 10 27 00 00 00 55  TEL,12096,S5,3715,1079,2946,5006,10000,0
A5 54 41 2F 05 64 0E 36 04 82 0B 8E 13 10 27 00 00 00 59  TEL,12097,S5,3684,1078,2946,5006,10000,0
A5 54 42 2F 05 26 0E 34 04 82 0B 8E 13 10 27 00 00 00 B5  TEL,12098,S5,3622,1076,2946,5006,10000,0
A5 54 43 2F 05 07 0E 33 04 82 0B 8E 13 10 27 00 00 00 80  TEL,12099,S5,3591,1075,2946,5006,10000,0
A5 54 44 2F 05 07 0E 33 04 82 0B 8E 13 10 27 00 00 00 8E  TEL,12100,S5,3591,1075,2946,5006,10000,0
A5 54 45 2F 05 64 0E 36 04 82 0B 8E 13 10 27 00 00 00 51  TEL,12101,S5,3684,1078,2946,5006,10000,0
A5 54 46 2F 05 45 0E 35 04 82 0B 8E 13 10 27 00 00 00 1C  TEL,12102,S5,3653,1077,2946,5006,10000,0
A5 54 47 2F 05 45 0E 35 04 82 0B 8E 13 10 27 00 00 00 1E  TEL,12103,S5,3653,1077,2946,5006,10000,0
A5 54 48 2F 05 07 0E 33 04 82 0B 8E 13 10 27 00 00 00 96  TEL,12104,S5,3591,1075,2946,5006,10000,0
A5 54 49 2F 05 64 0E 36 04 82 0B 8E 13 10 27 00 00 00 49  TEL,12105,S5,3684,1078,2946,5006,10000,0
A5 54 4A 2F 05 45 0E 35 04 82 0B 8E 13 10 27 00 00 00 04  TEL,12106,S5,3653,1077,2946,5006,10000,0
A5 54 4B 2F 05 45 0E 35 04 82 0B 8E 13 10 27 00 00 00 06  TEL,12107,S5,3653,1077,2946,5006,10000,0
A5 54 4C 2F 05 07 0E 33 04 82 0B 8E 13 10 27 00 00 00 9E  TEL,12108,S5,3591,1075,2946,5006,10000,0
A5 42 47 00 05 4D 2F AD 6B 75 0C C5 6B 75 0C C7 6B 75 0C 62  BTN,71,S5,PRESSED,12109,209021869,209021893,209021895
A5 54 4E 2F 05 C2 0E 3A 04 82 0B DD 13 10 27 00 00 01 4A  TEL,12110,S5,3778,1082,2946,5085,10000,1
A5 54 4F 2F 05 07 0E 33 04 82 0B 8F 13 10 27 00 00 00 47  TEL,12111,S5,3591,1075,2946,5007,10000,0
A5 54 50 2F 05 26 0E 34 04 82 0B 8E 13 10 27 00 00 00 91  TEL,12112,S5,3622,1076,2946,5006,10000,0
A5 54 51 2F 05 07 0E 33 04 82 0B 8E 13 10 27 00 00 00 A4  TEL,12113,S5,3591,1075,2946,5006,10000,0
A5 54 52 2F 05 A3 0E 38 04 82 0B 8E 13 11 27 00 00 00 48  TEL,12114,S5,3747,1080,2946,5006,10001,0
A5 54 53 2F 05 C2 0E 39 04 82 0B 8E 13 0F 27 00 00 00 A4  TEL,12115,S5,3778,1081,2946,5006,9999,0
A5 54 54 2F 05 07 0E 33 04 82 0B 8E 13 10 27 00 00 00 AE  TEL,12116,S5,3591,1075,2946,5006,10000,0
A5 54 55 2F 05 07 0E 33 04 82 0B 8E 13 10 27 00 00 00 AC  TEL,12117,S5,3591,1075,2946,5006,10000,0
A5 54 56 2F 05 A3 0E 38 04 82 0B 8E 13 10 27 00 00 00 22  TEL,12118,S5,3747,1080,2946,5006,10000,0
A5 54 57 2F 05 A3 0E 38 04 82 0B 8E 13 10 27 00 00 00 20  TEL,12119,S5,3747,1080,2946,5006,10000,0
A5 54 58 2F 05 45 0E 35 04 82 0B 8E 13 10 27 00 00 00 20  TEL,12120,S5,3653,1077,2946,5006,10000,0
A5 54 59 2F 05 07 0E 33 04 82 0B 8E 13 10 27 00 00 00 B4  TEL,12121,S5,3591,1075,2946,5006,10000,0
A5 54 5A 2F 05 26 0E 34 04 82 0B A3 13 10 27 00 00 00 64  TEL,12122,S5,3622,1076,2946,5027,10000,0
A5 54 5B 2F 05 C9 0D 31 04 82 0B 8E 13 10 27 00 00 00 AE  TEL,12123,S5,3529,1073,2946,5006,10000,0
A5 54 5C 2F 05 45 0E 35 04 82 0B 8E 13 10 27 00 00 00 28  TEL,12124,S5,3653,1077,2946,5006,10000,0
A5 54 5D 2F 05 45 0E 35 04 82 0B 8E 13 10 27 00 00 00 2A  TEL,12125,S5,3653,1077,2946,5006,10000,0
A5 54 5E 2F 05 C9 0D 31 04 82 0B 8E 13 10 27 00 00 00 A4  TEL,12126,S5,3529,1073,2946,5006,10000,0
A5 54 5F 2F 05 64 0E 36 04 82 0B 8E 13 10 27 00 00 00 65  TEL,12127,S5,3684,1078,2946,5006,10000,0
A5 54 60 2F 05 07 0E 33 04 82 0B 8E 13 10 27 00 00 00 C6  TEL,12128,S5,3591,1075,2946,5006,10000,0
A5 54 61 2F 05 26 0E 34 04 82 0B 8E 13 10 27 00 00 00 F3  TEL,12129,S5,3622,1076,2946,5006,10000,0
A5 54 62 2F 05 45 0E 35 04 82 0B 8E 13 10 27 00 00 00 54  TEL,12130,S5,3653,1077,2946,5006,10000,0
A5 54 63 2F 05 45 0E 35 04 82 0B 8E 13 10 27 00 00 00 56  TEL,12131,S5,3653,1077,2946,5006,10000,0
A5 54 64 2F 05 07 0E 33 04 82 0B 8E 13 10 27 00 00 00 CE  TEL,12132,S5,3591,1075,2946,5006,10000,0
A5 54 65 2F 05 26 0E 34 04 82 0B 8E 13 10 27 00 00 00 FB  TEL,12133,S5,3622,1076,2946,5006,10000,0
A5 54 66 2F 05 26 0E 34 04 82 0B 8E 13 10 27 00 00 00 FD  TEL,12134,S5,3622,1076,2946,5006,10000,0
A5 54 67 2F 05 07 0E 33 04 82 0B 8E 13 10 27 00 00 00 C8  TEL,12135,S5,3591,1075,2946,5006,10000,0
A5 54 68 2F 05 A3 0E 38 04 82 0B 8E 13 10 27 00 00 00 5E  TEL,12136,S5,3747,1080,2946,5006,10000,0
A5 54 69 2F 05 26 0E 34 04 82 0B 8E 13 10 27 00 00 00 E3  TEL,12137,S5,3622,1076,2946,5006,10000,0
A5 54 6A 2F 05 45 0E 35 04 82 0B 8E 13 10 27 00 00 00 44  TEL,12138,S5,3653,1077,2946,5006,10000,0
A5 54 6B 2F 05 45 0E 35 04 82 0B 8E 13 10 27 00 00 00 46  TEL,12139,S5,3653,1077,2946,5006,10000,0
A5 54 6C 2F 05 26 0E 34 04 82 0B 8E 13 10 27 00 00 00 E9  TEL,12140,S5,3622,1076,2946,5006,10000,0
A5 54 6D 2F 05 A3 0E 38 04 82 0B 8E 13 10 27 00 00 00 54  TEL,12141,S5,3747,1080,2946,5006,10000,0
A5 54 6E 2F 05 45 0E 35 04 82 0B 8E 13 10 27 00 00 00 4C  TEL,12142,S5,3653,1077,2946,5006,10000,0
A5 54 6F 2F 05 07 0E 33 04 82 0B 8E 13 10 27 00 00 00 D8  TEL,12143,S5,3591,1075,2946,5006,10000,0
A5 54 70 2F 05 26 0E 34 04 82 0B 8E 13 10 27 00 00 00 D1  TEL,12144,S5,3622,1076,2946,5006,10000,0
A5 54 71 2F 05 64 0E 36 04 82 0B 8E 13 10 27 00 00 00 39  TEL,12145,S5,3684,1078,2946,5006,10000,0
A5 54 72 2F 05 45 0E 35 04 82 0B 8E 13 10 27 00 00 00 74  TEL,12146,S5,3653,1077,2946,5006,10000,0
A5 54 73 2F 05 64 0E 36 04 82 0B 8E 13 10 27 00 00 00 3D  TEL,12147,S5,3684,1078,2946,5006,10000,0
A5 54 74 2F 05 07 0E 33 04 82 0B 8E 13 10 27 00 00 00 EE  TEL,12148,S5,3591,1075,2946,5006,10000,0
A5 54 75 2F 05 64 0E 36 04 82 0B 8E 13 10 27 00 00 00 31  TEL,12149,S5,3684,1078,2946,5006,10000,0
A5 54 76 2F 05 A3 0E 38 04 82 0B 8E 13 10 27 00 00 00 62  TEL,12150,S5,3747,1080,2946,5006,10000,0
A5 54 77 2F 05 07 0E 33 04 82 0B 8E 13 10 27 00 00 00 E8  TEL,12151,S5,3591,1075,2946,5006,10000,0
A5 54 78 2F 05 AA 0D 2F 04 82 0B 8E 13 10 27 00 00 00 1B  TEL,12152,S5,3498,1071,2946,5006,10000,0
A5 54 79 2F 05 45 0E 35 04 82 0B 8E 13 10 27 00 00 00 62  TEL,12153,S5,3653,1077,2946,5006,10000,0
A5 54 7A 2F 05 45 0E 35 04 82 0B 8E 13 10 27 00 00 00 64  TEL,12154,S5,3653,1077,2946,5006,10000,0
A5 54 7B 2F 05 45 0E 35 04 82 0B 8E 13 10 27 00 00 00 66  TEL,12155,S5,3653,1077,2946,5006,10000,0
A5 54 7C 2F 05 45 0E 35 04 82 0B 8E 13 10 27 00 00 00 68  TEL,12156,S5,3653,1077,2946,5006,10000,0
A5 54 7D 2F 05 64 0E 36 04 82 0B 8E 13 10 27 00 00 00 21  TEL,12157,S5,3684,1078,2946,5006,10000,0
A5 54 7E 2F 05 45 0E 35 04 82 0B 8E 13 10 27 00 00 00 6C  TEL,12158,S5,3653,1077,2946,5006,10000,0
A5 54 7F 2F 05 07 0E 33 04 82 0B 8E 13 10 27 00 00 00 F8  TEL,12159,S5,3591,1075,2946,5006,10000,0
A5 54 80 2F 05 64 0E 36 04 82 0B 8E 13 10 27 00 00 00 DC  TEL,12160,S5,3684,1078,2946,5006,10000,0
A5 54 81 2F 05 07 0E 33 04 82 0B 8E 13 10 27 00 00 00 03  TEL,12161,S5,3591,1075,2946,5006,10000,0
A5 54 82 2F 05 45 0E 35 04 82 0B 8E 13 10 27 00 00 00 93  TEL,12162,S5,3653,1077,2946,5006,10000,0
A5 54 83 2F 05 07 0E 33 04 82 0B 8E 13 10 27 00 00 00 07  TEL,12163,S5,3591,1075,2946,5006,10000,0
A5 54 84 2F 05 45 0E 35 04 82 0B 8E 13 10 27 00 00 00 9F  TEL,12164,S5,3653,1077,2946,5006,10000,0
A5 54 85 2F 05 64 0E 36 04 82 0B 8E 13 10 27 00 00 00 D6  TEL,12165,S5,3684,1078,2946,5006,10000,0
A5 54 86 2F 05 45 0E 35 04 82 0B 8E 13 10 27 00 00 00 9B  TEL,12166,S5,3653,1077,2946,5006,10000,0
A5 54 87 2F 05 45 0E 35 04 82 0B 8E 13 10 27 00 00 00 99  TEL,12167,S5,3653,1077,2946,5006,10000,0
A5 54 88 2F 05 45 0E 35 04 82 0B 8E 13 10 27 00 00 00 87  TEL,12168,S5,3653,1077,2946,5006,10000,0
A5 54 89 2F 05 26 0E 34 04 82 0B 8E 13 10 27 00 00 00 24  TEL,12169,S5,3622,1076,2946,5006,10000,0
A5 54 8A 2F 05 45 0E 35 04 82 0B 8E 13 10 27 00 00 00 83  TEL,12170,S5,3653,1077,2946,5006,10000,0
A5 54 8B 2F 05 07 0E 33 04 82 0B 8E 13 10 27 00 00 00 17  TEL,12171,S5,3591,1075,2946,5006,10000,0
A5 54 8C 2F 05 07 0E 33 04 82 0B 8E 13 10 27 00 00 00 19  TEL,12172,S5,3591,1075,2946,5006,10000,0
A5 54 8D 2F 05 A3 0E 38 04 82 0B 8E 13 10 27 00 00 00 93  TEL,12173,S5,3747,1080,2946,5006,10000,0
A5 54 8E 2F 05 64 0E 36 04 82 0B 8E 13 10 27 00 00 00 C0  TEL,12174,S5,3684,1078,2946,5006,10000,0
A5 54 8F 2F 05 07 0E 33 04 82 0B 8E 13 10 27 00 00 00 1F  TEL,12175,S5,3591,1075,2946,5006,10000,0
A5 54 90 2F 05 64 0E 36 04 82 0B 8E 13 10 27 00 00 00 FC  TEL,12176,S5,3684,1078,2946,5006,10000,0
A5 54 91 2F 05 45 0E 35 04 82 0B 8E 13 10 27 00 00 00 B5  TEL,12177,S5,3653,1077,2946,5006,10000,0
A5 54 92 2F 05 45 0E 35 04 82 0B 8E 13 10 27 00 00 00 B3  TEL,12178,S5,3653,1077,2946,5006,10000,0
A5 54 93 2F 05 26 0E 34 04 82 0B 8E 13 10 27 00 00 00 10  TEL,12179,S5,3622,1076,2946,5006,10000,0
A5 54 94 2F 05 07 0E 33 04 82 0B 8E 13 10 27 00 00 00 29  TEL,12180,S5,3591,1075,2946,5006,10000,0
A5 54 95 2F 05 26 0E 34 04 82 0B 8E 13 10 27 00 00 00 1C  TEL,12181,S5,3622,1076,2946,5006,10000,0
A5 54 96 2F 05 26 0E 34 04 82 0B 8E 13 10 27 00 00 00 1A  TEL,12182,S5,3622,1076,2946,5006,10000,0
A5 54 97 2F 05 64 0E 36 04 82 0B 8E 13 10 27 00 00 00 F2  TEL,12183,S5,3684,1078,2946,5006,10000,0
A5 54 98 2F 05 07 0E 33 04 82 0B 8E 13 10 27 00 00 00 31  TEL,12184,S5,3591,1075,2946,5006,10000,0
A5 54 99 2F 05 26 0E 34 04 82 0B 8E 13 10 27 00 00 00 04  TEL,12185,S5,3622,1076,2946,5006,10000,0
A5 54 9A 2F 05 45 0E 35 04 82 0B 8E 13 10 27 00 00 00 A3  TEL,12186,S5,3653,1077,2946,5006,10000,0
A5 54 9B 2F 05 83 0E 37 04 82 0B 8E 13 10 27 00 00 00 E4  TEL,12187,S5,3715,1079,2946,5006,10000,0
A5 54 9C 2F 05 07 0E 33 04 82 0B 8E 13 10 27 00 00 00 39  TEL,12188,S5,3591,1075,2946,5006,10000,0
A5 54 9D 2F 05 E8 0D 32 04 82 0B 8E 13 10 27 00 00 00 6E  TEL,12189,S5,3560,1074,2946,5006,10000,0
A5 54 9E 2F 05 45 0E 35 04 82 0B 8F 13 10 27 00 00 00 74  TEL,12190,S5,3653,1077,2946,5007,10000,0
A5 54 9F 2F 05 64 0E 36 04 82 0B 8E 13 10 27 00 00 00 E2  TEL,12191,S5,3684,1078,2946,5006,10000,0
A5 54 A0 2F 05 07 0E 33 04 82 0B 8E 13 10 27 00 00 00 41  TEL,12192,S5,3591,1075,2946,5006,10000,0
A5 54 A1 2F 05 26 0E 34 04 82 0B 8E 13 10 27 00 00 00 74  TEL,12193,S5,3622,1076,2946,5006,10000,0
A5 54 A2 2F 05 45 0E 35 04 82 0B 8E 13 10 27 00 00 00 D3  TEL,12194,S5,3653,1077,2946,5006,10000,0
A5 54 A3 2F 05 07 0E 33 04 82 0B 8E 13 10 27 00 00 00 47  TEL,12195,S5,3591,1075,2946,5006,10000,0
A5 54 A4 2F 05 83 0E 37 04 82 0B 8E 13 10 27 00 00 00 9A  TEL,12196,S5,3715,1079,2946,5006,10000,0
A5 54 A5 2F 05 C9 0D 31 04 82 0B 8E 13 10 27 00 00 00 55  TEL,12197,S5,3529,1073,2946,5006,10000,0
A5 54 A6 2F 05 45 0E 35 04 82 0B 8E 13 10 27 00 00 00 DB  TEL,12198,S5,3653,1077,2946,5006,10000,0
A5 54 A7 2F 05 07 0E 33 04 82 0B 8E 13 10 27 00 00 00 4F  TEL,12199,S5,3591,1075,2946,5006,10000,0
A5 54 A8 2F 05 E8 0D 32 04 82 0B 8E 13 10 27 00 00 00 04  TEL,12200,S5,3560,1074,2946,5006,10000,0
A5 54 A9 2F 05 A3 0E 38 04 82 0B 8E 13 10 27 00 00 00 DB  TEL,12201,S5,3747,1080,2946,5006,10000,0
A5 54 AA 2F 05 83 0E 37 04 82 0B 8E 13 10 27 00 00 00 86  TEL,12202,S5,3715,1079,2946,5006,10000,0
A5 54 AB 2F 05 45 0E 35 04 82 0B 8E 13 10 27 00 00 00 C1  TEL,12203,S5,3653,1077,2946,5006,10000,0
A5 54 AC 2F 05 A3 0E 38 04 82 0B 8E 13 10 27 00 00 00 D1  TEL,12204,S5,3747,1080,2946,5006,10000,0
A5 54 AD 2F 05 64 0E 36 04 82 0B 8E 13 10 27 00 00 00 86  TEL,12205,S5,3684,1078,2946,5006,10000,0
A5 54 AE 2F 05 64 0E 36 04 82 0B 8E 13 10 27 00 00 00 80  TEL,12206,S5,3684,1078,2946,5006,10000,0
A5 54 AF 2F 05 07 0E 33 04 82 0B 8E 13 10 27 00 00 00 5F  TEL,12207,S5,3591,1075,2946,5006,10000,0
A5 54 B0 2F 05 07 0E 33 04 82 0B 8E 13 10 27 00 00 00 61  TEL,12208,S5,3591,1075,2946,5006,10000,0
A5 54 B1 2F 05 C9 0D 30 04 82 0B 8E 13 10 27 00 00 00 62  TEL,12209,S5,3529,1072,2946,5006,10000,0
A5 54 B2 2F 05 C9 0D 31 04 82 0B 8E 13 10 27 00 00 00 7B  TEL,12210,S5,3529,1073,2946,5006,10000,0
A5 54 B3 2F 05 07 0E 33 04 82 0B 8E 13 10 27 00 00 00 67  TEL,12211,S5,3591,1075,2946,5006,10000,0
A5 54 B4 2F 05 45 0E 35 04 82 0B 8E 13 10 27 00 00 00 FF  TEL,12212,S5,3653,1077,2946,5006,10000,0
A5 54 B5 2F 05 26 0E 34 04 82 0B 8E 13 10 27 00 00 00 5C  TEL,12213,S5,3622,1076,2946,5006,10000,0
A5 54 B6 2F 05 45 0E 35 04 82 0B 8E 13 10 27 00 00 00 FB  TEL,12214,S5,3653,1077,2946,5006,10000,0
A5 54 B7 2F 05 07 0E 33 04 82 0B 8E 13 10 27 00 00 00 6F  TEL,12215,S5,3591,1075,2946,5006,10000,0
A5 54 B8 2F 05 07 0E 33 04 82 0B 8E 13 10 27 00 00 00 71  TEL,12216,S5,3591,1075,2946,5006,10000,0
A5 54 B9 2F 05 07 0E 33 04 82 0B 8E 13 10 27 00 00 00 73  TEL,12217,S5,3591,1075,2946,5006,10000,0
A5 54 BA 2F 05 A3 0E 38 04 82 0B 8E 13 10 27 00 00 00 FD  TEL,12218,S5,3747,1080,2946,5006,10000,0
A5 54 BB 2F 05 45 0E 35 04 82 0B 8E 13 10 27 00 00 00 E1  TEL,12219,S5,3653,1077,2946,5006,10000,0
A5 54 BC 2F 05 A3 0E 38 04 82 0B 8E 13 10 27 00 00 00 F1  TEL,12220,S5,3747,1080,2946,5006,10000,0
A5 54 BD 2F 05 A3 0E 38 04 82 0B 8E 13 10 27 00 00 00 F3  TEL,12221,S5,3747,1080,2946,5006,10000,0
A5 54 BE 2F 05 26 0E 34 04 82 0B 8E 13 10 27 00 00 00 4A  TEL,12222,S5,3622,1076,2946,5006,10000,0
A5 54 BF 2F 05 45 0E 35 04 82 0B 8E 13 10 27 00 00 00 E9  TEL,12223,S5,3653,1077,2946,5006,10000,0
A5 54 C0 2F 05 07 0E 33 04 82 0B 8E 13 10 27 00 00 00 81  TEL,12224,S5,3591,1075,2946,5006,10000,0
A5 54 C1 2F 05 C2 0E 3A 04 82 0B 8E 13 10 27 00 00 00 A4  TEL,12225,S5,3778,1082,2946,5006,10000,0
A5 54 C2 2F 05 45 0E 35 04 82 0B 8E 13 10 27 00 00 00 13  TEL,12226,S5,3653,1077,2946,5006,10000,0
A5 54 C3 2F 05 45 0E 35 04 82 0B 8E 13 10 27 00 00 00 11  TEL,12227,S5,3653,1077,2946,5006,10000,0
A5 54 C4 2F 05 07 0E 33 04 82 0B 8E 13 10 27 00 00 00 89  TEL,12228,S5,3591,1075,2946,5006,10000,0
A5 54 C5 2F 05 26 0E 34 04 82 0B 8E 13 10 27 00 00 00 BC  TEL,12229,S5,3622,1076,2946,5006,10000,0
A5 54 C6 2F 05 45 0E 35 04 82 0B 8E 13 10 27 00 00 00 1B  TEL,12230,S5,3653,1077,2946,5006,10000,0
A5 54 C7 2F 05 26 0E 34 04 82 0B 8E 13 10 27 00 00 00 B8  TEL,12231,S5,3622,1076,2946,5006,10000,0
A5 54 C8 2F 05 C2 0E 39 04 82 0B 8E 13 10 27 00 00 00 97  TEL,12232,S5,3778,1081,2946,5006,10000,0
A5 54 C9 2F 05 26 0E 34 04 82 0B 8E 13 10 27 00 00 00 A4  TEL,12233,S5,3622,1076,2946,5006,10000,0
A5 54 CA 2F 05 45 0E 35 04 82 0B 8E 13 10 27 00 00 00 03  TEL,12234,S5,3653,1077,2946,5006,10000,0
A5 54 CB 2F 05 64 0E 36 04 82 0B 8E 13 10 27 00 00 00 4A  TEL,12235,S5,3684,1078,2946,5006,10000,0
A5 54 CC 2F 05 07 0E 33 04 82 0B 8E 13 10 27 00 00 00 99  TEL,12236,S5,3591,1075,2946,5006,10000,0
A5 54 CD 2F 05 A3 0E 38 04 82 0B 8E 13 10 27 00 00 00 13  TEL,12237,S5,3747,1080,2946,5006,10000,0
A5 54 CE 2F 05 26 0E 34 04 82 0B 8E 13 10 27 00 00 00 AA  TEL,12238,S5,3622,1076,2946,5006,10000,0
A5 54 CF 2F 05 45 0E 35 04 82 0B 8E 13 10 27 00 00 00 09  TEL,12239,S5,3653,1077,2946,5006,10000,0
A5 54 D0 2F 05 07 0E 33 04 82 0B 8F 13 10 27 00 00 00 7E  TEL,12240,S5,3591,1075,2946,5007,10000,0
A5 54 D1 2F 05 45 0E 35 04 82 0B 8E 13 10 27 00 00 00 35  TEL,12241,S5,3653,1077,2946,5006,10000,0
A5 54 D2 2F 05 45 0E 35 04 82 0B 8E 13 10 27 00 00 00 33  TEL,12242,S5,3653,1077,2946,5006,10000,0
A5 54 D3 2F 05 45 0E 35 04 82 0B 8E 13 10 27 00 00 00 31  TEL,12243,S5,3653,1077,2946,5006,10000,0
A5 54 D4 2F 05 45 0E 35 04 82 0B 8E 13 10 27 00 00 00 3F  TEL,12244,S5,3653,1077,2946,5006,10000,0
A5 54 D5 2F 05 26 0E 34 04 82 0B 8E 13 10 27 00 00 00 9C  TEL,12245,S5,3622,1076,2946,5006,10000,0
A5 54 D6 2F 05 45 0E 35 04 82 0B 8E 13 10 27 00 00 00 3B  TEL,12246,S5,3653,1077,2946,5006,10000,0
A5 54 D7 2F 05 45 0E 35 04 82 0B 8E 13 10 27 00 00 00 39  TEL,12247,S5,3653,1077,2946,5006,10000,0
A5 54 D8 2F 05 64 0E 36 04 82 0B 8E 13 10 27 00 00 00 6C  TEL,12248,S5,3684,1078,2946,5006,10000,0
A5 54 D9 2F 05 26 0E 34 04 82 0B 8E 13 10 27 00 00 00 84  TEL,12249,S5,3622,1076,2946,5006,10000,0
A5 54 DA 2F 05 64 0E 36 04 82 0B 8E 13 10 27 00 00 00 68  TEL,12250,S5,3684,1078,2946,5006,10000,0
A5 54 DB 2F 05 45 0E 35 04 82 0B 8E 13 10 27 00 00 00 21  TEL,12251,S5,3653,1077,2946,5006,10000,0
A5 54 DC 2F 05 07 0E 33 04 82 0B 8E 13 10 27 00 00 00 B9  TEL,12252,S5,3591,1075,2946,5006,10000,0
A5 54 DD 2F 05 64 0E 36 04 82 0B 8E 13 10 27 00 00 00 66  TEL,12253,S5,3684,1078,2946,5006,10000,0
A5 54 DE 2F 05 45 0E 35 04 82 0B 8E 13 10 27 00 00 00 2B  TEL,12254,S5,3653,1077,2946,5006,10000,0
A5 54 DF 2F 05 26 0E 34 04 82 0B 8E 13 10 27 00 00 00 88  TEL,12255,S5,3622,1076,2946,5006,10000,0
A5 54 E0 2F 05 45 0E 35 04 82 0B 8E 13 10 27 00 00 00 57  TEL,12256,S5,3653,1077,2946,5006,10000,0
A5 54 E1 2F 05 26 0E 34 04 82 0B 8E 13 10 27 00 00 00 F4  TEL,12257,S5,3622,1076,2946,5006,10000,0
A5 54 E2 2F 05 A3 0E 38 04 82 0B 8E 13 10 27 00 00 00 4D  TEL,12258,S5,3747,1080,2946,5006,10000,0
A5 54 E3 2F 05 64 0E 36 04 82 0B 8E 13 10 27 00 00 00 1A  TEL,12259,S5,3684,1078,2946,5006,10000,0
A5 54 E4 2F 05 07 0E 33 04 82 0B 8E 13 10 27 00 00 00 C9  TEL,12260,S5,3591,1075,2946,5006,10000,0
A5 54 E5 2F 05 26 0E 34 04 82 0B 8E 13 10 27 00 00 00 FC  TEL,12261,S5,3622,1076,2946,5006,10000,0
A5 54 E6 2F 05 45 0E 35 04 82 0B 8E 13 10 27 00 00 00 5B  TEL,12262,S5,3653,1077,2946,5006,10000,0
A5 42 48 00 05 E7 2F 51 C9 8C 0C 69 C9 8C 0C 6B C9 8C 0C 8B  BTN,72,S5,PRESSED,12263,210553169,210553193,210553195
A5 54 E8 2F 05 45 0E 35 04 82 0B DE 13 10 27 00 00 01 D6  TEL,12264,S5,3653,1077,2946,5086,10000,1
A5 54 E9 2F 05 07 0E 33 04 82 0B 8E 13 10 27 00 00 00 D3  TEL,12265,S5,3591,1075,2946,5006,10000,0
A5 54 EA 2F 05 26 0E 34 04 82 0B 8E 13 10 27 00 00 00 E2  TEL,12266,S5,3622,1076,2946,5006,10000,0
A5 54 EB 2F 05 26 0E 34 04 82 0B 8E 13 10 27 00 00 00 E0  TEL,12267,S5,3622,1076,2946,5006,10000,0
A5 54 EC 2F 05 83 0E 37 04 82 0B 8E 13 10 27 00 00 00 0A  TEL,12268,S5,3715,1079,2946,5006,10000,0
A5 54 ED 2F 05 07 0E 33 04 82 0B 8E 13 10 27 00 00 00 DB  TEL,12269,S5,3591,1075,2946,5006,10000,0
A5 54 EE 2F 05 26 0E 34 04 82 0B 8E 13 10 27 00 00 00 EA  TEL,12270,S5,3622,1076,2946,5006,10000,0
A5 54 EF 2F 05 45 0E 35 04 82 0B 8E 13 10 27 00 00 00 49  TEL,12271,S5,3653,1077,2946,5006,10000,0
A5 54 F0 2F 05 07 0E 33 04 82 0B 8E 13 10 27 00 00 00 E1  TEL,12272,S5,3591,1075,2946,5006,10000,0
A5 54 F1 2F 05 07 0E 33 04 82 0B 8E 13 10 27 00 00 00 E3  TEL,12273,S5,3591,1075,2946,5006,10000,0
A5 54 F2 2F 05 45 0E 35 04 82 0B 8E 13 10 27 00 00 00 73  TEL,12274,S5,3653,1077,2946,5006,10000,0
A5 54 F3 2F 05 26 0E 34 04 82 0B 8E 13 10 27 00 00 00 D0  TEL,12275,S5,3622,1076,2946,5006,10000,0
A5 54 F4 2F 05 07 0E 33 04 82 0B 8E 13 10 27 00 00 00 E9  TEL,12276,S5,3591,1075,2946,5006,10000,0
A5 54 F5 2F 05 07 0E 33 04 82 0B 8E 13 10 27 00 00 00 EB  TEL,12277,S5,3591,1075,2946,5006,10000,0
A5 54 F6 2F 05 26 0E 34 04 82 0B 8F 13 10 27 00 00 00 05  TEL,12278,S5,3622,1076,2946,5007,10000,0
A5 54 F7 2F 05 64 0E 36 04 82 0B 8E 13 10 27 00 00 00 32  TEL,12279,S5,3684,1078,2946,5006,10000,0
A5 54 F8 2F 05 07 0E 33 04 82 0B 8E 13 10 27 00 00 00 F1  TEL,12280,S5,3591,1075,2946,5006,10000,0
A5 54 F9 2F 05 A3 0E 38 04 82 0B 8E 13 10 27 00 00 00 7B  TEL,12281,S5,3747,1080,2946,5006,10000,0
A5 54 FA 2F 05 83 0E 37 04 82 0B 8E 13 10 27 00 00 00 26  TEL,12282,S5,3715,1079,2946,5006,10000,0
A5 54 FB 2F 05 26 0E 34 04 82 0B 8E 13 10 27 00 00 00 C0  TEL,12283,S5,3622,1076,2946,5006,10000,0
A5 54 FC 2F 05 64 0E 36 04 82 0B 8E 13 10 27 00 00 00 24  TEL,12284,S5,3684,1078,2946,5006,10000,0
A5 54 FD 2F 05 A3 0E 38 04 82 0B 8E 13 10 27 00 00 00 73  TEL,12285,S5,3747,1080,2946,5006,10000,0
A5 54 FE 2F 05 45 0E 35 04 82 0B 8E 13 10 27 00 00 00 6B  TEL,12286,S5,3653,1077,2946,5006,10000,0
A5 54 FF 2F 05 07 0E 33 04 82 0B 8E 13 10 27 00 00 00 FF  TEL,12287,S5,3591,1075,2946,5006,10000,0
A5 54 00 30 05 26 0E 34 04 82 0B 8E 13 10 27 00 00 00 E1  TEL,12288,S5,3622,1076,2946,5006,10000,0
A5 54 01 30 05 26 0E 34 04 82 0B 8E 13 10 27 00 00 00 E3  TEL,12289,S5,3622,1076,2946,5006,10000,0
A5 54 02 30 05 45 0E 35 04 82 0B 8E 13 10 27 00 00 00 44  TEL,12290,S5,3653,1077,2946,5006,10000,0
A5 54 03 30 05 C9 0D 31 04 82 0B 8F 13 10 27 00 00 00 11  TEL,12291,S5,3529,1073,2946,5007,10000,0
A5 54 04 30 05 07 0E 33 04 82 0B 8E 13 10 27 00 00 00 DE  TEL,12292,S5,3591,1075,2946,5006,10000,0
A5 54 05 30 05 26 0E 34 04 82 0B 8E 13 10 27 00 00 00 EB  TEL,12293,S5,3622,1076,2946,5006,10000,0
A5 54 06 30 05 45 0E 35 04 82 0B 8E 13 10 27 00 00 00 4C  TEL,12294,S5,3653,1077,2946,5006,10000,0
A5 54 07 30 05 26 0E 34 04 82 0B 8E 13 10 27 00 00 00 EF  TEL,12295,S5,3622,1076,2946,5006,10000,0
A5 54 08 30 05 45 0E 35 04 82 0B 8E 13 10 27 00 00 00 50  TEL,12296,S5,3653,1077,2946,5006,10000,0
A5 54 09 30 05 26 0E 34 04 82 0B 8E 13 10 27 00 00 00 F3  TEL,12297,S5,3622,1076,2946,5006,10000,0
A5 54 0A 30 05 E8 0D 32 04 82 0B 8E 13 10 27 00 00 00 97  TEL,12298,S5,3560,1074,2946,5006,10000,0
A5 54 0B 30 05 64 0E 36 04 82 0B 8E 13 10 27 00 00 00 1D  TEL,12299,S5,3684,1078,2946,5006,10000,0
A5 54 0C 30 05 45 0E 35 04 82 0B 8E 13 10 27 00 00 00 58  TEL,12300,S5,3653,1077,2946,5006,10000,0
A5 54 0D 30 05 C2 0E 39 04 82 0B 8E 13 10 27 00 00 00 CA  TEL,12301,S5,3778,1081,2946,5006,10000,0
A5 54 0E 30 05 45 0E 35 04 82 0B 8E 13 10 27 00 00 00 5C  TEL,12302,S5,3653,1077,2946,5006,10000,0
A5 54 0F 30 05 45 0E 35 04 82 0B 8E 13 10 27 00 00 00 5E  TEL,12303,S5,3653,1077,2946,5006,10000,0
A5 54 10 30 05 64 0E 36 04 82 0B 8E 13 10 27 00 00 00 2B  TEL,12304,S5,3684,1078,2946,5006,10000,0
A5 54 11 30 05 26 0E 34 04 82 0B 8E 13 10 27 00 00 00 C3  TEL,12305,S5,3622,1076,2946,5006,10000,0
A5 54 12 30 05 45 0E 35 04 82 0B 8E 13 10 27 00 00 00 64  TEL,12306,S5,3653,1077,2946,5006,10000,0
A5 54 13 30 05 07 0E 33 04 82 0B 8E 13 10 27 00 00 00 F0  TEL,12307,S5,3591,1075,2946,5006,10000,0
A5 54 14 30 05 C2 0E 39 04 82 0B 8E 13 10 27 00 00 00 F8  TEL,12308,S5,3778,1081,2946,5006,10000,0
A5 54 15 30 05 45 0E 35 04 82 0B 8E 13 10 27 00 00 00 6A  TEL,12309,S5,3653,1077,2946,5006,10000,0
A5 54 16 30 05 45 0E 35 04 82 0B 8E 13 10 27 00 00 00 6C  TEL,12310,S5,3653,1077,2946,5006,10000,0
A5 54 17 30 05 07 0E 33 04 82 0B 8E 13 10 27 00 00 00 F8  TEL,12311,S5,3591,1075,2946,5006,10000,0
A5 54 18 30 05 A3 0E 38 04 82 0B 8E 13 10 27 00 00 00 6E  TEL,12312,S5,3747,1080,2946,5006,10000,0
A5 54 19 30 05 26 0E 34 04 82 0B 8E 13 10 27 00 00 00 D3  TEL,12313,S5,3622,1076,2946,5006,10000,0
A5 54 1A 30 05 83 0E 37 04 82 0B 8E 13 10 27 00 00 00 31  TEL,12314,S5,3715,1079,2946,5006,10000,0
A5 54 1B 30 05 64 0E 36 04 82 0B 8E 13 10 27 00 00 00 3D  TEL,12315,S5,3684,1078,2946,5006,10000,0
A5 54 1C 30 05 26 0E 34 04 82 0B 8E 13 10 27 00 00 00 D9  TEL,12316,S5,3622,1076,2946,5006,10000,0
A5 54 1D 30 05 26 0E 34 04 82 0B 8E 13 11 27 00 00 00 B9  TEL,12317,S5,3622,1076,2946,5006,10001,0
A5 54 1E 30 05 07 0E 33 04 82 0B 8E 13 0F 27 00 00 00 E8  TEL,12318,S5,3591,1075,2946,5006,9999,0
A5 54 1F 30 05 26 0E 34 04 82 0B 8E 13 10 27 00 00 00 DF  TEL,12319,S5,3622,1076,2946,5006,10000,0
A5 54 20 30 05 07 0E 33 04 82 0B 8E 13 10 27 00 00 00 96  TEL,12320,S5,3591,1075,2946,5006,10000,0
A5 54 21 30 05 26 0E 34 04 82 0B 8E 13 10 27 00 00 00 A3  TEL,12321,S5,3622,1076,2946,5006,10000,0
A5 54 22 30 05 64 0E 36 04 82 0B 8E 13 10 27 00 00 00 4F  TEL,12322,S5,3684,1078,2946,5006,10000,0
A5 54 23 30 05 07 0E 33 04 82 0B 8E 13 10 27 00 00 00 90  TEL,12323,S5,3591,1075,2946,5006,10000,0
A5 54 24 30 05 07 0E 33 04 82 0B 8E 13 10 27 00 00 00 9E  TEL,12324,S5,3591,1075,2946,5006,10000,0
A5 54 25 30 05 45 0E 35 04 82 0B 8E 13 10 27 00 00 00 0A  TEL,12325,S5,3653,1077,2946,5006,10000,0
A5 54 26 30 05 26 0E 34 04 82 0B 8E 13 10 27 00 00 00 AD  TEL,12326,S5,3622,1076,2946,5006,10000,0
A5 54 27 30 05 07 0E 33 04 82 0B 8E 13 10 27 00 00 00 98  TEL,12327,S5,3591,1075,2946,5006,10000,0
A5 54 28 30 05 07 0E 33 04 82 0B 8E 13 10 27 00 00 00 86  TEL,12328,S5,3591,1075,2946,5006,10000,0
A5 54 29 30 05 26 0E 34 04 82 0B 8E 13 10 27 00 00 00 B3  TEL,12329,S5,3622,1076,2946,5006,10000,0
A5 54 2A 30 05 45 0E 35 04 82 0B 8E 13 10 27 00 00 00 14  TEL,12330,S5,3653,1077,2946,5006,10000,0
A5 54 2B 30 05 45 0E 35 04 82 0B 8E 13 10 27 00 00 00 16  TEL,12331,S5,3653,1077,2946,5006,10000,0
A5 54 2C 30 05 07 0E 33 04 82 0B 8E 13 10 27 00 00 00 8E  TEL,12332,S5,3591,1075,2946,5006,10000,0
A5 54 2D 30 05 26 0E 34 04 82 0B 8E 13 10 27 00 00 00 BB  TEL,12333,S5,3622,1076,2946,5006,10000,0
A5 54 2E 30 05 26 0E 34 04 82 0B 8E 13 10 27 00 00 00 BD  TEL,12334,S5,3622,1076,2946,5006,10000,0
A5 54 2F 30 05 07 0E 33 04 82 0B 8E 13 10 27 00 00 00 88  TEL,12335,S5,3591,1075,2946,5006,10000,0
A5 54 30 30 05 83 0E 37 04 82 0B 8E 13 10 27 00 00 00 65  TEL,12336,S5,3715,1079,2946,5006,10000,0
A5 54 31 30 05 26 0E 34 04 82 0B 8E 13 10 27 00 00 00 83  TEL,12337,S5,3622,1076,2946,5006,10000,0
A5 54 32 30 05 C2 0E 39 04 82 0B 8E 13 10 27 00 00 00 B4  TEL,12338,S5,3778,1081,2946,5006,10000,0
A5 54 33 30 05 64 0E 36 04 82 0B 8E 13 10 27 00 00 00 6D  TEL,12339,S5,3684,1078,2946,5006,10000,0
A5 54 34 30 05 45 0E 35 04 82 0B 8E 13 10 27 00 00 00 28  TEL,12340,S5,3653,1077,2946,5006,10000,0
A5 54 35 30 05 26 0E 34 04 82 0B 8E 13 10 27 00 00 00 8B  TEL,12341,S5,3622,1076,2946,5006,10000,0
A5 54 36 30 05 A3 0E 38 04 82 0B 8F 13 10 27 00 00 00 ED  TEL,12342,S5,3747,1080,2946,5007,10000,0
A5 54 37 30 05 45 0E 35 04 82 0B 8E 13 10 27 00 00 00 2E  TEL,12343,S5,3653,1077,2946,5006,10000,0
A5 54 38 30 05 07 0E 33 04 82 0B 8E 13 10 27 00 00 00 A6  TEL,12344,S5,3591,1075,2946,5006,10000,0
A5 54 39 30 05 45 0E 35 04 82 0B 8E 13 10 27 00 00 00 32  TEL,12345,S5,3653,1077,2946,5006,10000,0
A5 54 3A 30 05 45 0E 35 04 82 0B 8E 13 10 27 00 00 00 34  TEL,12346,S5,3653,1077,2946,5006,10000,0
A5 54 3B 30 05 45 0E 35 04 82 0B 8E 13 10 27 00 00 00 36  TEL,12347,S5,3653,1077,2946,5006,10000,0
A5 54 3C 30 05 45 0E 35 04 82 0B 8E 13 10 27 00 00 00 38  TEL,12348,S5,3653,1077,2946,5006,10000,0
A5 54 3D 30 05 64 0E 36 04 82 0B 8E 13 10 27 00 00 00 71  TEL,12349,S5,3684,1078,2946,5006,10000,0
A5 54 3E 30 05 45 0E 35 04 82 0B 8E 13 10 27 00 00 00 3C  TEL,12350,S5,3653,1077,2946,5006,10000,0
A5 54 3F 30 05 07 0E 33 04 82 0B 8E 13 10 27 00 00 00 A8  TEL,12351,S5,3591,1075,2946,5006,10000,0
A5 54 40 30 05 A3 0E 38 04 82 0B 8E 13 10 27 00 00 00 DE  TEL,12352,S5,3747,1080,2946,5006,10000,0
A5 54 41 30 05 26 0E 34 04 82 0B 8E 13 10 27 00 00 00 63  TEL,12353,S5,3622,1076,2946,5006,10000,0
A5 54 42 30 05 A3 0E 38 04 82 0B 8E 13 10 27 00 00 00 DA  TEL,12354,S5,3747,1080,2946,5006,10000,0
A5 54 43 30 05 26 0E 34 04 82 0B 8E 13 10 27 00 00 00 67  TEL,12355,S5,3622,1076,2946,5006,10000,0
A5 54 44 30 05 64 0E 36 04 82 0B 8E 13 10 27 00 00 00 83  TEL,12356,S5,3684,1078,2946,5006,10000,0
A5 54 45 30 05 26 0E 34 04 82 0B 8E 13 10 27 00 00 00 6B  TEL,12357,S5,3622,1076,2946,5006,10000,0
A5 54 46 30 05 26 0E 34 04 82 0B 8E 13 10 27 00 00 00 6D  TEL,12358,S5,3622,1076,2946,5006,10000,0
A5 54 47 30 05 45 0E 35 04 82 0B 8E 13 10 27 00 00 00 CE  TEL,12359,S5,3653,1077,2946,5006,10000,0
A5 54 48 30 05 45 0E 35 04 82 0B 8E 13 10 27 00 00 00 D0  TEL,12360,S5,3653,1077,2946,5006,10000,0
A5 54 49 30 05 83 0E 37 04 82 0B 8E 13 10 27 00 00 00 97  TEL,12361,S5,3715,1079,2946,5006,10000,0
A5 54 4A 30 05 64 0E 36 04 82 0B 8E 13 10 27 00 00 00 9F  TEL,12362,S5,3684,1078,2946,5006,10000,0
A5 54 4B 30 05 45 0E 35 04 82 0B 8E 13 10 27 00 00 00 D6  TEL,12363,S5,3653,1077,2946,5006,10000,0
A5 54 4C 30 05 07 0E 33 04 82 0B 8E 13 10 27 00 00 00 4E  TEL,12364,S5,3591,1075,2946,5006,10000,0
A5 54 4D 30 05 64 0E 36 04 82 0B 8E 13 10 27 00 00 00 91  TEL,12365,S5,3684,1078,2946,5006,10000,0
A5 54 4E 30 05 26 0E 34 04 82 0B 8E 13 10 27 00 00 00 7D  TEL,12366,S5,3622,1076,2946,5006,10000,0
A5 54 4F 30 05 45 0E 35 04 82 0B 8E 13 10 27 00 00 00 DE  TEL,12367,S5,3653,1077,2946,5006,10000,0
A5 54 50 30 05 07 0E 33 04 82 0B 8E 13 10 27 00 00 00 76  TEL,12368,S5,3591,1075,2946,5006,10000,0
A5 54 51 30 05 07 0E 33 04 82 0B 8E 13 10 27 00 00 00 74  TEL,12369,S5,3591,1075,2946,5006,10000,0
A5 54 52 30 05 26 0E 34 04 82 0B 8E 13 10 27 00 00 00 45  TEL,12370,S5,3622,1076,2946,5006,10000,0
A5 54 53 30 05 26 0E 34 04 82 0B 8E 13 10 27 00 00 00 47  TEL,12371,S5,3622,1076,2946,5006,10000,0
A5 54 54 30 05 64 0E 36 04 82 0B 8E 13 10 27 00 00 00 A3  TEL,12372,S5,3684,1078,2946,5006,10000,0
A5 54 55 30 05 26 0E 34 04 82 0B 8E 13 10 27 00 00 00 4B  TEL,12373,S5,3622,1076,2946,5006,10000,0
A5 54 56 30 05 45 0E 35 04 82 0B 8E 13 10 27 00 00 00 EC  TEL,12374,S5,3653,1077,2946,5006,10000,0
A5 54 57 30 05 07 0E 33 04 82 0B 8E 13 10 27 00 00 00 78  TEL,12375,S5,3591,1075,2946,5006,10000,0
A5 54 58 30 05 07 0E 33 04 82 0B 8E 13 10 27 00 00 00 66  TEL,12376,S5,3591,1075,2946,5006,10000,0
A5 54 59 30 05 26 0E 34 04 82 0B 8E 13 10 27 00 00 00 53  TEL,12377,S5,3622,1076,2946,5006,10000,0
A5 54 5A 30 05 83 0E 37 04 82 0B 8E 13 10 27 00 00 00 B1  TEL,12378,S5,3715,1079,2946,5006,10000,0
A5 54 5B 30 05 45 0E 35 04 82 0B 8E 13 10 27 00 00 00 F6  TEL,12379,S5,3653,1077,2946,5006,10000,0
A5 54 5C 30 05 E8 0D 32 04 82 0B 8E 13 10 27 00 00 00 3B  TEL,12380,S5,3560,1074,2946,5006,10000,0
A5 54 5D 30 05 45 0E 35 04 82 0B 8E 13 10 27 00 00 00 FA  TEL,12381,S5,3653,1077,2946,5006,10000,0
A5 54 5E 30 05 26 0E 34 04 82 0B 8E 13 10 27 00 00 00 5D  TEL,12382,S5,3622,1076,2946,5006,10000,0
A5 54 5F 30 05 45 0E 35 04 82 0B 8E 13 10 27 00 00 00 FE  TEL,12383,S5,3653,1077,2946,5006,10000,0
A5 54 60 30 05 07 0E 33 04 82 0B 8E 13 10 27 00 00 00 16  TEL,12384,S5,3591,1075,2946,5006,10000,0
A5 54 61 30 05 26 0E 34 04 82 0B 8E 13 10 27 00 00 00 23  TEL,12385,S5,3622,1076,2946,5006,10000,0
A5 54 62 30 05 45 0E 35 04 82 0B 8E 13 10 27 00 00 00 84  TEL,12386,S5,3653,1077,2946,5006,10000,0
A5 54 63 30 05 83 0E 37 04 82 0B 8E 13 10 27 00 00 00 C3  TEL,12387,S5,3715,1079,2946,5006,10000,0
A5 54 64 30 05 07 0E 33 04 82 0B 8E 13 10 27 00 00 00 1E  TEL,12388,S5,3591,1075,2946,5006,10000,0
A5 54 65 30 05 E8 0D 32 04 82 0B 8E 13 10 27 00 00 00 49  TEL,12389,S5,3560,1074,2946,5006,10000,0
A5 54 66 30 05 45 0E 35 04 82 0B 8E 13 10 27 00 00 00 8C  TEL,12390,S5,3653,1077,2946,5006,10000,0
A5 54 67 30 05 07 0E 33 04 82 0B 8E 13 10 27 00 00 00 18  TEL,12391,S5,3591,1075,2946,5006,10000,0
A5 54 68 30 05 07 0E 33 04 82 0B 8E 13 10 27 00 00 00 06  TEL,12392,S5,3591,1075,2946,5006,10000,0
A5 54 69 30 05 26 0E 34 04 82 0B 8E 13 10 27 00 00 00 33  TEL,12393,S5,3622,1076,2946,5006,10000,0
A5 54 6A 30 05 07 0E 33 04 82 0B 8E 13 10 27 00 00 00 02  TEL,12394,S5,3591,1075,2946,5006,10000,0
A5 54 6B 30 05 45 0E 35 04 82 0B 8E 13 10 27 00 00 00 96  TEL,12395,S5,3653,1077,2946,5006,10000,0
A5 54 6C 30 05 07 0E 33 04 82 0B 8E 13 10 27 00 00 00 0E  TEL,12396,S5,3591,1075,2946,5006,10000,0
A5 54 6D 30 05 A3 0E 38 04 82 0B 8E 13 10 27 00 00 00 84  TEL,12397,S5,3747,1080,2946,5006,10000,0
A5 54 6E 30 05 45 0E 35 04 82 0B 8E 13 10 27 00 00 00 9C  TEL,12398,S5,3653,1077,2946,5006,10000,0
A5 54 6F 30 05 07 0E 33 04 82 0B 8E 13 10 27 00 00 00 08  TEL,12399,S5,3591,1075,2946,5006,10000,0
A5 54 70 30 05 45 0E 35 04 82 0B 8E 13 10 27 00 00 00 A0  TEL,12400,S5,3653,1077,2946,5006,10000,0
A5 54 71 30 05 45 0E 35 04 82 0B 8E 13 10 27 00 00 00 A2  TEL,12401,S5,3653,1077,2946,5006,10000,0
A5 54 72 30 05 64 0E 36 04 82 0B 8E 13 10 27 00 00 00 EF  TEL,12402,S5,3684,1078,2946,5006,10000,0
A5 54 73 30 05 07 0E 33 04 82 0B 8E 13 10 27 00 00 00 30  TEL,12403,S5,3591,1075,2946,5006,10000,0
A5 54 74 30 05 07 0E 33 04 82 0B 8E 13 10 27 00 00 00 3E  TEL,12404,S5,3591,1075,2946,5006,10000,0
A5 54 75 30 05 A3 0E 38 04 82 0B 8E 13 10 27 00 00 00 B4  TEL,12405,S5,3747,1080,2946,5006,10000,0
A5 54 76 30 05 26 0E 34 04 82 0B 8E 13 10 27 00 00 00 0D  TEL,12406,S5,3622,1076,2946,5006,10000,0
A5 54 77 30 05 26 0E 34 04 82 0B 8E 13 10 27 00 00 00 0F  TEL,12407,S5,3622,1076,2946,5006,10000,0
A5 54 78 30 05 E8 0D 32 04 82 0B 8E 13 10 27 00 00 00 73  TEL,12408,S5,3560,1074,2946,5006,10000,0
A5 54 79 30 05 26 0E 34 04 82 0B 8E 13 10 27 00 00 00 13  TEL,12409,S5,3622,1076,2946,5006,10000,0
A5 54 7A 30 05 45 0E 35 04 82 0B 8E 13 10 27 00 00 00 B4  TEL,12410,S5,3653,1077,2946,5006,10000,0
A5 54 7B 30 05 45 0E 35 04 82 0B 8E 13 10 27 00 00 00 B6  TEL,12411,S5,3653,1077,2946,5006,10000,0
A5 54 7C 30 05 45 0E 35 04 82 0B 8E 13 10 27 00 00 00 B8  TEL,12412,S5,3653,1077,2946,5006,10000,0
A5 54 7D 30 05 64 0E 36 04 82 0B 8E 13 10 27 00 00 00 F1  TEL,12413,S5,3684,1078,2946,5006,10000,0
A5 54 7E 30 05 45 0E 35 04 82 0B 8E 13 10 27 00 00 00 BC  TEL,12414,S5,3653,1077,2946,5006,10000,0
A5 54 7F 30 05 26 0E 34 04 82 0B 8E 13 10 27 00 00 00 1F  TEL,12415,S5,3622,1076,2946,5006,10000,0
A5 54 80 30 05 07 0E 33 04 82 0B 8E 13 10 27 00 00 00 D1  TEL,12416,S5,3591,1075,2946,5006,10000,0
A5 54 81 30 05 26 0E 34 04 82 0B 8E 13 10 27 00 00 00 E4  TEL,12417,S5,3622,1076,2946,5006,10000,0
A5 54 82 30 05 45 0E 35 04 82 0B 8F 13 10 27 00 00 00 9C  TEL,12418,S5,3653,1077,2946,5007,10000,0
A5 54 83 30 05 C9 0D 31 04 82 0B 8E 13 10 27 00 00 00 C9  TEL,12419,S5,3529,1073,2946,5006,10000,0
A5 54 84 30 05 64 0E 36 04 82 0B 8E 13 10 27 00 00 00 04  TEL,12420,S5,3684,1078,2946,5006,10000,0
A5 54 85 30 05 26 0E 34 04 82 0B 8E 13 10 27 00 00 00 EC  TEL,12421,S5,3622,1076,2946,5006,10000,0
A5 54 86 30 05 A3 0E 38 04 82 0B 8E 13 10 27 00 00 00 55  TEL,12422,S5,3747,1080,2946,5006,10000,0
A5 42 49 00 05 87 30 1F F4 A4 0C 3B F4 A4 0C 3E F4 A4 0C 12  BTN,73,S5,PRESSED,12423,212136991,212137019,212137022
A5 54 88 30 05 26 0E 34 04 82 0B 8E 13 10 27 00 00 00 F6  TEL,12424,S5,3622,1076,2946,5006,10000,0
A5 54 89 30 05 64 0E 36 04 82 0B 8E 13 10 27 00 00 00 1E  TEL,12425,S5,3684,1078,2946,5006,10000,0
A5 54 8A 30 05 E1 0E 3B 04 82 0B 8E 13 10 27 00 00 00 B8  TEL,12426,S5,3809,1083,2946,5006,10000,0
A5 54 8B 30 05 26 0E 34 04 82 0B 8E 13 10 27 00 00 00 F0  TEL,12427,S5,3622,1076,2946,5006,10000,0
A5 54 8C 30 05 45 0E 35 04 82 0B 8E 13 10 27 00 00 00 5F  TEL,12428,S5,3653,1077,2946,5006,10000,0
A5 54 8D 30 05 45 0E 35 04 82 0B 8E 13 10 27 00 00 00 5D  TEL,12429,S5,3653,1077,2946,5006,10000,0
A5 54 8E 30 05 83 0E 37 04 82 0B 8E 13 10 27 00 00 00 1E  TEL,12430,S5,3715,1079,2946,5006,10000,0
A5 54 8F 30 05 45 0E 35 04 82 0B 8E 13 10 27 00 00 00 59  TEL,12431,S5,3653,1077,2946,5006,10000,0
A5 54 90 30 05 45 0E 35 04 82 0B 8E 13 10 27 00 00 00 67  TEL,12432,S5,3653,1077,2946,5006,10000,0
A5 54 91 30 05 07 0E 33 04 82 0B 8E 13 10 27 00 00 00 F3  TEL,12433,S5,3591,1075,2946,5006,10000,0
A5 54 92 30 05 C9 0D 30 04 82 0B 8E 13 10 27 00 00 00 F4  TEL,12434,S5,3529,1072,2946,5006,10000,0
A5 54 93 30 05 45 0E 35 04 82 0B 8E 13 10 27 00 00 00 61  TEL,12435,S5,3653,1077,2946,5006,10000,0
A5 54 94 30 05 45 0E 35 04 82 0B 8E 13 10 27 00 00 00 6F  TEL,12436,S5,3653,1077,2946,5006,10000,0
A5 54 95 30 05 07 0E 33 04 82 0B 92 13 10 27 00 00 00 B7  TEL,12437,S5,3591,1075,2946,5010,10000,0
A5 54 96 30 05 45 0E 35 04 82 0B 8E 13 10 27 00 00 00 6B  TEL,12438,S5,3653,1077,2946,5006,10000,0
A5 54 97 30 05 45 0E 35 04 82 0B 8E 13 10 27 00 00 00 69  TEL,12439,S5,3653,1077,2946,5006,10000,0
A5 54 98 30 05 64 0E 36 04 82 0B 8E 13 10 27 00 00 00 3C  TEL,12440,S5,3684,1078,2946,5006,10000,0
A5 54 99 30 05 45 0E 35 04 82 0B 8E 13 10 27 00 00 00 75  TEL,12441,S5,3653,1077,2946,5006,10000,0
A5 54 9A 30 05 A3 0E 38 04 82 0B 8E 13 10 27 00 00 00 6D  TEL,12442,S5,3747,1080,2946,5006,10000,0
A5 54 9B 30 05 07 0E 33 04 82 0B 8E 13 10 27 00 00 00 E7  TEL,12443,S5,3591,1075,2946,5006,10000,0
A5 54 9C 30 05 26 0E 34 04 82 0B 8E 13 10 27 00 00 00 DE  TEL,12444,S5,3622,1076,2946,5006,10000,0
A5 54 9D 30 05 64 0E 36 04 82 0B 8E 13 10 27 00 00 00 36  TEL,12445,S5,3684,1078,2946,5006,10000,0
A5 54 9E 30 05 64 0E 36 04 82 0B 8E 13 10 27 00 00 00 30  TEL,12446,S5,3684,1078,2946,5006,10000,0
A5 54 9F 30 05 45 0E 35 04 82 0B 8E 13 10 27 00 00 00 79  TEL,12447,S5,3653,1077,2946,5006,10000,0
A5 54 A0 30 05 83 0E 37 04 82 0B 8E 13 10 27 00 00 00 42  TEL,12448,S5,3715,1079,2946,5006,10000,0
A5 54 A1 30 05 45 0E 35 04 82 0B 8E 13 10 27 00 00 00 05  TEL,12449,S5,3653,1077,2946,5006,10000,0
A5 54 A2 30 05 26 0E 34 04 82 0B 8E 13 10 27 00 00 00 A2  TEL,12450,S5,3622,1076,2946,5006,10000,0
A5 54 A3 30 05 45 0E 35 04 82 0B 8E 13 10 27 00 00 00 01  TEL,12451,S5,3653,1077,2946,5006,10000,0
A5 54 A4 30 05 07 0E 33 04 82 0B 8E 13 10 27 00 00 00 99  TEL,12452,S5,3591,1075,2946,5006,10000,0
A5 54 A5 30 05 83 0E 37 04 82 0B 8E 13 10 27 00 00 00 48  TEL,12453,S5,3715,1079,2946,5006,10000,0
A5 54 A6 30 05 64 0E 36 04 82 0B 8E 13 10 27 00 00 00 40  TEL,12454,S5,3684,1078,2946,5006,10000,0
A5 54 A7 30 05 A3 0E 38 04 82 0B 8E 13 10 27 00 00 00 17  TEL,12455,S5,3747,1080,2946,5006,10000,0
A5 54 A8 30 05 45 0E 35 04 82 0B 8E 13 10 27 00 00 00 17  TEL,12456,S5,3653,1077,2946,5006,10000,0
A5 54 A9 30 05 45 0E 35 04 82 0B 8E 13 10 27 00 00 00 15  TEL,12457,S5,3653,1077,2946,5006,10000,0
A5 54 AA 30 05 E8 0D 32 04 82 0B 8E 13 10 27 00 00 00 D0  TEL,12458,S5,3560,1074,2946,5006,10000,0
A5 54 AB 30 05 26 0E 34 04 82 0B 8E 13 10 27 00 00 00 B0  TEL,12459,S5,3622,1076,2946,5006,10000,0
A5 54 AC 30 05 07 0E 33 04 82 0B 8E 13 10 27 00 00 00 89  TEL,12460,S5,3591,1075,2946,5006,10000,0
A5 54 AD 30 05 64 0E 36 04 82 0B 8E 13 10 27 00 00 00 56  TEL,12461,S5,3684,1078,2946,5006,10000,0
A5 54 AE 30 05 64 0E 36 04 82 0B 8E 13 10 27 00 00 00 50  TEL,12462,S5,3684,1078,2946,5006,10000,0
A5 54 AF 30 05 26 0E 34 04 82 0B 8E 13 10 27 00 00 00 B8  TEL,12463,S5,3622,1076,2946,5006,10000,0
A5 54 B0 30 05 45 0E 35 04 82 0B 8E 13 10 27 00 00 00 27  TEL,12464,S5,3653,1077,2946,5006,10000,0
A5 54 B1 30 05 07 0E 33 04 82 0B 8E 13 10 27 00 00 00 B3  TEL,12465,S5,3591,1075,2946,5006,10000,0
A5 54 B2 30 05 A3 0E 38 04 82 0B 8E 13 10 27 00 00 00 3D  TEL,12466,S5,3747,1080,2946,5006,10000,0
A5 54 B3 30 05 45 0E 35 04 82 0B 8E 13 10 27 00 00 00 21  TEL,12467,S5,3653,1077,2946,5006,10000,0
A5 54 B4 30 05 07 0E 33 04 82 0B 8E 13 10 27 00 00 00 B9  TEL,12468,S5,3591,1075,2946,5006,10000,0
A5 54 B5 30 05 83 0E 37 04 82 0B 8E 13 10 27 00 00 00 68  TEL,12469,S5,3715,1079,2946,5006,10000,0
A5 54 B6 30 05 64 0E 36 04 82 0B 8E 13 10 27 00 00 00 60  TEL,12470,S5,3684,1078,2946,5006,10000,0
A5 54 B7 30 05 A3 0E 38 04 82 0B 8E 13 10 27 00 00 00 37  TEL,12471,S5,3747,1080,2946,5006,10000,0
A5 54 B8 30 05 45 0E 35 04 82 0B 8E 13 10 27 00 00 00 37  TEL,12472,S5,3653,1077,2946,5006,10000,0
A5 54 B9 30 05 64 0E 36 04 82 0B 8E 13 10 27 00 00 00 7E  TEL,12473,S5,3684,1078,2946,5006,10000,0
A5 54 BA 30 05 64 0E 36 04 82 0B 8E 13 10 27 00 00 00 78  TEL,12474,S5,3684,1078,2946,5006,10000,0
A5 54 BB 30 05 07 0E 33 04 82 0B 8E 13 10 27 00 00 00 A7  TEL,12475,S5,3591,1075,2946,5006,10000,0
A5 54 BC 30 05 07 0E 33 04 82 0B 8E 13 10 27 00 00 00 A9  TEL,12476,S5,3591,1075,2946,5006,10000,0
A5 54 BD 30 05 45 0E 35 04 82 0B 8E 13 10 27 00 00 00 3D  TEL,12477,S5,3653,1077,2946,5006,10000,0
A5 54 BE 30 05 A3 0E 38 04 82 0B 8E 13 10 27 00 00 00 25  TEL,12478,S5,3747,1080,2946,5006,10000,0
A5 54 BF 30 05 64 0E 36 04 82 0B 8E 13 10 27 00 00 00 72  TEL,12479,S5,3684,1078,2946,5006,10000,0
A5 54 C0 30 05 26 0E 34 04 82 0B 8E 13 10 27 00 00 00 66  TEL,12480,S5,3622,1076,2946,5006,10000,0
A5 54 C1 30 05 07 0E 33 04 82 0B 8E 13 10 27 00 00 00 53  TEL,12481,S5,3591,1075,2946,5006,10000,0
A5 54 C2 30 05 26 0E 34 04 82 0B 8E 13 10 27 00 00 00 62  TEL,12482,S5,3622,1076,2946,5006,10000,0
A5 54 C3 30 05 26 0E 34 04 82 0B 8E 13 10 27 00 00 00 60  TEL,12483,S5,3622,1076,2946,5006,10000,0
A5 54 C4 30 05 26 0E 34 04 82 0B 8E 13 10 27 00 00 00 6E  TEL,12484,S5,3622,1076,2946,5006,10000,0
A5 54 C5 30 05 AA 0D 2F 04 82 0B 8E 13 10 27 00 00 00 B6  TEL,12485,S5,3498,1071,2946,5006,10000,0
A5 54 C6 30 05 64 0E 36 04 82 0B 8E 13 10 27 00 00 00 80  TEL,12486,S5,3684,1078,2946,5006,10000,0
A5 54 C7 30 05 45 0E 35 04 82 0B 8E 13 10 27 00 00 00 C9  TEL,12487,S5,3653,1077,2946,5006,10000,0
A5 54 C8 30 05 07 0E 33 04 82 0B 8E 13 10 27 00 00 00 41  TEL,12488,S5,3591,1075,2946,5006,10000,0
A5 54 C9 30 05 07 0E 33 04 82 0B 8E 13 10 27 00 00 00 43  TEL,12489,S5,3591,1075,2946,5006,10000,0
A5 54 CA 30 05 45 0E 35 04 82 0B 8E 13 10 27 00 00 00 D3  TEL,12490,S5,3653,1077,2946,5006,10000,0
A5 54 CB 30 05 C9 0D 31 04 82 0B 8E 13 10 27 00 00 00 59  TEL,12491,S5,3529,1073,2946,5006,10000,0
A5 54 CC 30 05 07 0E 33 04 82 0B 8E 13 10 27 00 00 00 49  TEL,12492,S5,3591,1075,2946,5006,10000,0
A5 54 CD 30 05 AA 0D 2F 04 82 0B 8E 13 10 27 00 00 00 A6  TEL,12493,S5,3498,1071,2946,5006,10000,0
A5 54 CE 30 05 07 0E 33 04 82 0B 8E 13 10 27 00 00 00 4D  TEL,12494,S5,3591,1075,2946,5006,10000,0
A5 54 CF 30 05 26 0E 34 04 82 0B 8F 13 10 27 00 00 00 A7  TEL,12495,S5,3622,1076,2946,5007,10000,0
A5 54 D0 30 05 45 0E 35 04 82 0B 8E 13 10 27 00 00 00 E7  TEL,12496,S5,3653,1077,2946,5006,10000,0
A5 54 D1 30 05 83 0E 37 04 82 0B 8E 13 10 27 00 00 00 A0  TEL,12497,S5,3715,1079,2946,5006,10000,0
A5 54 D2 30 05 26 0E 34 04 82 0B 8E 13 10 27 00 00 00 42  TEL,12498,S5,3622,1076,2946,5006,10000,0
A5 54 D3 30 05 26 0E 34 04 82 0B 8E 13 10 27 00 00 00 40  TEL,12499,S5,3622,1076,2946,5006,10000,0
A5 54 D4 30 05 64 0E 36 04 82 0B 8E 13 10 27 00 00 00 A4  TEL,12500,S5,3684,1078,2946,5006,10000,0
A5 54 D5 30 05 A3 0E 38 04 82 0B 8E 13 10 27 00 00 00 F3  TEL,12501,S5,3747,1080,2946,5006,10000,0
A5 54 D6 30 05 64 0E 36 04 82 0B 8E 13 10 27 00 00 00 A0  TEL,12502,S5,3684,1078,2946,5006,10000,0
A5 54 D7 30 05 64 0E 36 04 82 0B 8E 13 10 27 00 00 00 A2  TEL,12503,S5,3684,1078,2946,5006,10000,0
A5 54 D8 30 05 64 0E 36 04 82 0B 8E 13 10 27 00 00 00 BC  TEL,12504,S5,3684,1078,2946,5006,10000,0
A5 54 D9 30 05 07 0E 33 04 82 0B 8E 13 10 27 00 00 00 63  TEL,12505,S5,3591,1075,2946,5006,10000,0
A5 54 DA 30 05 A3 0E 38 04 82 0B 8E 13 10 27 00 00 00 ED  TEL,12506,S5,3747,1080,2946,5006,10000,0
A5 54 DB 30 05 E8 0D 32 04 82 0B 8E 13 10 27 00 00 00 32  TEL,12507,S5,3560,1074,2946,5006,10000,0
A5 54 DC 30 05 45 0E 35 04 82 0B 8E 13 10 27 00 00 00 FF  TEL,12508,S5,3653,1077,2946,5006,10000,0
A5 54 DD 30 05 45 0E 35 04 82 0B 8E 13 10 27 00 00 00 FD  TEL,12509,S5,3653,1077,2946,5006,10000,0
A5 54 DE 30 05 26 0E 34 04 82 0B 8E 13 10 27 00 00 00 5A  TEL,12510,S5,3622,1076,2946,5006,10000,0
A5 54 DF 30 05 45 0E 35 04 82 0B 8E 13 10 27 00 00 00 F9  TEL,12511,S5,3653,1077,2946,5006,10000,0
A5 54 E0 30 05 45 0E 35 04 82 0B 8E 13 10 27 00 00 00 87  TEL,12512,S5,3653,1077,2946,5006,10000,0
A5 54 E1 30 05 07 0E 33 04 82 0B 8E 13 10 27 00 00 00 13  TEL,12513,S5,3591,1075,2946,5006,10000,0
A5 54 E2 30 05 64 0E 36 04 82 0B 8E 13 10 27 00 00 00 C8  TEL,12514,S5,3684,1078,2946,5006,10000,0
A5 54 E3 30 05 64 0E 36 04 82 0B 8E 13 10 27 00 00 00 CA  TEL,12515,S5,3684,1078,2946,5006,10000,0
A5 54 E4 30 05 45 0E 35 04 82 0B 8E 13 10 27 00 00 00 8F  TEL,12516,S5,3653,1077,2946,5006,10000,0
A5 54 E5 30 05 C2 0E 3A 04 82 0B 8E 13 10 27 00 00 00 3C  TEL,12517,S5,3778,1082,2946,5006,10000,0
A5 54 E6 30 05 26 0E 34 04 82 0B 8E 13 10 27 00 00 00 2A  TEL,12518,S5,3622,1076,2946,5006,10000,0
A5 54 E7 30 05 A3 0E 38 04 82 0B 8E 13 10 27 00 00 00 97  TEL,12519,S5,3747,1080,2946,5006,10000,0
A5 54 E8 30 05 45 0E 35 04 82 0B 8E 13 10 27 00 00 00 97  TEL,12520,S5,3653,1077,2946,5006,10000,0
A5 54 E9 30 05 07 0E 33 04 82 0B 8E 13 10 27 00 00 00 03  TEL,12521,S5,3591,1075,2946,5006,10000,0
A5 54 EA 30 05 A3 0E 38 04 82 0B 8E 13 10 27 00 00 00 8D  TEL,12522,S5,3747,1080,2946,5006,10000,0
A5 54 EB 30 05 C9 0D 31 04 82 0B 8E 13 10 27 00 00 00 19  TEL,12523,S5,3529,1073,2946,5006,10000,0
A5 54 EC 30 05 07 0E 33 04 82 0B 8E 13 10 27 00 00 00 09  TEL,12524,S5,3591,1075,2946,5006,10000,0
A5 54 ED 30 05 07 0E 33 04 82 0B 8E 13 10 27 00 00 00 0B  TEL,12525,S5,3591,1075,2946,5006,10000,0
A5 54 EE 30 05 26 0E 34 04 82 0B 8E 13 10 27 00 00 00 3A  TEL,12526,S5,3622,1076,2946,5006,10000,0
A5 54 EF 30 05 45 0E 35 04 82 0B 8E 13 10 27 00 00 00 99  TEL,12527,S5,3653,1077,2946,5006,10000,0
A5 54 F0 30 05 45 0E 35 04 82 0B 8E 13 10 27 00 00 00 A7  TEL,12528,S5,3653,1077,2946,5006,10000,0
A5 54 F1 30 05 83 0E 37 04 82 0B 8E 13 10 27 00 00 00 E0  TEL,12529,S5,3715,1079,2946,5006,10000,0
A5 54 F2 30 05 83 0E 37 04 82 0B 8E 13 10 27 00 00 00 E6  TEL,12530,S5,3715,1079,2946,5006,10000,0
A5 54 F3 30 05 45 0E 35 04 82 0B 8E 13 10 27 00 00 00 A1  TEL,12531,S5,3653,1077,2946,5006,10000,0
A5 54 F4 30 05 45 0E 35 04 82 0B 8E 13 10 27 00 00 00 AF  TEL,12532,S5,3653,1077,2946,5006,10000,0
A5 54 F5 30 05 45 0E 35 04 82 0B 8E 13 10 27 00 00 00 AD  TEL,12533,S5,3653,1077,2946,5006,10000,0
A5 54 F6 30 05 45 0E 35 04 82 0B 8E 13 10 27 00 00 00 AB  TEL,12534,S5,3653,1077,2946,5006,10000,0
A5 54 F7 30 05 45 0E 35 04 82 0B 8E 13 10 27 00 00 00 A9  TEL,12535,S5,3653,1077,2946,5006,10000,0
A5 54 F8 30 05 45 0E 35 04 82 0B 8E 13 10 27 00 00 00 B7  TEL,12536,S5,3653,1077,2946,5006,10000,0
A5 54 F9 30 05 A3 0E 38 04 82 0B 8E 13 10 27 00 00 00 AB  TEL,12537,S5,3747,1080,2946,5006,10000,0
A5 54 FA 30 05 45 0E 35 04 82 0B 8E 13 10 27 00 00 00 B3  TEL,12538,S5,3653,1077,2946,5006,10000,0
A5 54 FB 30 05 E8 0D 32 04 82 0B 8E 13 10 27 00 00 00 72  TEL,12539,S5,3560,1074,2946,5006,10000,0
A5 54 FC 30 05 07 0E 33 04 82 0B 8E 13 10 27 00 00 00 29  TEL,12540,S5,3591,1075,2946,5006,10000,0
A5 54 FD 30 05 45 0E 35 04 82 0B 8E 13 10 27 00 00 00 BD  TEL,12541,S5,3653,1077,2946,5006,10000,0
A5 54 FE 30 05 A3 0E 38 04 82 0B 8E 13 10 27 00 00 00 A5  TEL,12542,S5,3747,1080,2946,5006,10000,0
A5 54 FF 30 05 A3 0E 38 04 82 0B 8E 13 10 27 00 00 00 A7  TEL,12543,S5,3747,1080,2946,5006,10000,0
A5 54 00 31 05 45 0E 35 04 82 0B 8E 13 10 27 00 00 00 F5  TEL,12544,S5,3653,1077,2946,5006,10000,0
A5 54 01 31 05 07 0E 33 04 82 0B 8E 13 10 27 00 00 00 61  TEL,12545,S5,3591,1075,2946,5006,10000,0
A5 54 02 31 05 64 0E 36 04 82 0B 8E 13 11 27 00 00 00 D8  TEL,12546,S5,3684,1078,2946,5006,10001,0
A5 54 03 31 05 45 0E 35 04 82 0B 8E 13 0F 27 00 00 00 F1  TEL,12547,S5,3653,1077,2946,5006,9999,0
A5 54 04 31 05 07 0E 33 04 82 0B 8E 13 10 27 00 00 00 6B  TEL,12548,S5,3591,1075,2946,5006,10000,0
A5 54 05 31 05 C9 0D 31 04 82 0B 8E 13 10 27 00 00 00 77  TEL,12549,S5,3529,1073,2946,5006,10000,0
A5 54 06 31 05 45 0E 35 04 82 0B 8E 13 10 27 00 00 00 F9  TEL,12550,S5,3653,1077,2946,5006,10000,0
A5 54 07 31 05 26 0E 34 04 82 0B 8E 13 10 27 00 00 00 5A  TEL,12551,S5,3622,1076,2946,5006,10000,0
A5 54 08 31 05 45 0E 35 04 82 0B 8E 13 10 27 00 00 00 E5  TEL,12552,S5,3653,1077,2946,5006,10000,0
A5 54 09 31 05 C2 0E 39 04 82 0B 8E 13 10 27 00 00 00 77  TEL,12553,S5,3778,1081,2946,5006,10000,0
A5 54 0A 31 05 45 0E 35 04 82 0B 8E 13 10 27 00 00 00 E1  TEL,12554,S5,3653,1077,2946,5006,10000,0
A5 54 0B 31 05 26 0E 34 04 82 0B 8E 13 10 27 00 00 00 42  TEL,12555,S5,3622,1076,2946,5006,10000,0
A5 54 0C 31 05 45 0E 35 04 82 0B 8E 13 10 27 00 00 00 ED  TEL,12556,S5,3653,1077,2946,5006,10000,0
A5 54 0D 31 05 AA 0D 2F 04 82 0B 8E 13 10 27 00 00 00 94  TEL,12557,S5,3498,1071,2946,5006,10000,0
A5 54 0E 31 05 26 0E 34 04 82 0B 8E 13 10 27 00 00 00 48  TEL,12558,S5,3622,1076,2946,5006,10000,0
A5 54 0F 31 05 45 0E 35 04 82 0B 8E 13 10 27 00 00 00 EB  TEL,12559,S5,3653,1077,2946,5006,10000,0
A5 54 10 31 05 45 0E 35 04 82 0B 8E 13 10 27 00 00 00 D5  TEL,12560,S5,3653,1077,2946,5006,10000,0
A5 54 11 31 05 07 0E 33 04 82 0B 8E 13 10 27 00 00 00 41  TEL,12561,S5,3591,1075,2946,5006,10000,0
A5 54 12 31 05 64 0E 36 04 82 0B 8E 13 10 27 00 00 00 9A  TEL,12562,S5,3684,1078,2946,5006,10000,0
A5 54 13 31 05 45 0E 35 04 82 0B 8E 13 10 27 00 00 00 D3  TEL,12563,S5,3653,1077,2946,5006,10000,0
A5 54 14 31 05 45 0E 35 04 82 0B 8E 13 10 27 00 00 00 DD  TEL,12564,S5,3653,1077,2946,5006,10000,0
A5 54 15 31 05 45 0E 35 04 82 0B 8E 13 10 27 00 00 00 DF  TEL,12565,S5,3653,1077,2946,5006,10000,0
A5 54 16 31 05 A3 0E 38 04 82 0B 8E 13 10 27 00 00 00 C7  TEL,12566,S5,3747,1080,2946,5006,10000,0
A5 54 17 31 05 26 0E 34 04 82 0B 8E 13 10 27 00 00 00 7A  TEL,12567,S5,3622,1076,2946,5006,10000,0
A5 54 18 31 05 07 0E 33 04 82 0B 8E 13 10 27 00 00 00 53  TEL,12568,S5,3591,1075,2946,5006,10000,0
A5 54 19 31 05 8A 0D 2E 04 82 0B 8E 13 10 27 00 00 00 5D  TEL,12569,S5,3466,1070,2946,5006,10000,0
A5 54 1A 31 05 07 0E 33 04 82 0B 8E 13 10 27 00 00 00 57  TEL,12570,S5,3591,1075,2946,5006,10000,0
A5 54 1B 31 05 07 0E 33 04 82 0B 8F 13 10 27 00 00 00 8A  TEL,12571,S5,3591,1075,2946,5007,10000,0
A5 54 1C 31 05 45 0E 35 04 82 0B 8E 13 10 27 00 00 00 CD  TEL,12572,S5,3653,1077,2946,5006,10000,0
A5 54 1D 31 05 45 0E 35 04 82 0B 8E 13 10 27 00 00 00 CF  TEL,12573,S5,3653,1077,2946,5006,10000,0
A5 54 1E 31 05 26 0E 34 04 82 0B 8E 13 10 27 00 00 00 68  TEL,12574,S5,3622,1076,2946,5006,10000,0
A5 54 1F 31 05 45 0E 35 04 82 0B 8E 13 10 27 00 00 00 CB  TEL,12575,S5,3653,1077,2946,5006,10000,0
A5 54 20 31 05 45 0E 35 04 82 0B 8E 13 10 27 00 00 00 B5  TEL,12576,S5,3653,1077,2946,5006,10000,0
A5 54 21 31 05 AA 0D 2F 04 82 0B 8E 13 10 27 00 00 00 CC  TEL,12577,S5,3498,1071,2946,5006,10000,0
A5 54 22 31 05 26 0E 34 04 82 0B 8E 13 10 27 00 00 00 10  TEL,12578,S5,3622,1076,2946,5006,10000,0
A5 54 23 31 05 45 0E 35 04 82 0B 8E 13 10 27 00 00 00 B3  TEL,12579,S5,3653,1077,2946,5006,10000,0
A5 54 24 31 05 45 0E 35 04 82 0B 8E 13 10 27 00 00 00 BD  TEL,12580,S5,3653,1077,2946,5006,10000,0
A5 54 25 31 05 07 0E 33 04 82 0B 8E 13 10 27 00 00 00 29  TEL,12581,S5,3591,1075,2946,5006,10000,0
A5 54 26 31 05 E8 0D 32 04 82 0B 8E 13 10 27 00 00 00 7A  TEL,12582,S5,3560,1074,2946,5006,10000,0
A5 54 27 31 05 45 0E 35 04 82 0B 8E 13 10 27 00 00 00 BB  TEL,12583,S5,3653,1077,2946,5006,10000,0
A5 54 28 31 05 07 0E 33 04 82 0B 8E 13 10 27 00 00 00 33  TEL,12584,S5,3591,1075,2946,5006,10000,0
A5 54 29 31 05 07 0E 33 04 82 0B 8E 13 10 27 00 00 00 31  TEL,12585,S5,3591,1075,2946,5006,10000,0
A5 54 2A 31 05 45 0E 35 04 82 0B 8E 13 10 27 00 00 00 A1  TEL,12586,S5,3653,1077,2946,5006,10000,0
A5 54 2B 31 05 E8 0D 32 04 82 0B 8E 13 10 27 00 00 00 60  TEL,12587,S5,3560,1074,2946,5006,10000,0
A5 54 2C 31 05 45 0E 35 04 82 0B 8E 13 10 27 00 00 00 AD  TEL,12588,S5,3653,1077,2946,5006,10000,0
A5 42 4A 00 05 2D 31 A5 35 BE 0C BD 35 BE 0C BF 35 BE 0C 3B  BTN,74,S5,PRESSED,12589,213792165,213792189,213792191
A5 54 2E 31 05 64 0E 36 04 82 0B DE 13 10 27 00 00 01 73  TEL,12590,S5,3684,1078,2946,5086,10000,1
A5 54 2F 31 05 26 0E 34 04 82 0B 8E 13 10 27 00 00 00 0A  TEL,12591,S5,3622,1076,2946,5006,10000,0
A5 54 30 31 05 26 0E 34 04 82 0B 8E 13 10 27 00 00 00 34  TEL,12592,S5,3622,1076,2946,5006,10000,0
A5 54 31 31 05 26 0E 34 04 82 0B 8E 13 10 27 00 00 00 36  TEL,12593,S5,3622,1076,2946,5006,10000,0
A5 54 32 31 05 07 0E 33 04 82 0B 8E 13 10 27 00 00 00 07  TEL,12594,S5,3591,1075,2946,5006,10000,0
A5 54 33 31 05 E8 0D 32 04 82 0B 8E 13 10 27 00 00 00 50  TEL,12595,S5,3560,1074,2946,5006,10000,0
A5 54 34 31 05 45 0E 35 04 82 0B 8E 13 10 27 00 00 00 9D  TEL,12596,S5,3653,1077,2946,5006,10000,0
A5 54 35 31 05 07 0E 33 04 82 0B 8E 13 10 27 00 00 00 09  TEL,12597,S5,3591,1075,2946,5006,10000,0
A5 54 36 31 05 07 0E 33 04 82 0B 8E 13 10 27 00 00 00 0F  TEL,12598,S5,3591,1075,2946,5006,10000,0
A5 54 37 31 05 26 0E 34 04 82 0B 8E 13 10 27 00 00 00 3A  TEL,12599,S5,3622,1076,2946,5006,10000,0
A5 54 38 31 05 45 0E 35 04 82 0B 8E 13 10 27 00 00 00 85  TEL,12600,S5,3653,1077,2946,5006,10000,0
A5 54 39 31 05 C9 0D 31 04 82 0B 8E 13 10 27 00 00 00 0F  TEL,12601,S5,3529,1073,2946,5006,10000,0
A5 54 3A 31 05 07 0E 33 04 82 0B 8E 13 10 27 00 00 00 17  TEL,12602,S5,3591,1075,2946,5006,10000,0
A5 54 3B 31 05 83 0E 37 04 82 0B 8E 13 10 27 00 00 00 C6  TEL,12603,S5,3715,1079,2946,5006,10000,0
A5 54 3C 31 05 45 0E 35 04 82 0B 92 13 10 27 00 00 00 C1  TEL,12604,S5,3653,1077,2946,5010,10000,0
A5 54 3D 31 05 A3 0E 38 04 82 0B 8E 13 10 27 00 00 00 91  TEL,12605,S5,3747,1080,2946,5006,10000,0
A5 54 3E 31 05 45 0E 35 04 82 0B 8E 13 10 27 00 00 00 89  TEL,12606,S5,3653,1077,2946,5006,10000,0
A5 54 3F 31 05 07 0E 33 04 82 0B 8E 13 10 27 00 00 00 1D  TEL,12607,S5,3591,1075,2946,5006,10000,0
A5 54 40 31 05 AA 0D 2F 04 82 0B 8E 13 10 27 00 00 00 0E  TEL,12608,S5,3498,1071,2946,5006,10000,0
A5 54 41 31 05 26 0E 34 04 82 0B 8E 13 10 27 00 00 00 D6  TEL,12609,S5,3622,1076,2946,5006,10000,0
A5 54 42 31 05 26 0E 34 04 82 0B 8E 13 10 27 00 00 00 D0  TEL,12610,S5,3622,1076,2946,5006,10000,0
A5 54 43 31 05 07 0E 33 04 82 0B 8E 13 10 27 00 00 00 E5  TEL,12611,S5,3591,1075,2946,5006,10000,0
A5 54 44 31 05 26 0E 34 04 82 0B 8E 13 10 27 00 00 00 DC  TEL,12612,S5,3622,1076,2946,5006,10000,0
A5 54 45 31 05 45 0E 35 04 82 0B 8E 13 10 27 00 00 00 7F  TEL,12613,S5,3653,1077,2946,5006,10000,0
A5 54 46 31 05 07 0E 33 04 82 0B 8E 13 10 27 00 00 00 EF  TEL,12614,S5,3591,1075,2946,5006,10000,0
A5 54 47 31 05 07 0E 33 04 82 0B 8E 13 10 27 00 00 00 ED  TEL,12615,S5,3591,1075,2946,5006,10000,0
A5 54 48 31 05 26 0E 34 04 82 0B 8E 13 10 27 00 00 00 C4  TEL,12616,S5,3622,1076,2946,5006,10000,0
A5 54 49 31 05 45 0E 35 04 82 0B 8E 13 10 27 00 00 00 67  TEL,12617,S5,3653,1077,2946,5006,10000,0
A5 54 4A 31 05 26 0E 34 04 82 0B 8E 13 10 27 00 00 00 C0  TEL,12618,S5,3622,1076,2946,5006,10000,0
A5 54 4B 31 05 C9 0D 31 04 82 0B 8E 13 10 27 00 00 00 EB  TEL,12619,S5,3529,1073,2946,5006,10000,0
A5 54 4C 31 05 A3 0E 38 04 82 0B 8E 13 10 27 00 00 00 73  TEL,12620,S5,3747,1080,2946,5006,10000,0
A5 54 4D 31 05 45 0E 35 04 82 0B 8E 13 10 27 00 00 00 6F  TEL,12621,S5,3653,1077,2946,5006,10000,0
A5 54 4E 31 05 64 0E 36 04 82 0B 8E 13 10 27 00 00 00 22  TEL,12622,S5,3684,1078,2946,5006,10000,0
A5 54 4F 31 05 45 0E 35 04 82 0B 8E 13 10 27 00 00 00 6B  TEL,12623,S5,3653,1077,2946,5006,10000,0
A5 54 50 31 05 64 0E 36 04 82 0B 8E 13 10 27 00 00 00 1E  TEL,12624,S5,3684,1078,2946,5006,10000,0
A5 54 51 31 05 A3 0E 38 04 82 0B 8E 13 10 27 00 00 00 49  TEL,12625,S5,3747,1080,2946,5006,10000,0
A5 54 52 31 05 26 0E 34 04 82 0B 8E 13 10 27 00 00 00 F0  TEL,12626,S5,3622,1076,2946,5006,10000,0
A5 54 53 31 05 07 0E 33 04 82 0B 8E 13 10 27 00 00 00 C5  TEL,12627,S5,3591,1075,2946,5006,10000,0
A5 54 54 31 05 45 0E 35 04 82 0B 8E 13 10 27 00 00 00 5D  TEL,12628,S5,3653,1077,2946,5006,10000,0
A5 54 55 31 05 45 0E 35 04 82 0B 8E 13 10 27 00 00 00 5F  TEL,12629,S5,3653,1077,2946,5006,10000,0
A5 54 56 31 05 45 0E 35 04 82 0B 8E 13 10 27 00 00 00 59  TEL,12630,S5,3653,1077,2946,5006,10000,0
A5 54 57 31 05 26 0E 34 04 82 0B 8E 13 10 27 00 00 00 FA  TEL,12631,S5,3622,1076,2946,5006,10000,0
A5 54 58 31 05 45 0E 35 04 82 0B 8E 13 10 27 00 00 00 45  TEL,12632,S5,3653,1077,2946,5006,10000,0
A5 54 59 31 05 45 0E 35 04 82 0B 8E 13 10 27 00 00 00 47  TEL,12633,S5,3653,1077,2946,5006,10000,0
A5 54 5A 31 05 26 0E 34 04 82 0B 8E 13 10 27 00 00 00 E0  TEL,12634,S5,3622,1076,2946,5006,10000,0
A5 54 5B 31 05 26 0E 34 04 82 0B 8E 13 10 27 00 00 00 E2  TEL,12635,S5,3622,1076,2946,5006,10000,0
A5 54 5C 31 05 AA 0D 2F 04 82 0B 8E 13 10 27 00 00 00 36  TEL,12636,S5,3498,1071,2946,5006,10000,0
A5 54 5D 31 05 A3 0E 38 04 82 0B 8E 13 10 27 00 00 00 51  TEL,12637,S5,3747,1080,2946,5006,10000,0
A5 54 5E 31 05 26 0E 34 04 82 0B 8E 13 10 27 00 00 00 E8  TEL,12638,S5,3622,1076,2946,5006,10000,0
A5 54 5F 31 05 45 0E 35 04 82 0B 8E 13 10 27 00 00 00 4B  TEL,12639,S5,3653,1077,2946,5006,10000,0
A5 54 60 31 05 C9 0D 30 04 82 0B 8E 13 10 27 00 00 00 A2  TEL,12640,S5,3529,1072,2946,5006,10000,0
A5 54 61 31 05 26 0E 34 04 82 0B 8E 13 10 27 00 00 00 96  TEL,12641,S5,3622,1076,2946,5006,10000,0
A5 54 62 31 05 07 0E 33 04 82 0B 8E 13 10 27 00 00 00 A7  TEL,12642,S5,3591,1075,2946,5006,10000,0
A5 54 63 31 05 64 0E 36 04 82 0B 8E 13 10 27 00 00 00 78  TEL,12643,S5,3684,1078,2946,5006,10000,0
A5 54 64 31 05 26 0E 34 04 82 0B 8E 13 10 27 00 00 00 9C  TEL,12644,S5,3622,1076,2946,5006,10000,0
A5 54 65 31 05 26 0E 34 04 82 0B 8E 13 10 27 00 00 00 9E  TEL,12645,S5,3622,1076,2946,5006,10000,0
A5 54 66 31 05 45 0E 35 04 82 0B 8E 13 10 27 00 00 00 39  TEL,12646,S5,3653,1077,2946,5006,10000,0
A5 54 67 31 05 07 0E 33 04 82 0B 8E 13 10 27 00 00 00 AD  TEL,12647,S5,3591,1075,2946,5006,10000,0
A5 54 68 31 05 26 0E 34 04 82 0B 8E 13 10 27 00 00 00 84  TEL,12648,S5,3622,1076,2946,5006,10000,0
A5 54 69 31 05 26 0E 34 04 82 0B 8E 13 10 27 00 00 00 86  TEL,12649,S5,3622,1076,2946,5006,10000,0
A5 54 6A 31 05 45 0E 35 04 82 0B 8E 13 10 27 00 00 00 21  TEL,12650,S5,3653,1077,2946,5006,10000,0
A5 54 6B 31 05 26 0E 34 04 82 0B 8E 13 10 27 00 00 00 82  TEL,12651,S5,3622,1076,2946,5006,10000,0
A5 54 6C 31 05 26 0E 34 04 82 0B 8E 13 10 27 00 00 00 8C  TEL,12652,S5,3622,1076,2946,5006,10000,0
A5 54 6D 31 05 45 0E 35 04 82 0B 8E 13 10 27 00 00 00 2F  TEL,12653,S5,3653,1077,2946,5006,10000,0
A5 54 6E 31 05 07 0E 33 04 82 0B 8E 13 10 27 00 00 00 BF  TEL,12654,S5,3591,1075,2946,5006,10000,0
A5 54 6F 31 05 AA 0D 2F 04 82 0B 8E 13 10 27 00 00 00 50  TEL,12655,S5,3498,1071,2946,5006,10000,0
A5 54 70 31 05 26 0E 34 04 82 0B 8E 13 10 27 00 00 00 B4  TEL,12656,S5,3622,1076,2946,5006,10000,0
A5 54 71 31 05 45 0E 35 04 82 0B 8E 13 10 27 00 00 00 17  TEL,12657,S5,3653,1077,2946,5006,10000,0
A5 54 72 31 05 26 0E 34 04 82 0B 8E 13 10 27 00 00 00 B0  TEL,12658,S5,3622,1076,2946,5006,10000,0
A5 54 73 31 05 07 0E 33 04 82 0B 8E 13 10 27 00 00 00 85  TEL,12659,S5,3591,1075,2946,5006,10000,0
A5 54 74 31 05 26 0E 34 04 82 0B 8E 13 10 27 00 00 00 BC  TEL,12660,S5,3622,1076,2946,5006,10000,0
A5 54 75 31 05 26 0E 34 04 82 0B 8E 13 10 27 00 00 00 BE  TEL,12661,S5,3622,1076,2946,5006,10000,0
A5 54 76 31 05 45 0E 35 04 82 0B 8E 13 10 27 00 00 00 19  TEL,12662,S5,3653,1077,2946,5006,10000,0
A5 54 77 31 05 45 0E 35 04 82 0B 8E 13 10 27 00 00 00 1B  TEL,12663,S5,3653,1077,2946,5006,10000,0
A5 54 78 31 05 64 0E 36 04 82 0B 8E 13 10 27 00 00 00 4E  TEL,12664,S5,3684,1078,2946,5006,10000,0
A5 54 79 31 05 64 0E 36 04 82 0B 8E 13 10 27 00 00 00 4C  TEL,12665,S5,3684,1078,2946,5006,10000,0
A5 54 7A 31 05 C9 0D 31 04 82 0B 8E 13 10 27 00 00 00 89  TEL,12666,S5,3529,1073,2946,5006,10000,0
A5 54 7B 31 05 26 0E 34 04 82 0B 8E 13 10 27 00 00 00 A2  TEL,12667,S5,3622,1076,2946,5006,10000,0
A5 54 7C 31 05 A3 0E 38 04 82 0B 8E 13 10 27 00 00 00 13  TEL,12668,S5,3747,1080,2946,5006,10000,0
A5 54 7D 31 05 45 0E 35 04 82 0B 8E 13 10 27 00 00 00 0F  TEL,12669,S5,3653,1077,2946,5006,10000,0
A5 54 7E 31 05 64 0E 36 04 82 0B 8E 13 10 27 00 00 00 42  TEL,12670,S5,3684,1078,2946,5006,10000,0
A5 54 7F 31 05 07 0E 33 04 82 0B 8E 13 10 27 00 00 00 9D  TEL,12671,S5,3591,1075,2946,5006,10000,0
A5 54 80 31 05 64 0E 36 04 82 0B 8E 13 10 27 00 00 00 B9  TEL,12672,S5,3684,1078,2946,5006,10000,0
A5 54 81 31 05 26 0E 34 04 82 0B 8F 13 10 27 00 00 00 8E  TEL,12673,S5,3622,1076,2946,5007,10000,0
A5 54 82 31 05 45 0E 35 04 82 0B 8E 13 10 27 00 00 00 F6  TEL,12674,S5,3653,1077,2946,5006,10000,0
A5 54 83 31 05 07 0E 33 04 82 0B 8E 13 10 27 00 00 00 62  TEL,12675,S5,3591,1075,2946,5006,10000,0
A5 54 84 31 05 07 0E 33 04 82 0B 8E 13 10 27 00 00 00 6C  TEL,12676,S5,3591,1075,2946,5006,10000,0
A5 54 85 31 05 45 0E 35 04 82 0B 8E 13 10 27 00 00 00 F8  TEL,12677,S5,3653,1077,2946,5006,10000,0
A5 54 86 31 05 07 0E 33 04 82 0B 8E 13 10 27 00 00 00 68  TEL,12678,S5,3591,1075,2946,5006,10000,0
A5 54 87 31 05 45 0E 35 04 82 0B 8E 13 10 27 00 00 00 FC  TEL,12679,S5,3653,1077,2946,5006,10000,0
A5 54 88 31 05 26 0E 34 04 82 0B 8E 13 10 27 00 00 00 43  TEL,12680,S5,3622,1076,2946,5006,10000,0
A5 54 89 31 05 64 0E 36 04 82 0B 8E 13 10 27 00 00 00 AB  TEL,12681,S5,3684,1078,2946,5006,10000,0
A5 54 8A 31 05 64 0E 36 04 82 0B 8E 13 10 27 00 00 00 AD  TEL,12682,S5,3684,1078,2946,5006,10000,0
A5 54 8B 31 05 26 0E 34 04 82 0B 8E 13 10 27 00 00 00 45  TEL,12683,S5,3622,1076,2946,5006,10000,0
A5 54 8C 31 05 C9 0D 31 04 82 0B 8E 13 10 27 00 00 00 62  TEL,12684,S5,3529,1073,2946,5006,10000,0
A5 54 8D 31 05 45 0E 35 04 82 0B 8E 13 10 27 00 00 00 E8  TEL,12685,S5,3653,1077,2946,5006,10000,0
A5 54 8E 31 05 26 0E 34 04 82 0B 8E 13 10 27 00 00 00 4F  TEL,12686,S5,3622,1076,2946,5006,10000,0
A5 54 8F 31 05 45 0E 35 04 82 0B 8E 13 10 27 00 00 00 EC  TEL,12687,S5,3653,1077,2946,5006,10000,0
A5 54 90 31 05 E8 0D 32 04 82 0B 8E 13 10 27 00 00 00 11  TEL,12688,S5,3560,1074,2946,5006,10000,0
A5 54 91 31 05 45 0E 35 04 82 0B 8E 13 10 27 00 00 00 D0  TEL,12689,S5,3653,1077,2946,5006,10000,0
A5 54 92 31 05 07 0E 33 04 82 0B 8E 13 10 27 00 00 00 40  TEL,12690,S5,3591,1075,2946,5006,10000,0
A5 54 93 31 05 07 0E 33 04 82 0B 8E 13 10 27 00 00 00 42  TEL,12691,S5,3591,1075,2946,5006,10000,0
A5 54 94 31 05 64 0E 36 04 82 0B 8E 13 10 27 00 00 00 91  TEL,12692,S5,3684,1078,2946,5006,10000,0
A5 54 95 31 05 45 0E 35 04 82 0B 8E 13 10 27 00 00 00 D8  TEL,12693,S5,3653,1077,2946,5006,10000,0
A5 54 96 31 05 45 0E 35 04 82 0B 8E 13 10 27 00 00 00 DE  TEL,12694,S5,3653,1077,2946,5006,10000,0
A5 54 97 31 05 45 0E 35 04 82 0B 8E 13 10 27 00 00 00 DC  TEL,12695,S5,3653,1077,2946,5006,10000,0
A5 54 98 31 05 26 0E 34 04 82 0B 8E 13 10 27 00 00 00 63  TEL,12696,S5,3622,1076,2946,5006,10000,0
A5 54 99 31 05 A3 0E 38 04 82 0B 8E 13 10 27 00 00 00 DE  TEL,12697,S5,3747,1080,2946,5006,10000,0
A5 54 9A 31 05 07 0E 33 04 82 0B 8E 13 10 27 00 00 00 50  TEL,12698,S5,3591,1075,2946,5006,10000,0
A5 54 9B 31 05 83 0E 37 04 82 0B 8E 13 10 27 00 00 00 81  TEL,12699,S5,3715,1079,2946,5006,10000,0
A5 54 9C 31 05 64 0E 36 04 82 0B 8E 13 10 27 00 00 00 81  TEL,12700,S5,3684,1078,2946,5006,10000,0
A5 54 9D 31 05 45 0E 35 04 82 0B 8E 13 10 27 00 00 00 C8  TEL,12701,S5,3653,1077,2946,5006,10000,0
A5 54 9E 31 05 07 0E 33 04 82 0B 8E 13 10 27 00 00 00 58  TEL,12702,S5,3591,1075,2946,5006,10000,0
A5 54 9F 31 05 45 0E 35 04 82 0B 8E 13 10 27 00 00 00 CC  TEL,12703,S5,3653,1077,2946,5006,10000,0
A5 54 A0 31 05 45 0E 35 04 82 0B 8E 13 10 27 00 00 00 B2  TEL,12704,S5,3653,1077,2946,5006,10000,0
A5 54 A1 31 05 64 0E 36 04 82 0B 8E 13 10 27 00 00 00 FB  TEL,12705,S5,3684,1078,2946,5006,10000,0
A5 54 A2 31 05 45 0E 35 04 82 0B 8E 13 10 27 00 00 00 B6  TEL,12706,S5,3653,1077,2946,5006,10000,0
A5 54 A3 31 05 07 0E 33 04 82 0B 8E 13 10 27 00 00 00 22  TEL,12707,S5,3591,1075,2946,5006,10000,0
A5 54 A4 31 05 26 0E 34 04 82 0B 8E 13 10 27 00 00 00 1B  TEL,12708,S5,3622,1076,2946,5006,10000,0
A5 54 A5 31 05 A3 0E 38 04 82 0B 8E 13 10 27 00 00 00 A6  TEL,12709,S5,3747,1080,2946,5006,10000,0
A5 54 A6 31 05 07 0E 33 04 82 0B 8E 13 10 27 00 00 00 28  TEL,12710,S5,3591,1075,2946,5006,10000,0
A5 54 A7 31 05 E8 0D 32 04 82 0B 8E 13 10 27 00 00 00 7F  TEL,12711,S5,3560,1074,2946,5006,10000,0
A5 54 A8 31 05 A3 0E 38 04 82 0B 8E 13 10 27 00 00 00 BC  TEL,12712,S5,3747,1080,2946,5006,10000,0
A5 54 A9 31 05 45 0E 35 04 82 0B 8E 13 10 27 00 00 00 A0  TEL,12713,S5,3653,1077,2946,5006,10000,0
A5 54 AA 31 05 26 0E 34 04 82 0B 8E 13 10 27 00 00 00 07  TEL,12714,S5,3622,1076,2946,5006,10000,0
A5 54 AB 31 05 07 0E 33 04 82 0B 8E 13 10 27 00 00 00 32  TEL,12715,S5,3591,1075,2946,5006,10000,0
A5 54 AC 31 05 A3 0E 38 04 82 0B 8E 13 10 27 00 00 00 B4  TEL,12716,S5,3747,1080,2946,5006,10000,0
A5 54 AD 31 05 45 0E 35 04 82 0B 8E 13 10 27 00 00 00 A8  TEL,12717,S5,3653,1077,2946,5006,10000,0
A5 54 AE 31 05 A3 0E 38 04 82 0B 8E 13 10 27 00 00 00 B0  TEL,12718,S5,3747,1080,2946,5006,10000,0
A5 54 AF 31 05 E8 0D 32 04 82 0B 8E 13 10 27 00 00 00 6F  TEL,12719,S5,3560,1074,2946,5006,10000,0
A5 54 B0 31 05 26 0E 34 04 82 0B 8E 13 10 27 00 00 00 33  TEL,12720,S5,3622,1076,2946,5006,10000,0
A5 54 B1 31 05 64 0E 36 04 82 0B 8E 13 10 27 00 00 00 DB  TEL,12721,S5,3684,1078,2946,5006,10000,0
A5 54 B2 31 05 E8 0D 32 04 82 0B 8E 13 10 27 00 00 00 55  TEL,12722,S5,3560,1074,2946,5006,10000,0
A5 54 B3 31 05 07 0E 33 04 82 0B 8F 13 10 27 00 00 00 DD  TEL,12723,S5,3591,1075,2946,5007,10000,0
A5 54 B4 31 05 45 0E 35 04 82 0B 8E 13 10 27 00 00 00 9A  TEL,12724,S5,3653,1077,2946,5006,10000,0
A5 54 B5 31 05 26 0E 34 04 82 0B 8E 13 10 27 00 00 00 39  TEL,12725,S5,3622,1076,2946,5006,10000,0
A5 54 B6 31 05 07 0E 33 04 82 0B 8E 13 10 27 00 00 00 08  TEL,12726,S5,3591,1075,2946,5006,10000,0
A5 54 B7 31 05 07 0E 33 04 82 0B 8E 13 10 27 00 00 00 0A  TEL,12727,S5,3591,1075,2946,5006,10000,0
A5 54 B8 31 05 26 0E 34 04 82 0B 8E 13 10 27 00 00 00 23  TEL,12728,S5,3622,1076,2946,5006,10000,0
A5 54 B9 31 05 83 0E 37 04 82 0B 8E 13 10 27 00 00 00 C5  TEL,12729,S5,3715,1079,2946,5006,10000,0
A5 54 BA 31 05 45 0E 35 04 82 0B 8E 13 10 27 00 00 00 86  TEL,12730,S5,3653,1077,2946,5006,10000,0
A5 54 BB 31 05 26 0E 34 04 82 0B 8E 13 10 27 00 00 00 25  TEL,12731,S5,3622,1076,2946,5006,10000,0
A5 54 BC 31 05 83 0E 37 04 82 0B 8E 13 10 27 00 00 00 CF  TEL,12732,S5,3715,1079,2946,5006,10000,0
A5 54 BD 31 05 26 0E 34 04 82 0B 8E 13 10 27 00 00 00 29  TEL,12733,S5,3622,1076,2946,5006,10000,0
A5 54 BE 31 05 07 0E 33 04 82 0B 8E 13 10 27 00 00 00 18  TEL,12734,S5,3591,1075,2946,5006,10000,0
A5 54 BF 31 05 07 0E 33 04 82 0B 8E 13 10 27 00 00 00 1A  TEL,12735,S5,3591,1075,2946,5006,10000,0
A5 54 C0 31 05 45 0E 35 04 82 0B 8E 13 10 27 00 00 00 72  TEL,12736,S5,3653,1077,2946,5006,10000,0
A5 54 C1 31 05 26 0E 34 04 82 0B 8E 13 10 27 00 00 00 D1  TEL,12737,S5,3622,1076,2946,5006,10000,0
A5 54 C2 31 05 26 0E 34 04 82 0B 8E 13 10 27 00 00 00 D7  TEL,12738,S5,3622,1076,2946,5006,10000,0
A5 54 C3 31 05 45 0E 35 04 82 0B 8E 13 10 27 00 00 00 74  TEL,12739,S5,3653,1077,2946,5006,10000,0
A5 54 C4 31 05 E8 0D 32 04 82 0B 8E 13 10 27 00 00 00 B9  TEL,12740,S5,3560,1074,2946,5006,10000,0
A5 54 C5 31 05 45 0E 35 04 82 0B 8E 13 10 27 00 00 00 78  TEL,12741,S5,3653,1077,2946,5006,10000,0
A5 54 C6 31 05 07 0E 33 04 82 0B 8E 13 10 27 00 00 00 E8  TEL,12742,S5,3591,1075,2946,5006,10000,0
A5 54 C7 31 05 45 0E 35 04 82 0B 8E 13 10 27 00 00 00 7C  TEL,12743,S5,3653,1077,2946,5006,10000,0
A5 54 C8 31 05 64 0E 36 04 82 0B 8E 13 10 27 00 00 00 29  TEL,12744,S5,3684,1078,2946,5006,10000,0
A5 54 C9 31 05 45 0E 35 04 82 0B 8E 13 10 27 00 00 00 60  TEL,12745,S5,3653,1077,2946,5006,10000,0
A5 54 CA 31 05 45 0E 35 04 82 0B 8E 13 10 27 00 00 00 66  TEL,12746,S5,3653,1077,2946,5006,10000,0
A5 54 CB 31 05 26 0E 34 04 82 0B 8E 13 10 27 00 00 00 C5  TEL,12747,S5,3622,1076,2946,5006,10000,0
A5 54 CC 31 05 C9 0D 30 04 82 0B 8E 13 10 27 00 00 00 FD  TEL,12748,S5,3529,1072,2946,5006,10000,0
A5 42 4B 00 05 CD 31 FA 66 D6 0C 11 67 D6 0C 14 67 D6 0C B6  BTN,75,S5,PRESSED,12749,215377658,215377681,215377684
A5 54 CE 31 05 45 0E 35 04 82 0B 8F 13 10 27 00 00 00 B1  TEL,12750,S5,3653,1077,2946,5007,10000,0
A5 54 CF 31 05 45 0E 35 04 82 0B 8E 13 10 27 00 00 00 6C  TEL,12751,S5,3653,1077,2946,5006,10000,0
A5 54 D0 31 05 07 0E 33 04 82 0B 8E 13 10 27 00 00 00 C4  TEL,12752,S5,3591,1075,2946,5006,10000,0
A5 54 D1 31 05 A3 0E 38 04 82 0B 8E 13 10 27 00 00 00 4E  TEL,12753,S5,3747,1080,2946,5006,10000,0
A5 54 D2 31 05 A3 0E 38 04 82 0B 8E 13 10 27 00 00 00 48  TEL,12754,S5,3747,1080,2946,5006,10000,0
A5 54 D3 31 05 83 0E 37 04 82 0B 8E 13 10 27 00 00 00 11  TEL,12755,S5,3715,1079,2946,5006,10000,0
A5 54 D4 31 05 83 0E 37 04 82 0B 8E 13 10 27 00 00 00 1F  TEL,12756,S5,3715,1079,2946,5006,10000,0
A5 54 D5 31 05 26 0E 34 04 82 0B 8E 13 10 27 00 00 00 F9  TEL,12757,S5,3622,1076,2946,5006,10000,0
A5 54 D6 31 05 45 0E 35 04 82 0B 8E 13 10 27 00 00 00 5E  TEL,12758,S5,3653,1077,2946,5006,10000,0
A5 54 D7 31 05 83 0E 37 04 82 0B 8E 13 10 27 00 00 00 19  TEL,12759,S5,3715,1079,2946,5006,10000,0
A5 54 D8 31 05 83 0E 37 04 82 0B 8E 13 10 27 00 00 00 07  TEL,12760,S5,3715,1079,2946,5006,10000,0
A5 54 D9 31 05 64 0E 36 04 82 0B 8E 13 10 27 00 00 00 0B  TEL,12761,S5,3684,1078,2946,5006,10000,0
A5 54 DA 31 05 64 0E 36 04 82 0B 8E 13 10 27 00 00 00 0D  TEL,12762,S5,3684,1078,2946,5006,10000,0
A5 54 DB 31 05 45 0E 35 04 82 0B 8E 13 10 27 00 00 00 44  TEL,12763,S5,3653,1077,2946,5006,10000,0
A5 54 DC 31 05 A3 0E 38 04 82 0B 8E 13 10 27 00 00 00 54  TEL,12764,S5,3747,1080,2946,5006,10000,0
A5 54 DD 31 05 26 0E 34 04 82 0B 8E 13 10 27 00 00 00 E9  TEL,12765,S5,3622,1076,2946,5006,10000,0
A5 54 DE 31 05 A3 0E 38 04 82 0B 8E 13 10 27 00 00 00 50  TEL,12766,S5,3747,1080,2946,5006,10000,0
A5 54 DF 31 05 45 0E 35 04 82 0B 8E 13 10 27 00 00 00 4C  TEL,12767,S5,3653,1077,2946,5006,10000,0
A5 54 E0 31 05 64 0E 36 04 82 0B 8E 13 10 27 00 00 00 79  TEL,12768,S5,3684,1078,2946,5006,10000,0
A5 54 E1 31 05 26 0E 34 04 82 0B 8E 13 10 27 00 00 00 91  TEL,12769,S5,3622,1076,2946,5006,10000,0
A5 54 E2 31 05 45 0E 35 04 82 0B 8E 13 10 27 00 00 00 36  TEL,12770,S5,3653,1077,2946,5006,10000,0
A5 54 E3 31 05 45 0E 35 04 82 0B 8E 13 10 27 00 00 00 34  TEL,12771,S5,3653,1077,2946,5006,10000,0
A5 54 E4 31 05 07 0E 33 04 82 0B 8E 13 10 27 00 00 00 AC  TEL,12772,S5,3591,1075,2946,5006,10000,0
A5 54 E5 31 05 45 0E 35 04 82 0B 8E 13 10 27 00 00 00 38  TEL,12773,S5,3653,1077,2946,5006,10000,0
A5 54 E6 31 05 64 0E 36 04 82 0B 8F 13 10 27 00 00 00 AA  TEL,12774,S5,3684,1078,2946,5007,10000,0
A5 54 E7 31 05 07 0E 33 04 82 0B 8E 13 10 27 00 00 00 AA  TEL,12775,S5,3591,1075,2946,5006,10000,0
A5 54 E8 31 05 A3 0E 38 04 82 0B 8E 13 10 27 00 00 00 3C  TEL,12776,S5,3747,1080,2946,5006,10000,0
A5 54 E9 31 05 64 0E 36 04 82 0B 8E 13 10 27 00 00 00 6B  TEL,12777,S5,3684,1078,2946,5006,10000,0
A5 54 EA 31 05 45 0E 35 04 82 0B 8E 13 10 27 00 00 00 26  TEL,12778,S5,3653,1077,2946,5006,10000,0
A5 54 EB 31 05 45 0E 35 04 82 0B 8E 13 10 27 00 00 00 24  TEL,12779,S5,3653,1077,2946,5006,10000,0
A5 54 EC 31 05 07 0E 33 04 82 0B 8E 13 10 27 00 00 00 BC  TEL,12780,S5,3591,1075,2946,5006,10000,0
A5 54 ED 31 05 C9 0D 30 04 82 0B 8E 13 10 27 00 00 00 BF  TEL,12781,S5,3529,1072,2946,5006,10000,0
A5 54 EE 31 05 83 0E 37 04 82 0B 8E 13 10 27 00 00 00 6B  TEL,12782,S5,3715,1079,2946,5006,10000,0
A5 54 EF 31 05 07 0E 33 04 82 0B 8E 13 10 27 00 00 00 BA  TEL,12783,S5,3591,1075,2946,5006,10000,0
A5 54 F0 31 05 45 0E 35 04 82 0B 8E 13 10 27 00 00 00 12  TEL,12784,S5,3653,1077,2946,5006,10000,0
A5 54 F1 31 05 26 0E 34 04 82 0B 8E 13 10 27 00 00 00 B1  TEL,12785,S5,3622,1076,2946,5006,10000,0
A5 54 F2 31 05 45 0E 35 04 82 0B 8E 13 10 27 00 00 00 16  TEL,12786,S5,3653,1077,2946,5006,10000,0
A5 54 F3 31 05 07 0E 33 04 82 0B 8E 13 10 27 00 00 00 82  TEL,12787,S5,3591,1075,2946,5006,10000,0
A5 54 F4 31 05 8A 0D 2E 04 82 0B 8E 13 10 27 00 00 00 80  TEL,12788,S5,3466,1070,2946,5006,10000,0
A5 54 F5 31 05 64 0E 36 04 82 0B 8E 13 10 27 00 00 00 53  TEL,12789,S5,3684,1078,2946,5006,10000,0
A5 54 F6 31 05 45 0E 35 04 82 0B 8E 13 10 27 00 00 00 1E  TEL,12790,S5,3653,1077,2946,5006,10000,0
A5 54 F7 31 05 26 0E 34 04 82 0B 8E 13 10 27 00 00 00 BD  TEL,12791,S5,3622,1076,2946,5006,10000,0
A5 54 F8 31 05 07 0E 33 04 82 0B 8E 13 10 27 00 00 00 94  TEL,12792,S5,3591,1075,2946,5006,10000,0
A5 54 F9 31 05 83 0E 37 04 82 0B 8E 13 10 27 00 00 00 45  TEL,12793,S5,3715,1079,2946,5006,10000,0
A5 54 FA 31 05 45 0E 35 04 82 0B 8E 13 10 27 00 00 00 06  TEL,12794,S5,3653,1077,2946,5006,10000,0
A5 54 FB 31 05 45 0E 35 04 82 0B 8E 13 10 27 00 00 00 04  TEL,12795,S5,3653,1077,2946,5006,10000,0
A5 54 FC 31 05 07 0E 33 04 82 0B 8E 13 10 27 00 00 00 9C  TEL,12796,S5,3591,1075,2946,5006,10000,0
A5 54 FD 31 05 A3 0E 38 04 82 0B 8E 13 10 27 00 00 00 16  TEL,12797,S5,3747,1080,2946,5006,10000,0
A5 54 FE 31 05 45 0E 35 04 82 0B 8E 13 10 27 00 00 00 0E  TEL,12798,S5,3653,1077,2946,5006,10000,0
A5 54 FF 31 05 26 0E 34 04 82 0B 8E 13 10 27 00 00 00 AD  TEL,12799,S5,3622,1076,2946,5006,10000,0
A5 54 00 32 05 AA 0D 2F 04 82 0B 8E 13 10 27 00 00 00 56  TEL,12800,S5,3498,1071,2946,5006,10000,0
A5 54 01 32 05 AA 0D 2F 04 82 0B 8E 13 10 27 00 00 00 54  TEL,12801,S5,3498,1071,2946,5006,10000,0
A5 54 02 32 05 26 0E 34 04 82 0B 8E 13 10 27 00 00 00 88  TEL,12802,S5,3622,1076,2946,5006,10000,0
A5 54 03 32 05 26 0E 34 04 82 0B 8E 13 10 27 00 00 00 8A  TEL,12803,S5,3622,1076,2946,5006,10000,0
A5 54 04 32 05 45 0E 35 04 82 0B 8E 13 10 27 00 00 00 25  TEL,12804,S5,3653,1077,2946,5006,10000,0
A5 54 05 32 05 26 0E 34 04 82 0B 8E 13 10 27 00 00 00 86  TEL,12805,S5,3622,1076,2946,5006,10000,0
A5 54 06 32 05 26 0E 34 04 82 0B 8E 13 10 27 00 00 00 80  TEL,12806,S5,3622,1076,2946,5006,10000,0
A5 54 07 32 05 45 0E 35 04 82 0B 8E 13 10 27 00 00 00 23  TEL,12807,S5,3653,1077,2946,5006,10000,0
A5 54 08 32 05 45 0E 35 04 82 0B 8E 13 10 27 00 00 00 3D  TEL,12808,S5,3653,1077,2946,5006,10000,0
A5 54 09 32 05 A3 0E 38 04 82 0B 8E 13 10 27 00 00 00 21  TEL,12809,S5,3747,1080,2946,5006,10000,0
A5 54 0A 32 05 45 0E 35 04 82 0B 8E 13 10 27 00 00 00 39  TEL,12810,S5,3653,1077,2946,5006,10000,0
A5 54 0B 32 05 45 0E 35 04 82 0B 8E 13 10 27 00 00 00 3B  TEL,12811,S5,3653,1077,2946,5006,10000,0
A5 54 0C 32 05 07 0E 33 04 82 0B 8E 13 10 27 00 00 00 A3  TEL,12812,S5,3591,1075,2946,5006,10000,0
A5 54 0D 32 05 45 0E 35 04 82 0B 8E 13 10 27 00 00 00 37  TEL,12813,S5,3653,1077,2946,5006,10000,0
A5 54 0E 32 05 83 0E 37 04 82 0B 8E 13 10 27 00 00 00 74  TEL,12814,S5,3715,1079,2946,5006,10000,0
A5 54 0F 32 05 07 0E 33 04 82 0B 8E 13 10 27 00 00 00 A5  TEL,12815,S5,3591,1075,2946,5006,10000,0
A5 54 10 32 05 83 0E 37 04 82 0B 8E 13 10 27 00 00 00 48  TEL,12816,S5,3715,1079,2946,5006,10000,0
A5 54 11 32 05 45 0E 35 04 82 0B 8E 13 10 27 00 00 00 0F  TEL,12817,S5,3653,1077,2946,5006,10000,0
A5 54 12 32 05 45 0E 35 04 82 0B 8E 13 10 27 00 00 00 09  TEL,12818,S5,3653,1077,2946,5006,10000,0
A5 54 13 32 05 45 0E 35 04 82 0B 8E 13 10 27 00 00 00 0B  TEL,12819,S5,3653,1077,2946,5006,10000,0
A5 54 14 32 05 C2 0E 39 04 82 0B 8E 13 10 27 00 00 00 95  TEL,12820,S5,3778,1081,2946,5006,10000,0
A5 54 15 32 05 26 0E 34 04 82 0B 8E 13 10 27 00 00 00 A6  TEL,12821,S5,3622,1076,2946,5006,10000,0
A5 54 16 32 05 26 0E 34 04 82 0B 8E 13 10 27 00 00 00 A0  TEL,12822,S5,3622,1076,2946,5006,10000,0
A5 54 17 32 05 64 0E 36 04 82 0B 8E 13 10 27 00 00 00 48  TEL,12823,S5,3684,1078,2946,5006,10000,0
A5 54 18 32 05 45 0E 35 04 82 0B 8E 13 10 27 00 00 00 1D  TEL,12824,S5,3653,1077,2946,5006,10000,0
A5 54 19 32 05 45 0E 35 04 82 0B 8E 13 10 27 00 00 00 1F  TEL,12825,S5,3653,1077,2946,5006,10000,0
A5 54 1A 32 05 83 0E 37 04 82 0B 8E 13 10 27 00 00 00 5C  TEL,12826,S5,3715,1079,2946,5006,10000,0
A5 54 1B 32 05 83 0E 37 04 82 0B 8E 13 10 27 00 00 00 5E  TEL,12827,S5,3715,1079,2946,5006,10000,0
A5 54 1C 32 05 8A 0D 2E 04 82 0B 8E 13 10 27 00 00 00 8F  TEL,12828,S5,3466,1070,2946,5006,10000,0
A5 54 1D 32 05 45 0E 35 04 82 0B 8E 13 10 27 00 00 00 17  TEL,12829,S5,3653,1077,2946,5006,10000,0
A5 54 1E 32 05 45 0E 35 04 82 0B 8E 13 10 27 00 00 00 11  TEL,12830,S5,3653,1077,2946,5006,10000,0
A5 54 1F 32 05 45 0E 35 04 82 0B 8E 13 10 27 00 00 00 13  TEL,12831,S5,3653,1077,2946,5006,10000,0
A5 54 20 32 05 C2 0E 3A 04 82 0B 8E 13 10 27 00 00 00 DC  TEL,12832,S5,3778,1082,2946,5006,10000,0
A5 54 21 32 05 26 0E 34 04 82 0B 8E 13 10 27 00 00 00 CE  TEL,12833,S5,3622,1076,2946,5006,10000,0
A5 54 22 32 05 A3 0E 38 04 82 0B 8E 13 10 27 00 00 00 77  TEL,12834,S5,3747,1080,2946,5006,10000,0
A5 54 23 32 05 64 0E 36 04 82 0B 8E 13 10 27 00 00 00 20  TEL,12835,S5,3684,1078,2946,5006,10000,0
A5 54 24 32 05 AA 0D 2F 04 82 0B 8E 13 10 27 00 00 00 1E  TEL,12836,S5,3498,1071,2946,5006,10000,0
A5 54 25 32 05 26 0E 34 04 82 0B 8E 13 10 27 00 00 00 C6  TEL,12837,S5,3622,1076,2946,5006,10000,0
A5 54 26 32 05 45 0E 35 04 82 0B 8E 13 10 27 00 00 00 61  TEL,12838,S5,3653,1077,2946,5006,10000,0
A5 54 27 32 05 64 0E 36 04 82 0B 8E 13 10 27 00 00 00 28  TEL,12839,S5,3684,1078,2946,5006,10000,0
A5 54 28 32 05 45 0E 35 04 82 0B 8E 13 10 27 00 00 00 7D  TEL,12840,S5,3653,1077,2946,5006,10000,0
A5 54 29 32 05 45 0E 35 04 82 0B 8E 13 10 27 00 00 00 7F  TEL,12841,S5,3653,1077,2946,5006,10000,0
A5 54 2A 32 05 26 0E 34 04 82 0B 8E 13 10 27 00 00 00 D8  TEL,12842,S5,3622,1076,2946,5006,10000,0
A5 54 2B 32 05 45 0E 35 04 82 0B 8E 13 10 27 00 00 00 7B  TEL,12843,S5,3653,1077,2946,5006,10000,0
A5 54 2C 32 05 07 0E 33 04 82 0B 8E 13 10 27 00 00 00 E3  TEL,12844,S5,3591,1075,2946,5006,10000,0
A5 54 2D 32 05 C2 0E 39 04 82 0B 8E 13 10 27 00 00 00 E7  TEL,12845,S5,3778,1081,2946,5006,10000,0
A5 54 2E 32 05 45 0E 35 04 82 0B 8E 13 10 27 00 00 00 71  TEL,12846,S5,3653,1077,2946,5006,10000,0
A5 54 2F 32 05 45 0E 35 04 82 0B 8E 13 10 27 00 00 00 73  TEL,12847,S5,3653,1077,2946,5006,10000,0
A5 54 30 32 05 C2 0E 3A 04 82 0B 8E 13 10 27 00 00 00 FC  TEL,12848,S5,3778,1082,2946,5006,10000,0
A5 54 31 32 05 45 0E 35 04 82 0B 8E 13 10 27 00 00 00 4F  TEL,12849,S5,3653,1077,2946,5006,10000,0
A5 54 32 32 05 45 0E 35 04 82 0B 8E 13 10 27 00 00 00 49  TEL,12850,S5,3653,1077,2946,5006,10000,0
A5 54 33 32 05 E8 0D 32 04 82 0B 8E 13 10 27 00 00 00 88  TEL,12851,S5,3560,1074,2946,5006,10000,0
A5 54 34 32 05 45 0E 35 04 82 0B 8E 13 10 27 00 00 00 45  TEL,12852,S5,3653,1077,2946,5006,10000,0
A5 54 35 32 05 26 0E 34 04 82 0B 8E 13 10 27 00 00 00 E6  TEL,12853,S5,3622,1076,2946,5006,10000,0
A5 54 36 32 05 A3 0E 38 04 82 0B 8E 13 10 27 00 00 00 5F  TEL,12854,S5,3747,1080,2946,5006,10000,0
A5 54 37 32 05 07 0E 33 04 82 0B 8E 13 10 27 00 00 00 D5  TEL,12855,S5,3591,1075,2946,5006,10000,0
A5 54 38 32 05 07 0E 33 04 82 0B 8E 13 10 27 00 00 00 CB  TEL,12856,S5,3591,1075,2946,5006,10000,0
A5 54 39 32 05 26 0E 34 04 82 0B 8E 13 10 27 00 00 00 FE  TEL,12857,S5,3622,1076,2946,5006,10000,0
A5 54 3A 32 05 26 0E 34 04 82 0B 8E 13 10 27 00 00 00 F8  TEL,12858,S5,3622,1076,2946,5006,10000,0
A5 54 3B 32 05 45 0E 35 04 82 0B 8E 13 10 27 00 00 00 5B  TEL,12859,S5,3653,1077,2946,5006,10000,0
A5 54 3C 32 05 07 0E 33 04 82 0B 8E 13 10 27 00 00 00 C3  TEL,12860,S5,3591,1075,2946,5006,10000,0
A5 54 3D 32 05 45 0E 35 04 82 0B 8E 13 10 27 00 00 00 57  TEL,12861,S5,3653,1077,2946,5006,10000,0
A5 54 3E 32 05 45 0E 35 04 82 0B 8E 13 10 27 00 00 00 51  TEL,12862,S5,3653,1077,2946,5006,10000,0
A5 54 3F 32 05 07 0E 33 04 82 0B 8E 13 10 27 00 00 00 C5  TEL,12863,S5,3591,1075,2946,5006,10000,0
A5 54 40 32 05 07 0E 33 04 82 0B 8E 13 10 27 00 00 00 3B  TEL,12864,S5,3591,1075,2946,5006,10000,0
A5 54 41 32 05 A3 0E 38 04 82 0B 8E 13 10 27 00 00 00 B1  TEL,12865,S5,3747,1080,2946,5006,10000,0
A5 54 42 32 05 45 0E 35 04 82 0B 8E 13 10 27 00 00 00 A9  TEL,12866,S5,3653,1077,2946,5006,10000,0
A5 54 43 32 05 45 0E 35 04 82 0B 8E 13 10 27 00 00 00 AB  TEL,12867,S5,3653,1077,2946,5006,10000,0
A5 54 44 32 05 07 0E 33 04 82 0B 8E 13 10 27 00 00 00 33  TEL,12868,S5,3591,1075,2946,5006,10000,0
A5 54 45 32 05 45 0E 35 04 82 0B 8E 13 10 27 00 00 00 A7  TEL,12869,S5,3653,1077,2946,5006,10000,0
A5 54 46 32 05 45 0E 35 04 82 0B 8E 13 10 27 00 00 00 A1  TEL,12870,S5,3653,1077,2946,5006,10000,0
A5 54 47 32 05 45 0E 35 04 82 0B 8E 13 10 27 00 00 00 A3  TEL,12871,S5,3653,1077,2946,5006,10000,0
A5 54 48 32 05 C2 0E 39 04 82 0B 8E 13 10 27 00 00 00 2D  TEL,12872,S5,3778,1081,2946,5006,10000,0
A5 54 49 32 05 45 0E 35 04 82 0B 8E 13 10 27 00 00 00 BF  TEL,12873,S5,3653,1077,2946,5006,10000,0
A5 54 4A 32 05 83 0E 37 04 82 0B 8E 13 10 27 00 00 00 FC  TEL,12874,S5,3715,1079,2946,5006,10000,0
A5 54 4B 32 05 45 0E 35 04 82 0B 8E 13 10 27 00 00 00 BB  TEL,12875,S5,3653,1077,2946,5006,10000,0
A5 54 4C 32 05 64 0E 36 04 82 0B 8E 13 10 27 00 00 00 FE  TEL,12876,S5,3684,1078,2946,5006,10000,0
A5 54 4D 32 05 07 0E 33 04 82 0B 8E 13 10 27 00 00 00 21  TEL,12877,S5,3591,1075,2946,5006,10000,0
A5 54 4E 32 05 A3 0E 38 04 82 0B 8E 13 10 27 00 00 00 AF  TEL,12878,S5,3747,1080,2946,5006,10000,0
A5 54 4F 32 05 64 0E 36 04 82 0B 8E 13 10 27 00 00 00 F8  TEL,12879,S5,3684,1078,2946,5006,10000,0
A5 54 50 32 05 45 0E 35 04 82 0B 8E 13 10 27 00 00 00 8D  TEL,12880,S5,3653,1077,2946,5006,10000,0
A5 54 51 32 05 26 0E 34 04 82 0B 8E 13 10 27 00 00 00 2E  TEL,12881,S5,3622,1076,2946,5006,10000,0
A5 54 52 32 05 45 0E 35 04 82 0B 8E 13 10 27 00 00 00 89  TEL,12882,S5,3653,1077,2946,5006,10000,0
A5 54 53 32 05 07 0E 33 04 82 0B 8E 13 10 27 00 00 00 1D  TEL,12883,S5,3591,1075,2946,5006,10000,0
A5 54 54 32 05 07 0E 33 04 82 0B 8E 13 10 27 00 00 00 13  TEL,12884,S5,3591,1075,2946,5006,10000,0
A5 54 55 32 05 64 0E 36 04 82 0B 8E 13 10 27 00 00 00 CC  TEL,12885,S5,3684,1078,2946,5006,10000,0
A5 54 56 32 05 83 0E 37 04 82 0B 8E 13 10 27 00 00 00 C4  TEL,12886,S5,3715,1079,2946,5006,10000,0
A5 54 57 32 05 45 0E 35 04 82 0B 8E 13 10 27 00 00 00 83  TEL,12887,S5,3653,1077,2946,5006,10000,0
A5 54 58 32 05 07 0E 33 04 82 0B 8E 13 10 27 00 00 00 0B  TEL,12888,S5,3591,1075,2946,5006,10000,0
A5 54 59 32 05 64 0E 36 04 82 0B 8E 13 10 27 00 00 00 D4  TEL,12889,S5,3684,1078,2946,5006,10000,0
A5 54 5A 32 05 45 0E 35 04 82 0B 8E 13 10 27 00 00 00 99  TEL,12890,S5,3653,1077,2946,5006,10000,0
A5 54 5B 32 05 45 0E 35 04 82 0B 8E 13 10 27 00 00 00 9B  TEL,12891,S5,3653,1077,2946,5006,10000,0
A5 54 5C 32 05 07 0E 33 04 82 0B 8E 13 10 27 00 00 00 03  TEL,12892,S5,3591,1075,2946,5006,10000,0
A5 54 5D 32 05 64 0E 36 04 82 0B 8E 13 10 27 00 00 00 DC  TEL,12893,S5,3684,1078,2946,5006,10000,0
A5 54 5E 32 05 83 0E 37 04 82 0B 8E 13 10 27 00 00 00 D4  TEL,12894,S5,3715,1079,2946,5006,10000,0
A5 54 5F 32 05 45 0E 35 04 82 0B 8E 13 10 27 00 00 00 93  TEL,12895,S5,3653,1077,2946,5006,10000,0
A5 54 60 32 05 64 0E 36 04 82 0B 8E 13 10 27 00 00 00 A6  TEL,12896,S5,3684,1078,2946,5006,10000,0
A5 54 61 32 05 64 0E 36 04 82 0B 8E 13 10 27 00 00 00 A4  TEL,12897,S5,3684,1078,2946,5006,10000,0
A5 54 62 32 05 45 0E 35 04 82 0B 8E 13 10 27 00 00 00 E9  TEL,12898,S5,3653,1077,2946,5006,10000,0
A5 54 63 32 05 64 0E 36 04 82 0B 8E 13 10 27 00 00 00 A0  TEL,12899,S5,3684,1078,2946,5006,10000,0
A5 54 64 32 05 AA 0D 2F 04 82 0B 8E 13 10 27 00 00 00 9E  TEL,12900,S5,3498,1071,2946,5006,10000,0
A5 54 65 32 05 26 0E 34 04 82 0B 90 13 11 27 00 00 00 D1  TEL,12901,S5,3622,1076,2946,5008,10001,0
A5 54 66 32 05 45 0E 35 04 82 0B 8E 13 0F 27 00 00 00 E3  TEL,12902,S5,3653,1077,2946,5006,9999,0
A5 54 67 32 05 45 0E 35 04 82 0B 8E 13 10 27 00 00 00 E3  TEL,12903,S5,3653,1077,2946,5006,10000,0
A5 54 68 32 05 07 0E 33 04 82 0B 8E 13 10 27 00 00 00 6B  TEL,12904,S5,3591,1075,2946,5006,10000,0
A5 54 69 32 05 26 0E 34 04 82 0B 8E 13 10 27 00 00 00 5E  TEL,12905,S5,3622,1076,2946,5006,10000,0
A5 54 6A 32 05 C9 0D 31 04 82 0B 8E 13 10 27 00 00 00 71  TEL,12906,S5,3529,1073,2946,5006,10000,0
A5 54 6B 32 05 64 0E 36 04 82 0B 8E 13 10 27 00 00 00 B0  TEL,12907,S5,3684,1078,2946,5006,10000,0
A5 42 4C 00 05 6C 32 55 7D EE 0C 71 7D EE 0C 73 7D EE 0C 0B  BTN,76,S5,PRESSED,12908,216956245,216956273,216956275
A5 54 6D 32 05 64 0E 36 04 82 0B 8E 13 10 27 00 00 00 BC  TEL,12909,S5,3684,1078,2946,5006,10000,0
A5 54 6E 32 05 07 0E 33 04 82 0B 8E 13 10 27 00 00 00 67  TEL,12910,S5,3591,1075,2946,5006,10000,0
A5 54 6F 32 05 26 0E 34 04 82 0B 8E 13 10 27 00 00 00 52  TEL,12911,S5,3622,1076,2946,5006,10000,0
A5 54 70 32 05 A3 0E 38 04 82 0B 8E 13 10 27 00 00 00 D3  TEL,12912,S5,3747,1080,2946,5006,10000,0
A5 54 71 32 05 64 0E 36 04 82 0B 8E 13 10 27 00 00 00 84  TEL,12913,S5,3684,1078,2946,5006,10000,0
A5 54 72 32 05 C2 0E 39 04 82 0B 8E 13 10 27 00 00 00 59  TEL,12914,S5,3778,1081,2946,5006,10000,0
A5 54 73 32 05 07 0E 33 04 82 0B 8E 13 10 27 00 00 00 5D  TEL,12915,S5,3591,1075,2946,5006,10000,0
A5 54 74 32 05 45 0E 35 04 82 0B 8E 13 10 27 00 00 00 C5  TEL,12916,S5,3653,1077,2946,5006,10000,0
A5 54 75 32 05 E8 0D 32 04 82 0B 8E 13 10 27 00 00 00 04  TEL,12917,S5,3560,1074,2946,5006,10000,0
A5 54 76 32 05 07 0E 33 04 82 0B 8E 13 10 27 00 00 00 57  TEL,12918,S5,3591,1075,2946,5006,10000,0
A5 54 77 32 05 A3 0E 38 04 82 0B 8E 13 10 27 00 00 00 DD  TEL,12919,S5,3747,1080,2946,5006,10000,0
A5 54 78 32 05 A3 0E 38 04 82 0B 8E 13 10 27 00 00 00 C3  TEL,12920,S5,3747,1080,2946,5006,10000,0
A5 54 79 32 05 26 0E 34 04 82 0B 8E 13 10 27 00 00 00 7E  TEL,12921,S5,3622,1076,2946,5006,10000,0
A5 54 7A 32 05 07 0E 33 04 82 0B 8E 13 10 27 00 00 00 4F  TEL,12922,S5,3591,1075,2946,5006,10000,0
A5 54 7B 32 05 45 0E 35 04 82 0B 8E 13 10 27 00 00 00 DB  TEL,12923,S5,3653,1077,2946,5006,10000,0
A5 54 7C 32 05 45 0E 35 04 82 0B 92 13 10 27 00 00 00 99  TEL,12924,S5,3653,1077,2946,5010,10000,0
A5 54 7D 32 05 45 0E 35 04 82 0B 8E 13 10 27 00 00 00 D7  TEL,12925,S5,3653,1077,2946,5006,10000,0
A5 54 7E 32 05 45 0E 35 04 82 0B 8E 13 10 27 00 00 00 D1  TEL,12926,S5,3653,1077,2946,5006,10000,0
A5 54 7F 32 05 45 0E 35 04 82 0B 8E 13 10 27 00 00 00 D3  TEL,12927,S5,3653,1077,2946,5006,10000,0
A5 54 80 32 05 C9 0D 31 04 82 0B 8E 13 10 27 00 00 00 A2  TEL,12928,S5,3529,1073,2946,5006,10000,0
A5 54 81 32 05 45 0E 35 04 82 0B 8E 13 10 27 00 00 00 28  TEL,12929,S5,3653,1077,2946,5006,10000,0
A5 54 82 32 05 26 0E 34 04 82 0B 8E 13 10 27 00 00 00 8F  TEL,12930,S5,3622,1076,2946,5006,10000,0
A5 54 83 32 05 C9 0D 31 04 82 0B 8E 13 10 27 00 00 00 A4  TEL,12931,S5,3529,1073,2946,5006,10000,0
A5 54 84 32 05 45 0E 35 04 82 0B 8E 13 10 27 00 00 00 22  TEL,12932,S5,3653,1077,2946,5006,10000,0
A5 54 85 32 05 45 0E 35 04 82 0B 8E 13 10 27 00 00 00 20  TEL,12933,S5,3653,1077,2946,5006,10000,0
A5 54 86 32 05 07 0E 33 04 82 0B 8E 13 10 27 00 00 00 B0  TEL,12934,S5,3591,1075,2946,5006,10000,0
A5 54 87 32 05 07 0E 33 04 82 0B 8E 13 10 27 00 00 00 B2  TEL,12935,S5,3591,1075,2946,5006,10000,0
A5 54 88 32 05 26 0E 34 04 82 0B 8E 13 10 27 00 00 00 9B  TEL,12936,S5,3622,1076,2946,5006,10000,0
A5 54 89 32 05 A3 0E 38 04 82 0B 8E 13 10 27 00 00 00 26  TEL,12937,S5,3747,1080,2946,5006,10000,0
A5 54 8A 32 05 64 0E 36 04 82 0B 8E 13 10 27 00 00 00 75  TEL,12938,S5,3684,1078,2946,5006,10000,0
A5 54 8B 32 05 26 0E 34 04 82 0B 8E 13 10 27 00 00 00 9D  TEL,12939,S5,3622,1076,2946,5006,10000,0
A5 54 8C 32 05 26 0E 34 04 82 0B 8E 13 10 27 00 00 00 93  TEL,12940,S5,3622,1076,2946,5006,10000,0
A5 54 8D 32 05 07 0E 33 04 82 0B 8E 13 10 27 00 00 00 A6  TEL,12941,S5,3591,1075,2946,5006,10000,0
A5 54 8E 32 05 83 0E 37 04 82 0B 8E 13 10 27 00 00 00 73  TEL,12942,S5,3715,1079,2946,5006,10000,0
A5 54 8F 32 05 83 0E 37 04 82 0B 8E 13 10 27 00 00 00 71  TEL,12943,S5,3715,1079,2946,5006,10000,0
A5 54 90 32 05 45 0E 35 04 82 0B 8E 13 10 27 00 00 00 0A  TEL,12944,S5,3653,1077,2946,5006,10000,0
A5 54 91 32 05 07 0E 33 04 82 0B 8E 13 10 27 00 00 00 9E  TEL,12945,S5,3591,1075,2946,5006,10000,0
A5 54 92 32 05 07 0E 33 04 82 0B 8E 13 10 27 00 00 00 98  TEL,12946,S5,3591,1075,2946,5006,10000,0
A5 54 93 32 05 07 0E 33 04 82 0B 8E 13 10 27 00 00 00 9A  TEL,12947,S5,3591,1075,2946,5006,10000,0
A5 54 94 32 05 8A 0D 2E 04 82 0B 8E 13 10 27 00 00 00 98  TEL,12948,S5,3466,1070,2946,5006,10000,0
A5 54 95 32 05 45 0E 35 04 82 0B 8E 13 10 27 00 00 00 00  TEL,12949,S5,3653,1077,2946,5006,10000,0
A5 54 96 32 05 07 0E 33 04 82 0B 8E 13 10 27 00 00 00 90  TEL,12950,S5,3591,1075,2946,5006,10000,0
A5 54 97 32 05 07 0E 33 04 82 0B 8E 13 10 27 00 00 00 92  TEL,12951,S5,3591,1075,2946,5006,10000,0
A5 54 98 32 05 45 0E 35 04 82 0B 8E 13 11 27 00 00 00 78  TEL,12952,S5,3653,1077,2946,5006,10001,0
A5 54 99 32 05 C9 0D 31 04 82 0B 8E 13 0F 27 00 00 00 92  TEL,12953,S5,3529,1073,2946,5006,9999,0
A5 54 9A 32 05 07 0E 33 04 82 0B 8E 13 10 27 00 00 00 88  TEL,12954,S5,3591,1075,2946,5006,10000,0
A5 54 9B 32 05 26 0E 34 04 82 0B 8E 13 10 27 00 00 00 BD  TEL,12955,S5,3622,1076,2946,5006,10000,0
A5 54 9C 32 05 A3 0E 38 04 82 0B 8E 13 10 27 00 00 00 0C  TEL,12956,S5,3747,1080,2946,5006,10000,0
A5 54 9D 32 05 45 0E 35 04 82 0B 8E 13 10 27 00 00 00 10  TEL,12957,S5,3653,1077,2946,5006,10000,0
A5 54 9E 32 05 45 0E 35 04 82 0B 8E 13 10 27 00 00 00 16  TEL,12958,S5,3653,1077,2946,5006,10000,0
A5 54 9F 32 05 45 0E 35 04 82 0B 8E 13 10 27 00 00 00 14  TEL,12959,S5,3653,1077,2946,5006,10000,0
A5 54 A0 32 05 26 0E 34 04 82 0B 8E 13 10 27 00 00 00 CB  TEL,12960,S5,3622,1076,2946,5006,10000,0
A5 54 A1 32 05 45 0E 35 04 82 0B 8E 13 10 27 00 00 00 68  TEL,12961,S5,3653,1077,2946,5006,10000,0
A5 54 A2 32 05 45 0E 35 04 82 0B 8E 13 10 27 00 00 00 6E  TEL,12962,S5,3653,1077,2946,5006,10000,0
A5 54 A3 32 05 07 0E 33 04 82 0B 8E 13 10 27 00 00 00 FA  TEL,12963,S5,3591,1075,2946,5006,10000,0
A5 54 A4 32 05 26 0E 34 04 82 0B 8E 13 10 27 00 00 00 C3  TEL,12964,S5,3622,1076,2946,5006,10000,0
A5 54 A5 32 05 26 0E 34 04 82 0B 8E 13 10 27 00 00 00 C1  TEL,12965,S5,3622,1076,2946,5006,10000,0
A5 54 A6 32 05 45 0E 35 04 82 0B 8E 13 10 27 00 00 00 66  TEL,12966,S5,3653,1077,2946,5006,10000,0
A5 54 A7 32 05 07 0E 33 04 82 0B 8E 13 10 27 00 00 00 F2  TEL,12967,S5,3591,1075,2946,5006,10000,0
A5 54 A8 32 05 64 0E 36 04 82 0B 8E 13 10 27 00 00 00 31  TEL,12968,S5,3684,1078,2946,5006,10000,0
A5 54 A9 32 05 26 0E 34 04 82 0B 8E 13 10 27 00 00 00 D9  TEL,12969,S5,3622,1076,2946,5006,10000,0
A5 54 AA 32 05 26 0E 34 04 82 0B 8E 13 10 27 00 00 00 DF  TEL,12970,S5,3622,1076,2946,5006,10000,0
A5 54 AB 32 05 26 0E 34 04 82 0B 8E 13 10 27 00 00 00 DD  TEL,12971,S5,3622,1076,2946,5006,10000,0
A5 54 AC 32 05 45 0E 35 04 82 0B 8E 13 10 27 00 00 00 72  TEL,12972,S5,3653,1077,2946,5006,10000,0
A5 54 AD 32 05 45 0E 35 04 82 0B 8E 13 10 27 00 00 00 70  TEL,12973,S5,3653,1077,2946,5006,10000,0
A5 54 AE 32 05 45 0E 35 04 82 0B 8E 13 10 27 00 00 00 76  TEL,12974,S5,3653,1077,2946,5006,10000,0
A5 54 AF 32 05 45 0E 35 04 82 0B 8E 13 10 27 00 00 00 74  TEL,12975,S5,3653,1077,2946,5006,10000,0
A5 54 B0 32 05 45 0E 35 04 82 0B 8E 13 10 27 00 00 00 4A  TEL,12976,S5,3653,1077,2946,5006,10000,0
A5 54 B1 32 05 64 0E 36 04 82 0B 8E 13 10 27 00 00 00 03  TEL,12977,S5,3684,1078,2946,5006,10000,0
A5 54 B2 32 05 64 0E 36 04 82 0B 8E 13 10 27 00 00 00 05  TEL,12978,S5,3684,1078,2946,5006,10000,0
A5 54 B3 32 05 E8 0D 32 04 82 0B 8E 13 10 27 00 00 00 8F  TEL,12979,S5,3560,1074,2946,5006,10000,0
A5 54 B4 32 05 64 0E 36 04 82 0B 8E 13 10 27 00 00 00 09  TEL,12980,S5,3684,1078,2946,5006,10000,0
A5 54 B5 32 05 26 0E 34 04 82 0B 8E 13 10 27 00 00 00 E1  TEL,12981,S5,3622,1076,2946,5006,10000,0
A5 54 B6 32 05 07 0E 33 04 82 0B 8E 13 10 27 00 00 00 D0  TEL,12982,S5,3591,1075,2946,5006,10000,0
A5 54 B7 32 05 07 0E 33 04 82 0B 8E 13 10 27 00 00 00 D2  TEL,12983,S5,3591,1075,2946,5006,10000,0
A5 54 B8 32 05 A3 0E 38 04 82 0B 8E 13 10 27 00 00 00 44  TEL,12984,S5,3747,1080,2946,5006,10000,0
A5 54 B9 32 05 45 0E 35 04 82 0B 8E 13 10 27 00 00 00 58  TEL,12985,S5,3653,1077,2946,5006,10000,0
A5 54 BA 32 05 07 0E 33 04 82 0B 8E 13 10 27 00 00 00 C8  TEL,12986,S5,3591,1075,2946,5006,10000,0
A5 54 BB 32 05 45 0E 35 04 82 0B 8E 13 10 27 00 00 00 5C  TEL,12987,S5,3653,1077,2946,5006,10000,0
A5 54 BC 32 05 26 0E 34 04 82 0B 8E 13 10 27 00 00 00 F3  TEL,12988,S5,3622,1076,2946,5006,10000,0
A5 54 BD 32 05 45 0E 35 04 82 0B 8E 13 10 27 00 00 00 50  TEL,12989,S5,3653,1077,2946,5006,10000,0
A5 54 BE 32 05 26 0E 34 04 82 0B 8E 13 10 27 00 00 00 F7  TEL,12990,S5,3622,1076,2946,5006,10000,0
A5 54 BF 32 05 07 0E 33 04 82 0B 8E 13 10 27 00 00 00 C2  TEL,12991,S5,3591,1075,2946,5006,10000,0
A5 54 C0 32 05 26 0E 34 04 82 0B 8E 13 10 27 00 00 00 0B  TEL,12992,S5,3622,1076,2946,5006,10000,0
A5 54 C1 32 05 45 0E 35 04 82 0B 8E 13 10 27 00 00 00 A8  TEL,12993,S5,3653,1077,2946,5006,10000,0
A5 54 C2 32 05 07 0E 33 04 82 0B 8E 13 10 27 00 00 00 38  TEL,12994,S5,3591,1075,2946,5006,10000,0
A5 54 C3 32 05 07 0E 33 04 82 0B 8E 13 10 27 00 00 00 3A  TEL,12995,S5,3591,1075,2946,5006,10000,0
A5 54 C4 32 05 C2 0E 3A 04 82 0B 8E 13 10 27 00 00 00 13  TEL,12996,S5,3778,1082,2946,5006,10000,0
A5 54 C5 32 05 A3 0E 38 04 82 0B 8E 13 10 27 00 00 00 BE  TEL,12997,S5,3747,1080,2946,5006,10000,0
A5 54 C6 32 05 45 0E 35 04 82 0B 8E 13 10 27 00 00 00 A6  TEL,12998,S5,3653,1077,2946,5006,10000,0
A5 54 C7 32 05 07 0E 33 04 82 0B 8E 13 10 27 00 00 00 32  TEL,12999,S5,3591,1075,2946,5006,10000,0
A5 54 C8 32 05 26 0E 34 04 82 0B 8E 13 10 27 00 00 00 1B  TEL,13000,S5,3622,1076,2946,5006,10000,0
A5 54 C9 32 05 26 0E 34 04 82 0B 8E 13 10 27 00 00 00 19  TEL,13001,S5,3622,1076,2946,5006,10000,0
A5 54 CA 32 05 26 0E 34 04 82 0B 8E 13 10 27 00 00 00 1F  TEL,13002,S5,3622,1076,2946,5006,10000,0
A5 54 CB 32 05 45 0E 35 04 82 0B 8E 13 10 27 00 00 00 BC  TEL,13003,S5,3653,1077,2946,5006,10000,0
A5 54 CC 32 05 07 0E 33 04 82 0B 8E 13 10 27 00 00 00 24  TEL,13004,S5,3591,1075,2946,5006,10000,0
A5 54 CD 32 05 26 0E 34 04 82 0B 8E 13 10 27 00 00 00 11  TEL,13005,S5,3622,1076,2946,5006,10000,0
A5 54 CE 32 05 45 0E 35 04 82 0B 8E 13 10 27 00 00 00 B6  TEL,13006,S5,3653,1077,2946,5006,10000,0
A5 54 CF 32 05 45 0E 35 04 82 0B 8E 13 10 27 00 00 00 B4  TEL,13007,S5,3653,1077,2946,5006,10000,0
A5 54 D0 32 05 45 0E 35 04 82 0B 8E 13 10 27 00 00 00 8A  TEL,13008,S5,3653,1077,2946,5006,10000,0
A5 54 D1 32 05 45 0E 35 04 82 0B 8E 13 10 27 00 00 00 88  TEL,13009,S5,3653,1077,2946,5006,10000,0
A5 54 D2 32 05 07 0E 33 04 82 0B 8E 13 10 27 00 00 00 18  TEL,13010,S5,3591,1075,2946,5006,10000,0
A5 54 D3 32 05 07 0E 33 04 82 0B 8E 13 10 27 00 00 00 1A  TEL,13011,S5,3591,1075,2946,5006,10000,0
A5 54 D4 32 05 26 0E 34 04 82 0B 8E 13 10 27 00 00 00 23  TEL,13012,S5,3622,1076,2946,5006,10000,0
A5 54 D5 32 05 45 0E 35 04 82 0B 8E 13 10 27 00 00 00 80  TEL,13013,S5,3653,1077,2946,5006,10000,0
A5 54 D6 32 05 07 0E 33 04 82 0B 8E 13 10 27 00 00 00 10  TEL,13014,S5,3591,1075,2946,5006,10000,0
A5 54 D7 32 05 07 0E 33 04 82 0B 8E 13 10 27 00 00 00 12  TEL,13015,S5,3591,1075,2946,5006,10000,0
A5 54 D8 32 05 26 0E 34 04 82 0B 8E 13 10 27 00 00 00 3B  TEL,13016,S5,3622,1076,2946,5006,10000,0
A5 54 D9 32 05 A3 0E 38 04 82 0B 8E 13 10 27 00 00 00 86  TEL,13017,S5,3747,1080,2946,5006,10000,0
A5 54 DA 32 05 07 0E 33 04 82 0B 8E 13 10 27 00 00 00 08  TEL,13018,S5,3591,1075,2946,5006,10000,0
A5 54 DB 32 05 26 0E 34 04 82 0B 8E 13 10 27 00 00 00 3D  TEL,13019,S5,3622,1076,2946,5006,10000,0
A5 54 DC 32 05 26 0E 34 04 82 0B 8E 13 10 27 00 00 00 33  TEL,13020,S5,3622,1076,2946,5006,10000,0
A5 54 DD 32 05 A3 0E 38 04 82 0B 8E 13 10 27 00 00 00 8E  TEL,13021,S5,3747,1080,2946,5006,10000,0
A5 54 DE 32 05 07 0E 33 04 82 0B 8E 13 10 27 00 00 00 00  TEL,13022,S5,3591,1075,2946,5006,10000,0
A5 54 DF 32 05 45 0E 35 04 82 0B 8E 13 10 27 00 00 00 94  TEL,13023,S5,3653,1077,2946,5006,10000,0
A5 54 E0 32 05 07 0E 33 04 82 0B 8E 13 10 27 00 00 00 7C  TEL,13024,S5,3591,1075,2946,5006,10000,0
A5 54 E1 32 05 C2 0E 39 04 82 0B 8E 13 10 27 00 00 00 78  TEL,13025,S5,3778,1081,2946,5006,10000,0
A5 54 E2 32 05 45 0E 35 04 82 0B 8E 13 10 27 00 00 00 EE  TEL,13026,S5,3653,1077,2946,5006,10000,0
A5 54 E3 32 05 45 0E 35 04 82 0B 8E 13 10 27 00 00 00 EC  TEL,13027,S5,3653,1077,2946,5006,10000,0
A5 54 E4 32 05 A3 0E 38 04 82 0B 8E 13 10 27 00 00 00 FC  TEL,13028,S5,3747,1080,2946,5006,10000,0
A5 54 E5 32 05 64 0E 36 04 82 0B 8F 13 10 27 00 00 00 74  TEL,13029,S5,3684,1078,2946,5007,10000,0
A5 54 E6 32 05 64 0E 36 04 82 0B 8E 13 10 27 00 00 00 AD  TEL,13030,S5,3684,1078,2946,5006,10000,0
A5 54 E7 32 05 45 0E 35 04 82 0B 8E 13 10 27 00 00 00 E4  TEL,13031,S5,3653,1077,2946,5006,10000,0
A5 54 E8 32 05 64 0E 36 04 82 0B 8E 13 10 27 00 00 00 B1  TEL,13032,S5,3684,1078,2946,5006,10000,0
A5 54 E9 32 05 45 0E 35 04 82 0B 8E 13 10 27 00 00 00 F8  TEL,13033,S5,3653,1077,2946,5006,10000,0
A5 54 EA 32 05 07 0E 33 04 82 0B 8E 13 10 27 00 00 00 68  TEL,13034,S5,3591,1075,2946,5006,10000,0
A5 54 EB 32 05 26 0E 34 04 82 0B 8E 13 10 27 00 00 00 5D  TEL,13035,S5,3622,1076,2946,5006,10000,0
A5 54 EC 32 05 A3 0E 38 04 82 0B 8E 13 10 27 00 00 00 EC  TEL,13036,S5,3747,1080,2946,5006,10000,0
A5 54 ED 32 05 26 0E 34 04 82 0B 8E 13 10 27 00 00 00 51  TEL,13037,S5,3622,1076,2946,5006,10000,0
A5 54 EE 32 05 45 0E 35 04 82 0B 8E 13 10 27 00 00 00 F6  TEL,13038,S5,3653,1077,2946,5006,10000,0
A5 54 EF 32 05 A3 0E 38 04 82 0B 8E 13 10 27 00 00 00 EA  TEL,13039,S5,3747,1080,2946,5006,10000,0
A5 54 F0 32 05 A3 0E 38 04 82 0B 8E 13 10 27 00 00 00 D4  TEL,13040,S5,3747,1080,2946,5006,10000,0
A5 54 F1 32 05 45 0E 35 04 82 0B 8E 13 10 27 00 00 00 C8  TEL,13041,S5,3653,1077,2946,5006,10000,0
A5 54 F2 32 05 07 0E 33 04 82 0B 8E 13 10 27 00 00 00 58  TEL,13042,S5,3591,1075,2946,5006,10000,0
A5 54 F3 32 05 07 0E 33 04 82 0B 8E 13 10 27 00 00 00 5A  TEL,13043,S5,3591,1075,2946,5006,10000,0
A5 54 F4 32 05 26 0E 34 04 82 0B 8E 13 10 27 00 00 00 63  TEL,13044,S5,3622,1076,2946,5006,10000,0
A5 54 F5 32 05 26 0E 34 04 82 0B 8E 13 10 27 00 00 00 61  TEL,13045,S5,3622,1076,2946,5006,10000,0
A5 54 F6 32 05 45 0E 35 04 82 0B 8E 13 10 27 00 00 00 C6  TEL,13046,S5,3653,1077,2946,5006,10000,0
A5 54 F7 32 05 07 0E 33 04 82 0B 8E 13 10 27 00 00 00 52  TEL,13047,S5,3591,1075,2946,5006,10000,0
A5 54 F8 32 05 26 0E 34 04 82 0B 8E 13 10 27 00 00 00 7B  TEL,13048,S5,3622,1076,2946,5006,10000,0
A5 54 F9 32 05 A3 0E 38 04 82 0B 8E 13 10 27 00 00 00 C6  TEL,13049,S5,3747,1080,2946,5006,10000,0
A5 42 4D 00 05 FA 32 52 17 04 0D 69 17 04 0D 6C 17 04 0D 66  BTN,77,S5,PRESSED,13050,218371922,218371945,218371948
A5 54 FB 32 05 45 0E 35 04 82 0B DC 13 10 27 00 00 01 F4  TEL,13051,S5,3653,1077,2946,5084,10000,1
A5 54 FC 32 05 64 0E 36 04 82 0B 8E 13 10 27 00 00 00 99  TEL,13052,S5,3684,1078,2946,5006,10000,0
A5 54 FD 32 05 64 0E 36 04 82 0B 8E 13 10 27 00 00 00 9B  TEL,13053,S5,3684,1078,2946,5006,10000,0
A5 54 FE 32 05 83 0E 37 04 82 0B 8F 13 10 27 00 00 00 4C  TEL,13054,S5,3715,1079,2946,5007,10000,0
A5 54 FF 32 05 64 0E 36 04 82 0B 8E 13 10 27 00 00 00 9F  TEL,13055,S5,3684,1078,2946,5006,10000,0
A5 54 00 33 05 AA 0D 2F 04 82 0B 8E 13 10 27 00 00 00 E3  TEL,13056,S5,3498,1071,2946,5006,10000,0
A5 54 01 33 05 C2 0E 39 04 82 0B 8E 13 10 27 00 00 00 0A  TEL,13057,S5,3778,1081,2946,5006,10000,0
A5 54 02 33 05 A3 0E 38 04 82 0B 8E 13 10 27 00 00 00 82  TEL,13058,S5,3747,1080,2946,5006,10000,0
A5 54 03 33 05 45 0E 35 04 82 0B 8E 13 10 27 00 00 00 9E  TEL,13059,S5,3653,1077,2946,5006,10000,0
A5 54 04 33 05 07 0E 33 04 82 0B 8E 13 10 27 00 00 00 06  TEL,13060,S5,3591,1075,2946,5006,10000,0
A5 54 05 33 05 A3 0E 38 04 82 0B 8E 13 10 27 00 00 00 8C  TEL,13061,S5,3747,1080,2946,5006,10000,0
A5 54 06 33 05 C2 0E 39 04 82 0B 8E 13 10 27 00 00 00 04  TEL,13062,S5,3778,1081,2946,5006,10000,0
A5 54 07 33 05 07 0E 33 04 82 0B 8E 13 10 27 00 00 00 00  TEL,13063,S5,3591,1075,2946,5006,10000,0
A5 54 08 33 05 07 0E 33 04 82 0B 8E 13 10 27 00 00 00 1E  TEL,13064,S5,3591,1075,2946,5006,10000,0
A5 54 09 33 05 A3 0E 38 04 82 0B 8E 13 10 27 00 00 00 94  TEL,13065,S5,3747,1080,2946,5006,10000,0
A5 54 0A 33 05 C2 0E 39 04 82 0B 8E 13 10 27 00 00 00 1C  TEL,13066,S5,3778,1081,2946,5006,10000,0
A5 54 0B 33 05 45 0E 35 04 82 0B 8E 13 10 27 00 00 00 8E  TEL,13067,S5,3653,1077,2946,5006,10000,0
A5 54 0C 33 05 A3 0E 38 04 82 0B 8E 13 10 27 00 00 00 9E  TEL,13068,S5,3747,1080,2946,5006,10000,0
A5 54 0D 33 05 45 0E 35 04 82 0B 8E 13 10 27 00 00 00 82  TEL,13069,S5,3653,1077,2946,5006,10000,0
A5 54 0E 33 05 A3 0E 38 04 82 0B 8E 13 10 27 00 00 00 9A  TEL,13070,S5,3747,1080,2946,5006,10000,0
A5 54 0F 33 05 45 0E 35 04 82 0B 8E 13 10 27 00 00 00 86  TEL,13071,S5,3653,1077,2946,5006,10000,0
A5 54 10 33 05 45 0E 35 04 82 0B 8E 13 10 27 00 00 00 B8  TEL,13072,S5,3653,1077,2946,5006,10000,0
A5 54 11 33 05 AA 0D 2F 04 82 0B 8E 13 10 27 00 00 00 C1  TEL,13073,S5,3498,1071,2946,5006,10000,0
A5 54 12 33 05 A3 0E 38 04 82 0B 8E 13 10 27 00 00 00 A2  TEL,13074,S5,3747,1080,2946,5006,10000,0
A5 54 13 33 05 45 0E 35 04 82 0B 8E 13 10 27 00 00 00 BE  TEL,13075,S5,3653,1077,2946,5006,10000,0
A5 54 14 33 05 C9 0D 31 04 82 0B 8E 13 10 27 00 00 00 38  TEL,13076,S5,3529,1073,2946,5006,10000,0
A5 54 15 33 05 26 0E 34 04 82 0B 8E 13 10 27 00 00 00 13  TEL,13077,S5,3622,1076,2946,5006,10000,0
A5 54 16 33 05 45 0E 35 04 82 0B 8E 13 10 27 00 00 00 B4  TEL,13078,S5,3653,1077,2946,5006,10000,0
A5 54 17 33 05 83 0E 37 04 82 0B 8E 13 10 27 00 00 00 F3  TEL,13079,S5,3715,1079,2946,5006,10000,0
A5 54 18 33 05 64 0E 36 04 82 0B 8E 13 10 27 00 00 00 E3  TEL,13080,S5,3684,1078,2946,5006,10000,0
A5 54 19 33 05 E8 0D 32 04 82 0B 8E 13 10 27 00 00 00 69  TEL,13081,S5,3560,1074,2946,5006,10000,0
A5 54 1A 33 05 45 0E 35 04 82 0B 8E 13 10 27 00 00 00 AC  TEL,13082,S5,3653,1077,2946,5006,10000,0
A5 54 1B 33 05 26 0E 34 04 82 0B 8E 13 10 27 00 00 00 0F  TEL,13083,S5,3622,1076,2946,5006,10000,0
A5 54 1C 33 05 45 0E 35 04 82 0B 8E 13 10 27 00 00 00 A0  TEL,13084,S5,3653,1077,2946,5006,10000,0
A5 54 1D 33 05 26 0E 34 04 82 0B 8E 13 10 27 00 00 00 03  TEL,13085,S5,3622,1076,2946,5006,10000,0
A5 54 1E 33 05 45 0E 35 04 82 0B 8E 13 10 27 00 00 00 A4  TEL,13086,S5,3653,1077,2946,5006,10000,0
A5 54 1F 33 05 45 0E 35 04 82 0B 8E 13 10 27 00 00 00 A6  TEL,13087,S5,3653,1077,2946,5006,10000,0
A5 54 20 33 05 07 0E 33 04 82 0B 8E 13 10 27 00 00 00 4E  TEL,13088,S5,3591,1075,2946,5006,10000,0
A5 54 21 33 05 A3 0E 38 04 82 0B 8E 13 10 27 00 00 00 C4  TEL,13089,S5,3747,1080,2946,5006,10000,0
A5 54 22 33 05 A3 0E 38 04 82 0B 8E 13 10 27 00 00 00 C2  TEL,13090,S5,3747,1080,2946,5006,10000,0
A5 54 23 33 05 45 0E 35 04 82 0B 8E 13 10 27 00 00 00 DE  TEL,13091,S5,3653,1077,2946,5006,10000,0
A5 54 24 33 05 C2 0E 3A 04 82 0B 8E 13 10 27 00 00 00 61  TEL,13092,S5,3778,1082,2946,5006,10000,0
A5 54 25 33 05 A3 0E 38 04 82 0B 8E 13 10 27 00 00 00 CC  TEL,13093,S5,3747,1080,2946,5006,10000,0
A5 54 26 33 05 45 0E 35 04 82 0B 8E 13 10 27 00 00 00 D4  TEL,13094,S5,3653,1077,2946,5006,10000,0
A5 54 27 33 05 45 0E 35 04 82 0B 8E 13 10 27 00 00 00 D6  TEL,13095,S5,3653,1077,2946,5006,10000,0
A5 54 28 33 05 45 0E 35 04 82 0B 8E 13 10 27 00 00 00 C8  TEL,13096,S5,3653,1077,2946,5006,10000,0
A5 54 29 33 05 64 0E 36 04 82 0B 8E 13 10 27 00 00 00 81  TEL,13097,S5,3684,1078,2946,5006,10000,0
A5 54 2A 33 05 83 0E 37 04 82 0B 8E 13 10 27 00 00 00 89  TEL,13098,S5,3715,1079,2946,5006,10000,0
A5 54 2B 33 05 45 0E 35 04 82 0B 8E 13 10 27 00 00 00 CE  TEL,13099,S5,3653,1077,2946,5006,10000,0
A5 54 2C 33 05 45 0E 35 04 82 0B 8E 13 10 27 00 00 00 C0  TEL,13100,S5,3653,1077,2946,5006,10000,0
A5 54 2D 33 05 64 0E 36 04 82 0B 8E 13 10 27 00 00 00 89  TEL,13101,S5,3684,1078,2946,5006,10000,0
A5 54 2E 33 05 45 0E 35 04 82 0B 8E 13 10 27 00 00 00 C4  TEL,13102,S5,3653,1077,2946,5006,10000,0
A5 54 2F 33 05 64 0E 36 04 82 0B 8E 13 10 27 00 00 00 8D  TEL,13103,S5,3684,1078,2946,5006,10000,0
A5 54 30 33 05 64 0E 36 04 82 0B 8E 13 10 27 00 00 00 B3  TEL,13104,S5,3684,1078,2946,5006,10000,0
A5 54 31 33 05 26 0E 34 04 82 0B 8E 13 11 27 00 00 00 39  TEL,13105,S5,3622,1076,2946,5006,10001,0
A5 54 32 33 05 07 0E 33 04 82 0B 8E 13 0F 27 00 00 00 68  TEL,13106,S5,3591,1075,2946,5006,9999,0
A5 54 33 33 05 45 0E 35 04 82 0B 8E 13 10 27 00 00 00 FE  TEL,13107,S5,3653,1077,2946,5006,10000,0
A5 54 34 33 05 E8 0D 32 04 82 0B 8E 13 10 27 00 00 00 33  TEL,13108,S5,3560,1074,2946,5006,10000,0
A5 54 35 33 05 64 0E 36 04 82 0B 8E 13 10 27 00 00 00 B9  TEL,13109,S5,3684,1078,2946,5006,10000,0
A5 54 36 33 05 45 0E 35 04 82 0B 8E 13 10 27 00 00 00 F4  TEL,13110,S5,3653,1077,2946,5006,10000,0
A5 54 37 33 05 45 0E 35 04 82 0B 8E 13 10 27 00 00 00 F6  TEL,13111,S5,3653,1077,2946,5006,10000,0
A5 54 38 33 05 07 0E 33 04 82 0B 8E 13 10 27 00 00 00 7E  TEL,13112,S5,3591,1075,2946,5006,10000,0
A5 54 39 33 05 AA 0D 2F 04 82 0B 8E 13 10 27 00 00 00 91  TEL,13113,S5,3498,1071,2946,5006,10000,0
A5 54 3A 33 05 A3 0E 38 04 82 0B 8E 13 10 27 00 00 00 F2  TEL,13114,S5,3747,1080,2946,5006,10000,0
A5 54 3B 33 05 83 0E 37 04 82 0B 8E 13 10 27 00 00 00 AB  TEL,13115,S5,3715,1079,2946,5006,10000,0
A5 54 3C 33 05 45 0E 35 04 82 0B 8E 13 10 27 00 00 00 E0  TEL,13116,S5,3653,1077,2946,5006,10000,0
A5 54 3D 33 05 45 0E 35 04 82 0B 8E 13 10 27 00 00 00 E2  TEL,13117,S5,3653,1077,2946,5006,10000,0
A5 54 3E 33 05 64 0E 36 04 82 0B 8E 13 10 27 00 00 00 AF  TEL,13118,S5,3684,1078,2946,5006,10000,0
A5 54 3F 33 05 07 0E 33 04 82 0B 8E 13 10 27 00 00 00 70  TEL,13119,S5,3591,1075,2946,5006,10000,0
A5 54 40 33 05 45 0E 35 04 82 0B 8E 13 10 27 00 00 00 18  TEL,13120,S5,3653,1077,2946,5006,10000,0
A5 54 41 33 05 26 0E 34 04 82 0B 8E 13 10 27 00 00 00 BB  TEL,13121,S5,3622,1076,2946,5006,10000,0
A5 54 42 33 05 64 0E 36 04 82 0B 8E 13 10 27 00 00 00 57  TEL,13122,S5,3684,1078,2946,5006,10000,0
A5 54 43 33 05 26 0E 34 04 82 0B 8E 13 10 27 00 00 00 BF  TEL,13123,S5,3622,1076,2946,5006,10000,0
A5 54 44 33 05 8A 0D 2E 04 82 0B 8E 13 10 27 00 00 00 8A  TEL,13124,S5,3466,1070,2946,5006,10000,0
A5 54 45 33 05 AA 0D 2F 04 82 0B 8E 13 10 27 00 00 00 69  TEL,13125,S5,3498,1071,2946,5006,10000,0
A5 54 46 33 05 45 0E 35 04 82 0B 8E 13 10 27 00 00 00 14  TEL,13126,S5,3653,1077,2946,5006,10000,0
A5 54 47 33 05 07 0E 33 04 82 0B 8E 13 10 27 00 00 00 80  TEL,13127,S5,3591,1075,2946,5006,10000,0
A5 54 48 33 05 64 0E 36 04 82 0B 8E 13 10 27 00 00 00 43  TEL,13128,S5,3684,1078,2946,5006,10000,0
A5 54 49 33 05 45 0E 35 04 82 0B 8E 13 10 27 00 00 00 0A  TEL,13129,S5,3653,1077,2946,5006,10000,0
A5 54 4A 33 05 45 0E 35 04 82 0B 8F 13 10 27 00 00 00 D3  TEL,13130,S5,3653,1077,2946,5007,10000,0
A5 54 4B 33 05 64 0E 36 04 82 0B 8E 13 10 27 00 00 00 45  TEL,13131,S5,3684,1078,2946,5006,10000,0
A5 54 4C 33 05 64 0E 36 04 82 0B 8E 13 10 27 00 00 00 4B  TEL,13132,S5,3684,1078,2946,5006,10000,0
A5 54 4D 33 05 83 0E 37 04 82 0B 8E 13 10 27 00 00 00 47  TEL,13133,S5,3715,1079,2946,5006,10000,0
A5 54 4E 33 05 45 0E 35 04 82 0B 8E 13 10 27 00 00 00 04  TEL,13134,S5,3653,1077,2946,5006,10000,0
A5 54 4F 33 05 45 0E 35 04 82 0B 8E 13 10 27 00 00 00 06  TEL,13135,S5,3653,1077,2946,5006,10000,0
A5 54 50 33 05 C2 0E 39 04 82 0B 8E 13 10 27 00 00 00 A8  TEL,13136,S5,3778,1081,2946,5006,10000,0
A5 54 51 33 05 C2 0E 3A 04 82 0B 8E 13 10 27 00 00 00 8B  TEL,13137,S5,3778,1082,2946,5006,10000,0
A5 54 52 33 05 45 0E 35 04 82 0B 8E 13 10 27 00 00 00 3C  TEL,13138,S5,3653,1077,2946,5006,10000,0
A5 54 53 33 05 07 0E 33 04 82 0B 8E 13 10 27 00 00 00 A8  TEL,13139,S5,3591,1075,2946,5006,10000,0
A5 54 54 33 05 07 0E 33 04 82 0B 8E 13 10 27 00 00 00 A6  TEL,13140,S5,3591,1075,2946,5006,10000,0
A5 54 55 33 05 45 0E 35 04 82 0B 8E 13 10 27 00 00 00 32  TEL,13141,S5,3653,1077,2946,5006,10000,0
A5 54 56 33 05 A3 0E 38 04 82 0B 8E 13 10 27 00 00 00 2A  TEL,13142,S5,3747,1080,2946,5006,10000,0
A5 54 57 33 05 45 0E 35 04 82 0B 8E 13 10 27 00 00 00 36  TEL,13143,S5,3653,1077,2946,5006,10000,0
A5 54 58 33 05 64 0E 36 04 82 0B 8E 13 10 27 00 00 00 63  TEL,13144,S5,3684,1078,2946,5006,10000,0
A5 54 59 33 05 C2 0E 39 04 82 0B 8E 13 10 27 00 00 00 BA  TEL,13145,S5,3778,1081,2946,5006,10000,0
A5 54 5A 33 05 45 0E 35 04 82 0B 8E 13 10 27 00 00 00 2C  TEL,13146,S5,3653,1077,2946,5006,10000,0
A5 54 5B 33 05 45 0E 35 04 82 0B 8E 13 10 27 00 00 00 2E  TEL,13147,S5,3653,1077,2946,5006,10000,0
A5 54 5C 33 05 07 0E 33 04 82 0B 8E 13 10 27 00 00 00 B6  TEL,13148,S5,3591,1075,2946,5006,10000,0
A5 54 5D 33 05 26 0E 34 04 82 0B 8E 13 10 27 00 00 00 83  TEL,13149,S5,3622,1076,2946,5006,10000,0
A5 54 5E 33 05 45 0E 35 04 82 0B 8E 13 10 27 00 00 00 24  TEL,13150,S5,3653,1077,2946,5006,10000,0
A5 54 5F 33 05 07 0E 33 04 82 0B 8E 13 10 27 00 00 00 B0  TEL,13151,S5,3591,1075,2946,5006,10000,0
A5 54 60 33 05 07 0E 33 04 82 0B 8E 13 10 27 00 00 00 CE  TEL,13152,S5,3591,1075,2946,5006,10000,0
A5 54 61 33 05 83 0E 37 04 82 0B 8E 13 10 27 00 00 00 1F  TEL,13153,S5,3715,1079,2946,5006,10000,0
A5 54 62 33 05 45 0E 35 04 82 0B 8E 13 10 27 00 00 00 5C  TEL,13154,S5,3653,1077,2946,5006,10000,0
A5 54 63 33 05 45 0E 35 04 82 0B 8E 13 10 27 00 00 00 5E  TEL,13155,S5,3653,1077,2946,5006,10000,0
A5 54 64 33 05 E1 0E 3B 04 82 0B 8E 13 10 27 00 00 00 BB  TEL,13156,S5,3809,1083,2946,5006,10000,0
A5 54 65 33 05 E8 0D 32 04 82 0B 8E 13 10 27 00 00 00 91  TEL,13157,S5,3560,1074,2946,5006,10000,0
A5 54 66 33 05 45 0E 35 04 82 0B 8E 13 10 27 00 00 00 54  TEL,13158,S5,3653,1077,2946,5006,10000,0
A5 54 67 33 05 45 0E 35 04 82 0B 8E 13 10 27 00 00 00 56  TEL,13159,S5,3653,1077,2946,5006,10000,0
A5 54 68 33 05 45 0E 35 04 82 0B 8E 13 10 27 00 00 00 48  TEL,13160,S5,3653,1077,2946,5006,10000,0
A5 54 69 33 05 A3 0E 38 04 82 0B 8E 13 10 27 00 00 00 54  TEL,13161,S5,3747,1080,2946,5006,10000,0
A5 54 6A 33 05 26 0E 34 04 82 0B 8E 13 10 27 00 00 00 ED  TEL,13162,S5,3622,1076,2946,5006,10000,0
A5 54 6B 33 05 45 0E 35 04 82 0B 8E 13 10 27 00 00 00 4E  TEL,13163,S5,3653,1077,2946,5006,10000,0
A5 54 6C 33 05 A3 0E 38 04 82 0B 8E 13 10 27 00 00 00 5E  TEL,13164,S5,3747,1080,2946,5006,10000,0
A5 54 6D 33 05 45 0E 35 04 82 0B 8E 13 10 27 00 00 00 42  TEL,13165,S5,3653,1077,2946,5006,10000,0
A5 54 6E 33 05 45 0E 35 04 82 0B 8E 13 10 27 00 00 00 44  TEL,13166,S5,3653,1077,2946,5006,10000,0
A5 54 6F 33 05 64 0E 36 04 82 0B 8E 13 10 27 00 00 00 0D  TEL,13167,S5,3684,1078,2946,5006,10000,0
A5 54 70 33 05 64 0E 36 04 82 0B 8E 13 10 27 00 00 00 33  TEL,13168,S5,3684,1078,2946,5006,10000,0
A5 54 71 33 05 26 0E 34 04 82 0B 8E 13 10 27 00 00 00 DB  TEL,13169,S5,3622,1076,2946,5006,10000,0
A5 54 72 33 05 45 0E 35 04 82 0B 8E 13 10 27 00 00 00 7C  TEL,13170,S5,3653,1077,2946,5006,10000,0
A5 54 73 33 05 45 0E 35 04 82 0B 8E 13 10 27 00 00 00 7E  TEL,13171,S5,3653,1077,2946,5006,10000,0
A5 54 74 33 05 45 0E 35 04 82 0B 8E 13 10 27 00 00 00 70  TEL,13172,S5,3653,1077,2946,5006,10000,0
A5 54 75 33 05 A3 0E 38 04 82 0B 8E 13 10 27 00 00 00 6C  TEL,13173,S5,3747,1080,2946,5006,10000,0
A5 54 76 33 05 45 0E 35 04 82 0B 8E 13 10 27 00 00 00 74  TEL,13174,S5,3653,1077,2946,5006,10000,0
A5 54 77 33 05 45 0E 35 04 82 0B 8E 13 10 27 00 00 00 76  TEL,13175,S5,3653,1077,2946,5006,10000,0
A5 54 78 33 05 64 0E 36 04 82 0B 8E 13 10 27 00 00 00 23  TEL,13176,S5,3684,1078,2946,5006,10000,0
A5 54 79 33 05 26 0E 34 04 82 0B 8E 13 10 27 00 00 00 CB  TEL,13177,S5,3622,1076,2946,5006,10000,0
A5 54 7A 33 05 45 0E 35 04 82 0B 8E 13 10 27 00 00 00 6C  TEL,13178,S5,3653,1077,2946,5006,10000,0
A5 54 7B 33 05 45 0E 35 04 82 0B 8E 13 10 27 00 00 00 6E  TEL,13179,S5,3653,1077,2946,5006,10000,0
A5 54 7C 33 05 64 0E 36 04 82 0B 8E 13 10 27 00 00 00 2B  TEL,13180,S5,3684,1078,2946,5006,10000,0
A5 54 7D 33 05 A3 0E 38 04 82 0B 8E 13 10 27 00 00 00 7C  TEL,13181,S5,3747,1080,2946,5006,10000,0
A5 54 7E 33 05 A3 0E 38 04 82 0B 8E 13 10 27 00 00 00 7A  TEL,13182,S5,3747,1080,2946,5006,10000,0
A5 54 7F 33 05 26 0E 34 04 82 0B 8E 13 10 27 00 00 00 C7  TEL,13183,S5,3622,1076,2946,5006,10000,0
A5 54 80 33 05 07 0E 33 04 82 0B 8E 13 10 27 00 00 00 09  TEL,13184,S5,3591,1075,2946,5006,10000,0
A5 54 81 33 05 45 0E 35 04 82 0B 8E 13 10 27 00 00 00 9D  TEL,13185,S5,3653,1077,2946,5006,10000,0
A5 54 82 33 05 45 0E 35 04 82 0B 8E 13 10 27 00 00 00 9B  TEL,13186,S5,3653,1077,2946,5006,10000,0
A5 54 83 33 05 45 0E 35 04 82 0B 8E 13 10 27 00 00 00 99  TEL,13187,S5,3653,1077,2946,5006,10000,0
A5 54 84 33 05 07 0E 33 04 82 0B 8E 13 10 27 00 00 00 01  TEL,13188,S5,3591,1075,2946,5006,10000,0
A5 54 85 33 05 26 0E 34 04 82 0B 8E 13 10 27 00 00 00 34  TEL,13189,S5,3622,1076,2946,5006,10000,0
A5 54 86 33 05 83 0E 37 04 82 0B 8E 13 10 27 00 00 00 D6  TEL,13190,S5,3715,1079,2946,5006,10000,0
A5 54 87 33 05 07 0E 33 04 82 0B 8E 13 10 27 00 00 00 07  TEL,13191,S5,3591,1075,2946,5006,10000,0
A5 54 88 33 05 83 0E 37 04 82 0B 8E 13 10 27 00 00 00 CA  TEL,13192,S5,3715,1079,2946,5006,10000,0
A5 54 89 33 05 E8 0D 32 04 82 0B 8E 13 10 27 00 00 00 4E  TEL,13193,S5,3560,1074,2946,5006,10000,0
A5 54 8A 33 05 45 0E 35 04 82 0B 8E 13 10 27 00 00 00 8B  TEL,13194,S5,3653,1077,2946,5006,10000,0
A5 54 8B 33 05 45 0E 35 04 82 0B 8E 13 10 27 00 00 00 89  TEL,13195,S5,3653,1077,2946,5006,10000,0
A5 54 8C 33 05 07 0E 33 04 82 0B 8E 13 10 27 00 00 00 11  TEL,13196,S5,3591,1075,2946,5006,10000,0
A5 54 8D 33 05 E8 0D 32 04 82 0B 8E 13 10 27 00 00 00 46  TEL,13197,S5,3560,1074,2946,5006,10000,0
A5 54 8E 33 05 A3 0E 38 04 82 0B 8E 13 10 27 00 00 00 9D  TEL,13198,S5,3747,1080,2946,5006,10000,0
A5 54 8F 33 05 45 0E 35 04 82 0B 8E 13 10 27 00 00 00 81  TEL,13199,S5,3653,1077,2946,5006,10000,0
A5 54 90 33 05 07 0E 33 04 82 0B 8E 13 10 27 00 00 00 29  TEL,13200,S5,3591,1075,2946,5006,10000,0
A5 54 91 33 05 45 0E 35 04 82 0B 8E 13 10 27 00 00 00 BD  TEL,13201,S5,3653,1077,2946,5006,10000,0
A5 54 92 33 05 45 0E 35 04 82 0B 8E 13 10 27 00 00 00 BB  TEL,13202,S5,3653,1077,2946,5006,10000,0
A5 54 93 33 05 45 0E 35 04 82 0B 8E 13 10 27 00 00 00 B9  TEL,13203,S5,3653,1077,2946,5006,10000,0
A5 54 94 33 05 07 0E 33 04 82 0B 8E 13 10 27 00 00 00 21  TEL,13204,S5,3591,1075,2946,5006,10000,0
A5 54 95 33 05 83 0E 37 04 82 0B 8E 13 10 27 00 00 00 F0  TEL,13205,S5,3715,1079,2946,5006,10000,0
A5 54 96 33 05 26 0E 34 04 82 0B 8E 13 10 27 00 00 00 12  TEL,13206,S5,3622,1076,2946,5006,10000,0
A5 54 97 33 05 64 0E 36 04 82 0B 8E 13 10 27 00 00 00 FA  TEL,13207,S5,3684,1078,2946,5006,10000,0
A5 54 98 33 05 83 0E 37 04 82 0B 8E 13 10 27 00 00 00 EA  TEL,13208,S5,3715,1079,2946,5006,10000,0
A5 54 99 33 05 26 0E 34 04 82 0B 8E 13 10 27 00 00 00 0C  TEL,13209,S5,3622,1076,2946,5006,10000,0
A5 54 9A 33 05 83 0E 37 04 82 0B 8E 13 10 27 00 00 00 EE  TEL,13210,S5,3715,1079,2946,5006,10000,0
A5 54 9B 33 05 64 0E 36 04 82 0B 8E 13 10 27 00 00 00 E2  TEL,13211,S5,3684,1078,2946,5006,10000,0
A5 54 9C 33 05 07 0E 33 04 82 0B 8E 13 10 27 00 00 00 31  TEL,13212,S5,3591,1075,2946,5006,10000,0
A5 54 9D 33 05 26 0E 34 04 82 0B 8E 13 10 27 00 00 00 04  TEL,13213,S5,3622,1076,2946,5006,10000,0
A5 54 9E 33 05 45 0E 35 04 82 0B 8E 13 10 27 00 00 00 A3  TEL,13214,S5,3653,1077,2946,5006,10000,0
A5 54 9F 33 05 45 0E 35 04 82 0B 8E 13 10 27 00 00 00 A1  TEL,13215,S5,3653,1077,2946,5006,10000,0
A5 54 A0 33 05 45 0E 35 04 82 0B 8E 13 10 27 00 00 00 DF  TEL,13216,S5,3653,1077,2946,5006,10000,0
A5 54 A1 33 05 64 0E 36 04 82 0B 8E 13 10 27 00 00 00 96  TEL,13217,S5,3684,1078,2946,5006,10000,0
A5 54 A2 33 05 A3 0E 38 04 82 0B 8E 13 10 27 00 00 00 C5  TEL,13218,S5,3747,1080,2946,5006,10000,0
A5 42 4E 00 05 A3 33 96 BD 1D 0D AE BD 1D 0D B0 BD 1D 0D 1A  BTN,78,S5,PRESSED,13219,220052886,220052910,220052912
A5 54 A4 33 05 45 0E 35 04 82 0B DE 13 10 27 00 00 01 46  TEL,13220,S5,3653,1077,2946,5086,10000,1
A5 54 A5 33 05 26 0E 34 04 82 0B 8E 13 10 27 00 00 00 74  TEL,13221,S5,3622,1076,2946,5006,10000,0
A5 54 A6 33 05 45 0E 35 04 82 0B 8E 13 10 27 00 00 00 D3  TEL,13222,S5,3653,1077,2946,5006,10000,0
A5 54 A7 33 05 45 0E 35 04 82 0B 8E 13 10 27 00 00 00 D1  TEL,13223,S5,3653,1077,2946,5006,10000,0
A5 54 A8 33 05 07 0E 33 04 82 0B 8E 13 10 27 00 00 00 59  TEL,13224,S5,3591,1075,2946,5006,10000,0
A5 54 A9 33 05 C2 0E 39 04 82 0B 8E 13 10 27 00 00 00 5D  TEL,13225,S5,3778,1081,2946,5006,10000,0
A5 54 AA 33 05 64 0E 36 04 82 0B 8E 13 10 27 00 00 00 80  TEL,13226,S5,3684,1078,2946,5006,10000,0
A5 54 AB 33 05 E8 0D 32 04 82 0B 8E 13 10 27 00 00 00 0A  TEL,13227,S5,3560,1074,2946,5006,10000,0
A5 54 AC 33 05 07 0E 33 04 82 0B 8E 13 10 27 00 00 00 51  TEL,13228,S5,3591,1075,2946,5006,10000,0
A5 54 AD 33 05 64 0E 36 04 82 0B 8E 13 10 27 00 00 00 8E  TEL,13229,S5,3684,1078,2946,5006,10000,0
A5 54 AE 33 05 E8 0D 32 04 82 0B 8E 13 10 27 00 00 00 00  TEL,13230,S5,3560,1074,2946,5006,10000,0
A5 54 AF 33 05 45 0E 35 04 82 0B 8E 13 10 27 00 00 00 C1  TEL,13231,S5,3653,1077,2946,5006,10000,0
A5 54 B0 33 05 45 0E 35 04 82 0B 8E 13 10 27 00 00 00 FF  TEL,13232,S5,3653,1077,2946,5006,10000,0
A5 54 B1 33 05 07 0E 33 04 82 0B 8E 13 10 27 00 00 00 6B  TEL,13233,S5,3591,1075,2946,5006,10000,0
A5 54 B2 33 05 26 0E 34 04 82 0B 8E 13 10 27 00 00 00 5A  TEL,13234,S5,3622,1076,2946,5006,10000,0
A5 54 B3 33 05 83 0E 37 04 82 0B 8E 13 10 27 00 00 00 BC  TEL,13235,S5,3715,1079,2946,5006,10000,0
A5 54 B4 33 05 26 0E 34 04 82 0B 8E 13 10 27 00 00 00 56  TEL,13236,S5,3622,1076,2946,5006,10000,0
A5 54 B5 33 05 07 0E 33 04 82 0B 8E 13 10 27 00 00 00 63  TEL,13237,S5,3591,1075,2946,5006,10000,0
A5 54 B6 33 05 45 0E 35 04 82 0B 8E 13 10 27 00 00 00 F3  TEL,13238,S5,3653,1077,2946,5006,10000,0
A5 54 B7 33 05 64 0E 36 04 82 0B 8E 13 10 27 00 00 00 BA  TEL,13239,S5,3684,1078,2946,5006,10000,0
A5 54 B8 33 05 45 0E 35 04 82 0B 8E 13 10 27 00 00 00 EF  TEL,13240,S5,3653,1077,2946,5006,10000,0
A5 54 B9 33 05 26 0E 34 04 82 0B 8E 13 10 27 00 00 00 4C  TEL,13241,S5,3622,1076,2946,5006,10000,0
A5 54 BA 33 05 07 0E 33 04 82 0B 8E 13 10 27 00 00 00 7D  TEL,13242,S5,3591,1075,2946,5006,10000,0
A5 54 BB 33 05 64 0E 36 04 82 0B 8E 13 10 27 00 00 00 A2  TEL,13243,S5,3684,1078,2946,5006,10000,0
A5 54 BC 33 05 45 0E 35 04 82 0B 8E 13 10 27 00 00 00 E7  TEL,13244,S5,3653,1077,2946,5006,10000,0
A5 54 BD 33 05 26 0E 34 04 82 0B 8E 13 10 27 00 00 00 44  TEL,13245,S5,3622,1076,2946,5006,10000,0
A5 54 BE 33 05 07 0E 33 04 82 0B 8E 13 10 27 00 00 00 75  TEL,13246,S5,3591,1075,2946,5006,10000,0
A5 54 BF 33 05 A3 0E 38 04 82 0B 8E 13 10 27 00 00 00 FF  TEL,13247,S5,3747,1080,2946,5006,10000,0
A5 54 C0 33 05 45 0E 35 04 82 0B 8E 13 10 27 00 00 00 1F  TEL,13248,S5,3653,1077,2946,5006,10000,0
A5 54 C1 33 05 45 0E 35 04 82 0B 8E 13 10 27 00 00 00 1D  TEL,13249,S5,3653,1077,2946,5006,10000,0
A5 54 C2 33 05 07 0E 33 04 82 0B 8E 13 10 27 00 00 00 8D  TEL,13250,S5,3591,1075,2946,5006,10000,0
A5 54 C3 33 05 45 0E 35 04 82 0B 8E 13 10 27 00 00 00 19  TEL,13251,S5,3653,1077,2946,5006,10000,0
A5 54 C4 33 05 64 0E 36 04 82 0B 8E 13 10 27 00 00 00 5C  TEL,13252,S5,3684,1078,2946,5006,10000,0
A5 54 C5 33 05 64 0E 36 04 82 0B 8E 13 10 27 00 00 00 5E  TEL,13253,S5,3684,1078,2946,5006,10000,0
A5 54 C6 33 05 07 0E 33 04 82 0B 8E 13 10 27 00 00 00 85  TEL,13254,S5,3591,1075,2946,5006,10000,0
A5 54 C7 33 05 45 0E 35 04 82 0B 8E 13 10 27 00 00 00 11  TEL,13255,S5,3653,1077,2946,5006,10000,0
A5 54 C8 33 05 45 0E 35 04 82 0B 8E 13 10 27 00 00 00 0F  TEL,13256,S5,3653,1077,2946,5006,10000,0
A5 54 C9 33 05 26 0E 34 04 82 0B 8E 13 10 27 00 00 00 AC  TEL,13257,S5,3622,1076,2946,5006,10000,0
A5 54 CA 33 05 07 0E 33 04 82 0B 8E 13 10 27 00 00 00 9D  TEL,13258,S5,3591,1075,2946,5006,10000,0
A5 54 CB 33 05 26 0E 34 04 82 0B 8E 13 10 27 00 00 00 A8  TEL,13259,S5,3622,1076,2946,5006,10000,0
A5 54 CC 33 05 45 0E 35 04 82 0B 8E 13 10 27 00 00 00 07  TEL,13260,S5,3653,1077,2946,5006,10000,0
A5 54 CD 33 05 64 0E 36 04 82 0B 8E 13 10 27 00 00 00 4E  TEL,13261,S5,3684,1078,2946,5006,10000,0
A5 54 CE 33 05 83 0E 37 04 82 0B 8E 13 10 27 00 00 00 46  TEL,13262,S5,3715,1079,2946,5006,10000,0
A5 54 CF 33 05 A3 0E 38 04 82 0B 8E 13 10 27 00 00 00 1F  TEL,13263,S5,3747,1080,2946,5006,10000,0
A5 54 D0 33 05 45 0E 35 04 82 0B 8E 13 10 27 00 00 00 3F  TEL,13264,S5,3653,1077,2946,5006,10000,0
A5 54 D1 33 05 45 0E 35 04 82 0B 8E 13 10 27 00 00 00 3D  TEL,13265,S5,3653,1077,2946,5006,10000,0
A5 54 D2 33 05 45 0E 35 04 82 0B 8E 13 10 27 00 00 00 3B  TEL,13266,S5,3653,1077,2946,5006,10000,0
A5 54 D3 33 05 64 0E 36 04 82 0B 8E 13 10 27 00 00 00 72  TEL,13267,S5,3684,1078,2946,5006,10000,0
A5 54 D4 33 05 45 0E 35 04 82 0B 8E 13 10 27 00 00 00 37  TEL,13268,S5,3653,1077,2946,5006,10000,0
A5 54 D5 33 05 07 0E 33 04 82 0B 8E 13 10 27 00 00 00 A3  TEL,13269,S5,3591,1075,2946,5006,10000,0
A5 54 D6 33 05 45 0E 35 04 82 0B 8E 13 10 27 00 00 00 33  TEL,13270,S5,3653,1077,2946,5006,10000,0
A5 54 D7 33 05 26 0E 34 04 82 0B 8E 13 10 27 00 00 00 90  TEL,13271,S5,3622,1076,2946,5006,10000,0
A5 54 D8 33 05 45 0E 35 04 82 0B 8E 13 10 27 00 00 00 2F  TEL,13272,S5,3653,1077,2946,5006,10000,0
A5 54 D9 33 05 45 0E 35 04 82 0B 8E 13 10 27 00 00 00 2D  TEL,13273,S5,3653,1077,2946,5006,10000,0
A5 54 DA 33 05 45 0E 35 04 82 0B 8E 13 10 27 00 00 00 2B  TEL,13274,S5,3653,1077,2946,5006,10000,0
A5 54 DB 33 05 07 0E 33 04 82 0B 8E 13 10 27 00 00 00 BF  TEL,13275,S5,3591,1075,2946,5006,10000,0
A5 54 DC 33 05 45 0E 35 04 82 0B 8E 13 10 27 00 00 00 27  TEL,13276,S5,3653,1077,2946,5006,10000,0
A5 54 DD 33 05 07 0E 33 04 82 0B 8E 13 10 27 00 00 00 B3  TEL,13277,S5,3591,1075,2946,5006,10000,0
A5 54 DE 33 05 45 0E 35 04 82 0B 8E 13 10 27 00 00 00 23  TEL,13278,S5,3653,1077,2946,5006,10000,0
A5 54 DF 33 05 26 0E 34 04 82 0B 8E 13 10 27 00 00 00 80  TEL,13279,S5,3622,1076,2946,5006,10000,0
A5 54 E0 33 05 83 0E 37 04 82 0B 8E 13 10 27 00 00 00 1A  TEL,13280,S5,3715,1079,2946,5006,10000,0
A5 54 E1 33 05 45 0E 35 04 82 0B 8E 13 10 27 00 00 00 5D  TEL,13281,S5,3653,1077,2946,5006,10000,0
A5 54 E2 33 05 07 0E 33 04 82 0B 8E 13 10 27 00 00 00 CD  TEL,13282,S5,3591,1075,2946,5006,10000,0
A5 54 E3 33 05 A3 0E 38 04 82 0B 8E 13 11 27 00 00 00 25  TEL,13283,S5,3747,1080,2946,5006,10001,0
A5 54 E4 33 05 45 0E 35 04 82 0B 8E 13 0F 27 00 00 00 55  TEL,13284,S5,3653,1077,2946,5006,9999,0
A5 54 E5 33 05 45 0E 35 04 82 0B 8E 13 10 27 00 00 00 55  TEL,13285,S5,3653,1077,2946,5006,10000,0
A5 54 E6 33 05 07 0E 33 04 82 0B 8E 13 10 27 00 00 00 C5  TEL,13286,S5,3591,1075,2946,5006,10000,0
A5 54 E7 33 05 64 0E 36 04 82 0B 8E 13 10 27 00 00 00 1A  TEL,13287,S5,3684,1078,2946,5006,10000,0
A5 54 E8 33 05 45 0E 35 04 82 0B 8E 13 10 27 00 00 00 4F  TEL,13288,S5,3653,1077,2946,5006,10000,0
A5 54 E9 33 05 26 0E 34 04 82 0B 8E 13 10 27 00 00 00 EC  TEL,13289,S5,3622,1076,2946,5006,10000,0
A5 54 EA 33 05 C2 0E 39 04 82 0B 8E 13 10 27 00 00 00 DB  TEL,13290,S5,3778,1081,2946,5006,10000,0
A5 54 EB 33 05 07 0E 33 04 82 0B 8E 13 10 27 00 00 00 DF  TEL,13291,S5,3591,1075,2946,5006,10000,0
A5 54 EC 33 05 64 0E 36 04 82 0B 8E 13 10 27 00 00 00 0C  TEL,13292,S5,3684,1078,2946,5006,10000,0
A5 54 ED 33 05 45 0E 35 04 82 0B 8E 13 10 27 00 00 00 45  TEL,13293,S5,3653,1077,2946,5006,10000,0
A5 54 EE 33 05 07 0E 33 04 82 0B 8E 13 10 27 00 00 00 D5  TEL,13294,S5,3591,1075,2946,5006,10000,0
A5 54 EF 33 05 26 0E 34 04 82 0B 8E 13 10 27 00 00 00 E0  TEL,13295,S5,3622,1076,2946,5006,10000,0
A5 54 F0 33 05 45 0E 35 04 82 0B 8E 13 10 27 00 00 00 7F  TEL,13296,S5,3653,1077,2946,5006,10000,0
A5 54 F1 33 05 26 0E 34 04 82 0B 8E 13 10 27 00 00 00 DC  TEL,13297,S5,3622,1076,2946,5006,10000,0
A5 54 F2 33 05 07 0E 33 04 82 0B 8E 13 10 27 00 00 00 ED  TEL,13298,S5,3591,1075,2946,5006,10000,0
A5 54 F3 33 05 26 0E 34 04 82 0B 8E 13 10 27 00 00 00 D8  TEL,13299,S5,3622,1076,2946,5006,10000,0
A5 54 F4 33 05 45 0E 35 04 82 0B 8E 13 10 27 00 00 00 77  TEL,13300,S5,3653,1077,2946,5006,10000,0
A5 54 F5 33 05 45 0E 35 04 82 0B 8E 13 10 27 00 00 00 75  TEL,13301,S5,3653,1077,2946,5006,10000,0
A5 54 F6 33 05 83 0E 37 04 82 0B 8E 13 10 27 00 00 00 36  TEL,13302,S5,3715,1079,2946,5006,10000,0
A5 54 F7 33 05 26 0E 34 04 82 0B 8E 13 10 27 00 00 00 D0  TEL,13303,S5,3622,1076,2946,5006,10000,0
A5 54 F8 33 05 A3 0E 38 04 82 0B 8E 13 10 27 00 00 00 71  TEL,13304,S5,3747,1080,2946,5006,10000,0
A5 54 F9 33 05 07 0E 33 04 82 0B 8E 13 10 27 00 00 00 FB  TEL,13305,S5,3591,1075,2946,5006,10000,0
A5 54 FA 33 05 07 0E 33 04 82 0B 8E 13 10 27 00 00 00 FD  TEL,13306,S5,3591,1075,2946,5006,10000,0
A5 54 FB 33 05 26 0E 34 04 82 0B 8E 13 10 27 00 00 00 C8  TEL,13307,S5,3622,1076,2946,5006,10000,0
A5 54 FC 33 05 A3 0E 38 04 82 0B 8F 13 10 27 00 00 00 A6  TEL,13308,S5,3747,1080,2946,5007,10000,0
A5 54 FD 33 05 83 0E 37 04 82 0B 8E 13 10 27 00 00 00 20  TEL,13309,S5,3715,1079,2946,5006,10000,0
A5 54 FE 33 05 07 0E 33 04 82 0B 8E 13 10 27 00 00 00 F5  TEL,13310,S5,3591,1075,2946,5006,10000,0
A5 54 FF 33 05 45 0E 35 04 82 0B 8E 13 10 27 00 00 00 61  TEL,13311,S5,3653,1077,2946,5006,10000,0
A5 54 00 34 05 C2 0E 39 04 82 0B 8E 13 10 27 00 00 00 0A  TEL,13312,S5,3778,1081,2946,5006,10000,0
A5 54 01 34 05 45 0E 35 04 82 0B 8E 13 10 27 00 00 00 98  TEL,13313,S5,3653,1077,2946,5006,10000,0
A5 54 02 34 05 64 0E 36 04 82 0B 8E 13 10 27 00 00 00 D5  TEL,13314,S5,3684,1078,2946,5006,10000,0
A5 54 03 34 05 26 0E 34 04 82 0B 8E 13 10 27 00 00 00 3D  TEL,13315,S5,3622,1076,2946,5006,10000,0
A5 54 04 34 05 C2 0E 39 04 82 0B 8E 13 10 27 00 00 00 02  TEL,13316,S5,3778,1081,2946,5006,10000,0
A5 54 05 34 05 07 0E 33 04 82 0B 8E 13 10 27 00 00 00 06  TEL,13317,S5,3591,1075,2946,5006,10000,0
A5 54 06 34 05 64 0E 36 04 82 0B 8E 13 10 27 00 00 00 DD  TEL,13318,S5,3684,1078,2946,5006,10000,0
A5 54 07 34 05 A3 0E 38 04 82 0B 8E 13 10 27 00 00 00 8A  TEL,13319,S5,3747,1080,2946,5006,10000,0
A5 54 08 34 05 45 0E 35 04 82 0B 8E 13 10 27 00 00 00 8A  TEL,13320,S5,3653,1077,2946,5006,10000,0
A5 54 09 34 05 45 0E 35 04 82 0B 8E 13 10 27 00 00 00 88  TEL,13321,S5,3653,1077,2946,5006,10000,0
A5 54 0A 34 05 45 0E 35 04 82 0B 8E 13 10 27 00 00 00 8E  TEL,13322,S5,3653,1077,2946,5006,10000,0
A5 54 0B 34 05 26 0E 34 04 82 0B 8E 13 10 27 00 00 00 2D  TEL,13323,S5,3622,1076,2946,5006,10000,0
A5 54 0C 34 05 45 0E 35 04 82 0B 8E 13 10 27 00 00 00 82  TEL,13324,S5,3653,1077,2946,5006,10000,0
A5 54 0D 34 05 64 0E 36 04 82 0B 8E 13 10 27 00 00 00 CB  TEL,13325,S5,3684,1078,2946,5006,10000,0
A5 54 0E 34 05 07 0E 33 04 82 0B 8E 13 10 27 00 00 00 10  TEL,13326,S5,3591,1075,2946,5006,10000,0
A5 54 0F 34 05 26 0E 34 04 82 0B 8E 13 10 27 00 00 00 25  TEL,13327,S5,3622,1076,2946,5006,10000,0
A5 54 10 34 05 A3 0E 38 04 82 0B 8E 13 10 27 00 00 00 A4  TEL,13328,S5,3747,1080,2946,5006,10000,0
A5 54 11 34 05 45 0E 35 04 82 0B 8E 13 10 27 00 00 00 B8  TEL,13329,S5,3653,1077,2946,5006,10000,0
A5 54 12 34 05 AA 0D 2F 04 82 0B 8E 13 10 27 00 00 00 C5  TEL,13330,S5,3498,1071,2946,5006,10000,0
A5 54 13 34 05 64 0E 36 04 82 0B 8E 13 10 27 00 00 00 F7  TEL,13331,S5,3684,1078,2946,5006,10000,0
A5 54 14 34 05 26 0E 34 04 82 0B 8E 13 10 27 00 00 00 13  TEL,13332,S5,3622,1076,2946,5006,10000,0
A5 54 15 34 05 45 0E 35 04 82 0B 8E 13 10 27 00 00 00 B0  TEL,13333,S5,3653,1077,2946,5006,10000,0
A5 54 16 34 05 64 0E 36 04 82 0B 8E 13 10 27 00 00 00 FD  TEL,13334,S5,3684,1078,2946,5006,10000,0
A5 54 17 34 05 07 0E 33 04 82 0B 8E 13 10 27 00 00 00 22  TEL,13335,S5,3591,1075,2946,5006,10000,0
A5 54 18 34 05 83 0E 37 04 82 0B 8E 13 10 27 00 00 00 EF  TEL,13336,S5,3715,1079,2946,5006,10000,0
A5 54 19 34 05 07 0E 33 04 82 0B 8E 13 10 27 00 00 00 3E  TEL,13337,S5,3591,1075,2946,5006,10000,0
A5 54 1A 34 05 64 0E 36 04 82 0B 8E 13 10 27 00 00 00 E5  TEL,13338,S5,3684,1078,2946,5006,10000,0
A5 54 1B 34 05 64 0E 36 04 82 0B 8E 13 10 27 00 00 00 E7  TEL,13339,S5,3684,1078,2946,5006,10000,0
A5 54 1C 34 05 45 0E 35 04 82 0B 8E 13 10 27 00 00 00 A2  TEL,13340,S5,3653,1077,2946,5006,10000,0
A5 54 1D 34 05 45 0E 35 04 82 0B 8E 13 10 27 00 00 00 A0  TEL,13341,S5,3653,1077,2946,5006,10000,0
A5 54 1E 34 05 07 0E 33 04 82 0B 8E 13 10 27 00 00 00 30  TEL,13342,S5,3591,1075,2946,5006,10000,0
A5 54 1F 34 05 07 0E 33 04 82 0B 8E 13 10 27 00 00 00 32  TEL,13343,S5,3591,1075,2946,5006,10000,0
A5 54 20 34 05 45 0E 35 04 82 0B 8E 13 10 27 00 00 00 DA  TEL,13344,S5,3653,1077,2946,5006,10000,0
A5 54 21 34 05 07 0E 33 04 82 0B 8E 13 10 27 00 00 00 4E  TEL,13345,S5,3591,1075,2946,5006,10000,0
A5 54 22 34 05 83 0E 37 04 82 0B 8E 13 10 27 00 00 00 9B  TEL,13346,S5,3715,1079,2946,5006,10000,0
A5 54 23 34 05 26 0E 34 04 82 0B 8E 13 10 27 00 00 00 7D  TEL,13347,S5,3622,1076,2946,5006,10000,0
A5 54 24 34 05 A3 0E 38 04 82 0B 8E 13 10 27 00 00 00 CC  TEL,13348,S5,3747,1080,2946,5006,10000,0
A5 54 25 34 05 45 0E 35 04 82 0B 8E 13 10 27 00 00 00 D0  TEL,13349,S5,3653,1077,2946,5006,10000,0
A5 54 26 34 05 45 0E 35 04 82 0B 8E 13 10 27 00 00 00 D6  TEL,13350,S5,3653,1077,2946,5006,10000,0
A5 54 27 34 05 E8 0D 32 04 82 0B 8E 13 10 27 00 00 00 17  TEL,13351,S5,3560,1074,2946,5006,10000,0
A5 54 28 34 05 26 0E 34 04 82 0B 8E 13 10 27 00 00 00 6B  TEL,13352,S5,3622,1076,2946,5006,10000,0
A5 54 29 34 05 45 0E 35 04 82 0B 8E 13 10 27 00 00 00 C8  TEL,13353,S5,3653,1077,2946,5006,10000,0
A5 54 2A 34 05 07 0E 33 04 82 0B 8E 13 10 27 00 00 00 58  TEL,13354,S5,3591,1075,2946,5006,10000,0
A5 54 2B 34 05 45 0E 35 04 82 0B 8E 13 10 27 00 00 00 CC  TEL,13355,S5,3653,1077,2946,5006,10000,0
A5 54 2C 34 05 45 0E 35 04 82 0B 8E 13 10 27 00 00 00 C2  TEL,13356,S5,3653,1077,2946,5006,10000,0
A5 54 2D 34 05 C2 0E 39 04 82 0B 8E 13 10 27 00 00 00 50  TEL,13357,S5,3778,1081,2946,5006,10000,0
A5 54 2E 34 05 07 0E 33 04 82 0B 8E 13 10 27 00 00 00 50  TEL,13358,S5,3591,1075,2946,5006,10000,0
A5 54 2F 34 05 A3 0E 38 04 82 0B 8E 13 11 27 00 00 00 B8  TEL,13359,S5,3747,1080,2946,5006,10001,0
A5 54 30 34 05 45 0E 35 04 82 0B 8E 13 0F 27 00 00 00 F8  TEL,13360,S5,3653,1077,2946,5006,9999,0
A5 54 31 34 05 45 0E 35 04 82 0B 8E 13 10 27 00 00 00 F8  TEL,13361,S5,3653,1077,2946,5006,10000,0
A5 54 32 34 05 45 0E 35 04 82 0B 8E 13 10 27 00 00 00 FE  TEL,13362,S5,3653,1077,2946,5006,10000,0
A5 54 33 34 05 45 0E 35 04 82 0B 8E 13 10 27 00 00 00 FC  TEL,13363,S5,3653,1077,2946,5006,10000,0
A5 54 34 34 05 A3 0E 38 04 82 0B 8E 13 10 27 00 00 00 EC  TEL,13364,S5,3747,1080,2946,5006,10000,0
A5 54 35 34 05 64 0E 36 04 82 0B 8E 13 10 27 00 00 00 BB  TEL,13365,S5,3684,1078,2946,5006,10000,0
A5 54 36 34 05 07 0E 33 04 82 0B 8E 13 10 27 00 00 00 60  TEL,13366,S5,3591,1075,2946,5006,10000,0
A5 54 37 34 05 A3 0E 38 04 82 0B 8E 13 10 27 00 00 00 EA  TEL,13367,S5,3747,1080,2946,5006,10000,0
A5 54 38 34 05 83 0E 37 04 82 0B 8E 13 10 27 00 00 00 AF  TEL,13368,S5,3715,1079,2946,5006,10000,0
A5 54 39 34 05 45 0E 35 04 82 0B 8E 13 10 27 00 00 00 E8  TEL,13369,S5,3653,1077,2946,5006,10000,0
A5 54 3A 34 05 07 0E 33 04 82 0B 8E 13 10 27 00 00 00 78  TEL,13370,S5,3591,1075,2946,5006,10000,0
A5 54 3B 34 05 C2 0E 39 04 82 0B 8E 13 10 27 00 00 00 7C  TEL,13371,S5,3778,1081,2946,5006,10000,0
A5 54 3C 34 05 45 0E 35 04 82 0B 8E 13 10 27 00 00 00 E2  TEL,13372,S5,3653,1077,2946,5006,10000,0
A5 54 3D 34 05 64 0E 36 04 82 0B 8E 13 10 27 00 00 00 AB  TEL,13373,S5,3684,1078,2946,5006,10000,0
A5 54 3E 34 05 A3 0E 38 04 82 0B 8E 13 10 27 00 00 00 F8  TEL,13374,S5,3747,1080,2946,5006,10000,0
A5 42 4F 00 05 3F 34 B1 4E 35 0D C9 4E 35 0D CC 4E 35 0D B3  BTN,79,S5,PRESSED,13375,221597361,221597385,221597388
A5 54 40 34 05 A3 0E 38 04 82 0B 8F 13 10 27 00 00 00 DB  TEL,13376,S5,3747,1080,2946,5007,10000,0
A5 54 41 34 05 64 0E 36 04 82 0B 8E 13 10 27 00 00 00 53  TEL,13377,S5,3684,1078,2946,5006,10000,0
A5 54 42 34 05 07 0E 33 04 82 0B 8E 13 10 27 00 00 00 88  TEL,13378,S5,3591,1075,2946,5006,10000,0
A5 54 43 34 05 64 0E 36 04 82 0B 8E 13 10 27 00 00 00 57  TEL,13379,S5,3684,1078,2946,5006,10000,0
A5 54 44 34 05 26 0E 34 04 82 0B 8E 13 10 27 00 00 00 B3  TEL,13380,S5,3622,1076,2946,5006,10000,0
A5 54 45 34 05 45 0E 35 04 82 0B 8E 13 10 27 00 00 00 10  TEL,13381,S5,3653,1077,2946,5006,10000,0
A5 54 46 34 05 45 0E 35 04 82 0B 8E 13 10 27 00 00 00 16  TEL,13382,S5,3653,1077,2946,5006,10000,0
A5 54 47 34 05 45 0E 35 04 82 0B 8E 13 10 27 00 00 00 14  TEL,13383,S5,3653,1077,2946,5006,10000,0
A5 54 48 34 05 45 0E 35 04 82 0B 8E 13 10 27 00 00 00 0A  TEL,13384,S5,3653,1077,2946,5006,10000,0
A5 54 49 34 05 45 0E 35 04 82 0B 8E 13 10 27 00 00 00 08  TEL,13385,S5,3653,1077,2946,5006,10000,0
A5 54 4A 34 05 C9 0D 31 04 82 0B 8E 13 10 27 00 00 00 86  TEL,13386,S5,3529,1073,2946,5006,10000,0
A5 54 4B 34 05 83 0E 37 04 82 0B 8E 13 10 27 00 00 00 49  TEL,13387,S5,3715,1079,2946,5006,10000,0
A5 54 4C 34 05 A3 0E 38 04 82 0B 8E 13 10 27 00 00 00 1C  TEL,13388,S5,3747,1080,2946,5006,10000,0
A5 54 4D 34 05 64 0E 36 04 82 0B 8E 13 10 27 00 00 00 4B  TEL,13389,S5,3684,1078,2946,5006,10000,0
A5 54 4E 34 05 64 0E 36 04 82 0B 8E 13 10 27 00 00 00 4D  TEL,13390,S5,3684,1078,2946,5006,10000,0
A5 54 4F 34 05 26 0E 34 04 82 0B 93 13 10 27 00 00 00 36  TEL,13391,S5,3622,1076,2946,5011,10000,0
A5 54 50 34 05 E8 0D 32 04 82 0B 8E 13 10 27 00 00 00 F9  TEL,13392,S5,3560,1074,2946,5006,10000,0
A5 54 51 34 05 45 0E 35 04 82 0B 8E 13 10 27 00 00 00 38  TEL,13393,S5,3653,1077,2946,5006,10000,0
A5 54 52 34 05 07 0E 33 04 82 0B 8E 13 10 27 00 00 00 A8  TEL,13394,S5,3591,1075,2946,5006,10000,0
A5 54 53 34 05 64 0E 36 04 82 0B 8E 13 10 27 00 00 00 77  TEL,13395,S5,3684,1078,2946,5006,10000,0
A5 54 54 34 05 A3 0E 38 04 82 0B 8E 13 10 27 00 00 00 2C  TEL,13396,S5,3747,1080,2946,5006,10000,0
A5 54 55 34 05 45 0E 35 04 82 0B 8E 13 10 27 00 00 00 30  TEL,13397,S5,3653,1077,2946,5006,10000,0
A5 54 56 34 05 45 0E 35 04 82 0B 8E 13 10 27 00 00 00 36  TEL,13398,S5,3653,1077,2946,5006,10000,0
A5 54 57 34 05 A3 0E 38 04 82 0B 8E 13 10 27 00 00 00 2A  TEL,13399,S5,3747,1080,2946,5006,10000,0
A5 54 58 34 05 45 0E 35 04 82 0B 8E 13 10 27 00 00 00 2A  TEL,13400,S5,3653,1077,2946,5006,10000,0
A5 54 59 34 05 83 0E 37 04 82 0B 8E 13 10 27 00 00 00 6D  TEL,13401,S5,3715,1079,2946,5006,10000,0
A5 54 5A 34 05 C9 0D 31 04 82 0B 8E 13 10 27 00 00 00 A6  TEL,13402,S5,3529,1073,2946,5006,10000,0
A5 54 5B 34 05 64 0E 36 04 82 0B 8E 13 10 27 00 00 00 67  TEL,13403,S5,3684,1078,2946,5006,10000,0
A5 54 5C 34 05 45 0E 35 04 82 0B 8E 13 10 27 00 00 00 22  TEL,13404,S5,3653,1077,2946,5006,10000,0
A5 54 5D 34 05 45 0E 35 04 82 0B 8E 13 10 27 00 00 00 20  TEL,13405,S5,3653,1077,2946,5006,10000,0
A5 54 5E 34 05 07 0E 33 04 82 0B 8E 13 10 27 00 00 00 B0  TEL,13406,S5,3591,1075,2946,5006,10000,0
A5 54 5F 34 05 64 0E 36 04 82 0B 8E 13 10 27 00 00 00 6F  TEL,13407,S5,3684,1078,2946,5006,10000,0
A5 54 60 34 05 45 0E 35 04 82 0B 8E 13 10 27 00 00 00 5A  TEL,13408,S5,3653,1077,2946,5006,10000,0
A5 54 61 34 05 64 0E 36 04 82 0B 8E 13 10 27 00 00 00 13  TEL,13409,S5,3684,1078,2946,5006,10000,0
A5 54 62 34 05 64 0E 36 04 82 0B 8E 13 10 27 00 00 00 15  TEL,13410,S5,3684,1078,2946,5006,10000,0
A5 54 63 34 05 E8 0D 32 04 82 0B 8E 13 10 27 00 00 00 9F  TEL,13411,S5,3560,1074,2946,5006,10000,0
A5 54 64 34 05 45 0E 35 04 82 0B 8E 13 10 27 00 00 00 52  TEL,13412,S5,3653,1077,2946,5006,10000,0
A5 54 65 34 05 45 0E 35 04 82 0B 8E 13 10 27 00 00 00 50  TEL,13413,S5,3653,1077,2946,5006,10000,0
A5 54 66 34 05 45 0E 35 04 82 0B 8E 13 10 27 00 00 00 56  TEL,13414,S5,3653,1077,2946,5006,10000,0
A5 54 67 34 05 C9 0D 30 04 82 0B 8E 13 10 27 00 00 00 C3  TEL,13415,S5,3529,1072,2946,5006,10000,0
A5 54 68 34 05 64 0E 36 04 82 0B 8E 13 10 27 00 00 00 01  TEL,13416,S5,3684,1078,2946,5006,10000,0
A5 54 69 34 05 45 0E 35 04 82 0B 8E 13 10 27 00 00 00 48  TEL,13417,S5,3653,1077,2946,5006,10000,0
A5 54 6A 34 05 A3 0E 38 04 82 0B 8E 13 10 27 00 00 00 50  TEL,13418,S5,3747,1080,2946,5006,10000,0
A5 54 6B 34 05 64 0E 36 04 82 0B 8E 13 10 27 00 00 00 07  TEL,13419,S5,3684,1078,2946,5006,10000,0
A5 54 6C 34 05 64 0E 36 04 82 0B 8E 13 10 27 00 00 00 09  TEL,13420,S5,3684,1078,2946,5006,10000,0
A5 54 6D 34 05 45 0E 35 04 82 0B 8E 13 10 27 00 00 00 40  TEL,13421,S5,3653,1077,2946,5006,10000,0
A5 54 6E 34 05 07 0E 33 04 82 0B 8E 13 10 27 00 00 00 D0  TEL,13422,S5,3591,1075,2946,5006,10000,0
A5 54 6F 34 05 26 0E 34 04 82 0B 8E 13 10 27 00 00 00 E5  TEL,13423,S5,3622,1076,2946,5006,10000,0
A5 54 70 34 05 26 0E 34 04 82 0B 8E 13 10 27 00 00 00 DB  TEL,13424,S5,3622,1076,2946,5006,10000,0
A5 54 71 34 05 07 0E 33 04 82 0B 8E 13 10 27 00 00 00 EE  TEL,13425,S5,3591,1075,2946,5006,10000,0
A5 54 72 34 05 64 0E 36 04 82 0B 8E 13 10 27 00 00 00 35  TEL,13426,S5,3684,1078,2946,5006,10000,0
A5 54 73 34 05 A3 0E 38 04 82 0B 8E 13 10 27 00 00 00 62  TEL,13427,S5,3747,1080,2946,5006,10000,0
A5 54 74 34 05 64 0E 36 04 82 0B 8E 13 10 27 00 00 00 39  TEL,13428,S5,3684,1078,2946,5006,10000,0
A5 54 75 34 05 45 0E 35 04 82 0B 8E 13 10 27 00 00 00 70  TEL,13429,S5,3653,1077,2946,5006,10000,0
A5 54 76 34 05 07 0E 33 04 82 0B 8E 13 10 27 00 00 00 E0  TEL,13430,S5,3591,1075,2946,5006,10000,0
A5 54 77 34 05 45 0E 35 04 82 0B 8E 13 10 27 00 00 00 74  TEL,13431,S5,3653,1077,2946,5006,10000,0
A5 54 78 34 05 45 0E 35 04 82 0B 8E 13 10 27 00 00 00 6A  TEL,13432,S5,3653,1077,2946,5006,10000,0
A5 54 79 34 05 45 0E 35 04 82 0B 8E 13 10 27 00 00 00 68  TEL,13433,S5,3653,1077,2946,5006,10000,0
A5 54 7A 34 05 07 0E 33 04 82 0B 8E 13 10 27 00 00 00 F8  TEL,13434,S5,3591,1075,2946,5006,10000,0
A5 54 7B 34 05 26 0E 34 04 82 0B 90 13 11 27 00 00 00 5A  TEL,13435,S5,3622,1076,2946,5008,10001,0
A5 54 7C 34 05 C9 0D 31 04 82 0B 8E 13 0F 27 00 00 00 E8  TEL,13436,S5,3529,1073,2946,5006,9999,0
A5 54 7D 34 05 07 0E 33 04 82 0B 8E 13 10 27 00 00 00 F6  TEL,13437,S5,3591,1075,2946,5006,10000,0
A5 54 7E 34 05 07 0E 33 04 82 0B 8E 13 10 27 00 00 00 F0  TEL,13438,S5,3591,1075,2946,5006,10000,0
A5 54 7F 34 05 26 0E 34 04 82 0B 8E 13 10 27 00 00 00 C5  TEL,13439,S5,3622,1076,2946,5006,10000,0
A5 54 80 34 05 45 0E 35 04 82 0B 8E 13 10 27 00 00 00 9D  TEL,13440,S5,3653,1077,2946,5006,10000,0
A5 54 81 34 05 26 0E 34 04 82 0B 8E 13 10 27 00 00 00 3E  TEL,13441,S5,3622,1076,2946,5006,10000,0
A5 54 82 34 05 45 0E 35 04 82 0B 8E 13 10 27 00 00 00 99  TEL,13442,S5,3653,1077,2946,5006,10000,0
A5 54 83 34 05 A3 0E 38 04 82 0B 8E 13 10 27 00 00 00 85  TEL,13443,S5,3747,1080,2946,5006,10000,0
A5 54 84 34 05 A3 0E 38 04 82 0B 8E 13 10 27 00 00 00 8B  TEL,13444,S5,3747,1080,2946,5006,10000,0
A5 54 85 34 05 64 0E 36 04 82 0B 8E 13 10 27 00 00 00 DC  TEL,13445,S5,3684,1078,2946,5006,10000,0
A5 54 86 34 05 83 0E 37 04 82 0B 8E 13 10 27 00 00 00 D4  TEL,13446,S5,3715,1079,2946,5006,10000,0
A5 54 87 34 05 26 0E 34 04 82 0B 8E 13 10 27 00 00 00 32  TEL,13447,S5,3622,1076,2946,5006,10000,0
A5 54 88 34 05 45 0E 35 04 82 0B 8E 13 10 27 00 00 00 8D  TEL,13448,S5,3653,1077,2946,5006,10000,0
A5 54 89 34 05 07 0E 33 04 82 0B 8E 13 10 27 00 00 00 19  TEL,13449,S5,3591,1075,2946,5006,10000,0
A5 54 8A 34 05 C9 0D 31 04 82 0B 8E 13 10 27 00 00 00 01  TEL,13450,S5,3529,1073,2946,5006,10000,0
A5 54 8B 34 05 26 0E 34 04 82 0B 8E 13 10 27 00 00 00 2A  TEL,13451,S5,3622,1076,2946,5006,10000,0
A5 54 8C 34 05 45 0E 35 04 82 0B 8E 13 10 27 00 00 00 85  TEL,13452,S5,3653,1077,2946,5006,10000,0
A5 54 8D 34 05 45 0E 35 04 82 0B 8E 13 10 27 00 00 00 87  TEL,13453,S5,3653,1077,2946,5006,10000,0
A5 54 8E 34 05 07 0E 33 04 82 0B 8E 13 10 27 00 00 00 17  TEL,13454,S5,3591,1075,2946,5006,10000,0
A5 54 8F 34 05 26 0E 34 04 82 0B 8E 13 10 27 00 00 00 22  TEL,13455,S5,3622,1076,2946,5006,10000,0
A5 54 90 34 05 64 0E 36 04 82 0B 8E 13 10 27 00 00 00 F6  TEL,13456,S5,3684,1078,2946,5006,10000,0
A5 54 91 34 05 07 0E 33 04 82 0B 8E 13 10 27 00 00 00 29  TEL,13457,S5,3591,1075,2946,5006,10000,0
A5 54 92 34 05 45 0E 35 04 82 0B 8E 13 10 27 00 00 00 B9  TEL,13458,S5,3653,1077,2946,5006,10000,0
A5 54 93 34 05 64 0E 36 04 82 0B 8E 13 10 27 00 00 00 F0  TEL,13459,S5,3684,1078,2946,5006,10000,0
A5 54 94 34 05 83 0E 37 04 82 0B 8E 13 10 27 00 00 00 F0  TEL,13460,S5,3715,1079,2946,5006,10000,0
A5 54 95 34 05 64 0E 36 04 82 0B 8E 13 10 27 00 00 00 FC  TEL,13461,S5,3684,1078,2946,5006,10000,0
A5 54 96 34 05 83 0E 37 04 82 0B 8E 13 10 27 00 00 00 F4  TEL,13462,S5,3715,1079,2946,5006,10000,0
A5 54 97 34 05 64 0E 36 04 82 0B 8E 13 10 27 00 00 00 F8  TEL,13463,S5,3684,1078,2946,5006,10000,0
A5 54 98 34 05 45 0E 35 04 82 0B 8E 13 10 27 00 00 00 AD  TEL,13464,S5,3653,1077,2946,5006,10000,0
A5 54 99 34 05 07 0E 33 04 82 0B 8E 13 10 27 00 00 00 39  TEL,13465,S5,3591,1075,2946,5006,10000,0
A5 54 9A 34 05 83 0E 37 04 82 0B 8E 13 10 27 00 00 00 EC  TEL,13466,S5,3715,1079,2946,5006,10000,0
A5 54 9B 34 05 07 0E 33 04 82 0B 8E 13 10 27 00 00 00 3D  TEL,13467,S5,3591,1075,2946,5006,10000,0
A5 54 9C 34 05 45 0E 35 04 82 0B 8E 13 10 27 00 00 00 A5  TEL,13468,S5,3653,1077,2946,5006,10000,0
A5 54 9D 34 05 64 0E 36 04 82 0B 8E 13 10 27 00 00 00 EC  TEL,13469,S5,3684,1078,2946,5006,10000,0
A5 54 9E 34 05 26 0E 34 04 82 0B 8E 13 10 27 00 00 00 00  TEL,13470,S5,3622,1076,2946,5006,10000,0
A5 54 9F 34 05 64 0E 36 04 82 0B 8E 13 10 27 00 00 00 E8  TEL,13471,S5,3684,1078,2946,5006,10000,0
A5 54 A0 34 05 64 0E 36 04 82 0B 8E 13 10 27 00 00 00 96  TEL,13472,S5,3684,1078,2946,5006,10000,0
A5 54 A1 34 05 26 0E 34 04 82 0B 8E 13 10 27 00 00 00 7E  TEL,13473,S5,3622,1076,2946,5006,10000,0
A5 54 A2 34 05 C2 0E 3A 04 82 0B 8E 13 10 27 00 00 00 68  TEL,13474,S5,3778,1082,2946,5006,10000,0
A5 54 A3 34 05 26 0E 34 04 82 0B 8E 13 10 27 00 00 00 7A  TEL,13475,S5,3622,1076,2946,5006,10000,0
A5 54 A4 34 05 A3 0E 38 04 82 0B 8E 13 10 27 00 00 00 CB  TEL,13476,S5,3747,1080,2946,5006,10000,0
A5 54 A5 34 05 45 0E 35 04 82 0B 8E 13 10 27 00 00 00 D7  TEL,13477,S5,3653,1077,2946,5006,10000,0
A5 54 A6 34 05 64 0E 36 04 82 0B 8E 13 10 27 00 00 00 9A  TEL,13478,S5,3684,1078,2946,5006,10000,0
A5 54 A7 34 05 64 0E 36 04 82 0B 8E 13 10 27 00 00 00 98  TEL,13479,S5,3684,1078,2946,5006,10000,0
A5 54 A8 34 05 A3 0E 38 04 82 0B 8E 13 10 27 00 00 00 D3  TEL,13480,S5,3747,1080,2946,5006,10000,0
A5 54 A9 34 05 45 0E 35 04 82 0B 8E 13 10 27 00 00 00 CF  TEL,13481,S5,3653,1077,2946,5006,10000,0
A5 54 AA 34 05 C2 0E 39 04 82 0B 8E 13 10 27 00 00 00 59  TEL,13482,S5,3778,1081,2946,5006,10000,0
A5 54 AB 34 05 C2 0E 3A 04 82 0B 8E 13 10 27 00 00 00 7A  TEL,13483,S5,3778,1082,2946,5006,10000,0
A5 54 AC 34 05 A3 0E 38 04 82 0B 8E 13 10 27 00 00 00 DB  TEL,13484,S5,3747,1080,2946,5006,10000,0
A5 54 AD 34 05 83 0E 37 04 82 0B 8E 13 10 27 00 00 00 82  TEL,13485,S5,3715,1079,2946,5006,10000,0
A5 54 AE 34 05 45 0E 35 04 82 0B 8E 13 10 27 00 00 00 C1  TEL,13486,S5,3653,1077,2946,5006,10000,0
A5 54 AF 34 05 E8 0D 32 04 82 0B 8E 13 10 27 00 00 00 00  TEL,13487,S5,3560,1074,2946,5006,10000,0
A5 54 B0 34 05 45 0E 35 04 82 0B 8E 13 10 27 00 00 00 FD  TEL,13488,S5,3653,1077,2946,5006,10000,0
A5 54 B1 34 05 07 0E 33 04 82 0B 8E 13 10 27 00 00 00 69  TEL,13489,S5,3591,1075,2946,5006,10000,0
A5 54 B2 34 05 A3 0E 38 04 82 0B 8E 13 10 27 00 00 00 E7  TEL,13490,S5,3747,1080,2946,5006,10000,0
A5 54 B3 34 05 A3 0E 38 04 82 0B 8E 13 10 27 00 00 00 E5  TEL,13491,S5,3747,1080,2946,5006,10000,0
A5 54 B4 34 05 A3 0E 38 04 82 0B 8E 13 10 27 00 00 00 EB  TEL,13492,S5,3747,1080,2946,5006,10000,0
A5 54 B5 34 05 07 0E 33 04 82 0B 8E 13 10 27 00 00 00 61  TEL,13493,S5,3591,1075,2946,5006,10000,0
A5 54 B6 34 05 64 0E 36 04 82 0B 8E 13 10 27 00 00 00 BA  TEL,13494,S5,3684,1078,2946,5006,10000,0
A5 54 B7 34 05 64 0E 36 04 82 0B 8E 13 10 27 00 00 00 B8  TEL,13495,S5,3684,1078,2946,5006,10000,0
A5 54 B8 34 05 A3 0E 38 04 82 0B 8E 13 10 27 00 00 00 F3  TEL,13496,S5,3747,1080,2946,5006,10000,0
A5 54 B9 34 05 45 0E 35 04 82 0B 8E 13 10 27 00 00 00 EF  TEL,13497,S5,3653,1077,2946,5006,10000,0
A5 54 BA 34 05 07 0E 33 04 82 0B 8E 13 10 27 00 00 00 7F  TEL,13498,S5,3591,1075,2946,5006,10000,0
A5 54 BB 34 05 26 0E 34 04 82 0B 8E 13 10 27 00 00 00 4A  TEL,13499,S5,3622,1076,2946,5006,10000,0
A5 54 BC 34 05 45 0E 35 04 82 0B 8E 13 10 27 00 00 00 E5  TEL,13500,S5,3653,1077,2946,5006,10000,0
A5 42 50 00 05 BD 34 57 70 48 0D 6F 70 48 0D 72 70 48 0D DB  BTN,80,S5,PRESSED,13501,222851159,222851183,222851186
A5 54 BE 34 05 E8 0D 32 04 82 0B DD 13 10 27 00 00 01 D5  TEL,13502,S5,3560,1074,2946,5085,10000,1
A5 54 BF 34 05 26 0E 34 04 82 0B 8E 13 10 27 00 00 00 42  TEL,13503,S5,3622,1076,2946,5006,10000,0
A5 54 C0 34 05 A3 0E 38 04 82 0B 8E 13 10 27 00 00 00 03  TEL,13504,S5,3747,1080,2946,5006,10000,0
A5 54 C1 34 05 45 0E 35 04 82 0B 8E 13 10 27 00 00 00 1F  TEL,13505,S5,3653,1077,2946,5006,10000,0
A5 54 C2 34 05 45 0E 35 04 82 0B 8E 13 10 27 00 00 00 19  TEL,13506,S5,3653,1077,2946,5006,10000,0
A5 54 C3 34 05 83 0E 37 04 82 0B 8E 13 10 27 00 00 00 5E  TEL,13507,S5,3715,1079,2946,5006,10000,0
A5 54 C4 34 05 26 0E 34 04 82 0B 8E 13 10 27 00 00 00 B4  TEL,13508,S5,3622,1076,2946,5006,10000,0
A5 54 C5 34 05 C2 0E 3A 04 82 0B 8E 13 10 27 00 00 00 A6  TEL,13509,S5,3778,1082,2946,5006,10000,0
A5 54 C6 34 05 45 0E 35 04 82 0B 8E 13 10 27 00 00 00 11  TEL,13510,S5,3653,1077,2946,5006,10000,0
A5 54 C7 34 05 A3 0E 38 04 82 0B 8E 13 10 27 00 00 00 0D  TEL,13511,S5,3747,1080,2946,5006,10000,0
A5 54 C8 34 05 26 0E 34 04 82 0B 8E 13 11 27 00 00 00 CE  TEL,13512,S5,3622,1076,2946,5006,10001,0
A5 54 C9 34 05 07 0E 33 04 82 0B 8E 13 0F 27 00 00 00 9B  TEL,13513,S5,3591,1075,2946,5006,9999,0
A5 54 CA 34 05 45 0E 35 04 82 0B 8E 13 10 27 00 00 00 09  TEL,13514,S5,3653,1077,2946,5006,10000,0
A5 54 CB 34 05 45 0E 35 04 82 0B 8E 13 10 27 00 00 00 0B  TEL,13515,S5,3653,1077,2946,5006,10000,0
A5 54 CC 34 05 26 0E 34 04 82 0B 8E 13 10 27 00 00 00 A4  TEL,13516,S5,3622,1076,2946,5006,10000,0
A5 54 CD 34 05 83 0E 37 04 82 0B 8E 13 10 27 00 00 00 42  TEL,13517,S5,3715,1079,2946,5006,10000,0
A5 54 CE 34 05 45 0E 35 04 82 0B 8E 13 10 27 00 00 00 01  TEL,13518,S5,3653,1077,2946,5006,10000,0
A5 54 CF 34 05 45 0E 35 04 82 0B 8E 13 10 27 00 00 00 03  TEL,13519,S5,3653,1077,2946,5006,10000,0
A5 54 D0 34 05 45 0E 35 04 82 0B 8E 13 10 27 00 00 00 3D  TEL,13520,S5,3653,1077,2946,5006,10000,0
A5 54 D1 34 05 64 0E 36 04 82 0B 8E 13 10 27 00 00 00 74  TEL,13521,S5,3684,1078,2946,5006,10000,0
A5 54 D2 34 05 26 0E 34 04 82 0B 8E 13 10 27 00 00 00 98  TEL,13522,S5,3622,1076,2946,5006,10000,0
A5 54 D3 34 05 45 0E 35 04 82 0B 8E 13 10 27 00 00 00 3B  TEL,13523,S5,3653,1077,2946,5006,10000,0
A5 54 D4 34 05 A3 0E 38 04 82 0B 8E 13 10 27 00 00 00 2B  TEL,13524,S5,3747,1080,2946,5006,10000,0
A5 54 D5 34 05 64 0E 36 04 82 0B 8E 13 10 27 00 00 00 7C  TEL,13525,S5,3684,1078,2946,5006,10000,0
A5 54 D6 34 05 45 0E 35 04 82 0B 8E 13 10 27 00 00 00 31  TEL,13526,S5,3653,1077,2946,5006,10000,0
A5 54 D7 34 05 45 0E 35 04 82 0B 8E 13 10 27 00 00 00 33  TEL,13527,S5,3653,1077,2946,5006,10000,0
A5 54 D8 34 05 E8 0D 32 04 82 0B 8E 13 10 27 00 00 00 EE  TEL,13528,S5,3560,1074,2946,5006,10000,0
A5 54 D9 34 05 45 0E 35 04 82 0B 8E 13 10 27 00 00 00 2F  TEL,13529,S5,3653,1077,2946,5006,10000,0
A5 54 DA 34 05 07 0E 33 04 82 0B 8E 13 10 27 00 00 00 BF  TEL,13530,S5,3591,1075,2946,5006,10000,0
A5 54 DB 34 05 45 0E 35 04 82 0B 8E 13 10 27 00 00 00 2B  TEL,13531,S5,3653,1077,2946,5006,10000,0
A5 54 DC 34 05 A3 0E 38 04 82 0B 8E 13 10 27 00 00 00 3B  TEL,13532,S5,3747,1080,2946,5006,10000,0
A5 54 DD 34 05 45 0E 35 04 82 0B 8E 13 10 27 00 00 00 27  TEL,13533,S5,3653,1077,2946,5006,10000,0
A5 54 DE 34 05 26 0E 34 04 82 0B 8E 13 10 27 00 00 00 80  TEL,13534,S5,3622,1076,2946,5006,10000,0
A5 54 DF 34 05 C2 0E 3A 04 82 0B 8E 13 10 27 00 00 00 92  TEL,13535,S5,3778,1082,2946,5006,10000,0
A5 54 E0 34 05 26 0E 34 04 82 0B 8E 13 10 27 00 00 00 FC  TEL,13536,S5,3622,1076,2946,5006,10000,0
A5 54 E1 34 05 45 0E 35 04 82 0B 8F 13 10 27 00 00 00 80  TEL,13537,S5,3653,1077,2946,5007,10000,0
A5 54 E2 34 05 26 0E 34 04 82 0B 8E 13 10 27 00 00 00 F8  TEL,13538,S5,3622,1076,2946,5006,10000,0
A5 54 E3 34 05 A3 0E 38 04 82 0B 8E 13 10 27 00 00 00 45  TEL,13539,S5,3747,1080,2946,5006,10000,0
A5 54 E4 34 05 A3 0E 38 04 82 0B 8E 13 10 27 00 00 00 4B  TEL,13540,S5,3747,1080,2946,5006,10000,0
A5 54 E5 34 05 45 0E 35 04 82 0B 8E 13 10 27 00 00 00 57  TEL,13541,S5,3653,1077,2946,5006,10000,0
A5 54 E6 34 05 45 0E 35 04 82 0B 8E 13 10 27 00 00 00 51  TEL,13542,S5,3653,1077,2946,5006,10000,0
A5 54 E7 34 05 07 0E 33 04 82 0B 8E 13 10 27 00 00 00 C5  TEL,13543,S5,3591,1075,2946,5006,10000,0
A5 54 E8 34 05 A3 0E 38 04 82 0B 8E 13 10 27 00 00 00 53  TEL,13544,S5,3747,1080,2946,5006,10000,0
A5 54 E9 34 05 45 0E 35 04 82 0B 8E 13 10 27 00 00 00 4F  TEL,13545,S5,3653,1077,2946,5006,10000,0
A5 54 EA 34 05 07 0E 33 04 82 0B 8E 13 10 27 00 00 00 DF  TEL,13546,S5,3591,1075,2946,5006,10000,0
A5 54 EB 34 05 26 0E 34 04 82 0B 8E 13 10 27 00 00 00 EA  TEL,13547,S5,3622,1076,2946,5006,10000,0
A5 54 EC 34 05 26 0E 34 04 82 0B 8E 13 10 27 00 00 00 E4  TEL,13548,S5,3622,1076,2946,5006,10000,0
A5 54 ED 34 05 83 0E 37 04 82 0B 8E 13 10 27 00 00 00 02  TEL,13549,S5,3715,1079,2946,5006,10000,0
A5 54 EE 34 05 45 0E 35 04 82 0B 8E 13 10 27 00 00 00 41  TEL,13550,S5,3653,1077,2946,5006,10000,0
A5 54 EF 34 05 45 0E 35 04 82 0B 8E 13 10 27 00 00 00 43  TEL,13551,S5,3653,1077,2946,5006,10000,0
A5 54 F0 34 05 A3 0E 38 04 82 0B 8E 13 10 27 00 00 00 63  TEL,13552,S5,3747,1080,2946,5006,10000,0
A5 54 F1 34 05 45 0E 35 04 82 0B 8E 13 10 27 00 00 00 7F  TEL,13553,S5,3653,1077,2946,5006,10000,0
A5 54 F2 34 05 26 0E 34 04 82 0B 8E 13 10 27 00 00 00 D8  TEL,13554,S5,3622,1076,2946,5006,10000,0
A5 54 F3 34 05 A3 0E 38 04 82 0B 8E 13 10 27 00 00 00 65  TEL,13555,S5,3747,1080,2946,5006,10000,0
A5 54 F4 34 05 64 0E 36 04 82 0B 8E 13 10 27 00 00 00 3E  TEL,13556,S5,3684,1078,2946,5006,10000,0
A5 54 F5 34 05 A3 0E 38 04 82 0B 8E 13 10 27 00 00 00 69  TEL,13557,S5,3747,1080,2946,5006,10000,0
A5 54 F6 34 05 45 0E 35 04 82 0B 8E 13 10 27 00 00 00 71  TEL,13558,S5,3653,1077,2946,5006,10000,0
A5 54 F7 34 05 64 0E 36 04 82 0B 8E 13 10 27 00 00 00 38  TEL,13559,S5,3684,1078,2946,5006,10000,0
A5 54 F8 34 05 45 0E 35 04 82 0B 8E 13 10 27 00 00 00 6D  TEL,13560,S5,3653,1077,2946,5006,10000,0
A5 54 F9 34 05 26 0E 34 04 82 0B 8E 13 10 27 00 00 00 CE  TEL,13561,S5,3622,1076,2946,5006,10000,0
A5 54 FA 34 05 45 0E 35 04 82 0B 8E 13 10 27 00 00 00 69  TEL,13562,S5,3653,1077,2946,5006,10000,0
A5 54 FB 34 05 A3 0E 38 04 82 0B 8E 13 10 27 00 00 00 75  TEL,13563,S5,3747,1080,2946,5006,10000,0
A5 54 FC 34 05 A3 0E 38 04 82 0B 8E 13 10 27 00 00 00 7B  TEL,13564,S5,3747,1080,2946,5006,10000,0
A5 54 FD 34 05 45 0E 35 04 82 0B 8E 13 10 27 00 00 00 67  TEL,13565,S5,3653,1077,2946,5006,10000,0
A5 54 FE 34 05 45 0E 35 04 82 0B 8E 13 10 27 00 00 00 61  TEL,13566,S5,3653,1077,2946,5006,10000,0
A5 54 FF 34 05 07 0E 33 04 82 0B 8E 13 10 27 00 00 00 F5  TEL,13567,S5,3591,1075,2946,5006,10000,0
A5 54 00 35 05 64 0E 36 04 82 0B 8E 13 10 27 00 00 00 64  TEL,13568,S5,3684,1078,2946,5006,10000,0
A5 54 01 35 05 26 0E 34 04 82 0B 8E 13 10 27 00 00 00 8C  TEL,13569,S5,3622,1076,2946,5006,10000,0
A5 54 02 35 05 26 0E 34 04 82 0B 8E 13 10 27 00 00 00 8A  TEL,13570,S5,3622,1076,2946,5006,10000,0
A5 54 03 35 05 07 0E 33 04 82 0B 8E 13 10 27 00 00 00 BF  TEL,13571,S5,3591,1075,2946,5006,10000,0
A5 54 04 35 05 26 0E 34 04 82 0B 8E 13 10 27 00 00 00 86  TEL,13572,S5,3622,1076,2946,5006,10000,0
A5 54 05 35 05 45 0E 35 04 82 0B 8E 13 10 27 00 00 00 25  TEL,13573,S5,3653,1077,2946,5006,10000,0
A5 54 06 35 05 45 0E 35 04 82 0B 8E 13 10 27 00 00 00 23  TEL,13574,S5,3653,1077,2946,5006,10000,0
A5 54 07 35 05 AA 0D 2F 04 82 0B 8E 13 10 27 00 00 00 5A  TEL,13575,S5,3498,1071,2946,5006,10000,0
A5 54 08 35 05 45 0E 35 04 82 0B 8E 13 10 27 00 00 00 3F  TEL,13576,S5,3653,1077,2946,5006,10000,0
A5 54 09 35 05 45 0E 35 04 82 0B 8E 13 10 27 00 00 00 3D  TEL,13577,S5,3653,1077,2946,5006,10000,0
A5 54 0A 35 05 64 0E 36 04 82 0B 8E 13 10 27 00 00 00 70  TEL,13578,S5,3684,1078,2946,5006,10000,0
A5 54 0B 35 05 45 0E 35 04 82 0B 8E 13 10 27 00 00 00 39  TEL,13579,S5,3653,1077,2946,5006,10000,0
A5 54 0C 35 05 A3 0E 38 04 82 0B 8E 13 10 27 00 00 00 29  TEL,13580,S5,3747,1080,2946,5006,10000,0
A5 54 0D 35 05 A3 0E 38 04 82 0B 8E 13 10 27 00 00 00 2B  TEL,13581,S5,3747,1080,2946,5006,10000,0
A5 54 0E 35 05 26 0E 34 04 82 0B 8E 13 10 27 00 00 00 92  TEL,13582,S5,3622,1076,2946,5006,10000,0
A5 54 0F 35 05 A3 0E 38 04 82 0B 8E 13 10 27 00 00 00 2F  TEL,13583,S5,3747,1080,2946,5006,10000,0
A5 54 10 35 05 64 0E 36 04 82 0B 8E 13 10 27 00 00 00 44  TEL,13584,S5,3684,1078,2946,5006,10000,0
A5 54 11 35 05 A3 0E 38 04 82 0B 8E 13 10 27 00 00 00 13  TEL,13585,S5,3747,1080,2946,5006,10000,0
A5 54 12 35 05 45 0E 35 04 82 0B 8E 13 10 27 00 00 00 0B  TEL,13586,S5,3653,1077,2946,5006,10000,0
A5 54 13 35 05 C2 0E 39 04 82 0B 8E 13 10 27 00 00 00 99  TEL,13587,S5,3778,1081,2946,5006,10000,0
A5 54 14 35 05 45 0E 35 04 82 0B 8E 13 11 27 00 00 00 65  TEL,13588,S5,3653,1077,2946,5006,10001,0
A5 54 15 35 05 07 0E 33 04 82 0B 8E 13 0F 27 00 00 00 91  TEL,13589,S5,3591,1075,2946,5006,9999,0
A5 54 16 35 05 45 0E 35 04 82 0B 8E 13 10 27 00 00 00 03  TEL,13590,S5,3653,1077,2946,5006,10000,0
A5 54 17 35 05 E1 0E 3B 04 82 0B 8E 13 10 27 00 00 00 EA  TEL,13591,S5,3809,1083,2946,5006,10000,0
A5 54 18 35 05 64 0E 36 04 82 0B 8E 13 10 27 00 00 00 54  TEL,13592,S5,3684,1078,2946,5006,10000,0
A5 54 19 35 05 26 0E 34 04 82 0B 8E 13 10 27 00 00 00 BC  TEL,13593,S5,3622,1076,2946,5006,10000,0
A5 54 1A 35 05 07 0E 33 04 82 0B 8E 13 10 27 00 00 00 8D  TEL,13594,S5,3591,1075,2946,5006,10000,0
A5 54 1B 35 05 E8 0D 32 04 82 0B 8E 13 10 27 00 00 00 DA  TEL,13595,S5,3560,1074,2946,5006,10000,0
A5 54 1C 35 05 26 0E 34 04 82 0B 8E 13 10 27 00 00 00 B6  TEL,13596,S5,3622,1076,2946,5006,10000,0
A5 54 1D 35 05 64 0E 36 04 82 0B 8E 13 10 27 00 00 00 5E  TEL,13597,S5,3684,1078,2946,5006,10000,0
A5 54 1E 35 05 07 0E 33 04 82 0B 8E 13 10 27 00 00 00 85  TEL,13598,S5,3591,1075,2946,5006,10000,0
A5 54 1F 35 05 64 0E 36 04 82 0B 8E 13 10 27 00 00 00 5A  TEL,13599,S5,3684,1078,2946,5006,10000,0
A5 54 20 35 05 64 0E 36 04 82 0B 8E 13 10 27 00 00 00 24  TEL,13600,S5,3684,1078,2946,5006,10000,0
A5 54 21 35 05 26 0E 34 04 82 0B 8E 13 10 27 00 00 00 CC  TEL,13601,S5,3622,1076,2946,5006,10000,0
A5 54 22 35 05 45 0E 35 04 82 0B 8E 13 10 27 00 00 00 6B  TEL,13602,S5,3653,1077,2946,5006,10000,0
A5 54 23 35 05 07 0E 33 04 82 0B 8E 13 10 27 00 00 00 FF  TEL,13603,S5,3591,1075,2946,5006,10000,0
A5 54 24 35 05 45 0E 35 04 82 0B 8E 13 10 27 00 00 00 67  TEL,13604,S5,3653,1077,2946,5006,10000,0
A5 54 25 35 05 26 0E 34 04 82 0B 8E 13 10 27 00 00 00 C4  TEL,13605,S5,3622,1076,2946,5006,10000,0
A5 54 26 35 05 64 0E 36 04 82 0B 8E 13 10 27 00 00 00 28  TEL,13606,S5,3684,1078,2946,5006,10000,0
A5 54 27 35 05 07 0E 33 04 82 0B 8E 13 10 27 00 00 00 F7  TEL,13607,S5,3591,1075,2946,5006,10000,0
A5 54 28 35 05 26 0E 34 04 82 0B 8E 13 10 27 00 00 00 DE  TEL,13608,S5,3622,1076,2946,5006,10000,0
A5 54 29 35 05 45 0E 35 04 82 0B 8E 13 10 27 00 00 00 7D  TEL,13609,S5,3653,1077,2946,5006,10000,0
A5 54 2A 35 05 45 0E 35 04 82 0B 8E 13 10 27 00 00 00 7B  TEL,13610,S5,3653,1077,2946,5006,10000,0
A5 54 2B 35 05 45 0E 35 04 82 0B 8E 13 10 27 00 00 00 79  TEL,13611,S5,3653,1077,2946,5006,10000,0
A5 54 2C 35 05 26 0E 34 04 82 0B 8E 13 10 27 00 00 00 D6  TEL,13612,S5,3622,1076,2946,5006,10000,0
A5 54 2D 35 05 45 0E 35 04 82 0B 8F 13 10 27 00 00 00 AA  TEL,13613,S5,3653,1077,2946,5007,10000,0
A5 54 2E 35 05 64 0E 36 04 82 0B 8E 13 10 27 00 00 00 38  TEL,13614,S5,3684,1078,2946,5006,10000,0
A5 54 2F 35 05 A3 0E 38 04 82 0B 8E 13 10 27 00 00 00 6F  TEL,13615,S5,3747,1080,2946,5006,10000,0
A5 54 30 35 05 64 0E 36 04 82 0B 8E 13 10 27 00 00 00 04  TEL,13616,S5,3684,1078,2946,5006,10000,0
A5 54 31 35 05 64 0E 36 04 82 0B 8E 13 10 27 00 00 00 06  TEL,13617,S5,3684,1078,2946,5006,10000,0
A5 54 32 35 05 45 0E 35 04 82 0B 8E 13 10 27 00 00 00 4B  TEL,13618,S5,3653,1077,2946,5006,10000,0
A5 54 33 35 05 C2 0E 39 04 82 0B 8E 13 10 27 00 00 00 D9  TEL,13619,S5,3778,1081,2946,5006,10000,0
A5 54 34 35 05 26 0E 34 04 82 0B 8E 13 10 27 00 00 00 E6  TEL,13620,S5,3622,1076,2946,5006,10000,0
A5 54 35 35 05 A3 0E 38 04 82 0B 8E 13 10 27 00 00 00 5B  TEL,13621,S5,3747,1080,2946,5006,10000,0
A5 54 36 35 05 07 0E 33 04 82 0B 8E 13 10 27 00 00 00 D5  TEL,13622,S5,3591,1075,2946,5006,10000,0
A5 54 37 35 05 E1 0E 3B 04 82 0B 8E 13 10 27 00 00 00 AA  TEL,13623,S5,3809,1083,2946,5006,10000,0
A5 54 38 35 05 26 0E 34 04 82 0B 8E 13 10 27 00 00 00 FE  TEL,13624,S5,3622,1076,2946,5006,10000,0
A5 54 39 35 05 A3 0E 38 04 82 0B 8E 13 10 27 00 00 00 43  TEL,13625,S5,3747,1080,2946,5006,10000,0
A5 54 3A 35 05 07 0E 33 04 82 0B 8E 13 10 27 00 00 00 CD  TEL,13626,S5,3591,1075,2946,5006,10000,0
A5 54 3B 35 05 45 0E 35 04 82 0B 8E 13 10 27 00 00 00 59  TEL,13627,S5,3653,1077,2946,5006,10000,0
A5 54 3C 35 05 A3 0E 38 04 82 0B 8E 13 10 27 00 00 00 49  TEL,13628,S5,3747,1080,2946,5006,10000,0
A5 54 3D 35 05 45 0E 35 04 82 0B 8E 13 10 27 00 00 00 55  TEL,13629,S5,3653,1077,2946,5006,10000,0
A5 54 3E 35 05 45 0E 35 04 82 0B 8E 13 10 27 00 00 00 53  TEL,13630,S5,3653,1077,2946,5006,10000,0
A5 54 3F 35 05 AA 0D 2F 04 82 0B 8E 13 10 27 00 00 00 2A  TEL,13631,S5,3498,1071,2946,5006,10000,0
A5 54 40 35 05 26 0E 34 04 82 0B 8E 13 10 27 00 00 00 0E  TEL,13632,S5,3622,1076,2946,5006,10000,0
A5 54 41 35 05 45 0E 35 04 82 0B 8E 13 10 27 00 00 00 AD  TEL,13633,S5,3653,1077,2946,5006,10000,0
A5 54 42 35 05 64 0E 36 04 82 0B 8E 13 10 27 00 00 00 E0  TEL,13634,S5,3684,1078,2946,5006,10000,0
A5 54 43 35 05 07 0E 33 04 82 0B 8E 13 10 27 00 00 00 3F  TEL,13635,S5,3591,1075,2946,5006,10000,0
A5 54 44 35 05 26 0E 34 04 82 0B 8E 13 10 27 00 00 00 06  TEL,13636,S5,3622,1076,2946,5006,10000,0
A5 54 45 35 05 A3 0E 38 04 82 0B 8E 13 10 27 00 00 00 BB  TEL,13637,S5,3747,1080,2946,5006,10000,0
A5 54 46 35 05 64 0E 36 04 82 0B 8E 13 10 27 00 00 00 E8  TEL,13638,S5,3684,1078,2946,5006,10000,0
A5 54 47 35 05 07 0E 33 04 82 0B 8E 13 10 27 00 00 00 37  TEL,13639,S5,3591,1075,2946,5006,10000,0
A5 54 48 35 05 45 0E 35 04 82 0B 8E 13 10 27 00 00 00 BF  TEL,13640,S5,3653,1077,2946,5006,10000,0
A5 54 49 35 05 45 0E 35 04 82 0B 8E 13 10 27 00 00 00 BD  TEL,13641,S5,3653,1077,2946,5006,10000,0
A5 54 4A 35 05 07 0E 33 04 82 0B 8E 13 10 27 00 00 00 2D  TEL,13642,S5,3591,1075,2946,5006,10000,0
A5 54 4B 35 05 07 0E 33 04 82 0B 8E 13 10 27 00 00 00 2F  TEL,13643,S5,3591,1075,2946,5006,10000,0
A5 54 4C 35 05 26 0E 34 04 82 0B 8E 13 10 27 00 00 00 16  TEL,13644,S5,3622,1076,2946,5006,10000,0
A5 42 51 00 05 4D 35 26 41 5E 0D 3E 41 5E 0D 40 41 5E 0D 24  BTN,81,S5,PRESSED,13645,224280870,224280894,224280896
A5 54 4E 35 05 26 0E 34 04 82 0B DC 13 10 27 00 00 01 3A  TEL,13646,S5,3622,1076,2946,5084,10000,1
A5 54 4F 35 05 64 0E 36 04 82 0B 8E 13 10 27 00 00 00 FA  TEL,13647,S5,3684,1078,2946,5006,10000,0
A5 54 50 35 05 45 0E 35 04 82 0B 8E 13 10 27 00 00 00 8F  TEL,13648,S5,3653,1077,2946,5006,10000,0
A5 54 51 35 05 64 0E 36 04 82 0B 8E 13 10 27 00 00 00 C6  TEL,13649,S5,3684,1078,2946,5006,10000,0
A5 54 52 35 05 45 0E 35 04 82 0B 8E 13 10 27 00 00 00 8B  TEL,13650,S5,3653,1077,2946,5006,10000,0
A5 54 53 35 05 83 0E 37 04 82 0B 8E 13 10 27 00 00 00 CC  TEL,13651,S5,3715,1079,2946,5006,10000,0
A5 54 54 35 05 07 0E 33 04 82 0B 8E 13 10 27 00 00 00 11  TEL,13652,S5,3591,1075,2946,5006,10000,0
A5 54 55 35 05 64 0E 36 04 82 0B 8E 13 10 27 00 00 00 CE  TEL,13653,S5,3684,1078,2946,5006,10000,0
A5 54 56 35 05 A3 0E 38 04 82 0B 8E 13 10 27 00 00 00 9D  TEL,13654,S5,3747,1080,2946,5006,10000,0
A5 54 57 35 05 07 0E 33 04 82 0B 8E 13 10 27 00 00 00 17  TEL,13655,S5,3591,1075,2946,5006,10000,0
A5 54 58 35 05 83 0E 37 04 82 0B 8E 13 10 27 00 00 00 DA  TEL,13656,S5,3715,1079,2946,5006,10000,0
A5 54 59 35 05 26 0E 34 04 82 0B 8E 13 10 27 00 00 00 3C  TEL,13657,S5,3622,1076,2946,5006,10000,0
A5 54 5A 35 05 45 0E 35 04 82 0B 8E 13 10 27 00 00 00 9B  TEL,13658,S5,3653,1077,2946,5006,10000,0
A5 54 5B 35 05 64 0E 36 04 82 0B 8E 13 10 27 00 00 00 D2  TEL,13659,S5,3684,1078,2946,5006,10000,0
A5 54 5C 35 05 07 0E 33 04 82 0B 8E 13 10 27 00 00 00 01  TEL,13660,S5,3591,1075,2946,5006,10000,0
A5 54 5D 35 05 64 0E 36 04 82 0B 8E 13 10 27 00 00 00 DE  TEL,13661,S5,3684,1078,2946,5006,10000,0
A5 54 5E 35 05 45 0E 35 04 82 0B 92 13 10 27 00 00 00 DF  TEL,13662,S5,3653,1077,2946,5010,10000,0
A5 54 5F 35 05 45 0E 35 04 82 0B 8E 13 10 27 00 00 00 91  TEL,13663,S5,3653,1077,2946,5006,10000,0
A5 54 60 35 05 26 0E 34 04 82 0B 8E 13 10 27 00 00 00 4E  TEL,13664,S5,3622,1076,2946,5006,10000,0
A5 54 61 35 05 A3 0E 38 04 82 0B 8E 13 10 27 00 00 00 F3  TEL,13665,S5,3747,1080,2946,5006,10000,0
A5 54 62 35 05 64 0E 36 04 82 0B 8E 13 10 27 00 00 00 A0  TEL,13666,S5,3684,1078,2946,5006,10000,0
A5 54 63 35 05 45 0E 35 04 82 0B 8E 13 10 27 00 00 00 E9  TEL,13667,S5,3653,1077,2946,5006,10000,0
A5 54 64 35 05 E8 0D 32 04 82 0B 8E 13 10 27 00 00 00 24  TEL,13668,S5,3560,1074,2946,5006,10000,0
A5 54 65 35 05 64 0E 36 04 82 0B 8E 13 10 27 00 00 00 AE  TEL,13669,S5,3684,1078,2946,5006,10000,0
A5 54 66 35 05 A3 0E 38 04 82 0B 8E 13 10 27 00 00 00 FD  TEL,13670,S5,3747,1080,2946,5006,10000,0
A5 54 67 35 05 45 0E 35 04 82 0B 8E 13 10 27 00 00 00 E1  TEL,13671,S5,3653,1077,2946,5006,10000,0
A5 54 68 35 05 45 0E 35 04 82 0B 8E 13 10 27 00 00 00 FF  TEL,13672,S5,3653,1077,2946,5006,10000,0
A5 54 69 35 05 45 0E 35 04 82 0B 8E 13 10 27 00 00 00 FD  TEL,13673,S5,3653,1077,2946,5006,10000,0
A5 54 6A 35 05 45 0E 35 04 82 0B 8E 13 10 27 00 00 00 FB  TEL,13674,S5,3653,1077,2946,5006,10000,0
A5 54 6B 35 05 83 0E 37 04 82 0B 8E 13 10 27 00 00 00 BC  TEL,13675,S5,3715,1079,2946,5006,10000,0
A5 54 6C 35 05 07 0E 33 04 82 0B 8E 13 10 27 00 00 00 61  TEL,13676,S5,3591,1075,2946,5006,10000,0
A5 54 6D 35 05 26 0E 34 04 82 0B 8E 13 10 27 00 00 00 54  TEL,13677,S5,3622,1076,2946,5006,10000,0
A5 54 6E 35 05 A3 0E 38 04 82 0B 8E 13 10 27 00 00 00 ED  TEL,13678,S5,3747,1080,2946,5006,10000,0
A5 54 6F 35 05 45 0E 35 04 82 0B 8E 13 10 27 00 00 00 F1  TEL,13679,S5,3653,1077,2946,5006,10000,0
A5 54 70 35 05 83 0E 37 04 82 0B 8E 13 10 27 00 00 00 8A  TEL,13680,S5,3715,1079,2946,5006,10000,0
A5 54 71 35 05 E8 0D 32 04 82 0B 8E 13 10 27 00 00 00 0E  TEL,13681,S5,3560,1074,2946,5006,10000,0
A5 54 72 35 05 A3 0E 38 04 82 0B 8E 13 10 27 00 00 00 D5  TEL,13682,S5,3747,1080,2946,5006,10000,0
A5 54 73 35 05 64 0E 36 04 82 0B 8E 13 10 27 00 00 00 82  TEL,13683,S5,3684,1078,2946,5006,10000,0
A5 54 74 35 05 64 0E 36 04 82 0B 8E 13 10 27 00 00 00 8C  TEL,13684,S5,3684,1078,2946,5006,10000,0
A5 54 75 35 05 26 0E 34 04 82 0B 8E 13 10 27 00 00 00 64  TEL,13685,S5,3622,1076,2946,5006,10000,0
A5 54 76 35 05 A3 0E 38 04 82 0B 8E 13 10 27 00 00 00 DD  TEL,13686,S5,3747,1080,2946,5006,10000,0
A5 54 77 35 05 26 0E 34 04 82 0B 8E 13 10 27 00 00 00 60  TEL,13687,S5,3622,1076,2946,5006,10000,0
A5 54 78 35 05 64 0E 36 04 82 0B 8E 13 10 27 00 00 00 94  TEL,13688,S5,3684,1078,2946,5006,10000,0
A5 54 79 35 05 26 0E 34 04 82 0B 8E 13 10 27 00 00 00 7C  TEL,13689,S5,3622,1076,2946,5006,10000,0
A5 54 7A 35 05 83 0E 37 04 82 0B 8F 13 10 27 00 00 00 41  TEL,13690,S5,3715,1079,2946,5007,10000,0
A5 54 7B 35 05 64 0E 36 04 82 0B 8E 13 10 27 00 00 00 92  TEL,13691,S5,3684,1078,2946,5006,10000,0
A5 54 7C 35 05 07 0E 33 04 82 0B 8E 13 10 27 00 00 00 41  TEL,13692,S5,3591,1075,2946,5006,10000,0
A5 54 7D 35 05 C2 0E 39 04 82 0B 8E 13 10 27 00 00 00 45  TEL,13693,S5,3778,1081,2946,5006,10000,0
A5 54 7E 35 05 A3 0E 38 04 82 0B 8E 13 10 27 00 00 00 CD  TEL,13694,S5,3747,1080,2946,5006,10000,0
A5 54 7F 35 05 45 0E 35 04 82 0B 8E 13 10 27 00 00 00 D1  TEL,13695,S5,3653,1077,2946,5006,10000,0
A5 54 80 35 05 64 0E 36 04 82 0B 8E 13 10 27 00 00 00 63  TEL,13696,S5,3684,1078,2946,5006,10000,0
A5 54 81 35 05 64 0E 36 04 82 0B 8E 13 10 27 00 00 00 61  TEL,13697,S5,3684,1078,2946,5006,10000,0
A5 54 82 35 05 A3 0E 38 04 82 0B 8E 13 10 27 00 00 00 32  TEL,13698,S5,3747,1080,2946,5006,10000,0
A5 54 83 35 05 07 0E 33 04 82 0B 8E 13 10 27 00 00 00 B8  TEL,13699,S5,3591,1075,2946,5006,10000,0
A5 54 84 35 05 07 0E 33 04 82 0B 8E 13 10 27 00 00 00 B6  TEL,13700,S5,3591,1075,2946,5006,10000,0
A5 54 85 35 05 26 0E 34 04 82 0B 8E 13 10 27 00 00 00 83  TEL,13701,S5,3622,1076,2946,5006,10000,0
A5 54 86 35 05 45 0E 35 04 82 0B 8E 13 10 27 00 00 00 24  TEL,13702,S5,3653,1077,2946,5006,10000,0
A5 54 87 35 05 45 0E 35 04 82 0B 8E 13 10 27 00 00 00 26  TEL,13703,S5,3653,1077,2946,5006,10000,0
A5 54 88 35 05 64 0E 36 04 82 0B 8E 13 10 27 00 00 00 73  TEL,13704,S5,3684,1078,2946,5006,10000,0
A5 54 89 35 05 64 0E 36 04 82 0B 8E 13 10 27 00 00 00 71  TEL,13705,S5,3684,1078,2946,5006,10000,0
A5 54 8A 35 05 45 0E 35 04 82 0B 8E 13 10 27 00 00 00 3C  TEL,13706,S5,3653,1077,2946,5006,10000,0
A5 54 8B 35 05 64 0E 36 04 82 0B 8E 13 10 27 00 00 00 75  TEL,13707,S5,3684,1078,2946,5006,10000,0
A5 54 8C 35 05 45 0E 35 04 82 0B 8E 13 10 27 00 00 00 30  TEL,13708,S5,3653,1077,2946,5006,10000,0
A5 54 8D 35 05 26 0E 34 04 82 0B 8E 13 10 27 00 00 00 93  TEL,13709,S5,3622,1076,2946,5006,10000,0
A5 54 8E 35 05 A3 0E 38 04 82 0B 8E 13 10 27 00 00 00 2A  TEL,13710,S5,3747,1080,2946,5006,10000,0
A5 54 8F 35 05 64 0E 36 04 82 0B 8E 13 10 27 00 00 00 7D  TEL,13711,S5,3684,1078,2946,5006,10000,0
A5 54 90 35 05 45 0E 35 04 82 0B 8E 13 10 27 00 00 00 08  TEL,13712,S5,3653,1077,2946,5006,10000,0
A5 54 91 35 05 26 0E 34 04 82 0B 8E 13 10 27 00 00 00 AB  TEL,13713,S5,3622,1076,2946,5006,10000,0
A5 54 92 35 05 C2 0E 3A 04 82 0B 8E 13 10 27 00 00 00 BD  TEL,13714,S5,3778,1082,2946,5006,10000,0
A5 54 93 35 05 07 0E 33 04 82 0B 8E 13 10 27 00 00 00 98  TEL,13715,S5,3591,1075,2946,5006,10000,0
A5 54 94 35 05 26 0E 34 04 82 0B 8E 13 10 27 00 00 00 A1  TEL,13716,S5,3622,1076,2946,5006,10000,0
A5 54 95 35 05 A3 0E 38 04 82 0B 8E 13 10 27 00 00 00 1C  TEL,13717,S5,3747,1080,2946,5006,10000,0
A5 54 96 35 05 45 0E 35 04 82 0B 8E 13 10 27 00 00 00 04  TEL,13718,S5,3653,1077,2946,5006,10000,0
A5 54 97 35 05 45 0E 35 04 82 0B 8E 13 10 27 00 00 00 06  TEL,13719,S5,3653,1077,2946,5006,10000,0
A5 54 98 35 05 45 0E 35 04 82 0B 8E 13 10 27 00 00 00 18  TEL,13720,S5,3653,1077,2946,5006,10000,0
A5 54 99 35 05 83 0E 37 04 82 0B 8E 13 10 27 00 00 00 5F  TEL,13721,S5,3715,1079,2946,5006,10000,0
A5 54 9A 35 05 A3 0E 38 04 82 0B 8E 13 10 27 00 00 00 02  TEL,13722,S5,3747,1080,2946,5006,10000,0
A5 54 9B 35 05 A3 0E 38 04 82 0B 8E 13 10 27 00 00 00 00  TEL,13723,S5,3747,1080,2946,5006,10000,0
A5 54 9C 35 05 C2 0E 39 04 82 0B 8E 13 10 27 00 00 00 80  TEL,13724,S5,3778,1081,2946,5006,10000,0
A5 54 9D 35 05 45 0E 35 04 82 0B 8E 13 10 27 00 00 00 12  TEL,13725,S5,3653,1077,2946,5006,10000,0
A5 54 9E 35 05 A3 0E 38 04 82 0B 8E 13 10 27 00 00 00 0A  TEL,13726,S5,3747,1080,2946,5006,10000,0
A5 54 9F 35 05 64 0E 36 04 82 0B 8E 13 10 27 00 00 00 5D  TEL,13727,S5,3684,1078,2946,5006,10000,0
A5 54 A0 35 05 45 0E 35 04 82 0B 8E 13 10 27 00 00 00 68  TEL,13728,S5,3653,1077,2946,5006,10000,0
A5 54 A1 35 05 E8 0D 32 04 82 0B 8E 13 10 27 00 00 00 A9  TEL,13729,S5,3560,1074,2946,5006,10000,0
A5 54 A2 35 05 A3 0E 38 04 82 0B 8E 13 10 27 00 00 00 72  TEL,13730,S5,3747,1080,2946,5006,10000,0
A5 54 A3 35 05 45 0E 35 04 82 0B 8E 13 10 27 00 00 00 6E  TEL,13731,S5,3653,1077,2946,5006,10000,0
A5 54 A4 35 05 45 0E 35 04 82 0B 8E 13 10 27 00 00 00 60  TEL,13732,S5,3653,1077,2946,5006,10000,0
A5 54 A5 35 05 45 0E 35 04 82 0B 8E 13 10 27 00 00 00 62  TEL,13733,S5,3653,1077,2946,5006,10000,0
A5 54 A6 35 05 A3 0E 38 04 82 0B 8E 13 10 27 00 00 00 7A  TEL,13734,S5,3747,1080,2946,5006,10000,0
A5 54 A7 35 05 45 0E 35 04 82 0B 8E 13 10 27 00 00 00 66  TEL,13735,S5,3653,1077,2946,5006,10000,0
A5 54 A8 35 05 45 0E 35 04 82 0B 8E 13 10 27 00 00 00 78  TEL,13736,S5,3653,1077,2946,5006,10000,0
A5 54 A9 35 05 A3 0E 38 04 82 0B 8E 13 10 27 00 00 00 64  TEL,13737,S5,3747,1080,2946,5006,10000,0
A5 54 AA 35 05 83 0E 37 04 82 0B 8E 13 10 27 00 00 00 39  TEL,13738,S5,3715,1079,2946,5006,10000,0
A5 54 AB 35 05 45 0E 35 04 82 0B 8E 13 10 27 00 00 00 7E  TEL,13739,S5,3653,1077,2946,5006,10000,0
A5 54 AC 35 05 64 0E 36 04 82 0B 8E 13 10 27 00 00 00 3B  TEL,13740,S5,3684,1078,2946,5006,10000,0
A5 54 AD 35 05 64 0E 36 04 82 0B 8E 13 11 27 00 00 00 5B  TEL,13741,S5,3684,1078,2946,5006,10001,0
A5 54 AE 35 05 45 0E 35 04 82 0B 8E 13 0F 27 00 00 00 76  TEL,13742,S5,3653,1077,2946,5006,9999,0
A5 54 AF 35 05 45 0E 35 04 82 0B 8E 13 10 27 00 00 00 76  TEL,13743,S5,3653,1077,2946,5006,10000,0
A5 54 B0 35 05 64 0E 36 04 82 0B 8E 13 10 27 00 00 00 03  TEL,13744,S5,3684,1078,2946,5006,10000,0
A5 54 B1 35 05 07 0E 33 04 82 0B 8E 13 10 27 00 00 00 DC  TEL,13745,S5,3591,1075,2946,5006,10000,0
A5 54 B2 35 05 45 0E 35 04 82 0B 8E 13 10 27 00 00 00 4C  TEL,13746,S5,3653,1077,2946,5006,10000,0
A5 54 B3 35 05 45 0E 35 04 82 0B 8E 13 10 27 00 00 00 4E  TEL,13747,S5,3653,1077,2946,5006,10000,0
A5 54 B4 35 05 64 0E 36 04 82 0B 8E 13 10 27 00 00 00 0B  TEL,13748,S5,3684,1078,2946,5006,10000,0
A5 54 B5 35 05 26 0E 34 04 82 0B 8E 13 10 27 00 00 00 E3  TEL,13749,S5,3622,1076,2946,5006,10000,0
A5 54 B6 35 05 45 0E 35 04 82 0B 8E 13 10 27 00 00 00 44  TEL,13750,S5,3653,1077,2946,5006,10000,0
A5 54 B7 35 05 26 0E 34 04 82 0B 8E 13 10 27 00 00 00 E7  TEL,13751,S5,3622,1076,2946,5006,10000,0
A5 54 B8 35 05 45 0E 35 04 82 0B 8E 13 10 27 00 00 00 58  TEL,13752,S5,3653,1077,2946,5006,10000,0
A5 54 B9 35 05 A3 0E 38 04 82 0B 8E 13 10 27 00 00 00 44  TEL,13753,S5,3747,1080,2946,5006,10000,0
A5 54 BA 35 05 A3 0E 38 04 82 0B 8E 13 10 27 00 00 00 42  TEL,13754,S5,3747,1080,2946,5006,10000,0
A5 54 BB 35 05 64 0E 36 04 82 0B 8E 13 10 27 00 00 00 15  TEL,13755,S5,3684,1078,2946,5006,10000,0
A5 54 BC 35 05 64 0E 36 04 82 0B 8E 13 10 27 00 00 00 1B  TEL,13756,S5,3684,1078,2946,5006,10000,0
A5 54 BD 35 05 C9 0D 30 04 82 0B 8E 13 10 27 00 00 00 C5  TEL,13757,S5,3529,1072,2946,5006,10000,0
A5 54 BE 35 05 45 0E 35 04 82 0B 8E 13 10 27 00 00 00 54  TEL,13758,S5,3653,1077,2946,5006,10000,0
A5 54 BF 35 05 45 0E 35 04 82 0B 8E 13 10 27 00 00 00 56  TEL,13759,S5,3653,1077,2946,5006,10000,0
A5 54 C0 35 05 07 0E 33 04 82 0B 8E 13 10 27 00 00 00 3E  TEL,13760,S5,3591,1075,2946,5006,10000,0
A5 54 C1 35 05 64 0E 36 04 82 0B 8E 13 10 27 00 00 00 E1  TEL,13761,S5,3684,1078,2946,5006,10000,0
A5 54 C2 35 05 A3 0E 38 04 82 0B 8E 13 10 27 00 00 00 B2  TEL,13762,S5,3747,1080,2946,5006,10000,0
A5 54 C3 35 05 64 0E 36 04 82 0B 8E 13 10 27 00 00 00 E5  TEL,13763,S5,3684,1078,2946,5006,10000,0
A5 54 C4 35 05 07 0E 33 04 82 0B 8E 13 10 27 00 00 00 36  TEL,13764,S5,3591,1075,2946,5006,10000,0
A5 54 C5 35 05 45 0E 35 04 82 0B 8E 13 10 27 00 00 00 A2  TEL,13765,S5,3653,1077,2946,5006,10000,0
A5 42 52 00 05 C6 35 6E 8E 70 0D 86 8E 70 0D 88 8E 70 0D 9B  BTN,82,S5,PRESSED,13766,225480302,225480326,225480328
A5 54 C7 35 05 45 0E 35 04 82 0B DA 13 10 27 00 00 00 45  TEL,13767,S5,3653,1077,2946,5082,10000,0
A5 54 C8 35 05 64 0E 36 04 82 0B 8E 13 10 27 00 00 00 F3  TEL,13768,S5,3684,1078,2946,5006,10000,0
A5 54 C9 35 05 26 0E 34 04 82 0B 8E 13 10 27 00 00 00 1B  TEL,13769,S5,3622,1076,2946,5006,10000,0
A5 54 CA 35 05 64 0E 36 04 82 0B 8E 13 10 27 00 00 00 F7  TEL,13770,S5,3684,1078,2946,5006,10000,0
A5 54 CB 35 05 26 0E 34 04 82 0B 8E 13 10 27 00 00 00 1F  TEL,13771,S5,3622,1076,2946,5006,10000,0
A5 54 CC 35 05 64 0E 36 04 82 0B 8E 13 10 27 00 00 00 FB  TEL,13772,S5,3684,1078,2946,5006,10000,0
A5 54 CD 35 05 45 0E 35 04 82 0B 8E 13 10 27 00 00 00 B2  TEL,13773,S5,3653,1077,2946,5006,10000,0
A5 54 CE 35 05 07 0E 33 04 82 0B 8E 13 10 27 00 00 00 22  TEL,13774,S5,3591,1075,2946,5006,10000,0
A5 54 CF 35 05 07 0E 33 04 82 0B 8E 13 10 27 00 00 00 20  TEL,13775,S5,3591,1075,2946,5006,10000,0
A5 54 D0 35 05 AA 0D 2F 04 82 0B 8E 13 10 27 00 00 00 F3  TEL,13776,S5,3498,1071,2946,5006,10000,0
A5 54 D1 35 05 64 0E 36 04 82 0B 8E 13 10 27 00 00 00 C1  TEL,13777,S5,3684,1078,2946,5006,10000,0
A5 54 D2 35 05 26 0E 34 04 82 0B 8E 13 10 27 00 00 00 2D  TEL,13778,S5,3622,1076,2946,5006,10000,0
A5 54 D3 35 05 07 0E 33 04 82 0B 8E 13 10 27 00 00 00 18  TEL,13779,S5,3591,1075,2946,5006,10000,0
A5 54 D4 35 05 45 0E 35 04 82 0B 8E 13 10 27 00 00 00 80  TEL,13780,S5,3653,1077,2946,5006,10000,0
A5 54 D5 35 05 A3 0E 38 04 82 0B 8E 13 10 27 00 00 00 9C  TEL,13781,S5,3747,1080,2946,5006,10000,0
A5 54 D6 35 05 45 0E 35 04 82 0B 8E 13 10 27 00 00 00 84  TEL,13782,S5,3653,1077,2946,5006,10000,0
A5 54 D7 35 05 07 0E 33 04 82 0B 8E 13 10 27 00 00 00 10  TEL,13783,S5,3591,1075,2946,5006,10000,0
A5 54 D8 35 05 64 0E 36 04 82 0B 8E 13 10 27 00 00 00 D3  TEL,13784,S5,3684,1078,2946,5006,10000,0
A5 54 D9 35 05 A3 0E 38 04 82 0B 8E 13 10 27 00 00 00 84  TEL,13785,S5,3747,1080,2946,5006,10000,0
A5 54 DA 35 05 26 0E 34 04 82 0B 8E 13 10 27 00 00 00 3D  TEL,13786,S5,3622,1076,2946,5006,10000,0
A5 54 DB 35 05 E8 0D 32 04 82 0B 8E 13 10 27 00 00 00 5D  TEL,13787,S5,3560,1074,2946,5006,10000,0
A5 54 DC 35 05 26 0E 34 04 82 0B 8E 13 10 27 00 00 00 31  TEL,13788,S5,3622,1076,2946,5006,10000,0
A5 54 DD 35 05 A3 0E 38 04 82 0B 8E 13 10 27 00 00 00 8C  TEL,13789,S5,3747,1080,2946,5006,10000,0
A5 54 DE 35 05 64 0E 36 04 82 0B 8E 13 10 27 00 00 00 DF  TEL,13790,S5,3684,1078,2946,5006,10000,0
A5 54 DF 35 05 45 0E 35 04 82 0B 8E 13 10 27 00 00 00 96  TEL,13791,S5,3653,1077,2946,5006,10000,0
A5 54 E0 35 05 64 0E 36 04 82 0B 8E 13 10 27 00 00 00 A3  TEL,13792,S5,3684,1078,2946,5006,10000,0
A5 54 E1 35 05 A3 0E 38 04 82 0B 8E 13 10 27 00 00 00 F4  TEL,13793,S5,3747,1080,2946,5006,10000,0
A5 54 E2 35 05 64 0E 36 04 82 0B 8E 13 10 27 00 00 00 A7  TEL,13794,S5,3684,1078,2946,5006,10000,0
A5 54 E3 35 05 07 0E 33 04 82 0B 8E 13 10 27 00 00 00 78  TEL,13795,S5,3591,1075,2946,5006,10000,0
A5 54 E4 35 05 26 0E 34 04 82 0B 8E 13 10 27 00 00 00 41  TEL,13796,S5,3622,1076,2946,5006,10000,0
A5 54 E5 35 05 64 0E 36 04 82 0B 8E 13 10 27 00 00 00 A9  TEL,13797,S5,3684,1078,2946,5006,10000,0
A5 54 E6 35 05 83 0E 37 04 82 0B 8E 13 10 27 00 00 00 A1  TEL,13798,S5,3715,1079,2946,5006,10000,0
A5 54 E7 35 05 C9 0D 31 04 82 0B 8E 13 10 27 00 00 00 6E  TEL,13799,S5,3529,1073,2946,5006,10000,0
A5 54 E8 35 05 E8 0D 32 04 82 0B 8E 13 10 27 00 00 00 3B  TEL,13800,S5,3560,1074,2946,5006,10000,0
A5 54 E9 35 05 83 0E 37 04 82 0B 8E 13 10 27 00 00 00 BF  TEL,13801,S5,3715,1079,2946,5006,10000,0
A5 54 EA 35 05 07 0E 33 04 82 0B 8E 13 10 27 00 00 00 6A  TEL,13802,S5,3591,1075,2946,5006,10000,0
A5 54 EB 35 05 26 0E 34 04 82 0B 8E 13 10 27 00 00 00 5F  TEL,13803,S5,3622,1076,2946,5006,10000,0
A5 54 EC 35 05 83 0E 37 04 82 0B 8E 13 10 27 00 00 00 B5  TEL,13804,S5,3715,1079,2946,5006,10000,0
A5 54 ED 35 05 83 0E 37 04 82 0B 8E 13 10 27 00 00 00 B7  TEL,13805,S5,3715,1079,2946,5006,10000,0
A5 54 EE 35 05 26 0E 34 04 82 0B 8E 13 10 27 00 00 00 55  TEL,13806,S5,3622,1076,2946,5006,10000,0
A5 54 EF 35 05 45 0E 35 04 82 0B 8E 13 10 27 00 00 00 F6  TEL,13807,S5,3653,1077,2946,5006,10000,0
A5 54 F0 35 05 45 0E 35 04 82 0B 8E 13 10 27 00 00 00 C8  TEL,13808,S5,3653,1077,2946,5006,10000,0
A5 54 F1 35 05 26 0E 34 04 82 0B 8E 13 10 27 00 00 00 6B  TEL,13809,S5,3622,1076,2946,5006,10000,0
A5 54 F2 35 05 45 0E 35 04 82 0B 8E 13 10 27 00 00 00 CC  TEL,13810,S5,3653,1077,2946,5006,10000,0
A5 54 F3 35 05 07 0E 33 04 82 0B 8E 13 10 27 00 00 00 58  TEL,13811,S5,3591,1075,2946,5006,10000,0
A5 54 F4 35 05 E8 0D 32 04 82 0B 8E 13 10 27 00 00 00 03  TEL,13812,S5,3560,1074,2946,5006,10000,0
A5 54 F5 35 05 45 0E 35 04 82 0B 8E 13 10 27 00 00 00 C2  TEL,13813,S5,3653,1077,2946,5006,10000,0
A5 54 F6 35 05 45 0E 35 04 82 0B 8E 13 10 27 00 00 00 C4  TEL,13814,S5,3653,1077,2946,5006,10000,0
A5 54 F7 35 05 64 0E 36 04 82 0B 8E 13 10 27 00 00 00 8D  TEL,13815,S5,3684,1078,2946,5006,10000,0
A5 54 F8 35 05 26 0E 34 04 82 0B 8E 13 10 27 00 00 00 79  TEL,13816,S5,3622,1076,2946,5006,10000,0
A5 54 F9 35 05 45 0E 35 04 82 0B 8F 13 10 27 00 00 00 05  TEL,13817,S5,3653,1077,2946,5007,10000,0
A5 54 FA 35 05 00 0F 3C 04 82 0B 8E 13 10 27 00 00 00 57  TEL,13818,S5,3840,1084,2946,5006,10000,0
A5 54 FB 35 05 83 0E 37 04 82 0B 8E 13 10 27 00 00 00 9B  TEL,13819,S5,3715,1079,2946,5006,10000,0
A5 54 FC 35 05 64 0E 36 04 82 0B 8E 13 10 27 00 00 00 9B  TEL,13820,S5,3684,1078,2946,5006,10000,0
A5 54 FD 35 05 A3 0E 38 04 82 0B 8E 13 10 27 00 00 00 CC  TEL,13821,S5,3747,1080,2946,5006,10000,0
A5 54 FE 35 05 45 0E 35 04 82 0B 8E 13 10 27 00 00 00 D4  TEL,13822,S5,3653,1077,2946,5006,10000,0
A5 54 FF 35 05 26 0E 34 04 82 0B 8E 13 10 27 00 00 00 77  TEL,13823,S5,3622,1076,2946,5006,10000,0
A5 54 00 36 05 26 0E 34 04 82 0B 8E 13 10 27 00 00 00 56  TEL,13824,S5,3622,1076,2946,5006,10000,0
A5 54 01 36 05 45 0E 35 04 82 0B 8E 13 10 27 00 00 00 F5  TEL,13825,S5,3653,1077,2946,5006,10000,0
A5 54 02 36 05 45 0E 35 04 82 0B 8E 13 10 27 00 00 00 F3  TEL,13826,S5,3653,1077,2946,5006,10000,0
A5 54 03 36 05 64 0E 36 04 82 0B 8E 13 10 27 00 00 00 BA  TEL,13827,S5,3684,1078,2946,5006,10000,0
A5 54 04 36 05 26 0E 34 04 82 0B 8E 13 10 27 00 00 00 5E  TEL,13828,S5,3622,1076,2946,5006,10000,0
A5 54 05 36 05 45 0E 35 04 82 0B 8E 13 10 27 00 00 00 FD  TEL,13829,S5,3653,1077,2946,5006,10000,0
A5 54 06 36 05 07 0E 33 04 82 0B 8E 13 10 27 00 00 00 6D  TEL,13830,S5,3591,1075,2946,5006,10000,0
A5 54 07 36 05 45 0E 35 04 82 0B 8E 13 10 27 00 00 00 F9  TEL,13831,S5,3653,1077,2946,5006,10000,0
A5 54 08 36 05 64 0E 36 04 82 0B 8E 13 10 27 00 00 00 AC  TEL,13832,S5,3684,1078,2946,5006,10000,0
A5 54 09 36 05 45 0E 35 04 82 0B 8E 13 10 27 00 00 00 E5  TEL,13833,S5,3653,1077,2946,5006,10000,0
A5 54 0A 36 05 07 0E 33 04 82 0B 8E 13 10 27 00 00 00 75  TEL,13834,S5,3591,1075,2946,5006,10000,0
A5 54 0B 36 05 26 0E 34 04 82 0B 8E 13 10 27 00 00 00 40  TEL,13835,S5,3622,1076,2946,5006,10000,0
A5 54 0C 36 05 45 0E 35 04 82 0B 8E 13 10 27 00 00 00 EF  TEL,13836,S5,3653,1077,2946,5006,10000,0
A5 54 0D 36 05 45 0E 35 04 82 0B 8E 13 10 27 00 00 00 ED  TEL,13837,S5,3653,1077,2946,5006,10000,0
A5 54 0E 36 05 07 0E 33 04 82 0B 8E 13 10 27 00 00 00 7D  TEL,13838,S5,3591,1075,2946,5006,10000,0
A5 54 0F 36 05 07 0E 33 04 82 0B 8E 13 10 27 00 00 00 7F  TEL,13839,S5,3591,1075,2946,5006,10000,0
A5 54 10 36 05 07 0E 33 04 82 0B 8E 13 10 27 00 00 00 41  TEL,13840,S5,3591,1075,2946,5006,10000,0
A5 54 11 36 05 26 0E 34 04 82 0B 8E 13 10 27 00 00 00 74  TEL,13841,S5,3622,1076,2946,5006,10000,0
A5 54 12 36 05 26 0E 34 04 82 0B 8E 13 11 27 00 00 00 10  TEL,13842,S5,3622,1076,2946,5006,10001,0
A5 54 13 36 05 07 0E 33 04 82 0B 8E 13 0F 27 00 00 00 45  TEL,13843,S5,3591,1075,2946,5006,9999,0
A5 54 14 36 05 A3 0E 38 04 82 0B 8E 13 10 27 00 00 00 C1  TEL,13844,S5,3747,1080,2946,5006,10000,0
A5 54 15 36 05 A3 0E 38 04 82 0B 8E 13 10 27 00 00 00 C3  TEL,13845,S5,3747,1080,2946,5006,10000,0
A5 54 16 36 05 26 0E 34 04 82 0B 8E 13 10 27 00 00 00 7A  TEL,13846,S5,3622,1076,2946,5006,10000,0
A5 54 17 36 05 45 0E 35 04 82 0B 8E 13 10 27 00 00 00 D9  TEL,13847,S5,3653,1077,2946,5006,10000,0
A5 54 18 36 05 45 0E 35 04 82 0B 8E 13 10 27 00 00 00 C7  TEL,13848,S5,3653,1077,2946,5006,10000,0
A5 54 19 36 05 A3 0E 38 04 82 0B 8E 13 10 27 00 00 00 DB  TEL,13849,S5,3747,1080,2946,5006,10000,0
A5 54 1A 36 05 45 0E 35 04 82 0B 8E 13 10 27 00 00 00 C3  TEL,13850,S5,3653,1077,2946,5006,10000,0
A5 54 1B 36 05 26 0E 34 04 82 0B 8E 13 10 27 00 00 00 60  TEL,13851,S5,3622,1076,2946,5006,10000,0
A5 54 1C 36 05 26 0E 34 04 82 0B 8E 13 10 27 00 00 00 6E  TEL,13852,S5,3622,1076,2946,5006,10000,0
A5 54 1D 36 05 A3 0E 38 04 82 0B 8E 13 10 27 00 00 00 D3  TEL,13853,S5,3747,1080,2946,5006,10000,0
A5 54 1E 36 05 64 0E 36 04 82 0B 8E 13 10 27 00 00 00 80  TEL,13854,S5,3684,1078,2946,5006,10000,0
A5 54 1F 36 05 45 0E 35 04 82 0B 8E 13 10 27 00 00 00 C9  TEL,13855,S5,3653,1077,2946,5006,10000,0
A5 54 20 36 05 26 0E 34 04 82 0B 8E 13 10 27 00 00 00 16  TEL,13856,S5,3622,1076,2946,5006,10000,0
A5 54 21 36 05 83 0E 37 04 82 0B 8E 13 10 27 00 00 00 F0  TEL,13857,S5,3715,1079,2946,5006,10000,0
A5 54 22 36 05 45 0E 35 04 82 0B 8E 13 10 27 00 00 00 B3  TEL,13858,S5,3653,1077,2946,5006,10000,0
A5 54 23 36 05 C2 0E 3A 04 82 0B 8E 13 10 27 00 00 00 00  TEL,13859,S5,3778,1082,2946,5006,10000,0
A5 54 24 36 05 64 0E 36 04 82 0B 8E 13 10 27 00 00 00 F4  TEL,13860,S5,3684,1078,2946,5006,10000,0
A5 54 25 36 05 45 0E 35 04 82 0B 8E 13 10 27 00 00 00 BD  TEL,13861,S5,3653,1077,2946,5006,10000,0
A5 54 26 36 05 26 0E 34 04 82 0B 8E 13 10 27 00 00 00 1A  TEL,13862,S5,3622,1076,2946,5006,10000,0
A5 54 27 36 05 C9 0D 31 04 82 0B 8E 13 10 27 00 00 00 31  TEL,13863,S5,3529,1073,2946,5006,10000,0
A5 54 28 36 05 E8 0D 32 04 82 0B 8E 13 10 27 00 00 00 64  TEL,13864,S5,3560,1074,2946,5006,10000,0
A5 54 29 36 05 A3 0E 38 04 82 0B 8E 13 10 27 00 00 00 BB  TEL,13865,S5,3747,1080,2946,5006,10000,0
A5 54 2A 36 05 07 0E 33 04 82 0B 8E 13 10 27 00 00 00 35  TEL,13866,S5,3591,1075,2946,5006,10000,0
A5 54 2B 36 05 07 0E 33 04 82 0B 8E 13 10 27 00 00 00 37  TEL,13867,S5,3591,1075,2946,5006,10000,0
A5 54 2C 36 05 26 0E 34 04 82 0B 8E 13 11 27 00 00 00 6C  TEL,13868,S5,3622,1076,2946,5006,10001,0
A5 54 2D 36 05 64 0E 36 04 82 0B 8E 13 0F 27 00 00 00 E4  TEL,13869,S5,3684,1078,2946,5006,9999,0
A5 42 53 00 05 2E 36 6A 55 80 0D 81 55 80 0D 84 55 80 0D 66  BTN,83,S5,PRESSED,13870,226514282,226514305,226514308
A5 54 2F 36 05 64 0E 36 04 82 0B DD 13 10 27 00 00 01 15  TEL,13871,S5,3684,1078,2946,5085,10000,1
A5 54 30 36 05 07 0E 33 04 82 0B 8E 13 10 27 00 00 00 01  TEL,13872,S5,3591,1075,2946,5006,10000,0
A5 54 31 36 05 26 0E 34 04 82 0B 8E 13 10 27 00 00 00 34  TEL,13873,S5,3622,1076,2946,5006,10000,0
A5 54 32 36 05 A3 0E 38 04 82 0B 8E 13 10 27 00 00 00 8D  TEL,13874,S5,3747,1080,2946,5006,10000,0
A5 54 33 36 05 45 0E 35 04 82 0B 8E 13 10 27 00 00 00 91  TEL,13875,S5,3653,1077,2946,5006,10000,0
A5 54 34 36 05 64 0E 36 04 82 0B 8E 13 10 27 00 00 00 D4  TEL,13876,S5,3684,1078,2946,5006,10000,0
A5 54 35 36 05 26 0E 34 04 82 0B 8E 13 10 27 00 00 00 3C  TEL,13877,S5,3622,1076,2946,5006,10000,0
A5 54 36 36 05 26 0E 34 04 82 0B 8E 13 10 27 00 00 00 3A  TEL,13878,S5,3622,1076,2946,5006,10000,0
A5 54 37 36 05 83 0E 37 04 82 0B 8E 13 10 27 00 00 00 DC  TEL,13879,S5,3715,1079,2946,5006,10000,0
A5 54 38 36 05 45 0E 35 04 82 0B 8E 13 10 27 00 00 00 87  TEL,13880,S5,3653,1077,2946,5006,10000,0
A5 54 39 36 05 C9 0D 31 04 82 0B 8E 13 10 27 00 00 00 0D  TEL,13881,S5,3529,1073,2946,5006,10000,0
A5 54 3A 36 05 64 0E 36 04 82 0B 8E 13 10 27 00 00 00 C8  TEL,13882,S5,3684,1078,2946,5006,10000,0
A5 54 3B 36 05 45 0E 35 04 82 0B 8E 13 10 27 00 00 00 81  TEL,13883,S5,3653,1077,2946,5006,10000,0
A5 54 3C 36 05 07 0E 33 04 82 0B 8E 13 10 27 00 00 00 19  TEL,13884,S5,3591,1075,2946,5006,10000,0
A5 54 3D 36 05 64 0E 36 04 82 0B 8E 13 10 27 00 00 00 C6  TEL,13885,S5,3684,1078,2946,5006,10000,0
A5 54 3E 36 05 83 0E 37 04 82 0B 8E 13 10 27 00 00 00 CE  TEL,13886,S5,3715,1079,2946,5006,10000,0
A5 54 3F 36 05 45 0E 35 04 82 0B 8E 13 10 27 00 00 00 89  TEL,13887,S5,3653,1077,2946,5006,10000,0
A5 54 40 36 05 07 0E 33 04 82 0B 8E 13 10 27 00 00 00 E1  TEL,13888,S5,3591,1075,2946,5006,10000,0
A5 54 41 36 05 45 0E 35 04 82 0B 8E 13 10 27 00 00 00 75  TEL,13889,S5,3653,1077,2946,5006,10000,0
A5 54 42 36 05 26 0E 34 04 82 0B 8E 13 10 27 00 00 00 D2  TEL,13890,S5,3622,1076,2946,5006,10000,0
A5 54 43 36 05 64 0E 36 04 82 0B 8E 13 10 27 00 00 00 3A  TEL,13891,S5,3684,1078,2946,5006,10000,0
A5 54 44 36 05 C9 0D 30 04 82 0B 8E 13 10 27 00 00 00 E8  TEL,13892,S5,3529,1072,2946,5006,10000,0
A5 54 45 36 05 45 0E 35 04 82 0B 8E 13 10 27 00 00 00 7D  TEL,13893,S5,3653,1077,2946,5006,10000,0
A5 54 46 36 05 07 0E 33 04 82 0B 8E 13 10 27 00 00 00 ED  TEL,13894,S5,3591,1075,2946,5006,10000,0
A5 54 47 36 05 45 0E 35 04 82 0B 8E 13 10 27 00 00 00 79  TEL,13895,S5,3653,1077,2946,5006,10000,0
A5 54 48 36 05 AA 0D 2F 04 82 0B 8E 13 10 27 00 00 00 1C  TEL,13896,S5,3498,1071,2946,5006,10000,0
A5 54 49 36 05 A3 0E 38 04 82 0B 8E 13 10 27 00 00 00 7B  TEL,13897,S5,3747,1080,2946,5006,10000,0
A5 54 4A 36 05 45 0E 35 04 82 0B 8E 13 10 27 00 00 00 63  TEL,13898,S5,3653,1077,2946,5006,10000,0
A5 54 4B 36 05 45 0E 35 04 82 0B 8E 13 10 27 00 00 00 61  TEL,13899,S5,3653,1077,2946,5006,10000,0
A5 54 4C 36 05 45 0E 35 04 82 0B 8E 13 10 27 00 00 00 6F  TEL,13900,S5,3653,1077,2946,5006,10000,0
A5 54 4D 36 05 26 0E 34 04 82 0B 8E 13 10 27 00 00 00 CC  TEL,13901,S5,3622,1076,2946,5006,10000,0
A5 54 4E 36 05 45 0E 35 04 82 0B 8E 13 10 27 00 00 00 6B  TEL,13902,S5,3653,1077,2946,5006,10000,0
A5 54 4F 36 05 45 0E 35 04 82 0B 8E 13 10 27 00 00 00 69  TEL,13903,S5,3653,1077,2946,5006,10000,0
A5 54 50 36 05 64 0E 36 04 82 0B 8E 13 10 27 00 00 00 1C  TEL,13904,S5,3684,1078,2946,5006,10000,0
A5 54 51 36 05 64 0E 36 04 82 0B 8E 13 10 27 00 00 00 1E  TEL,13905,S5,3684,1078,2946,5006,10000,0
A5 54 52 36 05 64 0E 36 04 82 0B 8E 13 10 27 00 00 00 18  TEL,13906,S5,3684,1078,2946,5006,10000,0
A5 54 53 36 05 64 0E 36 04 82 0B 8E 13 10 27 00 00 00 1A  TEL,13907,S5,3684,1078,2946,5006,10000,0
A5 54 54 36 05 07 0E 33 04 82 0B 8E 13 10 27 00 00 00 C9  TEL,13908,S5,3591,1075,2946,5006,10000,0
A5 54 55 36 05 A3 0E 38 04 82 0B 8E 13 10 27 00 00 00 43  TEL,13909,S5,3747,1080,2946,5006,10000,0
A5 54 56 36 05 64 0E 36 04 82 0B 8E 13 10 27 00 00 00 10  TEL,13910,S5,3684,1078,2946,5006,10000,0
A5 54 57 36 05 45 0E 35 04 82 0B 8E 13 10 27 00 00 00 59  TEL,13911,S5,3653,1077,2946,5006,10000,0
A5 54 58 36 05 64 0E 36 04 82 0B 8E 13 10 27 00 00 00 0C  TEL,13912,S5,3684,1078,2946,5006,10000,0
A5 54 59 36 05 26 0E 34 04 82 0B 8E 13 10 27 00 00 00 E4  TEL,13913,S5,3622,1076,2946,5006,10000,0
A5 54 5A 36 05 A3 0E 38 04 82 0B 8E 13 10 27 00 00 00 5D  TEL,13914,S5,3747,1080,2946,5006,10000,0
A5 54 5B 36 05 83 0E 37 04 82 0B 8E 13 10 27 00 00 00 04  TEL,13915,S5,3715,1079,2946,5006,10000,0
A5 54 5C 36 05 E8 0D 32 04 82 0B 8E 13 10 27 00 00 00 8C  TEL,13916,S5,3560,1074,2946,5006,10000,0
A5 54 5D 36 05 83 0E 37 04 82 0B 8E 13 10 27 00 00 00 08  TEL,13917,S5,3715,1079,2946,5006,10000,0
A5 54 5E 36 05 83 0E 37 04 82 0B 8E 13 10 27 00 00 00 0E  TEL,13918,S5,3715,1079,2946,5006,10000,0
A5 54 5F 36 05 45 0E 35 04 82 0B 8E 13 10 27 00 00 00 49  TEL,13919,S5,3653,1077,2946,5006,10000,0
A5 54 60 36 05 07 0E 33 04 82 0B 8E 13 10 27 00 00 00 A1  TEL,13920,S5,3591,1075,2946,5006,10000,0
A5 54 61 36 05 26 0E 34 04 82 0B 8E 13 10 27 00 00 00 94  TEL,13921,S5,3622,1076,2946,5006,10000,0
A5 54 62 36 05 45 0E 35 04 82 0B 8E 13 10 27 00 00 00 33  TEL,13922,S5,3653,1077,2946,5006,10000,0
A5 54 63 36 05 07 0E 33 04 82 0B 8E 13 10 27 00 00 00 A7  TEL,13923,S5,3591,1075,2946,5006,10000,0
A5 54 64 36 05 64 0E 36 04 82 0B 8E 13 10 27 00 00 00 74  TEL,13924,S5,3684,1078,2946,5006,10000,0
A5 54 65 36 05 26 0E 34 04 82 0B 8E 13 10 27 00 00 00 9C  TEL,13925,S5,3622,1076,2946,5006,10000,0
A5 54 66 36 05 83 0E 37 04 82 0B 8E 13 10 27 00 00 00 7E  TEL,13926,S5,3715,1079,2946,5006,10000,0
A5 54 67 36 05 45 0E 35 04 82 0B 8E 13 10 27 00 00 00 39  TEL,13927,S5,3653,1077,2946,5006,10000,0
A5 54 68 36 05 A3 0E 38 04 82 0B 8E 13 10 27 00 00 00 39  TEL,13928,S5,3747,1080,2946,5006,10000,0
A5 54 69 36 05 07 0E 33 04 82 0B 8E 13 10 27 00 00 00 B3  TEL,13929,S5,3591,1075,2946,5006,10000,0
A5 54 6A 36 05 83 0E 37 04 82 0B 8E 13 10 27 00 00 00 66  TEL,13930,S5,3715,1079,2946,5006,10000,0
A5 54 6B 36 05 45 0E 35 04 82 0B 8E 13 10 27 00 00 00 21  TEL,13931,S5,3653,1077,2946,5006,10000,0
A5 54 6C 36 05 C2 0E 39 04 82 0B 8E 13 10 27 00 00 00 BF  TEL,13932,S5,3778,1081,2946,5006,10000,0
A5 54 6D 36 05 26 0E 34 04 82 0B 8E 13 10 27 00 00 00 8C  TEL,13933,S5,3622,1076,2946,5006,10000,0
A5 54 6E 36 05 A3 0E 38 04 82 0B 8E 13 10 27 00 00 00 35  TEL,13934,S5,3747,1080,2946,5006,10000,0
A5 54 6F 36 05 45 0E 35 04 82 0B 8E 13 10 27 00 00 00 29  TEL,13935,S5,3653,1077,2946,5006,10000,0
A5 54 70 36 05 C2 0E 39 04 82 0B 8E 13 10 27 00 00 00 87  TEL,13936,S5,3778,1081,2946,5006,10000,0
A5 54 71 36 05 83 0E 37 04 82 0B 8E 13 10 27 00 00 00 50  TEL,13937,S5,3715,1079,2946,5006,10000,0
A5 54 72 36 05 64 0E 36 04 82 0B 8E 13 10 27 00 00 00 58  TEL,13938,S5,3684,1078,2946,5006,10000,0
A5 54 73 36 05 45 0E 35 04 82 0B 8E 13 10 27 00 00 00 11  TEL,13939,S5,3653,1077,2946,5006,10000,0
A5 54 74 36 05 64 0E 36 04 82 0B 8E 13 10 27 00 00 00 54  TEL,13940,S5,3684,1078,2946,5006,10000,0
A5 54 75 36 05 26 0E 34 04 82 0B 8E 13 10 27 00 00 00 BC  TEL,13941,S5,3622,1076,2946,5006,10000,0
A5 54 76 36 05 A3 0E 38 04 82 0B 8E 13 10 27 00 00 00 05  TEL,13942,S5,3747,1080,2946,5006,10000,0
A5 54 77 36 05 45 0E 35 04 82 0B 8E 13 10 27 00 00 00 19  TEL,13943,S5,3653,1077,2946,5006,10000,0
A5 54 78 36 05 64 0E 36 04 82 0B 8E 13 10 27 00 00 00 4C  TEL,13944,S5,3684,1078,2946,5006,10000,0
A5 54 79 36 05 C9 0D 30 04 82 0B 8E 13 10 27 00 00 00 92  TEL,13945,S5,3529,1072,2946,5006,10000,0
A5 54 7A 36 05 A3 0E 38 04 82 0B 8E 13 10 27 00 00 00 1D  TEL,13946,S5,3747,1080,2946,5006,10000,0
A5 54 7B 36 05 45 0E 35 04 82 0B 8E 13 10 27 00 00 00 01  TEL,13947,S5,3653,1077,2946,5006,10000,0
A5 54 7C 36 05 07 0E 33 04 82 0B 8E 13 10 27 00 00 00 99  TEL,13948,S5,3591,1075,2946,5006,10000,0
A5 54 7D 36 05 64 0E 36 04 82 0B 8E 13 10 27 00 00 00 46  TEL,13949,S5,3684,1078,2946,5006,10000,0
A5 54 7E 36 05 83 0E 37 04 82 0B 8E 13 10 27 00 00 00 4E  TEL,13950,S5,3715,1079,2946,5006,10000,0
A5 54 7F 36 05 45 0E 35 04 82 0B 8E 13 10 27 00 00 00 09  TEL,13951,S5,3653,1077,2946,5006,10000,0
A5 54 80 36 05 45 0E 35 04 82 0B 8E 13 10 27 00 00 00 F0  TEL,13952,S5,3653,1077,2946,5006,10000,0
A5 54 81 36 05 A3 0E 38 04 82 0B 8E 13 10 27 00 00 00 EC  TEL,13953,S5,3747,1080,2946,5006,10000,0
A5 54 82 36 05 A3 0E 38 04 82 0B 8E 13 10 27 00 00 00 EA  TEL,13954,S5,3747,1080,2946,5006,10000,0
A5 54 83 36 05 45 0E 35 04 82 0B 8E 13 10 27 00 00 00 F6  TEL,13955,S5,3653,1077,2946,5006,10000,0
A5 54 84 36 05 64 0E 36 04 82 0B 8E 13 10 27 00 00 00 B3  TEL,13956,S5,3684,1078,2946,5006,10000,0
A5 54 85 36 05 83 0E 37 04 82 0B 8E 13 10 27 00 00 00 BF  TEL,13957,S5,3715,1079,2946,5006,10000,0
A5 54 86 36 05 A3 0E 38 04 82 0B 8E 13 10 27 00 00 00 E2  TEL,13958,S5,3747,1080,2946,5006,10000,0
A5 54 87 36 05 26 0E 34 04 82 0B 8E 13 10 27 00 00 00 5F  TEL,13959,S5,3622,1076,2946,5006,10000,0
A5 54 88 36 05 83 0E 37 04 82 0B 8E 13 10 27 00 00 00 A5  TEL,13960,S5,3715,1079,2946,5006,10000,0
A5 54 89 36 05 A3 0E 38 04 82 0B 8E 13 10 27 00 00 00 FC  TEL,13961,S5,3747,1080,2946,5006,10000,0
A5 54 8A 36 05 26 0E 34 04 82 0B 8E 13 10 27 00 00 00 45  TEL,13962,S5,3622,1076,2946,5006,10000,0
A5 54 8B 36 05 83 0E 37 04 82 0B 8E 13 10 27 00 00 00 A3  TEL,13963,S5,3715,1079,2946,5006,10000,0
A5 54 8C 36 05 83 0E 37 04 82 0B 8E 13 10 27 00 00 00 AD  TEL,13964,S5,3715,1079,2946,5006,10000,0
A5 54 8D 36 05 64 0E 36 04 82 0B 8E 13 10 27 00 00 00 A1  TEL,13965,S5,3684,1078,2946,5006,10000,0
A5 54 8E 36 05 45 0E 35 04 82 0B 8E 13 10 27 00 00 00 EC  TEL,13966,S5,3653,1077,2946,5006,10000,0
A5 54 8F 36 05 45 0E 35 04 82 0B 8E 13 10 27 00 00 00 EE  TEL,13967,S5,3653,1077,2946,5006,10000,0
A5 54 90 36 05 07 0E 33 04 82 0B 8E 13 10 27 00 00 00 46  TEL,13968,S5,3591,1075,2946,5006,10000,0
A5 54 91 36 05 E8 0D 32 04 82 0B 8F 13 10 27 00 00 00 CE  TEL,13969,S5,3560,1074,2946,5007,10000,0
A5 54 92 36 05 26 0E 34 04 82 0B 8E 13 10 27 00 00 00 75  TEL,13970,S5,3622,1076,2946,5006,10000,0
A5 54 93 36 05 C2 0E 3A 04 82 0B 8E 13 10 27 00 00 00 67  TEL,13971,S5,3778,1082,2946,5006,10000,0
A5 54 94 36 05 07 0E 33 04 82 0B 8E 13 10 27 00 00 00 4E  TEL,13972,S5,3591,1075,2946,5006,10000,0
A5 54 95 36 05 C9 0D 30 04 82 0B 8E 13 10 27 00 00 00 4D  TEL,13973,S5,3529,1072,2946,5006,10000,0
A5 54 96 36 05 A3 0E 38 04 82 0B 8E 13 10 27 00 00 00 C2  TEL,13974,S5,3747,1080,2946,5006,10000,0
A5 54 97 36 05 45 0E 35 04 82 0B 8E 13 10 27 00 00 00 DE  TEL,13975,S5,3653,1077,2946,5006,10000,0
A5 54 98 36 05 45 0E 35 04 82 0B 8E 13 10 27 00 00 00 C0  TEL,13976,S5,3653,1077,2946,5006,10000,0
A5 54 99 36 05 A3 0E 38 04 82 0B 8E 13 10 27 00 00 00 DC  TEL,13977,S5,3747,1080,2946,5006,10000,0
A5 54 9A 36 05 45 0E 35 04 82 0B 8E 13 10 27 00 00 00 C4  TEL,13978,S5,3653,1077,2946,5006,10000,0
A5 54 9B 36 05 45 0E 35 04 82 0B 8E 13 10 27 00 00 00 C6  TEL,13979,S5,3653,1077,2946,5006,10000,0
A5 54 9C 36 05 C9 0D 30 04 82 0B 8E 13 10 27 00 00 00 5F  TEL,13980,S5,3529,1072,2946,5006,10000,0
A5 54 9D 36 05 A3 0E 38 04 82 0B 8E 13 10 27 00 00 00 D4  TEL,13981,S5,3747,1080,2946,5006,10000,0
A5 54 9E 36 05 A3 0E 38 04 82 0B 8E 13 10 27 00 00 00 D2  TEL,13982,S5,3747,1080,2946,5006,10000,0
A5 54 9F 36 05 45 0E 35 04 82 0B 8E 13 10 27 00 00 00 CE  TEL,13983,S5,3653,1077,2946,5006,10000,0
A5 54 A0 36 05 45 0E 35 04 82 0B 8E 13 10 27 00 00 00 B0  TEL,13984,S5,3653,1077,2946,5006,10000,0
A5 54 A1 36 05 64 0E 36 04 82 0B 8E 13 10 27 00 00 00 F9  TEL,13985,S5,3684,1078,2946,5006,10000,0
A5 54 A2 36 05 A3 0E 38 04 82 0B 8E 13 10 27 00 00 00 AA  TEL,13986,S5,3747,1080,2946,5006,10000,0
A5 54 A3 36 05 45 0E 35 04 82 0B 8E 13 10 27 00 00 00 B6  TEL,13987,S5,3653,1077,2946,5006,10000,0
A5 54 A4 36 05 07 0E 33 04 82 0B 8E 13 10 27 00 00 00 2E  TEL,13988,S5,3591,1075,2946,5006,10000,0
A5 54 A5 36 05 45 0E 35 04 82 0B 8E 13 10 27 00 00 00 BA  TEL,13989,S5,3653,1077,2946,5006,10000,0
A5 54 A6 36 05 64 0E 36 04 82 0B 8E 13 10 27 00 00 00 F7  TEL,13990,S5,3684,1078,2946,5006,10000,0
A5 54 A7 36 05 26 0E 34 04 82 0B 8E 13 10 27 00 00 00 1F  TEL,13991,S5,3622,1076,2946,5006,10000,0
A5 54 A8 36 05 83 0E 37 04 82 0B 8E 13 10 27 00 00 00 E5  TEL,13992,S5,3715,1079,2946,5006,10000,0
A5 54 A9 36 05 26 0E 34 04 82 0B 8E 13 10 27 00 00 00 03  TEL,13993,S5,3622,1076,2946,5006,10000,0
A5 54 AA 36 05 45 0E 35 04 82 0B 8E 13 10 27 00 00 00 A4  TEL,13994,S5,3653,1077,2946,5006,10000,0
A5 54 AB 36 05 64 0E 36 04 82 0B 8E 13 10 27 00 00 00 ED  TEL,13995,S5,3684,1078,2946,5006,10000,0
A5 54 AC 36 05 83 0E 37 04 82 0B 8E 13 10 27 00 00 00 ED  TEL,13996,S5,3715,1079,2946,5006,10000,0
A5 54 AD 36 05 C9 0D 30 04 82 0B 8E 13 10 27 00 00 00 3D  TEL,13997,S5,3529,1072,2946,5006,10000,0
A5 54 AE 36 05 A3 0E 38 04 82 0B 8E 13 10 27 00 00 00 B2  TEL,13998,S5,3747,1080,2946,5006,10000,0
A5 54 AF 36 05 07 0E 33 04 82 0B 8E 13 10 27 00 00 00 38  TEL,13999,S5,3591,1075,2946,5006,10000,0
A5 54 B0 36 05 83 0E 37 04 82 0B 8E 13 10 27 00 00 00 D5  TEL,14000,S5,3715,1079,2946,5006,10000,0
A5 54 B1 36 05 45 0E 35 04 82 0B 8E 13 10 27 00 00 00 92  TEL,14001,S5,3653,1077,2946,5006,10000,0
A5 54 B2 36 05 A3 0E 38 04 82 0B 8E 13 10 27 00 00 00 8A  TEL,14002,S5,3747,1080,2946,5006,10000,0
A5 54 B3 36 05 64 0E 36 04 82 0B 8E 13 10 27 00 00 00 DD  TEL,14003,S5,3684,1078,2946,5006,10000,0
A5 54 B4 36 05 07 0E 33 04 82 0B 8E 13 10 27 00 00 00 0E  TEL,14004,S5,3591,1075,2946,5006,10000,0
A5 54 B5 36 05 A3 0E 38 04 82 0B 8E 13 10 27 00 00 00 84  TEL,14005,S5,3747,1080,2946,5006,10000,0
A5 42 54 00 05 B6 36 E2 ED 94 0D F9 ED 94 0D FC ED 94 0D 0F  BTN,84,S5,PRESSED,14006,227864034,227864057,227864060
A5 54 B7 36 05 A3 0E 38 04 82 0B DD 13 10 27 00 00 01 77  TEL,14007,S5,3747,1080,2946,5085,10000,1
A5 54 B8 36 05 83 0E 37 04 82 0B 8E 13 10 27 00 00 00 C5  TEL,14008,S5,3715,1079,2946,5006,10000,0
A5 54 B9 36 05 A3 0E 38 04 82 0B 8E 13 10 27 00 00 00 9C  TEL,14009,S5,3747,1080,2946,5006,10000,0
A5 54 BA 36 05 45 0E 35 04 82 0B 8E 13 10 27 00 00 00 84  TEL,14010,S5,3653,1077,2946,5006,10000,0
A5 54 BB 36 05 07 0E 33 04 82 0B 8E 13 10 27 00 00 00 10  TEL,14011,S5,3591,1075,2946,5006,10000,0
A5 54 BC 36 05 45 0E 35 04 82 0B 8E 13 10 27 00 00 00 88  TEL,14012,S5,3653,1077,2946,5006,10000,0
A5 54 BD 36 05 07 0E 33 04 82 0B 8E 13 10 27 00 00 00 1C  TEL,14013,S5,3591,1075,2946,5006,10000,0
A5 54 BE 36 05 26 0E 34 04 82 0B 8E 13 10 27 00 00 00 2D  TEL,14014,S5,3622,1076,2946,5006,10000,0
A5 54 BF 36 05 26 0E 34 04 82 0B 8E 13 10 27 00 00 00 2F  TEL,14015,S5,3622,1076,2946,5006,10000,0
A5 54 C0 36 05 45 0E 35 04 82 0B 8E 13 10 27 00 00 00 70  TEL,14016,S5,3653,1077,2946,5006,10000,0
A5 54 C1 36 05 45 0E 35 04 82 0B 8E 13 10 27 00 00 00 72  TEL,14017,S5,3653,1077,2946,5006,10000,0
A5 54 C2 36 05 E8 0D 32 04 82 0B 8E 13 10 27 00 00 00 B7  TEL,14018,S5,3560,1074,2946,5006,10000,0
A5 54 C3 36 05 45 0E 35 04 82 0B 8E 13 10 27 00 00 00 76  TEL,14019,S5,3653,1077,2946,5006,10000,0
A5 54 C4 36 05 26 0E 34 04 82 0B 94 13 10 27 00 00 00 59  TEL,14020,S5,3622,1076,2946,5012,10000,0
A5 54 C5 36 05 64 0E 36 04 82 0B 8E 13 10 27 00 00 00 31  TEL,14021,S5,3684,1078,2946,5006,10000,0
A5 54 C6 36 05 64 0E 36 04 82 0B 8E 13 10 27 00 00 00 37  TEL,14022,S5,3684,1078,2946,5006,10000,0
A5 54 C7 36 05 64 0E 36 04 82 0B 8E 13 10 27 00 00 00 35  TEL,14023,S5,3684,1078,2946,5006,10000,0
A5 54 C8 36 05 45 0E 35 04 82 0B 8E 13 10 27 00 00 00 60  TEL,14024,S5,3653,1077,2946,5006,10000,0
A5 54 C9 36 05 A3 0E 38 04 82 0B 8E 13 10 27 00 00 00 7C  TEL,14025,S5,3747,1080,2946,5006,10000,0
A5 54 CA 36 05 A3 0E 38 04 82 0B 8E 13 10 27 00 00 00 7A  TEL,14026,S5,3747,1080,2946,5006,10000,0
A5 54 CB 36 05 07 0E 33 04 82 0B 8E 13 10 27 00 00 00 F0  TEL,14027,S5,3591,1075,2946,5006,10000,0
A5 54 CC 36 05 26 0E 34 04 82 0B 8E 13 10 27 00 00 00 C9  TEL,14028,S5,3622,1076,2946,5006,10000,0
A5 54 CD 36 05 45 0E 35 04 82 0B 8E 13 10 27 00 00 00 6A  TEL,14029,S5,3653,1077,2946,5006,10000,0
A5 54 CE 36 05 26 0E 34 04 82 0B 8E 13 10 27 00 00 00 CD  TEL,14030,S5,3622,1076,2946,5006,10000,0
A5 54 CF 36 05 45 0E 35 04 82 0B 8E 13 10 27 00 00 00 6E  TEL,14031,S5,3653,1077,2946,5006,10000,0
A5 54 D0 36 05 07 0E 33 04 82 0B 8E 13 10 27 00 00 00 C6  TEL,14032,S5,3591,1075,2946,5006,10000,0
A5 54 D1 36 05 07 0E 33 04 82 0B 8E 13 10 27 00 00 00 C4  TEL,14033,S5,3591,1075,2946,5006,10000,0
A5 54 D2 36 05 26 0E 34 04 82 0B 8E 13 10 27 00 00 00 F5  TEL,14034,S5,3622,1076,2946,5006,10000,0
A5 54 D3 36 05 A3 0E 38 04 82 0B 8E 13 10 27 00 00 00 48  TEL,14035,S5,3747,1080,2946,5006,10000,0
A5 54 D4 36 05 07 0E 33 04 82 0B 8E 13 10 27 00 00 00 CE  TEL,14036,S5,3591,1075,2946,5006,10000,0
A5 54 D5 36 05 64 0E 36 04 82 0B 8E 13 10 27 00 00 00 11  TEL,14037,S5,3684,1078,2946,5006,10000,0
A5 54 D6 36 05 64 0E 36 04 82 0B 8E 13 10 27 00 00 00 17  TEL,14038,S5,3684,1078,2946,5006,10000,0
A5 54 D7 36 05 45 0E 35 04 82 0B 8E 13 10 27 00 00 00 5E  TEL,14039,S5,3653,1077,2946,5006,10000,0
A5 54 D8 36 05 07 0E 33 04 82 0B 8E 13 10 27 00 00 00 D6  TEL,14040,S5,3591,1075,2946,5006,10000,0
A5 54 D9 36 05 45 0E 35 04 82 0B 8E 13 10 27 00 00 00 42  TEL,14041,S5,3653,1077,2946,5006,10000,0
A5 54 DA 36 05 64 0E 36 04 82 0B 8E 13 10 27 00 00 00 0F  TEL,14042,S5,3684,1078,2946,5006,10000,0
A5 54 DB 36 05 07 0E 33 04 82 0B 8E 13 10 27 00 00 00 D0  TEL,14043,S5,3591,1075,2946,5006,10000,0
A5 54 DC 36 05 07 0E 33 04 82 0B 8E 13 10 27 00 00 00 DE  TEL,14044,S5,3591,1075,2946,5006,10000,0
A5 54 DD 36 05 07 0E 33 04 82 0B 8E 13 10 27 00 00 00 DC  TEL,14045,S5,3591,1075,2946,5006,10000,0
A5 54 DE 36 05 E8 0D 32 04 82 0B 8E 13 11 27 00 00 00 ED  TEL,14046,S5,3560,1074,2946,5006,10001,0
A5 54 DF 36 05 26 0E 34 04 82 0B 8E 13 0F 27 00 00 00 ED  TEL,14047,S5,3622,1076,2946,5006,9999,0
A5 54 E0 36 05 07 0E 33 04 82 0B 8E 13 10 27 00 00 00 A6  TEL,14048,S5,3591,1075,2946,5006,10000,0
A5 54 E1 36 05 C2 0E 39 04 82 0B 8E 13 10 27 00 00 00 A2  TEL,14049,S5,3778,1081,2946,5006,10000,0
A5 54 E2 36 05 26 0E 34 04 82 0B 8E 13 10 27 00 00 00 95  TEL,14050,S5,3622,1076,2946,5006,10000,0
A5 54 E3 36 05 64 0E 36 04 82 0B 8E 13 10 27 00 00 00 7D  TEL,14051,S5,3684,1078,2946,5006,10000,0
A5 54 E4 36 05 64 0E 36 04 82 0B 8E 13 10 27 00 00 00 73  TEL,14052,S5,3684,1078,2946,5006,10000,0
A5 54 E5 36 05 AA 0D 2F 04 82 0B 8E 13 10 27 00 00 00 41  TEL,14053,S5,3498,1071,2946,5006,10000,0
A5 54 E6 36 05 26 0E 34 04 82 0B 8E 13 10 27 00 00 00 9D  TEL,14054,S5,3622,1076,2946,5006,10000,0
A5 54 E7 36 05 83 0E 37 04 82 0B 8E 13 10 27 00 00 00 7B  TEL,14055,S5,3715,1079,2946,5006,10000,0
A5 54 E8 36 05 C9 0D 31 04 82 0B 8E 13 10 27 00 00 00 A8  TEL,14056,S5,3529,1073,2946,5006,10000,0
A5 54 E9 36 05 07 0E 33 04 82 0B 8E 13 10 27 00 00 00 B4  TEL,14057,S5,3591,1075,2946,5006,10000,0
A5 54 EA 36 05 A3 0E 38 04 82 0B 8E 13 10 27 00 00 00 3A  TEL,14058,S5,3747,1080,2946,5006,10000,0
A5 54 EB 36 05 E8 0D 32 04 82 0B 8E 13 10 27 00 00 00 E5  TEL,14059,S5,3560,1074,2946,5006,10000,0
A5 54 EC 36 05 07 0E 33 04 82 0B 8E 13 10 27 00 00 00 BE  TEL,14060,S5,3591,1075,2946,5006,10000,0
A5 54 ED 36 05 07 0E 33 04 82 0B 8E 13 10 27 00 00 00 BC  TEL,14061,S5,3591,1075,2946,5006,10000,0
A5 54 EE 36 05 07 0E 33 04 82 0B 8E 13 10 27 00 00 00 BA  TEL,14062,S5,3591,1075,2946,5006,10000,0
A5 54 EF 36 05 45 0E 35 04 82 0B 8E 13 10 27 00 00 00 2E  TEL,14063,S5,3653,1077,2946,5006,10000,0
A5 54 F0 36 05 07 0E 33 04 82 0B 8E 13 10 27 00 00 00 86  TEL,14064,S5,3591,1075,2946,5006,10000,0
A5 54 F1 36 05 45 0E 35 04 82 0B 8E 13 10 27 00 00 00 12  TEL,14065,S5,3653,1077,2946,5006,10000,0
A5 54 F2 36 05 45 0E 35 04 82 0B 8E 13 10 27 00 00 00 14  TEL,14066,S5,3653,1077,2946,5006,10000,0
A5 54 F3 36 05 45 0E 35 04 82 0B 8E 13 10 27 00 00 00 16  TEL,14067,S5,3653,1077,2946,5006,10000,0
A5 54 F4 36 05 45 0E 35 04 82 0B 8E 13 10 27 00 00 00 18  TEL,14068,S5,3653,1077,2946,5006,10000,0
A5 54 F5 36 05 A3 0E 38 04 82 0B 8E 13 10 27 00 00 00 04  TEL,14069,S5,3747,1080,2946,5006,10000,0
A5 54 F6 36 05 45 0E 35 04 82 0B 8E 13 10 27 00 00 00 1C  TEL,14070,S5,3653,1077,2946,5006,10000,0
A5 54 F7 36 05 07 0E 33 04 82 0B 8F 13 10 27 00 00 00 57  TEL,14071,S5,3591,1075,2946,5007,10000,0
A5 54 F8 36 05 07 0E 33 04 82 0B 8E 13 10 27 00 00 00 96  TEL,14072,S5,3591,1075,2946,5006,10000,0
A5 54 F9 36 05 AA 0D 2F 04 82 0B 8E 13 10 27 00 00 00 79  TEL,14073,S5,3498,1071,2946,5006,10000,0
A5 54 FA 36 05 64 0E 36 04 82 0B 8E 13 10 27 00 00 00 4F  TEL,14074,S5,3684,1078,2946,5006,10000,0
A5 54 FB 36 05 07 0E 33 04 82 0B 8E 13 10 27 00 00 00 90  TEL,14075,S5,3591,1075,2946,5006,10000,0
A5 54 FC 36 05 45 0E 35 04 82 0B 8E 13 10 27 00 00 00 08  TEL,14076,S5,3653,1077,2946,5006,10000,0
A5 54 FD 36 05 07 0E 33 04 82 0B 8E 13 10 27 00 00 00 9C  TEL,14077,S5,3591,1075,2946,5006,10000,0
A5 54 FE 36 05 26 0E 34 04 82 0B 8E 13 10 27 00 00 00 AD  TEL,14078,S5,3622,1076,2946,5006,10000,0
A5 54 FF 36 05 07 0E 33 04 82 0B 8E 13 10 27 00 00 00 98  TEL,14079,S5,3591,1075,2946,5006,10000,0
A5 54 00 37 05 07 0E 33 04 82 0B 8E 13 10 27 00 00 00 D4  TEL,14080,S5,3591,1075,2946,5006,10000,0
A5 54 01 37 05 07 0E 33 04 82 0B 8E 13 10 27 00 00 00 D6  TEL,14081,S5,3591,1075,2946,5006,10000,0
A5 54 02 37 05 C2 0E 3A 04 82 0B 8E 13 10 27 00 00 00 F7  TEL,14082,S5,3778,1082,2946,5006,10000,0
A5 54 03 37 05 45 0E 35 04 82 0B 8E 13 10 27 00 00 00 44  TEL,14083,S5,3653,1077,2946,5006,10000,0
A5 54 04 37 05 07 0E 33 04 82 0B 8E 13 10 27 00 00 00 DC  TEL,14084,S5,3591,1075,2946,5006,10000,0
A5 54 05 37 05 45 0E 35 04 82 0B 8E 13 10 27 00 00 00 48  TEL,14085,S5,3653,1077,2946,5006,10000,0
A5 54 06 37 05 C2 0E 3A 04 82 0B 8E 13 10 27 00 00 00 FF  TEL,14086,S5,3778,1082,2946,5006,10000,0
A5 54 07 37 05 45 0E 35 04 82 0B 8E 13 10 27 00 00 00 4C  TEL,14087,S5,3653,1077,2946,5006,10000,0
A5 54 08 37 05 07 0E 33 04 82 0B 8E 13 10 27 00 00 00 C4  TEL,14088,S5,3591,1075,2946,5006,10000,0
A5 54 09 37 05 07 0E 33 04 82 0B 8E 13 10 27 00 00 00 C6  TEL,14089,S5,3591,1075,2946,5006,10000,0
A5 54 0A 37 05 E8 0D 32 04 82 0B 8E 13 10 27 00 00 00 95  TEL,14090,S5,3560,1074,2946,5006,10000,0
A5 54 0B 37 05 07 0E 33 04 82 0B 8E 13 10 27 00 00 00 C2  TEL,14091,S5,3591,1075,2946,5006,10000,0
A5 54 0C 37 05 45 0E 35 04 82 0B 8E 13 10 27 00 00 00 5A  TEL,14092,S5,3653,1077,2946,5006,10000,0
A5 54 0D 37 05 83 0E 37 04 82 0B 8E 13 10 27 00 00 00 1D  TEL,14093,S5,3715,1079,2946,5006,10000,0
A5 54 0E 37 05 64 0E 36 04 82 0B 8E 13 10 27 00 00 00 15  TEL,14094,S5,3684,1078,2946,5006,10000,0
A5 54 0F 37 05 A3 0E 38 04 82 0B 8E 13 10 27 00 00 00 42  TEL,14095,S5,3747,1080,2946,5006,10000,0
A5 54 10 37 05 45 0E 35 04 82 0B 8E 13 10 27 00 00 00 62  TEL,14096,S5,3653,1077,2946,5006,10000,0
A5 54 11 37 05 C2 0E 39 04 82 0B 8E 13 10 27 00 00 00 F0  TEL,14097,S5,3778,1081,2946,5006,10000,0
A5 54 12 37 05 C9 0D 30 04 82 0B 8E 13 10 27 00 00 00 F1  TEL,14098,S5,3529,1072,2946,5006,10000,0
A5 54 13 37 05 26 0E 34 04 82 0B 8E 13 10 27 00 00 00 C5  TEL,14099,S5,3622,1076,2946,5006,10000,0
A5 54 14 37 05 45 0E 35 04 82 0B 8E 13 10 27 00 00 00 6A  TEL,14100,S5,3653,1077,2946,5006,10000,0
A5 54 15 37 05 83 0E 37 04 82 0B 8E 13 10 27 00 00 00 2D  TEL,14101,S5,3715,1079,2946,5006,10000,0
A5 54 16 37 05 26 0E 34 04 82 0B 8E 13 10 27 00 00 00 CF  TEL,14102,S5,3622,1076,2946,5006,10000,0
A5 54 17 37 05 45 0E 35 04 82 0B 8E 13 10 27 00 00 00 6C  TEL,14103,S5,3653,1077,2946,5006,10000,0
A5 54 18 37 05 45 0E 35 04 82 0B 8E 13 10 27 00 00 00 72  TEL,14104,S5,3653,1077,2946,5006,10000,0
A5 54 19 37 05 07 0E 33 04 82 0B 8E 13 10 27 00 00 00 E6  TEL,14105,S5,3591,1075,2946,5006,10000,0
A5 54 1A 37 05 C2 0E 3A 04 82 0B 8E 13 10 27 00 00 00 C7  TEL,14106,S5,3778,1082,2946,5006,10000,0
A5 54 1B 37 05 26 0E 34 04 82 0B 8E 13 10 27 00 00 00 D5  TEL,14107,S5,3622,1076,2946,5006,10000,0
A5 54 1C 37 05 26 0E 34 04 82 0B 8E 13 10 27 00 00 00 DB  TEL,14108,S5,3622,1076,2946,5006,10000,0
A5 54 1D 37 05 45 0E 35 04 82 0B 8E 13 10 27 00 00 00 78  TEL,14109,S5,3653,1077,2946,5006,10000,0
A5 54 1E 37 05 26 0E 34 04 82 0B 8E 13 10 27 00 00 00 DF  TEL,14110,S5,3622,1076,2946,5006,10000,0
A5 42 55 00 05 1F 37 CB C1 A4 0D E3 C1 A4 0D E5 C1 A4 0D 05  BTN,85,S5,PRESSED,14111,228901323,228901347,228901349
A5 54 20 37 05 45 0E 35 04 82 0B DC 13 10 27 00 00 01 2A  TEL,14112,S5,3653,1077,2946,5084,10000,1
A5 54 21 37 05 64 0E 36 04 82 0B 8E 13 10 27 00 00 00 4B  TEL,14113,S5,3684,1078,2946,5006,10000,0
A5 54 22 37 05 83 0E 37 04 82 0B 8E 13 10 27 00 00 00 43  TEL,14114,S5,3715,1079,2946,5006,10000,0
A5 54 23 37 05 64 0E 36 04 82 0B 8E 13 10 27 00 00 00 4F  TEL,14115,S5,3684,1078,2946,5006,10000,0
A5 54 24 37 05 64 0E 36 04 82 0B 8E 13 10 27 00 00 00 41  TEL,14116,S5,3684,1078,2946,5006,10000,0
A5 54 25 37 05 45 0E 35 04 82 0B 8E 13 10 27 00 00 00 08  TEL,14117,S5,3653,1077,2946,5006,10000,0
A5 54 26 37 05 A3 0E 38 04 82 0B 8E 13 10 27 00 00 00 10  TEL,14118,S5,3747,1080,2946,5006,10000,0
A5 54 27 37 05 64 0E 36 04 82 0B 8E 13 10 27 00 00 00 47  TEL,14119,S5,3684,1078,2946,5006,10000,0
A5 54 28 37 05 A3 0E 38 04 82 0B 8E 13 10 27 00 00 00 0C  TEL,14120,S5,3747,1080,2946,5006,10000,0
A5 54 29 37 05 07 0E 33 04 82 0B 8E 13 10 27 00 00 00 86  TEL,14121,S5,3591,1075,2946,5006,10000,0
A5 54 2A 37 05 45 0E 35 04 82 0B 8E 13 10 27 00 00 00 16  TEL,14122,S5,3653,1077,2946,5006,10000,0
A5 54 2B 37 05 64 0E 36 04 82 0B 8E 13 10 27 00 00 00 5F  TEL,14123,S5,3684,1078,2946,5006,10000,0
A5 54 2C 37 05 45 0E 35 04 82 0B 8E 13 10 27 00 00 00 1A  TEL,14124,S5,3653,1077,2946,5006,10000,0
A5 54 2D 37 05 45 0E 35 04 82 0B 8E 13 10 27 00 00 00 18  TEL,14125,S5,3653,1077,2946,5006,10000,0
A5 54 2E 37 05 E1 0E 3B 04 82 0B 8E 13 10 27 00 00 00 F5  TEL,14126,S5,3809,1083,2946,5006,10000,0
A5 54 2F 37 05 C9 0D 30 04 82 0B 8E 13 10 27 00 00 00 8B  TEL,14127,S5,3529,1072,2946,5006,10000,0
A5 54 30 37 05 64 0E 36 04 82 0B 8E 13 10 27 00 00 00 69  TEL,14128,S5,3684,1078,2946,5006,10000,0
A5 54 31 37 05 45 0E 35 04 82 0B 93 13 10 27 00 00 00 B3  TEL,14129,S5,3653,1077,2946,5011,10000,0
A5 54 32 37 05 45 0E 35 04 82 0B 8E 13 10 27 00 00 00 26  TEL,14130,S5,3653,1077,2946,5006,10000,0
A5 54 33 37 05 07 0E 33 04 82 0B 8E 13 10 27 00 00 00 B2  TEL,14131,S5,3591,1075,2946,5006,10000,0
A5 54 34 37 05 45 0E 35 04 82 0B 8E 13 10 27 00 00 00 2A  TEL,14132,S5,3653,1077,2946,5006,10000,0
A5 54 35 37 05 45 0E 35 04 82 0B 8E 13 10 27 00 00 00 28  TEL,14133,S5,3653,1077,2946,5006,10000,0
A5 54 36 37 05 64 0E 36 04 82 0B 8E 13 10 27 00 00 00 65  TEL,14134,S5,3684,1078,2946,5006,10000,0
A5 54 37 37 05 A3 0E 38 04 82 0B 8E 13 10 27 00 00 00 32  TEL,14135,S5,3747,1080,2946,5006,10000,0
A5 54 38 37 05 83 0E 37 04 82 0B 8E 13 10 27 00 00 00 77  TEL,14136,S5,3715,1079,2946,5006,10000,0
A5 54 39 37 05 45 0E 35 04 82 0B 8E 13 10 27 00 00 00 30  TEL,14137,S5,3653,1077,2946,5006,10000,0
A5 54 3A 37 05 C9 0D 31 04 82 0B 8E 13 10 27 00 00 00 BE  TEL,14138,S5,3529,1073,2946,5006,10000,0
A5 54 3B 37 05 45 0E 35 04 82 0B 8E 13 10 27 00 00 00 34  TEL,14139,S5,3653,1077,2946,5006,10000,0
A5 54 3C 37 05 64 0E 36 04 82 0B 8E 13 10 27 00 00 00 71  TEL,14140,S5,3684,1078,2946,5006,10000,0
A5 54 3D 37 05 45 0E 35 04 82 0B 8E 13 10 27 00 00 00 38  TEL,14141,S5,3653,1077,2946,5006,10000,0
A5 54 3E 37 05 83 0E 37 04 82 0B 8E 13 10 27 00 00 00 7B  TEL,14142,S5,3715,1079,2946,5006,10000,0
A5 54 3F 37 05 45 0E 35 04 82 0B 8E 13 10 27 00 00 00 3C  TEL,14143,S5,3653,1077,2946,5006,10000,0
A5 54 40 37 05 26 0E 34 04 82 0B 8E 13 10 27 00 00 00 63  TEL,14144,S5,3622,1076,2946,5006,10000,0
A5 54 41 37 05 64 0E 36 04 82 0B 8E 13 10 27 00 00 00 8B  TEL,14145,S5,3684,1078,2946,5006,10000,0
A5 54 42 37 05 C2 0E 39 04 82 0B 8E 13 10 27 00 00 00 56  TEL,14146,S5,3778,1081,2946,5006,10000,0
A5 54 43 37 05 C2 0E 3A 04 82 0B 8E 13 10 27 00 00 00 75  TEL,14147,S5,3778,1082,2946,5006,10000,0
A5 54 44 37 05 45 0E 35 04 82 0B 8F 13 10 27 00 00 00 15  TEL,14148,S5,3653,1077,2946,5007,10000,0
A5 54 45 37 05 26 0E 34 04 82 0B 8E 13 10 27 00 00 00 69  TEL,14149,S5,3622,1076,2946,5006,10000,0
A5 54 46 37 05 64 0E 36 04 82 0B 8E 13 10 27 00 00 00 85  TEL,14150,S5,3684,1078,2946,5006,10000,0
A5 54 47 37 05 A3 0E 38 04 82 0B 8E 13 10 27 00 00 00 D2  TEL,14151,S5,3747,1080,2946,5006,10000,0
A5 54 48 37 05 45 0E 35 04 82 0B 8E 13 10 27 00 00 00 D2  TEL,14152,S5,3653,1077,2946,5006,10000,0
A5 54 49 37 05 45 0E 35 04 82 0B 8E 13 10 27 00 00 00 D0  TEL,14153,S5,3653,1077,2946,5006,10000,0
A5 54 4A 37 05 07 0E 33 04 82 0B 8E 13 10 27 00 00 00 40  TEL,14154,S5,3591,1075,2946,5006,10000,0
A5 54 4B 37 05 83 0E 37 04 82 0B 8E 13 10 27 00 00 00 91  TEL,14155,S5,3715,1079,2946,5006,10000,0
A5 54 4C 37 05 45 0E 35 04 82 0B 8E 13 10 27 00 00 00 DA  TEL,14156,S5,3653,1077,2946,5006,10000,0
A5 54 4D 37 05 45 0E 35 04 82 0B 8E 13 10 27 00 00 00 D8  TEL,14157,S5,3653,1077,2946,5006,10000,0
A5 54 4E 37 05 64 0E 36 04 82 0B 8E 13 10 27 00 00 00 95  TEL,14158,S5,3684,1078,2946,5006,10000,0
A5 54 4F 37 05 64 0E 36 04 82 0B 8E 13 10 27 00 00 00 97  TEL,14159,S5,3684,1078,2946,5006,10000,0
A5 54 50 37 05 26 0E 34 04 82 0B 8E 13 10 27 00 00 00 43  TEL,14160,S5,3622,1076,2946,5006,10000,0
A5 54 51 37 05 07 0E 33 04 82 0B 8E 13 10 27 00 00 00 76  TEL,14161,S5,3591,1075,2946,5006,10000,0
A5 54 52 37 05 AA 0D 2F 04 82 0B 8E 13 10 27 00 00 00 9D  TEL,14162,S5,3498,1071,2946,5006,10000,0
A5 54 53 37 05 45 0E 35 04 82 0B 8E 13 10 27 00 00 00 E4  TEL,14163,S5,3653,1077,2946,5006,10000,0
A5 54 54 37 05 A3 0E 38 04 82 0B 8E 13 10 27 00 00 00 F4  TEL,14164,S5,3747,1080,2946,5006,10000,0
A5 54 55 37 05 45 0E 35 04 82 0B 8E 13 10 27 00 00 00 E8  TEL,14165,S5,3653,1077,2946,5006,10000,0
A5 54 56 37 05 45 0E 35 04 82 0B 8E 13 10 27 00 00 00 EE  TEL,14166,S5,3653,1077,2946,5006,10000,0
A5 54 57 37 05 83 0E 37 04 82 0B 8E 13 10 27 00 00 00 A9  TEL,14167,S5,3715,1079,2946,5006,10000,0
A5 54 58 37 05 A3 0E 38 04 82 0B 8E 13 10 27 00 00 00 EC  TEL,14168,S5,3747,1080,2946,5006,10000,0
A5 54 59 37 05 64 0E 36 04 82 0B 8E 13 10 27 00 00 00 BB  TEL,14169,S5,3684,1078,2946,5006,10000,0
A5 54 5A 37 05 45 0E 35 04 82 0B 8E 13 10 27 00 00 00 F6  TEL,14170,S5,3653,1077,2946,5006,10000,0
A5 54 5B 37 05 26 0E 34 04 82 0B 8E 13 10 27 00 00 00 55  TEL,14171,S5,3622,1076,2946,5006,10000,0
A5 54 5C 37 05 64 0E 36 04 82 0B 8E 13 10 27 00 00 00 B1  TEL,14172,S5,3684,1078,2946,5006,10000,0
A5 54 5D 37 05 45 0E 35 04 82 0B 8E 13 10 27 00 00 00 F8  TEL,14173,S5,3653,1077,2946,5006,10000,0
A5 54 5E 37 05 C2 0E 39 04 82 0B 8E 13 10 27 00 00 00 6E  TEL,14174,S5,3778,1081,2946,5006,10000,0
A5 54 5F 37 05 26 0E 34 04 82 0B 8E 13 10 27 00 00 00 5D  TEL,14175,S5,3622,1076,2946,5006,10000,0
A5 54 60 37 05 64 0E 36 04 82 0B 8E 13 10 27 00 00 00 C9  TEL,14176,S5,3684,1078,2946,5006,10000,0
A5 54 61 37 05 45 0E 35 04 82 0B 8E 13 10 27 00 00 00 80  TEL,14177,S5,3653,1077,2946,5006,10000,0
A5 54 62 37 05 07 0E 33 04 82 0B 8E 13 10 27 00 00 00 10  TEL,14178,S5,3591,1075,2946,5006,10000,0
A5 54 63 37 05 64 0E 36 04 82 0B 8E 13 10 27 00 00 00 CF  TEL,14179,S5,3684,1078,2946,5006,10000,0
A5 54 64 37 05 A3 0E 38 04 82 0B 8E 13 10 27 00 00 00 94  TEL,14180,S5,3747,1080,2946,5006,10000,0
A5 54 65 37 05 64 0E 36 04 82 0B 8E 13 10 27 00 00 00 C3  TEL,14181,S5,3684,1078,2946,5006,10000,0
A5 54 66 37 05 45 0E 35 04 82 0B 8E 13 10 27 00 00 00 8E  TEL,14182,S5,3653,1077,2946,5006,10000,0
A5 54 67 37 05 26 0E 34 04 82 0B 8E 13 10 27 00 00 00 2D  TEL,14183,S5,3622,1076,2946,5006,10000,0
A5 54 68 37 05 64 0E 36 04 82 0B 8E 13 10 27 00 00 00 D9  TEL,14184,S5,3684,1078,2946,5006,10000,0
A5 54 69 37 05 45 0E 35 04 82 0B 8E 13 10 27 00 00 00 90  TEL,14185,S5,3653,1077,2946,5006,10000,0
A5 54 6A 37 05 45 0E 35 04 82 0B 8E 13 10 27 00 00 00 96  TEL,14186,S5,3653,1077,2946,5006,10000,0
A5 54 6B 37 05 26 0E 34 04 82 0B 8E 13 10 27 00 00 00 35  TEL,14187,S5,3622,1076,2946,5006,10000,0
A5 54 6C 37 05 45 0E 35 04 82 0B 8E 13 10 27 00 00 00 9A  TEL,14188,S5,3653,1077,2946,5006,10000,0
A5 54 6D 37 05 45 0E 35 04 82 0B 8E 13 10 27 00 00 00 98  TEL,14189,S5,3653,1077,2946,5006,10000,0
A5 54 6E 37 05 83 0E 37 04 82 0B 8E 13 10 27 00 00 00 DB  TEL,14190,S5,3715,1079,2946,5006,10000,0
A5 54 6F 37 05 26 0E 34 04 82 0B 8E 13 10 27 00 00 00 3D  TEL,14191,S5,3622,1076,2946,5006,10000,0
A5 54 70 37 05 26 0E 34 04 82 0B 8E 13 10 27 00 00 00 03  TEL,14192,S5,3622,1076,2946,5006,10000,0
A5 54 71 37 05 45 0E 35 04 82 0B 8E 13 10 27 00 00 00 A0  TEL,14193,S5,3653,1077,2946,5006,10000,0
A5 54 72 37 05 45 0E 35 04 82 0B 8E 13 10 27 00 00 00 A6  TEL,14194,S5,3653,1077,2946,5006,10000,0
A5 54 73 37 05 26 0E 34 04 82 0B 8E 13 10 27 00 00 00 05  TEL,14195,S5,3622,1076,2946,5006,10000,0
A5 54 74 37 05 A3 0E 38 04 82 0B 8E 13 10 27 00 00 00 B4  TEL,14196,S5,3747,1080,2946,5006,10000,0
A5 54 75 37 05 45 0E 35 04 82 0B 8E 13 10 27 00 00 00 A8  TEL,14197,S5,3653,1077,2946,5006,10000,0
A5 54 76 37 05 83 0E 37 04 82 0B 8F 13 10 27 00 00 00 34  TEL,14198,S5,3715,1079,2946,5007,10000,0
A5 54 77 37 05 26 0E 34 04 82 0B 8E 13 10 27 00 00 00 0D  TEL,14199,S5,3622,1076,2946,5006,10000,0
A5 54 78 37 05 45 0E 35 04 82 0B 8E 13 10 27 00 00 00 B2  TEL,14200,S5,3653,1077,2946,5006,10000,0
A5 54 79 37 05 45 0E 35 04 82 0B 8E 13 10 27 00 00 00 B0  TEL,14201,S5,3653,1077,2946,5006,10000,0
A5 54 7A 37 05 45 0E 35 04 82 0B 8E 13 10 27 00 00 00 B6  TEL,14202,S5,3653,1077,2946,5006,10000,0
A5 54 7B 37 05 45 0E 35 04 82 0B 8E 13 10 27 00 00 00 B4  TEL,14203,S5,3653,1077,2946,5006,10000,0
A5 54 7C 37 05 26 0E 34 04 82 0B 8E 13 10 27 00 00 00 1B  TEL,14204,S5,3622,1076,2946,5006,10000,0
A5 54 7D 37 05 83 0E 37 04 82 0B 8E 13 10 27 00 00 00 FD  TEL,14205,S5,3715,1079,2946,5006,10000,0
A5 54 7E 37 05 07 0E 33 04 82 0B 8E 13 10 27 00 00 00 28  TEL,14206,S5,3591,1075,2946,5006,10000,0
A5 54 7F 37 05 26 0E 34 04 82 0B 8E 13 10 27 00 00 00 1D  TEL,14207,S5,3622,1076,2946,5006,10000,0
A5 54 80 37 05 A3 0E 38 04 82 0B 8E 13 10 27 00 00 00 5B  TEL,14208,S5,3747,1080,2946,5006,10000,0
A5 54 81 37 05 45 0E 35 04 82 0B 8E 13 10 27 00 00 00 47  TEL,14209,S5,3653,1077,2946,5006,10000,0
A5 54 82 37 05 07 0E 33 04 82 0B 8E 13 10 27 00 00 00 D7  TEL,14210,S5,3591,1075,2946,5006,10000,0
A5 54 83 37 05 45 0E 35 04 82 0B 8E 13 10 27 00 00 00 43  TEL,14211,S5,3653,1077,2946,5006,10000,0
A5 54 84 37 05 45 0E 35 04 82 0B 8E 13 10 27 00 00 00 4D  TEL,14212,S5,3653,1077,2946,5006,10000,0
A5 54 85 37 05 45 0E 35 04 82 0B 8E 13 10 27 00 00 00 4F  TEL,14213,S5,3653,1077,2946,5006,10000,0
A5 54 86 37 05 AA 0D 2F 04 82 0B 8E 13 10 27 00 00 00 32  TEL,14214,S5,3498,1071,2946,5006,10000,0
A5 54 87 37 05 83 0E 37 04 82 0B 8E 13 10 27 00 00 00 0E  TEL,14215,S5,3715,1079,2946,5006,10000,0
A5 54 88 37 05 45 0E 35 04 82 0B 8E 13 10 27 00 00 00 55  TEL,14216,S5,3653,1077,2946,5006,10000,0
A5 54 89 37 05 26 0E 34 04 82 0B 8E 13 10 27 00 00 00 F6  TEL,14217,S5,3622,1076,2946,5006,10000,0
A5 54 8A 37 05 64 0E 36 04 82 0B 8E 13 10 27 00 00 00 1A  TEL,14218,S5,3684,1078,2946,5006,10000,0
A5 42 56 00 05 8B 37 37 13 B5 0D 4F 13 B5 0D 52 13 B5 0D 94  BTN,86,S5,PRESSED,14219,229970743,229970767,229970770
A5 54 8C 37 05 45 0E 35 04 82 0B DD 13 10 27 00 00 01 AA  TEL,14220,S5,3653,1077,2946,5085,10000,1
A5 54 8D 37 05 26 0E 34 04 82 0B 8F 13 10 27 00 00 00 21  TEL,14221,S5,3622,1076,2946,5007,10000,0
A5 54 8E 37 05 45 0E 35 04 82 0B 8E 13 10 27 00 00 00 59  TEL,14222,S5,3653,1077,2946,5006,10000,0
A5 54 8F 37 05 64 0E 36 04 82 0B 8E 13 10 27 00 00 00 10  TEL,14223,S5,3684,1078,2946,5006,10000,0
A5 54 90 37 05 A3 0E 38 04 82 0B 8E 13 10 27 00 00 00 7B  TEL,14224,S5,3747,1080,2946,5006,10000,0
A5 54 91 37 05 07 0E 33 04 82 0B 8E 13 10 27 00 00 00 F1  TEL,14225,S5,3591,1075,2946,5006,10000,0
A5 54 92 37 05 45 0E 35 04 82 0B 8E 13 10 27 00 00 00 61  TEL,14226,S5,3653,1077,2946,5006,10000,0
A5 54 93 37 05 64 0E 36 04 82 0B 8E 13 10 27 00 00 00 28  TEL,14227,S5,3684,1078,2946,5006,10000,0
A5 54 94 37 05 26 0E 34 04 82 0B 8E 13 10 27 00 00 00 CC  TEL,14228,S5,3622,1076,2946,5006,10000,0
A5 54 95 37 05 45 0E 35 04 82 0B 8E 13 10 27 00 00 00 6F  TEL,14229,S5,3653,1077,2946,5006,10000,0
A5 54 96 37 05 07 0E 33 04 82 0B 8E 13 10 27 00 00 00 FF  TEL,14230,S5,3591,1075,2946,5006,10000,0
A5 54 97 37 05 07 0E 33 04 82 0B 8E 13 10 27 00 00 00 FD  TEL,14231,S5,3591,1075,2946,5006,10000,0
A5 54 98 37 05 45 0E 35 04 82 0B 8E 13 10 27 00 00 00 75  TEL,14232,S5,3653,1077,2946,5006,10000,0
A5 54 99 37 05 64 0E 36 04 82 0B 8E 13 10 27 00 00 00 3C  TEL,14233,S5,3684,1078,2946,5006,10000,0
A5 54 9A 37 05 07 0E 33 04 82 0B 8E 13 10 27 00 00 00 E7  TEL,14234,S5,3591,1075,2946,5006,10000,0
A5 54 9B 37 05 26 0E 34 04 82 0B 8E 13 10 27 00 00 00 D2  TEL,14235,S5,3622,1076,2946,5006,10000,0
A5 54 9C 37 05 83 0E 37 04 82 0B 8E 13 10 27 00 00 00 38  TEL,14236,S5,3715,1079,2946,5006,10000,0
A5 54 9D 37 05 45 0E 35 04 82 0B 8E 13 10 27 00 00 00 7F  TEL,14237,S5,3653,1077,2946,5006,10000,0
A5 54 9E 37 05 64 0E 36 04 82 0B 8E 13 10 27 00 00 00 32  TEL,14238,S5,3684,1078,2946,5006,10000,0
A5 54 9F 37 05 64 0E 36 04 82 0B 8E 13 10 27 00 00 00 30  TEL,14239,S5,3684,1078,2946,5006,10000,0
A5 54 A0 37 05 64 0E 36 04 82 0B 8E 13 10 27 00 00 00 4E  TEL,14240,S5,3684,1078,2946,5006,10000,0
A5 54 A1 37 05 C2 0E 3A 04 82 0B 8E 13 10 27 00 00 00 B6  TEL,14241,S5,3778,1082,2946,5006,10000,0
A5 54 A2 37 05 45 0E 35 04 82 0B 8E 13 10 27 00 00 00 01  TEL,14242,S5,3653,1077,2946,5006,10000,0
A5 54 A3 37 05 45 0E 35 04 82 0B 8E 13 10 27 00 00 00 03  TEL,14243,S5,3653,1077,2946,5006,10000,0
A5 54 A4 37 05 45 0E 35 04 82 0B 8E 13 10 27 00 00 00 0D  TEL,14244,S5,3653,1077,2946,5006,10000,0
A5 54 A5 37 05 26 0E 34 04 82 0B 8E 13 10 27 00 00 00 AE  TEL,14245,S5,3622,1076,2946,5006,10000,0
A5 54 A6 37 05 45 0E 35 04 82 0B 8E 13 10 27 00 00 00 09  TEL,14246,S5,3653,1077,2946,5006,10000,0
A5 54 A7 37 05 26 0E 34 04 82 0B 8E 13 10 27 00 00 00 AA  TEL,14247,S5,3622,1076,2946,5006,10000,0
A5 54 A8 37 05 45 0E 35 04 82 0B 8E 13 10 27 00 00 00 15  TEL,14248,S5,3653,1077,2946,5006,10000,0
A5 54 A9 37 05 64 0E 36 04 82 0B 90 13 11 27 00 00 00 CB  TEL,14249,S5,3684,1078,2946,5008,10001,0
A5 54 AA 37 05 C9 0D 31 04 82 0B 8E 13 0F 27 00 00 00 9B  TEL,14250,S5,3529,1073,2946,5006,9999,0
A5 54 AB 37 05 45 0E 35 04 82 0B 8E 13 10 27 00 00 00 13  TEL,14251,S5,3653,1077,2946,5006,10000,0
A5 54 AC 37 05 A3 0E 38 04 82 0B 8E 13 10 27 00 00 00 03  TEL,14252,S5,3747,1080,2946,5006,10000,0
A5 54 AD 37 05 26 0E 34 04 82 0B 8E 13 10 27 00 00 00 BE  TEL,14253,S5,3622,1076,2946,5006,10000,0
A5 54 AE 37 05 45 0E 35 04 82 0B 8E 13 10 27 00 00 00 19  TEL,14254,S5,3653,1077,2946,5006,10000,0
A5 54 AF 37 05 07 0E 33 04 82 0B 8E 13 10 27 00 00 00 8D  TEL,14255,S5,3591,1075,2946,5006,10000,0
A5 54 B0 37 05 E8 0D 32 04 82 0B 8E 13 10 27 00 00 00 E6  TEL,14256,S5,3560,1074,2946,5006,10000,0
A5 54 B1 37 05 AA 0D 2F 04 82 0B 8E 13 10 27 00 00 00 5C  TEL,14257,S5,3498,1071,2946,5006,10000,0
A5 54 B2 37 05 A3 0E 38 04 82 0B 8E 13 10 27 00 00 00 3F  TEL,14258,S5,3747,1080,2946,5006,10000,0
A5 54 B3 37 05 07 0E 33 04 82 0B 8E 13 10 27 00 00 00 B5  TEL,14259,S5,3591,1075,2946,5006,10000,0
A5 54 B4 37 05 45 0E 35 04 82 0B 8E 13 10 27 00 00 00 2D  TEL,14260,S5,3653,1077,2946,5006,10000,0
A5 54 B5 37 05 45 0E 35 04 82 0B 8E 13 10 27 00 00 00 2F  TEL,14261,S5,3653,1077,2946,5006,10000,0
A5 54 B6 37 05 45 0E 35 04 82 0B 8E 13 10 27 00 00 00 29  TEL,14262,S5,3653,1077,2946,5006,10000,0
A5 54 B7 37 05 64 0E 36 04 82 0B 8E 13 10 27 00 00 00 60  TEL,14263,S5,3684,1078,2946,5006,10000,0
A5 54 B8 37 05 45 0E 35 04 82 0B 8E 13 10 27 00 00 00 35  TEL,14264,S5,3653,1077,2946,5006,10000,0
A5 54 B9 37 05 64 0E 36 04 82 0B 8E 13 10 27 00 00 00 7C  TEL,14265,S5,3684,1078,2946,5006,10000,0
A5 54 BA 37 05 64 0E 36 04 82 0B 8E 13 10 27 00 00 00 7A  TEL,14266,S5,3684,1078,2946,5006,10000,0
A5 54 BB 37 05 45 0E 35 04 82 0B 8E 13 10 27 00 00 00 33  TEL,14267,S5,3653,1077,2946,5006,10000,0
A5 54 BC 37 05 64 0E 36 04 82 0B 8E 13 10 27 00 00 00 76  TEL,14268,S5,3684,1078,2946,5006,10000,0
A5 54 BD 37 05 64 0E 36 04 82 0B 8E 13 10 27 00 00 00 74  TEL,14269,S5,3684,1078,2946,5006,10000,0
A5 54 BE 37 05 A3 0E 38 04 82 0B 8E 13 10 27 00 00 00 27  TEL,14270,S5,3747,1080,2946,5006,10000,0
A5 54 BF 37 05 07 0E 33 04 82 0B 8E 13 10 27 00 00 00 AD  TEL,14271,S5,3591,1075,2946,5006,10000,0
A5 54 C0 37 05 45 0E 35 04 82 0B 8E 13 10 27 00 00 00 C5  TEL,14272,S5,3653,1077,2946,5006,10000,0
A5 54 C1 37 05 26 0E 34 04 82 0B 8E 13 10 27 00 00 00 66  TEL,14273,S5,3622,1076,2946,5006,10000,0
A5 54 C2 37 05 64 0E 36 04 82 0B 8E 13 10 27 00 00 00 8A  TEL,14274,S5,3684,1078,2946,5006,10000,0
A5 54 C3 37 05 07 0E 33 04 82 0B 8E 13 10 27 00 00 00 55  TEL,14275,S5,3591,1075,2946,5006,10000,0
A5 54 C4 37 05 45 0E 35 04 82 0B 8E 13 10 27 00 00 00 CD  TEL,14276,S5,3653,1077,2946,5006,10000,0
A5 54 C5 37 05 26 0E 34 04 82 0B 8E 13 10 27 00 00 00 6E  TEL,14277,S5,3622,1076,2946,5006,10000,0
A5 54 C6 37 05 45 0E 35 04 82 0B 8E 13 10 27 00 00 00 C9  TEL,14278,S5,3653,1077,2946,5006,10000,0
A5 54 C7 37 05 45 0E 35 04 82 0B 8E 13 10 27 00 00 00 CB  TEL,14279,S5,3653,1077,2946,5006,10000,0
A5 54 C8 37 05 A3 0E 38 04 82 0B 8E 13 10 27 00 00 00 CB  TEL,14280,S5,3747,1080,2946,5006,10000,0
A5 54 C9 37 05 64 0E 36 04 82 0B 8E 13 10 27 00 00 00 9C  TEL,14281,S5,3684,1078,2946,5006,10000,0
A5 54 CA 37 05 64 0E 36 04 82 0B 8E 13 10 27 00 00 00 9A  TEL,14282,S5,3684,1078,2946,5006,10000,0
A5 54 CB 37 05 83 0E 37 04 82 0B 8E 13 10 27 00 00 00 96  TEL,14283,S5,3715,1079,2946,5006,10000,0
A5 54 CC 37 05 C9 0D 31 04 82 0B 8E 13 10 27 00 00 00 55  TEL,14284,S5,3529,1073,2946,5006,10000,0
A5 54 CD 37 05 26 0E 34 04 82 0B 8E 13 10 27 00 00 00 7E  TEL,14285,S5,3622,1076,2946,5006,10000,0
A5 54 CE 37 05 A3 0E 38 04 82 0B 8E 13 10 27 00 00 00 C7  TEL,14286,S5,3747,1080,2946,5006,10000,0
A5 54 CF 37 05 07 0E 33 04 82 0B 8E 13 10 27 00 00 00 4D  TEL,14287,S5,3591,1075,2946,5006,10000,0
A5 54 D0 37 05 45 0E 35 04 82 0B 8E 13 10 27 00 00 00 E5  TEL,14288,S5,3653,1077,2946,5006,10000,0
A5 54 D1 37 05 26 0E 34 04 82 0B 8E 13 10 27 00 00 00 46  TEL,14289,S5,3622,1076,2946,5006,10000,0
A5 54 D2 37 05 07 0E 33 04 82 0B 8E 13 10 27 00 00 00 77  TEL,14290,S5,3591,1075,2946,5006,10000,0
A5 54 D3 37 05 26 0E 34 04 82 0B 8E 13 10 27 00 00 00 42  TEL,14291,S5,3622,1076,2946,5006,10000,0
A5 54 D4 37 05 07 0E 33 04 82 0B 8E 13 10 27 00 00 00 7B  TEL,14292,S5,3591,1075,2946,5006,10000,0
A5 54 D5 37 05 A3 0E 38 04 82 0B 8E 13 10 27 00 00 00 F1  TEL,14293,S5,3747,1080,2946,5006,10000,0
A5 54 D6 37 05 26 0E 34 04 82 0B 8E 13 10 27 00 00 00 48  TEL,14294,S5,3622,1076,2946,5006,10000,0
A5 54 D7 37 05 07 0E 33 04 82 0B 8E 13 10 27 00 00 00 7D  TEL,14295,S5,3591,1075,2946,5006,10000,0
A5 54 D8 37 05 45 0E 35 04 82 0B 8E 13 10 27 00 00 00 F5  TEL,14296,S5,3653,1077,2946,5006,10000,0
A5 54 D9 37 05 26 0E 34 04 82 0B 8E 13 10 27 00 00 00 56  TEL,14297,S5,3622,1076,2946,5006,10000,0
A5 54 DA 37 05 A3 0E 38 04 82 0B 8E 13 10 27 00 00 00 EF  TEL,14298,S5,3747,1080,2946,5006,10000,0
A5 54 DB 37 05 45 0E 35 04 82 0B 8E 13 10 27 00 00 00 F3  TEL,14299,S5,3653,1077,2946,5006,10000,0
A5 54 DC 37 05 64 0E 36 04 82 0B 8E 13 10 27 00 00 00 B6  TEL,14300,S5,3684,1078,2946,5006,10000,0
A5 54 DD 37 05 E8 0D 32 04 82 0B 8E 13 10 27 00 00 00 3C  TEL,14301,S5,3560,1074,2946,5006,10000,0
A5 54 DE 37 05 45 0E 35 04 82 0B 8E 13 10 27 00 00 00 F9  TEL,14302,S5,3653,1077,2946,5006,10000,0
A5 54 DF 37 05 45 0E 35 04 82 0B 8E 13 10 27 00 00 00 FB  TEL,14303,S5,3653,1077,2946,5006,10000,0
A5 54 E0 37 05 07 0E 33 04 82 0B 8E 13 10 27 00 00 00 13  TEL,14304,S5,3591,1075,2946,5006,10000,0
A5 54 E1 37 05 45 0E 35 04 82 0B 8E 13 10 27 00 00 00 87  TEL,14305,S5,3653,1077,2946,5006,10000,0
A5 54 E2 37 05 45 0E 35 04 82 0B 8E 13 10 27 00 00 00 81  TEL,14306,S5,3653,1077,2946,5006,10000,0
A5 54 E3 37 05 07 0E 33 04 82 0B 8E 13 10 27 00 00 00 15  TEL,14307,S5,3591,1075,2946,5006,10000,0
A5 54 E4 37 05 C2 0E 39 04 82 0B 8E 13 10 27 00 00 00 1D  TEL,14308,S5,3778,1081,2946,5006,10000,0
A5 54 E5 37 05 26 0E 34 04 82 0B 8E 13 10 27 00 00 00 2E  TEL,14309,S5,3622,1076,2946,5006,10000,0
A5 54 E6 37 05 A3 0E 38 04 82 0B 8E 13 10 27 00 00 00 97  TEL,14310,S5,3747,1080,2946,5006,10000,0
A5 54 E7 37 05 07 0E 33 04 82 0B 8E 13 10 27 00 00 00 1D  TEL,14311,S5,3591,1075,2946,5006,10000,0
A5 54 E8 37 05 45 0E 35 04 82 0B 8E 13 10 27 00 00 00 95  TEL,14312,S5,3653,1077,2946,5006,10000,0
A5 42 57 00 05 E9 37 31 36 C3 0D 49 36 C3 0D 4B 36 C3 0D 55  BTN,87,S5,PRESSED,14313,230897201,230897225,230897227
A5 54 EA 37 05 26 0E 34 04 82 0B 8F 13 10 27 00 00 00 EF  TEL,14314,S5,3622,1076,2946,5007,10000,0
A5 54 EB 37 05 45 0E 35 04 82 0B 8E 13 10 27 00 00 00 93  TEL,14315,S5,3653,1077,2946,5006,10000,0
A5 54 EC 37 05 64 0E 36 04 82 0B 8E 13 10 27 00 00 00 D6  TEL,14316,S5,3684,1078,2946,5006,10000,0
A5 54 ED 37 05 C2 0E 39 04 82 0B 8E 13 10 27 00 00 00 0F  TEL,14317,S5,3778,1081,2946,5006,10000,0
A5 54 EE 37 05 A3 0E 38 04 82 0B 8E 13 10 27 00 00 00 87  TEL,14318,S5,3747,1080,2946,5006,10000,0
A5 54 EF 37 05 07 0E 33 04 82 0B 8E 13 10 27 00 00 00 0D  TEL,14319,S5,3591,1075,2946,5006,10000,0
A5 54 F0 37 05 45 0E 35 04 82 0B 8E 13 10 27 00 00 00 A5  TEL,14320,S5,3653,1077,2946,5006,10000,0
A5 54 F1 37 05 45 0E 35 04 82 0B 8E 13 10 27 00 00 00 A7  TEL,14321,S5,3653,1077,2946,5006,10000,0
A5 54 F2 37 05 A3 0E 38 04 82 0B 8E 13 10 27 00 00 00 BF  TEL,14322,S5,3747,1080,2946,5006,10000,0
A5 54 F3 37 05 26 0E 34 04 82 0B 8E 13 10 27 00 00 00 02  TEL,14323,S5,3622,1076,2946,5006,10000,0
A5 54 F4 37 05 83 0E 37 04 82 0B 8E 13 10 27 00 00 00 E8  TEL,14324,S5,3715,1079,2946,5006,10000,0
A5 54 F5 37 05 83 0E 37 04 82 0B 8E 13 10 27 00 00 00 EA  TEL,14325,S5,3715,1079,2946,5006,10000,0
A5 54 F6 37 05 A3 0E 38 04 82 0B 8F 13 10 27 00 00 00 68  TEL,14326,S5,3747,1080,2946,5007,10000,0
A5 54 F7 37 05 45 0E 35 04 82 0B 8E 13 10 27 00 00 00 AB  TEL,14327,S5,3653,1077,2946,5006,10000,0
A5 54 F8 37 05 07 0E 33 04 82 0B 93 13 10 27 00 00 00 B0  TEL,14328,S5,3591,1075,2946,5011,10000,0
A5 54 F9 37 05 64 0E 36 04 82 0B 8E 13 10 27 00 00 00 FC  TEL,14329,S5,3684,1078,2946,5006,10000,0
A5 54 FA 37 05 45 0E 35 04 82 0B 8E 13 10 27 00 00 00 B1  TEL,14330,S5,3653,1077,2946,5006,10000,0
A5 54 FB 37 05 45 0E 35 04 82 0B 8E 13 10 27 00 00 00 B3  TEL,14331,S5,3653,1077,2946,5006,10000,0
A5 54 FC 37 05 45 0E 35 04 82 0B 8E 13 10 27 00 00 00 BD  TEL,14332,S5,3653,1077,2946,5006,10000,0
A5 54 FD 37 05 45 0E 35 04 82 0B 8E 13 10 27 00 00 00 BF  TEL,14333,S5,3653,1077,2946,5006,10000,0
A5 54 FE 37 05 A3 0E 38 04 82 0B 8E 13 10 27 00 00 00 A7  TEL,14334,S5,3747,1080,2946,5006,10000,0
A5 54 FF 37 05 07 0E 33 04 82 0B 8E 13 10 27 00 00 00 2D  TEL,14335,S5,3591,1075,2946,5006,10000,0
A5 54 00 38 05 64 0E 36 04 82 0B 8E 13 10 27 00 00 00 B8  TEL,14336,S5,3684,1078,2946,5006,10000,0
A5 54 01 38 05 26 0E 34 04 82 0B 8E 13 10 27 00 00 00 50  TEL,14337,S5,3622,1076,2946,5006,10000,0
A5 54 02 38 05 45 0E 35 04 82 0B 8E 13 10 27 00 00 00 F7  TEL,14338,S5,3653,1077,2946,5006,10000,0
A5 54 03 38 05 64 0E 36 04 82 0B 8E 13 10 27 00 00 00 BE  TEL,14339,S5,3684,1078,2946,5006,10000,0
A5 54 04 38 05 45 0E 35 04 82 0B 8E 13 10 27 00 00 00 FB  TEL,14340,S5,3653,1077,2946,5006,10000,0
A5 54 05 38 05 A3 0E 38 04 82 0B 8E 13 10 27 00 00 00 E7  TEL,14341,S5,3747,1080,2946,5006,10000,0
A5 54 06 38 05 45 0E 35 04 82 0B 8E 13 10 27 00 00 00 FF  TEL,14342,S5,3653,1077,2946,5006,10000,0
A5 54 07 38 05 45 0E 35 04 82 0B 8E 13 10 27 00 00 00 FD  TEL,14343,S5,3653,1077,2946,5006,10000,0
A5 54 08 38 05 07 0E 33 04 82 0B 8E 13 10 27 00 00 00 75  TEL,14344,S5,3591,1075,2946,5006,10000,0
A5 54 09 38 05 64 0E 36 04 82 0B 8E 13 10 27 00 00 00 AA  TEL,14345,S5,3684,1078,2946,5006,10000,0
A5 54 0A 38 05 45 0E 35 04 82 0B 8E 13 10 27 00 00 00 E7  TEL,14346,S5,3653,1077,2946,5006,10000,0
A5 54 0B 38 05 45 0E 35 04 82 0B 8E 13 10 27 00 00 00 E5  TEL,14347,S5,3653,1077,2946,5006,10000,0
A5 54 0C 38 05 64 0E 36 04 82 0B 8E 13 10 27 00 00 00 A0  TEL,14348,S5,3684,1078,2946,5006,10000,0
A5 54 0D 38 05 45 0E 35 04 82 0B 8E 13 10 27 00 00 00 E9  TEL,14349,S5,3653,1077,2946,5006,10000,0
A5 54 0E 38 05 45 0E 35 04 82 0B 8E 13 10 27 00 00 00 EF  TEL,14350,S5,3653,1077,2946,5006,10000,0
A5 54 0F 38 05 45 0E 35 04 82 0B 8E 13 10 27 00 00 00 ED  TEL,14351,S5,3653,1077,2946,5006,10000,0
A5 54 10 38 05 45 0E 35 04 82 0B 8E 13 10 27 00 00 00 D3  TEL,14352,S5,3653,1077,2946,5006,10000,0
A5 54 11 38 05 45 0E 35 04 82 0B 8E 13 10 27 00 00 00 D1  TEL,14353,S5,3653,1077,2946,5006,10000,0
A5 54 12 38 05 26 0E 34 04 82 0B 8E 13 10 27 00 00 00 76  TEL,14354,S5,3622,1076,2946,5006,10000,0
A5 54 13 38 05 45 0E 35 04 82 0B 8E 13 10 27 00 00 00 D5  TEL,14355,S5,3653,1077,2946,5006,10000,0
A5 54 14 38 05 07 0E 33 04 82 0B 8E 13 10 27 00 00 00 4D  TEL,14356,S5,3591,1075,2946,5006,10000,0
A5 54 15 38 05 A3 0E 38 04 82 0B 8E 13 10 27 00 00 00 C7  TEL,14357,S5,3747,1080,2946,5006,10000,0
A5 54 16 38 05 45 0E 35 04 82 0B 8E 13 10 27 00 00 00 DF  TEL,14358,S5,3653,1077,2946,5006,10000,0
A5 54 17 38 05 45 0E 35 04 82 0B 8E 13 10 27 00 00 00 DD  TEL,14359,S5,3653,1077,2946,5006,10000,0
A5 54 18 38 05 45 0E 35 04 82 0B 8E 13 10 27 00 00 00 C3  TEL,14360,S5,3653,1077,2946,5006,10000,0
A5 54 19 38 05 45 0E 35 04 82 0B 8E 13 10 27 00 00 00 C1  TEL,14361,S5,3653,1077,2946,5006,10000,0
A5 54 1A 38 05 26 0E 34 04 82 0B 8E 13 10 27 00 00 00 66  TEL,14362,S5,3622,1076,2946,5006,10000,0
A5 54 1B 38 05 45 0E 35 04 82 0B 8E 13 10 27 00 00 00 C5  TEL,14363,S5,3653,1077,2946,5006,10000,0
A5 54 1C 38 05 C2 0E 39 04 82 0B 8E 13 10 27 00 00 00 5B  TEL,14364,S5,3778,1081,2946,5006,10000,0
A5 54 1D 38 05 64 0E 36 04 82 0B 8E 13 10 27 00 00 00 82  TEL,14365,S5,3684,1078,2946,5006,10000,0
A5 54 1E 38 05 45 0E 35 04 82 0B 8E 13 10 27 00 00 00 CF  TEL,14366,S5,3653,1077,2946,5006,10000,0
A5 54 1F 38 05 45 0E 35 04 82 0B 8E 13 10 27 00 00 00 CD  TEL,14367,S5,3653,1077,2946,5006,10000,0
A5 54 20 38 05 45 0E 35 04 82 0B 8E 13 10 27 00 00 00 B3  TEL,14368,S5,3653,1077,2946,5006,10000,0
A5 54 21 38 05 26 0E 34 04 82 0B 8E 13 10 27 00 00 00 10  TEL,14369,S5,3622,1076,2946,5006,10000,0
A5 54 22 38 05 45 0E 35 04 82 0B 8E 13 10 27 00 00 00 B7  TEL,14370,S5,3653,1077,2946,5006,10000,0
A5 54 23 38 05 45 0E 35 04 82 0B 8E 13 10 27 00 00 00 B5  TEL,14371,S5,3653,1077,2946,5006,10000,0
A5 54 24 38 05 64 0E 36 04 82 0B 8E 13 10 27 00 00 00 F0  TEL,14372,S5,3684,1078,2946,5006,10000,0
A5 54 25 38 05 45 0E 35 04 82 0B 8E 13 10 27 00 00 00 B9  TEL,14373,S5,3653,1077,2946,5006,10000,0
A5 54 26 38 05 26 0E 34 04 82 0B 8E 13 10 27 00 00 00 1E  TEL,14374,S5,3622,1076,2946,5006,10000,0
A5 54 27 38 05 64 0E 36 04 82 0B 8E 13 10 27 00 00 00 F6  TEL,14375,S5,3684,1078,2946,5006,10000,0
A5 54 28 38 05 07 0E 33 04 82 0B 8F 13 10 27 00 00 00 EA  TEL,14376,S5,3591,1075,2946,5007,10000,0
A5 54 29 38 05 A3 0E 38 04 82 0B 8E 13 10 27 00 00 00 BF  TEL,14377,S5,3747,1080,2946,5006,10000,0
A5 54 2A 38 05 45 0E 35 04 82 0B 8E 13 10 27 00 00 00 A7  TEL,14378,S5,3653,1077,2946,5006,10000,0
A5 54 2B 38 05 64 0E 36 04 82 0B 8E 13 10 27 00 00 00 EE  TEL,14379,S5,3684,1078,2946,5006,10000,0
A5 54 2C 38 05 83 0E 37 04 82 0B 8E 13 10 27 00 00 00 EE  TEL,14380,S5,3715,1079,2946,5006,10000,0
A5 54 2D 38 05 26 0E 34 04 82 0B 8E 13 10 27 00 00 00 08  TEL,14381,S5,3622,1076,2946,5006,10000,0
A5 54 2E 38 05 A3 0E 38 04 82 0B 8E 13 10 27 00 00 00 B1  TEL,14382,S5,3747,1080,2946,5006,10000,0
A5 54 2F 38 05 45 0E 35 04 82 0B 8E 13 10 27 00 00 00 AD  TEL,14383,S5,3653,1077,2946,5006,10000,0
A5 54 30 38 05 64 0E 36 04 82 0B 8E 13 10 27 00 00 00 D8  TEL,14384,S5,3684,1078,2946,5006,10000,0
A5 54 31 38 05 45 0E 35 04 82 0B 8E 13 10 27 00 00 00 91  TEL,14385,S5,3653,1077,2946,5006,10000,0
A5 54 32 38 05 A3 0E 38 04 82 0B 8E 13 10 27 00 00 00 89  TEL,14386,S5,3747,1080,2946,5006,10000,0
A5 54 33 38 05 64 0E 36 04 82 0B 8E 13 10 27 00 00 00 DE  TEL,14387,S5,3684,1078,2946,5006,10000,0
A5 54 34 38 05 45 0E 35 04 82 0B 8E 13 10 27 00 00 00 9B  TEL,14388,S5,3653,1077,2946,5006,10000,0
A5 54 35 38 05 A3 0E 38 04 82 0B 8E 13 10 27 00 00 00 87  TEL,14389,S5,3747,1080,2946,5006,10000,0
A5 54 36 38 05 45 0E 35 04 82 0B 8E 13 10 27 00 00 00 9F  TEL,14390,S5,3653,1077,2946,5006,10000,0
A5 54 37 38 05 07 0E 33 04 82 0B 8E 13 10 27 00 00 00 0B  TEL,14391,S5,3591,1075,2946,5006,10000,0
A5 54 38 38 05 64 0E 36 04 82 0B 8E 13 10 27 00 00 00 C8  TEL,14392,S5,3684,1078,2946,5006,10000,0
A5 54 39 38 05 64 0E 36 04 82 0B 8E 13 10 27 00 00 00 CA  TEL,14393,S5,3684,1078,2946,5006,10000,0
A5 54 3A 38 05 45 0E 35 04 82 0B 8E 13 10 27 00 00 00 87  TEL,14394,S5,3653,1077,2946,5006,10000,0
A5 54 3B 38 05 45 0E 35 04 82 0B 8E 13 10 27 00 00 00 85  TEL,14395,S5,3653,1077,2946,5006,10000,0
A5 54 3C 38 05 45 0E 35 04 82 0B 8E 13 10 27 00 00 00 8B  TEL,14396,S5,3653,1077,2946,5006,10000,0
A5 54 3D 38 05 64 0E 36 04 82 0B 8E 13 10 27 00 00 00 C2  TEL,14397,S5,3684,1078,2946,5006,10000,0
A5 54 3E 38 05 64 0E 36 04 82 0B 8E 13 10 27 00 00 00 C4  TEL,14398,S5,3684,1078,2946,5006,10000,0
A5 54 3F 38 05 45 0E 35 04 82 0B 8E 13 10 27 00 00 00 8D  TEL,14399,S5,3653,1077,2946,5006,10000,0
A5 42 58 00 05 40 38 26 59 D0 0D 3E 59 D0 0D 40 59 D0 0D 2B  BTN,88,S5,PRESSED,14400,231758118,231758142,231758144
A5 54 41 38 05 64 0E 36 04 82 0B 8E 13 10 27 00 00 00 3A  TEL,14401,S5,3684,1078,2946,5006,10000,0
A5 54 42 38 05 26 0E 34 04 82 0B 8F 13 10 27 00 00 00 09  TEL,14402,S5,3622,1076,2946,5007,10000,0
A5 54 43 38 05 07 0E 33 04 82 0B 8E 13 10 27 00 00 00 E3  TEL,14403,S5,3591,1075,2946,5006,10000,0
A5 54 44 38 05 07 0E 33 04 82 0B 8E 13 10 27 00 00 00 ED  TEL,14404,S5,3591,1075,2946,5006,10000,0
A5 54 45 38 05 45 0E 35 04 82 0B 8E 13 10 27 00 00 00 79  TEL,14405,S5,3653,1077,2946,5006,10000,0
A5 54 46 38 05 45 0E 35 04 82 0B 8E 13 10 27 00 00 00 7F  TEL,14406,S5,3653,1077,2946,5006,10000,0
A5 54 47 38 05 07 0E 33 04 82 0B 8E 13 10 27 00 00 00 EB  TEL,14407,S5,3591,1075,2946,5006,10000,0
A5 54 48 38 05 C2 0E 39 04 82 0B 8E 13 10 27 00 00 00 F3  TEL,14408,S5,3778,1081,2946,5006,10000,0
A5 54 49 38 05 64 0E 36 04 82 0B 8E 13 10 27 00 00 00 2A  TEL,14409,S5,3684,1078,2946,5006,10000,0
A5 54 4A 38 05 45 0E 35 04 82 0B 8E 13 10 27 00 00 00 67  TEL,14410,S5,3653,1077,2946,5006,10000,0
A5 54 4B 38 05 45 0E 35 04 82 0B 8E 13 10 27 00 00 00 65  TEL,14411,S5,3653,1077,2946,5006,10000,0
A5 54 4C 38 05 C9 0D 30 04 82 0B 8E 13 10 27 00 00 00 FC  TEL,14412,S5,3529,1072,2946,5006,10000,0
A5 54 4D 38 05 45 0E 35 04 82 0B 8E 13 10 27 00 00 00 69  TEL,14413,S5,3653,1077,2946,5006,10000,0
A5 54 4E 38 05 45 0E 35 04 82 0B 8E 13 10 27 00 00 00 6F  TEL,14414,S5,3653,1077,2946,5006,10000,0
A5 54 4F 38 05 26 0E 34 04 82 0B 8E 13 10 27 00 00 00 CC  TEL,14415,S5,3622,1076,2946,5006,10000,0
A5 54 50 38 05 64 0E 36 04 82 0B 8E 13 10 27 00 00 00 18  TEL,14416,S5,3684,1078,2946,5006,10000,0
A5 54 51 38 05 E8 0D 32 04 82 0B 8E 13 10 27 00 00 00 92  TEL,14417,S5,3560,1074,2946,5006,10000,0
A5 54 52 38 05 45 0E 35 04 82 0B 8E 13 10 27 00 00 00 57  TEL,14418,S5,3653,1077,2946,5006,10000,0
A5 54 53 38 05 07 0E 33 04 82 0B 8E 13 10 27 00 00 00 C3  TEL,14419,S5,3591,1075,2946,5006,10000,0
A5 54 54 38 05 07 0E 33 04 82 0B 8E 13 10 27 00 00 00 CD  TEL,14420,S5,3591,1075,2946,5006,10000,0
A5 54 55 38 05 C9 0D 31 04 82 0B 8E 13 10 27 00 00 00 D1  TEL,14421,S5,3529,1073,2946,5006,10000,0
A5 54 56 38 05 26 0E 34 04 82 0B 8E 13 10 27 00 00 00 FE  TEL,14422,S5,3622,1076,2946,5006,10000,0
A5 54 57 38 05 45 0E 35 04 82 0B 8E 13 10 27 00 00 00 5D  TEL,14423,S5,3653,1077,2946,5006,10000,0
A5 54 58 38 05 07 0E 33 04 82 0B 8E 13 10 27 00 00 00 D5  TEL,14424,S5,3591,1075,2946,5006,10000,0
A5 54 59 38 05 64 0E 36 04 82 0B 8E 13 10 27 00 00 00 0A  TEL,14425,S5,3684,1078,2946,5006,10000,0
A5 54 5A 38 05 64 0E 36 04 82 0B 8E 13 10 27 00 00 00 0C  TEL,14426,S5,3684,1078,2946,5006,10000,0
A5 54 5B 38 05 45 0E 35 04 82 0B 8E 13 11 27 00 00 00 27  TEL,14427,S5,3653,1077,2946,5006,10001,0
A5 54 5C 38 05 07 0E 33 04 82 0B 8E 13 0F 27 00 00 00 DF  TEL,14428,S5,3591,1075,2946,5006,9999,0
A5 54 5D 38 05 C9 0D 31 04 82 0B 8E 13 10 27 00 00 00 C1  TEL,14429,S5,3529,1073,2946,5006,10000,0
A5 54 5E 38 05 64 0E 36 04 82 0B 8E 13 10 27 00 00 00 04  TEL,14430,S5,3684,1078,2946,5006,10000,0
A5 54 5F 38 05 07 0E 33 04 82 0B 8E 13 10 27 00 00 00 DB  TEL,14431,S5,3591,1075,2946,5006,10000,0
A5 54 60 38 05 E8 0D 32 04 82 0B 8E 13 10 27 00 00 00 F0  TEL,14432,S5,3560,1074,2946,5006,10000,0
A5 54 61 38 05 45 0E 35 04 82 0B 8E 13 10 27 00 00 00 31  TEL,14433,S5,3653,1077,2946,5006,10000,0
A5 54 62 38 05 E8 0D 32 04 82 0B 8E 13 10 27 00 00 00 F4  TEL,14434,S5,3560,1074,2946,5006,10000,0
A5 54 63 38 05 64 0E 36 04 82 0B 8E 13 10 27 00 00 00 7E  TEL,14435,S5,3684,1078,2946,5006,10000,0
A5 54 64 38 05 45 0E 35 04 82 0B 8E 13 10 27 00 00 00 3B  TEL,14436,S5,3653,1077,2946,5006,10000,0
A5 54 65 38 05 26 0E 34 04 82 0B 8E 13 10 27 00 00 00 98  TEL,14437,S5,3622,1076,2946,5006,10000,0
A5 54 66 38 05 A3 0E 38 04 82 0B 8E 13 10 27 00 00 00 21  TEL,14438,S5,3747,1080,2946,5006,10000,0
A5 54 67 38 05 07 0E 33 04 82 0B 8E 13 10 27 00 00 00 AB  TEL,14439,S5,3591,1075,2946,5006,10000,0
A5 54 68 38 05 83 0E 37 04 82 0B 8E 13 10 27 00 00 00 66  TEL,14440,S5,3715,1079,2946,5006,10000,0
A5 54 69 38 05 26 0E 34 04 82 0B 8E 13 10 27 00 00 00 80  TEL,14441,S5,3622,1076,2946,5006,10000,0
A5 54 6A 38 05 A3 0E 38 04 82 0B 8E 13 10 27 00 00 00 39  TEL,14442,S5,3747,1080,2946,5006,10000,0
A5 54 6B 38 05 83 0E 37 04 82 0B 8E 13 10 27 00 00 00 60  TEL,14443,S5,3715,1079,2946,5006,10000,0
A5 54 6C 38 05 C2 0E 39 04 82 0B 8E 13 10 27 00 00 00 BB  TEL,14444,S5,3778,1081,2946,5006,10000,0
A5 54 6D 38 05 A3 0E 38 04 82 0B 8E 13 10 27 00 00 00 37  TEL,14445,S5,3747,1080,2946,5006,10000,0
A5 54 6E 38 05 45 0E 35 04 82 0B 8E 13 10 27 00 00 00 2F  TEL,14446,S5,3653,1077,2946,5006,10000,0
A5 54 6F 38 05 07 0E 33 04 82 0B 8E 13 10 27 00 00 00 BB  TEL,14447,S5,3591,1075,2946,5006,10000,0
A5 54 70 38 05 07 0E 33 04 82 0B 8E 13 10 27 00 00 00 85  TEL,14448,S5,3591,1075,2946,5006,10000,0
A5 54 71 38 05 C9 0D 30 04 82 0B 8E 13 10 27 00 00 00 86  TEL,14449,S5,3529,1072,2946,5006,10000,0
A5 54 72 38 05 45 0E 35 04 82 0B 8E 13 10 27 00 00 00 17  TEL,14450,S5,3653,1077,2946,5006,10000,0
A5 54 73 38 05 83 0E 37 04 82 0B 8E 13 10 27 00 00 00 50  TEL,14451,S5,3715,1079,2946,5006,10000,0
A5 54 74 38 05 45 0E 35 04 82 0B 8E 13 10 27 00 00 00 1B  TEL,14452,S5,3653,1077,2946,5006,10000,0
A5 54 75 38 05 26 0E 34 04 82 0B 8E 13 11 27 00 00 00 DA  TEL,14453,S5,3622,1076,2946,5006,10001,0
A5 54 76 38 05 07 0E 33 04 82 0B 8E 13 0F 27 00 00 00 8B  TEL,14454,S5,3591,1075,2946,5006,9999,0
A5 54 77 38 05 26 0E 34 04 82 0B 8E 13 10 27 00 00 00 BC  TEL,14455,S5,3622,1076,2946,5006,10000,0
A5 42 59 00 05 78 38 FB D5 D8 0D 13 D6 D8 0D 16 D6 D8 0D 63  BTN,89,S5,PRESSED,14456,232314363,232314387,232314390
A5 54 79 38 05 07 0E 33 04 82 0B DE 13 10 27 00 00 01 06  TEL,14457,S5,3591,1075,2946,5086,10000,1
A5 54 7A 38 05 C9 0D 31 04 82 0B 8E 13 10 27 00 00 00 8F  TEL,14458,S5,3529,1073,2946,5006,10000,0
A5 54 7B 38 05 07 0E 33 04 82 0B 8E 13 10 27 00 00 00 93  TEL,14459,S5,3591,1075,2946,5006,10000,0
A5 54 7C 38 05 45 0E 35 04 82 0B 8E 13 10 27 00 00 00 0B  TEL,14460,S5,3653,1077,2946,5006,10000,0
A5 54 7D 38 05 07 0E 33 04 82 0B 8E 13 10 27 00 00 00 9F  TEL,14461,S5,3591,1075,2946,5006,10000,0
A5 54 7E 38 05 64 0E 36 04 82 0B 8E 13 10 27 00 00 00 44  TEL,14462,S5,3684,1078,2946,5006,10000,0
A5 54 7F 38 05 64 0E 36 04 82 0B 8E 13 10 27 00 00 00 46  TEL,14463,S5,3684,1078,2946,5006,10000,0
A5 54 80 38 05 64 0E 36 04 82 0B 8E 13 10 27 00 00 00 BF  TEL,14464,S5,3684,1078,2946,5006,10000,0
A5 54 81 38 05 A3 0E 38 04 82 0B 8E 13 10 27 00 00 00 E8  TEL,14465,S5,3747,1080,2946,5006,10000,0
A5 54 82 38 05 64 0E 36 04 82 0B 8E 13 10 27 00 00 00 BB  TEL,14466,S5,3684,1078,2946,5006,10000,0
A5 54 83 38 05 26 0E 34 04 82 0B 8E 13 10 27 00 00 00 53  TEL,14467,S5,3622,1076,2946,5006,10000,0
A5 54 84 38 05 45 0E 35 04 82 0B 8E 13 10 27 00 00 00 FC  TEL,14468,S5,3653,1077,2946,5006,10000,0
A5 54 85 38 05 64 0E 36 04 82 0B 93 13 10 27 00 00 00 26  TEL,14469,S5,3684,1078,2946,5011,10000,0
A5 54 86 38 05 45 0E 35 04 82 0B 8E 13 10 27 00 00 00 F8  TEL,14470,S5,3653,1077,2946,5006,10000,0
A5 54 87 38 05 26 0E 34 04 82 0B 8E 13 10 27 00 00 00 5B  TEL,14471,S5,3622,1076,2946,5006,10000,0
A5 54 88 38 05 64 0E 36 04 82 0B 8E 13 10 27 00 00 00 AF  TEL,14472,S5,3684,1078,2946,5006,10000,0
A5 54 89 38 05 45 0E 35 04 82 0B 8E 13 10 27 00 00 00 E6  TEL,14473,S5,3653,1077,2946,5006,10000,0
A5 54 8A 38 05 26 0E 34 04 82 0B 8E 13 10 27 00 00 00 41  TEL,14474,S5,3622,1076,2946,5006,10000,0
A5 54 8B 38 05 07 0E 33 04 82 0B 8E 13 10 27 00 00 00 74  TEL,14475,S5,3591,1075,2946,5006,10000,0
A5 54 8C 38 05 64 0E 36 04 82 0B 8E 13 10 27 00 00 00 A7  TEL,14476,S5,3684,1078,2946,5006,10000,0
A5 54 8D 38 05 83 0E 37 04 82 0B 8E 13 10 27 00 00 00 AB  TEL,14477,S5,3715,1079,2946,5006,10000,0
A5 54 8E 38 05 E8 0D 32 04 82 0B 8E 13 11 27 00 00 00 49  TEL,14478,S5,3560,1074,2946,5006,10001,0
A5 54 8F 38 05 45 0E 35 04 82 0B 8E 13 0F 27 00 00 00 E8  TEL,14479,S5,3653,1077,2946,5006,9999,0
A5 54 90 38 05 07 0E 33 04 82 0B 8E 13 10 27 00 00 00 42  TEL,14480,S5,3591,1075,2946,5006,10000,0
A5 54 91 38 05 07 0E 33 04 82 0B 8E 13 10 27 00 00 00 40  TEL,14481,S5,3591,1075,2946,5006,10000,0
A5 54 92 38 05 64 0E 36 04 82 0B 8E 13 10 27 00 00 00 9B  TEL,14482,S5,3684,1078,2946,5006,10000,0
A5 54 93 38 05 A3 0E 38 04 82 0B 8E 13 10 27 00 00 00 CC  TEL,14483,S5,3747,1080,2946,5006,10000,0
A5 54 94 38 05 45 0E 35 04 82 0B 8E 13 10 27 00 00 00 DC  TEL,14484,S5,3653,1077,2946,5006,10000,0
A5 54 95 38 05 26 0E 34 04 82 0B 8E 13 10 27 00 00 00 7F  TEL,14485,S5,3622,1076,2946,5006,10000,0
A5 54 96 38 05 E8 0D 32 04 82 0B 8E 13 10 27 00 00 00 1B  TEL,14486,S5,3560,1074,2946,5006,10000,0
A5 54 97 38 05 A3 0E 38 04 82 0B 8E 13 10 27 00 00 00 C4  TEL,14487,S5,3747,1080,2946,5006,10000,0
A5 54 98 38 05 45 0E 35 04 82 0B 8E 13 10 27 00 00 00 C4  TEL,14488,S5,3653,1077,2946,5006,10000,0
A5 54 99 38 05 64 0E 36 04 82 0B 8E 13 10 27 00 00 00 8D  TEL,14489,S5,3684,1078,2946,5006,10000,0
A5 54 9A 38 05 07 0E 33 04 82 0B 8E 13 10 27 00 00 00 56  TEL,14490,S5,3591,1075,2946,5006,10000,0
A5 54 9B 38 05 07 0E 33 04 82 0B 8E 13 10 27 00 00 00 54  TEL,14491,S5,3591,1075,2946,5006,10000,0
A5 54 9C 38 05 45 0E 35 04 82 0B 8E 13 10 27 00 00 00 CC  TEL,14492,S5,3653,1077,2946,5006,10000,0
A5 54 9D 38 05 45 0E 35 04 82 0B 8E 13 10 27 00 00 00 CE  TEL,14493,S5,3653,1077,2946,5006,10000,0
A5 54 9E 38 05 26 0E 34 04 82 0B 8E 13 10 27 00 00 00 69  TEL,14494,S5,3622,1076,2946,5006,10000,0
A5 54 9F 38 05 64 0E 36 04 82 0B 8E 13 10 27 00 00 00 81  TEL,14495,S5,3684,1078,2946,5006,10000,0
A5 54 A0 38 05 45 0E 35 04 82 0B 8E 13 10 27 00 00 00 B4  TEL,14496,S5,3653,1077,2946,5006,10000,0
A5 54 A1 38 05 C9 0D 31 04 82 0B 8E 13 10 27 00 00 00 3E  TEL,14497,S5,3529,1073,2946,5006,10000,0
A5 54 A2 38 05 45 0E 35 04 82 0B 8E 13 10 27 00 00 00 B0  TEL,14498,S5,3653,1077,2946,5006,10000,0
A5 54 A3 38 05 64 0E 36 04 82 0B 8E 13 10 27 00 00 00 F9  TEL,14499,S5,3684,1078,2946,5006,10000,0
A5 54 A4 38 05 07 0E 33 04 82 0B 8E 13 10 27 00 00 00 2A  TEL,14500,S5,3591,1075,2946,5006,10000,0
A5 54 A5 38 05 64 0E 36 04 82 0B 8E 13 10 27 00 00 00 F5  TEL,14501,S5,3684,1078,2946,5006,10000,0
A5 54 A6 38 05 26 0E 34 04 82 0B 8E 13 10 27 00 00 00 19  TEL,14502,S5,3622,1076,2946,5006,10000,0
A5 54 A7 38 05 45 0E 35 04 82 0B 8E 13 10 27 00 00 00 BA  TEL,14503,S5,3653,1077,2946,5006,10000,0
A5 54 A8 38 05 07 0E 33 04 82 0B 8E 13 10 27 00 00 00 32  TEL,14504,S5,3591,1075,2946,5006,10000,0
A5 54 A9 38 05 26 0E 34 04 82 0B 8E 13 10 27 00 00 00 07  TEL,14505,S5,3622,1076,2946,5006,10000,0
A5 54 AA 38 05 45 0E 35 04 82 0B 8E 13 10 27 00 00 00 A0  TEL,14506,S5,3653,1077,2946,5006,10000,0
A5 54 AB 38 05 45 0E 35 04 82 0B 8E 13 10 27 00 00 00 A2  TEL,14507,S5,3653,1077,2946,5006,10000,0
A5 54 AC 38 05 45 0E 35 04 82 0B 8E 13 10 27 00 00 00 AC  TEL,14508,S5,3653,1077,2946,5006,10000,0
A5 54 AD 38 05 07 0E 33 04 82 0B 8E 13 10 27 00 00 00 38  TEL,14509,S5,3591,1075,2946,5006,10000,0
A5 54 AE 38 05 26 0E 34 04 82 0B 8E 13 10 27 00 00 00 09  TEL,14510,S5,3622,1076,2946,5006,10000,0
A5 54 AF 38 05 64 0E 36 04 82 0B 8E 13 10 27 00 00 00 E1  TEL,14511,S5,3684,1078,2946,5006,10000,0
A5 54 B0 38 05 45 0E 35 04 82 0B 8E 13 10 27 00 00 00 94  TEL,14512,S5,3653,1077,2946,5006,10000,0
A5 54 B1 38 05 C2 0E 39 04 82 0B 8E 13 10 27 00 00 00 06  TEL,14513,S5,3778,1081,2946,5006,10000,0
A5 54 B2 38 05 64 0E 36 04 82 0B 8E 13 10 27 00 00 00 DB  TEL,14514,S5,3684,1078,2946,5006,10000,0
A5 54 B3 38 05 45 0E 35 04 82 0B 8E 13 10 27 00 00 00 92  TEL,14515,S5,3653,1077,2946,5006,10000,0
A5 54 B4 38 05 45 0E 35 04 82 0B 8E 13 10 27 00 00 00 9C  TEL,14516,S5,3653,1077,2946,5006,10000,0
A5 54 B5 38 05 C2 0E 39 04 82 0B 8E 13 10 27 00 00 00 0E  TEL,14517,S5,3778,1081,2946,5006,10000,0
A5 54 B6 38 05 83 0E 37 04 82 0B 8E 13 10 27 00 00 00 DD  TEL,14518,S5,3715,1079,2946,5006,10000,0
A5 54 B7 38 05 83 0E 37 04 82 0B 8E 13 10 27 00 00 00 DF  TEL,14519,S5,3715,1079,2946,5006,10000,0
A5 54 B8 38 05 45 0E 35 04 82 0B 8E 13 10 27 00 00 00 84  TEL,14520,S5,3653,1077,2946,5006,10000,0
A5 54 B9 38 05 45 0E 35 04 82 0B 8E 13 10 27 00 00 00 86  TEL,14521,S5,3653,1077,2946,5006,10000,0
A5 54 BA 38 05 64 0E 36 04 82 0B 8E 13 10 27 00 00 00 CB  TEL,14522,S5,3684,1078,2946,5006,10000,0
A5 54 BB 38 05 07 0E 33 04 82 0B 8E 13 10 27 00 00 00 14  TEL,14523,S5,3591,1075,2946,5006,10000,0
A5 54 BC 38 05 07 0E 33 04 82 0B 8E 13 10 27 00 00 00 1A  TEL,14524,S5,3591,1075,2946,5006,10000,0
A5 54 BD 38 05 AA 0D 2F 04 82 0B 8E 13 10 27 00 00 00 F5  TEL,14525,S5,3498,1071,2946,5006,10000,0
A5 54 BE 38 05 A3 0E 38 04 82 0B 8E 13 10 27 00 00 00 96  TEL,14526,S5,3747,1080,2946,5006,10000,0
A5 54 BF 38 05 83 0E 37 04 82 0B 8E 13 10 27 00 00 00 CF  TEL,14527,S5,3715,1079,2946,5006,10000,0
A5 54 C0 38 05 45 0E 35 04 82 0B 8E 13 10 27 00 00 00 74  TEL,14528,S5,3653,1077,2946,5006,10000,0
A5 42 5A 00 05 C1 38 55 B9 E3 0D 6D B9 E3 0D 70 B9 E3 0D C4  BTN,90,S5,PRESSED,14529,233027925,233027949,233027952
A5 54 C2 38 05 07 0E 33 04 82 0B 8E 13 10 27 00 00 00 E6  TEL,14530,S5,3591,1075,2946,5006,10000,0
A5 54 C3 38 05 64 0E 36 04 82 0B 8E 13 10 27 00 00 00 39  TEL,14531,S5,3684,1078,2946,5006,10000,0
A5 54 C4 38 05 45 0E 35 04 82 0B 8E 13 10 27 00 00 00 7C  TEL,14532,S5,3653,1077,2946,5006,10000,0
A5 54 C5 38 05 07 0E 33 04 82 0B 8E 13 10 27 00 00 00 E8  TEL,14533,S5,3591,1075,2946,5006,10000,0
A5 54 C6 38 05 64 0E 36 04 82 0B 8E 13 10 27 00 00 00 33  TEL,14534,S5,3684,1078,2946,5006,10000,0
A5 54 C7 38 05 A3 0E 38 04 82 0B 8E 13 10 27 00 00 00 64  TEL,14535,S5,3747,1080,2946,5006,10000,0
A5 54 C8 38 05 07 0E 33 04 82 0B 8E 13 10 27 00 00 00 F2  TEL,14536,S5,3591,1075,2946,5006,10000,0
A5 54 C9 38 05 07 0E 33 04 82 0B 8E 13 10 27 00 00 00 F0  TEL,14537,S5,3591,1075,2946,5006,10000,0
A5 54 CA 38 05 64 0E 36 04 82 0B 9B 13 10 27 00 00 00 52  TEL,14538,S5,3684,1078,2946,5019,10000,0
A5 54 CB 38 05 64 0E 36 04 82 0B 8E 13 10 27 00 00 00 29  TEL,14539,S5,3684,1078,2946,5006,10000,0
A5 54 CC 38 05 26 0E 34 04 82 0B 8E 13 10 27 00 00 00 CD  TEL,14540,S5,3622,1076,2946,5006,10000,0
A5 54 CD 38 05 45 0E 35 04 82 0B 8E 13 10 27 00 00 00 6E  TEL,14541,S5,3653,1077,2946,5006,10000,0
A5 54 CE 38 05 26 0E 34 04 82 0B 8E 13 10 27 00 00 00 C9  TEL,14542,S5,3622,1076,2946,5006,10000,0
A5 54 CF 38 05 45 0E 35 04 82 0B 8E 13 10 27 00 00 00 6A  TEL,14543,S5,3653,1077,2946,5006,10000,0
A5 54 D0 38 05 C9 0D 30 04 82 0B 8E 13 10 27 00 00 00 C3  TEL,14544,S5,3529,1072,2946,5006,10000,0
A5 54 D1 38 05 83 0E 37 04 82 0B 8E 13 10 27 00 00 00 13  TEL,14545,S5,3715,1079,2946,5006,10000,0
A5 54 D2 38 05 07 0E 33 04 82 0B 8E 13 10 27 00 00 00 C6  TEL,14546,S5,3591,1075,2946,5006,10000,0
A5 54 D3 38 05 83 0E 37 04 82 0B 8E 13 10 27 00 00 00 17  TEL,14547,S5,3715,1079,2946,5006,10000,0
A5 54 D4 38 05 26 0E 34 04 82 0B 8E 13 10 27 00 00 00 FD  TEL,14548,S5,3622,1076,2946,5006,10000,0
A5 54 D5 38 05 C2 0E 3A 04 82 0B 8E 13 10 27 00 00 00 EF  TEL,14549,S5,3778,1082,2946,5006,10000,0
A5 54 D6 38 05 64 0E 36 04 82 0B 8E 13 10 27 00 00 00 13  TEL,14550,S5,3684,1078,2946,5006,10000,0
A5 54 D7 38 05 45 0E 35 04 82 0B 8E 13 10 27 00 00 00 5A  TEL,14551,S5,3653,1077,2946,5006,10000,0
A5 54 D8 38 05 A3 0E 38 04 82 0B 8E 13 10 27 00 00 00 5A  TEL,14552,S5,3747,1080,2946,5006,10000,0
A5 54 D9 38 05 45 0E 35 04 82 0B 8E 13 10 27 00 00 00 46  TEL,14553,S5,3653,1077,2946,5006,10000,0
A5 54 DA 38 05 64 0E 36 04 82 0B 8E 13 10 27 00 00 00 0B  TEL,14554,S5,3684,1078,2946,5006,10000,0
A5 54 DB 38 05 45 0E 35 04 82 0B 8E 13 10 27 00 00 00 42  TEL,14555,S5,3653,1077,2946,5006,10000,0
A5 54 DC 38 05 64 0E 36 04 82 0B 8E 13 10 27 00 00 00 07  TEL,14556,S5,3684,1078,2946,5006,10000,0
A5 54 DD 38 05 45 0E 35 04 82 0B 8E 13 10 27 00 00 00 4E  TEL,14557,S5,3653,1077,2946,5006,10000,0
A5 54 DE 38 05 07 0E 33 04 82 0B 8E 13 10 27 00 00 00 DE  TEL,14558,S5,3591,1075,2946,5006,10000,0
A5 54 DF 38 05 07 0E 33 04 82 0B 8E 13 10 27 00 00 00 DC  TEL,14559,S5,3591,1075,2946,5006,10000,0
A5 54 E0 38 05 07 0E 33 04 82 0B 8E 13 10 27 00 00 00 A2  TEL,14560,S5,3591,1075,2946,5006,10000,0
A5 54 E1 38 05 45 0E 35 04 82 0B 8E 13 10 27 00 00 00 36  TEL,14561,S5,3653,1077,2946,5006,10000,0
A5 54 E2 38 05 45 0E 35 04 82 0B 8E 13 10 27 00 00 00 30  TEL,14562,S5,3653,1077,2946,5006,10000,0
A5 54 E3 38 05 C2 0E 39 04 82 0B 8E 13 10 27 00 00 00 A2  TEL,14563,S5,3778,1081,2946,5006,10000,0
A5 54 E4 38 05 45 0E 35 04 82 0B 8E 13 10 27 00 00 00 3C  TEL,14564,S5,3653,1077,2946,5006,10000,0
A5 54 E5 38 05 64 0E 36 04 82 0B 8E 13 10 27 00 00 00 75  TEL,14565,S5,3684,1078,2946,5006,10000,0
A5 54 E6 38 05 07 0E 33 04 82 0B 8E 13 10 27 00 00 00 AE  TEL,14566,S5,3591,1075,2946,5006,10000,0
A5 54 E7 38 05 45 0E 35 04 82 0B 8E 13 10 27 00 00 00 3A  TEL,14567,S5,3653,1077,2946,5006,10000,0
A5 54 E8 38 05 A3 0E 38 04 82 0B 8E 13 10 27 00 00 00 3A  TEL,14568,S5,3747,1080,2946,5006,10000,0
A5 54 E9 38 05 A3 0E 38 04 82 0B 8E 13 10 27 00 00 00 38  TEL,14569,S5,3747,1080,2946,5006,10000,0
A5 54 EA 38 05 45 0E 35 04 82 0B 8E 13 10 27 00 00 00 20  TEL,14570,S5,3653,1077,2946,5006,10000,0
A5 54 EB 38 05 26 0E 34 04 82 0B 8E 13 10 27 00 00 00 83  TEL,14571,S5,3622,1076,2946,5006,10000,0
A5 54 EC 38 05 E8 0D 32 04 82 0B 8E 13 10 27 00 00 00 EF  TEL,14572,S5,3560,1074,2946,5006,10000,0
A5 54 ED 38 05 45 0E 35 04 82 0B 8E 13 10 27 00 00 00 2E  TEL,14573,S5,3653,1077,2946,5006,10000,0
A5 54 EE 38 05 26 0E 34 04 82 0B 8E 13 10 27 00 00 00 89  TEL,14574,S5,3622,1076,2946,5006,10000,0
A5 54 EF 38 05 C2 0E 39 04 82 0B 8E 13 10 27 00 00 00 BA  TEL,14575,S5,3778,1081,2946,5006,10000,0
A5 54 F0 38 05 A3 0E 38 04 82 0B 8E 13 10 27 00 00 00 0A  TEL,14576,S5,3747,1080,2946,5006,10000,0
A5 54 F1 38 05 C9 0D 30 04 82 0B 8E 13 10 27 00 00 00 81  TEL,14577,S5,3529,1072,2946,5006,10000,0
A5 54 F2 38 05 45 0E 35 04 82 0B 8E 13 10 27 00 00 00 10  TEL,14578,S5,3653,1077,2946,5006,10000,0
A5 54 F3 38 05 45 0E 35 04 82 0B 8E 13 10 27 00 00 00 12  TEL,14579,S5,3653,1077,2946,5006,10000,0
A5 54 F4 38 05 8A 0D 2E 04 82 0B 8E 13 11 27 00 00 00 E4  TEL,14580,S5,3466,1070,2946,5006,10001,0
A5 54 F5 38 05 A3 0E 38 04 82 0B 8E 13 0F 27 00 00 00 02  TEL,14581,S5,3747,1080,2946,5006,9999,0
A5 54 F6 38 05 45 0E 35 04 82 0B 8E 13 10 27 00 00 00 18  TEL,14582,S5,3653,1077,2946,5006,10000,0
A5 54 F7 38 05 45 0E 35 04 82 0B 8E 13 10 27 00 00 00 1A  TEL,14583,S5,3653,1077,2946,5006,10000,0
A5 54 F8 38 05 E8 0D 32 04 82 0B 8E 13 10 27 00 00 00 C7  TEL,14584,S5,3560,1074,2946,5006,10000,0
A5 54 F9 38 05 45 0E 35 04 82 0B 8E 13 10 27 00 00 00 06  TEL,14585,S5,3653,1077,2946,5006,10000,0
A5 54 FA 38 05 07 0E 33 04 82 0B 8E 13 10 27 00 00 00 96  TEL,14586,S5,3591,1075,2946,5006,10000,0
A5 54 FB 38 05 26 0E 34 04 82 0B 8E 13 10 27 00 00 00 A3  TEL,14587,S5,3622,1076,2946,5006,10000,0
A5 54 FC 38 05 26 0E 34 04 82 0B 8E 13 10 27 00 00 00 AD  TEL,14588,S5,3622,1076,2946,5006,10000,0
A5 54 FD 38 05 45 0E 35 04 82 0B 8E 13 10 27 00 00 00 0E  TEL,14589,S5,3653,1077,2946,5006,10000,0
A5 54 FE 38 05 45 0E 35 04 82 0B 8E 13 10 27 00 00 00 08  TEL,14590,S5,3653,1077,2946,5006,10000,0
A5 54 FF 38 05 45 0E 35 04 82 0B 8E 13 10 27 00 00 00 0A  TEL,14591,S5,3653,1077,2946,5006,10000,0
A5 54 00 39 05 26 0E 34 04 82 0B 8E 13 10 27 00 00 00 E7  TEL,14592,S5,3622,1076,2946,5006,10000,0
A5 54 01 39 05 45 0E 35 04 82 0B 8E 13 10 27 00 00 00 44  TEL,14593,S5,3653,1077,2946,5006,10000,0
A5 54 02 39 05 07 0E 33 04 82 0B 8E 13 10 27 00 00 00 D4  TEL,14594,S5,3591,1075,2946,5006,10000,0
A5 54 03 39 05 26 0E 34 04 82 0B 8E 13 10 27 00 00 00 E1  TEL,14595,S5,3622,1076,2946,5006,10000,0
A5 54 04 39 05 45 0E 35 04 82 0B 8E 13 10 27 00 00 00 4E  TEL,14596,S5,3653,1077,2946,5006,10000,0
A5 54 05 39 05 83 0E 37 04 82 0B 8E 13 10 27 00 00 00 09  TEL,14597,S5,3715,1079,2946,5006,10000,0
A5 54 06 39 05 07 0E 33 04 82 0B 8E 13 10 27 00 00 00 DC  TEL,14598,S5,3591,1075,2946,5006,10000,0
A5 54 07 39 05 83 0E 37 04 82 0B 8E 13 10 27 00 00 00 0D  TEL,14599,S5,3715,1079,2946,5006,10000,0
A5 54 08 39 05 64 0E 36 04 82 0B 8E 13 10 27 00 00 00 1D  TEL,14600,S5,3684,1078,2946,5006,10000,0
A5 54 09 39 05 A3 0E 38 04 82 0B 8E 13 10 27 00 00 00 4A  TEL,14601,S5,3747,1080,2946,5006,10000,0
A5 54 0A 39 05 45 0E 35 04 82 0B 8E 13 10 27 00 00 00 52  TEL,14602,S5,3653,1077,2946,5006,10000,0
A5 54 0B 39 05 E8 0D 32 04 82 0B 8E 13 10 27 00 00 00 93  TEL,14603,S5,3560,1074,2946,5006,10000,0
A5 54 0C 39 05 E8 0D 32 04 82 0B 8E 13 10 27 00 00 00 9D  TEL,14604,S5,3560,1074,2946,5006,10000,0
A5 54 0D 39 05 45 0E 35 04 82 0B 8F 13 10 27 00 00 00 83  TEL,14605,S5,3653,1077,2946,5007,10000,0
A5 54 0E 39 05 26 0E 34 04 82 0B 8E 13 10 27 00 00 00 FB  TEL,14606,S5,3622,1076,2946,5006,10000,0
A5 54 0F 39 05 07 0E 33 04 82 0B 8E 13 10 27 00 00 00 CE  TEL,14607,S5,3591,1075,2946,5006,10000,0
A5 54 10 39 05 64 0E 36 04 82 0B 8E 13 10 27 00 00 00 2D  TEL,14608,S5,3684,1078,2946,5006,10000,0
A5 54 11 39 05 64 0E 36 04 82 0B 8E 13 10 27 00 00 00 2F  TEL,14609,S5,3684,1078,2946,5006,10000,0
A5 54 12 39 05 45 0E 35 04 82 0B 8E 13 10 27 00 00 00 62  TEL,14610,S5,3653,1077,2946,5006,10000,0
A5 54 13 39 05 45 0E 35 04 82 0B 8E 13 10 27 00 00 00 60  TEL,14611,S5,3653,1077,2946,5006,10000,0
A5 54 14 39 05 83 0E 37 04 82 0B 8E 13 10 27 00 00 00 2B  TEL,14612,S5,3715,1079,2946,5006,10000,0
A5 54 15 39 05 45 0E 35 04 82 0B 8E 13 10 27 00 00 00 6C  TEL,14613,S5,3653,1077,2946,5006,10000,0
A5 54 16 39 05 83 0E 37 04 82 0B 8E 13 10 27 00 00 00 2F  TEL,14614,S5,3715,1079,2946,5006,10000,0
A5 54 17 39 05 07 0E 33 04 82 0B 8E 13 10 27 00 00 00 FE  TEL,14615,S5,3591,1075,2946,5006,10000,0
A5 54 18 39 05 45 0E 35 04 82 0B 8E 13 10 27 00 00 00 76  TEL,14616,S5,3653,1077,2946,5006,10000,0
A5 54 19 39 05 26 0E 34 04 82 0B 8E 13 10 27 00 00 00 D5  TEL,14617,S5,3622,1076,2946,5006,10000,0
A5 54 1A 39 05 83 0E 37 04 82 0B 8E 13 10 27 00 00 00 37  TEL,14618,S5,3715,1079,2946,5006,10000,0
A5 54 1B 39 05 07 0E 33 04 82 0B 8E 13 10 27 00 00 00 E6  TEL,14619,S5,3591,1075,2946,5006,10000,0
A5 54 1C 39 05 45 0E 35 04 82 0B 8E 13 10 27 00 00 00 7E  TEL,14620,S5,3653,1077,2946,5006,10000,0
A5 54 1D 39 05 45 0E 35 04 82 0B 8E 13 10 27 00 00 00 7C  TEL,14621,S5,3653,1077,2946,5006,10000,0
A5 54 1E 39 05 45 0E 35 04 82 0B 8E 13 10 27 00 00 00 7A  TEL,14622,S5,3653,1077,2946,5006,10000,0
A5 54 1F 39 05 64 0E 36 04 82 0B 8E 13 10 27 00 00 00 33  TEL,14623,S5,3684,1078,2946,5006,10000,0
A5 54 20 39 05 C9 0D 30 04 82 0B 8E 13 10 27 00 00 00 91  TEL,14624,S5,3529,1072,2946,5006,10000,0
A5 54 21 39 05 26 0E 34 04 82 0B 8E 13 10 27 00 00 00 A5  TEL,14625,S5,3622,1076,2946,5006,10000,0
A5 54 22 39 05 26 0E 34 04 82 0B 8E 13 10 27 00 00 00 A3  TEL,14626,S5,3622,1076,2946,5006,10000,0
A5 54 23 39 05 07 0E 33 04 82 0B 8E 13 10 27 00 00 00 96  TEL,14627,S5,3591,1075,2946,5006,10000,0
A5 54 24 39 05 64 0E 36 04 82 0B 8E 13 10 27 00 00 00 45  TEL,14628,S5,3684,1078,2946,5006,10000,0
A5 54 25 39 05 45 0E 35 04 82 0B 8E 13 10 27 00 00 00 0C  TEL,14629,S5,3653,1077,2946,5006,10000,0
A5 54 26 39 05 26 0E 34 04 82 0B 8E 13 10 27 00 00 00 AB  TEL,14630,S5,3622,1076,2946,5006,10000,0
A5 54 27 39 05 83 0E 37 04 82 0B 8E 13 10 27 00 00 00 4D  TEL,14631,S5,3715,1079,2946,5006,10000,0
A5 54 28 39 05 07 0E 33 04 82 0B 8E 13 10 27 00 00 00 80  TEL,14632,S5,3591,1075,2946,5006,10000,0
A5 54 29 39 05 83 0E 37 04 82 0B 8E 13 10 27 00 00 00 51  TEL,14633,S5,3715,1079,2946,5006,10000,0
A5 54 2A 39 05 07 0E 33 04 82 0B 8E 13 10 27 00 00 00 84  TEL,14634,S5,3591,1075,2946,5006,10000,0
A5 54 2B 39 05 07 0E 33 04 82 0B 8E 13 10 27 00 00 00 86  TEL,14635,S5,3591,1075,2946,5006,10000,0
A5 54 2C 39 05 A3 0E 38 04 82 0B 8E 13 10 27 00 00 00 00  TEL,14636,S5,3747,1080,2946,5006,10000,0
A5 54 2D 39 05 A3 0E 38 04 82 0B 8E 13 10 27 00 00 00 02  TEL,14637,S5,3747,1080,2946,5006,10000,0
A5 54 2E 39 05 07 0E 33 04 82 0B 8E 13 10 27 00 00 00 8C  TEL,14638,S5,3591,1075,2946,5006,10000,0
A5 54 2F 39 05 07 0E 33 04 82 0B 8E 13 10 27 00 00 00 8E  TEL,14639,S5,3591,1075,2946,5006,10000,0
A5 54 30 39 05 C9 0D 31 04 82 0B 8E 13 10 27 00 00 00 AE  TEL,14640,S5,3529,1073,2946,5006,10000,0
A5 54 31 39 05 E8 0D 32 04 82 0B 8E 13 10 27 00 00 00 E7  TEL,14641,S5,3560,1074,2946,5006,10000,0
A5 54 32 39 05 E8 0D 32 04 82 0B 8E 13 10 27 00 00 00 E1  TEL,14642,S5,3560,1074,2946,5006,10000,0
A5 54 33 39 05 07 0E 33 04 82 0B 8E 13 10 27 00 00 00 B6  TEL,14643,S5,3591,1075,2946,5006,10000,0
A5 54 34 39 05 C9 0D 30 04 82 0B 8E 13 10 27 00 00 00 B9  TEL,14644,S5,3529,1072,2946,5006,10000,0
A5 54 35 39 05 E8 0D 32 04 82 0B 8E 13 10 27 00 00 00 EF  TEL,14645,S5,3560,1074,2946,5006,10000,0
A5 54 36 39 05 C9 0D 31 04 82 0B 8E 13 10 27 00 00 00 A2  TEL,14646,S5,3529,1073,2946,5006,10000,0
A5 54 37 39 05 C9 0D 31 04 82 0B 8E 13 10 27 00 00 00 A0  TEL,14647,S5,3529,1073,2946,5006,10000,0
A5 54 38 39 05 64 0E 36 04 82 0B 8E 13 10 27 00 00 00 7D  TEL,14648,S5,3684,1078,2946,5006,10000,0
A5 54 39 39 05 07 0E 33 04 82 0B 8E 13 10 27 00 00 00 A2  TEL,14649,S5,3591,1075,2946,5006,10000,0
A5 54 3A 39 05 E8 0D 32 04 82 0B 8E 13 10 27 00 00 00 F1  TEL,14650,S5,3560,1074,2946,5006,10000,0
A5 54 3B 39 05 C9 0D 31 04 82 0B 8E 13 10 27 00 00 00 B8  TEL,14651,S5,3529,1073,2946,5006,10000,0
A5 54 3C 39 05 26 0E 34 04 82 0B 8E 13 10 27 00 00 00 9F  TEL,14652,S5,3622,1076,2946,5006,10000,0
A5 54 3D 39 05 C9 0D 31 04 82 0B 8E 13 10 27 00 00 00 B4  TEL,14653,S5,3529,1073,2946,5006,10000,0
A5 54 3E 39 05 C9 0D 31 04 82 0B 8E 13 10 27 00 00 00 B2  TEL,14654,S5,3529,1073,2946,5006,10000,0
A5 54 3F 39 05 E8 0D 32 04 82 0B 8E 13 10 27 00 00 00 FB  TEL,14655,S5,3560,1074,2946,5006,10000,0
A5 54 40 39 05 A3 0E 38 04 82 0B 8E 13 10 27 00 00 00 D8  TEL,14656,S5,3747,1080,2946,5006,10000,0
A5 54 41 39 05 C9 0D 31 04 82 0B 8F 13 10 27 00 00 00 93  TEL,14657,S5,3529,1073,2946,5007,10000,0
A5 54 42 39 05 C9 0D 30 04 82 0B 8E 13 10 27 00 00 00 55  TEL,14658,S5,3529,1072,2946,5006,10000,0
A5 54 43 39 05 E8 0D 32 04 82 0B 8E 13 10 27 00 00 00 03  TEL,14659,S5,3560,1074,2946,5006,10000,0
A5 54 44 39 05 C9 0D 30 04 82 0B 8E 13 10 27 00 00 00 59  TEL,14660,S5,3529,1072,2946,5006,10000,0
A5 54 45 39 05 C9 0D 31 04 82 0B 8F 13 10 27 00 00 00 9B  TEL,14661,S5,3529,1073,2946,5007,10000,0
A5 54 46 39 05 AA 0D 2F 04 82 0B 8E 13 10 27 00 00 00 B1  TEL,14662,S5,3498,1071,2946,5006,10000,0
A5 54 47 39 05 E8 0D 32 04 82 0B 8E 13 10 27 00 00 00 0B  TEL,14663,S5,3560,1074,2946,5006,10000,0
A5 54 48 39 05 45 0E 35 04 82 0B 8E 13 10 27 00 00 00 D6  TEL,14664,S5,3653,1077,2946,5006,10000,0
A5 54 49 39 05 C9 0D 31 04 82 0B 8F 13 10 27 00 00 00 83  TEL,14665,S5,3529,1073,2946,5007,10000,0
A5 54 4A 39 05 C9 0D 30 04 82 0B 8F 13 10 27 00 00 00 9A  TEL,14666,S5,3529,1072,2946,5007,10000,0
A5 54 4B 39 05 C9 0D 31 04 82 0B 90 13 10 27 00 00 00 AD  TEL,14667,S5,3529,1073,2946,5008,10000,0
A5 54 4C 39 05 E8 0D 32 04 82 0B 90 13 10 27 00 00 00 E8  TEL,14668,S5,3560,1074,2946,5008,10000,0
A5 54 4D 39 05 E8 0D 32 04 82 0B 90 13 10 27 00 00 00 EA  TEL,14669,S5,3560,1074,2946,5008,10000,0
A5 54 4E 39 05 E8 0D 32 04 82 0B 90 13 10 27 00 00 00 EC  TEL,14670,S5,3560,1074,2946,5008,10000,0
A5 54 4F 39 05 E8 0D 32 04 82 0B 90 13 10 27 00 00 00 EE  TEL,14671,S5,3560,1074,2946,5008,10000,0
A5 54 50 39 05 E8 0D 32 04 82 0B 90 13 10 27 00 00 00 D0  TEL,14672,S5,3560,1074,2946,5008,10000,0
A5 54 51 39 05 E8 0D 32 04 82 0B 90 13 10 27 00 00 00 D2  TEL,14673,S5,3560,1074,2946,5008,10000,0
A5 54 52 39 05 C9 0D 30 04 82 0B 90 13 10 27 00 00 00 80  TEL,14674,S5,3529,1072,2946,5008,10000,0
A5 54 53 39 05 C9 0D 30 04 82 0B 90 13 10 27 00 00 00 82  TEL,14675,S5,3529,1072,2946,5008,10000,0
A5 54 54 39 05 26 0E 34 04 82 0B 90 13 10 27 00 00 00 BA  TEL,14676,S5,3622,1076,2946,5008,10000,0
A5 54 55 39 05 26 0E 34 04 82 0B 90 13 10 27 00 00 00 B8  TEL,14677,S5,3622,1076,2946,5008,10000,0
A5 54 56 39 05 64 0E 36 04 82 0B 90 13 10 27 00 00 00 54  TEL,14678,S5,3684,1078,2946,5008,10000,0
A5 54 57 39 05 E8 0D 32 04 82 0B 90 13 10 27 00 00 00 DE  TEL,14679,S5,3560,1074,2946,5008,10000,0
A5 54 58 39 05 E8 0D 32 04 82 0B 90 13 10 27 00 00 00 C0  TEL,14680,S5,3560,1074,2946,5008,10000,0
A5 54 59 39 05 E8 0D 32 04 82 0B 90 13 10 27 00 00 00 C2  TEL,14681,S5,3560,1074,2946,5008,10000,0
A5 54 5A 39 05 E8 0D 32 04 82 0B 90 13 10 27 00 00 00 C4  TEL,14682,S5,3560,1074,2946,5008,10000,0
A5 54 5B 39 05 E8 0D 32 04 82 0B 90 13 10 27 00 00 00 C6  TEL,14683,S5,3560,1074,2946,5008,10000,0
A5 54 5C 39 05 E8 0D 32 04 82 0B 90 13 10 27 00 00 00 C8  TEL,14684,S5,3560,1074,2946,5008,10000,0
A5 54 5D 39 05 64 0E 36 04 82 0B 90 13 10 27 00 00 00 42  TEL,14685,S5,3684,1078,2946,5008,10000,0
A5 54 5E 39 05 E8 0D 32 04 82 0B 90 13 10 27 00 00 00 CC  TEL,14686,S5,3560,1074,2946,5008,10000,0
A5 54 5F 39 05 E8 0D 32 04 82 0B 90 13 10 27 00 00 00 CE  TEL,14687,S5,3560,1074,2946,5008,10000,0
A5 54 60 39 05 E8 0D 32 04 82 0B 90 13 10 27 00 00 00 B0  TEL,14688,S5,3560,1074,2946,5008,10000,0
A5 54 61 39 05 E8 0D 32 04 82 0B 90 13 10 27 00 00 00 B2  TEL,14689,S5,3560,1074,2946,5008,10000,0
A5 54 62 39 05 C9 0D 30 04 82 0B 90 13 10 27 00 00 00 E0  TEL,14690,S5,3529,1072,2946,5008,10000,0
A5 54 63 39 05 E8 0D 32 04 82 0B 90 13 10 27 00 00 00 B6  TEL,14691,S5,3560,1074,2946,5008,10000,0
A5 54 64 39 05 E8 0D 32 04 82 0B 90 13 10 27 00 00 00 B8  TEL,14692,S5,3560,1074,2946,5008,10000,0
A5 54 65 39 05 E8 0D 32 04 82 0B 90 13 10 27 00 00 00 BA  TEL,14693,S5,3560,1074,2946,5008,10000,0
A5 54 66 39 05 E8 0D 32 04 82 0B 90 13 10 27 00 00 00 BC  TEL,14694,S5,3560,1074,2946,5008,10000,0
A5 54 67 39 05 E8 0D 32 04 82 0B 90 13 10 27 00 00 00 BE  TEL,14695,S5,3560,1074,2946,5008,10000,0
A5 54 68 39 05 E8 0D 32 04 82 0B 90 13 10 27 00 00 00 A0  TEL,14696,S5,3560,1074,2946,5008,10000,0
A5 54 69 39 05 C9 0D 31 04 82 0B 90 13 10 27 00 00 00 E9  TEL,14697,S5,3529,1073,2946,5008,10000,0
A5 54 6A 39 05 E8 0D 32 04 82 0B 90 13 10 27 00 00 00 A4  TEL,14698,S5,3560,1074,2946,5008,10000,0
A5 54 6B 39 05 E8 0D 32 04 82 0B 90 13 10 27 00 00 00 A6  TEL,14699,S5,3560,1074,2946,5008,10000,0
A5 54 6C 39 05 E8 0D 32 04 82 0B 90 13 10 27 00 00 00 A8  TEL,14700,S5,3560,1074,2946,5008,10000,0
A5 54 6D 39 05 26 0E 34 04 82 0B 90 13 10 27 00 00 00 C8  TEL,14701,S5,3622,1076,2946,5008,10000,0
A5 54 6E 39 05 E8 0D 32 04 82 0B 90 13 10 27 00 00 00 AC  TEL,14702,S5,3560,1074,2946,5008,10000,0
A5 54 6F 39 05 C9 0D 30 04 82 0B 90 13 10 27 00 00 00 FA  TEL,14703,S5,3529,1072,2946,5008,10000,0
A5 54 70 39 05 E8 0D 32 04 82 0B 90 13 10 27 00 00 00 90  TEL,14704,S5,3560,1074,2946,5008,10000,0
A5 54 71 39 05 C9 0D 30 04 82 0B 90 13 10 27 00 00 00 C6  TEL,14705,S5,3529,1072,2946,5008,10000,0
A5 54 72 39 05 C9 0D 31 04 82 0B 90 13 10 27 00 00 00 DF  TEL,14706,S5,3529,1073,2946,5008,10000,0
A5 54 73 39 05 E8 0D 32 04 82 0B 90 13 10 27 00 00 00 96  TEL,14707,S5,3560,1074,2946,5008,10000,0
A5 54 74 39 05 E8 0D 32 04 82 0B 90 13 10 27 00 00 00 98  TEL,14708,S5,3560,1074,2946,5008,10000,0
A5 54 75 39 05 E8 0D 32 04 82 0B 90 13 10 27 00 00 00 9A  TEL,14709,S5,3560,1074,2946,5008,10000,0
A5 54 76 39 05 AA 0D 2F 04 82 0B 90 13 10 27 00 00 00 24  TEL,14710,S5,3498,1071,2946,5008,10000,0
A5 54 77 39 05 E8 0D 32 04 82 0B 90 13 10 27 00 00 00 9E  TEL,14711,S5,3560,1074,2946,5008,10000,0
A5 54 78 39 05 E8 0D 32 04 82 0B 90 13 10 27 00 00 00 80  TEL,14712,S5,3560,1074,2946,5008,10000,0
A5 54 79 39 05 E8 0D 32 04 82 0B 90 13 10 27 00 00 00 82  TEL,14713,S5,3560,1074,2946,5008,10000,0
A5 54 7A 39 05 E8 0D 32 04 82 0B 90 13 10 27 00 00 00 84  TEL,14714,S5,3560,1074,2946,5008,10000,0
A5 54 7B 39 05 26 0E 34 04 82 0B 90 13 10 27 00 00 00 E4  TEL,14715,S5,3622,1076,2946,5008,10000,0
A5 54 7C 39 05 C9 0D 30 04 82 0B 90 13 10 27 00 00 00 DC  TEL,14716,S5,3529,1072,2946,5008,10000,0
A5 54 7D 39 05 26 0E 34 04 82 0B 90 13 10 27 00 00 00 E8  TEL,14717,S5,3622,1076,2946,5008,10000,0
A5 54 7E 39 05 45 0E 35 04 82 0B 90 13 10 27 00 00 00 4F  TEL,14718,S5,3653,1077,2946,5008,10000,0
A5 54 7F 39 05 E8 0D 32 04 82 0B 90 13 10 27 00 00 00 8E  TEL,14719,S5,3560,1074,2946,5008,10000,0
A5 54 80 39 05 E8 0D 32 04 82 0B 90 13 10 27 00 00 00 77  TEL,14720,S5,3560,1074,2946,5008,10000,0
A5 54 81 39 05 26 0E 34 04 82 0B 90 13 10 27 00 00 00 17  TEL,14721,S5,3622,1076,2946,5008,10000,0
A5 54 82 39 05 26 0E 34 04 82 0B 90 13 10 27 00 00 00 11  TEL,14722,S5,3622,1076,2946,5008,10000,0
A5 54 83 39 05 E8 0D 32 04 82 0B 90 13 10 27 00 00 00 71  TEL,14723,S5,3560,1074,2946,5008,10000,0
A5 54 84 39 05 26 0E 34 04 82 0B 90 13 10 27 00 00 00 1D  TEL,14724,S5,3622,1076,2946,5008,10000,0
A5 54 85 39 05 C9 0D 31 04 82 0B 90 13 10 27 00 00 00 36  TEL,14725,S5,3529,1073,2946,5008,10000,0
A5 54 86 39 05 C9 0D 31 04 82 0B 90 13 10 27 00 00 00 30  TEL,14726,S5,3529,1073,2946,5008,10000,0
A5 54 87 39 05 C9 0D 31 04 82 0B 90 13 10 27 00 00 00 32  TEL,14727,S5,3529,1073,2946,5008,10000,0
A5 54 88 39 05 E8 0D 32 04 82 0B 90 13 10 27 00 00 00 67  TEL,14728,S5,3560,1074,2946,5008,10000,0
A5 54 89 39 05 E8 0D 32 04 82 0B 90 13 10 27 00 00 00 65  TEL,14729,S5,3560,1074,2946,5008,10000,0
A5 54 8A 39 05 E8 0D 32 04 82 0B 90 13 10 27 00 00 00 63  TEL,14730,S5,3560,1074,2946,5008,10000,0
A5 54 8B 39 05 07 0E 33 04 82 0B 90 13 10 27 00 00 00 34  TEL,14731,S5,3591,1075,2946,5008,10000,0
A5 54 8C 39 05 26 0E 34 04 82 0B 90 13 10 27 00 00 00 0D  TEL,14732,S5,3622,1076,2946,5008,10000,0
A5 54 8D 39 05 E8 0D 32 04 82 0B 90 13 10 27 00 00 00 6D  TEL,14733,S5,3560,1074,2946,5008,10000,0
A5 54 8E 39 05 E8 0D 32 04 82 0B 90 13 10 27 00 00 00 6B  TEL,14734,S5,3560,1074,2946,5008,10000,0
A5 54 8F 39 05 E8 0D 32 04 82 0B 90 13 10 27 00 00 00 69  TEL,14735,S5,3560,1074,2946,5008,10000,0
A5 54 90 39 05 E8 0D 32 04 82 0B 90 13 10 27 00 00 00 57  TEL,14736,S5,3560,1074,2946,5008,10000,0
A5 54 91 39 05 C9 0D 30 04 82 0B 90 13 10 27 00 00 00 01  TEL,14737,S5,3529,1072,2946,5008,10000,0
A5 54 92 39 05 E8 0D 32 04 82 0B 90 13 10 27 00 00 00 53  TEL,14738,S5,3560,1074,2946,5008,10000,0
A5 54 93 39 05 E8 0D 32 04 82 0B 90 13 10 27 00 00 00 51  TEL,14739,S5,3560,1074,2946,5008,10000,0
A5 54 94 39 05 E8 0D 32 04 82 0B 90 13 10 27 00 00 00 5F  TEL,14740,S5,3560,1074,2946,5008,10000,0
A5 54 95 39 05 E8 0D 32 04 82 0B 90 13 10 27 00 00 00 5D  TEL,14741,S5,3560,1074,2946,5008,10000,0
A5 54 96 39 05 E8 0D 32 04 82 0B 90 13 10 27 00 00 00 5B  TEL,14742,S5,3560,1074,2946,5008,10000,0
A5 54 97 39 05 26 0E 34 04 82 0B 90 13 10 27 00 00 00 3B  TEL,14743,S5,3622,1076,2946,5008,10000,0
A5 54 98 39 05 07 0E 33 04 82 0B 90 13 10 27 00 00 00 12  TEL,14744,S5,3591,1075,2946,5008,10000,0
A5 54 99 39 05 64 0E 36 04 82 0B 90 13 10 27 00 00 00 CD  TEL,14745,S5,3684,1078,2946,5008,10000,0
A5 54 9A 39 05 E8 0D 32 04 82 0B 90 13 10 27 00 00 00 43  TEL,14746,S5,3560,1074,2946,5008,10000,0
A5 54 9B 39 05 E8 0D 32 04 82 0B 90 13 10 27 00 00 00 41  TEL,14747,S5,3560,1074,2946,5008,10000,0
A5 54 9C 39 05 E8 0D 32 04 82 0B 90 13 10 27 00 00 00 4F  TEL,14748,S5,3560,1074,2946,5008,10000,0
A5 54 9D 39 05 E8 0D 32 04 82 0B 90 13 10 27 00 00 00 4D  TEL,14749,S5,3560,1074,2946,5008,10000,0
A5 54 9E 39 05 E8 0D 32 04 82 0B 90 13 10 27 00 00 00 4B  TEL,14750,S5,3560,1074,2946,5008,10000,0
A5 54 9F 39 05 E8 0D 32 04 82 0B 90 13 10 27 00 00 00 49  TEL,14751,S5,3560,1074,2946,5008,10000,0
A5 54 A0 39 05 C9 0D 30 04 82 0B 90 13 10 27 00 00 00 63  TEL,14752,S5,3529,1072,2946,5008,10000,0
A5 54 A1 39 05 C9 0D 30 04 82 0B 90 13 10 27 00 00 00 61  TEL,14753,S5,3529,1072,2946,5008,10000,0
A5 54 A2 39 05 C9 0D 30 04 82 0B 90 13 10 27 00 00 00 67  TEL,14754,S5,3529,1072,2946,5008,10000,0
A5 54 A3 39 05 07 0E 33 04 82 0B 8C 25 10 27 00 00 00 7B  TEL,14755,S5,3591,1075,2946,9612,10000,0
A5 54 A4 39 05 83 0E 37 04 82 0B 8F 13 0D 39 00 00 00 F6  TEL,14756,S5,3715,1079,2946,5007,14605,0
A5 54 A5 39 05 07 0E 33 04 82 0B B4 29 10 27 00 00 00 04  TEL,14757,S5,3591,1075,2946,10676,10000,0
A5 54 A6 39 05 E8 0D 32 04 82 0B 8F 13 35 3D 00 00 00 63  TEL,14758,S5,3560,1074,2946,5007,15669,0
A5 54 A7 39 05 E8 0D 32 04 82 0B 8F 13 10 27 00 00 00 13  TEL,14759,S5,3560,1074,2946,5007,10000,0
A5 54 A8 39 05 E8 0D 32 04 82 0B 8F 13 10 27 00 00 00 0D  TEL,14760,S5,3560,1074,2946,5007,10000,0
A5 54 A9 39 05 C9 0D 31 04 82 0B 8F 13 10 27 00 00 00 44  TEL,14761,S5,3529,1073,2946,5007,10000,0
A5 54 AA 39 05 E8 0D 32 04 82 0B 8F 13 10 27 00 00 00 09  TEL,14762,S5,3560,1074,2946,5007,10000,0
A5 54 AB 39 05 E8 0D 32 04 82 0B 8F 13 10 27 00 00 00 0B  TEL,14763,S5,3560,1074,2946,5007,10000,0
A5 54 AC 39 05 E8 0D 32 04 82 0B 8F 13 10 27 00 00 00 05  TEL,14764,S5,3560,1074,2946,5007,10000,0
A5 54 AD 39 05 E8 0D 32 04 82 0B 8F 13 10 27 00 00 00 07  TEL,14765,S5,3560,1074,2946,5007,10000,0
A5 54 AE 39 05 E8 0D 32 04 82 0B 8F 13 10 27 00 00 00 01  TEL,14766,S5,3560,1074,2946,5007,10000,0
A5 54 AF 39 05 E8 0D 32 04 82 0B 8F 13 10 27 00 00 00 03  TEL,14767,S5,3560,1074,2946,5007,10000,0
A5 54 B0 39 05 E8 0D 32 04 82 0B 8F 13 10 27 00 00 00 3D  TEL,14768,S5,3560,1074,2946,5007,10000,0
A5 54 B1 39 05 E8 0D 32 04 82 0B 8F 13 10 27 00 00 00 3F  TEL,14769,S5,3560,1074,2946,5007,10000,0
A5 54 B2 39 05 E8 0D 32 04 82 0B 8F 13 10 27 00 00 00 39  TEL,14770,S5,3560,1074,2946,5007,10000,0
A5 54 B3 39 05 E8 0D 32 04 82 0B 8F 13 10 27 00 00 00 3B  TEL,14771,S5,3560,1074,2946,5007,10000,0
A5 54 B4 39 05 E8 0D 32 04 82 0B 8F 13 10 27 00 00 00 35  TEL,14772,S5,3560,1074,2946,5007,10000,0
A5 54 B5 39 05 E8 0D 32 04 82 0B 8F 13 10 27 00 00 00 37  TEL,14773,S5,3560,1074,2946,5007,10000,0
A5 54 B6 39 05 E8 0D 32 04 82 0B 8F 13 10 27 00 00 00 31  TEL,14774,S5,3560,1074,2946,5007,10000,0
A5 54 B7 39 05 E8 0D 32 04 82 0B 8F 13 10 27 00 00 00 33  TEL,14775,S5,3560,1074,2946,5007,10000,0
A5 54 B8 39 05 E8 0D 32 04 82 0B 8F 13 10 27 00 00 00 2D  TEL,14776,S5,3560,1074,2946,5007,10000,0
A5 54 B9 39 05 C9 0D 30 04 82 0B 8F 13 10 27 00 00 00 7B  TEL,14777,S5,3529,1072,2946,5007,10000,0
A5 54 BA 39 05 E8 0D 32 04 82 0B 8F 13 10 27 00 00 00 29  TEL,14778,S5,3560,1074,2946,5007,10000,0
A5 54 BB 39 05 26 0E 34 04 82 0B 8F 13 10 27 00 00 00 49  TEL,14779,S5,3622,1076,2946,5007,10000,0
A5 54 BC 39 05 E8 0D 32 04 82 0B 8F 13 10 27 00 00 00 25  TEL,14780,S5,3560,1074,2946,5007,10000,0
A5 54 BD 39 05 26 0E 34 04 82 0B 8F 13 86 3A 00 00 00 32  TEL,14781,S5,3622,1076,2946,5007,14982,0
A5 54 BE 39 05 83 0E 37 04 82 0B 8F 13 10 27 00 00 00 A7  TEL,14782,S5,3715,1079,2946,5007,10000,0
A5 54 BF 39 05 26 0E 34 04 82 0B 89 13 10 27 00 00 00 8D  TEL,14783,S5,3622,1076,2946,5001,10000,0
A5 54 C0 39 05 C9 0D 31 04 82 0B 23 28 0B 27 00 00 00 3E  TEL,14784,S5,3529,1073,2946,10275,9995,0
A5 54 C1 39 05 07 0E 33 04 82 0B 83 13 B0 3B 00 00 00 69  TEL,14785,S5,3591,1075,2946,4995,15280,0
A5 54 C2 39 05 C9 0D 31 04 82 0B 83 13 10 27 00 00 00 0D  TEL,14786,S5,3529,1073,2946,4995,10000,0
A5 54 C3 39 05 C9 0D 31 04 82 0B 83 13 10 27 00 00 00 0F  TEL,14787,S5,3529,1073,2946,4995,10000,0
A5 54 C4 39 05 C9 0D 31 04 82 0B 83 13 10 27 00 00 00 01  TEL,14788,S5,3529,1073,2946,4995,10000,0
A5 54 C5 39 05 07 0E 33 04 82 0B 83 13 10 27 00 00 00 1D  TEL,14789,S5,3591,1075,2946,4995,10000,0
A5 54 C6 39 05 C9 0D 31 04 82 0B 83 13 10 27 00 00 00 05  TEL,14790,S5,3529,1073,2946,4995,10000,0
A5 54 C7 39 05 C9 0D 31 04 82 0B 83 13 10 27 00 00 00 07  TEL,14791,S5,3529,1073,2946,4995,10000,0
A5 54 C8 39 05 26 0E 34 04 82 0B 83 13 10 27 00 00 00 30  TEL,14792,S5,3622,1076,2946,4995,10000,0
A5 54 C9 39 05 C9 0D 31 04 82 0B 83 13 10 27 00 00 00 1B  TEL,14793,S5,3529,1073,2946,4995,10000,0
A5 54 CA 39 05 26 0E 34 04 82 0B 83 13 10 27 00 00 00 34  TEL,14794,S5,3622,1076,2946,4995,10000,0
A5 54 CB 39 05 C9 0D 31 04 82 0B 83 13 10 27 00 00 00 1F  TEL,14795,S5,3529,1073,2946,4995,10000,0
A5 54 CC 39 05 C9 0D 31 04 82 0B 83 13 10 27 00 00 00 11  TEL,14796,S5,3529,1073,2946,4995,10000,0
A5 54 CD 39 05 C9 0D 31 04 82 0B 83 13 10 27 00 00 00 13  TEL,14797,S5,3529,1073,2946,4995,10000,0
A5 54 CE 39 05 C9 0D 31 04 82 0B 83 13 10 27 00 00 00 15  TEL,14798,S5,3529,1073,2946,4995,10000,0
A5 54 CF 39 05 26 0E 34 04 82 0B 83 13 10 27 00 00 00 3E  TEL,14799,S5,3622,1076,2946,4995,10000,0
A5 54 D0 39 05 C9 0D 31 04 82 0B 83 13 10 27 00 00 00 29  TEL,14800,S5,3529,1073,2946,4995,10000,0
A5 54 D1 39 05 26 0E 34 04 82 0B 83 13 10 27 00 00 00 02  TEL,14801,S5,3622,1076,2946,4995,10000,0
A5 54 D2 39 05 07 0E 33 04 82 0B 83 13 10 27 00 00 00 33  TEL,14802,S5,3591,1075,2946,4995,10000,0
A5 54 D3 39 05 C9 0D 31 04 82 0B 83 13 10 27 00 00 00 2F  TEL,14803,S5,3529,1073,2946,4995,10000,0
A5 54 D4 39 05 26 0E 34 04 82 0B 83 13 10 27 00 00 00 08  TEL,14804,S5,3622,1076,2946,4995,10000,0
A5 54 D5 39 05 07 0E 33 04 82 0B 83 13 10 27 00 00 00 3D  TEL,14805,S5,3591,1075,2946,4995,10000,0
A5 54 D6 39 05 26 0E 34 04 82 0B 83 13 10 27 00 00 00 0C  TEL,14806,S5,3622,1076,2946,4995,10000,0
A5 54 D7 39 05 C9 0D 31 04 82 0B 83 13 10 27 00 00 00 27  TEL,14807,S5,3529,1073,2946,4995,10000,0
A5 54 D8 39 05 C9 0D 31 04 82 0B 83 13 10 27 00 00 00 39  TEL,14808,S5,3529,1073,2946,4995,10000,0
A5 54 D9 39 05 C9 0D 31 04 82 0B 83 13 10 27 00 00 00 3B  TEL,14809,S5,3529,1073,2946,4995,10000,0
A5 54 DA 39 05 E8 0D 32 04 82 0B 83 13 10 27 00 00 00 76  TEL,14810,S5,3560,1074,2946,4995,10000,0
A5 54 DB 39 05 07 0E 33 04 82 0B 83 13 10 27 00 00 00 21  TEL,14811,S5,3591,1075,2946,4995,10000,0
A5 54 DC 39 05 C9 0D 31 04 82 0B 83 13 10 27 00 00 00 31  TEL,14812,S5,3529,1073,2946,4995,10000,0
A5 54 DD 39 05 C9 0D 31 04 82 0B 83 13 10 27 00 00 00 33  TEL,14813,S5,3529,1073,2946,4995,10000,0
A5 54 DE 39 05 07 0E 33 04 82 0B 83 13 10 27 00 00 00 2B  TEL,14814,S5,3591,1075,2946,4995,10000,0
A5 54 DF 39 05 C9 0D 31 04 82 0B 83 13 10 27 00 00 00 37  TEL,14815,S5,3529,1073,2946,4995,10000,0
A5 54 E0 39 05 C9 0D 31 04 82 0B 83 13 10 27 00 00 00 49  TEL,14816,S5,3529,1073,2946,4995,10000,0
A5 54 E1 39 05 C9 0D 31 04 82 0B 83 13 10 27 00 00 00 4B  TEL,14817,S5,3529,1073,2946,4995,10000,0
A5 54 E2 39 05 45 0E 35 04 82 0B 83 13 10 27 00 00 00 C5  TEL,14818,S5,3653,1077,2946,4995,10000,0
A5 54 E3 39 05 C9 0D 31 04 82 0B 83 13 10 27 00 00 00 4F  TEL,14819,S5,3529,1073,2946,4995,10000,0
A5 54 E4 39 05 C9 0D 31 04 82 0B 83 13 10 27 00 00 00 41  TEL,14820,S5,3529,1073,2946,4995,10000,0
A5 54 E5 39 05 C9 0D 31 04 82 0B 83 13 10 27 00 00 00 43  TEL,14821,S5,3529,1073,2946,4995,10000,0
A5 54 E6 39 05 C9 0D 31 04 82 0B 83 13 10 27 00 00 00 45  TEL,14822,S5,3529,1073,2946,4995,10000,0
A5 54 E7 39 05 E8 0D 32 04 82 0B 83 13 10 27 00 00 00 0C  TEL,14823,S5,3560,1074,2946,4995,10000,0
A5 54 E8 39 05 26 0E 34 04 82 0B 83 13 10 27 00 00 00 70  TEL,14824,S5,3622,1076,2946,4995,10000,0
A5 54 E9 39 05 C9 0D 31 04 82 0B 83 13 10 27 00 00 00 5B  TEL,14825,S5,3529,1073,2946,4995,10000,0
A5 54 EA 39 05 C9 0D 31 04 82 0B 83 13 10 27 00 00 00 5D  TEL,14826,S5,3529,1073,2946,4995,10000,0
A5 54 EB 39 05 E8 0D 32 04 82 0B 83 13 10 27 00 00 00 14  TEL,14827,S5,3560,1074,2946,4995,10000,0
A5 54 EC 39 05 C9 0D 31 04 82 0B 83 13 10 27 00 00 00 51  TEL,14828,S5,3529,1073,2946,4995,10000,0
A5 54 ED 39 05 C9 0D 31 04 82 0B 83 13 10 27 00 00 00 53  TEL,14829,S5,3529,1073,2946,4995,10000,0
A5 54 EE 39 05 C9 0D 31 04 82 0B 83 13 10 27 00 00 00 55  TEL,14830,S5,3529,1073,2946,4995,10000,0
A5 54 EF 39 05 45 0E 35 04 82 0B 83 13 10 27 00 00 00 DF  TEL,14831,S5,3653,1077,2946,4995,10000,0
A5 54 F0 39 05 C9 0D 31 04 82 0B 83 13 10 27 00 00 00 69  TEL,14832,S5,3529,1073,2946,4995,10000,0
A5 54 F1 39 05 C9 0D 31 04 82 0B 83 13 10 27 00 00 00 6B  TEL,14833,S5,3529,1073,2946,4995,10000,0
A5 54 F2 39 05 C9 0D 31 04 82 0B 83 13 10 27 00 00 00 6D  TEL,14834,S5,3529,1073,2946,4995,10000,0
A5 54 F3 39 05 C9 0D 31 04 82 0B 83 13 10 27 00 00 00 6F  TEL,14835,S5,3529,1073,2946,4995,10000,0
A5 54 F4 39 05 C9 0D 31 04 82 0B 83 13 10 27 00 00 00 61  TEL,14836,S5,3529,1073,2946,4995,10000,0
A5 54 F5 39 05 26 0E 34 04 82 0B 83 13 10 27 00 00 00 4A  TEL,14837,S5,3622,1076,2946,4995,10000,0
A5 54 F6 39 05 C9 0D 31 04 82 0B 83 13 10 27 00 00 00 65  TEL,14838,S5,3529,1073,2946,4995,10000,0
A5 54 F7 39 05 C9 0D 31 04 82 0B 83 13 10 27 00 00 00 67  TEL,14839,S5,3529,1073,2946,4995,10000,0
A5 54 F8 39 05 C9 0D 30 04 82 0B 83 13 10 27 00 00 00 66  TEL,14840,S5,3529,1072,2946,4995,10000,0
A5 54 F9 39 05 C9 0D 31 04 82 0B 83 13 10 27 00 00 00 7B  TEL,14841,S5,3529,1073,2946,4995,10000,0
A5 54 FA 39 05 C9 0D 31 04 82 0B 83 13 10 27 00 00 00 7D  TEL,14842,S5,3529,1073,2946,4995,10000,0
A5 54 FB 39 05 C9 0D 31 04 82 0B 83 13 10 27 00 00 00 7F  TEL,14843,S5,3529,1073,2946,4995,10000,0
A5 54 FC 39 05 C9 0D 31 04 82 0B 83 13 10 27 00 00 00 71  TEL,14844,S5,3529,1073,2946,4995,10000,0
A5 54 FD 39 05 C9 0D 30 04 82 0B 83 13 10 27 00 00 00 6C  TEL,14845,S5,3529,1072,2946,4995,10000,0
A5 54 FE 39 05 C9 0D 31 04 82 0B 83 13 10 27 00 00 00 75  TEL,14846,S5,3529,1073,2946,4995,10000,0
A5 54 FF 39 05 26 0E 34 04 82 0B 83 13 10 27 00 00 00 5E  TEL,14847,S5,3622,1076,2946,4995,10000,0
A5 54 00 3A 05 C9 0D 31 04 82 0B 83 13 10 27 00 00 00 56  TEL,14848,S5,3529,1073,2946,4995,10000,0
A5 54 01 3A 05 C9 0D 31 04 82 0B 83 13 10 27 00 00 00 54  TEL,14849,S5,3529,1073,2946,4995,10000,0
A5 54 02 3A 05 45 0E 35 04 82 0B 83 13 10 27 00 00 00 DA  TEL,14850,S5,3653,1077,2946,4995,10000,0
A5 54 03 3A 05 07 0E 33 04 82 0B 83 13 10 27 00 00 00 4E  TEL,14851,S5,3591,1075,2946,4995,10000,0
A5 54 04 3A 05 26 0E 34 04 82 0B 83 13 10 27 00 00 00 77  TEL,14852,S5,3622,1076,2946,4995,10000,0
A5 54 05 3A 05 C9 0D 31 04 82 0B 83 13 10 27 00 00 00 5C  TEL,14853,S5,3529,1073,2946,4995,10000,0
A5 54 06 3A 05 C9 0D 31 04 82 0B 83 13 10 27 00 00 00 5A  TEL,14854,S5,3529,1073,2946,4995,10000,0
A5 54 07 3A 05 C9 0D 31 04 82 0B 83 13 10 27 00 00 00 58  TEL,14855,S5,3529,1073,2946,4995,10000,0
A5 54 08 3A 05 C9 0D 31 04 82 0B 83 13 10 27 00 00 00 46  TEL,14856,S5,3529,1073,2946,4995,10000,0
A5 54 09 3A 05 C9 0D 31 04 82 0B 83 13 10 27 00 00 00 44  TEL,14857,S5,3529,1073,2946,4995,10000,0
A5 54 0A 3A 05 26 0E 34 04 82 0B 83 13 10 27 00 00 00 6B  TEL,14858,S5,3622,1076,2946,4995,10000,0
A5 54 0B 3A 05 07 0E 33 04 82 0B 83 13 10 27 00 00 00 5E  TEL,14859,S5,3591,1075,2946,4995,10000,0
A5 54 0C 3A 05 26 0E 34 04 82 0B 83 13 10 27 00 00 00 67  TEL,14860,S5,3622,1076,2946,4995,10000,0
A5 54 0D 3A 05 C9 0D 31 04 82 0B 83 13 10 27 00 00 00 4C  TEL,14861,S5,3529,1073,2946,4995,10000,0
A5 54 0E 3A 05 C9 0D 31 04 82 0B 83 13 10 27 00 00 00 4A  TEL,14862,S5,3529,1073,2946,4995,10000,0
A5 54 0F 3A 05 C9 0D 31 04 82 0B 83 13 10 27 00 00 00 48  TEL,14863,S5,3529,1073,2946,4995,10000,0
A5 54 10 3A 05 C9 0D 31 04 82 0B 83 13 10 27 00 00 00 76  TEL,14864,S5,3529,1073,2946,4995,10000,0
A5 54 11 3A 05 C9 0D 31 04 82 0B 83 13 10 27 00 00 00 74  TEL,14865,S5,3529,1073,2946,4995,10000,0
A5 54 12 3A 05 C9 0D 31 04 82 0B 83 13 10 27 00 00 00 72  TEL,14866,S5,3529,1073,2946,4995,10000,0
A5 54 13 3A 05 C9 0D 30 04 82 0B 83 13 10 27 00 00 00 6F  TEL,14867,S5,3529,1072,2946,4995,10000,0
A5 54 14 3A 05 C9 0D 31 04 82 0B 83 13 10 27 00 00 00 7E  TEL,14868,S5,3529,1073,2946,4995,10000,0
A5 54 15 3A 05 C9 0D 30 04 82 0B 83 13 10 27 00 00 00 63  TEL,14869,S5,3529,1072,2946,4995,10000,0
A5 54 16 3A 05 45 0E 35 04 82 0B 83 13 10 27 00 00 00 F2  TEL,14870,S5,3653,1077,2946,4995,10000,0
A5 54 17 3A 05 C9 0D 31 04 82 0B 83 13 10 27 00 00 00 78  TEL,14871,S5,3529,1073,2946,4995,10000,0
A5 54 18 3A 05 07 0E 33 04 82 0B 83 13 10 27 00 00 00 78  TEL,14872,S5,3591,1075,2946,4995,10000,0
A5 54 19 3A 05 45 0E 35 04 82 0B 83 13 10 27 00 00 00 EC  TEL,14873,S5,3653,1077,2946,4995,10000,0
A5 54 1A 3A 05 C9 0D 30 04 82 0B 83 13 10 27 00 00 00 7D  TEL,14874,S5,3529,1072,2946,4995,10000,0
A5 54 1B 3A 05 E8 0D 32 04 82 0B 83 13 10 27 00 00 00 2B  TEL,14875,S5,3560,1074,2946,4995,10000,0
A5 54 1C 3A 05 07 0E 33 04 82 0B 83 13 10 27 00 00 00 70  TEL,14876,S5,3591,1075,2946,4995,10000,0
A5 54 1D 3A 05 07 0E 33 04 82 0B 83 13 10 27 00 00 00 72  TEL,14877,S5,3591,1075,2946,4995,10000,0
A5 54 1E 3A 05 C9 0D 31 04 82 0B 83 13 10 27 00 00 00 6A  TEL,14878,S5,3529,1073,2946,4995,10000,0
A5 54 1F 3A 05 07 0E 33 04 82 0B 83 13 10 27 00 00 00 76  TEL,14879,S5,3591,1075,2946,4995,10000,0
A5 54 20 3A 05 07 0E 33 04 82 0B 83 13 10 27 00 00 00 08  TEL,14880,S5,3591,1075,2946,4995,10000,0
A5 54 21 3A 05 07 0E 33 04 82 0B 83 13 10 27 00 00 00 0A  TEL,14881,S5,3591,1075,2946,4995,10000,0
A5 54 22 3A 05 26 0E 34 04 82 0B 83 13 10 27 00 00 00 3B  TEL,14882,S5,3622,1076,2946,4995,10000,0
A5 54 23 3A 05 26 0E 34 04 82 0B 83 13 10 27 00 00 00 39  TEL,14883,S5,3622,1076,2946,4995,10000,0
A5 54 24 3A 05 07 0E 33 04 82 0B 83 13 10 27 00 00 00 00  TEL,14884,S5,3591,1075,2946,4995,10000,0
A5 54 25 3A 05 C9 0D 31 04 82 0B 83 13 10 27 00 00 00 1C  TEL,14885,S5,3529,1073,2946,4995,10000,0
A5 54 26 3A 05 C9 0D 31 04 82 0B 83 13 10 27 00 00 00 1A  TEL,14886,S5,3529,1073,2946,4995,10000,0
A5 54 27 3A 05 C9 0D 31 04 82 0B 83 13 10 27 00 00 00 18  TEL,14887,S5,3529,1073,2946,4995,10000,0
A5 54 28 3A 05 C9 0D 31 04 82 0B 83 13 10 27 00 00 00 06  TEL,14888,S5,3529,1073,2946,4995,10000,0
A5 54 29 3A 05 C9 0D 30 04 82 0B 83 13 10 27 00 00 00 1B  TEL,14889,S5,3529,1072,2946,4995,10000,0
A5 54 2A 3A 05 26 0E 34 04 82 0B 83 13 10 27 00 00 00 2B  TEL,14890,S5,3622,1076,2946,4995,10000,0
A5 54 2B 3A 05 07 0E 33 04 82 0B 83 13 10 27 00 00 00 1E  TEL,14891,S5,3591,1075,2946,4995,10000,0
A5 54 2C 3A 05 C9 0D 31 04 82 0B 83 13 10 27 00 00 00 0E  TEL,14892,S5,3529,1073,2946,4995,10000,0
A5 54 2D 3A 05 C9 0D 31 04 82 0B 83 13 10 27 00 00 00 0C  TEL,14893,S5,3529,1073,2946,4995,10000,0
A5 54 2E 3A 05 C9 0D 31 04 82 0B 83 13 10 27 00 00 00 0A  TEL,14894,S5,3529,1073,2946,4995,10000,0
A5 54 2F 3A 05 07 0E 33 04 82 0B 83 13 10 27 00 00 00 16  TEL,14895,S5,3591,1075,2946,4995,10000,0
A5 54 30 3A 05 26 0E 34 04 82 0B 83 13 10 27 00 00 00 1F  TEL,14896,S5,3622,1076,2946,4995,10000,0
A5 54 31 3A 05 26 0E 34 04 82 0B 83 13 10 27 00 00 00 1D  TEL,14897,S5,3622,1076,2946,4995,10000,0
A5 54 32 3A 05 45 0E 35 04 82 0B 83 13 10 27 00 00 00 BA  TEL,14898,S5,3653,1077,2946,4995,10000,0
A5 54 33 3A 05 C9 0D 31 04 82 0B 83 13 10 27 00 00 00 30  TEL,14899,S5,3529,1073,2946,4995,10000,0
A5 54 34 3A 05 E8 0D 32 04 82 0B 83 13 10 27 00 00 00 75  TEL,14900,S5,3560,1074,2946,4995,10000,0
A5 54 35 3A 05 C9 0D 31 04 82 0B 83 13 10 27 00 00 00 3C  TEL,14901,S5,3529,1073,2946,4995,10000,0
A5 54 36 3A 05 C9 0D 31 04 82 0B 83 13 10 27 00 00 00 3A  TEL,14902,S5,3529,1073,2946,4995,10000,0
A5 54 37 3A 05 C9 0D 30 04 82 0B 83 13 10 27 00 00 00 27  TEL,14903,S5,3529,1072,2946,4995,10000,0
A5 54 38 3A 05 C9 0D 31 04 82 0B 83 13 10 27 00 00 00 26  TEL,14904,S5,3529,1073,2946,4995,10000,0
A5 54 39 3A 05 26 0E 34 04 82 0B 83 13 10 27 00 00 00 0D  TEL,14905,S5,3622,1076,2946,4995,10000,0
A5 54 3A 3A 05 C9 0D 31 04 82 0B 83 13 10 27 00 00 00 22  TEL,14906,S5,3529,1073,2946,4995,10000,0
A5 54 3B 3A 05 83 0E 37 04 82 0B 83 13 10 27 00 00 00 ED  TEL,14907,S5,3715,1079,2946,4995,10000,0
A5 54 3C 3A 05 07 0E 33 04 82 0B 83 13 10 27 00 00 00 30  TEL,14908,S5,3591,1075,2946,4995,10000,0
A5 54 3D 3A 05 C9 0D 31 04 82 0B 83 13 10 27 00 00 00 2C  TEL,14909,S5,3529,1073,2946,4995,10000,0
A5 54 3E 3A 05 C9 0D 31 04 82 0B 83 13 10 27 00 00 00 2A  TEL,14910,S5,3529,1073,2946,4995,10000,0
A5 54 3F 3A 05 26 0E 34 04 82 0B 83 13 10 27 00 00 00 01  TEL,14911,S5,3622,1076,2946,4995,10000,0
A5 54 40 3A 05 26 0E 34 04 82 0B 83 13 10 27 00 00 00 FF  TEL,14912,S5,3622,1076,2946,4995,10000,0
A5 54 41 3A 05 C9 0D 31 04 82 0B 83 13 10 27 00 00 00 D4  TEL,14913,S5,3529,1073,2946,4995,10000,0
A5 54 42 3A 05 C9 0D 31 04 82 0B 83 13 10 27 00 00 00 D2  TEL,14914,S5,3529,1073,2946,4995,10000,0
A5 54 43 3A 05 C9 0D 31 04 82 0B 83 13 10 27 00 00 00 D0  TEL,14915,S5,3529,1073,2946,4995,10000,0
A5 54 44 3A 05 26 0E 34 04 82 0B 83 13 10 27 00 00 00 F7  TEL,14916,S5,3622,1076,2946,4995,10000,0
A5 54 45 3A 05 C9 0D 31 04 82 0B 83 13 10 27 00 00 00 DC  TEL,14917,S5,3529,1073,2946,4995,10000,0
A5 54 46 3A 05 C9 0D 31 04 82 0B 83 13 10 27 00 00 00 DA  TEL,14918,S5,3529,1073,2946,4995,10000,0
A5 54 47 3A 05 07 0E 33 04 82 0B 83 13 10 27 00 00 00 C6  TEL,14919,S5,3591,1075,2946,4995,10000,0
A5 54 48 3A 05 C9 0D 31 04 82 0B 83 13 10 27 00 00 00 C6  TEL,14920,S5,3529,1073,2946,4995,10000,0
A5 54 49 3A 05 26 0E 34 04 82 0B 83 13 10 27 00 00 00 ED  TEL,14921,S5,3622,1076,2946,4995,10000,0
A5 54 4A 3A 05 C9 0D 31 04 82 0B 83 13 10 27 00 00 00 C2  TEL,14922,S5,3529,1073,2946,4995,10000,0
A5 54 4B 3A 05 E8 0D 32 04 82 0B 83 13 10 27 00 00 00 8B  TEL,14923,S5,3560,1074,2946,4995,10000,0
A5 54 4C 3A 05 26 0E 34 04 82 0B 83 13 10 27 00 00 00 E7  TEL,14924,S5,3622,1076,2946,4995,10000,0
A5 54 4D 3A 05 AA 0D 2F 04 82 0B 83 13 10 27 00 00 00 3F  TEL,14925,S5,3498,1071,2946,4995,10000,0
A5 54 4E 3A 05 C9 0D 31 04 82 0B 83 13 10 27 00 00 00 CA  TEL,14926,S5,3529,1073,2946,4995,10000,0
A5 54 4F 3A 05 26 0E 34 04 82 0B 83 13 10 27 00 00 00 E1  TEL,14927,S5,3622,1076,2946,4995,10000,0
A5 54 50 3A 05 C9 0D 31 04 82 0B 83 13 10 27 00 00 00 F6  TEL,14928,S5,3529,1073,2946,4995,10000,0
A5 54 51 3A 05 C9 0D 31 04 82 0B 83 13 10 27 00 00 00 F4  TEL,14929,S5,3529,1073,2946,4995,10000,0
A5 54 52 3A 05 45 0E 35 04 82 0B 83 13 10 27 00 00 00 7A  TEL,14930,S5,3653,1077,2946,4995,10000,0
A5 54 53 3A 05 26 0E 34 04 82 0B 83 13 10 27 00 00 00 D9  TEL,14931,S5,3622,1076,2946,4995,10000,0
A5 54 54 3A 05 AA 0D 2F 04 82 0B 83 13 10 27 00 00 00 0D  TEL,14932,S5,3498,1071,2946,4995,10000,0
A5 54 55 3A 05 C9 0D 31 04 82 0B 83 13 10 27 00 00 00 FC  TEL,14933,S5,3529,1073,2946,4995,10000,0
A5 54 56 3A 05 26 0E 34 04 82 0B 83 13 10 27 00 00 00 D3  TEL,14934,S5,3622,1076,2946,4995,10000,0
A5 54 57 3A 05 45 0E 35 04 82 0B 83 13 10 27 00 00 00 70  TEL,14935,S5,3653,1077,2946,4995,10000,0
A5 54 58 3A 05 26 0E 34 04 82 0B 83 13 10 27 00 00 00 CF  TEL,14936,S5,3622,1076,2946,4995,10000,0
A5 54 59 3A 05 C9 0D 31 04 82 0B 83 13 10 27 00 00 00 E4  TEL,14937,S5,3529,1073,2946,4995,10000,0
A5 54 5A 3A 05 C9 0D 31 04 82 0B 83 13 10 27 00 00 00 E2  TEL,14938,S5,3529,1073,2946,4995,10000,0
A5 54 5B 3A 05 E8 0D 32 04 82 0B 83 13 10 27 00 00 00 AB  TEL,14939,S5,3560,1074,2946,4995,10000,0
A5 54 5C 3A 05 C9 0D 31 04 82 0B 83 13 10 27 00 00 00 EE  TEL,14940,S5,3529,1073,2946,4995,10000,0
A5 54 5D 3A 05 C9 0D 31 04 82 0B 83 13 10 27 00 00 00 EC  TEL,14941,S5,3529,1073,2946,4995,10000,0
A5 54 5E 3A 05 07 0E 33 04 82 0B 83 13 10 27 00 00 00 F4  TEL,14942,S5,3591,1075,2946,4995,10000,0
A5 54 5F 3A 05 C9 0D 31 04 82 0B 83 13 10 27 00 00 00 E8  TEL,14943,S5,3529,1073,2946,4995,10000,0
A5 54 60 3A 05 C9 0D 31 04 82 0B 83 13 10 27 00 00 00 96  TEL,14944,S5,3529,1073,2946,4995,10000,0
A5 54 61 3A 05 45 0E 35 04 82 0B 83 13 10 27 00 00 00 1C  TEL,14945,S5,3653,1077,2946,4995,10000,0
A5 54 62 3A 05 26 0E 34 04 82 0B 83 13 10 27 00 00 00 BB  TEL,14946,S5,3622,1076,2946,4995,10000,0
A5 54 63 3A 05 07 0E 33 04 82 0B 83 13 10 27 00 00 00 8E  TEL,14947,S5,3591,1075,2946,4995,10000,0
A5 54 64 3A 05 C9 0D 31 04 82 0B 83 13 10 27 00 00 00 9E  TEL,14948,S5,3529,1073,2946,4995,10000,0
A5 54 65 3A 05 C9 0D 31 04 82 0B 83 13 10 27 00 00 00 9C  TEL,14949,S5,3529,1073,2946,4995,10000,0
A5 54 66 3A 05 C9 0D 31 04 82 0B 83 13 10 27 00 00 00 9A  TEL,14950,S5,3529,1073,2946,4995,10000,0
A5 54 67 3A 05 C9 0D 31 04 82 0B 83 13 10 27 00 00 00 98  TEL,14951,S5,3529,1073,2946,4995,10000,0
A5 54 68 3A 05 26 0E 34 04 82 0B 83 13 10 27 00 00 00 AF  TEL,14952,S5,3622,1076,2946,4995,10000,0
A5 54 69 3A 05 C9 0D 31 04 82 0B 83 13 10 27 00 00 00 84  TEL,14953,S5,3529,1073,2946,4995,10000,0
A5 54 6A 3A 05 C9 0D 31 04 82 0B 83 13 10 27 00 00 00 82  TEL,14954,S5,3529,1073,2946,4995,10000,0
A5 54 6B 3A 05 07 0E 33 04 82 0B 83 13 10 27 00 00 00 9E  TEL,14955,S5,3591,1075,2946,4995,10000,0
A5 54 6C 3A 05 C9 0D 31 04 82 0B 83 13 10 27 00 00 00 8E  TEL,14956,S5,3529,1073,2946,4995,10000,0
A5 54 6D 3A 05 C9 0D 31 04 82 0B 83 13 10 27 00 00 00 8C  TEL,14957,S5,3529,1073,2946,4995,10000,0
A5 54 6E 3A 05 C9 0D 31 04 82 0B 83 13 10 27 00 00 00 8A  TEL,14958,S5,3529,1073,2946,4995,10000,0
A5 54 6F 3A 05 C9 0D 31 04 82 0B 83 13 10 27 00 00 00 88  TEL,14959,S5,3529,1073,2946,4995,10000,0
A5 54 70 3A 05 C9 0D 31 04 82 0B 83 13 10 27 00 00 00 B6  TEL,14960,S5,3529,1073,2946,4995,10000,0
A5 54 71 3A 05 C9 0D 31 04 82 0B 83 13 10 27 00 00 00 B4  TEL,14961,S5,3529,1073,2946,4995,10000,0
A5 54 72 3A 05 26 0E 34 04 82 0B 83 13 10 27 00 00 00 9B  TEL,14962,S5,3622,1076,2946,4995,10000,0
A5 54 73 3A 05 26 0E 34 04 82 0B 83 13 10 27 00 00 00 99  TEL,14963,S5,3622,1076,2946,4995,10000,0
A5 54 74 3A 05 C9 0D 31 04 82 0B 83 13 10 27 00 00 00 BE  TEL,14964,S5,3529,1073,2946,4995,10000,0
A5 54 75 3A 05 C9 0D 31 04 82 0B 83 13 10 27 00 00 00 BC  TEL,14965,S5,3529,1073,2946,4995,10000,0
A5 54 76 3A 05 C9 0D 31 04 82 0B 83 13 10 27 00 00 00 BA  TEL,14966,S5,3529,1073,2946,4995,10000,0
A5 54 77 3A 05 C9 0D 31 04 82 0B 83 13 10 27 00 00 00 B8  TEL,14967,S5,3529,1073,2946,4995,10000,0
A5 54 78 3A 05 45 0E 35 04 82 0B 83 13 10 27 00 00 00 2E  TEL,14968,S5,3653,1077,2946,4995,10000,0
A5 54 79 3A 05 C9 0D 31 04 82 0B 83 13 10 27 00 00 00 A4  TEL,14969,S5,3529,1073,2946,4995,10000,0
A5 54 7A 3A 05 C9 0D 31 04 82 0B 83 13 10 27 00 00 00 A2  TEL,14970,S5,3529,1073,2946,4995,10000,0
A5 54 7B 3A 05 C9 0D 31 04 82 0B 83 13 10 27 00 00 00 A0  TEL,14971,S5,3529,1073,2946,4995,10000,0
A5 54 7C 3A 05 07 0E 33 04 82 0B 83 13 10 27 00 00 00 B0  TEL,14972,S5,3591,1075,2946,4995,10000,0
A5 54 7D 3A 05 45 0E 35 04 82 0B 83 13 10 27 00 00 00 24  TEL,14973,S5,3653,1077,2946,4995,10000,0
A5 54 7E 3A 05 C9 0D 30 04 82 0B 83 13 10 27 00 00 00 B5  TEL,14974,S5,3529,1072,2946,4995,10000,0
A5 54 7F 3A 05 C9 0D 31 04 82 0B 83 13 10 27 00 00 00 A8  TEL,14975,S5,3529,1073,2946,4995,10000,0
A5 54 80 3A 05 07 0E 33 04 82 0B 83 13 10 27 00 00 00 4F  TEL,14976,S5,3591,1075,2946,4995,10000,0
A5 54 81 3A 05 C9 0D 30 04 82 0B 83 13 10 27 00 00 00 4C  TEL,14977,S5,3529,1072,2946,4995,10000,0
A5 54 82 3A 05 26 0E 34 04 82 0B 83 13 10 27 00 00 00 7C  TEL,14978,S5,3622,1076,2946,4995,10000,0
A5 54 83 3A 05 6B 0D 2D 04 82 0B 83 13 10 27 00 00 00 04  TEL,14979,S5,3435,1069,2946,4995,10000,0
A5 54 84 3A 05 07 0E 33 04 82 0B 83 13 10 27 00 00 00 47  TEL,14980,S5,3591,1075,2946,4995,10000,0
A5 54 85 3A 05 26 0E 34 04 82 0B 83 13 10 27 00 00 00 72  TEL,14981,S5,3622,1076,2946,4995,10000,0
A5 54 86 3A 05 C9 0D 31 04 82 0B 83 13 10 27 00 00 00 5D  TEL,14982,S5,3529,1073,2946,4995,10000,0
A5 54 87 3A 05 07 0E 33 04 82 0B 83 13 10 27 00 00 00 41  TEL,14983,S5,3591,1075,2946,4995,10000,0
A5 54 88 3A 05 C9 0D 31 04 82 0B 83 13 10 27 00 00 00 41  TEL,14984,S5,3529,1073,2946,4995,10000,0
A5 54 89 3A 05 C9 0D 31 04 82 0B 83 13 10 27 00 00 00 43  TEL,14985,S5,3529,1073,2946,4995,10000,0
A5 54 8A 3A 05 C9 0D 30 04 82 0B 83 13 10 27 00 00 00 5A  TEL,14986,S5,3529,1072,2946,4995,10000,0
A5 54 8B 3A 05 07 0E 33 04 82 0B 83 13 10 27 00 00 00 59  TEL,14987,S5,3591,1075,2946,4995,10000,0
A5 54 8C 3A 05 C9 0D 31 04 82 0B 83 13 10 27 00 00 00 49  TEL,14988,S5,3529,1073,2946,4995,10000,0
A5 54 8D 3A 05 C9 0D 31 04 82 0B 83 13 10 27 00 00 00 4B  TEL,14989,S5,3529,1073,2946,4995,10000,0
A5 54 8E 3A 05 C9 0D 31 04 82 0B 83 13 10 27 00 00 00 4D  TEL,14990,S5,3529,1073,2946,4995,10000,0
A5 54 8F 3A 05 83 0E 37 04 82 0B 83 13 10 27 00 00 00 82  TEL,14991,S5,3715,1079,2946,4995,10000,0
A5 54 90 3A 05 07 0E 33 04 82 0B 83 13 10 27 00 00 00 6F  TEL,14992,S5,3591,1075,2946,4995,10000,0
A5 54 91 3A 05 C9 0D 31 04 82 0B 83 13 10 27 00 00 00 73  TEL,14993,S5,3529,1073,2946,4995,10000,0
A5 54 92 3A 05 C9 0D 31 04 82 0B 83 13 10 27 00 00 00 75  TEL,14994,S5,3529,1073,2946,4995,10000,0
A5 54 93 3A 05 C9 0D 31 04 82 0B 83 13 10 27 00 00 00 77  TEL,14995,S5,3529,1073,2946,4995,10000,0
A5 54 94 3A 05 07 0E 33 04 82 0B 83 13 10 27 00 00 00 67  TEL,14996,S5,3591,1075,2946,4995,10000,0
A5 54 95 3A 05 26 0E 34 04 82 0B 83 13 10 27 00 00 00 52  TEL,14997,S5,3622,1076,2946,4995,10000,0
A5 54 96 3A 05 26 0E 34 04 82 0B 83 13 10 27 00 00 00 54  TEL,14998,S5,3622,1076,2946,4995,10000,0
A5 54 97 3A 05 C9 0D 31 04 82 0B 83 13 10 27 00 00 00 7F  TEL,14999,S5,3529,1073,2946,4995,10000,0
A5 54 98 3A 05 C9 0D 31 04 82 0B 83 13 10 27 00 00 00 61  TEL,15000,S5,3529,1073,2946,4995,10000,0
A5 54 99 3A 05 26 0E 34 04 82 0B 83 13 10 27 00 00 00 4A  TEL,15001,S5,3622,1076,2946,4995,10000,0
A5 54 9A 3A 05 C9 0D 30 04 82 0B 83 13 10 27 00 00 00 7A  TEL,15002,S5,3529,1072,2946,4995,10000,0
A5 54 9B 3A 05 07 0E 33 04 82 0B 83 13 10 27 00 00 00 79  TEL,15003,S5,3591,1075,2946,4995,10000,0
A5 54 9C 3A 05 07 0E 33 04 82 0B 83 13 10 27 00 00 00 77  TEL,15004,S5,3591,1075,2946,4995,10000,0
A5 54 9D 3A 05 26 0E 34 04 82 0B 83 13 10 27 00 00 00 42  TEL,15005,S5,3622,1076,2946,4995,10000,0
A5 54 9E 3A 05 6B 0D 2D 04 82 0B 83 13 10 27 00 00 00 3E  TEL,15006,S5,3435,1069,2946,4995,10000,0
A5 54 9F 3A 05 C9 0D 31 04 82 0B 83 13 10 27 00 00 00 6F  TEL,15007,S5,3529,1073,2946,4995,10000,0
A5 54 A0 3A 05 26 0E 34 04 82 0B 83 13 10 27 00 00 00 38  TEL,15008,S5,3622,1076,2946,4995,10000,0
A5 54 A1 3A 05 26 0E 34 04 82 0B 83 13 10 27 00 00 00 3A  TEL,15009,S5,3622,1076,2946,4995,10000,0
A5 54 A2 3A 05 C9 0D 31 04 82 0B 83 13 10 27 00 00 00 15  TEL,15010,S5,3529,1073,2946,4995,10000,0
A5 54 A3 3A 05 C9 0D 31 04 82 0B 83 13 10 27 00 00 00 17  TEL,15011,S5,3529,1073,2946,4995,10000,0
A5 54 A4 3A 05 C9 0D 31 04 82 0B 83 13 10 27 00 00 00 19  TEL,15012,S5,3529,1073,2946,4995,10000,0
A5 54 A5 3A 05 07 0E 33 04 82 0B 83 13 10 27 00 00 00 05  TEL,15013,S5,3591,1075,2946,4995,10000,0
A5 54 A6 3A 05 C9 0D 31 04 82 0B 83 13 10 27 00 00 00 1D  TEL,15014,S5,3529,1073,2946,4995,10000,0
A5 54 A7 3A 05 C9 0D 31 04 82 0B 83 13 10 27 00 00 00 1F  TEL,15015,S5,3529,1073,2946,4995,10000,0
A5 54 A8 3A 05 C9 0D 31 04 82 0B 83 13 10 27 00 00 00 01  TEL,15016,S5,3529,1073,2946,4995,10000,0
A5 54 A9 3A 05 C9 0D 31 04 82 0B 83 13 10 27 00 00 00 03  TEL,15017,S5,3529,1073,2946,4995,10000,0
A5 54 AA 3A 05 C9 0D 31 04 82 0B 83 13 10 27 00 00 00 05  TEL,15018,S5,3529,1073,2946,4995,10000,0
A5 54 AB 3A 05 2D 0D 2B 04 82 0B 83 13 10 27 00 00 00 9C  TEL,15019,S5,3373,1067,2946,4995,10000,0
A5 54 AC 3A 05 C9 0D 31 04 82 0B 83 13 10 27 00 00 00 09  TEL,15020,S5,3529,1073,2946,4995,10000,0
A5 54 AD 3A 05 26 0E 34 04 82 0B 83 13 10 27 00 00 00 22  TEL,15021,S5,3622,1076,2946,4995,10000,0
A5 54 AE 3A 05 C9 0D 31 04 82 0B 83 13 10 27 00 00 00 0D  TEL,15022,S5,3529,1073,2946,4995,10000,0
A5 54 AF 3A 05 C9 0D 31 04 82 0B 83 13 10 27 00 00 00 0F  TEL,15023,S5,3529,1073,2946,4995,10000,0
A5 54 B0 3A 05 C9 0D 31 04 82 0B 83 13 10 27 00 00 00 31  TEL,15024,S5,3529,1073,2946,4995,10000,0
A5 54 B1 3A 05 C9 0D 31 04 82 0B 83 13 10 27 00 00 00 33  TEL,15025,S5,3529,1073,2946,4995,10000,0
A5 54 B2 3A 05 26 0E 34 04 82 0B 83 13 10 27 00 00 00 1C  TEL,15026,S5,3622,1076,2946,4995,10000,0
A5 54 B3 3A 05 07 0E 33 04 82 0B 83 13 10 27 00 00 00 29  TEL,15027,S5,3591,1075,2946,4995,10000,0
A5 54 B4 3A 05 26 0E 34 04 82 0B 83 13 10 27 00 00 00 10  TEL,15028,S5,3622,1076,2946,4995,10000,0
A5 54 B5 3A 05 C9 0D 31 04 82 0B 83 13 10 27 00 00 00 3B  TEL,15029,S5,3529,1073,2946,4995,10000,0
A5 54 B6 3A 05 C9 0D 31 04 82 0B 83 13 10 27 00 00 00 3D  TEL,15030,S5,3529,1073,2946,4995,10000,0
A5 54 B7 3A 05 07 0E 33 04 82 0B 83 13 10 27 00 00 00 21  TEL,15031,S5,3591,1075,2946,4995,10000,0
A5 54 B8 3A 05 C9 0D 30 04 82 0B 83 13 10 27 00 00 00 3E  TEL,15032,S5,3529,1072,2946,4995,10000,0
A5 54 B9 3A 05 C9 0D 31 04 82 0B 83 13 10 27 00 00 00 23  TEL,15033,S5,3529,1073,2946,4995,10000,0
A5 54 BA 3A 05 C9 0D 31 04 82 0B 83 13 10 27 00 00 00 25  TEL,15034,S5,3529,1073,2946,4995,10000,0
A5 54 BB 3A 05 E8 0D 32 04 82 0B 83 13 10 27 00 00 00 6C  TEL,15035,S5,3560,1074,2946,4995,10000,0
A5 54 BC 3A 05 26 0E 34 04 82 0B 83 13 10 27 00 00 00 00  TEL,15036,S5,3622,1076,2946,4995,10000,0
A5 54 BD 3A 05 07 0E 33 04 82 0B 83 13 10 27 00 00 00 35  TEL,15037,S5,3591,1075,2946,4995,10000,0
A5 54 BE 3A 05 C9 0D 31 04 82 0B 83 13 10 27 00 00 00 2D  TEL,15038,S5,3529,1073,2946,4995,10000,0
A5 54 BF 3A 05 07 0E 33 04 82 0B 83 13 10 27 00 00 00 31  TEL,15039,S5,3591,1075,2946,4995,10000,0
A5 54 C0 3A 05 26 0E 34 04 82 0B 83 13 10 27 00 00 00 F8  TEL,15040,S5,3622,1076,2946,4995,10000,0
A5 54 C1 3A 05 6B 0D 2D 04 82 0B 83 13 10 27 00 00 00 80  TEL,15041,S5,3435,1069,2946,4995,10000,0
A5 54 C2 3A 05 26 0E 34 04 82 0B 83 13 10 27 00 00 00 FC  TEL,15042,S5,3622,1076,2946,4995,10000,0
A5 54 C3 3A 05 C9 0D 31 04 82 0B 83 13 10 27 00 00 00 D7  TEL,15043,S5,3529,1073,2946,4995,10000,0
A5 54 C4 3A 05 C9 0D 31 04 82 0B 83 13 10 27 00 00 00 D9  TEL,15044,S5,3529,1073,2946,4995,10000,0
A5 54 C5 3A 05 E8 0D 32 04 82 0B 83 13 10 27 00 00 00 90  TEL,15045,S5,3560,1074,2946,4995,10000,0
A5 54 C6 3A 05 C9 0D 31 04 82 0B 83 13 10 27 00 00 00 DD  TEL,15046,S5,3529,1073,2946,4995,10000,0
A5 54 C7 3A 05 26 0E 34 04 82 0B 83 13 10 27 00 00 00 F6  TEL,15047,S5,3622,1076,2946,4995,10000,0
A5 54 C8 3A 05 C9 0D 31 04 82 0B 83 13 10 27 00 00 00 C1  TEL,15048,S5,3529,1073,2946,4995,10000,0
A5 54 C9 3A 05 45 0E 35 04 82 0B 83 13 10 27 00 00 00 4B  TEL,15049,S5,3653,1077,2946,4995,10000,0
A5 54 CA 3A 05 C9 0D 31 04 82 0B 83 13 10 27 00 00 00 C5  TEL,15050,S5,3529,1073,2946,4995,10000,0
A5 54 CB 3A 05 45 0E 35 04 82 0B 83 13 10 27 00 00 00 4F  TEL,15051,S5,3653,1077,2946,4995,10000,0
A5 54 CC 3A 05 45 0E 35 04 82 0B 83 13 10 27 00 00 00 41  TEL,15052,S5,3653,1077,2946,4995,10000,0
A5 54 CD 3A 05 C9 0D 31 04 82 0B 83 13 10 27 00 00 00 CB  TEL,15053,S5,3529,1073,2946,4995,10000,0
A5 54 CE 3A 05 C9 0D 31 04 82 0B 83 13 10 27 00 00 00 CD  TEL,15054,S5,3529,1073,2946,4995,10000,0
A5 54 CF 3A 05 C9 0D 31 04 82 0B 83 13 10 27 00 00 00 CF  TEL,15055,S5,3529,1073,2946,4995,10000,0
A5 54 D0 3A 05 26 0E 34 04 82 0B 83 13 10 27 00 00 00 D8  TEL,15056,S5,3622,1076,2946,4995,10000,0
A5 54 D1 3A 05 C9 0D 31 04 82 0B 83 13 10 27 00 00 00 F3  TEL,15057,S5,3529,1073,2946,4995,10000,0
A5 54 D2 3A 05 07 0E 33 04 82 0B 83 13 10 27 00 00 00 EB  TEL,15058,S5,3591,1075,2946,4995,10000,0
A5 54 D3 3A 05 07 0E 33 04 82 0B 83 13 10 27 00 00 00 E9  TEL,15059,S5,3591,1075,2946,4995,10000,0
A5 54 D4 3A 05 C9 0D 31 04 82 0B 83 13 10 27 00 00 00 F9  TEL,15060,S5,3529,1073,2946,4995,10000,0
A5 54 D5 3A 05 C9 0D 31 04 82 0B 83 13 10 27 00 00 00 FB  TEL,15061,S5,3529,1073,2946,4995,10000,0
A5 54 D6 3A 05 07 0E 33 04 82 0B 83 13 10 27 00 00 00 E3  TEL,15062,S5,3591,1075,2946,4995,10000,0
A5 54 D7 3A 05 C9 0D 30 04 82 0B 83 13 10 27 00 00 00 E0  TEL,15063,S5,3529,1072,2946,4995,10000,0
A5 54 D8 3A 05 C9 0D 31 04 82 0B 83 13 10 27 00 00 00 E1  TEL,15064,S5,3529,1073,2946,4995,10000,0
A5 54 D9 3A 05 C9 0D 31 04 82 0B 83 13 10 27 00 00 00 E3  TEL,15065,S5,3529,1073,2946,4995,10000,0
A5 54 DA 3A 05 C9 0D 31 04 82 0B 83 13 10 27 00 00 00 E5  TEL,15066,S5,3529,1073,2946,4995,10000,0
A5 54 DB 3A 05 4C 0D 2C 04 82 0B 83 13 10 27 00 00 00 B0  TEL,15067,S5,3404,1068,2946,4995,10000,0
A5 54 DC 3A 05 C9 0D 30 04 82 0B 83 13 10 27 00 00 00 F6  TEL,15068,S5,3529,1072,2946,4995,10000,0
A5 54 DD 3A 05 E8 0D 32 04 82 0B 83 13 10 27 00 00 00 A0  TEL,15069,S5,3560,1074,2946,4995,10000,0
A5 54 DE 3A 05 C9 0D 31 04 82 0B 83 13 10 27 00 00 00 ED  TEL,15070,S5,3529,1073,2946,4995,10000,0
A5 54 DF 3A 05 C9 0D 31 04 82 0B 83 13 10 27 00 00 00 EF  TEL,15071,S5,3529,1073,2946,4995,10000,0
A5 54 E0 3A 05 C9 0D 31 04 82 0B 83 13 10 27 00 00 00 91  TEL,15072,S5,3529,1073,2946,4995,10000,0
A5 54 E1 3A 05 07 0E 33 04 82 0B 83 13 10 27 00 00 00 8D  TEL,15073,S5,3591,1075,2946,4995,10000,0
A5 54 E2 3A 05 26 0E 34 04 82 0B 83 13 10 27 00 00 00 BC  TEL,15074,S5,3622,1076,2946,4995,10000,0
A5 54 E3 3A 05 26 0E 34 04 82 0B 83 13 10 27 00 00 00 BE  TEL,15075,S5,3622,1076,2946,4995,10000,0
A5 54 E4 3A 05 C9 0D 31 04 82 0B 83 13 10 27 00 00 00 99  TEL,15076,S5,3529,1073,2946,4995,10000,0
A5 54 E5 3A 05 C9 0D 31 04 82 0B 83 13 10 27 00 00 00 9B  TEL,15077,S5,3529,1073,2946,4995,10000,0
A5 54 E6 3A 05 26 0E 34 04 82 0B 83 13 10 27 00 00 00 B4  TEL,15078,S5,3622,1076,2946,4995,10000,0
A5 54 E7 3A 05 C9 0D 31 04 82 0B 83 13 10 27 00 00 00 9F  TEL,15079,S5,3529,1073,2946,4995,10000,0
A5 54 E8 3A 05 07 0E 33 04 82 0B 83 13 10 27 00 00 00 9F  TEL,15080,S5,3591,1075,2946,4995,10000,0
A5 54 E9 3A 05 C9 0D 31 04 82 0B 83 13 10 27 00 00 00 83  TEL,15081,S5,3529,1073,2946,4995,10000,0
A5 54 EA 3A 05 26 0E 34 04 82 0B 83 13 10 27 00 00 00 AC  TEL,15082,S5,3622,1076,2946,4995,10000,0
A5 54 EB 3A 05 07 0E 33 04 82 0B 83 13 10 27 00 00 00 99  TEL,15083,S5,3591,1075,2946,4995,10000,0
A5 54 EC 3A 05 26 0E 34 04 82 0B 83 13 10 27 00 00 00 A0  TEL,15084,S5,3622,1076,2946,4995,10000,0
A5 54 ED 3A 05 C9 0D 31 04 82 0B 83 13 10 27 00 00 00 8B  TEL,15085,S5,3529,1073,2946,4995,10000,0
A5 54 EE 3A 05 07 0E 33 04 82 0B 83 13 10 27 00 00 00 93  TEL,15086,S5,3591,1075,2946,4995,10000,0
A5 54 EF 3A 05 C9 0D 31 04 82 0B 83 13 10 27 00 00 00 8F  TEL,15087,S5,3529,1073,2946,4995,10000,0
A5 54 F0 3A 05 E8 0D 32 04 82 0B 83 13 10 27 00 00 00 FA  TEL,15088,S5,3560,1074,2946,4995,10000,0
A5 54 F1 3A 05 26 0E 34 04 82 0B 83 13 10 27 00 00 00 9A  TEL,15089,S5,3622,1076,2946,4995,10000,0
A5 54 F2 3A 05 07 0E 33 04 82 0B 83 13 10 27 00 00 00 AB  TEL,15090,S5,3591,1075,2946,4995,10000,0
A5 54 F3 3A 05 C9 0D 31 04 82 0B 83 13 10 27 00 00 00 B7  TEL,15091,S5,3529,1073,2946,4995,10000,0
A5 54 F4 3A 05 26 0E 34 04 82 0B 83 13 10 27 00 00 00 90  TEL,15092,S5,3622,1076,2946,4995,10000,0
A5 54 F5 3A 05 C9 0D 31 04 82 0B 83 13 10 27 00 00 00 BB  TEL,15093,S5,3529,1073,2946,4995,10000,0
A5 54 F6 3A 05 26 0E 34 04 82 0B 83 13 10 27 00 00 00 94  TEL,15094,S5,3622,1076,2946,4995,10000,0
A5 54 F7 3A 05 C9 0D 31 04 82 0B 83 13 10 27 00 00 00 BF  TEL,15095,S5,3529,1073,2946,4995,10000,0
A5 54 F8 3A 05 C9 0D 31 04 82 0B 83 13 10 27 00 00 00 A1  TEL,15096,S5,3529,1073,2946,4995,10000,0
A5 54 F9 3A 05 C9 0D 31 04 82 0B 83 13 10 27 00 00 00 A3  TEL,15097,S5,3529,1073,2946,4995,10000,0
A5 54 FA 3A 05 45 0E 35 04 82 0B 83 13 10 27 00 00 00 2D  TEL,15098,S5,3653,1077,2946,4995,10000,0
A5 54 FB 3A 05 07 0E 33 04 82 0B 83 13 10 27 00 00 00 B9  TEL,15099,S5,3591,1075,2946,4995,10000,0
A5 54 FC 3A 05 C9 0D 31 04 82 0B 83 13 10 27 00 00 00 A9  TEL,15100,S5,3529,1073,2946,4995,10000,0
A5 54 FD 3A 05 C9 0D 31 04 82 0B 83 13 10 27 00 00 00 AB  TEL,15101,S5,3529,1073,2946,4995,10000,0
A5 54 FE 3A 05 07 0E 33 04 82 0B 83 13 10 27 00 00 00 B3  TEL,15102,S5,3591,1075,2946,4995,10000,0
A5 54 FF 3A 05 45 0E 35 04 82 0B 83 13 10 27 00 00 00 27  TEL,15103,S5,3653,1077,2946,4995,10000,0
A5 54 00 3B 05 C9 0D 31 04 82 0B 83 13 10 27 00 00 00 E3  TEL,15104,S5,3529,1073,2946,4995,10000,0
A5 54 01 3B 05 C9 0D 31 04 82 0B 83 13 10 27 00 00 00 E1  TEL,15105,S5,3529,1073,2946,4995,10000,0
A5 54 02 3B 05 C9 0D 31 04 82 0B 83 13 10 27 00 00 00 E7  TEL,15106,S5,3529,1073,2946,4995,10000,0
A5 54 03 3B 05 07 0E 33 04 82 0B 83 13 10 27 00 00 00 FB  TEL,15107,S5,3591,1075,2946,4995,10000,0
A5 54 04 3B 05 C9 0D 31 04 82 0B 83 13 10 27 00 00 00 EB  TEL,15108,S5,3529,1073,2946,4995,10000,0
A5 54 05 3B 05 07 0E 33 04 82 0B 83 13 10 27 00 00 00 F7  TEL,15109,S5,3591,1075,2946,4995,10000,0
A5 54 06 3B 05 C9 0D 31 04 82 0B 83 13 10 27 00 00 00 EF  TEL,15110,S5,3529,1073,2946,4995,10000,0
A5 54 07 3B 05 45 0E 35 04 82 0B 83 13 10 27 00 00 00 65  TEL,15111,S5,3653,1077,2946,4995,10000,0
A5 54 08 3B 05 C9 0D 31 04 82 0B 83 13 10 27 00 00 00 F3  TEL,15112,S5,3529,1073,2946,4995,10000,0
A5 54 09 3B 05 C9 0D 31 04 82 0B 83 13 10 27 00 00 00 F1  TEL,15113,S5,3529,1073,2946,4995,10000,0
A5 54 0A 3B 05 C9 0D 31 04 82 0B 83 13 10 27 00 00 00 F7  TEL,15114,S5,3529,1073,2946,4995,10000,0
A5 54 0B 3B 05 45 0E 35 04 82 0B 83 13 10 27 00 00 00 7D  TEL,15115,S5,3653,1077,2946,4995,10000,0
A5 54 0C 3B 05 C9 0D 31 04 82 0B 83 13 10 27 00 00 00 FB  TEL,15116,S5,3529,1073,2946,4995,10000,0
A5 54 0D 3B 05 C9 0D 30 04 82 0B 83 13 10 27 00 00 00 E6  TEL,15117,S5,3529,1072,2946,4995,10000,0
A5 54 0E 3B 05 C9 0D 31 04 82 0B 83 13 10 27 00 00 00 FF  TEL,15118,S5,3529,1073,2946,4995,10000,0
A5 54 0F 3B 05 C9 0D 31 04 82 0B 83 13 10 27 00 00 00 FD  TEL,15119,S5,3529,1073,2946,4995,10000,0
A5 54 10 3B 05 C9 0D 31 04 82 0B 83 13 10 27 00 00 00 C3  TEL,15120,S5,3529,1073,2946,4995,10000,0
A5 54 11 3B 05 C9 0D 31 04 82 0B 83 13 10 27 00 00 00 C1  TEL,15121,S5,3529,1073,2946,4995,10000,0
A5 54 12 3B 05 C9 0D 31 04 82 0B 83 13 10 27 00 00 00 C7  TEL,15122,S5,3529,1073,2946,4995,10000,0
A5 54 13 3B 05 07 0E 33 04 82 0B 83 13 10 27 00 00 00 DB  TEL,15123,S5,3591,1075,2946,4995,10000,0
A5 54 14 3B 05 C9 0D 31 04 82 0B 83 13 10 27 00 00 00 CB  TEL,15124,S5,3529,1073,2946,4995,10000,0
A5 54 15 3B 05 C9 0D 31 04 82 0B 83 13 10 27 00 00 00 C9  TEL,15125,S5,3529,1073,2946,4995,10000,0
A5 54 16 3B 05 C9 0D 31 04 82 0B 83 13 10 27 00 00 00 CF  TEL,15126,S5,3529,1073,2946,4995,10000,0
A5 54 17 3B 05 E8 0D 32 04 82 0B 83 13 10 27 00 00 00 86  TEL,15127,S5,3560,1074,2946,4995,10000,0
A5 54 18 3B 05 C9 0D 31 04 82 0B 83 13 10 27 00 00 00 D3  TEL,15128,S5,3529,1073,2946,4995,10000,0
A5 54 19 3B 05 07 0E 33 04 82 0B 83 13 10 27 00 00 00 CF  TEL,15129,S5,3591,1075,2946,4995,10000,0
A5 54 1A 3B 05 C9 0D 31 04 82 0B 83 13 10 27 00 00 00 D7  TEL,15130,S5,3529,1073,2946,4995,10000,0
A5 54 1B 3B 05 07 0E 33 04 82 0B 83 13 10 27 00 00 00 CB  TEL,15131,S5,3591,1075,2946,4995,10000,0
A5 54 1C 3B 05 C9 0D 31 04 82 0B 83 13 10 27 00 00 00 DB  TEL,15132,S5,3529,1073,2946,4995,10000,0
A5 54 1D 3B 05 26 0E 34 04 82 0B 83 13 10 27 00 00 00 F0  TEL,15133,S5,3622,1076,2946,4995,10000,0
A5 54 1E 3B 05 C9 0D 31 04 82 0B 83 13 10 27 00 00 00 DF  TEL,15134,S5,3529,1073,2946,4995,10000,0
A5 54 1F 3B 05 07 0E 33 04 82 0B 83 13 10 27 00 00 00 C3  TEL,15135,S5,3591,1075,2946,4995,10000,0
A5 54 20 3B 05 07 0E 33 04 82 0B 83 13 10 27 00 00 00 BD  TEL,15136,S5,3591,1075,2946,4995,10000,0
A5 54 21 3B 05 C9 0D 31 04 82 0B 83 13 10 27 00 00 00 A1  TEL,15137,S5,3529,1073,2946,4995,10000,0
A5 54 22 3B 05 C9 0D 31 04 82 0B 83 13 10 27 00 00 00 A7  TEL,15138,S5,3529,1073,2946,4995,10000,0
A5 54 23 3B 05 C9 0D 31 04 82 0B 83 13 10 27 00 00 00 A5  TEL,15139,S5,3529,1073,2946,4995,10000,0
A5 54 24 3B 05 C9 0D 31 04 82 0B 83 13 10 27 00 00 00 AB  TEL,15140,S5,3529,1073,2946,4995,10000,0
A5 54 25 3B 05 2D 0D 2B 04 82 0B 83 13 10 27 00 00 00 32  TEL,15141,S5,3373,1067,2946,4995,10000,0
A5 54 26 3B 05 26 0E 34 04 82 0B 83 13 10 27 00 00 00 86  TEL,15142,S5,3622,1076,2946,4995,10000,0
A5 54 27 3B 05 45 0E 35 04 82 0B 83 13 10 27 00 00 00 25  TEL,15143,S5,3653,1077,2946,4995,10000,0
A5 54 28 3B 05 07 0E 33 04 82 0B 83 13 10 27 00 00 00 AD  TEL,15144,S5,3591,1075,2946,4995,10000,0
A5 54 29 3B 05 07 0E 33 04 82 0B 83 13 10 27 00 00 00 AF  TEL,15145,S5,3591,1075,2946,4995,10000,0
A5 54 2A 3B 05 C9 0D 31 04 82 0B 83 13 10 27 00 00 00 B7  TEL,15146,S5,3529,1073,2946,4995,10000,0
A5 54 2B 3B 05 64 0E 36 04 82 0B 83 13 10 27 00 00 00 76  TEL,15147,S5,3684,1078,2946,4995,10000,0
A5 54 2C 3B 05 26 0E 34 04 82 0B 83 13 10 27 00 00 00 92  TEL,15148,S5,3622,1076,2946,4995,10000,0
A5 54 2D 3B 05 C9 0D 31 04 82 0B 83 13 10 27 00 00 00 B9  TEL,15149,S5,3529,1073,2946,4995,10000,0
A5 54 2E 3B 05 C9 0D 31 04 82 0B 83 13 10 27 00 00 00 BF  TEL,15150,S5,3529,1073,2946,4995,10000,0
A5 54 2F 3B 05 07 0E 33 04 82 0B 83 13 10 27 00 00 00 A3  TEL,15151,S5,3591,1075,2946,4995,10000,0
A5 54 30 3B 05 C9 0D 31 04 82 0B 83 13 10 27 00 00 00 83  TEL,15152,S5,3529,1073,2946,4995,10000,0
A5 54 31 3B 05 C9 0D 30 04 82 0B 83 13 10 27 00 00 00 9E  TEL,15153,S5,3529,1072,2946,4995,10000,0
A5 54 32 3B 05 C9 0D 31 04 82 0B 83 13 10 27 00 00 00 87  TEL,15154,S5,3529,1073,2946,4995,10000,0
A5 54 33 3B 05 C9 0D 31 04 82 0B 83 13 10 27 00 00 00 85  TEL,15155,S5,3529,1073,2946,4995,10000,0
A5 54 34 3B 05 6B 0D 2D 04 82 0B 83 13 10 27 00 00 00 D8  TEL,15156,S5,3435,1069,2946,4995,10000,0
A5 54 35 3B 05 C9 0D 31 04 82 0B 83 13 10 27 00 00 00 89  TEL,15157,S5,3529,1073,2946,4995,10000,0
A5 54 36 3B 05 C9 0D 31 04 82 0B 83 13 10 27 00 00 00 8F  TEL,15158,S5,3529,1073,2946,4995,10000,0
A5 54 37 3B 05 C9 0D 31 04 82 0B 83 13 10 27 00 00 00 8D  TEL,15159,S5,3529,1073,2946,4995,10000,0
A5 54 38 3B 05 26 0E 34 04 82 0B 83 13 10 27 00 00 00 BA  TEL,15160,S5,3622,1076,2946,4995,10000,0
A5 54 39 3B 05 26 0E 34 04 82 0B 83 13 10 27 00 00 00 B8  TEL,15161,S5,3622,1076,2946,4995,10000,0
A5 54 3A 3B 05 E8 0D 32 04 82 0B 83 13 10 27 00 00 00 DC  TEL,15162,S5,3560,1074,2946,4995,10000,0
A5 54 3B 3B 05 07 0E 33 04 82 0B 83 13 10 27 00 00 00 8B  TEL,15163,S5,3591,1075,2946,4995,10000,0
A5 54 3C 3B 05 07 0E 33 04 82 0B 83 13 10 27 00 00 00 85  TEL,15164,S5,3591,1075,2946,4995,10000,0
A5 54 3D 3B 05 C9 0D 31 04 82 0B 83 13 10 27 00 00 00 99  TEL,15165,S5,3529,1073,2946,4995,10000,0
A5 54 3E 3B 05 C9 0D 31 04 82 0B 83 13 10 27 00 00 00 9F  TEL,15166,S5,3529,1073,2946,4995,10000,0
A5 54 3F 3B 05 AA 0D 2F 04 82 0B 83 13 10 27 00 00 00 6E  TEL,15167,S5,3498,1071,2946,4995,10000,0
A5 54 40 3B 05 C9 0D 31 04 82 0B 83 13 10 27 00 00 00 63  TEL,15168,S5,3529,1073,2946,4995,10000,0
A5 54 41 3B 05 07 0E 33 04 82 0B 83 13 10 27 00 00 00 7F  TEL,15169,S5,3591,1075,2946,4995,10000,0
A5 54 42 3B 05 C9 0D 31 04 82 0B 83 13 10 27 00 00 00 67  TEL,15170,S5,3529,1073,2946,4995,10000,0
A5 54 43 3B 05 C9 0D 31 04 82 0B 83 13 10 27 00 00 00 65  TEL,15171,S5,3529,1073,2946,4995,10000,0
A5 54 44 3B 05 C9 0D 31 04 82 0B 83 13 10 27 00 00 00 6B  TEL,15172,S5,3529,1073,2946,4995,10000,0
A5 54 45 3B 05 C9 0D 31 04 82 0B 83 13 10 27 00 00 00 69  TEL,15173,S5,3529,1073,2946,4995,10000,0
A5 54 46 3B 05 C9 0D 31 04 82 0B 83 13 10 27 00 00 00 6F  TEL,15174,S5,3529,1073,2946,4995,10000,0
A5 54 47 3B 05 26 0E 34 04 82 0B 83 13 10 27 00 00 00 44  TEL,15175,S5,3622,1076,2946,4995,10000,0
A5 54 48 3B 05 26 0E 34 04 82 0B 83 13 10 27 00 00 00 5A  TEL,15176,S5,3622,1076,2946,4995,10000,0
A5 54 49 3B 05 07 0E 33 04 82 0B 83 13 10 27 00 00 00 6F  TEL,15177,S5,3591,1075,2946,4995,10000,0
A5 54 4A 3B 05 C9 0D 31 04 82 0B 83 13 10 27 00 00 00 77  TEL,15178,S5,3529,1073,2946,4995,10000,0
A5 54 4B 3B 05 E8 0D 32 04 82 0B 83 13 10 27 00 00 00 3E  TEL,15179,S5,3560,1074,2946,4995,10000,0
A5 54 4C 3B 05 C9 0D 31 04 82 0B 83 13 10 27 00 00 00 7B  TEL,15180,S5,3529,1073,2946,4995,10000,0
A5 54 4D 3B 05 C9 0D 31 04 82 0B 83 13 10 27 00 00 00 79  TEL,15181,S5,3529,1073,2946,4995,10000,0
A5 54 4E 3B 05 C9 0D 31 04 82 0B 83 13 10 27 00 00 00 7F  TEL,15182,S5,3529,1073,2946,4995,10000,0
A5 54 4F 3B 05 26 0E 34 04 82 0B 83 13 10 27 00 00 00 54  TEL,15183,S5,3622,1076,2946,4995,10000,0
A5 54 50 3B 05 AA 0D 2F 04 82 0B 83 13 10 27 00 00 00 B0  TEL,15184,S5,3498,1071,2946,4995,10000,0
A5 54 51 3B 05 6B 0D 2D 04 82 0B 83 13 10 27 00 00 00 12  TEL,15185,S5,3435,1069,2946,4995,10000,0
A5 54 52 3B 05 C9 0D 31 04 82 0B 83 13 10 27 00 00 00 47  TEL,15186,S5,3529,1073,2946,4995,10000,0
A5 54 53 3B 05 C9 0D 31 04 82 0B 83 13 10 27 00 00 00 45  TEL,15187,S5,3529,1073,2946,4995,10000,0
A5 54 54 3B 05 07 0E 33 04 82 0B 83 13 10 27 00 00 00 55  TEL,15188,S5,3591,1075,2946,4995,10000,0
A5 54 55 3B 05 E8 0D 32 04 82 0B 83 13 10 27 00 00 00 02  TEL,15189,S5,3560,1074,2946,4995,10000,0
A5 54 56 3B 05 26 0E 34 04 82 0B 83 13 10 27 00 00 00 66  TEL,15190,S5,3622,1076,2946,4995,10000,0
A5 54 57 3B 05 C9 0D 31 04 82 0B 83 13 10 27 00 00 00 4D  TEL,15191,S5,3529,1073,2946,4995,10000,0
A5 54 58 3B 05 07 0E 33 04 82 0B 83 13 10 27 00 00 00 4D  TEL,15192,S5,3591,1075,2946,4995,10000,0
A5 54 59 3B 05 C9 0D 31 04 82 0B 83 13 10 27 00 00 00 51  TEL,15193,S5,3529,1073,2946,4995,10000,0
A5 54 5A 3B 05 26 0E 34 04 82 0B 83 13 10 27 00 00 00 7E  TEL,15194,S5,3622,1076,2946,4995,10000,0
A5 54 5B 3B 05 C9 0D 31 04 82 0B 83 13 10 27 00 00 00 55  TEL,15195,S5,3529,1073,2946,4995,10000,0
A5 54 5C 3B 05 C9 0D 31 04 82 0B 83 13 10 27 00 00 00 5B  TEL,15196,S5,3529,1073,2946,4995,10000,0
A5 54 5D 3B 05 C9 0D 31 04 82 0B 83 13 10 27 00 00 00 59  TEL,15197,S5,3529,1073,2946,4995,10000,0
A5 54 5E 3B 05 45 0E 35 04 82 0B 83 13 10 27 00 00 00 D7  TEL,15198,S5,3653,1077,2946,4995,10000,0
A5 54 5F 3B 05 45 0E 35 04 82 0B 83 13 10 27 00 00 00 D5  TEL,15199,S5,3653,1077,2946,4995,10000,0
A5 54 60 3B 05 26 0E 34 04 82 0B 83 13 10 27 00 00 00 0A  TEL,15200,S5,3622,1076,2946,4995,10000,0
A5 54 61 3B 05 07 0E 33 04 82 0B 83 13 10 27 00 00 00 3F  TEL,15201,S5,3591,1075,2946,4995,10000,0
A5 54 62 3B 05 C9 0D 30 04 82 0B 83 13 10 27 00 00 00 38  TEL,15202,S5,3529,1072,2946,4995,10000,0
A5 54 63 3B 05 C9 0D 31 04 82 0B 83 13 10 27 00 00 00 25  TEL,15203,S5,3529,1073,2946,4995,10000,0
A5 54 64 3B 05 07 0E 33 04 82 0B 83 13 10 27 00 00 00 35  TEL,15204,S5,3591,1075,2946,4995,10000,0
A5 54 65 3B 05 C9 0D 31 04 82 0B 83 13 10 27 00 00 00 29  TEL,15205,S5,3529,1073,2946,4995,10000,0
A5 54 66 3B 05 07 0E 33 04 82 0B 83 13 10 27 00 00 00 31  TEL,15206,S5,3591,1075,2946,4995,10000,0
A5 54 67 3B 05 C9 0D 31 04 82 0B 83 13 10 27 00 00 00 2D  TEL,15207,S5,3529,1073,2946,4995,10000,0
A5 54 68 3B 05 C9 0D 31 04 82 0B 83 13 10 27 00 00 00 33  TEL,15208,S5,3529,1073,2946,4995,10000,0
A5 54 69 3B 05 C9 0D 31 04 82 0B 83 13 10 27 00 00 00 31  TEL,15209,S5,3529,1073,2946,4995,10000,0
A5 54 6A 3B 05 C9 0D 31 04 82 0B 83 13 10 27 00 00 00 37  TEL,15210,S5,3529,1073,2946,4995,10000,0
A5 54 6B 3B 05 64 0E 36 04 82 0B 83 13 10 27 00 00 00 F6  TEL,15211,S5,3684,1078,2946,4995,10000,0
A5 54 6C 3B 05 07 0E 33 04 82 0B 83 13 10 27 00 00 00 25  TEL,15212,S5,3591,1075,2946,4995,10000,0
A5 54 6D 3B 05 C9 0D 31 04 82 0B 83 13 10 27 00 00 00 39  TEL,15213,S5,3529,1073,2946,4995,10000,0
A5 54 6E 3B 05 C9 0D 31 04 82 0B 83 13 10 27 00 00 00 3F  TEL,15214,S5,3529,1073,2946,4995,10000,0
A5 54 6F 3B 05 26 0E 34 04 82 0B 83 13 10 27 00 00 00 14  TEL,15215,S5,3622,1076,2946,4995,10000,0
A5 54 70 3B 05 C9 0D 31 04 82 0B 83 13 10 27 00 00 00 03  TEL,15216,S5,3529,1073,2946,4995,10000,0
A5 54 71 3B 05 C9 0D 31 04 82 0B 83 13 10 27 00 00 00 01  TEL,15217,S5,3529,1073,2946,4995,10000,0
A5 54 72 3B 05 45 0E 35 04 82 0B 83 13 10 27 00 00 00 8F  TEL,15218,S5,3653,1077,2946,4995,10000,0
A5 54 73 3B 05 26 0E 34 04 82 0B 83 13 10 27 00 00 00 2C  TEL,15219,S5,3622,1076,2946,4995,10000,0
A5 54 74 3B 05 C9 0D 31 04 82 0B 83 13 10 27 00 00 00 0B  TEL,15220,S5,3529,1073,2946,4995,10000,0
A5 54 75 3B 05 C9 0D 31 04 82 0B 83 13 10 27 00 00 00 09  TEL,15221,S5,3529,1073,2946,4995,10000,0
A5 54 76 3B 05 C9 0D 31 04 82 0B 83 13 10 27 00 00 00 0F  TEL,15222,S5,3529,1073,2946,4995,10000,0
A5 54 77 3B 05 C9 0D 31 04 82 0B 83 13 10 27 00 00 00 0D  TEL,15223,S5,3529,1073,2946,4995,10000,0
A5 54 78 3B 05 07 0E 33 04 82 0B 83 13 10 27 00 00 00 0D  TEL,15224,S5,3591,1075,2946,4995,10000,0
A5 54 79 3B 05 C9 0D 31 04 82 0B 83 13 10 27 00 00 00 11  TEL,15225,S5,3529,1073,2946,4995,10000,0
A5 54 7A 3B 05 C9 0D 31 04 82 0B 83 13 10 27 00 00 00 17  TEL,15226,S5,3529,1073,2946,4995,10000,0
A5 54 7B 3B 05 C9 0D 30 04 82 0B 83 13 10 27 00 00 00 0A  TEL,15227,S5,3529,1072,2946,4995,10000,0
A5 54 7C 3B 05 C9 0D 31 04 82 0B 83 13 10 27 00 00 00 1B  TEL,15228,S5,3529,1073,2946,4995,10000,0
A5 54 7D 3B 05 E8 0D 32 04 82 0B 83 13 10 27 00 00 00 52  TEL,15229,S5,3560,1074,2946,4995,10000,0
A5 54 7E 3B 05 C9 0D 31 04 82 0B 83 13 10 27 00 00 00 1F  TEL,15230,S5,3529,1073,2946,4995,10000,0
A5 54 7F 3B 05 45 0E 35 04 82 0B 83 13 10 27 00 00 00 95  TEL,15231,S5,3653,1077,2946,4995,10000,0
A5 54 80 3B 05 C9 0D 30 04 82 0B 83 13 10 27 00 00 00 FB  TEL,15232,S5,3529,1072,2946,4995,10000,0
A5 54 81 3B 05 07 0E 33 04 82 0B 83 13 10 27 00 00 00 F8  TEL,15233,S5,3591,1075,2946,4995,10000,0
A5 54 82 3B 05 07 0E 33 04 82 0B 83 13 10 27 00 00 00 FE  TEL,15234,S5,3591,1075,2946,4995,10000,0
A5 54 83 3B 05 C9 0D 31 04 82 0B 83 13 10 27 00 00 00 E2  TEL,15235,S5,3529,1073,2946,4995,10000,0
A5 54 84 3B 05 C9 0D 31 04 82 0B 83 13 10 27 00 00 00 EC  TEL,15236,S5,3529,1073,2946,4995,10000,0
A5 54 85 3B 05 07 0E 33 04 82 0B 83 13 10 27 00 00 00 F0  TEL,15237,S5,3591,1075,2946,4995,10000,0
A5 54 86 3B 05 C9 0D 31 04 82 0B 83 13 10 27 00 00 00 E8  TEL,15238,S5,3529,1073,2946,4995,10000,0
A5 54 87 3B 05 26 0E 34 04 82 0B 83 13 10 27 00 00 00 C3  TEL,15239,S5,3622,1076,2946,4995,10000,0
A5 54 88 3B 05 C9 0D 31 04 82 0B 83 13 10 27 00 00 00 F4  TEL,15240,S5,3529,1073,2946,4995,10000,0
A5 54 89 3B 05 C9 0D 31 04 82 0B 83 13 10 27 00 00 00 F6  TEL,15241,S5,3529,1073,2946,4995,10000,0
A5 54 8A 3B 05 C9 0D 31 04 82 0B 83 13 10 27 00 00 00 F0  TEL,15242,S5,3529,1073,2946,4995,10000,0
A5 54 8B 3B 05 E8 0D 32 04 82 0B 83 13 10 27 00 00 00 B9  TEL,15243,S5,3560,1074,2946,4995,10000,0
A5 54 8C 3B 05 C9 0D 31 04 82 0B 83 13 10 27 00 00 00 FC  TEL,15244,S5,3529,1073,2946,4995,10000,0
A5 54 8D 3B 05 C9 0D 30 04 82 0B 83 13 10 27 00 00 00 E1  TEL,15245,S5,3529,1072,2946,4995,10000,0
A5 54 8E 3B 05 07 0E 33 04 82 0B 83 13 10 27 00 00 00 E6  TEL,15246,S5,3591,1075,2946,4995,10000,0
A5 54 8F 3B 05 C9 0D 31 04 82 0B 83 13 10 27 00 00 00 FA  TEL,15247,S5,3529,1073,2946,4995,10000,0
A5 54 90 3B 05 C9 0D 31 04 82 0B 83 13 10 27 00 00 00 C4  TEL,15248,S5,3529,1073,2946,4995,10000,0
A5 54 91 3B 05 C9 0D 31 04 82 0B 83 13 10 27 00 00 00 C6  TEL,15249,S5,3529,1073,2946,4995,10000,0
A5 54 92 3B 05 26 0E 34 04 82 0B 83 13 10 27 00 00 00 E9  TEL,15250,S5,3622,1076,2946,4995,10000,0
A5 54 93 3B 05 C9 0D 31 04 82 0B 83 13 10 27 00 00 00 C2  TEL,15251,S5,3529,1073,2946,4995,10000,0
A5 54 94 3B 05 C9 0D 31 04 82 0B 83 13 10 27 00 00 00 CC  TEL,15252,S5,3529,1073,2946,4995,10000,0
A5 54 95 3B 05 C9 0D 31 04 82 0B 83 13 10 27 00 00 00 CE  TEL,15253,S5,3529,1073,2946,4995,10000,0
A5 54 96 3B 05 C9 0D 30 04 82 0B 83 13 10 27 00 00 00 D7  TEL,15254,S5,3529,1072,2946,4995,10000,0
A5 54 97 3B 05 26 0E 34 04 82 0B 83 13 10 27 00 00 00 E3  TEL,15255,S5,3622,1076,2946,4995,10000,0
A5 54 98 3B 05 07 0E 33 04 82 0B 83 13 10 27 00 00 00 CA  TEL,15256,S5,3591,1075,2946,4995,10000,0
A5 54 99 3B 05 C9 0D 31 04 82 0B 83 13 10 27 00 00 00 D6  TEL,15257,S5,3529,1073,2946,4995,10000,0
A5 54 9A 3B 05 C9 0D 31 04 82 0B 83 13 10 27 00 00 00 D0  TEL,15258,S5,3529,1073,2946,4995,10000,0
A5 54 9B 3B 05 07 0E 33 04 82 0B 83 13 10 27 00 00 00 CC  TEL,15259,S5,3591,1075,2946,4995,10000,0
A5 54 9C 3B 05 07 0E 33 04 82 0B 83 13 10 27 00 00 00 C2  TEL,15260,S5,3591,1075,2946,4995,10000,0
A5 54 9D 3B 05 C9 0D 31 04 82 0B 83 13 10 27 00 00 00 DE  TEL,15261,S5,3529,1073,2946,4995,10000,0
A5 54 9E 3B 05 C9 0D 31 04 82 0B 83 13 10 27 00 00 00 D8  TEL,15262,S5,3529,1073,2946,4995,10000,0
A5 54 9F 3B 05 C9 0D 31 04 82 0B 83 13 10 27 00 00 00 DA  TEL,15263,S5,3529,1073,2946,4995,10000,0
A5 54 A0 3B 05 E8 0D 32 04 82 0B 83 13 10 27 00 00 00 EF  TEL,15264,S5,3560,1074,2946,4995,10000,0
A5 54 A1 3B 05 07 0E 33 04 82 0B 83 13 10 27 00 00 00 B8  TEL,15265,S5,3591,1075,2946,4995,10000,0
A5 54 A2 3B 05 07 0E 33 04 82 0B 83 13 10 27 00 00 00 BE  TEL,15266,S5,3591,1075,2946,4995,10000,0
A5 54 A3 3B 05 45 0E 35 04 82 0B 83 13 10 27 00 00 00 2A  TEL,15267,S5,3653,1077,2946,4995,10000,0
A5 54 A4 3B 05 C9 0D 31 04 82 0B 83 13 10 27 00 00 00 AC  TEL,15268,S5,3529,1073,2946,4995,10000,0
A5 54 A5 3B 05 C9 0D 31 04 82 0B 83 13 10 27 00 00 00 AE  TEL,15269,S5,3529,1073,2946,4995,10000,0
A5 54 A6 3B 05 C9 0D 31 04 82 0B 83 13 10 27 00 00 00 A8  TEL,15270,S5,3529,1073,2946,4995,10000,0
A5 54 A7 3B 05 C9 0D 31 04 82 0B 83 13 10 27 00 00 00 AA  TEL,15271,S5,3529,1073,2946,4995,10000,0
A5 54 A8 3B 05 C9 0D 31 04 82 0B 83 13 10 27 00 00 00 B4  TEL,15272,S5,3529,1073,2946,4995,10000,0
A5 54 A9 3B 05 2D 0D 2B 04 82 0B 83 13 10 27 00 00 00 2D  TEL,15273,S5,3373,1067,2946,4995,10000,0
A5 54 AA 3B 05 C9 0D 31 04 82 0B 83 13 10 27 00 00 00 B0  TEL,15274,S5,3529,1073,2946,4995,10000,0
A5 54 AB 3B 05 E8 0D 32 04 82 0B 83 13 10 27 00 00 00 F9  TEL,15275,S5,3560,1074,2946,4995,10000,0
A5 54 AC 3B 05 C9 0D 31 04 82 0B 83 13 10 27 00 00 00 BC  TEL,15276,S5,3529,1073,2946,4995,10000,0
A5 54 AD 3B 05 C9 0D 31 04 82 0B 83 13 10 27 00 00 00 BE  TEL,15277,S5,3529,1073,2946,4995,10000,0
A5 54 AE 3B 05 26 0E 34 04 82 0B 83 13 10 27 00 00 00 91  TEL,15278,S5,3622,1076,2946,4995,10000,0
A5 54 AF 3B 05 26 0E 34 04 82 0B 83 13 10 27 00 00 00 93  TEL,15279,S5,3622,1076,2946,4995,10000,0
A5 54 B0 3B 05 C9 0D 31 04 82 0B 83 13 10 27 00 00 00 84  TEL,15280,S5,3529,1073,2946,4995,10000,0
A5 54 B1 3B 05 C9 0D 31 04 82 0B 83 13 10 27 00 00 00 86  TEL,15281,S5,3529,1073,2946,4995,10000,0
A5 54 B2 3B 05 C9 0D 31 04 82 0B 83 13 10 27 00 00 00 80  TEL,15282,S5,3529,1073,2946,4995,10000,0
A5 54 B3 3B 05 45 0E 35 04 82 0B 83 13 10 27 00 00 00 0A  TEL,15283,S5,3653,1077,2946,4995,10000,0
A5 54 B4 3B 05 C9 0D 30 04 82 0B 83 13 10 27 00 00 00 93  TEL,15284,S5,3529,1072,2946,4995,10000,0
A5 54 B5 3B 05 C9 0D 31 04 82 0B 83 13 10 27 00 00 00 8E  TEL,15285,S5,3529,1073,2946,4995,10000,0
A5 54 B6 3B 05 26 0E 34 04 82 0B 83 13 10 27 00 00 00 A1  TEL,15286,S5,3622,1076,2946,4995,10000,0
A5 54 B7 3B 05 07 0E 33 04 82 0B 83 13 10 27 00 00 00 94  TEL,15287,S5,3591,1075,2946,4995,10000,0
A5 54 B8 3B 05 C9 0D 31 04 82 0B 83 13 10 27 00 00 00 94  TEL,15288,S5,3529,1073,2946,4995,10000,0
A5 54 B9 3B 05 C9 0D 31 04 82 0B 83 13 10 27 00 00 00 96  TEL,15289,S5,3529,1073,2946,4995,10000,0
A5 54 BA 3B 05 C9 0D 31 04 82 0B 83 13 10 27 00 00 00 90  TEL,15290,S5,3529,1073,2946,4995,10000,0
A5 54 BB 3B 05 07 0E 33 04 82 0B 83 13 10 27 00 00 00 8C  TEL,15291,S5,3591,1075,2946,4995,10000,0
A5 54 BC 3B 05 45 0E 35 04 82 0B 83 13 10 27 00 00 00 14  TEL,15292,S5,3653,1077,2946,4995,10000,0
A5 54 BD 3B 05 C9 0D 31 04 82 0B 83 13 10 27 00 00 00 9E  TEL,15293,S5,3529,1073,2946,4995,10000,0
A5 54 BE 3B 05 C9 0D 31 04 82 0B 83 13 10 27 00 00 00 98  TEL,15294,S5,3529,1073,2946,4995,10000,0
A5 54 BF 3B 05 C9 0D 31 04 82 0B 83 13 10 27 00 00 00 9A  TEL,15295,S5,3529,1073,2946,4995,10000,0
A5 54 C0 3B 05 E8 0D 32 04 82 0B 83 13 10 27 00 00 00 2F  TEL,15296,S5,3560,1074,2946,4995,10000,0
A5 54 C1 3B 05 26 0E 34 04 82 0B 83 13 10 27 00 00 00 4F  TEL,15297,S5,3622,1076,2946,4995,10000,0
A5 54 C2 3B 05 07 0E 33 04 82 0B 83 13 10 27 00 00 00 7E  TEL,15298,S5,3591,1075,2946,4995,10000,0
A5 54 C3 3B 05 C9 0D 31 04 82 0B 83 13 10 27 00 00 00 62  TEL,15299,S5,3529,1073,2946,4995,10000,0
A5 54 C4 3B 05 C9 0D 31 04 82 0B 83 13 10 27 00 00 00 6C  TEL,15300,S5,3529,1073,2946,4995,10000,0
A5 54 C5 3B 05 26 0E 34 04 82 0B 83 13 10 27 00 00 00 47  TEL,15301,S5,3622,1076,2946,4995,10000,0
A5 54 C6 3B 05 07 0E 33 04 82 0B 83 13 10 27 00 00 00 76  TEL,15302,S5,3591,1075,2946,4995,10000,0
A5 54 C7 3B 05 C9 0D 31 04 82 0B 83 13 10 27 00 00 00 6A  TEL,15303,S5,3529,1073,2946,4995,10000,0
A5 54 C8 3B 05 C9 0D 31 04 82 0B 83 13 10 27 00 00 00 74  TEL,15304,S5,3529,1073,2946,4995,10000,0
A5 54 C9 3B 05 45 0E 35 04 82 0B 83 13 10 27 00 00 00 FE  TEL,15305,S5,3653,1077,2946,4995,10000,0
A5 54 CA 3B 05 07 0E 33 04 82 0B 83 13 10 27 00 00 00 6E  TEL,15306,S5,3591,1075,2946,4995,10000,0
A5 54 CB 3B 05 C9 0D 30 04 82 0B 83 13 10 27 00 00 00 6D  TEL,15307,S5,3529,1072,2946,4995,10000,0
A5 54 CC 3B 05 26 0E 34 04 82 0B 83 13 10 27 00 00 00 55  TEL,15308,S5,3622,1076,2946,4995,10000,0
A5 54 CD 3B 05 C9 0D 31 04 82 0B 83 13 10 27 00 00 00 7E  TEL,15309,S5,3529,1073,2946,4995,10000,0
A5 54 CE 3B 05 C9 0D 31 04 82 0B 83 13 10 27 00 00 00 78  TEL,15310,S5,3529,1073,2946,4995,10000,0
A5 54 CF 3B 05 E8 0D 32 04 82 0B 83 13 10 27 00 00 00 31  TEL,15311,S5,3560,1074,2946,4995,10000,0
A5 54 D0 3B 05 C9 0D 30 04 82 0B 83 13 10 27 00 00 00 5B  TEL,15312,S5,3529,1072,2946,4995,10000,0
A5 54 D1 3B 05 26 0E 34 04 82 0B 83 13 10 27 00 00 00 6F  TEL,15313,S5,3622,1076,2946,4995,10000,0
A5 54 D2 3B 05 26 0E 34 04 82 0B 83 13 10 27 00 00 00 69  TEL,15314,S5,3622,1076,2946,4995,10000,0
A5 54 D3 3B 05 C9 0D 30 04 82 0B 83 13 10 27 00 00 00 5D  TEL,15315,S5,3529,1072,2946,4995,10000,0
A5 54 D4 3B 05 C9 0D 31 04 82 0B 83 13 10 27 00 00 00 4C  TEL,15316,S5,3529,1073,2946,4995,10000,0
A5 54 D5 3B 05 26 0E 34 04 82 0B 83 13 10 27 00 00 00 67  TEL,15317,S5,3622,1076,2946,4995,10000,0
A5 54 D6 3B 05 07 0E 33 04 82 0B 83 13 10 27 00 00 00 56  TEL,15318,S5,3591,1075,2946,4995,10000,0
A5 54 D7 3B 05 07 0E 33 04 82 0B 83 13 10 27 00 00 00 54  TEL,15319,S5,3591,1075,2946,4995,10000,0
A5 54 D8 3B 05 C9 0D 31 04 82 0B 83 13 10 27 00 00 00 54  TEL,15320,S5,3529,1073,2946,4995,10000,0
A5 54 D9 3B 05 C9 0D 31 04 82 0B 83 13 10 27 00 00 00 56  TEL,15321,S5,3529,1073,2946,4995,10000,0
A5 54 DA 3B 05 C9 0D 31 04 82 0B 83 13 10 27 00 00 00 50  TEL,15322,S5,3529,1073,2946,4995,10000,0
A5 54 DB 3B 05 E8 0D 32 04 82 0B 83 13 10 27 00 00 00 19  TEL,15323,S5,3560,1074,2946,4995,10000,0
A5 54 DC 3B 05 E8 0D 32 04 82 0B 83 13 10 27 00 00 00 17  TEL,15324,S5,3560,1074,2946,4995,10000,0
A5 54 DD 3B 05 C9 0D 31 04 82 0B 83 13 10 27 00 00 00 5E  TEL,15325,S5,3529,1073,2946,4995,10000,0
A5 54 DE 3B 05 07 0E 33 04 82 0B 83 13 10 27 00 00 00 46  TEL,15326,S5,3591,1075,2946,4995,10000,0
A5 54 DF 3B 05 C9 0D 31 04 82 0B 83 13 10 27 00 00 00 5A  TEL,15327,S5,3529,1073,2946,4995,10000,0
A5 54 E0 3B 05 C9 0D 31 04 82 0B 83 13 10 27 00 00 00 24  TEL,15328,S5,3529,1073,2946,4995,10000,0
A5 54 E1 3B 05 C9 0D 31 04 82 0B 83 13 10 27 00 00 00 26  TEL,15329,S5,3529,1073,2946,4995,10000,0
A5 54 E2 3B 05 C9 0D 31 04 82 0B 83 13 10 27 00 00 00 20  TEL,15330,S5,3529,1073,2946,4995,10000,0
A5 54 E3 3B 05 C9 0D 31 04 82 0B 83 13 10 27 00 00 00 22  TEL,15331,S5,3529,1073,2946,4995,10000,0
A5 54 E4 3B 05 26 0E 34 04 82 0B 83 13 10 27 00 00 00 05  TEL,15332,S5,3622,1076,2946,4995,10000,0
A5 54 E5 3B 05 E8 0D 32 04 82 0B 83 13 10 27 00 00 00 65  TEL,15333,S5,3560,1074,2946,4995,10000,0
A5 54 E6 3B 05 26 0E 34 04 82 0B 83 13 10 27 00 00 00 01  TEL,15334,S5,3622,1076,2946,4995,10000,0
A5 54 E7 3B 05 C9 0D 31 04 82 0B 83 13 10 27 00 00 00 2A  TEL,15335,S5,3529,1073,2946,4995,10000,0
A5 54 E8 3B 05 C9 0D 31 04 82 0B 83 13 10 27 00 00 00 34  TEL,15336,S5,3529,1073,2946,4995,10000,0
A5 54 E9 3B 05 07 0E 33 04 82 0B 83 13 10 27 00 00 00 28  TEL,15337,S5,3591,1075,2946,4995,10000,0
A5 54 EA 3B 05 45 0E 35 04 82 0B 83 13 10 27 00 00 00 B8  TEL,15338,S5,3653,1077,2946,4995,10000,0
A5 54 EB 3B 05 07 0E 33 04 82 0B 83 13 10 27 00 00 00 2C  TEL,15339,S5,3591,1075,2946,4995,10000,0
A5 54 EC 3B 05 C9 0D 30 04 82 0B 83 13 10 27 00 00 00 23  TEL,15340,S5,3529,1072,2946,4995,10000,0
A5 54 ED 3B 05 C9 0D 31 04 82 0B 83 13 10 27 00 00 00 3E  TEL,15341,S5,3529,1073,2946,4995,10000,0
A5 54 EE 3B 05 26 0E 34 04 82 0B 83 13 10 27 00 00 00 11  TEL,15342,S5,3622,1076,2946,4995,10000,0
A5 54 EF 3B 05 C9 0D 31 04 82 0B 83 13 10 27 00 00 00 3A  TEL,15343,S5,3529,1073,2946,4995,10000,0
A5 54 F0 3B 05 C9 0D 31 04 82 0B 83 13 10 27 00 00 00 04  TEL,15344,S5,3529,1073,2946,4995,10000,0
A5 54 F1 3B 05 45 0E 35 04 82 0B 83 13 10 27 00 00 00 8E  TEL,15345,S5,3653,1077,2946,4995,10000,0
A5 54 F2 3B 05 26 0E 34 04 82 0B 83 13 10 27 00 00 00 29  TEL,15346,S5,3622,1076,2946,4995,10000,0
A5 54 F3 3B 05 E8 0D 32 04 82 0B 83 13 10 27 00 00 00 49  TEL,15347,S5,3560,1074,2946,4995,10000,0
A5 54 F4 3B 05 C9 0D 31 04 82 0B 83 13 10 27 00 00 00 0C  TEL,15348,S5,3529,1073,2946,4995,10000,0
A5 54 F5 3B 05 26 0E 34 04 82 0B 83 13 10 27 00 00 00 27  TEL,15349,S5,3622,1076,2946,4995,10000,0
A5 54 F6 3B 05 AA 0D 2F 04 82 0B 83 13 10 27 00 00 00 FB  TEL,15350,S5,3498,1071,2946,4995,10000,0
A5 54 F7 3B 05 C9 0D 31 04 82 0B 83 13 10 27 00 00 00 0A  TEL,15351,S5,3529,1073,2946,4995,10000,0
A5 54 F8 3B 05 C9 0D 31 04 82 0B 83 13 10 27 00 00 00 14  TEL,15352,S5,3529,1073,2946,4995,10000,0
A5 54 F9 3B 05 C9 0D 30 04 82 0B 83 13 10 27 00 00 00 09  TEL,15353,S5,3529,1072,2946,4995,10000,0
A5 54 FA 3B 05 C9 0D 31 04 82 0B 83 13 10 27 00 00 00 10  TEL,15354,S5,3529,1073,2946,4995,10000,0
A5 54 FB 3B 05 07 0E 33 04 82 0B 83 13 10 27 00 00 00 0C  TEL,15355,S5,3591,1075,2946,4995,10000,0
A5 54 FC 3B 05 C9 0D 31 04 82 0B 83 13 10 27 00 00 00 1C  TEL,15356,S5,3529,1073,2946,4995,10000,0
A5 54 FD 3B 05 07 0E 33 04 82 0B 83 13 10 27 00 00 00 00  TEL,15357,S5,3591,1075,2946,4995,10000,0
A5 54 FE 3B 05 26 0E 34 04 82 0B 83 13 10 27 00 00 00 31  TEL,15358,S5,3622,1076,2946,4995,10000,0
A5 54 FF 3B 05 C9 0D 31 04 82 0B 83 13 10 27 00 00 00 1A  TEL,15359,S5,3529,1073,2946,4995,10000,0
A5 54 00 3C 05 26 0E 34 04 82 0B 83 13 10 27 00 00 00 C8  TEL,15360,S5,3622,1076,2946,4995,10000,0
A5 54 01 3C 05 26 0E 34 04 82 0B 83 13 10 27 00 00 00 CA  TEL,15361,S5,3622,1076,2946,4995,10000,0
A5 54 02 3C 05 C9 0D 31 04 82 0B 83 13 10 27 00 00 00 E5  TEL,15362,S5,3529,1073,2946,4995,10000,0
A5 54 03 3C 05 07 0E 33 04 82 0B 83 13 10 27 00 00 00 F9  TEL,15363,S5,3591,1075,2946,4995,10000,0
A5 54 04 3C 05 C9 0D 31 04 82 0B 83 13 10 27 00 00 00 E9  TEL,15364,S5,3529,1073,2946,4995,10000,0
A5 54 05 3C 05 07 0E 33 04 82 0B 83 13 10 27 00 00 00 F5  TEL,15365,S5,3591,1075,2946,4995,10000,0
A5 54 06 3C 05 C9 0D 31 04 82 0B 83 13 10 27 00 00 00 ED  TEL,15366,S5,3529,1073,2946,4995,10000,0
A5 54 07 3C 05 45 0E 35 04 82 0B 83 13 10 27 00 00 00 67  TEL,15367,S5,3653,1077,2946,4995,10000,0
A5 54 08 3C 05 26 0E 34 04 82 0B 83 13 10 27 00 00 00 D8  TEL,15368,S5,3622,1076,2946,4995,10000,0
A5 54 09 3C 05 07 0E 33 04 82 0B 83 13 10 27 00 00 00 ED  TEL,15369,S5,3591,1075,2946,4995,10000,0
A5 54 0A 3C 05 C9 0D 31 04 82 0B 83 13 10 27 00 00 00 F5  TEL,15370,S5,3529,1073,2946,4995,10000,0
A5 54 0B 3C 05 E8 0D 32 04 82 0B 83 13 10 27 00 00 00 BC  TEL,15371,S5,3560,1074,2946,4995,10000,0
A5 54 0C 3C 05 C9 0D 31 04 82 0B 83 13 10 27 00 00 00 F9  TEL,15372,S5,3529,1073,2946,4995,10000,0
A5 54 0D 3C 05 C9 0D 31 04 82 0B 83 13 10 27 00 00 00 FB  TEL,15373,S5,3529,1073,2946,4995,10000,0
A5 54 0E 3C 05 C9 0D 31 04 82 0B 83 13 10 27 00 00 00 FD  TEL,15374,S5,3529,1073,2946,4995,10000,0
A5 54 0F 3C 05 C9 0D 31 04 82 0B 83 13 10 27 00 00 00 FF  TEL,15375,S5,3529,1073,2946,4995,10000,0
A5 54 10 3C 05 26 0E 34 04 82 0B 83 13 10 27 00 00 00 E8  TEL,15376,S5,3622,1076,2946,4995,10000,0
A5 54 11 3C 05 07 0E 33 04 82 0B 83 13 10 27 00 00 00 DD  TEL,15377,S5,3591,1075,2946,4995,10000,0
A5 54 12 3C 05 C9 0D 31 04 82 0B 83 13 10 27 00 00 00 C5  TEL,15378,S5,3529,1073,2946,4995,10000,0
A5 54 13 3C 05 07 0E 33 04 82 0B 83 13 10 27 00 00 00 D9  TEL,15379,S5,3591,1075,2946,4995,10000,0
A5 54 14 3C 05 C9 0D 31 04 82 0B 83 13 10 27 00 00 00 C9  TEL,15380,S5,3529,1073,2946,4995,10000,0
A5 54 15 3C 05 C9 0D 31 04 82 0B 83 13 10 27 00 00 00 CB  TEL,15381,S5,3529,1073,2946,4995,10000,0
A5 54 16 3C 05 26 0E 34 04 82 0B 83 13 10 27 00 00 00 E4  TEL,15382,S5,3622,1076,2946,4995,10000,0
A5 54 17 3C 05 C9 0D 30 04 82 0B 83 13 10 27 00 00 00 D0  TEL,15383,S5,3529,1072,2946,4995,10000,0
A5 54 18 3C 05 C9 0D 31 04 82 0B 83 13 10 27 00 00 00 D1  TEL,15384,S5,3529,1073,2946,4995,10000,0
A5 54 19 3C 05 C9 0D 31 04 82 0B 83 13 10 27 00 00 00 D3  TEL,15385,S5,3529,1073,2946,4995,10000,0
A5 54 1A 3C 05 2D 0D 2B 04 82 0B 83 13 10 27 00 00 00 4E  TEL,15386,S5,3373,1067,2946,4995,10000,0
A5 54 1B 3C 05 07 0E 33 04 82 0B 83 13 10 27 00 00 00 C9  TEL,15387,S5,3591,1075,2946,4995,10000,0
A5 54 1C 3C 05 07 0E 33 04 82 0B 83 13 10 27 00 00 00 C7  TEL,15388,S5,3591,1075,2946,4995,10000,0
A5 54 1D 3C 05 C9 0D 31 04 82 0B 83 13 10 27 00 00 00 DB  TEL,15389,S5,3529,1073,2946,4995,10000,0
A5 54 1E 3C 05 C9 0D 31 04 82 0B 83 13 10 27 00 00 00 DD  TEL,15390,S5,3529,1073,2946,4995,10000,0
A5 54 1F 3C 05 C9 0D 31 04 82 0B 83 13 10 27 00 00 00 DF  TEL,15391,S5,3529,1073,2946,4995,10000,0
A5 54 20 3C 05 45 0E 35 04 82 0B 83 13 10 27 00 00 00 29  TEL,15392,S5,3653,1077,2946,4995,10000,0
A5 54 21 3C 05 C9 0D 31 04 82 0B 83 13 10 27 00 00 00 A3  TEL,15393,S5,3529,1073,2946,4995,10000,0
A5 54 22 3C 05 C9 0D 31 04 82 0B 83 13 10 27 00 00 00 A5  TEL,15394,S5,3529,1073,2946,4995,10000,0
A5 54 23 3C 05 C9 0D 31 04 82 0B 83 13 10 27 00 00 00 A7  TEL,15395,S5,3529,1073,2946,4995,10000,0
A5 54 24 3C 05 C9 0D 31 04 82 0B 83 13 10 27 00 00 00 A9  TEL,15396,S5,3529,1073,2946,4995,10000,0
A5 54 25 3C 05 26 0E 34 04 82 0B 83 13 10 27 00 00 00 82  TEL,15397,S5,3622,1076,2946,4995,10000,0
A5 54 26 3C 05 07 0E 33 04 82 0B 83 13 10 27 00 00 00 B3  TEL,15398,S5,3591,1075,2946,4995,10000,0
A5 54 27 3C 05 26 0E 34 04 82 0B 83 13 10 27 00 00 00 86  TEL,15399,S5,3622,1076,2946,4995,10000,0
A5 54 28 3C 05 26 0E 34 04 82 0B 83 13 10 27 00 00 00 98  TEL,15400,S5,3622,1076,2946,4995,10000,0
A5 54 29 3C 05 C9 0D 31 04 82 0B 83 13 10 27 00 00 00 B3  TEL,15401,S5,3529,1073,2946,4995,10000,0
A5 54 2A 3C 05 07 0E 33 04 82 0B 83 13 10 27 00 00 00 AB  TEL,15402,S5,3591,1075,2946,4995,10000,0
A5 54 2B 3C 05 07 0E 33 04 82 0B 83 13 10 27 00 00 00 A9  TEL,15403,S5,3591,1075,2946,4995,10000,0
A5 54 2C 3C 05 C9 0D 31 04 82 0B 83 13 10 27 00 00 00 B9  TEL,15404,S5,3529,1073,2946,4995,10000,0
A5 54 2D 3C 05 C9 0D 31 04 82 0B 83 13 10 27 00 00 00 BB  TEL,15405,S5,3529,1073,2946,4995,10000,0
A5 54 2E 3C 05 C9 0D 31 04 82 0B 83 13 10 27 00 00 00 BD  TEL,15406,S5,3529,1073,2946,4995,10000,0
A5 54 2F 3C 05 C9 0D 31 04 82 0B 83 13 10 27 00 00 00 BF  TEL,15407,S5,3529,1073,2946,4995,10000,0
A5 54 30 3C 05 26 0E 34 04 82 0B 83 13 10 27 00 00 00 A8  TEL,15408,S5,3622,1076,2946,4995,10000,0
A5 54 31 3C 05 C9 0D 31 04 82 0B 83 13 10 27 00 00 00 83  TEL,15409,S5,3529,1073,2946,4995,10000,0
A5 54 32 3C 05 07 0E 33 04 82 0B 83 13 10 27 00 00 00 9B  TEL,15410,S5,3591,1075,2946,4995,10000,0
A5 54 33 3C 05 07 0E 33 04 82 0B 83 13 10 27 00 00 00 99  TEL,15411,S5,3591,1075,2946,4995,10000,0
A5 54 34 3C 05 C9 0D 31 04 82 0B 83 13 10 27 00 00 00 89  TEL,15412,S5,3529,1073,2946,4995,10000,0
A5 54 35 3C 05 C9 0D 31 04 82 0B 83 13 10 27 00 00 00 8B  TEL,15413,S5,3529,1073,2946,4995,10000,0
A5 54 36 3C 05 07 0E 33 04 82 0B 83 13 10 27 00 00 00 93  TEL,15414,S5,3591,1075,2946,4995,10000,0
A5 54 37 3C 05 C9 0D 31 04 82 0B 83 13 10 27 00 00 00 8F  TEL,15415,S5,3529,1073,2946,4995,10000,0
A5 54 38 3C 05 C9 0D 31 04 82 0B 83 13 10 27 00 00 00 91  TEL,15416,S5,3529,1073,2946,4995,10000,0
A5 54 39 3C 05 E8 0D 32 04 82 0B 83 13 10 27 00 00 00 D8  TEL,15417,S5,3560,1074,2946,4995,10000,0
A5 54 3A 3C 05 C9 0D 31 04 82 0B 83 13 10 27 00 00 00 95  TEL,15418,S5,3529,1073,2946,4995,10000,0
A5 54 3B 3C 05 07 0E 33 04 82 0B 83 13 10 27 00 00 00 89  TEL,15419,S5,3591,1075,2946,4995,10000,0
A5 54 3C 3C 05 C9 0D 31 04 82 0B 83 13 10 27 00 00 00 99  TEL,15420,S5,3529,1073,2946,4995,10000,0
A5 54 3D 3C 05 26 0E 34 04 82 0B 83 13 10 27 00 00 00 B2  TEL,15421,S5,3622,1076,2946,4995,10000,0
A5 54 3E 3C 05 07 0E 33 04 82 0B 83 13 10 27 00 00 00 83  TEL,15422,S5,3591,1075,2946,4995,10000,0
A5 54 3F 3C 05 6B 0D 2D 04 82 0B 83 13 10 27 00 00 00 CC  TEL,15423,S5,3435,1069,2946,4995,10000,0
A5 54 40 3C 05 C9 0D 31 04 82 0B 83 13 10 27 00 00 00 61  TEL,15424,S5,3529,1073,2946,4995,10000,0
A5 54 41 3C 05 26 0E 34 04 82 0B 83 13 10 27 00 00 00 4A  TEL,15425,S5,3622,1076,2946,4995,10000,0
A5 54 42 3C 05 07 0E 33 04 82 0B 83 13 10 27 00 00 00 7B  TEL,15426,S5,3591,1075,2946,4995,10000,0
A5 54 43 3C 05 C9 0D 31 04 82 0B 83 13 10 27 00 00 00 67  TEL,15427,S5,3529,1073,2946,4995,10000,0
A5 54 44 3C 05 C9 0D 31 04 82 0B 83 13 10 27 00 00 00 69  TEL,15428,S5,3529,1073,2946,4995,10000,0
A5 54 45 3C 05 C9 0D 31 04 82 0B 83 13 10 27 00 00 00 6B  TEL,15429,S5,3529,1073,2946,4995,10000,0
A5 54 46 3C 05 26 0E 34 04 82 0B 83 13 10 27 00 00 00 44  TEL,15430,S5,3622,1076,2946,4995,10000,0
A5 54 47 3C 05 07 0E 33 04 82 0B 83 13 10 27 00 00 00 71  TEL,15431,S5,3591,1075,2946,4995,10000,0
A5 54 48 3C 05 C9 0D 31 04 82 0B 83 13 10 27 00 00 00 71  TEL,15432,S5,3529,1073,2946,4995,10000,0
A5 54 49 3C 05 C9 0D 31 04 82 0B 83 13 10 27 00 00 00 73  TEL,15433,S5,3529,1073,2946,4995,10000,0
A5 54 4A 3C 05 07 0E 33 04 82 0B 83 13 10 27 00 00 00 6B  TEL,15434,S5,3591,1075,2946,4995,10000,0
A5 54 4B 3C 05 26 0E 34 04 82 0B 83 13 10 27 00 00 00 5E  TEL,15435,S5,3622,1076,2946,4995,10000,0
A5 54 4C 3C 05 26 0E 34 04 82 0B 83 13 10 27 00 00 00 50  TEL,15436,S5,3622,1076,2946,4995,10000,0
A5 54 4D 3C 05 07 0E 33 04 82 0B 83 13 10 27 00 00 00 65  TEL,15437,S5,3591,1075,2946,4995,10000,0
A5 54 4E 3C 05 26 0E 34 04 82 0B 83 13 10 27 00 00 00 54  TEL,15438,S5,3622,1076,2946,4995,10000,0
A5 54 4F 3C 05 C9 0D 31 04 82 0B 83 13 10 27 00 00 00 7F  TEL,15439,S5,3529,1073,2946,4995,10000,0
A5 54 50 3C 05 C9 0D 31 04 82 0B 83 13 10 27 00 00 00 41  TEL,15440,S5,3529,1073,2946,4995,10000,0
A5 54 51 3C 05 26 0E 34 04 82 0B 83 13 10 27 00 00 00 6A  TEL,15441,S5,3622,1076,2946,4995,10000,0
A5 54 52 3C 05 07 0E 33 04 82 0B 83 13 10 27 00 00 00 5B  TEL,15442,S5,3591,1075,2946,4995,10000,0
A5 54 53 3C 05 45 0E 35 04 82 0B 83 13 10 27 00 00 00 CF  TEL,15443,S5,3653,1077,2946,4995,10000,0
A5 54 54 3C 05 C9 0D 31 04 82 0B 83 13 10 27 00 00 00 49  TEL,15444,S5,3529,1073,2946,4995,10000,0
A5 54 55 3C 05 C9 0D 31 04 82 0B 83 13 10 27 00 00 00 4B  TEL,15445,S5,3529,1073,2946,4995,10000,0
A5 54 56 3C 05 C9 0D 31 04 82 0B 83 13 10 27 00 00 00 4D  TEL,15446,S5,3529,1073,2946,4995,10000,0
A5 54 57 3C 05 C9 0D 31 04 82 0B 83 13 10 27 00 00 00 4F  TEL,15447,S5,3529,1073,2946,4995,10000,0
A5 54 58 3C 05 26 0E 34 04 82 0B 83 13 10 27 00 00 00 78  TEL,15448,S5,3622,1076,2946,4995,10000,0
A5 54 59 3C 05 C9 0D 31 04 82 0B 83 13 10 27 00 00 00 53  TEL,15449,S5,3529,1073,2946,4995,10000,0
A5 54 5A 3C 05 C9 0D 31 04 82 0B 83 13 10 27 00 00 00 55  TEL,15450,S5,3529,1073,2946,4995,10000,0
A5 54 5B 3C 05 E8 0D 32 04 82 0B 83 13 10 27 00 00 00 1C  TEL,15451,S5,3560,1074,2946,4995,10000,0
A5 54 5C 3C 05 C9 0D 31 04 82 0B 83 13 10 27 00 00 00 59  TEL,15452,S5,3529,1073,2946,4995,10000,0
A5 54 5D 3C 05 C9 0D 31 04 82 0B 83 13 10 27 00 00 00 5B  TEL,15453,S5,3529,1073,2946,4995,10000,0
A5 54 5E 3C 05 26 0E 34 04 82 0B 83 13 10 27 00 00 00 74  TEL,15454,S5,3622,1076,2946,4995,10000,0
A5 54 5F 3C 05 AA 0D 2F 04 82 0B 83 13 10 27 00 00 00 AC  TEL,15455,S5,3498,1071,2946,4995,10000,0
A5 54 60 3C 05 07 0E 33 04 82 0B 83 13 10 27 00 00 00 3F  TEL,15456,S5,3591,1075,2946,4995,10000,0
A5 54 61 3C 05 26 0E 34 04 82 0B 83 13 10 27 00 00 00 0A  TEL,15457,S5,3622,1076,2946,4995,10000,0
A5 54 62 3C 05 07 0E 33 04 82 0B 83 13 10 27 00 00 00 3B  TEL,15458,S5,3591,1075,2946,4995,10000,0
A5 54 63 3C 05 E8 0D 32 04 82 0B 83 13 10 27 00 00 00 6C  TEL,15459,S5,3560,1074,2946,4995,10000,0
A5 54 64 3C 05 26 0E 34 04 82 0B 83 13 10 27 00 00 00 00  TEL,15460,S5,3622,1076,2946,4995,10000,0
A5 54 65 3C 05 26 0E 34 04 82 0B 83 13 10 27 00 00 00 02  TEL,15461,S5,3622,1076,2946,4995,10000,0
A5 54 66 3C 05 07 0E 33 04 82 0B 83 13 10 27 00 00 00 33  TEL,15462,S5,3591,1075,2946,4995,10000,0
A5 54 67 3C 05 C9 0D 31 04 82 0B 83 13 10 27 00 00 00 2F  TEL,15463,S5,3529,1073,2946,4995,10000,0
A5 54 68 3C 05 C9 0D 31 04 82 0B 83 13 10 27 00 00 00 31  TEL,15464,S5,3529,1073,2946,4995,10000,0
A5 54 69 3C 05 26 0E 34 04 82 0B 83 13 10 27 00 00 00 1A  TEL,15465,S5,3622,1076,2946,4995,10000,0
A5 54 6A 3C 05 C9 0D 31 04 82 0B 83 13 10 27 00 00 00 35  TEL,15466,S5,3529,1073,2946,4995,10000,0
A5 54 6B 3C 05 45 0E 35 04 82 0B 83 13 10 27 00 00 00 BF  TEL,15467,S5,3653,1077,2946,4995,10000,0
A5 54 6C 3C 05 26 0E 34 04 82 0B 83 13 10 27 00 00 00 10  TEL,15468,S5,3622,1076,2946,4995,10000,0
A5 54 6D 3C 05 26 0E 34 04 82 0B 83 13 10 27 00 00 00 12  TEL,15469,S5,3622,1076,2946,4995,10000,0
A5 54 6E 3C 05 07 0E 33 04 82 0B 83 13 10 27 00 00 00 23  TEL,15470,S5,3591,1075,2946,4995,10000,0
A5 54 6F 3C 05 C9 0D 31 04 82 0B 83 13 10 27 00 00 00 3F  TEL,15471,S5,3529,1073,2946,4995,10000,0
A5 54 70 3C 05 C9 0D 31 04 82 0B 83 13 10 27 00 00 00 01  TEL,15472,S5,3529,1073,2946,4995,10000,0
A5 54 71 3C 05 26 0E 34 04 82 0B 83 13 10 27 00 00 00 2A  TEL,15473,S5,3622,1076,2946,4995,10000,0
A5 54 72 3C 05 C9 0D 31 04 82 0B 83 13 10 27 00 00 00 05  TEL,15474,S5,3529,1073,2946,4995,10000,0
A5 54 73 3C 05 C9 0D 31 04 82 0B 83 13 10 27 00 00 00 07  TEL,15475,S5,3529,1073,2946,4995,10000,0
A5 54 74 3C 05 07 0E 33 04 82 0B 83 13 10 27 00 00 00 17  TEL,15476,S5,3591,1075,2946,4995,10000,0
A5 54 75 3C 05 26 0E 34 04 82 0B 83 13 10 27 00 00 00 22  TEL,15477,S5,3622,1076,2946,4995,10000,0
A5 54 76 3C 05 C9 0D 30 04 82 0B 83 13 10 27 00 00 00 12  TEL,15478,S5,3529,1072,2946,4995,10000,0
A5 54 77 3C 05 C9 0D 31 04 82 0B 83 13 10 27 00 00 00 0F  TEL,15479,S5,3529,1073,2946,4995,10000,0
A5 54 78 3C 05 C9 0D 31 04 82 0B 83 13 10 27 00 00 00 11  TEL,15480,S5,3529,1073,2946,4995,10000,0
A5 54 79 3C 05 C9 0D 31 04 82 0B 83 13 10 27 00 00 00 13  TEL,15481,S5,3529,1073,2946,4995,10000,0
A5 54 7A 3C 05 C9 0D 31 04 82 0B 83 13 10 27 00 00 00 15  TEL,15482,S5,3529,1073,2946,4995,10000,0
A5 54 7B 3C 05 E8 0D 32 04 82 0B 83 13 10 27 00 00 00 5C  TEL,15483,S5,3560,1074,2946,4995,10000,0
A5 54 7C 3C 05 45 0E 35 04 82 0B 83 13 10 27 00 00 00 91  TEL,15484,S5,3653,1077,2946,4995,10000,0
A5 54 7D 3C 05 07 0E 33 04 82 0B 83 13 10 27 00 00 00 05  TEL,15485,S5,3591,1075,2946,4995,10000,0
A5 54 7E 3C 05 C9 0D 31 04 82 0B 83 13 10 27 00 00 00 1D  TEL,15486,S5,3529,1073,2946,4995,10000,0
A5 54 7F 3C 05 C9 0D 31 04 82 0B 83 13 10 27 00 00 00 1F  TEL,15487,S5,3529,1073,2946,4995,10000,0
A5 54 80 3C 05 26 0E 34 04 82 0B 83 13 10 27 00 00 00 CF  TEL,15488,S5,3622,1076,2946,4995,10000,0
A5 54 81 3C 05 07 0E 33 04 82 0B 83 13 10 27 00 00 00 FA  TEL,15489,S5,3591,1075,2946,4995,10000,0
A5 54 82 3C 05 C9 0D 31 04 82 0B 83 13 10 27 00 00 00 E2  TEL,15490,S5,3529,1073,2946,4995,10000,0
A5 54 83 3C 05 C9 0D 31 04 82 0B 83 13 10 27 00 00 00 E0  TEL,15491,S5,3529,1073,2946,4995,10000,0
A5 54 84 3C 05 45 0E 35 04 82 0B 83 13 10 27 00 00 00 66  TEL,15492,S5,3653,1077,2946,4995,10000,0
A5 54 85 3C 05 C9 0D 31 04 82 0B 83 13 10 27 00 00 00 EC  TEL,15493,S5,3529,1073,2946,4995,10000,0
A5 54 86 3C 05 26 0E 34 04 82 0B 83 13 10 27 00 00 00 C3  TEL,15494,S5,3622,1076,2946,4995,10000,0
A5 54 87 3C 05 C9 0D 31 04 82 0B 83 13 10 27 00 00 00 E8  TEL,15495,S5,3529,1073,2946,4995,10000,0
A5 54 88 3C 05 C9 0D 31 04 82 0B 96 13 10 27 00 00 00 8F  TEL,15496,S5,3529,1073,2946,5014,10000,0
ACK,15497,S0,BTK                                               
REC,S5,61,194764823,24,3,902,874,ok                            
REC,S5,62,196115780,23,3,761,885,ok                            
REC,S5,63,197602254,24,3,3472,875,ok                           
REC,S5,64,199147340,24,2,93,878,ok                             
REC,S5,65,200419764,24,2,92,877,ok                             
REC,S5,66,201871725,24,2,4002,877,ok                           
REC,S5,67,203347672,23,3,93,876,ok                             
REC,S5,68,204595208,24,2,520,879,ok                            
REC,S5,69,206075839,28,3,706,878,ok                            
REC,S5,70,207576924,24,2,93,875,ok                             
REC,S5,71,209021869,24,2,3858,877,ok                           
REC,S5,72,210553169,24,2,2558,877,ok                           
REC,S5,73,212136991,28,3,92,875,ok                             
REC,S5,74,213792165,24,2,3563,875,ok                           
REC,S5,75,215377658,23,3,92,879,ok                             
REC,S5,76,216956245,28,2,300,878,ok                            
REC,S5,77,218371922,23,3,3804,876,ok                           
REC,S5,78,220052886,24,2,2842,877,ok                           
REC,S5,79,221597361,24,3,93,876,ok                             
REC,S5,80,222851159,24,3,4568,878,ok                           
REC,S5,81,224280870,24,2,4857,879,ok                           
REC,S5,82,225480302,24,2,94,875,ok                             
REC,S5,83,226514282,23,3,1446,876,ok                           
REC,S5,84,227864034,23,3,1694,879,ok                           
REC,S5,85,228901323,24,2,4405,879,ok                           
REC,S5,86,229970743,24,3,4985,877,ok                           
REC,S5,87,230897201,24,2,95,876,ok                             
REC,S5,88,231758118,24,2,95,875,ok                             
REC,S5,89,232314363,24,3,1365,877,ok                           
REC,S5,90,233027925,24,3,94,878,ok                             
CNT,S0,accepted,30                                             
CNT,S0,repeat,17                                               
CNT,S0,btn_queue_drop,0                                        
CNT,S0,tx_queue_drop,0                                         
CNT,S0,tx_queue_max,2                                          
CNT,S0,pool_overflow,0                                         
CNT,S0,droplog_overflow,0                                      
CNT,S0,tx_timeout,0                                            
CNT,S0,tx_start_fail,0                                         
CNT,S0,spurious_tc,0                                           
CNT,S0,encode_error,0                                          
CNT,S0,tel_sent,7175                                           
CNT,S0,tel_drop,0                                              
CNT,S0,tel_period_min_us,9083                                  
CNT,S0,tel_period_avg_us,10015                                 
CNT,S0,tel_period_max_us,19050                                 
CNT,S0,tel_wait_avg_us,74                                      
CNT,S0,tel_wait_max_us,2893                                    
CNT,S0,stack_hwm_telemetry,318                                 
CNT,S0,stack_hwm_button,324                                    
CNT,S0,stack_hwm_uart_tx,380                                   
END,S0,30                                                      
