ACK,18283,S5,CTK                                               
A5 54 6C 47 05 C9 0D 30 04 82 0B 82 13 00 00 00 00 02 22  TEL,18284,S5,3529,1072,2946,4994,0,2
A5 54 6D 47 05 E8 0D 32 04 82 0B 82 13 88 25 00 00 00 74  TEL,18285,S5,3560,1074,2946,4994,9608,0
A5 54 6E 47 05 E8 0D 32 04 82 0B 83 13 10 27 00 00 00 3D  TEL,18286,S5,3560,1074,2946,4995,10000,0
A5 54 6F 47 05 C9 0D 30 04 82 0B 83 13 10 27 00 00 00 6B  TEL,18287,S5,3529,1072,2946,4995,10000,0
A5 54 70 47 05 E8 0D 32 04 82 0B 83 13 10 27 00 00 00 01  TEL,18288,S5,3560,1074,2946,4995,10000,0
A5 54 71 47 05 C9 0D 30 04 82 0B 83 13 10 27 00 00 00 57  TEL,18289,S5,3529,1072,2946,4995,10000,0
A5 54 72 47 05 E8 0D 32 04 82 0B 83 13 10 27 00 00 00 05  TEL,18290,S5,3560,1074,2946,4995,10000,0
A5 54 73 47 05 C9 0D 31 04 82 0B 83 13 10 27 00 00 00 4C  TEL,18291,S5,3529,1073,2946,4995,10000,0
A5 54 74 47 05 C9 0D 31 04 82 0B 83 13 10 27 00 00 00 42  TEL,18292,S5,3529,1073,2946,4995,10000,0
A5 54 75 47 05 C9 0D 31 04 82 0B 83 13 10 27 00 00 00 40  TEL,18293,S5,3529,1073,2946,4995,10000,0
A5 54 76 47 05 26 0E 34 04 82 0B 83 13 10 27 00 00 00 6F  TEL,18294,S5,3622,1076,2946,4995,10000,0
A5 54 77 47 05 E8 0D 32 04 82 0B 83 13 10 27 00 00 00 0F  TEL,18295,S5,3560,1074,2946,4995,10000,0
A5 54 78 47 05 E8 0D 32 04 82 0B 83 13 10 27 00 00 00 11  TEL,18296,S5,3560,1074,2946,4995,10000,0
A5 54 79 47 05 E8 0D 32 04 82 0B 83 13 10 27 00 00 00 13  TEL,18297,S5,3560,1074,2946,4995,10000,0
A5 54 7A 47 05 26 0E 34 04 82 0B 83 13 10 27 00 00 00 77  TEL,18298,S5,3622,1076,2946,4995,10000,0
A5 54 7B 47 05 C9 0D 30 04 82 0B 83 13 10 27 00 00 00 43  TEL,18299,S5,3529,1072,2946,4995,10000,0
A5 54 7C 47 05 E8 0D 32 04 82 0B 83 13 10 27 00 00 00 19  TEL,18300,S5,3560,1074,2946,4995,10000,0
A5 54 7D 47 05 07 0E 33 04 82 0B 83 13 10 27 00 00 00 4E  TEL,18301,S5,3591,1075,2946,4995,10000,0
A5 54 7E 47 05 07 0E 33 04 82 0B 83 13 10 27 00 00 00 48  TEL,18302,S5,3591,1075,2946,4995,10000,0
A5 54 7F 47 05 C9 0D 30 04 82 0B 83 13 10 27 00 00 00 4B  TEL,18303,S5,3529,1072,2946,4995,10000,0
A5 54 80 47 05 E8 0D 32 04 82 0B 83 13 10 27 00 00 00 E6  TEL,18304,S5,3560,1074,2946,4995,10000,0
A5 54 81 47 05 07 0E 33 04 82 0B 83 13 10 27 00 00 00 B1  TEL,18305,S5,3591,1075,2946,4995,10000,0
A5 54 82 47 05 E8 0D 32 04 82 0B 83 13 10 27 00 00 00 E2  TEL,18306,S5,3560,1074,2946,4995,10000,0
A5 54 83 47 05 C9 0D 31 04 82 0B 83 13 10 27 00 00 00 AB  TEL,18307,S5,3529,1073,2946,4995,10000,0
A5 54 84 47 05 C9 0D 31 04 82 0B 83 13 10 27 00 00 00 A5  TEL,18308,S5,3529,1073,2946,4995,10000,0
A5 54 85 47 05 C9 0D 31 04 82 0B 83 13 10 27 00 00 00 A7  TEL,18309,S5,3529,1073,2946,4995,10000,0
A5 54 86 47 05 26 0E 34 04 82 0B 83 13 10 27 00 00 00 88  TEL,18310,S5,3622,1076,2946,4995,10000,0
A5 54 87 47 05 C9 0D 31 04 82 0B 83 13 10 27 00 00 00 A3  TEL,18311,S5,3529,1073,2946,4995,10000,0
A5 54 88 47 05 C9 0D 31 04 82 0B 83 13 10 27 00 00 00 BD  TEL,18312,S5,3529,1073,2946,4995,10000,0
A5 54 89 47 05 C9 0D 30 04 82 0B 83 13 10 27 00 00 00 A0  TEL,18313,S5,3529,1072,2946,4995,10000,0
A5 54 8A 47 05 E8 0D 32 04 82 0B 83 13 10 27 00 00 00 F2  TEL,18314,S5,3560,1074,2946,4995,10000,0
A5 54 8B 47 05 07 0E 33 04 82 0B 83 13 10 27 00 00 00 A5  TEL,18315,S5,3591,1075,2946,4995,10000,0
A5 54 8C 47 05 C9 0D 30 04 82 0B 83 13 10 27 00 00 00 AA  TEL,18316,S5,3529,1072,2946,4995,10000,0
A5 54 8D 47 05 E8 0D 32 04 82 0B 83 13 10 27 00 00 00 FC  TEL,18317,S5,3560,1074,2946,4995,10000,0
A5 54 8E 47 05 07 0E 33 04 82 0B 83 13 10 27 00 00 00 AF  TEL,18318,S5,3591,1075,2946,4995,10000,0
A5 54 8F 47 05 07 0E 33 04 82 0B 83 13 10 27 00 00 00 AD  TEL,18319,S5,3591,1075,2946,4995,10000,0
A5 54 90 47 05 07 0E 33 04 82 0B 83 13 10 27 00 00 00 93  TEL,18320,S5,3591,1075,2946,4995,10000,0
A5 54 91 47 05 E8 0D 32 04 82 0B 83 13 10 27 00 00 00 C4  TEL,18321,S5,3560,1074,2946,4995,10000,0
A5 54 92 47 05 07 0E 33 04 82 0B 83 13 10 27 00 00 00 97  TEL,18322,S5,3591,1075,2946,4995,10000,0
A5 54 93 47 05 E8 0D 32 04 82 0B 83 13 10 27 00 00 00 C0  TEL,18323,S5,3560,1074,2946,4995,10000,0
A5 54 94 47 05 E8 0D 32 04 82 0B 83 13 10 27 00 00 00 CE  TEL,18324,S5,3560,1074,2946,4995,10000,0
A5 54 95 47 05 E8 0D 32 04 82 0B 83 13 10 27 00 00 00 CC  TEL,18325,S5,3560,1074,2946,4995,10000,0
A5 54 96 47 05 26 0E 34 04 82 0B 83 13 10 27 00 00 00 A8  TEL,18326,S5,3622,1076,2946,4995,10000,0
A5 54 97 47 05 E8 0D 32 04 82 0B 83 13 10 27 00 00 00 C8  TEL,18327,S5,3560,1074,2946,4995,10000,0
A5 54 98 47 05 C9 0D 31 04 82 0B 83 13 10 27 00 00 00 9D  TEL,18328,S5,3529,1073,2946,4995,10000,0
A5 54 99 47 05 C9 0D 31 04 82 0B 83 13 10 27 00 00 00 9F  TEL,18329,S5,3529,1073,2946,4995,10000,0
A5 54 9A 47 05 C9 0D 30 04 82 0B 83 13 10 27 00 00 00 86  TEL,18330,S5,3529,1072,2946,4995,10000,0
A5 54 9B 47 05 E8 0D 32 04 82 0B 83 13 10 27 00 00 00 D0  TEL,18331,S5,3560,1074,2946,4995,10000,0
A5 54 9C 47 05 E8 0D 32 04 82 0B 83 13 10 27 00 00 00 DE  TEL,18332,S5,3560,1074,2946,4995,10000,0
A5 54 9D 47 05 07 0E 33 04 82 0B 83 13 10 27 00 00 00 89  TEL,18333,S5,3591,1075,2946,4995,10000,0
A5 54 9E 47 05 C9 0D 31 04 82 0B 83 13 10 27 00 00 00 91  TEL,18334,S5,3529,1073,2946,4995,10000,0
A5 54 9F 47 05 07 0E 33 04 82 0B 83 13 10 27 00 00 00 8D  TEL,18335,S5,3591,1075,2946,4995,10000,0
A5 54 A0 47 05 E8 0D 32 04 82 0B 83 13 10 27 00 00 00 A6  TEL,18336,S5,3560,1074,2946,4995,10000,0
A5 54 A1 47 05 E8 0D 32 04 82 0B 83 13 10 27 00 00 00 A4  TEL,18337,S5,3560,1074,2946,4995,10000,0
A5 54 A2 47 05 E8 0D 32 04 82 0B 83 13 10 27 00 00 00 A2  TEL,18338,S5,3560,1074,2946,4995,10000,0
A5 54 A3 47 05 E8 0D 32 04 82 0B 83 13 10 27 00 00 00 A0  TEL,18339,S5,3560,1074,2946,4995,10000,0
A5 54 A4 47 05 E8 0D 32 04 82 0B 83 13 10 27 00 00 00 AE  TEL,18340,S5,3560,1074,2946,4995,10000,0
A5 54 A5 47 05 45 0E 35 04 82 0B 83 13 10 27 00 00 00 6F  TEL,18341,S5,3653,1077,2946,4995,10000,0
A5 54 A6 47 05 45 0E 35 04 82 0B 83 13 10 27 00 00 00 69  TEL,18342,S5,3653,1077,2946,4995,10000,0
A5 54 A7 47 05 E8 0D 32 04 82 0B 83 13 10 27 00 00 00 A8  TEL,18343,S5,3560,1074,2946,4995,10000,0
A5 54 A8 47 05 E8 0D 32 04 82 0B 83 13 10 27 00 00 00 B6  TEL,18344,S5,3560,1074,2946,4995,10000,0
A5 54 A9 47 05 E8 0D 32 04 82 0B 83 13 10 27 00 00 00 B4  TEL,18345,S5,3560,1074,2946,4995,10000,0
A5 54 AA 47 05 C9 0D 30 04 82 0B 83 13 10 27 00 00 00 E6  TEL,18346,S5,3529,1072,2946,4995,10000,0
A5 54 AB 47 05 E8 0D 32 04 82 0B 83 13 10 27 00 00 00 B0  TEL,18347,S5,3560,1074,2946,4995,10000,0
A5 54 AC 47 05 E8 0D 32 04 82 0B 83 13 10 27 00 00 00 BE  TEL,18348,S5,3560,1074,2946,4995,10000,0
A5 54 AD 47 05 C9 0D 30 04 82 0B 83 13 10 27 00 00 00 E8  TEL,18349,S5,3529,1072,2946,4995,10000,0
A5 54 AE 47 05 07 0E 33 04 82 0B 83 13 10 27 00 00 00 EF  TEL,18350,S5,3591,1075,2946,4995,10000,0
A5 54 AF 47 05 07 0E 33 04 82 0B 83 13 10 27 00 00 00 ED  TEL,18351,S5,3591,1075,2946,4995,10000,0
A5 54 B0 47 05 C9 0D 31 04 82 0B 83 13 10 27 00 00 00 CD  TEL,18352,S5,3529,1073,2946,4995,10000,0
A5 54 B1 47 05 E8 0D 32 04 82 0B 83 13 10 27 00 00 00 84  TEL,18353,S5,3560,1074,2946,4995,10000,0
A5 54 B2 47 05 C9 0D 31 04 82 0B 83 13 10 27 00 00 00 C9  TEL,18354,S5,3529,1073,2946,4995,10000,0
A5 54 B3 47 05 07 0E 33 04 82 0B 83 13 10 27 00 00 00 D5  TEL,18355,S5,3591,1075,2946,4995,10000,0
A5 54 B4 47 05 AA 0D 2F 04 82 0B 83 13 10 27 00 00 00 36  TEL,18356,S5,3498,1071,2946,4995,10000,0
A5 54 B5 47 05 E8 0D 32 04 82 0B 83 13 10 27 00 00 00 8C  TEL,18357,S5,3560,1074,2946,4995,10000,0
A5 54 B6 47 05 26 0E 34 04 82 0B 83 13 10 27 00 00 00 E8  TEL,18358,S5,3622,1076,2946,4995,10000,0
A5 54 B7 47 05 E8 0D 32 04 82 0B 83 13 10 27 00 00 00 88  TEL,18359,S5,3560,1074,2946,4995,10000,0
A5 54 B8 47 05 07 0E 33 04 82 0B 83 13 10 27 00 00 00 C3  TEL,18360,S5,3591,1075,2946,4995,10000,0
A5 54 B9 47 05 E8 0D 32 04 82 0B 83 13 10 27 00 00 00 94  TEL,18361,S5,3560,1074,2946,4995,10000,0
A5 54 BA 47 05 83 0E 37 04 82 0B 83 13 10 27 00 00 00 14  TEL,18362,S5,3715,1079,2946,4995,10000,0
A5 54 BB 47 05 E8 0D 32 04 82 0B 83 13 10 27 00 00 00 90  TEL,18363,S5,3560,1074,2946,4995,10000,0
A5 54 BC 47 05 E8 0D 32 04 82 0B 83 13 10 27 00 00 00 9E  TEL,18364,S5,3560,1074,2946,4995,10000,0
A5 54 BD 47 05 C9 0D 30 04 82 0B 83 13 10 27 00 00 00 C8  TEL,18365,S5,3529,1072,2946,4995,10000,0
A5 54 BE 47 05 E8 0D 32 04 82 0B 83 13 10 27 00 00 00 9A  TEL,18366,S5,3560,1074,2946,4995,10000,0
A5 54 BF 47 05 E8 0D 32 04 82 0B 83 13 10 27 00 00 00 98  TEL,18367,S5,3560,1074,2946,4995,10000,0
A5 54 C0 47 05 E8 0D 32 04 82 0B 83 13 10 27 00 00 00 66  TEL,18368,S5,3560,1074,2946,4995,10000,0
A5 54 C1 47 05 07 0E 33 04 82 0B 83 13 10 27 00 00 00 31  TEL,18369,S5,3591,1075,2946,4995,10000,0
A5 54 C2 47 05 E8 0D 32 04 82 0B 83 13 10 27 00 00 00 62  TEL,18370,S5,3560,1074,2946,4995,10000,0
A5 54 C3 47 05 C9 0D 31 04 82 0B 83 13 10 27 00 00 00 2B  TEL,18371,S5,3529,1073,2946,4995,10000,0
A5 54 C4 47 05 E8 0D 32 04 82 0B 83 13 10 27 00 00 00 6E  TEL,18372,S5,3560,1074,2946,4995,10000,0
A5 54 C5 47 05 07 0E 33 04 82 0B 83 13 10 27 00 00 00 39  TEL,18373,S5,3591,1075,2946,4995,10000,0
A5 54 C6 47 05 26 0E 34 04 82 0B 83 13 10 27 00 00 00 08  TEL,18374,S5,3622,1076,2946,4995,10000,0
A5 54 C7 47 05 C9 0D 31 04 82 0B 83 13 10 27 00 00 00 23  TEL,18375,S5,3529,1073,2946,4995,10000,0
A5 54 C8 47 05 C9 0D 31 04 82 0B 83 13 10 27 00 00 00 3D  TEL,18376,S5,3529,1073,2946,4995,10000,0
A5 54 C9 47 05 07 0E 33 04 82 0B 83 13 10 27 00 00 00 21  TEL,18377,S5,3591,1075,2946,4995,10000,0
A5 54 CA 47 05 C9 0D 30 04 82 0B 83 13 10 27 00 00 00 26  TEL,18378,S5,3529,1072,2946,4995,10000,0
A5 54 CB 47 05 E8 0D 32 04 82 0B 83 13 10 27 00 00 00 70  TEL,18379,S5,3560,1074,2946,4995,10000,0
A5 54 CC 47 05 E8 0D 32 04 82 0B 83 13 10 27 00 00 00 7E  TEL,18380,S5,3560,1074,2946,4995,10000,0
A5 54 CD 47 05 07 0E 33 04 82 0B 83 13 10 27 00 00 00 29  TEL,18381,S5,3591,1075,2946,4995,10000,0
A5 54 CE 47 05 E8 0D 32 04 82 0B 83 13 10 27 00 00 00 7A  TEL,18382,S5,3560,1074,2946,4995,10000,0
A5 54 CF 47 05 E8 0D 32 04 82 0B 83 13 10 27 00 00 00 78  TEL,18383,S5,3560,1074,2946,4995,10000,0
A5 54 D0 47 05 C9 0D 30 04 82 0B 83 13 10 27 00 00 00 12  TEL,18384,S5,3529,1072,2946,4995,10000,0
A5 54 D1 47 05 E8 0D 32 04 82 0B 83 13 10 27 00 00 00 44  TEL,18385,S5,3560,1074,2946,4995,10000,0
A5 54 D2 47 05 E8 0D 32 04 82 0B 83 13 10 27 00 00 00 42  TEL,18386,S5,3560,1074,2946,4995,10000,0
A5 54 D3 47 05 07 0E 33 04 82 0B 83 13 10 27 00 00 00 15  TEL,18387,S5,3591,1075,2946,4995,10000,0
A5 54 D4 47 05 C9 0D 31 04 82 0B 83 13 10 27 00 00 00 05  TEL,18388,S5,3529,1073,2946,4995,10000,0
A5 54 D5 47 05 E8 0D 32 04 82 0B 83 13 10 27 00 00 00 4C  TEL,18389,S5,3560,1074,2946,4995,10000,0
A5 54 D6 47 05 E8 0D 32 04 82 0B 83 13 10 27 00 00 00 4A  TEL,18390,S5,3560,1074,2946,4995,10000,0
A5 54 D7 47 05 E8 0D 32 04 82 0B 83 13 10 27 00 00 00 48  TEL,18391,S5,3560,1074,2946,4995,10000,0
A5 54 D8 47 05 07 0E 33 04 82 0B 83 13 10 27 00 00 00 03  TEL,18392,S5,3591,1075,2946,4995,10000,0
A5 54 D9 47 05 E8 0D 32 04 82 0B 83 13 10 27 00 00 00 54  TEL,18393,S5,3560,1074,2946,4995,10000,0
A5 54 DA 47 05 E8 0D 32 04 82 0B 83 13 10 27 00 00 00 52  TEL,18394,S5,3560,1074,2946,4995,10000,0
A5 54 DB 47 05 C9 0D 31 04 82 0B 83 13 10 27 00 00 00 1B  TEL,18395,S5,3529,1073,2946,4995,10000,0
A5 54 DC 47 05 E8 0D 32 04 82 0B 83 13 10 27 00 00 00 5E  TEL,18396,S5,3560,1074,2946,4995,10000,0
A5 54 DD 47 05 C9 0D 30 04 82 0B 83 13 10 27 00 00 00 08  TEL,18397,S5,3529,1072,2946,4995,10000,0
A5 54 DE 47 05 C9 0D 31 04 82 0B 83 13 10 27 00 00 00 11  TEL,18398,S5,3529,1073,2946,4995,10000,0
A5 54 DF 47 05 07 0E 33 04 82 0B 83 13 10 27 00 00 00 0D  TEL,18399,S5,3591,1075,2946,4995,10000,0
A5 54 E0 47 05 C9 0D 31 04 82 0B 83 13 10 27 00 00 00 6D  TEL,18400,S5,3529,1073,2946,4995,10000,0
A5 54 E1 47 05 C9 0D 31 04 82 0B 83 13 10 27 00 00 00 6F  TEL,18401,S5,3529,1073,2946,4995,10000,0
A5 54 E2 47 05 E8 0D 32 04 82 0B 83 13 10 27 00 00 00 22  TEL,18402,S5,3560,1074,2946,4995,10000,0
A5 54 E3 47 05 64 0E 36 04 82 0B 83 13 10 27 00 00 00 A8  TEL,18403,S5,3684,1078,2946,4995,10000,0
A5 54 E4 47 05 E8 0D 32 04 82 0B 83 13 10 27 00 00 00 2E  TEL,18404,S5,3560,1074,2946,4995,10000,0
A5 54 E5 47 05 E8 0D 32 04 82 0B 83 13 10 27 00 00 00 2C  TEL,18405,S5,3560,1074,2946,4995,10000,0
A5 54 E6 47 05 C9 0D 30 04 82 0B 83 13 10 27 00 00 00 7E  TEL,18406,S5,3529,1072,2946,4995,10000,0
A5 54 E7 47 05 C9 0D 31 04 82 0B 83 13 10 27 00 00 00 63  TEL,18407,S5,3529,1073,2946,4995,10000,0
A5 54 E8 47 05 E8 0D 32 04 82 0B 83 13 10 27 00 00 00 36  TEL,18408,S5,3560,1074,2946,4995,10000,0
A5 54 E9 47 05 C9 0D 31 04 82 0B 83 13 10 27 00 00 00 7F  TEL,18409,S5,3529,1073,2946,4995,10000,0
A5 54 EA 47 05 E8 0D 32 04 82 0B 83 13 10 27 00 00 00 32  TEL,18410,S5,3560,1074,2946,4995,10000,0
A5 54 EB 47 05 E8 0D 32 04 82 0B 83 13 10 27 00 00 00 30  TEL,18411,S5,3560,1074,2946,4995,10000,0
A5 54 EC 47 05 E8 0D 32 04 82 0B 83 13 10 27 00 00 00 3E  TEL,18412,S5,3560,1074,2946,4995,10000,0
A5 54 ED 47 05 07 0E 33 04 82 0B 83 13 10 27 00 00 00 69  TEL,18413,S5,3591,1075,2946,4995,10000,0
A5 54 EE 47 05 E8 0D 32 04 82 0B 83 13 10 27 00 00 00 3A  TEL,18414,S5,3560,1074,2946,4995,10000,0
A5 54 EF 47 05 C9 0D 31 04 82 0B 83 13 10 27 00 00 00 73  TEL,18415,S5,3529,1073,2946,4995,10000,0
A5 54 F0 47 05 E8 0D 32 04 82 0B 83 13 10 27 00 00 00 06  TEL,18416,S5,3560,1074,2946,4995,10000,0
A5 54 F1 47 05 E8 0D 32 04 82 0B 83 13 10 27 00 00 00 04  TEL,18417,S5,3560,1074,2946,4995,10000,0
A5 54 F2 47 05 07 0E 33 04 82 0B 83 13 10 27 00 00 00 57  TEL,18418,S5,3591,1075,2946,4995,10000,0
A5 54 F3 47 05 C9 0D 30 04 82 0B 83 13 10 27 00 00 00 54  TEL,18419,S5,3529,1072,2946,4995,10000,0
A5 54 F4 47 05 E8 0D 32 04 82 0B 83 13 10 27 00 00 00 0E  TEL,18420,S5,3560,1074,2946,4995,10000,0
A5 54 F5 47 05 07 0E 33 04 82 0B 83 13 10 27 00 00 00 59  TEL,18421,S5,3591,1075,2946,4995,10000,0
A5 54 F6 47 05 26 0E 34 04 82 0B 83 13 10 27 00 00 00 68  TEL,18422,S5,3622,1076,2946,4995,10000,0
A5 54 F7 47 05 C9 0D 31 04 82 0B 83 13 10 27 00 00 00 43  TEL,18423,S5,3529,1073,2946,4995,10000,0
A5 54 F8 47 05 E8 0D 32 04 82 0B 83 13 10 27 00 00 00 16  TEL,18424,S5,3560,1074,2946,4995,10000,0
A5 54 F9 47 05 E8 0D 32 04 82 0B 83 13 10 27 00 00 00 14  TEL,18425,S5,3560,1074,2946,4995,10000,0
A5 54 FA 47 05 E8 0D 32 04 82 0B 83 13 10 27 00 00 00 12  TEL,18426,S5,3560,1074,2946,4995,10000,0
A5 54 FB 47 05 07 0E 33 04 82 0B 83 13 10 27 00 00 00 45  TEL,18427,S5,3591,1075,2946,4995,10000,0
A5 54 FC 47 05 E8 0D 32 04 82 0B 83 13 10 27 00 00 00 1E  TEL,18428,S5,3560,1074,2946,4995,10000,0
A5 54 FD 47 05 E8 0D 32 04 82 0B 83 13 10 27 00 00 00 1C  TEL,18429,S5,3560,1074,2946,4995,10000,0
A5 54 FE 47 05 E8 0D 32 04 82 0B 83 13 10 27 00 00 00 1A  TEL,18430,S5,3560,1074,2946,4995,10000,0
A5 54 FF 47 05 E8 0D 32 04 82 0B 83 13 10 27 00 00 00 18  TEL,18431,S5,3560,1074,2946,4995,10000,0
A5 54 00 48 05 07 0E 33 04 82 0B 83 13 10 27 00 00 00 05  TEL,18432,S5,3591,1075,2946,4995,10000,0
A5 54 01 48 05 07 0E 33 04 82 0B 83 13 10 27 00 00 00 07  TEL,18433,S5,3591,1075,2946,4995,10000,0
A5 54 02 48 05 E8 0D 32 04 82 0B 83 13 10 27 00 00 00 54  TEL,18434,S5,3560,1074,2946,4995,10000,0
A5 54 03 48 05 E8 0D 32 04 82 0B 83 13 10 27 00 00 00 56  TEL,18435,S5,3560,1074,2946,4995,10000,0
A5 54 04 48 05 07 0E 33 04 82 0B 83 13 10 27 00 00 00 0D  TEL,18436,S5,3591,1075,2946,4995,10000,0
A5 54 05 48 05 E8 0D 32 04 82 0B 83 13 10 27 00 00 00 5A  TEL,18437,S5,3560,1074,2946,4995,10000,0
A5 54 06 48 05 45 0E 35 04 82 0B 83 13 10 27 00 00 00 9F  TEL,18438,S5,3653,1077,2946,4995,10000,0
A5 54 07 48 05 C9 0D 31 04 82 0B 83 13 10 27 00 00 00 15  TEL,18439,S5,3529,1073,2946,4995,10000,0
A5 54 08 48 05 C9 0D 30 04 82 0B 83 13 10 27 00 00 00 14  TEL,18440,S5,3529,1072,2946,4995,10000,0
A5 54 09 48 05 C9 0D 31 04 82 0B 83 13 10 27 00 00 00 09  TEL,18441,S5,3529,1073,2946,4995,10000,0
A5 54 0A 48 05 07 0E 33 04 82 0B 83 13 10 27 00 00 00 11  TEL,18442,S5,3591,1075,2946,4995,10000,0
A5 54 0B 48 05 E8 0D 32 04 82 0B 83 13 10 27 00 00 00 46  TEL,18443,S5,3560,1074,2946,4995,10000,0
A5 54 0C 48 05 07 0E 33 04 82 0B 83 13 10 27 00 00 00 1D  TEL,18444,S5,3591,1075,2946,4995,10000,0
A5 54 0D 48 05 07 0E 33 04 82 0B 83 13 10 27 00 00 00 1F  TEL,18445,S5,3591,1075,2946,4995,10000,0
A5 54 0E 48 05 64 0E 36 04 82 0B 83 13 10 27 00 00 00 C4  TEL,18446,S5,3684,1078,2946,4995,10000,0
A5 54 0F 48 05 07 0E 33 04 82 0B 83 13 10 27 00 00 00 1B  TEL,18447,S5,3591,1075,2946,4995,10000,0
A5 54 10 48 05 C9 0D 31 04 82 0B 83 13 10 27 00 00 00 3B  TEL,18448,S5,3529,1073,2946,4995,10000,0
A5 54 11 48 05 E8 0D 32 04 82 0B 83 13 10 27 00 00 00 72  TEL,18449,S5,3560,1074,2946,4995,10000,0
A5 54 12 48 05 E8 0D 32 04 82 0B 83 13 10 27 00 00 00 74  TEL,18450,S5,3560,1074,2946,4995,10000,0
A5 54 13 48 05 E8 0D 32 04 82 0B 83 13 10 27 00 00 00 76  TEL,18451,S5,3560,1074,2946,4995,10000,0
A5 54 14 48 05 E8 0D 32 04 82 0B 83 13 10 27 00 00 00 78  TEL,18452,S5,3560,1074,2946,4995,10000,0
A5 54 15 48 05 07 0E 33 04 82 0B 83 13 10 27 00 00 00 2F  TEL,18453,S5,3591,1075,2946,4995,10000,0
A5 54 16 48 05 E8 0D 32 04 82 0B 83 13 10 27 00 00 00 7C  TEL,18454,S5,3560,1074,2946,4995,10000,0
A5 54 17 48 05 E8 0D 32 04 82 0B 83 13 10 27 00 00 00 7E  TEL,18455,S5,3560,1074,2946,4995,10000,0
A5 54 18 48 05 E8 0D 32 04 82 0B 83 13 10 27 00 00 00 60  TEL,18456,S5,3560,1074,2946,4995,10000,0
A5 54 19 48 05 07 0E 33 04 82 0B 83 13 10 27 00 00 00 37  TEL,18457,S5,3591,1075,2946,4995,10000,0
A5 54 1A 48 05 E8 0D 32 04 82 0B 83 13 10 27 00 00 00 64  TEL,18458,S5,3560,1074,2946,4995,10000,0
A5 54 1B 48 05 07 0E 33 04 82 0B 83 13 10 27 00 00 00 33  TEL,18459,S5,3591,1075,2946,4995,10000,0
A5 54 1C 48 05 E8 0D 32 04 82 0B 83 13 10 27 00 00 00 68  TEL,18460,S5,3560,1074,2946,4995,10000,0
A5 54 1D 48 05 07 0E 33 04 82 0B 83 13 10 27 00 00 00 3F  TEL,18461,S5,3591,1075,2946,4995,10000,0
A5 54 1E 48 05 E8 0D 32 04 82 0B 83 13 10 27 00 00 00 6C  TEL,18462,S5,3560,1074,2946,4995,10000,0
A5 54 1F 48 05 E8 0D 32 04 82 0B 83 13 10 27 00 00 00 6E  TEL,18463,S5,3560,1074,2946,4995,10000,0
A5 54 20 48 05 E8 0D 32 04 82 0B 83 13 10 27 00 00 00 10  TEL,18464,S5,3560,1074,2946,4995,10000,0
A5 54 21 48 05 E8 0D 32 04 82 0B 83 13 10 27 00 00 00 12  TEL,18465,S5,3560,1074,2946,4995,10000,0
A5 54 22 48 05 C9 0D 30 04 82 0B 83 13 10 27 00 00 00 40  TEL,18466,S5,3529,1072,2946,4995,10000,0
A5 54 23 48 05 E8 0D 32 04 82 0B 83 13 10 27 00 00 00 16  TEL,18467,S5,3560,1074,2946,4995,10000,0
A5 54 24 48 05 C9 0D 30 04 82 0B 83 13 10 27 00 00 00 4C  TEL,18468,S5,3529,1072,2946,4995,10000,0
A5 54 25 48 05 E8 0D 32 04 82 0B 83 13 10 27 00 00 00 1A  TEL,18469,S5,3560,1074,2946,4995,10000,0
A5 54 26 48 05 26 0E 34 04 82 0B 83 13 10 27 00 00 00 7E  TEL,18470,S5,3622,1076,2946,4995,10000,0
A5 54 27 48 05 E8 0D 32 04 82 0B 83 13 10 27 00 00 00 1E  TEL,18471,S5,3560,1074,2946,4995,10000,0
A5 54 28 48 05 E8 0D 32 04 82 0B 83 13 10 27 00 00 00 00  TEL,18472,S5,3560,1074,2946,4995,10000,0
A5 54 29 48 05 2D 0D 2B 04 82 0B 83 13 10 27 00 00 00 D2  TEL,18473,S5,3373,1067,2946,4995,10000,0
A5 54 2A 48 05 E8 0D 32 04 82 0B 83 13 10 27 00 00 00 04  TEL,18474,S5,3560,1074,2946,4995,10000,0
A5 54 2B 48 05 83 0E 37 04 82 0B 83 13 10 27 00 00 00 80  TEL,18475,S5,3715,1079,2946,4995,10000,0
A5 54 2C 48 05 E8 0D 32 04 82 0B 83 13 10 27 00 00 00 08  TEL,18476,S5,3560,1074,2946,4995,10000,0
A5 54 2D 48 05 E8 0D 32 04 82 0B 83 13 10 27 00 00 00 0A  TEL,18477,S5,3560,1074,2946,4995,10000,0
A5 54 2E 48 05 07 0E 33 04 82 0B 83 13 10 27 00 00 00 59  TEL,18478,S5,3591,1075,2946,4995,10000,0
A5 54 2F 48 05 C9 0D 31 04 82 0B 83 13 10 27 00 00 00 45  TEL,18479,S5,3529,1073,2946,4995,10000,0
A5 54 30 48 05 07 0E 33 04 82 0B 83 13 10 27 00 00 00 65  TEL,18480,S5,3591,1075,2946,4995,10000,0
A5 54 31 48 05 E8 0D 32 04 82 0B 83 13 10 27 00 00 00 32  TEL,18481,S5,3560,1074,2946,4995,10000,0
A5 54 32 48 05 E8 0D 32 04 82 0B 83 13 10 27 00 00 00 34  TEL,18482,S5,3560,1074,2946,4995,10000,0
A5 54 33 48 05 E8 0D 32 04 82 0B 83 13 10 27 00 00 00 36  TEL,18483,S5,3560,1074,2946,4995,10000,0
A5 54 34 48 05 07 0E 33 04 82 0B 83 13 10 27 00 00 00 6D  TEL,18484,S5,3591,1075,2946,4995,10000,0
A5 54 35 48 05 C9 0D 30 04 82 0B 83 13 10 27 00 00 00 6E  TEL,18485,S5,3529,1072,2946,4995,10000,0
A5 54 36 48 05 45 0E 35 04 82 0B 83 13 10 27 00 00 00 FF  TEL,18486,S5,3653,1077,2946,4995,10000,0
A5 54 37 48 05 E8 0D 32 04 82 0B 83 13 10 27 00 00 00 3E  TEL,18487,S5,3560,1074,2946,4995,10000,0
A5 54 38 48 05 07 0E 33 04 82 0B 83 13 10 27 00 00 00 75  TEL,18488,S5,3591,1075,2946,4995,10000,0
A5 54 39 48 05 C9 0D 30 04 82 0B 83 13 10 27 00 00 00 76  TEL,18489,S5,3529,1072,2946,4995,10000,0
A5 54 3A 48 05 E8 0D 32 04 82 0B 83 13 10 27 00 00 00 24  TEL,18490,S5,3560,1074,2946,4995,10000,0
A5 54 3B 48 05 07 0E 33 04 82 0B 83 13 10 27 00 00 00 73  TEL,18491,S5,3591,1075,2946,4995,10000,0
A5 54 3C 48 05 E8 0D 32 04 82 0B 83 13 10 27 00 00 00 28  TEL,18492,S5,3560,1074,2946,4995,10000,0
A5 54 3D 48 05 83 0E 37 04 82 0B 83 13 10 27 00 00 00 AC  TEL,18493,S5,3715,1079,2946,4995,10000,0
A5 54 3E 48 05 07 0E 33 04 82 0B 83 13 10 27 00 00 00 79  TEL,18494,S5,3591,1075,2946,4995,10000,0
A5 54 3F 48 05 07 0E 33 04 82 0B 83 13 10 27 00 00 00 7B  TEL,18495,S5,3591,1075,2946,4995,10000,0
A5 54 40 48 05 E8 0D 32 04 82 0B 83 13 10 27 00 00 00 D0  TEL,18496,S5,3560,1074,2946,4995,10000,0
A5 54 41 48 05 07 0E 33 04 82 0B 83 13 10 27 00 00 00 87  TEL,18497,S5,3591,1075,2946,4995,10000,0
A5 54 42 48 05 E8 0D 32 04 82 0B 83 13 10 27 00 00 00 D4  TEL,18498,S5,3560,1074,2946,4995,10000,0
A5 54 43 48 05 E8 0D 32 04 82 0B 83 13 10 27 00 00 00 D6  TEL,18499,S5,3560,1074,2946,4995,10000,0
A5 54 44 48 05 07 0E 33 04 82 0B 83 13 10 27 00 00 00 8D  TEL,18500,S5,3591,1075,2946,4995,10000,0
A5 54 45 48 05 C9 0D 30 04 82 0B 83 13 10 27 00 00 00 8E  TEL,18501,S5,3529,1072,2946,4995,10000,0
A5 54 46 48 05 07 0E 33 04 82 0B 83 13 10 27 00 00 00 89  TEL,18502,S5,3591,1075,2946,4995,10000,0
A5 54 47 48 05 E8 0D 32 04 82 0B 83 13 10 27 00 00 00 DE  TEL,18503,S5,3560,1074,2946,4995,10000,0
A5 54 48 48 05 E8 0D 32 04 82 0B 83 13 10 27 00 00 00 C0  TEL,18504,S5,3560,1074,2946,4995,10000,0
A5 54 49 48 05 07 0E 33 04 82 0B 83 13 10 27 00 00 00 97  TEL,18505,S5,3591,1075,2946,4995,10000,0
A5 54 4A 48 05 E8 0D 32 04 82 0B 83 13 10 27 00 00 00 C4  TEL,18506,S5,3560,1074,2946,4995,10000,0
A5 54 4B 48 05 0E 0D 2A 04 82 0B 83 13 10 27 00 00 00 4C  TEL,18507,S5,3342,1066,2946,4995,10000,0
A5 54 4C 48 05 E8 0D 32 04 82 0B 83 13 10 27 00 00 00 C8  TEL,18508,S5,3560,1074,2946,4995,10000,0
A5 54 4D 48 05 C9 0D 31 04 82 0B 83 13 10 27 00 00 00 81  TEL,18509,S5,3529,1073,2946,4995,10000,0
A5 54 4E 48 05 E8 0D 32 04 82 0B 83 13 10 27 00 00 00 CC  TEL,18510,S5,3560,1074,2946,4995,10000,0
A5 54 4F 48 05 E8 0D 32 04 82 0B 83 13 10 27 00 00 00 CE  TEL,18511,S5,3560,1074,2946,4995,10000,0
A5 54 50 48 05 07 0E 33 04 82 0B 83 13 10 27 00 00 00 A5  TEL,18512,S5,3591,1075,2946,4995,10000,0
A5 54 51 48 05 07 0E 33 04 82 0B 83 13 10 27 00 00 00 A7  TEL,18513,S5,3591,1075,2946,4995,10000,0
A5 54 52 48 05 C9 0D 30 04 82 0B 83 13 10 27 00 00 00 A0  TEL,18514,S5,3529,1072,2946,4995,10000,0
A5 54 53 48 05 E8 0D 32 04 82 0B 83 13 10 27 00 00 00 F6  TEL,18515,S5,3560,1074,2946,4995,10000,0
A5 54 54 48 05 E8 0D 32 04 82 0B 83 13 10 27 00 00 00 F8  TEL,18516,S5,3560,1074,2946,4995,10000,0
A5 54 55 48 05 64 0E 36 04 82 0B 83 13 10 27 00 00 00 72  TEL,18517,S5,3684,1078,2946,4995,10000,0
A5 54 56 48 05 26 0E 34 04 82 0B 83 13 10 27 00 00 00 9E  TEL,18518,S5,3622,1076,2946,4995,10000,0
A5 54 57 48 05 07 0E 33 04 82 0B 83 13 10 27 00 00 00 AB  TEL,18519,S5,3591,1075,2946,4995,10000,0
A5 54 58 48 05 E8 0D 32 04 82 0B 83 13 10 27 00 00 00 E0  TEL,18520,S5,3560,1074,2946,4995,10000,0
A5 54 59 48 05 26 0E 34 04 82 0B 83 13 10 27 00 00 00 80  TEL,18521,S5,3622,1076,2946,4995,10000,0
A5 54 5A 48 05 07 0E 33 04 82 0B 83 13 10 27 00 00 00 B1  TEL,18522,S5,3591,1075,2946,4995,10000,0
A5 54 5B 48 05 E8 0D 32 04 82 0B 83 13 10 27 00 00 00 E6  TEL,18523,S5,3560,1074,2946,4995,10000,0
A5 54 5C 48 05 E8 0D 32 04 82 0B 83 13 10 27 00 00 00 E8  TEL,18524,S5,3560,1074,2946,4995,10000,0
A5 54 5D 48 05 E8 0D 32 04 82 0B 83 13 10 27 00 00 00 EA  TEL,18525,S5,3560,1074,2946,4995,10000,0
A5 54 5E 48 05 E8 0D 32 04 82 0B 83 13 10 27 00 00 00 EC  TEL,18526,S5,3560,1074,2946,4995,10000,0
A5 54 5F 48 05 E8 0D 32 04 82 0B 83 13 10 27 00 00 00 EE  TEL,18527,S5,3560,1074,2946,4995,10000,0
A5 54 60 48 05 E8 0D 32 04 82 0B 83 13 10 27 00 00 00 90  TEL,18528,S5,3560,1074,2946,4995,10000,0
A5 54 61 48 05 E8 0D 32 04 82 0B 83 13 10 27 00 00 00 92  TEL,18529,S5,3560,1074,2946,4995,10000,0
A5 54 62 48 05 C9 0D 31 04 82 0B 83 13 10 27 00 00 00 DF  TEL,18530,S5,3529,1073,2946,4995,10000,0
A5 54 63 48 05 E8 0D 32 04 82 0B 83 13 10 27 00 00 00 96  TEL,18531,S5,3560,1074,2946,4995,10000,0
A5 54 64 48 05 07 0E 33 04 82 0B 83 13 10 27 00 00 00 CD  TEL,18532,S5,3591,1075,2946,4995,10000,0
A5 54 65 48 05 07 0E 33 04 82 0B 83 13 10 27 00 00 00 CF  TEL,18533,S5,3591,1075,2946,4995,10000,0
A5 54 66 48 05 07 0E 33 04 82 0B 83 13 10 27 00 00 00 C9  TEL,18534,S5,3591,1075,2946,4995,10000,0
A5 54 67 48 05 E8 0D 32 04 82 0B 83 13 10 27 00 00 00 9E  TEL,18535,S5,3560,1074,2946,4995,10000,0
A5 54 68 48 05 E8 0D 32 04 82 0B 83 13 10 27 00 00 00 80  TEL,18536,S5,3560,1074,2946,4995,10000,0
A5 54 69 48 05 E8 0D 32 04 82 0B 83 13 10 27 00 00 00 82  TEL,18537,S5,3560,1074,2946,4995,10000,0
A5 54 6A 48 05 E8 0D 32 04 82 0B 83 13 10 27 00 00 00 84  TEL,18538,S5,3560,1074,2946,4995,10000,0
A5 54 6B 48 05 83 0E 37 04 82 0B 83 13 10 27 00 00 00 00  TEL,18539,S5,3715,1079,2946,4995,10000,0
A5 54 6C 48 05 C9 0D 31 04 82 0B 83 13 10 27 00 00 00 C3  TEL,18540,S5,3529,1073,2946,4995,10000,0
A5 54 6D 48 05 E8 0D 32 04 82 0B 83 13 10 27 00 00 00 8A  TEL,18541,S5,3560,1074,2946,4995,10000,0
A5 54 6E 48 05 E8 0D 32 04 82 0B 83 13 10 27 00 00 00 8C  TEL,18542,S5,3560,1074,2946,4995,10000,0
A5 54 6F 48 05 C9 0D 31 04 82 0B 83 13 10 27 00 00 00 C5  TEL,18543,S5,3529,1073,2946,4995,10000,0
A5 54 70 48 05 07 0E 33 04 82 0B 83 13 10 27 00 00 00 E5  TEL,18544,S5,3591,1075,2946,4995,10000,0
A5 54 71 48 05 E8 0D 32 04 82 0B 83 13 10 27 00 00 00 B2  TEL,18545,S5,3560,1074,2946,4995,10000,0
A5 54 72 48 05 07 0E 33 04 82 0B 83 13 10 27 00 00 00 E1  TEL,18546,S5,3591,1075,2946,4995,10000,0
A5 54 73 48 05 64 0E 36 04 82 0B 83 13 10 27 00 00 00 3E  TEL,18547,S5,3684,1078,2946,4995,10000,0
A5 54 74 48 05 E8 0D 32 04 82 0B 83 13 10 27 00 00 00 B8  TEL,18548,S5,3560,1074,2946,4995,10000,0
A5 54 75 48 05 8A 0D 2E 04 82 0B 83 13 10 27 00 00 00 E3  TEL,18549,S5,3466,1070,2946,4995,10000,0
A5 54 76 48 05 07 0E 33 04 82 0B 83 13 10 27 00 00 00 E9  TEL,18550,S5,3591,1075,2946,4995,10000,0
A5 54 77 48 05 07 0E 33 04 82 0B 83 13 10 27 00 00 00 EB  TEL,18551,S5,3591,1075,2946,4995,10000,0
A5 54 78 48 05 E8 0D 32 04 82 0B 83 13 10 27 00 00 00 A0  TEL,18552,S5,3560,1074,2946,4995,10000,0
A5 54 79 48 05 E8 0D 32 04 82 0B 83 13 10 27 00 00 00 A2  TEL,18553,S5,3560,1074,2946,4995,10000,0
A5 54 7A 48 05 E8 0D 32 04 82 0B 83 13 10 27 00 00 00 A4  TEL,18554,S5,3560,1074,2946,4995,10000,0
A5 54 7B 48 05 C9 0D 30 04 82 0B 83 13 10 27 00 00 00 F2  TEL,18555,S5,3529,1072,2946,4995,10000,0
A5 54 7C 48 05 64 0E 36 04 82 0B 83 13 10 27 00 00 00 20  TEL,18556,S5,3684,1078,2946,4995,10000,0
A5 54 7D 48 05 07 0E 33 04 82 0B 83 13 10 27 00 00 00 FF  TEL,18557,S5,3591,1075,2946,4995,10000,0
A5 54 7E 48 05 C9 0D 31 04 82 0B 83 13 10 27 00 00 00 E7  TEL,18558,S5,3529,1073,2946,4995,10000,0
A5 54 7F 48 05 E8 0D 32 04 82 0B 83 13 10 27 00 00 00 AE  TEL,18559,S5,3560,1074,2946,4995,10000,0
A5 54 80 48 05 C9 0D 30 04 82 0B 83 13 10 27 00 00 00 03  TEL,18560,S5,3529,1072,2946,4995,10000,0
A5 54 81 48 05 E8 0D 32 04 82 0B 83 13 10 27 00 00 00 55  TEL,18561,S5,3560,1074,2946,4995,10000,0
A5 54 82 48 05 07 0E 33 04 82 0B 83 13 10 27 00 00 00 06  TEL,18562,S5,3591,1075,2946,4995,10000,0
A5 54 83 48 05 07 0E 33 04 82 0B 83 13 10 27 00 00 00 04  TEL,18563,S5,3591,1075,2946,4995,10000,0
A5 54 84 48 05 C9 0D 31 04 82 0B 83 13 10 27 00 00 00 14  TEL,18564,S5,3529,1073,2946,4995,10000,0
A5 54 85 48 05 E8 0D 32 04 82 0B 83 13 10 27 00 00 00 5D  TEL,18565,S5,3560,1074,2946,4995,10000,0
A5 54 86 48 05 26 0E 34 04 82 0B 83 13 10 27 00 00 00 39  TEL,18566,S5,3622,1076,2946,4995,10000,0
A5 54 87 48 05 07 0E 33 04 82 0B 83 13 10 27 00 00 00 0C  TEL,18567,S5,3591,1075,2946,4995,10000,0
A5 54 88 48 05 E8 0D 32 04 82 0B 83 13 10 27 00 00 00 47  TEL,18568,S5,3560,1074,2946,4995,10000,0
A5 54 89 48 05 07 0E 33 04 82 0B 83 13 10 27 00 00 00 10  TEL,18569,S5,3591,1075,2946,4995,10000,0
A5 54 8A 48 05 07 0E 33 04 82 0B 83 13 10 27 00 00 00 16  TEL,18570,S5,3591,1075,2946,4995,10000,0
A5 54 8B 48 05 C9 0D 31 04 82 0B 83 13 10 27 00 00 00 0A  TEL,18571,S5,3529,1073,2946,4995,10000,0
A5 54 8C 48 05 07 0E 33 04 82 0B 83 13 10 27 00 00 00 1A  TEL,18572,S5,3591,1075,2946,4995,10000,0
A5 54 8D 48 05 E8 0D 32 04 82 0B 83 13 10 27 00 00 00 4D  TEL,18573,S5,3560,1074,2946,4995,10000,0
A5 54 8E 48 05 E8 0D 32 04 82 0B 83 13 10 27 00 00 00 4B  TEL,18574,S5,3560,1074,2946,4995,10000,0
A5 54 8F 48 05 E8 0D 32 04 82 0B 83 13 10 27 00 00 00 49  TEL,18575,S5,3560,1074,2946,4995,10000,0
A5 54 90 48 05 C9 0D 31 04 82 0B 83 13 10 27 00 00 00 3C  TEL,18576,S5,3529,1073,2946,4995,10000,0
A5 54 91 48 05 07 0E 33 04 82 0B 83 13 10 27 00 00 00 20  TEL,18577,S5,3591,1075,2946,4995,10000,0
A5 54 92 48 05 64 0E 36 04 82 0B 83 13 10 27 00 00 00 FB  TEL,18578,S5,3684,1078,2946,4995,10000,0
A5 54 93 48 05 07 0E 33 04 82 0B 83 13 10 27 00 00 00 24  TEL,18579,S5,3591,1075,2946,4995,10000,0
A5 54 94 48 05 07 0E 33 04 82 0B 83 13 10 27 00 00 00 2A  TEL,18580,S5,3591,1075,2946,4995,10000,0
A5 54 95 48 05 E8 0D 32 04 82 0B 83 13 10 27 00 00 00 7D  TEL,18581,S5,3560,1074,2946,4995,10000,0
A5 54 96 48 05 45 0E 35 04 82 0B 83 13 10 27 00 00 00 B8  TEL,18582,S5,3653,1077,2946,4995,10000,0
A5 54 97 48 05 E8 0D 32 04 82 0B 83 13 10 27 00 00 00 79  TEL,18583,S5,3560,1074,2946,4995,10000,0
A5 54 98 48 05 07 0E 33 04 82 0B 83 13 10 27 00 00 00 32  TEL,18584,S5,3591,1075,2946,4995,10000,0
A5 54 99 48 05 07 0E 33 04 82 0B 83 13 10 27 00 00 00 30  TEL,18585,S5,3591,1075,2946,4995,10000,0
A5 54 9A 48 05 07 0E 33 04 82 0B 83 13 10 27 00 00 00 36  TEL,18586,S5,3591,1075,2946,4995,10000,0
A5 54 9B 48 05 07 0E 33 04 82 0B 83 13 10 27 00 00 00 34  TEL,18587,S5,3591,1075,2946,4995,10000,0
A5 54 9C 48 05 E8 0D 32 04 82 0B 83 13 10 27 00 00 00 6F  TEL,18588,S5,3560,1074,2946,4995,10000,0
A5 54 9D 48 05 E8 0D 32 04 82 0B 83 13 10 27 00 00 00 6D  TEL,18589,S5,3560,1074,2946,4995,10000,0
A5 54 9E 48 05 E8 0D 32 04 82 0B 83 13 10 27 00 00 00 6B  TEL,18590,S5,3560,1074,2946,4995,10000,0
A5 54 9F 48 05 E8 0D 32 04 82 0B 83 13 10 27 00 00 00 69  TEL,18591,S5,3560,1074,2946,4995,10000,0
A5 54 A0 48 05 E8 0D 32 04 82 0B 83 13 10 27 00 00 00 17  TEL,18592,S5,3560,1074,2946,4995,10000,0
A5 54 A1 48 05 E8 0D 32 04 82 0B 83 13 10 27 00 00 00 15  TEL,18593,S5,3560,1074,2946,4995,10000,0
A5 54 A2 48 05 83 0E 37 04 82 0B 83 13 10 27 00 00 00 95  TEL,18594,S5,3715,1079,2946,4995,10000,0
A5 54 A3 48 05 E8 0D 32 04 82 0B 83 13 10 27 00 00 00 11  TEL,18595,S5,3560,1074,2946,4995,10000,0
A5 54 A4 48 05 E8 0D 32 04 82 0B 83 13 10 27 00 00 00 1F  TEL,18596,S5,3560,1074,2946,4995,10000,0
A5 54 A5 48 05 E8 0D 32 04 82 0B 83 13 10 27 00 00 00 1D  TEL,18597,S5,3560,1074,2946,4995,10000,0
A5 54 A6 48 05 07 0E 33 04 82 0B 83 13 10 27 00 00 00 4E  TEL,18598,S5,3591,1075,2946,4995,10000,0
A5 54 A7 48 05 C9 0D 31 04 82 0B 83 13 10 27 00 00 00 52  TEL,18599,S5,3529,1073,2946,4995,10000,0
A5 54 A8 48 05 07 0E 33 04 82 0B 83 13 10 27 00 00 00 52  TEL,18600,S5,3591,1075,2946,4995,10000,0
A5 54 A9 48 05 E8 0D 32 04 82 0B 83 13 10 27 00 00 00 05  TEL,18601,S5,3560,1074,2946,4995,10000,0
A5 54 AA 48 05 E8 0D 32 04 82 0B 83 13 10 27 00 00 00 03  TEL,18602,S5,3560,1074,2946,4995,10000,0
A5 54 AB 48 05 07 0E 33 04 82 0B 83 13 10 27 00 00 00 54  TEL,18603,S5,3591,1075,2946,4995,10000,0
A5 54 AC 48 05 07 0E 33 04 82 0B 83 13 10 27 00 00 00 5A  TEL,18604,S5,3591,1075,2946,4995,10000,0
A5 54 AD 48 05 E8 0D 32 04 82 0B 83 13 10 27 00 00 00 0D  TEL,18605,S5,3560,1074,2946,4995,10000,0
A5 54 AE 48 05 07 0E 33 04 82 0B 83 13 10 27 00 00 00 5E  TEL,18606,S5,3591,1075,2946,4995,10000,0
A5 54 AF 48 05 07 0E 33 04 82 0B 83 13 10 27 00 00 00 5C  TEL,18607,S5,3591,1075,2946,4995,10000,0
A5 54 B0 48 05 6B 0D 2D 04 82 0B 83 13 10 27 00 00 00 2F  TEL,18608,S5,3435,1069,2946,4995,10000,0
A5 54 B1 48 05 AA 0D 2F 04 82 0B 83 13 10 27 00 00 00 8D  TEL,18609,S5,3498,1071,2946,4995,10000,0
A5 54 B2 48 05 E8 0D 32 04 82 0B 83 13 10 27 00 00 00 33  TEL,18610,S5,3560,1074,2946,4995,10000,0
A5 54 B3 48 05 07 0E 33 04 82 0B 83 13 10 27 00 00 00 64  TEL,18611,S5,3591,1075,2946,4995,10000,0
A5 54 B4 48 05 C9 0D 31 04 82 0B 83 13 10 27 00 00 00 74  TEL,18612,S5,3529,1073,2946,4995,10000,0
A5 54 B5 48 05 07 0E 33 04 82 0B 83 13 10 27 00 00 00 68  TEL,18613,S5,3591,1075,2946,4995,10000,0
A5 54 B6 48 05 07 0E 33 04 82 0B 83 13 10 27 00 00 00 6E  TEL,18614,S5,3591,1075,2946,4995,10000,0
A5 54 B7 48 05 E8 0D 32 04 82 0B 83 13 10 27 00 00 00 39  TEL,18615,S5,3560,1074,2946,4995,10000,0
A5 54 B8 48 05 E8 0D 32 04 82 0B 83 13 10 27 00 00 00 27  TEL,18616,S5,3560,1074,2946,4995,10000,0
A5 54 B9 48 05 C9 0D 31 04 82 0B 83 13 10 27 00 00 00 6E  TEL,18617,S5,3529,1073,2946,4995,10000,0
A5 54 BA 48 05 C9 0D 30 04 82 0B 83 13 10 27 00 00 00 77  TEL,18618,S5,3529,1072,2946,4995,10000,0
A5 54 BB 48 05 E8 0D 32 04 82 0B 83 13 10 27 00 00 00 21  TEL,18619,S5,3560,1074,2946,4995,10000,0
A5 54 BC 48 05 E8 0D 32 04 82 0B 83 13 10 27 00 00 00 2F  TEL,18620,S5,3560,1074,2946,4995,10000,0
A5 54 BD 48 05 07 0E 33 04 82 0B 83 13 10 27 00 00 00 78  TEL,18621,S5,3591,1075,2946,4995,10000,0
A5 54 BE 48 05 E8 0D 32 04 82 0B 83 13 10 27 00 00 00 2B  TEL,18622,S5,3560,1074,2946,4995,10000,0
A5 54 BF 48 05 83 0E 37 04 82 0B 83 13 10 27 00 00 00 AF  TEL,18623,S5,3715,1079,2946,4995,10000,0
A5 54 C0 48 05 E8 0D 32 04 82 0B 83 13 10 27 00 00 00 D7  TEL,18624,S5,3560,1074,2946,4995,10000,0
A5 54 C1 48 05 E8 0D 32 04 82 0B 83 13 10 27 00 00 00 D5  TEL,18625,S5,3560,1074,2946,4995,10000,0
A5 54 C2 48 05 E8 0D 32 04 82 0B 83 13 10 27 00 00 00 D3  TEL,18626,S5,3560,1074,2946,4995,10000,0
A5 54 C3 48 05 E8 0D 32 04 82 0B 83 13 10 27 00 00 00 D1  TEL,18627,S5,3560,1074,2946,4995,10000,0
A5 54 C4 48 05 07 0E 33 04 82 0B 83 13 10 27 00 00 00 8A  TEL,18628,S5,3591,1075,2946,4995,10000,0
A5 54 C5 48 05 E8 0D 32 04 82 0B 83 13 10 27 00 00 00 DD  TEL,18629,S5,3560,1074,2946,4995,10000,0
A5 54 C6 48 05 45 0E 35 04 82 0B 83 13 10 27 00 00 00 18  TEL,18630,S5,3653,1077,2946,4995,10000,0
A5 54 C7 48 05 E8 0D 32 04 82 0B 83 13 10 27 00 00 00 D9  TEL,18631,S5,3560,1074,2946,4995,10000,0
A5 54 C8 48 05 E8 0D 32 04 82 0B 83 13 10 27 00 00 00 C7  TEL,18632,S5,3560,1074,2946,4995,10000,0
A5 54 C9 48 05 E8 0D 32 04 82 0B 83 13 10 27 00 00 00 C5  TEL,18633,S5,3560,1074,2946,4995,10000,0
A5 54 CA 48 05 45 0E 35 04 82 0B 83 13 10 27 00 00 00 00  TEL,18634,S5,3653,1077,2946,4995,10000,0
A5 54 CB 48 05 07 0E 33 04 82 0B 83 13 10 27 00 00 00 94  TEL,18635,S5,3591,1075,2946,4995,10000,0
A5 54 CC 48 05 E8 0D 32 04 82 0B 83 13 10 27 00 00 00 CF  TEL,18636,S5,3560,1074,2946,4995,10000,0
A5 54 CD 48 05 E8 0D 32 04 82 0B 83 13 10 27 00 00 00 CD  TEL,18637,S5,3560,1074,2946,4995,10000,0
A5 54 CE 48 05 C9 0D 30 04 82 0B 83 13 10 27 00 00 00 9F  TEL,18638,S5,3529,1072,2946,4995,10000,0
A5 54 CF 48 05 C9 0D 31 04 82 0B 83 13 10 27 00 00 00 82  TEL,18639,S5,3529,1073,2946,4995,10000,0
A5 54 D0 48 05 E8 0D 32 04 82 0B 83 13 10 27 00 00 00 F7  TEL,18640,S5,3560,1074,2946,4995,10000,0
A5 54 D1 48 05 07 0E 33 04 82 0B 83 13 10 27 00 00 00 A0  TEL,18641,S5,3591,1075,2946,4995,10000,0
A5 54 D2 48 05 07 0E 33 04 82 0B 83 13 10 27 00 00 00 A6  TEL,18642,S5,3591,1075,2946,4995,10000,0
A5 54 D3 48 05 07 0E 33 04 82 0B 83 13 10 27 00 00 00 A4  TEL,18643,S5,3591,1075,2946,4995,10000,0
A5 54 D4 48 05 C9 0D 30 04 82 0B 83 13 10 27 00 00 00 AB  TEL,18644,S5,3529,1072,2946,4995,10000,0
A5 54 D5 48 05 C9 0D 30 04 82 0B 83 13 10 27 00 00 00 A9  TEL,18645,S5,3529,1072,2946,4995,10000,0
A5 54 D6 48 05 26 0E 34 04 82 0B 83 13 10 27 00 00 00 99  TEL,18646,S5,3622,1076,2946,4995,10000,0
A5 54 D7 48 05 07 0E 33 04 82 0B 83 13 10 27 00 00 00 AC  TEL,18647,S5,3591,1075,2946,4995,10000,0
A5 54 D8 48 05 64 0E 36 04 82 0B 83 13 10 27 00 00 00 6F  TEL,18648,S5,3684,1078,2946,4995,10000,0
A5 54 D9 48 05 E8 0D 32 04 82 0B 83 13 10 27 00 00 00 E5  TEL,18649,S5,3560,1074,2946,4995,10000,0
A5 54 DA 48 05 07 0E 33 04 82 0B 83 13 10 27 00 00 00 B6  TEL,18650,S5,3591,1075,2946,4995,10000,0
A5 54 DB 48 05 E8 0D 32 04 82 0B 83 13 10 27 00 00 00 E1  TEL,18651,S5,3560,1074,2946,4995,10000,0
A5 54 DC 48 05 E8 0D 32 04 82 0B 83 13 10 27 00 00 00 EF  TEL,18652,S5,3560,1074,2946,4995,10000,0
A5 54 DD 48 05 E8 0D 32 04 82 0B 83 13 10 27 00 00 00 ED  TEL,18653,S5,3560,1074,2946,4995,10000,0
A5 54 DE 48 05 E8 0D 32 04 82 0B 83 13 10 27 00 00 00 EB  TEL,18654,S5,3560,1074,2946,4995,10000,0
A5 54 DF 48 05 E8 0D 32 04 82 0B 83 13 10 27 00 00 00 E9  TEL,18655,S5,3560,1074,2946,4995,10000,0
A5 54 E0 48 05 E8 0D 32 04 82 0B 83 13 10 27 00 00 00 97  TEL,18656,S5,3560,1074,2946,4995,10000,0
A5 54 E1 48 05 E8 0D 32 04 82 0B 83 13 10 27 00 00 00 95  TEL,18657,S5,3560,1074,2946,4995,10000,0
A5 54 E2 48 05 07 0E 33 04 82 0B 83 13 10 27 00 00 00 C6  TEL,18658,S5,3591,1075,2946,4995,10000,0
A5 54 E3 48 05 E8 0D 32 04 82 0B 83 13 10 27 00 00 00 91  TEL,18659,S5,3560,1074,2946,4995,10000,0
A5 54 E4 48 05 07 0E 33 04 82 0B 83 13 10 27 00 00 00 CA  TEL,18660,S5,3591,1075,2946,4995,10000,0
A5 54 E5 48 05 07 0E 33 04 82 0B 83 13 10 27 00 00 00 C8  TEL,18661,S5,3591,1075,2946,4995,10000,0
A5 54 E6 48 05 26 0E 34 04 82 0B 83 13 10 27 00 00 00 F9  TEL,18662,S5,3622,1076,2946,4995,10000,0
A5 54 E7 48 05 E8 0D 32 04 82 0B 83 13 10 27 00 00 00 99  TEL,18663,S5,3560,1074,2946,4995,10000,0
A5 54 E8 48 05 E8 0D 32 04 82 0B 83 13 10 27 00 00 00 87  TEL,18664,S5,3560,1074,2946,4995,10000,0
A5 54 E9 48 05 E8 0D 32 04 82 0B 83 13 10 27 00 00 00 85  TEL,18665,S5,3560,1074,2946,4995,10000,0
A5 54 EA 48 05 E8 0D 32 04 82 0B 83 13 10 27 00 00 00 83  TEL,18666,S5,3560,1074,2946,4995,10000,0
A5 54 EB 48 05 E8 0D 32 04 82 0B 83 13 10 27 00 00 00 81  TEL,18667,S5,3560,1074,2946,4995,10000,0
A5 54 EC 48 05 E8 0D 32 04 82 0B 83 13 10 27 00 00 00 8F  TEL,18668,S5,3560,1074,2946,4995,10000,0
A5 54 ED 48 05 E8 0D 32 04 82 0B 83 13 10 27 00 00 00 8D  TEL,18669,S5,3560,1074,2946,4995,10000,0
A5 54 EE 48 05 07 0E 33 04 82 0B 83 13 10 27 00 00 00 DE  TEL,18670,S5,3591,1075,2946,4995,10000,0
A5 54 EF 48 05 E8 0D 32 04 82 0B 83 13 10 27 00 00 00 89  TEL,18671,S5,3560,1074,2946,4995,10000,0
A5 54 F0 48 05 45 0E 35 04 82 0B 83 13 10 27 00 00 00 74  TEL,18672,S5,3653,1077,2946,4995,10000,0
A5 54 F1 48 05 07 0E 33 04 82 0B 83 13 10 27 00 00 00 E0  TEL,18673,S5,3591,1075,2946,4995,10000,0
A5 54 F2 48 05 E8 0D 32 04 82 0B 83 13 10 27 00 00 00 B3  TEL,18674,S5,3560,1074,2946,4995,10000,0
A5 54 F3 48 05 E8 0D 32 04 82 0B 83 13 10 27 00 00 00 B1  TEL,18675,S5,3560,1074,2946,4995,10000,0
A5 54 F4 48 05 45 0E 35 04 82 0B 83 13 10 27 00 00 00 7C  TEL,18676,S5,3653,1077,2946,4995,10000,0
A5 54 F5 48 05 07 0E 33 04 82 0B 83 13 10 27 00 00 00 E8  TEL,18677,S5,3591,1075,2946,4995,10000,0
A5 54 F6 48 05 26 0E 34 04 82 0B 83 13 10 27 00 00 00 D9  TEL,18678,S5,3622,1076,2946,4995,10000,0
A5 54 F7 48 05 07 0E 33 04 82 0B 83 13 10 27 00 00 00 EC  TEL,18679,S5,3591,1075,2946,4995,10000,0
A5 54 F8 48 05 E8 0D 32 04 82 0B 83 13 10 27 00 00 00 A7  TEL,18680,S5,3560,1074,2946,4995,10000,0
A5 54 F9 48 05 E8 0D 32 04 82 0B 83 13 10 27 00 00 00 A5  TEL,18681,S5,3560,1074,2946,4995,10000,0
A5 54 FA 48 05 45 0E 35 04 82 0B 83 13 10 27 00 00 00 60  TEL,18682,S5,3653,1077,2946,4995,10000,0
A5 54 FB 48 05 07 0E 33 04 82 0B 83 13 10 27 00 00 00 F4  TEL,18683,S5,3591,1075,2946,4995,10000,0
A5 54 FC 48 05 E8 0D 32 04 82 0B 83 13 10 27 00 00 00 AF  TEL,18684,S5,3560,1074,2946,4995,10000,0
A5 54 FD 48 05 E8 0D 32 04 82 0B 83 13 10 27 00 00 00 AD  TEL,18685,S5,3560,1074,2946,4995,10000,0
A5 54 FE 48 05 07 0E 33 04 82 0B 83 13 10 27 00 00 00 FE  TEL,18686,S5,3591,1075,2946,4995,10000,0
A5 54 FF 48 05 E8 0D 32 04 82 0B 83 13 10 27 00 00 00 A9  TEL,18687,S5,3560,1074,2946,4995,10000,0
A5 54 00 49 05 C9 0D 30 04 82 0B 83 13 10 27 00 00 00 B1  TEL,18688,S5,3529,1072,2946,4995,10000,0
A5 54 01 49 05 07 0E 33 04 82 0B 83 13 10 27 00 00 00 B2  TEL,18689,S5,3591,1075,2946,4995,10000,0
A5 54 02 49 05 26 0E 34 04 82 0B 83 13 10 27 00 00 00 83  TEL,18690,S5,3622,1076,2946,4995,10000,0
A5 54 03 49 05 07 0E 33 04 82 0B 83 13 10 27 00 00 00 B6  TEL,18691,S5,3591,1075,2946,4995,10000,0
A5 54 04 49 05 07 0E 33 04 82 0B 83 13 10 27 00 00 00 B8  TEL,18692,S5,3591,1075,2946,4995,10000,0
A5 54 05 49 05 4C 0D 2C 04 82 0B 83 13 10 27 00 00 00 F3  TEL,18693,S5,3404,1068,2946,4995,10000,0
A5 54 06 49 05 45 0E 35 04 82 0B 83 13 10 27 00 00 00 2A  TEL,18694,S5,3653,1077,2946,4995,10000,0
A5 54 07 49 05 07 0E 33 04 82 0B 83 13 10 27 00 00 00 BE  TEL,18695,S5,3591,1075,2946,4995,10000,0
A5 54 08 49 05 E8 0D 32 04 82 0B 83 13 10 27 00 00 00 F5  TEL,18696,S5,3560,1074,2946,4995,10000,0
A5 54 09 49 05 E8 0D 32 04 82 0B 83 13 10 27 00 00 00 F7  TEL,18697,S5,3560,1074,2946,4995,10000,0
A5 54 0A 49 05 E8 0D 32 04 82 0B 83 13 10 27 00 00 00 F1  TEL,18698,S5,3560,1074,2946,4995,10000,0
A5 54 0B 49 05 07 0E 33 04 82 0B 83 13 10 27 00 00 00 A6  TEL,18699,S5,3591,1075,2946,4995,10000,0
A5 54 0C 49 05 C9 0D 31 04 82 0B 83 13 10 27 00 00 00 B6  TEL,18700,S5,3529,1073,2946,4995,10000,0
A5 54 0D 49 05 E8 0D 32 04 82 0B 83 13 10 27 00 00 00 FF  TEL,18701,S5,3560,1074,2946,4995,10000,0
A5 54 0E 49 05 E8 0D 32 04 82 0B 83 13 10 27 00 00 00 F9  TEL,18702,S5,3560,1074,2946,4995,10000,0
A5 54 0F 49 05 E8 0D 32 04 82 0B 83 13 10 27 00 00 00 FB  TEL,18703,S5,3560,1074,2946,4995,10000,0
A5 54 10 49 05 07 0E 33 04 82 0B 83 13 10 27 00 00 00 90  TEL,18704,S5,3591,1075,2946,4995,10000,0
A5 54 11 49 05 E8 0D 32 04 82 0B 83 13 10 27 00 00 00 C7  TEL,18705,S5,3560,1074,2946,4995,10000,0
A5 54 12 49 05 E8 0D 32 04 82 0B 83 13 10 27 00 00 00 C1  TEL,18706,S5,3560,1074,2946,4995,10000,0
A5 54 13 49 05 E8 0D 32 04 82 0B 83 13 10 27 00 00 00 C3  TEL,18707,S5,3560,1074,2946,4995,10000,0
A5 54 14 49 05 E8 0D 32 04 82 0B 83 13 10 27 00 00 00 CD  TEL,18708,S5,3560,1074,2946,4995,10000,0
A5 54 15 49 05 E8 0D 32 04 82 0B 83 13 10 27 00 00 00 CF  TEL,18709,S5,3560,1074,2946,4995,10000,0
A5 54 16 49 05 E8 0D 32 04 82 0B 83 13 10 27 00 00 00 C9  TEL,18710,S5,3560,1074,2946,4995,10000,0
A5 54 17 49 05 07 0E 33 04 82 0B 83 13 10 27 00 00 00 9E  TEL,18711,S5,3591,1075,2946,4995,10000,0
A5 54 18 49 05 07 0E 33 04 82 0B 83 13 10 27 00 00 00 80  TEL,18712,S5,3591,1075,2946,4995,10000,0
A5 54 19 49 05 E8 0D 32 04 82 0B 83 13 10 27 00 00 00 D7  TEL,18713,S5,3560,1074,2946,4995,10000,0
A5 54 1A 49 05 E8 0D 32 04 82 0B 83 13 10 27 00 00 00 D1  TEL,18714,S5,3560,1074,2946,4995,10000,0
A5 54 1B 49 05 E8 0D 32 04 82 0B 83 13 10 27 00 00 00 D3  TEL,18715,S5,3560,1074,2946,4995,10000,0
A5 54 1C 49 05 07 0E 33 04 82 0B 83 13 10 27 00 00 00 88  TEL,18716,S5,3591,1075,2946,4995,10000,0
A5 54 1D 49 05 E8 0D 32 04 82 0B 83 13 10 27 00 00 00 DF  TEL,18717,S5,3560,1074,2946,4995,10000,0
A5 54 1E 49 05 07 0E 33 04 82 0B 83 13 10 27 00 00 00 8C  TEL,18718,S5,3591,1075,2946,4995,10000,0
A5 54 1F 49 05 45 0E 35 04 82 0B 83 13 10 27 00 00 00 18  TEL,18719,S5,3653,1077,2946,4995,10000,0
A5 54 20 49 05 07 0E 33 04 82 0B 83 13 10 27 00 00 00 F0  TEL,18720,S5,3591,1075,2946,4995,10000,0
A5 54 21 49 05 E8 0D 32 04 82 0B 83 13 10 27 00 00 00 A7  TEL,18721,S5,3560,1074,2946,4995,10000,0
A5 54 22 49 05 07 0E 33 04 82 0B 83 13 10 27 00 00 00 F4  TEL,18722,S5,3591,1075,2946,4995,10000,0
A5 54 23 49 05 E8 0D 32 04 82 0B 83 13 10 27 00 00 00 A3  TEL,18723,S5,3560,1074,2946,4995,10000,0
A5 54 24 49 05 E8 0D 32 04 82 0B 83 13 10 27 00 00 00 AD  TEL,18724,S5,3560,1074,2946,4995,10000,0
A5 54 25 49 05 83 0E 37 04 82 0B 83 13 10 27 00 00 00 29  TEL,18725,S5,3715,1079,2946,4995,10000,0
A5 54 26 49 05 26 0E 34 04 82 0B 83 13 10 27 00 00 00 CB  TEL,18726,S5,3622,1076,2946,4995,10000,0
A5 54 27 49 05 E8 0D 32 04 82 0B 83 13 10 27 00 00 00 AB  TEL,18727,S5,3560,1074,2946,4995,10000,0
A5 54 28 49 05 07 0E 33 04 82 0B 83 13 10 27 00 00 00 E0  TEL,18728,S5,3591,1075,2946,4995,10000,0
A5 54 29 49 05 07 0E 33 04 82 0B 83 13 10 27 00 00 00 E2  TEL,18729,S5,3591,1075,2946,4995,10000,0
A5 54 2A 49 05 64 0E 36 04 82 0B 83 13 10 27 00 00 00 39  TEL,18730,S5,3684,1078,2946,4995,10000,0
A5 54 2B 49 05 C9 0D 30 04 82 0B 83 13 10 27 00 00 00 E7  TEL,18731,S5,3529,1072,2946,4995,10000,0
A5 54 2C 49 05 E8 0D 32 04 82 0B 83 13 10 27 00 00 00 BD  TEL,18732,S5,3560,1074,2946,4995,10000,0
A5 54 2D 49 05 E8 0D 32 04 82 0B 83 13 10 27 00 00 00 BF  TEL,18733,S5,3560,1074,2946,4995,10000,0
A5 54 2E 49 05 07 0E 33 04 82 0B 83 13 10 27 00 00 00 EC  TEL,18734,S5,3591,1075,2946,4995,10000,0
A5 54 2F 49 05 07 0E 33 04 82 0B 83 13 10 27 00 00 00 EE  TEL,18735,S5,3591,1075,2946,4995,10000,0
A5 54 30 49 05 E8 0D 32 04 82 0B 83 13 10 27 00 00 00 85  TEL,18736,S5,3560,1074,2946,4995,10000,0
A5 54 31 49 05 E8 0D 32 04 82 0B 83 13 10 27 00 00 00 87  TEL,18737,S5,3560,1074,2946,4995,10000,0
A5 54 32 49 05 07 0E 33 04 82 0B 83 13 10 27 00 00 00 D4  TEL,18738,S5,3591,1075,2946,4995,10000,0
A5 54 33 49 05 07 0E 33 04 82 0B 83 13 10 27 00 00 00 D6  TEL,18739,S5,3591,1075,2946,4995,10000,0
A5 54 34 49 05 E8 0D 32 04 82 0B 83 13 10 27 00 00 00 8D  TEL,18740,S5,3560,1074,2946,4995,10000,0
A5 54 35 49 05 07 0E 33 04 82 0B 83 13 10 27 00 00 00 DA  TEL,18741,S5,3591,1075,2946,4995,10000,0
A5 54 36 49 05 26 0E 34 04 82 0B 83 13 10 27 00 00 00 EB  TEL,18742,S5,3622,1076,2946,4995,10000,0
A5 54 37 49 05 E8 0D 32 04 82 0B 83 13 10 27 00 00 00 8B  TEL,18743,S5,3560,1074,2946,4995,10000,0
A5 54 38 49 05 E8 0D 32 04 82 0B 83 13 10 27 00 00 00 95  TEL,18744,S5,3560,1074,2946,4995,10000,0
A5 54 39 49 05 07 0E 33 04 82 0B 83 13 10 27 00 00 00 C2  TEL,18745,S5,3591,1075,2946,4995,10000,0
A5 54 3A 49 05 07 0E 33 04 82 0B 83 13 10 27 00 00 00 C4  TEL,18746,S5,3591,1075,2946,4995,10000,0
A5 54 3B 49 05 E8 0D 32 04 82 0B 83 13 10 27 00 00 00 93  TEL,18747,S5,3560,1074,2946,4995,10000,0
A5 54 3C 49 05 07 0E 33 04 82 0B 83 13 10 27 00 00 00 C8  TEL,18748,S5,3591,1075,2946,4995,10000,0
A5 54 3D 49 05 E8 0D 32 04 82 0B 83 13 10 27 00 00 00 9F  TEL,18749,S5,3560,1074,2946,4995,10000,0
A5 54 3E 49 05 07 0E 33 04 82 0B 83 13 10 27 00 00 00 CC  TEL,18750,S5,3591,1075,2946,4995,10000,0
A5 54 3F 49 05 45 0E 35 04 82 0B 83 13 10 27 00 00 00 58  TEL,18751,S5,3653,1077,2946,4995,10000,0
A5 54 40 49 05 C9 0D 31 04 82 0B 83 13 10 27 00 00 00 2E  TEL,18752,S5,3529,1073,2946,4995,10000,0
A5 54 41 49 05 07 0E 33 04 82 0B 83 13 10 27 00 00 00 32  TEL,18753,S5,3591,1075,2946,4995,10000,0
A5 54 42 49 05 C9 0D 31 04 82 0B 83 13 10 27 00 00 00 2A  TEL,18754,S5,3529,1073,2946,4995,10000,0
A5 54 43 49 05 E8 0D 32 04 82 0B 83 13 10 27 00 00 00 63  TEL,18755,S5,3560,1074,2946,4995,10000,0
A5 54 44 49 05 07 0E 33 04 82 0B 83 13 10 27 00 00 00 38  TEL,18756,S5,3591,1075,2946,4995,10000,0
A5 54 45 49 05 07 0E 33 04 82 0B 83 13 10 27 00 00 00 3A  TEL,18757,S5,3591,1075,2946,4995,10000,0
A5 54 46 49 05 26 0E 34 04 82 0B 83 13 10 27 00 00 00 0B  TEL,18758,S5,3622,1076,2946,4995,10000,0
A5 54 47 49 05 07 0E 33 04 82 0B 83 13 10 27 00 00 00 3E  TEL,18759,S5,3591,1075,2946,4995,10000,0
A5 54 48 49 05 C9 0D 30 04 82 0B 83 13 10 27 00 00 00 21  TEL,18760,S5,3529,1072,2946,4995,10000,0
A5 54 49 49 05 E8 0D 32 04 82 0B 83 13 10 27 00 00 00 77  TEL,18761,S5,3560,1074,2946,4995,10000,0
A5 54 4A 49 05 07 0E 33 04 82 0B 83 13 10 27 00 00 00 24  TEL,18762,S5,3591,1075,2946,4995,10000,0
A5 54 4B 49 05 E8 0D 32 04 82 0B 83 13 10 27 00 00 00 73  TEL,18763,S5,3560,1074,2946,4995,10000,0
A5 54 4C 49 05 E8 0D 32 04 82 0B 83 13 10 27 00 00 00 7D  TEL,18764,S5,3560,1074,2946,4995,10000,0
A5 54 4D 49 05 E8 0D 32 04 82 0B 83 13 10 27 00 00 00 7F  TEL,18765,S5,3560,1074,2946,4995,10000,0
A5 54 4E 49 05 E8 0D 32 04 82 0B 83 13 10 27 00 00 00 79  TEL,18766,S5,3560,1074,2946,4995,10000,0
A5 54 4F 49 05 E8 0D 32 04 82 0B 83 13 10 27 00 00 00 7B  TEL,18767,S5,3560,1074,2946,4995,10000,0
A5 54 50 49 05 E8 0D 32 04 82 0B 83 13 10 27 00 00 00 45  TEL,18768,S5,3560,1074,2946,4995,10000,0
A5 54 51 49 05 07 0E 33 04 82 0B 83 13 10 27 00 00 00 12  TEL,18769,S5,3591,1075,2946,4995,10000,0
A5 54 52 49 05 07 0E 33 04 82 0B 83 13 10 27 00 00 00 14  TEL,18770,S5,3591,1075,2946,4995,10000,0
A5 54 53 49 05 E8 0D 32 04 82 0B 83 13 10 27 00 00 00 43  TEL,18771,S5,3560,1074,2946,4995,10000,0
A5 54 54 49 05 E8 0D 32 04 82 0B 83 13 10 27 00 00 00 4D  TEL,18772,S5,3560,1074,2946,4995,10000,0
A5 54 55 49 05 E8 0D 32 04 82 0B 83 13 10 27 00 00 00 4F  TEL,18773,S5,3560,1074,2946,4995,10000,0
A5 54 56 49 05 07 0E 33 04 82 0B 83 13 10 27 00 00 00 1C  TEL,18774,S5,3591,1075,2946,4995,10000,0
A5 54 57 49 05 07 0E 33 04 82 0B 83 13 10 27 00 00 00 1E  TEL,18775,S5,3591,1075,2946,4995,10000,0
A5 54 58 49 05 E8 0D 32 04 82 0B 83 13 10 27 00 00 00 55  TEL,18776,S5,3560,1074,2946,4995,10000,0
A5 54 59 49 05 07 0E 33 04 82 0B 83 13 10 27 00 00 00 02  TEL,18777,S5,3591,1075,2946,4995,10000,0
A5 54 5A 49 05 8A 0D 2E 04 82 0B 83 13 10 27 00 00 00 08  TEL,18778,S5,3466,1070,2946,4995,10000,0
A5 54 5B 49 05 AA 0D 2F 04 82 0B 83 13 10 27 00 00 00 EB  TEL,18779,S5,3498,1071,2946,4995,10000,0
A5 54 5C 49 05 E8 0D 32 04 82 0B 83 13 10 27 00 00 00 5D  TEL,18780,S5,3560,1074,2946,4995,10000,0
A5 54 5D 49 05 E8 0D 32 04 82 0B 83 13 10 27 00 00 00 5F  TEL,18781,S5,3560,1074,2946,4995,10000,0
A5 54 5E 49 05 07 0E 33 04 82 0B 83 13 10 27 00 00 00 0C  TEL,18782,S5,3591,1075,2946,4995,10000,0
A5 54 5F 49 05 C9 0D 31 04 82 0B 83 13 10 27 00 00 00 10  TEL,18783,S5,3529,1073,2946,4995,10000,0
A5 54 60 49 05 C9 0D 31 04 82 0B 83 13 10 27 00 00 00 6E  TEL,18784,S5,3529,1073,2946,4995,10000,0
A5 54 61 49 05 07 0E 33 04 82 0B 83 13 10 27 00 00 00 72  TEL,18785,S5,3591,1075,2946,4995,10000,0
A5 54 62 49 05 07 0E 33 04 82 0B 83 13 10 27 00 00 00 74  TEL,18786,S5,3591,1075,2946,4995,10000,0
A5 54 63 49 05 07 0E 33 04 82 0B 83 13 10 27 00 00 00 76  TEL,18787,S5,3591,1075,2946,4995,10000,0
A5 54 64 49 05 E8 0D 32 04 82 0B 83 13 10 27 00 00 00 2D  TEL,18788,S5,3560,1074,2946,4995,10000,0
A5 54 65 49 05 C9 0D 30 04 82 0B 83 13 10 27 00 00 00 7B  TEL,18789,S5,3529,1072,2946,4995,10000,0
A5 54 66 49 05 45 0E 35 04 82 0B 83 13 10 27 00 00 00 EA  TEL,18790,S5,3653,1077,2946,4995,10000,0
A5 54 67 49 05 E8 0D 32 04 82 0B 83 13 10 27 00 00 00 2B  TEL,18791,S5,3560,1074,2946,4995,10000,0
A5 54 68 49 05 C9 0D 31 04 82 0B 83 13 10 27 00 00 00 7E  TEL,18792,S5,3529,1073,2946,4995,10000,0
A5 54 69 49 05 07 0E 33 04 82 0B 83 13 10 27 00 00 00 62  TEL,18793,S5,3591,1075,2946,4995,10000,0
A5 54 6A 49 05 C9 0D 31 04 82 0B 83 13 10 27 00 00 00 7A  TEL,18794,S5,3529,1073,2946,4995,10000,0
A5 54 6B 49 05 E8 0D 32 04 82 0B 83 13 10 27 00 00 00 33  TEL,18795,S5,3560,1074,2946,4995,10000,0
A5 54 6C 49 05 E8 0D 32 04 82 0B 83 13 10 27 00 00 00 3D  TEL,18796,S5,3560,1074,2946,4995,10000,0
A5 54 6D 49 05 07 0E 33 04 82 0B 83 13 10 27 00 00 00 6A  TEL,18797,S5,3591,1075,2946,4995,10000,0
A5 54 6E 49 05 64 0E 36 04 82 0B 83 13 10 27 00 00 00 B1  TEL,18798,S5,3684,1078,2946,4995,10000,0
A5 54 6F 49 05 64 0E 36 04 82 0B 83 13 10 27 00 00 00 B3  TEL,18799,S5,3684,1078,2946,4995,10000,0
A5 54 70 49 05 07 0E 33 04 82 0B 83 13 10 27 00 00 00 50  TEL,18800,S5,3591,1075,2946,4995,10000,0
A5 54 71 49 05 E8 0D 32 04 82 0B 83 13 10 27 00 00 00 07  TEL,18801,S5,3560,1074,2946,4995,10000,0
A5 54 72 49 05 E8 0D 32 04 82 0B 83 13 10 27 00 00 00 01  TEL,18802,S5,3560,1074,2946,4995,10000,0
A5 54 73 49 05 E8 0D 32 04 82 0B 83 13 10 27 00 00 00 03  TEL,18803,S5,3560,1074,2946,4995,10000,0
A5 54 74 49 05 07 0E 33 04 82 0B 83 13 10 27 00 00 00 58  TEL,18804,S5,3591,1075,2946,4995,10000,0
A5 54 75 49 05 E8 0D 32 04 82 0B 83 13 10 27 00 00 00 0F  TEL,18805,S5,3560,1074,2946,4995,10000,0
A5 54 76 49 05 E8 0D 32 04 82 0B 83 13 10 27 00 00 00 09  TEL,18806,S5,3560,1074,2946,4995,10000,0
A5 54 77 49 05 83 0E 37 04 82 0B 83 13 10 27 00 00 00 8D  TEL,18807,S5,3715,1079,2946,4995,10000,0
A5 54 78 49 05 E8 0D 32 04 82 0B 83 13 10 27 00 00 00 15  TEL,18808,S5,3560,1074,2946,4995,10000,0
A5 54 79 49 05 E8 0D 32 04 82 0B 83 13 10 27 00 00 00 17  TEL,18809,S5,3560,1074,2946,4995,10000,0
A5 54 7A 49 05 E8 0D 32 04 82 0B 83 13 10 27 00 00 00 11  TEL,18810,S5,3560,1074,2946,4995,10000,0
A5 54 7B 49 05 07 0E 33 04 82 0B 83 13 10 27 00 00 00 46  TEL,18811,S5,3591,1075,2946,4995,10000,0
A5 54 7C 49 05 07 0E 33 04 82 0B 83 13 10 27 00 00 00 48  TEL,18812,S5,3591,1075,2946,4995,10000,0
A5 54 7D 49 05 07 0E 33 04 82 0B 83 13 10 27 00 00 00 4A  TEL,18813,S5,3591,1075,2946,4995,10000,0
A5 54 7E 49 05 07 0E 33 04 82 0B 83 13 10 27 00 00 00 4C  TEL,18814,S5,3591,1075,2946,4995,10000,0
A5 54 7F 49 05 07 0E 33 04 82 0B 83 13 10 27 00 00 00 4E  TEL,18815,S5,3591,1075,2946,4995,10000,0
A5 54 80 49 05 C9 0D 30 04 82 0B 83 13 10 27 00 00 00 B6  TEL,18816,S5,3529,1072,2946,4995,10000,0
A5 54 81 49 05 07 0E 33 04 82 0B 83 13 10 27 00 00 00 B5  TEL,18817,S5,3591,1075,2946,4995,10000,0
A5 54 82 49 05 E8 0D 32 04 82 0B 83 13 10 27 00 00 00 E6  TEL,18818,S5,3560,1074,2946,4995,10000,0
A5 54 83 49 05 C9 0D 31 04 82 0B 83 13 10 27 00 00 00 AF  TEL,18819,S5,3529,1073,2946,4995,10000,0
A5 54 84 49 05 E8 0D 32 04 82 0B 83 13 10 27 00 00 00 EA  TEL,18820,S5,3560,1074,2946,4995,10000,0
A5 54 85 49 05 07 0E 33 04 82 0B 83 13 10 27 00 00 00 BD  TEL,18821,S5,3591,1075,2946,4995,10000,0
A5 54 86 49 05 26 0E 34 04 82 0B 83 13 10 27 00 00 00 8C  TEL,18822,S5,3622,1076,2946,4995,10000,0
A5 54 87 49 05 E8 0D 32 04 82 0B 83 13 10 27 00 00 00 EC  TEL,18823,S5,3560,1074,2946,4995,10000,0
A5 54 88 49 05 07 0E 33 04 82 0B 83 13 10 27 00 00 00 A7  TEL,18824,S5,3591,1075,2946,4995,10000,0
A5 54 89 49 05 07 0E 33 04 82 0B 83 13 10 27 00 00 00 A5  TEL,18825,S5,3591,1075,2946,4995,10000,0
A5 54 8A 49 05 E8 0D 32 04 82 0B 83 13 10 27 00 00 00 F6  TEL,18826,S5,3560,1074,2946,4995,10000,0
A5 54 8B 49 05 A3 0E 38 04 82 0B 83 13 10 27 00 00 00 29  TEL,18827,S5,3747,1080,2946,4995,10000,0
A5 54 8C 49 05 E8 0D 32 04 82 0B 83 13 10 27 00 00 00 FA  TEL,18828,S5,3560,1074,2946,4995,10000,0
A5 54 8D 49 05 E8 0D 32 04 82 0B 83 13 10 27 00 00 00 F8  TEL,18829,S5,3560,1074,2946,4995,10000,0
A5 54 8E 49 05 C9 0D 31 04 82 0B 83 13 10 27 00 00 00 B5  TEL,18830,S5,3529,1073,2946,4995,10000,0
A5 54 8F 49 05 07 0E 33 04 82 0B 83 13 10 27 00 00 00 A9  TEL,18831,S5,3591,1075,2946,4995,10000,0
A5 54 90 49 05 E8 0D 32 04 82 0B 83 13 10 27 00 00 00 C2  TEL,18832,S5,3560,1074,2946,4995,10000,0
A5 54 91 49 05 07 0E 33 04 82 0B 83 13 10 27 00 00 00 95  TEL,18833,S5,3591,1075,2946,4995,10000,0
A5 54 92 49 05 E8 0D 32 04 82 0B 83 13 10 27 00 00 00 C6  TEL,18834,S5,3560,1074,2946,4995,10000,0
A5 54 93 49 05 E8 0D 32 04 82 0B 83 13 10 27 00 00 00 C4  TEL,18835,S5,3560,1074,2946,4995,10000,0
A5 54 94 49 05 E8 0D 32 04 82 0B 83 13 10 27 00 00 00 CA  TEL,18836,S5,3560,1074,2946,4995,10000,0
A5 54 95 49 05 E8 0D 32 04 82 0B 83 13 10 27 00 00 00 C8  TEL,18837,S5,3560,1074,2946,4995,10000,0
A5 54 96 49 05 26 0E 34 04 82 0B 83 13 10 27 00 00 00 AC  TEL,18838,S5,3622,1076,2946,4995,10000,0
A5 54 97 49 05 07 0E 33 04 82 0B 83 13 10 27 00 00 00 99  TEL,18839,S5,3591,1075,2946,4995,10000,0
A5 54 98 49 05 E8 0D 32 04 82 0B 83 13 10 27 00 00 00 D2  TEL,18840,S5,3560,1074,2946,4995,10000,0
A5 54 99 49 05 E8 0D 32 04 82 0B 83 13 10 27 00 00 00 D0  TEL,18841,S5,3560,1074,2946,4995,10000,0
A5 54 9A 49 05 E8 0D 32 04 82 0B 83 13 10 27 00 00 00 D6  TEL,18842,S5,3560,1074,2946,4995,10000,0
A5 54 9B 49 05 E8 0D 32 04 82 0B 83 13 10 27 00 00 00 D4  TEL,18843,S5,3560,1074,2946,4995,10000,0
A5 54 9C 49 05 07 0E 33 04 82 0B 83 13 10 27 00 00 00 8F  TEL,18844,S5,3591,1075,2946,4995,10000,0
A5 54 9D 49 05 07 0E 33 04 82 0B 83 13 10 27 00 00 00 8D  TEL,18845,S5,3591,1075,2946,4995,10000,0
A5 54 9E 49 05 E8 0D 32 04 82 0B 83 13 10 27 00 00 00 DE  TEL,18846,S5,3560,1074,2946,4995,10000,0
A5 54 9F 49 05 07 0E 33 04 82 0B 83 13 10 27 00 00 00 89  TEL,18847,S5,3591,1075,2946,4995,10000,0
A5 54 A0 49 05 E8 0D 32 04 82 0B 83 13 10 27 00 00 00 A2  TEL,18848,S5,3560,1074,2946,4995,10000,0
A5 54 A1 49 05 07 0E 33 04 82 0B 83 13 10 27 00 00 00 F5  TEL,18849,S5,3591,1075,2946,4995,10000,0
A5 54 A2 49 05 07 0E 33 04 82 0B 83 13 10 27 00 00 00 F3  TEL,18850,S5,3591,1075,2946,4995,10000,0
A5 54 A3 49 05 07 0E 33 04 82 0B 83 13 10 27 00 00 00 F1  TEL,18851,S5,3591,1075,2946,4995,10000,0
A5 54 A4 49 05 E8 0D 32 04 82 0B 83 13 10 27 00 00 00 AA  TEL,18852,S5,3560,1074,2946,4995,10000,0
A5 54 A5 49 05 E8 0D 32 04 82 0B 83 13 10 27 00 00 00 A8  TEL,18853,S5,3560,1074,2946,4995,10000,0
A5 54 A6 49 05 45 0E 35 04 82 0B 83 13 10 27 00 00 00 6D  TEL,18854,S5,3653,1077,2946,4995,10000,0
A5 54 A7 49 05 E8 0D 32 04 82 0B 83 13 10 27 00 00 00 AC  TEL,18855,S5,3560,1074,2946,4995,10000,0
A5 54 A8 49 05 07 0E 33 04 82 0B 83 13 10 27 00 00 00 E7  TEL,18856,S5,3591,1075,2946,4995,10000,0
A5 54 A9 49 05 07 0E 33 04 82 0B 83 13 10 27 00 00 00 E5  TEL,18857,S5,3591,1075,2946,4995,10000,0
A5 54 AA 49 05 07 0E 33 04 82 0B 83 13 10 27 00 00 00 E3  TEL,18858,S5,3591,1075,2946,4995,10000,0
A5 54 AB 49 05 07 0E 33 04 82 0B 83 13 10 27 00 00 00 E1  TEL,18859,S5,3591,1075,2946,4995,10000,0
A5 54 AC 49 05 07 0E 33 04 82 0B 83 13 10 27 00 00 00 EF  TEL,18860,S5,3591,1075,2946,4995,10000,0
A5 54 AD 49 05 07 0E 33 04 82 0B 83 13 10 27 00 00 00 ED  TEL,18861,S5,3591,1075,2946,4995,10000,0
A5 54 AE 49 05 E8 0D 32 04 82 0B 83 13 10 27 00 00 00 BE  TEL,18862,S5,3560,1074,2946,4995,10000,0
A5 54 AF 49 05 E8 0D 32 04 82 0B 83 13 10 27 00 00 00 BC  TEL,18863,S5,3560,1074,2946,4995,10000,0
A5 54 B0 49 05 07 0E 33 04 82 0B 83 13 10 27 00 00 00 D7  TEL,18864,S5,3591,1075,2946,4995,10000,0
A5 54 B1 49 05 E8 0D 32 04 82 0B 83 13 10 27 00 00 00 80  TEL,18865,S5,3560,1074,2946,4995,10000,0
A5 54 B2 49 05 07 0E 33 04 82 0B 83 13 10 27 00 00 00 D3  TEL,18866,S5,3591,1075,2946,4995,10000,0
A5 54 B3 49 05 07 0E 33 04 82 0B 83 13 10 27 00 00 00 D1  TEL,18867,S5,3591,1075,2946,4995,10000,0
A5 54 B4 49 05 E8 0D 32 04 82 0B 83 13 10 27 00 00 00 8A  TEL,18868,S5,3560,1074,2946,4995,10000,0
A5 54 B5 49 05 E8 0D 32 04 82 0B 83 13 10 27 00 00 00 88  TEL,18869,S5,3560,1074,2946,4995,10000,0
A5 54 B6 49 05 45 0E 35 04 82 0B 83 13 10 27 00 00 00 4D  TEL,18870,S5,3653,1077,2946,4995,10000,0
A5 54 B7 49 05 C9 0D 31 04 82 0B 83 13 10 27 00 00 00 C7  TEL,18871,S5,3529,1073,2946,4995,10000,0
A5 54 B8 49 05 E8 0D 32 04 82 0B 83 13 10 27 00 00 00 92  TEL,18872,S5,3560,1074,2946,4995,10000,0
A5 54 B9 49 05 07 0E 33 04 82 0B 83 13 10 27 00 00 00 C5  TEL,18873,S5,3591,1075,2946,4995,10000,0
A5 54 BA 49 05 E8 0D 32 04 82 0B 83 13 10 27 00 00 00 96  TEL,18874,S5,3560,1074,2946,4995,10000,0
A5 54 BB 49 05 E8 0D 32 04 82 0B 83 13 10 27 00 00 00 94  TEL,18875,S5,3560,1074,2946,4995,10000,0
A5 54 BC 49 05 E8 0D 32 04 82 0B 83 13 10 27 00 00 00 9A  TEL,18876,S5,3560,1074,2946,4995,10000,0
A5 54 BD 49 05 E8 0D 32 04 82 0B 83 13 10 27 00 00 00 98  TEL,18877,S5,3560,1074,2946,4995,10000,0
A5 54 BE 49 05 07 0E 33 04 82 0B 83 13 10 27 00 00 00 CB  TEL,18878,S5,3591,1075,2946,4995,10000,0
A5 54 BF 49 05 E8 0D 32 04 82 0B 83 13 10 27 00 00 00 9C  TEL,18879,S5,3560,1074,2946,4995,10000,0
A5 54 C0 49 05 E8 0D 32 04 82 0B 83 13 10 27 00 00 00 62  TEL,18880,S5,3560,1074,2946,4995,10000,0
A5 54 C1 49 05 E8 0D 32 04 82 0B 83 13 10 27 00 00 00 60  TEL,18881,S5,3560,1074,2946,4995,10000,0
A5 54 C2 49 05 C2 0E 39 04 82 0B 83 13 10 27 00 00 00 35  TEL,18882,S5,3778,1081,2946,4995,10000,0
A5 54 C3 49 05 45 0E 35 04 82 0B 83 13 10 27 00 00 00 A7  TEL,18883,S5,3653,1077,2946,4995,10000,0
A5 54 C4 49 05 07 0E 33 04 82 0B 83 13 10 27 00 00 00 3F  TEL,18884,S5,3591,1075,2946,4995,10000,0
A5 54 C5 49 05 E8 0D 32 04 82 0B 83 13 10 27 00 00 00 68  TEL,18885,S5,3560,1074,2946,4995,10000,0
A5 54 C6 49 05 45 0E 35 04 82 0B 83 13 10 27 00 00 00 AD  TEL,18886,S5,3653,1077,2946,4995,10000,0
A5 54 C7 49 05 E8 0D 32 04 82 0B 83 13 10 27 00 00 00 6C  TEL,18887,S5,3560,1074,2946,4995,10000,0
A5 54 C8 49 05 C9 0D 30 04 82 0B 83 13 10 27 00 00 00 26  TEL,18888,S5,3529,1072,2946,4995,10000,0
A5 54 C9 49 05 07 0E 33 04 82 0B 83 13 10 27 00 00 00 25  TEL,18889,S5,3591,1075,2946,4995,10000,0
A5 54 CA 49 05 E8 0D 32 04 82 0B 83 13 10 27 00 00 00 76  TEL,18890,S5,3560,1074,2946,4995,10000,0
A5 54 CB 49 05 07 0E 33 04 82 0B 83 13 10 27 00 00 00 21  TEL,18891,S5,3591,1075,2946,4995,10000,0
A5 54 CC 49 05 E8 0D 32 04 82 0B 83 13 10 27 00 00 00 7A  TEL,18892,S5,3560,1074,2946,4995,10000,0
A5 54 CD 49 05 07 0E 33 04 82 0B 83 13 10 27 00 00 00 2D  TEL,18893,S5,3591,1075,2946,4995,10000,0
A5 54 CE 49 05 E8 0D 32 04 82 0B 83 13 10 27 00 00 00 7E  TEL,18894,S5,3560,1074,2946,4995,10000,0
A5 54 CF 49 05 E8 0D 32 04 82 0B 83 13 10 27 00 00 00 7C  TEL,18895,S5,3560,1074,2946,4995,10000,0
A5 54 D0 49 05 07 0E 33 04 82 0B 83 13 10 27 00 00 00 17  TEL,18896,S5,3591,1075,2946,4995,10000,0
A5 54 D1 49 05 E8 0D 32 04 82 0B 83 13 10 27 00 00 00 40  TEL,18897,S5,3560,1074,2946,4995,10000,0
A5 54 D2 49 05 E8 0D 32 04 82 0B 83 13 10 27 00 00 00 46  TEL,18898,S5,3560,1074,2946,4995,10000,0
A5 54 D3 49 05 E8 0D 32 04 82 0B 83 13 10 27 00 00 00 44  TEL,18899,S5,3560,1074,2946,4995,10000,0
A5 54 D4 49 05 07 0E 33 04 82 0B 83 13 10 27 00 00 00 1F  TEL,18900,S5,3591,1075,2946,4995,10000,0
A5 54 D5 49 05 E8 0D 32 04 82 0B 83 13 10 27 00 00 00 48  TEL,18901,S5,3560,1074,2946,4995,10000,0
A5 54 D6 49 05 26 0E 34 04 82 0B 83 13 10 27 00 00 00 2C  TEL,18902,S5,3622,1076,2946,4995,10000,0
A5 54 D7 49 05 E8 0D 32 04 82 0B 83 13 10 27 00 00 00 4C  TEL,18903,S5,3560,1074,2946,4995,10000,0
A5 54 D8 49 05 E8 0D 32 04 82 0B 83 13 10 27 00 00 00 52  TEL,18904,S5,3560,1074,2946,4995,10000,0
A5 54 D9 49 05 C9 0D 30 04 82 0B 83 13 10 27 00 00 00 04  TEL,18905,S5,3529,1072,2946,4995,10000,0
A5 54 DA 49 05 E8 0D 32 04 82 0B 83 13 10 27 00 00 00 56  TEL,18906,S5,3560,1074,2946,4995,10000,0
A5 54 DB 49 05 C9 0D 31 04 82 0B 83 13 10 27 00 00 00 1F  TEL,18907,S5,3529,1073,2946,4995,10000,0
A5 54 DC 49 05 C9 0D 31 04 82 0B 83 13 10 27 00 00 00 11  TEL,18908,S5,3529,1073,2946,4995,10000,0
A5 54 DD 49 05 AA 0D 2F 04 82 0B 83 13 10 27 00 00 00 E0  TEL,18909,S5,3498,1071,2946,4995,10000,0
A5 54 DE 49 05 E8 0D 32 04 82 0B 83 13 10 27 00 00 00 5E  TEL,18910,S5,3560,1074,2946,4995,10000,0
A5 54 DF 49 05 E8 0D 32 04 82 0B 83 13 10 27 00 00 00 5C  TEL,18911,S5,3560,1074,2946,4995,10000,0
A5 54 E0 49 05 07 0E 33 04 82 0B 83 13 10 27 00 00 00 77  TEL,18912,S5,3591,1075,2946,4995,10000,0
A5 54 E1 49 05 07 0E 33 04 82 0B 83 13 10 27 00 00 00 75  TEL,18913,S5,3591,1075,2946,4995,10000,0
A5 54 E2 49 05 E8 0D 32 04 82 0B 83 13 10 27 00 00 00 26  TEL,18914,S5,3560,1074,2946,4995,10000,0
A5 54 E3 49 05 07 0E 33 04 82 0B 83 13 10 27 00 00 00 71  TEL,18915,S5,3591,1075,2946,4995,10000,0
A5 54 E4 49 05 07 0E 33 04 82 0B 83 13 10 27 00 00 00 7F  TEL,18916,S5,3591,1075,2946,4995,10000,0
A5 54 E5 49 05 E8 0D 32 04 82 0B 83 13 10 27 00 00 00 28  TEL,18917,S5,3560,1074,2946,4995,10000,0
A5 54 E6 49 05 64 0E 36 04 82 0B 83 13 10 27 00 00 00 A6  TEL,18918,S5,3684,1078,2946,4995,10000,0
A5 54 E7 49 05 07 0E 33 04 82 0B 83 13 10 27 00 00 00 79  TEL,18919,S5,3591,1075,2946,4995,10000,0
A5 54 E8 49 05 E8 0D 32 04 82 0B 83 13 10 27 00 00 00 32  TEL,18920,S5,3560,1074,2946,4995,10000,0
A5 54 E9 49 05 C9 0D 31 04 82 0B 83 13 10 27 00 00 00 7B  TEL,18921,S5,3529,1073,2946,4995,10000,0
A5 54 EA 49 05 07 0E 33 04 82 0B 83 13 10 27 00 00 00 63  TEL,18922,S5,3591,1075,2946,4995,10000,0
A5 54 EB 49 05 07 0E 33 04 82 0B 83 13 10 27 00 00 00 61  TEL,18923,S5,3591,1075,2946,4995,10000,0
A5 54 EC 49 05 07 0E 33 04 82 0B 83 13 10 27 00 00 00 6F  TEL,18924,S5,3591,1075,2946,4995,10000,0
A5 54 ED 49 05 C9 0D 31 04 82 0B 83 13 10 27 00 00 00 73  TEL,18925,S5,3529,1073,2946,4995,10000,0
A5 54 EE 49 05 07 0E 33 04 82 0B 83 13 10 27 00 00 00 6B  TEL,18926,S5,3591,1075,2946,4995,10000,0
A5 54 EF 49 05 07 0E 33 04 82 0B 83 13 10 27 00 00 00 69  TEL,18927,S5,3591,1075,2946,4995,10000,0
A5 54 F0 49 05 07 0E 33 04 82 0B 83 13 10 27 00 00 00 57  TEL,18928,S5,3591,1075,2946,4995,10000,0
A5 54 F1 49 05 07 0E 33 04 82 0B 83 13 10 27 00 00 00 55  TEL,18929,S5,3591,1075,2946,4995,10000,0
A5 54 F2 49 05 E8 0D 32 04 82 0B 83 13 10 27 00 00 00 06  TEL,18930,S5,3560,1074,2946,4995,10000,0
A5 54 F3 49 05 E8 0D 32 04 82 0B 83 13 10 27 00 00 00 04  TEL,18931,S5,3560,1074,2946,4995,10000,0
A5 54 F4 49 05 07 0E 33 04 82 0B 83 13 10 27 00 00 00 5F  TEL,18932,S5,3591,1075,2946,4995,10000,0
A5 54 F5 49 05 E8 0D 32 04 82 0B 83 13 10 27 00 00 00 08  TEL,18933,S5,3560,1074,2946,4995,10000,0
A5 54 F6 49 05 07 0E 33 04 82 0B 83 13 10 27 00 00 00 5B  TEL,18934,S5,3591,1075,2946,4995,10000,0
A5 54 F7 49 05 E8 0D 32 04 82 0B 83 13 10 27 00 00 00 0C  TEL,18935,S5,3560,1074,2946,4995,10000,0
A5 54 F8 49 05 E8 0D 32 04 82 0B 83 13 10 27 00 00 00 12  TEL,18936,S5,3560,1074,2946,4995,10000,0
A5 54 F9 49 05 07 0E 33 04 82 0B 83 13 10 27 00 00 00 45  TEL,18937,S5,3591,1075,2946,4995,10000,0
A5 54 FA 49 05 E8 0D 32 04 82 0B 83 13 10 27 00 00 00 16  TEL,18938,S5,3560,1074,2946,4995,10000,0
A5 54 FB 49 05 E8 0D 32 04 82 0B 83 13 10 27 00 00 00 14  TEL,18939,S5,3560,1074,2946,4995,10000,0
A5 54 FC 49 05 E8 0D 32 04 82 0B 83 13 10 27 00 00 00 1A  TEL,18940,S5,3560,1074,2946,4995,10000,0
A5 54 FD 49 05 E8 0D 32 04 82 0B 83 13 10 27 00 00 00 18  TEL,18941,S5,3560,1074,2946,4995,10000,0
A5 54 FE 49 05 07 0E 33 04 82 0B 83 13 10 27 00 00 00 4B  TEL,18942,S5,3591,1075,2946,4995,10000,0
A5 54 FF 49 05 C9 0D 31 04 82 0B 83 13 10 27 00 00 00 57  TEL,18943,S5,3529,1073,2946,4995,10000,0
A5 54 00 4A 05 E8 0D 32 04 82 0B 83 13 10 27 00 00 00 3D  TEL,18944,S5,3560,1074,2946,4995,10000,0
A5 54 01 4A 05 E8 0D 32 04 82 0B 83 13 10 27 00 00 00 3F  TEL,18945,S5,3560,1074,2946,4995,10000,0
A5 54 02 4A 05 07 0E 33 04 82 0B 83 13 10 27 00 00 00 6C  TEL,18946,S5,3591,1075,2946,4995,10000,0
A5 54 03 4A 05 E8 0D 32 04 82 0B 83 13 10 27 00 00 00 3B  TEL,18947,S5,3560,1074,2946,4995,10000,0
A5 54 04 4A 05 07 0E 33 04 82 0B 83 13 10 27 00 00 00 60  TEL,18948,S5,3591,1075,2946,4995,10000,0
A5 54 05 4A 05 E8 0D 32 04 82 0B 83 13 10 27 00 00 00 37  TEL,18949,S5,3560,1074,2946,4995,10000,0
A5 54 06 4A 05 45 0E 35 04 82 0B 83 13 10 27 00 00 00 F2  TEL,18950,S5,3653,1077,2946,4995,10000,0
A5 54 07 4A 05 E8 0D 32 04 82 0B 83 13 10 27 00 00 00 33  TEL,18951,S5,3560,1074,2946,4995,10000,0
A5 54 08 4A 05 C9 0D 31 04 82 0B 83 13 10 27 00 00 00 66  TEL,18952,S5,3529,1073,2946,4995,10000,0
A5 54 09 4A 05 E8 0D 32 04 82 0B 83 13 10 27 00 00 00 2F  TEL,18953,S5,3560,1074,2946,4995,10000,0
A5 54 0A 4A 05 07 0E 33 04 82 0B 83 13 10 27 00 00 00 7C  TEL,18954,S5,3591,1075,2946,4995,10000,0
A5 54 0B 4A 05 E8 0D 32 04 82 0B 83 13 10 27 00 00 00 2B  TEL,18955,S5,3560,1074,2946,4995,10000,0
A5 54 0C 4A 05 07 0E 33 04 82 0B 83 13 10 27 00 00 00 70  TEL,18956,S5,3591,1075,2946,4995,10000,0
A5 54 0D 4A 05 07 0E 33 04 82 0B 83 13 10 27 00 00 00 72  TEL,18957,S5,3591,1075,2946,4995,10000,0
A5 54 0E 4A 05 E8 0D 32 04 82 0B 83 13 10 27 00 00 00 21  TEL,18958,S5,3560,1074,2946,4995,10000,0
A5 54 0F 4A 05 E8 0D 32 04 82 0B 83 13 10 27 00 00 00 23  TEL,18959,S5,3560,1074,2946,4995,10000,0
A5 54 10 4A 05 07 0E 33 04 82 0B 83 13 10 27 00 00 00 48  TEL,18960,S5,3591,1075,2946,4995,10000,0
A5 54 11 4A 05 C9 0D 30 04 82 0B 83 13 10 27 00 00 00 4B  TEL,18961,S5,3529,1072,2946,4995,10000,0
A5 54 12 4A 05 E8 0D 32 04 82 0B 83 13 10 27 00 00 00 19  TEL,18962,S5,3560,1074,2946,4995,10000,0
A5 54 13 4A 05 E8 0D 32 04 82 0B 83 13 10 27 00 00 00 1B  TEL,18963,S5,3560,1074,2946,4995,10000,0
A5 54 14 4A 05 07 0E 33 04 82 0B 83 13 10 27 00 00 00 40  TEL,18964,S5,3591,1075,2946,4995,10000,0
A5 54 15 4A 05 45 0E 35 04 82 0B 83 13 10 27 00 00 00 D4  TEL,18965,S5,3653,1077,2946,4995,10000,0
A5 54 16 4A 05 07 0E 33 04 82 0B 83 13 10 27 00 00 00 44  TEL,18966,S5,3591,1075,2946,4995,10000,0
A5 54 17 4A 05 07 0E 33 04 82 0B 83 13 10 27 00 00 00 46  TEL,18967,S5,3591,1075,2946,4995,10000,0
A5 54 18 4A 05 07 0E 33 04 82 0B 83 13 10 27 00 00 00 58  TEL,18968,S5,3591,1075,2946,4995,10000,0
A5 54 19 4A 05 E8 0D 32 04 82 0B 83 13 10 27 00 00 00 0F  TEL,18969,S5,3560,1074,2946,4995,10000,0
A5 54 1A 4A 05 07 0E 33 04 82 0B 83 13 10 27 00 00 00 5C  TEL,18970,S5,3591,1075,2946,4995,10000,0
A5 54 1B 4A 05 E8 0D 32 04 82 0B 83 13 10 27 00 00 00 0B  TEL,18971,S5,3560,1074,2946,4995,10000,0
A5 54 1C 4A 05 E8 0D 32 04 82 0B 83 13 10 27 00 00 00 05  TEL,18972,S5,3560,1074,2946,4995,10000,0
A5 54 1D 4A 05 E8 0D 32 04 82 0B 83 13 10 27 00 00 00 07  TEL,18973,S5,3560,1074,2946,4995,10000,0
A5 54 1E 4A 05 07 0E 33 04 82 0B 83 13 10 27 00 00 00 54  TEL,18974,S5,3591,1075,2946,4995,10000,0
A5 54 1F 4A 05 07 0E 33 04 82 0B 83 13 10 27 00 00 00 56  TEL,18975,S5,3591,1075,2946,4995,10000,0
A5 54 20 4A 05 07 0E 33 04 82 0B 83 13 10 27 00 00 00 28  TEL,18976,S5,3591,1075,2946,4995,10000,0
A5 54 21 4A 05 07 0E 33 04 82 0B 83 13 10 27 00 00 00 2A  TEL,18977,S5,3591,1075,2946,4995,10000,0
A5 54 22 4A 05 07 0E 33 04 82 0B 83 13 10 27 00 00 00 2C  TEL,18978,S5,3591,1075,2946,4995,10000,0
A5 54 23 4A 05 07 0E 33 04 82 0B 83 13 10 27 00 00 00 2E  TEL,18979,S5,3591,1075,2946,4995,10000,0
A5 54 24 4A 05 C9 0D 31 04 82 0B 83 13 10 27 00 00 00 3E  TEL,18980,S5,3529,1073,2946,4995,10000,0
A5 54 25 4A 05 07 0E 33 04 82 0B 83 13 10 27 00 00 00 22  TEL,18981,S5,3591,1075,2946,4995,10000,0
A5 54 26 4A 05 45 0E 35 04 82 0B 83 13 10 27 00 00 00 B2  TEL,18982,S5,3653,1077,2946,4995,10000,0
A5 54 27 4A 05 E8 0D 32 04 82 0B 83 13 10 27 00 00 00 73  TEL,18983,S5,3560,1074,2946,4995,10000,0
A5 54 28 4A 05 C9 0D 31 04 82 0B 83 13 10 27 00 00 00 26  TEL,18984,S5,3529,1073,2946,4995,10000,0
A5 54 29 4A 05 64 0E 36 04 82 0B 83 13 10 27 00 00 00 E7  TEL,18985,S5,3684,1078,2946,4995,10000,0
A5 54 2A 4A 05 E8 0D 32 04 82 0B 83 13 10 27 00 00 00 69  TEL,18986,S5,3560,1074,2946,4995,10000,0
A5 54 2B 4A 05 E8 0D 32 04 82 0B 83 13 10 27 00 00 00 6B  TEL,18987,S5,3560,1074,2946,4995,10000,0
A5 54 2C 4A 05 C9 0D 31 04 82 0B 83 13 10 27 00 00 00 2E  TEL,18988,S5,3529,1073,2946,4995,10000,0
A5 54 2D 4A 05 07 0E 33 04 82 0B 83 13 10 27 00 00 00 32  TEL,18989,S5,3591,1075,2946,4995,10000,0
A5 54 2E 4A 05 E8 0D 32 04 82 0B 83 13 10 27 00 00 00 61  TEL,18990,S5,3560,1074,2946,4995,10000,0
A5 54 2F 4A 05 07 0E 33 04 82 0B 83 13 10 27 00 00 00 36  TEL,18991,S5,3591,1075,2946,4995,10000,0
A5 54 30 4A 05 E8 0D 32 04 82 0B 83 13 10 27 00 00 00 5D  TEL,18992,S5,3560,1074,2946,4995,10000,0
A5 54 31 4A 05 07 0E 33 04 82 0B 83 13 10 27 00 00 00 0A  TEL,18993,S5,3591,1075,2946,4995,10000,0
A5 54 32 4A 05 E8 0D 32 04 82 0B 83 13 10 27 00 00 00 59  TEL,18994,S5,3560,1074,2946,4995,10000,0
A5 54 33 4A 05 07 0E 33 04 82 0B 83 13 10 27 00 00 00 0E  TEL,18995,S5,3591,1075,2946,4995,10000,0
A5 54 34 4A 05 07 0E 33 04 82 0B 83 13 10 27 00 00 00 00  TEL,18996,S5,3591,1075,2946,4995,10000,0
A5 54 35 4A 05 C9 0D 31 04 82 0B 83 13 10 27 00 00 00 1C  TEL,18997,S5,3529,1073,2946,4995,10000,0
A5 54 36 4A 05 26 0E 34 04 82 0B 83 13 10 27 00 00 00 33  TEL,18998,S5,3622,1076,2946,4995,10000,0
A5 54 37 4A 05 07 0E 33 04 82 0B 83 13 10 27 00 00 00 06  TEL,18999,S5,3591,1075,2946,4995,10000,0
A5 54 38 4A 05 07 0E 33 04 82 0B 83 13 10 27 00 00 00 18  TEL,19000,S5,3591,1075,2946,4995,10000,0
A5 54 39 4A 05 E8 0D 32 04 82 0B 83 13 10 27 00 00 00 4F  TEL,19001,S5,3560,1074,2946,4995,10000,0
A5 54 3A 4A 05 E8 0D 32 04 82 0B 83 13 10 27 00 00 00 49  TEL,19002,S5,3560,1074,2946,4995,10000,0
A5 54 3B 4A 05 07 0E 33 04 82 0B 83 13 10 27 00 00 00 1E  TEL,19003,S5,3591,1075,2946,4995,10000,0
A5 54 3C 4A 05 07 0E 33 04 82 0B 83 13 10 27 00 00 00 10  TEL,19004,S5,3591,1075,2946,4995,10000,0
A5 54 3D 4A 05 07 0E 33 04 82 0B 83 13 10 27 00 00 00 12  TEL,19005,S5,3591,1075,2946,4995,10000,0
A5 54 3E 4A 05 E8 0D 32 04 82 0B 83 13 10 27 00 00 00 41  TEL,19006,S5,3560,1074,2946,4995,10000,0
A5 54 3F 4A 05 C9 0D 31 04 82 0B 83 13 10 27 00 00 00 08  TEL,19007,S5,3529,1073,2946,4995,10000,0
A5 54 40 4A 05 07 0E 33 04 82 0B 83 13 10 27 00 00 00 E8  TEL,19008,S5,3591,1075,2946,4995,10000,0
A5 54 41 4A 05 07 0E 33 04 82 0B 83 13 10 27 00 00 00 EA  TEL,19009,S5,3591,1075,2946,4995,10000,0
A5 54 42 4A 05 C9 0D 31 04 82 0B 83 13 10 27 00 00 00 F2  TEL,19010,S5,3529,1073,2946,4995,10000,0
A5 54 43 4A 05 E8 0D 32 04 82 0B 83 13 10 27 00 00 00 BB  TEL,19011,S5,3560,1074,2946,4995,10000,0
A5 54 44 4A 05 07 0E 33 04 82 0B 83 13 10 27 00 00 00 E0  TEL,19012,S5,3591,1075,2946,4995,10000,0
A5 54 45 4A 05 07 0E 33 04 82 0B 83 13 10 27 00 00 00 E2  TEL,19013,S5,3591,1075,2946,4995,10000,0
A5 54 46 4A 05 07 0E 33 04 82 0B 83 13 10 27 00 00 00 E4  TEL,19014,S5,3591,1075,2946,4995,10000,0
A5 54 47 4A 05 07 0E 33 04 82 0B 83 13 10 27 00 00 00 E6  TEL,19015,S5,3591,1075,2946,4995,10000,0
A5 54 48 4A 05 E8 0D 32 04 82 0B 83 13 10 27 00 00 00 AD  TEL,19016,S5,3560,1074,2946,4995,10000,0
A5 54 49 4A 05 E8 0D 32 04 82 0B 83 13 10 27 00 00 00 AF  TEL,19017,S5,3560,1074,2946,4995,10000,0
A5 54 4A 4A 05 C9 0D 31 04 82 0B 83 13 10 27 00 00 00 E2  TEL,19018,S5,3529,1073,2946,4995,10000,0
A5 54 4B 4A 05 07 0E 33 04 82 0B 83 13 10 27 00 00 00 FE  TEL,19019,S5,3591,1075,2946,4995,10000,0
A5 54 4C 4A 05 E8 0D 32 04 82 0B 83 13 10 27 00 00 00 A5  TEL,19020,S5,3560,1074,2946,4995,10000,0
A5 54 4D 4A 05 AA 0D 2F 04 82 0B 83 13 10 27 00 00 00 1F  TEL,19021,S5,3498,1071,2946,4995,10000,0
A5 54 4E 4A 05 07 0E 33 04 82 0B 83 13 10 27 00 00 00 F4  TEL,19022,S5,3591,1075,2946,4995,10000,0
A5 54 4F 4A 05 07 0E 33 04 82 0B 83 13 10 27 00 00 00 F6  TEL,19023,S5,3591,1075,2946,4995,10000,0
A5 54 50 4A 05 E8 0D 32 04 82 0B 83 13 10 27 00 00 00 9D  TEL,19024,S5,3560,1074,2946,4995,10000,0
A5 54 51 4A 05 8A 0D 2E 04 82 0B 83 13 10 27 00 00 00 C6  TEL,19025,S5,3466,1070,2946,4995,10000,0
A5 54 52 4A 05 E8 0D 32 04 82 0B 83 13 10 27 00 00 00 99  TEL,19026,S5,3560,1074,2946,4995,10000,0
A5 54 53 4A 05 E8 0D 32 04 82 0B 83 13 10 27 00 00 00 9B  TEL,19027,S5,3560,1074,2946,4995,10000,0
A5 54 54 4A 05 E8 0D 32 04 82 0B 83 13 10 27 00 00 00 95  TEL,19028,S5,3560,1074,2946,4995,10000,0
A5 54 55 4A 05 E8 0D 32 04 82 0B 83 13 10 27 00 00 00 97  TEL,19029,S5,3560,1074,2946,4995,10000,0
A5 54 56 4A 05 26 0E 34 04 82 0B 83 13 10 27 00 00 00 F3  TEL,19030,S5,3622,1076,2946,4995,10000,0
A5 54 57 4A 05 07 0E 33 04 82 0B 83 13 10 27 00 00 00 C6  TEL,19031,S5,3591,1075,2946,4995,10000,0
A5 54 58 4A 05 C9 0D 31 04 82 0B 83 13 10 27 00 00 00 C6  TEL,19032,S5,3529,1073,2946,4995,10000,0
A5 54 59 4A 05 45 0E 35 04 82 0B 83 13 10 27 00 00 00 4C  TEL,19033,S5,3653,1077,2946,4995,10000,0
A5 54 5A 4A 05 E8 0D 32 04 82 0B 83 13 10 27 00 00 00 89  TEL,19034,S5,3560,1074,2946,4995,10000,0
A5 54 5B 4A 05 E8 0D 32 04 82 0B 83 13 10 27 00 00 00 8B  TEL,19035,S5,3560,1074,2946,4995,10000,0
A5 54 5C 4A 05 83 0E 37 04 82 0B 83 13 10 27 00 00 00 03  TEL,19036,S5,3715,1079,2946,4995,10000,0
A5 54 5D 4A 05 07 0E 33 04 82 0B 83 13 10 27 00 00 00 D2  TEL,19037,S5,3591,1075,2946,4995,10000,0
A5 54 5E 4A 05 E8 0D 32 04 82 0B 83 13 10 27 00 00 00 81  TEL,19038,S5,3560,1074,2946,4995,10000,0
A5 54 5F 4A 05 E8 0D 32 04 82 0B 83 13 10 27 00 00 00 83  TEL,19039,S5,3560,1074,2946,4995,10000,0
A5 54 60 4A 05 E8 0D 32 04 82 0B 83 13 10 27 00 00 00 FD  TEL,19040,S5,3560,1074,2946,4995,10000,0
A5 54 61 4A 05 07 0E 33 04 82 0B 83 13 10 27 00 00 00 AA  TEL,19041,S5,3591,1075,2946,4995,10000,0
A5 54 62 4A 05 07 0E 33 04 82 0B 83 13 10 27 00 00 00 AC  TEL,19042,S5,3591,1075,2946,4995,10000,0
A5 54 63 4A 05 07 0E 33 04 82 0B 83 13 10 27 00 00 00 AE  TEL,19043,S5,3591,1075,2946,4995,10000,0
A5 54 64 4A 05 E8 0D 32 04 82 0B 83 13 10 27 00 00 00 F5  TEL,19044,S5,3560,1074,2946,4995,10000,0
A5 54 65 4A 05 C9 0D 31 04 82 0B 83 13 10 27 00 00 00 BC  TEL,19045,S5,3529,1073,2946,4995,10000,0
A5 54 66 4A 05 26 0E 34 04 82 0B 83 13 10 27 00 00 00 93  TEL,19046,S5,3622,1076,2946,4995,10000,0
A5 54 67 4A 05 07 0E 33 04 82 0B 83 13 10 27 00 00 00 A6  TEL,19047,S5,3591,1075,2946,4995,10000,0
A5 54 68 4A 05 E8 0D 32 04 82 0B 83 13 10 27 00 00 00 ED  TEL,19048,S5,3560,1074,2946,4995,10000,0
A5 54 69 4A 05 07 0E 33 04 82 0B 83 13 10 27 00 00 00 BA  TEL,19049,S5,3591,1075,2946,4995,10000,0
A5 54 6A 4A 05 E8 0D 32 04 82 0B 83 13 10 27 00 00 00 E9  TEL,19050,S5,3560,1074,2946,4995,10000,0
A5 54 6B 4A 05 45 0E 35 04 82 0B 83 13 10 27 00 00 00 28  TEL,19051,S5,3653,1077,2946,4995,10000,0
A5 54 6C 4A 05 E8 0D 32 04 82 0B 83 13 10 27 00 00 00 E5  TEL,19052,S5,3560,1074,2946,4995,10000,0
A5 54 6D 4A 05 07 0E 33 04 82 0B 83 13 10 27 00 00 00 B2  TEL,19053,S5,3591,1075,2946,4995,10000,0
A5 54 6E 4A 05 07 0E 33 04 82 0B 83 13 10 27 00 00 00 B4  TEL,19054,S5,3591,1075,2946,4995,10000,0
A5 54 6F 4A 05 E8 0D 32 04 82 0B 83 13 10 27 00 00 00 E3  TEL,19055,S5,3560,1074,2946,4995,10000,0
A5 54 70 4A 05 E8 0D 32 04 82 0B 83 13 10 27 00 00 00 DD  TEL,19056,S5,3560,1074,2946,4995,10000,0
A5 54 71 4A 05 07 0E 33 04 82 0B 83 13 10 27 00 00 00 8A  TEL,19057,S5,3591,1075,2946,4995,10000,0
A5 54 72 4A 05 E8 0D 32 04 82 0B 83 13 10 27 00 00 00 D9  TEL,19058,S5,3560,1074,2946,4995,10000,0
A5 54 73 4A 05 E8 0D 32 04 82 0B 83 13 10 27 00 00 00 DB  TEL,19059,S5,3560,1074,2946,4995,10000,0
A5 54 74 4A 05 E8 0D 32 04 82 0B 83 13 10 27 00 00 00 D5  TEL,19060,S5,3560,1074,2946,4995,10000,0
A5 54 75 4A 05 E8 0D 32 04 82 0B 83 13 10 27 00 00 00 D7  TEL,19061,S5,3560,1074,2946,4995,10000,0
A5 54 76 4A 05 26 0E 34 04 82 0B 83 13 10 27 00 00 00 B3  TEL,19062,S5,3622,1076,2946,4995,10000,0
A5 54 77 4A 05 07 0E 33 04 82 0B 83 13 10 27 00 00 00 86  TEL,19063,S5,3591,1075,2946,4995,10000,0
A5 54 78 4A 05 07 0E 33 04 82 0B 83 13 10 27 00 00 00 98  TEL,19064,S5,3591,1075,2946,4995,10000,0
A5 54 79 4A 05 E8 0D 32 04 82 0B 83 13 10 27 00 00 00 CF  TEL,19065,S5,3560,1074,2946,4995,10000,0
A5 54 7A 4A 05 E8 0D 32 04 82 0B 83 13 10 27 00 00 00 C9  TEL,19066,S5,3560,1074,2946,4995,10000,0
A5 54 7B 4A 05 E8 0D 32 04 82 0B 83 13 10 27 00 00 00 CB  TEL,19067,S5,3560,1074,2946,4995,10000,0
A5 54 7C 4A 05 07 0E 33 04 82 0B 83 13 10 27 00 00 00 90  TEL,19068,S5,3591,1075,2946,4995,10000,0
A5 54 7D 4A 05 07 0E 33 04 82 0B 83 13 10 27 00 00 00 92  TEL,19069,S5,3591,1075,2946,4995,10000,0
A5 54 7E 4A 05 07 0E 33 04 82 0B 83 13 10 27 00 00 00 94  TEL,19070,S5,3591,1075,2946,4995,10000,0
A5 54 7F 4A 05 E8 0D 32 04 82 0B 83 13 10 27 00 00 00 C3  TEL,19071,S5,3560,1074,2946,4995,10000,0
A5 54 80 4A 05 07 0E 33 04 82 0B 83 13 10 27 00 00 00 6F  TEL,19072,S5,3591,1075,2946,4995,10000,0
A5 54 81 4A 05 E8 0D 32 04 82 0B 83 13 10 27 00 00 00 38  TEL,19073,S5,3560,1074,2946,4995,10000,0
A5 54 82 4A 05 E8 0D 32 04 82 0B 83 13 10 27 00 00 00 3E  TEL,19074,S5,3560,1074,2946,4995,10000,0
A5 54 83 4A 05 E8 0D 32 04 82 0B 83 13 10 27 00 00 00 3C  TEL,19075,S5,3560,1074,2946,4995,10000,0
A5 54 84 4A 05 07 0E 33 04 82 0B 83 13 10 27 00 00 00 67  TEL,19076,S5,3591,1075,2946,4995,10000,0
A5 54 85 4A 05 07 0E 33 04 82 0B 83 13 10 27 00 00 00 65  TEL,19077,S5,3591,1075,2946,4995,10000,0
A5 54 86 4A 05 45 0E 35 04 82 0B 83 13 10 27 00 00 00 F5  TEL,19078,S5,3653,1077,2946,4995,10000,0
A5 54 87 4A 05 E8 0D 32 04 82 0B 83 13 10 27 00 00 00 34  TEL,19079,S5,3560,1074,2946,4995,10000,0
A5 54 88 4A 05 E8 0D 32 04 82 0B 83 13 10 27 00 00 00 2A  TEL,19080,S5,3560,1074,2946,4995,10000,0
A5 54 89 4A 05 E8 0D 32 04 82 0B 83 13 10 27 00 00 00 28  TEL,19081,S5,3560,1074,2946,4995,10000,0
A5 54 8A 4A 05 C9 0D 31 04 82 0B 83 13 10 27 00 00 00 65  TEL,19082,S5,3529,1073,2946,4995,10000,0
A5 54 8B 4A 05 07 0E 33 04 82 0B 83 13 10 27 00 00 00 79  TEL,19083,S5,3591,1075,2946,4995,10000,0
A5 54 8C 4A 05 AA 0D 2F 04 82 0B 83 13 10 27 00 00 00 9A  TEL,19084,S5,3498,1071,2946,4995,10000,0
A5 54 8D 4A 05 E8 0D 32 04 82 0B 83 13 10 27 00 00 00 20  TEL,19085,S5,3560,1074,2946,4995,10000,0
A5 54 8E 4A 05 E8 0D 32 04 82 0B 83 13 10 27 00 00 00 26  TEL,19086,S5,3560,1074,2946,4995,10000,0
A5 54 8F 4A 05 AA 0D 2F 04 82 0B 83 13 10 27 00 00 00 9C  TEL,19087,S5,3498,1071,2946,4995,10000,0
A5 54 90 4A 05 E8 0D 32 04 82 0B 83 13 10 27 00 00 00 1A  TEL,19088,S5,3560,1074,2946,4995,10000,0
A5 54 91 4A 05 07 0E 33 04 82 0B 83 13 10 27 00 00 00 4D  TEL,19089,S5,3591,1075,2946,4995,10000,0
A5 54 92 4A 05 07 0E 33 04 82 0B 83 13 10 27 00 00 00 4B  TEL,19090,S5,3591,1075,2946,4995,10000,0
A5 54 93 4A 05 07 0E 33 04 82 0B 83 13 10 27 00 00 00 49  TEL,19091,S5,3591,1075,2946,4995,10000,0
A5 54 94 4A 05 07 0E 33 04 82 0B 83 13 10 27 00 00 00 47  TEL,19092,S5,3591,1075,2946,4995,10000,0
A5 54 95 4A 05 E8 0D 32 04 82 0B 83 13 10 27 00 00 00 10  TEL,19093,S5,3560,1074,2946,4995,10000,0
A5 54 96 4A 05 07 0E 33 04 82 0B 83 13 10 27 00 00 00 43  TEL,19094,S5,3591,1075,2946,4995,10000,0
A5 54 97 4A 05 E8 0D 32 04 82 0B 83 13 10 27 00 00 00 14  TEL,19095,S5,3560,1074,2946,4995,10000,0
A5 54 98 4A 05 E8 0D 32 04 82 0B 83 13 10 27 00 00 00 0A  TEL,19096,S5,3560,1074,2946,4995,10000,0
A5 54 99 4A 05 E8 0D 32 04 82 0B 83 13 10 27 00 00 00 08  TEL,19097,S5,3560,1074,2946,4995,10000,0
A5 54 9A 4A 05 E8 0D 32 04 82 0B 83 13 10 27 00 00 00 0E  TEL,19098,S5,3560,1074,2946,4995,10000,0
A5 54 9B 4A 05 C9 0D 31 04 82 0B 83 13 10 27 00 00 00 47  TEL,19099,S5,3529,1073,2946,4995,10000,0
A5 54 9C 4A 05 E8 0D 32 04 82 0B 83 13 10 27 00 00 00 02  TEL,19100,S5,3560,1074,2946,4995,10000,0
A5 54 9D 4A 05 07 0E 33 04 82 0B 83 13 10 27 00 00 00 55  TEL,19101,S5,3591,1075,2946,4995,10000,0
A5 54 9E 4A 05 07 0E 33 04 82 0B 83 13 10 27 00 00 00 53  TEL,19102,S5,3591,1075,2946,4995,10000,0
A5 54 9F 4A 05 E8 0D 32 04 82 0B 83 13 10 27 00 00 00 04  TEL,19103,S5,3560,1074,2946,4995,10000,0
A5 54 A0 4A 05 07 0E 33 04 82 0B 83 13 10 27 00 00 00 2F  TEL,19104,S5,3591,1075,2946,4995,10000,0
A5 54 A1 4A 05 07 0E 33 04 82 0B 83 13 10 27 00 00 00 2D  TEL,19105,S5,3591,1075,2946,4995,10000,0
A5 54 A2 4A 05 E8 0D 32 04 82 0B 83 13 10 27 00 00 00 7E  TEL,19106,S5,3560,1074,2946,4995,10000,0
A5 54 A3 4A 05 E8 0D 32 04 82 0B 83 13 10 27 00 00 00 7C  TEL,19107,S5,3560,1074,2946,4995,10000,0
A5 54 A4 4A 05 E8 0D 32 04 82 0B 83 13 10 27 00 00 00 72  TEL,19108,S5,3560,1074,2946,4995,10000,0
A5 54 A5 4A 05 E8 0D 32 04 82 0B 83 13 10 27 00 00 00 70  TEL,19109,S5,3560,1074,2946,4995,10000,0
A5 54 A6 4A 05 45 0E 35 04 82 0B 83 13 10 27 00 00 00 B5  TEL,19110,S5,3653,1077,2946,4995,10000,0
A5 54 A7 4A 05 E8 0D 32 04 82 0B 83 13 10 27 00 00 00 74  TEL,19111,S5,3560,1074,2946,4995,10000,0
A5 54 A8 4A 05 E8 0D 32 04 82 0B 83 13 10 27 00 00 00 6A  TEL,19112,S5,3560,1074,2946,4995,10000,0
A5 54 A9 4A 05 C9 0D 31 04 82 0B 83 13 10 27 00 00 00 23  TEL,19113,S5,3529,1073,2946,4995,10000,0
A5 54 AA 4A 05 E8 0D 32 04 82 0B 83 13 10 27 00 00 00 6E  TEL,19114,S5,3560,1074,2946,4995,10000,0
A5 54 AB 4A 05 E8 0D 32 04 82 0B 83 13 10 27 00 00 00 6C  TEL,19115,S5,3560,1074,2946,4995,10000,0
A5 54 AC 4A 05 E8 0D 32 04 82 0B 83 13 10 27 00 00 00 62  TEL,19116,S5,3560,1074,2946,4995,10000,0
A5 54 AD 4A 05 E8 0D 32 04 82 0B 83 13 10 27 00 00 00 60  TEL,19117,S5,3560,1074,2946,4995,10000,0
A5 54 AE 4A 05 E8 0D 32 04 82 0B 83 13 10 27 00 00 00 66  TEL,19118,S5,3560,1074,2946,4995,10000,0
A5 54 AF 4A 05 07 0E 33 04 82 0B 83 13 10 27 00 00 00 31  TEL,19119,S5,3591,1075,2946,4995,10000,0
A5 54 B0 4A 05 E8 0D 32 04 82 0B 83 13 10 27 00 00 00 5A  TEL,19120,S5,3560,1074,2946,4995,10000,0
A5 54 B1 4A 05 26 0E 34 04 82 0B 83 13 10 27 00 00 00 3A  TEL,19121,S5,3622,1076,2946,4995,10000,0
A5 54 B2 4A 05 E8 0D 32 04 82 0B 83 13 10 27 00 00 00 5E  TEL,19122,S5,3560,1074,2946,4995,10000,0
A5 54 B3 4A 05 E8 0D 32 04 82 0B 83 13 10 27 00 00 00 5C  TEL,19123,S5,3560,1074,2946,4995,10000,0
A5 54 B4 4A 05 07 0E 33 04 82 0B 83 13 10 27 00 00 00 07  TEL,19124,S5,3591,1075,2946,4995,10000,0
A5 54 B5 4A 05 E8 0D 32 04 82 0B 83 13 10 27 00 00 00 50  TEL,19125,S5,3560,1074,2946,4995,10000,0
A5 54 B6 4A 05 45 0E 35 04 82 0B 83 13 10 27 00 00 00 95  TEL,19126,S5,3653,1077,2946,4995,10000,0
A5 54 B7 4A 05 E8 0D 32 04 82 0B 83 13 10 27 00 00 00 54  TEL,19127,S5,3560,1074,2946,4995,10000,0
A5 54 B8 4A 05 E8 0D 32 04 82 0B 83 13 10 27 00 00 00 4A  TEL,19128,S5,3560,1074,2946,4995,10000,0
A5 54 B9 4A 05 E8 0D 32 04 82 0B 83 13 10 27 00 00 00 48  TEL,19129,S5,3560,1074,2946,4995,10000,0
A5 54 BA 4A 05 E8 0D 32 04 82 0B 83 13 10 27 00 00 00 4E  TEL,19130,S5,3560,1074,2946,4995,10000,0
A5 54 BB 4A 05 07 0E 33 04 82 0B 83 13 10 27 00 00 00 19  TEL,19131,S5,3591,1075,2946,4995,10000,0
A5 54 BC 4A 05 07 0E 33 04 82 0B 83 13 10 27 00 00 00 17  TEL,19132,S5,3591,1075,2946,4995,10000,0
A5 54 BD 4A 05 07 0E 33 04 82 0B 83 13 10 27 00 00 00 15  TEL,19133,S5,3591,1075,2946,4995,10000,0
A5 54 BE 4A 05 E8 0D 32 04 82 0B 83 13 10 27 00 00 00 46  TEL,19134,S5,3560,1074,2946,4995,10000,0
A5 54 BF 4A 05 E8 0D 32 04 82 0B 83 13 10 27 00 00 00 44  TEL,19135,S5,3560,1074,2946,4995,10000,0
A5 54 C0 4A 05 C9 0D 31 04 82 0B 83 13 10 27 00 00 00 F1  TEL,19136,S5,3529,1073,2946,4995,10000,0
A5 54 C1 4A 05 07 0E 33 04 82 0B 83 13 10 27 00 00 00 ED  TEL,19137,S5,3591,1075,2946,4995,10000,0
A5 54 C2 4A 05 07 0E 33 04 82 0B 83 13 10 27 00 00 00 EB  TEL,19138,S5,3591,1075,2946,4995,10000,0
A5 54 C3 4A 05 E8 0D 32 04 82 0B 83 13 10 27 00 00 00 BC  TEL,19139,S5,3560,1074,2946,4995,10000,0
A5 54 C4 4A 05 07 0E 33 04 82 0B 83 13 10 27 00 00 00 E7  TEL,19140,S5,3591,1075,2946,4995,10000,0
A5 54 C5 4A 05 E8 0D 32 04 82 0B 83 13 10 27 00 00 00 B0  TEL,19141,S5,3560,1074,2946,4995,10000,0
A5 54 C6 4A 05 45 0E 35 04 82 0B 83 13 10 27 00 00 00 75  TEL,19142,S5,3653,1077,2946,4995,10000,0
A5 54 C7 4A 05 07 0E 33 04 82 0B 83 13 10 27 00 00 00 E1  TEL,19143,S5,3591,1075,2946,4995,10000,0
A5 54 C8 4A 05 E8 0D 32 04 82 0B 83 13 10 27 00 00 00 AA  TEL,19144,S5,3560,1074,2946,4995,10000,0
A5 54 C9 4A 05 E8 0D 32 04 82 0B 83 13 10 27 00 00 00 A8  TEL,19145,S5,3560,1074,2946,4995,10000,0
A5 54 CA 4A 05 E8 0D 32 04 82 0B 83 13 10 27 00 00 00 AE  TEL,19146,S5,3560,1074,2946,4995,10000,0
A5 54 CB 4A 05 C9 0D 30 04 82 0B 83 13 10 27 00 00 00 F8  TEL,19147,S5,3529,1072,2946,4995,10000,0
A5 54 CC 4A 05 07 0E 33 04 82 0B 83 13 10 27 00 00 00 F7  TEL,19148,S5,3591,1075,2946,4995,10000,0
A5 54 CD 4A 05 07 0E 33 04 82 0B 83 13 10 27 00 00 00 F5  TEL,19149,S5,3591,1075,2946,4995,10000,0
A5 54 CE 4A 05 64 0E 36 04 82 0B 83 13 10 27 00 00 00 2E  TEL,19150,S5,3684,1078,2946,4995,10000,0
A5 54 CF 4A 05 E8 0D 32 04 82 0B 83 13 10 27 00 00 00 A4  TEL,19151,S5,3560,1074,2946,4995,10000,0
A5 54 D0 4A 05 07 0E 33 04 82 0B 83 13 10 27 00 00 00 CF  TEL,19152,S5,3591,1075,2946,4995,10000,0
A5 54 D1 4A 05 07 0E 33 04 82 0B 83 13 10 27 00 00 00 CD  TEL,19153,S5,3591,1075,2946,4995,10000,0
A5 54 D2 4A 05 E8 0D 32 04 82 0B 83 13 10 27 00 00 00 9E  TEL,19154,S5,3560,1074,2946,4995,10000,0
A5 54 D3 4A 05 E8 0D 32 04 82 0B 83 13 10 27 00 00 00 9C  TEL,19155,S5,3560,1074,2946,4995,10000,0
A5 54 D4 4A 05 07 0E 33 04 82 0B 83 13 10 27 00 00 00 C7  TEL,19156,S5,3591,1075,2946,4995,10000,0
A5 54 D5 4A 05 E8 0D 32 04 82 0B 83 13 10 27 00 00 00 90  TEL,19157,S5,3560,1074,2946,4995,10000,0
A5 54 D6 4A 05 45 0E 35 04 82 0B 83 13 10 27 00 00 00 55  TEL,19158,S5,3653,1077,2946,4995,10000,0
A5 54 D7 4A 05 E8 0D 32 04 82 0B 83 13 10 27 00 00 00 94  TEL,19159,S5,3560,1074,2946,4995,10000,0
A5 54 D8 4A 05 C9 0D 30 04 82 0B 83 13 10 27 00 00 00 DE  TEL,19160,S5,3529,1072,2946,4995,10000,0
A5 54 D9 4A 05 E8 0D 32 04 82 0B 83 13 10 27 00 00 00 88  TEL,19161,S5,3560,1074,2946,4995,10000,0
A5 54 DA 4A 05 07 0E 33 04 82 0B 83 13 10 27 00 00 00 DB  TEL,19162,S5,3591,1075,2946,4995,10000,0
A5 54 DB 4A 05 07 0E 33 04 82 0B 83 13 10 27 00 00 00 D9  TEL,19163,S5,3591,1075,2946,4995,10000,0
A5 54 DC 4A 05 E8 0D 32 04 82 0B 83 13 10 27 00 00 00 82  TEL,19164,S5,3560,1074,2946,4995,10000,0
A5 54 DD 4A 05 C9 0D 31 04 82 0B 83 13 10 27 00 00 00 CB  TEL,19165,S5,3529,1073,2946,4995,10000,0
A5 54 DE 4A 05 07 0E 33 04 82 0B 83 13 10 27 00 00 00 D3  TEL,19166,S5,3591,1075,2946,4995,10000,0
A5 54 DF 4A 05 07 0E 33 04 82 0B 83 13 10 27 00 00 00 D1  TEL,19167,S5,3591,1075,2946,4995,10000,0
A5 54 E0 4A 05 E8 0D 32 04 82 0B 83 13 10 27 00 00 00 FA  TEL,19168,S5,3560,1074,2946,4995,10000,0
A5 54 E1 4A 05 E8 0D 32 04 82 0B 83 13 10 27 00 00 00 F8  TEL,19169,S5,3560,1074,2946,4995,10000,0
A5 54 E2 4A 05 E8 0D 32 04 82 0B 83 13 10 27 00 00 00 FE  TEL,19170,S5,3560,1074,2946,4995,10000,0
A5 54 E3 4A 05 E8 0D 32 04 82 0B 83 13 10 27 00 00 00 FC  TEL,19171,S5,3560,1074,2946,4995,10000,0
A5 54 E4 4A 05 E8 0D 32 04 82 0B 83 13 10 27 00 00 00 F2  TEL,19172,S5,3560,1074,2946,4995,10000,0
A5 54 E5 4A 05 E8 0D 32 04 82 0B 83 13 10 27 00 00 00 F0  TEL,19173,S5,3560,1074,2946,4995,10000,0
A5 54 E6 4A 05 45 0E 35 04 82 0B 83 13 10 27 00 00 00 35  TEL,19174,S5,3653,1077,2946,4995,10000,0
A5 54 E7 4A 05 07 0E 33 04 82 0B 83 13 10 27 00 00 00 A1  TEL,19175,S5,3591,1075,2946,4995,10000,0
A5 42 79 00 05 E8 4A 9E 9B C3 14 AF 9B C3 14 B1 9B C3 14 28  BTN,121,S5,PRESSED,19176,348363678,348363695,348363697
A5 54 E9 4A 05 07 0E 33 04 82 0B 83 13 10 27 00 00 00 BD  TEL,19177,S5,3591,1075,2946,4995,10000,0
A5 54 EA 4A 05 E8 0D 32 04 82 0B 83 13 10 27 00 00 00 EE  TEL,19178,S5,3560,1074,2946,4995,10000,0
A5 54 EB 4A 05 07 0E 33 04 82 0B 83 13 10 27 00 00 00 B9  TEL,19179,S5,3591,1075,2946,4995,10000,0
A5 54 EC 4A 05 07 0E 33 04 82 0B 83 13 10 27 00 00 00 B7  TEL,19180,S5,3591,1075,2946,4995,10000,0
A5 54 ED 4A 05 E8 0D 32 04 82 0B 83 13 10 27 00 00 00 E0  TEL,19181,S5,3560,1074,2946,4995,10000,0
A5 54 EE 4A 05 E8 0D 32 04 82 0B 83 13 10 27 00 00 00 E6  TEL,19182,S5,3560,1074,2946,4995,10000,0
A5 54 EF 4A 05 07 0E 33 04 82 0B 83 13 10 27 00 00 00 B1  TEL,19183,S5,3591,1075,2946,4995,10000,0
A5 54 F0 4A 05 64 0E 36 04 82 0B 83 13 10 27 00 00 00 52  TEL,19184,S5,3684,1078,2946,4995,10000,0
A5 54 F1 4A 05 07 0E 33 04 82 0B 83 13 10 27 00 00 00 8D  TEL,19185,S5,3591,1075,2946,4995,10000,0
A5 54 F2 4A 05 07 0E 33 04 82 0B 83 13 10 27 00 00 00 8B  TEL,19186,S5,3591,1075,2946,4995,10000,0
A5 54 F3 4A 05 E8 0D 32 04 82 0B 83 13 10 27 00 00 00 DC  TEL,19187,S5,3560,1074,2946,4995,10000,0
A5 54 F4 4A 05 07 0E 33 04 82 0B 83 13 10 27 00 00 00 87  TEL,19188,S5,3591,1075,2946,4995,10000,0
A5 54 F5 4A 05 C9 0D 31 04 82 0B 83 13 10 27 00 00 00 9B  TEL,19189,S5,3529,1073,2946,4995,10000,0
A5 54 F6 4A 05 07 0E 33 04 82 0B 83 13 10 27 00 00 00 83  TEL,19190,S5,3591,1075,2946,4995,10000,0
A5 54 F7 4A 05 64 0E 36 04 82 0B 83 13 10 27 00 00 00 5C  TEL,19191,S5,3684,1078,2946,4995,10000,0
A5 54 F8 4A 05 07 0E 33 04 82 0B 83 13 10 27 00 00 00 9F  TEL,19192,S5,3591,1075,2946,4995,10000,0
A5 54 F9 4A 05 07 0E 33 04 82 0B 83 13 10 27 00 00 00 9D  TEL,19193,S5,3591,1075,2946,4995,10000,0
A5 54 FA 4A 05 E8 0D 32 04 82 0B 83 13 10 27 00 00 00 CE  TEL,19194,S5,3560,1074,2946,4995,10000,0
A5 54 FB 4A 05 E8 0D 32 04 82 0B 83 13 10 27 00 00 00 CC  TEL,19195,S5,3560,1074,2946,4995,10000,0
A5 54 FC 4A 05 E8 0D 32 04 82 0B 83 13 10 27 00 00 00 C2  TEL,19196,S5,3560,1074,2946,4995,10000,0
A5 54 FD 4A 05 E8 0D 32 04 82 0B 83 13 10 27 00 00 00 C0  TEL,19197,S5,3560,1074,2946,4995,10000,0
A5 54 FE 4A 05 E8 0D 32 04 82 0B 83 13 10 27 00 00 00 C6  TEL,19198,S5,3560,1074,2946,4995,10000,0
A5 54 FF 4A 05 E8 0D 32 04 82 0B 83 13 10 27 00 00 00 C4  TEL,19199,S5,3560,1074,2946,4995,10000,0
A5 54 00 4B 05 E8 0D 32 04 82 0B 83 13 10 27 00 00 00 88  TEL,19200,S5,3560,1074,2946,4995,10000,0
A5 54 01 4B 05 E8 0D 32 04 82 0B 83 13 10 27 00 00 00 8A  TEL,19201,S5,3560,1074,2946,4995,10000,0
A5 54 02 4B 05 07 0E 33 04 82 0B 83 13 10 27 00 00 00 D9  TEL,19202,S5,3591,1075,2946,4995,10000,0
A5 54 03 4B 05 07 0E 33 04 82 0B 83 13 10 27 00 00 00 DB  TEL,19203,S5,3591,1075,2946,4995,10000,0
A5 54 04 4B 05 E8 0D 32 04 82 0B 83 13 10 27 00 00 00 80  TEL,19204,S5,3560,1074,2946,4995,10000,0
A5 54 05 4B 05 C9 0D 31 04 82 0B 83 13 10 27 00 00 00 C9  TEL,19205,S5,3529,1073,2946,4995,10000,0
A5 54 06 4B 05 07 0E 33 04 82 0B 83 13 10 27 00 00 00 D1  TEL,19206,S5,3591,1075,2946,4995,10000,0
A5 54 07 4B 05 45 0E 35 04 82 0B 83 13 10 27 00 00 00 45  TEL,19207,S5,3653,1077,2946,4995,10000,0
A5 54 08 4B 05 E8 0D 32 04 82 0B 83 13 10 27 00 00 00 98  TEL,19208,S5,3560,1074,2946,4995,10000,0
A5 54 09 4B 05 E8 0D 32 04 82 0B 83 13 10 27 00 00 00 9A  TEL,19209,S5,3560,1074,2946,4995,10000,0
A5 54 0A 4B 05 07 0E 33 04 82 0B 83 13 10 27 00 00 00 C9  TEL,19210,S5,3591,1075,2946,4995,10000,0
A5 54 0B 4B 05 E8 0D 32 04 82 0B 83 13 10 27 00 00 00 9E  TEL,19211,S5,3560,1074,2946,4995,10000,0
A5 54 0C 4B 05 07 0E 33 04 82 0B 83 13 10 27 00 00 00 C5  TEL,19212,S5,3591,1075,2946,4995,10000,0
A5 54 0D 4B 05 07 0E 33 04 82 0B 83 13 10 27 00 00 00 C7  TEL,19213,S5,3591,1075,2946,4995,10000,0
A5 54 0E 4B 05 E8 0D 32 04 82 0B 83 13 10 27 00 00 00 94  TEL,19214,S5,3560,1074,2946,4995,10000,0
A5 54 0F 4B 05 E8 0D 32 04 82 0B 83 13 10 27 00 00 00 96  TEL,19215,S5,3560,1074,2946,4995,10000,0
A5 54 10 4B 05 07 0E 33 04 82 0B 83 13 10 27 00 00 00 FD  TEL,19216,S5,3591,1075,2946,4995,10000,0
A5 54 11 4B 05 E8 0D 32 04 82 0B 83 13 10 27 00 00 00 AA  TEL,19217,S5,3560,1074,2946,4995,10000,0
A5 54 12 4B 05 E8 0D 32 04 82 0B 83 13 10 27 00 00 00 AC  TEL,19218,S5,3560,1074,2946,4995,10000,0
A5 54 13 4B 05 07 0E 33 04 82 0B 83 13 10 27 00 00 00 FB  TEL,19219,S5,3591,1075,2946,4995,10000,0
A5 54 14 4B 05 E8 0D 32 04 82 0B 83 13 10 27 00 00 00 A0  TEL,19220,S5,3560,1074,2946,4995,10000,0
A5 54 15 4B 05 07 0E 33 04 82 0B 83 13 10 27 00 00 00 F7  TEL,19221,S5,3591,1075,2946,4995,10000,0
A5 54 16 4B 05 C9 0D 31 04 82 0B 83 13 10 27 00 00 00 EF  TEL,19222,S5,3529,1073,2946,4995,10000,0
A5 54 17 4B 05 45 0E 35 04 82 0B 83 13 10 27 00 00 00 65  TEL,19223,S5,3653,1077,2946,4995,10000,0
A5 54 18 4B 05 E8 0D 32 04 82 0B 83 13 10 27 00 00 00 B8  TEL,19224,S5,3560,1074,2946,4995,10000,0
A5 54 19 4B 05 07 0E 33 04 82 0B 83 13 10 27 00 00 00 EF  TEL,19225,S5,3591,1075,2946,4995,10000,0
A5 54 1A 4B 05 E8 0D 32 04 82 0B 83 13 10 27 00 00 00 BC  TEL,19226,S5,3560,1074,2946,4995,10000,0
A5 54 1B 4B 05 07 0E 33 04 82 0B 83 13 10 27 00 00 00 EB  TEL,19227,S5,3591,1075,2946,4995,10000,0
A5 54 1C 4B 05 07 0E 33 04 82 0B 83 13 10 27 00 00 00 E5  TEL,19228,S5,3591,1075,2946,4995,10000,0
A5 54 1D 4B 05 26 0E 34 04 82 0B 83 13 10 27 00 00 00 D0  TEL,19229,S5,3622,1076,2946,4995,10000,0
A5 54 1E 4B 05 07 0E 33 04 82 0B 83 13 10 27 00 00 00 E1  TEL,19230,S5,3591,1075,2946,4995,10000,0
A5 54 1F 4B 05 07 0E 33 04 82 0B 83 13 10 27 00 00 00 E3  TEL,19231,S5,3591,1075,2946,4995,10000,0
A5 54 20 4B 05 07 0E 33 04 82 0B 83 13 10 27 00 00 00 9D  TEL,19232,S5,3591,1075,2946,4995,10000,0
A5 54 21 4B 05 07 0E 33 04 82 0B 83 13 10 27 00 00 00 9F  TEL,19233,S5,3591,1075,2946,4995,10000,0
A5 54 22 4B 05 07 0E 33 04 82 0B 83 13 10 27 00 00 00 99  TEL,19234,S5,3591,1075,2946,4995,10000,0
A5 54 23 4B 05 E8 0D 32 04 82 0B 83 13 10 27 00 00 00 CE  TEL,19235,S5,3560,1074,2946,4995,10000,0
A5 54 24 4B 05 C9 0D 31 04 82 0B 83 13 10 27 00 00 00 8B  TEL,19236,S5,3529,1073,2946,4995,10000,0
A5 54 25 4B 05 07 0E 33 04 82 0B 83 13 10 27 00 00 00 97  TEL,19237,S5,3591,1075,2946,4995,10000,0
A5 54 26 4B 05 45 0E 35 04 82 0B 83 13 10 27 00 00 00 07  TEL,19238,S5,3653,1077,2946,4995,10000,0
A5 54 27 4B 05 26 0E 34 04 82 0B 83 13 10 27 00 00 00 A4  TEL,19239,S5,3622,1076,2946,4995,10000,0
A5 54 28 4B 05 07 0E 33 04 82 0B 83 13 10 27 00 00 00 8D  TEL,19240,S5,3591,1075,2946,4995,10000,0
A5 54 29 4B 05 E8 0D 32 04 82 0B 83 13 10 27 00 00 00 DA  TEL,19241,S5,3560,1074,2946,4995,10000,0
A5 54 2A 4B 05 07 0E 33 04 82 0B 83 13 10 27 00 00 00 89  TEL,19242,S5,3591,1075,2946,4995,10000,0
A5 54 2B 4B 05 E8 0D 32 04 82 0B 83 13 10 27 00 00 00 DE  TEL,19243,S5,3560,1074,2946,4995,10000,0
A5 54 2C 4B 05 07 0E 33 04 82 0B 83 13 10 27 00 00 00 85  TEL,19244,S5,3591,1075,2946,4995,10000,0
A5 54 2D 4B 05 45 0E 35 04 82 0B 83 13 10 27 00 00 00 11  TEL,19245,S5,3653,1077,2946,4995,10000,0
A5 54 2E 4B 05 64 0E 36 04 82 0B 83 13 10 27 00 00 00 5C  TEL,19246,S5,3684,1078,2946,4995,10000,0
A5 54 2F 4B 05 07 0E 33 04 82 0B 83 13 10 27 00 00 00 83  TEL,19247,S5,3591,1075,2946,4995,10000,0
A5 54 30 4B 05 07 0E 33 04 82 0B 83 13 10 27 00 00 00 BD  TEL,19248,S5,3591,1075,2946,4995,10000,0
A5 54 31 4B 05 C9 0D 31 04 82 0B 83 13 10 27 00 00 00 A1  TEL,19249,S5,3529,1073,2946,4995,10000,0
A5 54 32 4B 05 E8 0D 32 04 82 0B 83 13 10 27 00 00 00 EC  TEL,19250,S5,3560,1074,2946,4995,10000,0
A5 54 33 4B 05 E8 0D 32 04 82 0B 83 13 10 27 00 00 00 EE  TEL,19251,S5,3560,1074,2946,4995,10000,0
A5 54 34 4B 05 07 0E 33 04 82 0B 83 13 10 27 00 00 00 B5  TEL,19252,S5,3591,1075,2946,4995,10000,0
A5 54 35 4B 05 26 0E 34 04 82 0B 83 13 10 27 00 00 00 80  TEL,19253,S5,3622,1076,2946,4995,10000,0
A5 54 36 4B 05 07 0E 33 04 82 0B 83 13 10 27 00 00 00 B1  TEL,19254,S5,3591,1075,2946,4995,10000,0
A5 54 37 4B 05 45 0E 35 04 82 0B 83 13 10 27 00 00 00 25  TEL,19255,S5,3653,1077,2946,4995,10000,0
A5 54 38 4B 05 07 0E 33 04 82 0B 83 13 10 27 00 00 00 AD  TEL,19256,S5,3591,1075,2946,4995,10000,0
A5 54 39 4B 05 45 0E 35 04 82 0B 83 13 10 27 00 00 00 39  TEL,19257,S5,3653,1077,2946,4995,10000,0
A5 54 3A 4B 05 07 0E 33 04 82 0B 83 13 10 27 00 00 00 A9  TEL,19258,S5,3591,1075,2946,4995,10000,0
A5 54 3B 4B 05 E8 0D 32 04 82 0B 83 13 10 27 00 00 00 FE  TEL,19259,S5,3560,1074,2946,4995,10000,0
A5 54 3C 4B 05 07 0E 33 04 82 0B 83 13 10 27 00 00 00 A5  TEL,19260,S5,3591,1075,2946,4995,10000,0
A5 54 3D 4B 05 E8 0D 32 04 82 0B 83 13 10 27 00 00 00 F2  TEL,19261,S5,3560,1074,2946,4995,10000,0
A5 54 3E 4B 05 07 0E 33 04 82 0B 83 13 10 27 00 00 00 A1  TEL,19262,S5,3591,1075,2946,4995,10000,0
A5 54 3F 4B 05 E8 0D 32 04 82 0B 83 13 10 27 00 00 00 F6  TEL,19263,S5,3560,1074,2946,4995,10000,0
A5 54 40 4B 05 07 0E 33 04 82 0B 83 13 10 27 00 00 00 5D  TEL,19264,S5,3591,1075,2946,4995,10000,0
A5 54 41 4B 05 07 0E 33 04 82 0B 83 13 10 27 00 00 00 5F  TEL,19265,S5,3591,1075,2946,4995,10000,0
A5 54 42 4B 05 07 0E 33 04 82 0B 83 13 10 27 00 00 00 59  TEL,19266,S5,3591,1075,2946,4995,10000,0
A5 54 43 4B 05 E8 0D 32 04 82 0B 83 13 10 27 00 00 00 0E  TEL,19267,S5,3560,1074,2946,4995,10000,0
A5 54 44 4B 05 E8 0D 32 04 82 0B 83 13 10 27 00 00 00 00  TEL,19268,S5,3560,1074,2946,4995,10000,0
A5 54 45 4B 05 E8 0D 32 04 82 0B 83 13 10 27 00 00 00 02  TEL,19269,S5,3560,1074,2946,4995,10000,0
A5 54 46 4B 05 07 0E 33 04 82 0B 83 13 10 27 00 00 00 51  TEL,19270,S5,3591,1075,2946,4995,10000,0
A5 54 47 4B 05 45 0E 35 04 82 0B 83 13 10 27 00 00 00 C5  TEL,19271,S5,3653,1077,2946,4995,10000,0
A5 54 48 4B 05 07 0E 33 04 82 0B 83 13 10 27 00 00 00 4D  TEL,19272,S5,3591,1075,2946,4995,10000,0
A5 54 49 4B 05 E8 0D 32 04 82 0B 83 13 10 27 00 00 00 1A  TEL,19273,S5,3560,1074,2946,4995,10000,0
A5 54 4A 4B 05 07 0E 33 04 82 0B 83 13 10 27 00 00 00 49  TEL,19274,S5,3591,1075,2946,4995,10000,0
A5 54 4B 4B 05 07 0E 33 04 82 0B 83 13 10 27 00 00 00 4B  TEL,19275,S5,3591,1075,2946,4995,10000,0
A5 54 4C 4B 05 07 0E 33 04 82 0B 83 13 10 27 00 00 00 45  TEL,19276,S5,3591,1075,2946,4995,10000,0
A5 54 4D 4B 05 8A 0D 2E 04 82 0B 83 13 10 27 00 00 00 4B  TEL,19277,S5,3466,1070,2946,4995,10000,0
A5 54 4E 4B 05 E8 0D 32 04 82 0B 83 13 10 27 00 00 00 14  TEL,19278,S5,3560,1074,2946,4995,10000,0
A5 54 4F 4B 05 E8 0D 32 04 82 0B 83 13 10 27 00 00 00 16  TEL,19279,S5,3560,1074,2946,4995,10000,0
A5 54 50 4B 05 E8 0D 32 04 82 0B 83 13 10 27 00 00 00 28  TEL,19280,S5,3560,1074,2946,4995,10000,0
A5 54 51 4B 05 07 0E 33 04 82 0B 83 13 10 27 00 00 00 7F  TEL,19281,S5,3591,1075,2946,4995,10000,0
A5 54 52 4B 05 07 0E 33 04 82 0B 83 13 10 27 00 00 00 79  TEL,19282,S5,3591,1075,2946,4995,10000,0
A5 54 53 4B 05 07 0E 33 04 82 0B 83 13 10 27 00 00 00 7B  TEL,19283,S5,3591,1075,2946,4995,10000,0
A5 54 54 4B 05 E8 0D 32 04 82 0B 83 13 10 27 00 00 00 20  TEL,19284,S5,3560,1074,2946,4995,10000,0
A5 54 55 4B 05 64 0E 36 04 82 0B 83 13 10 27 00 00 00 AA  TEL,19285,S5,3684,1078,2946,4995,10000,0
A5 54 56 4B 05 07 0E 33 04 82 0B 83 13 10 27 00 00 00 71  TEL,19286,S5,3591,1075,2946,4995,10000,0
A5 54 57 4B 05 26 0E 34 04 82 0B 83 13 10 27 00 00 00 44  TEL,19287,S5,3622,1076,2946,4995,10000,0
A5 54 58 4B 05 8A 0D 2E 04 82 0B 83 13 10 27 00 00 00 61  TEL,19288,S5,3466,1070,2946,4995,10000,0
A5 54 59 4B 05 AA 0D 2F 04 82 0B 83 13 10 27 00 00 00 82  TEL,19289,S5,3498,1071,2946,4995,10000,0
A5 54 5A 4B 05 E8 0D 32 04 82 0B 83 13 10 27 00 00 00 3C  TEL,19290,S5,3560,1074,2946,4995,10000,0
A5 54 5B 4B 05 E8 0D 32 04 82 0B 83 13 10 27 00 00 00 3E  TEL,19291,S5,3560,1074,2946,4995,10000,0
A5 54 5C 4B 05 07 0E 33 04 82 0B 83 13 10 27 00 00 00 65  TEL,19292,S5,3591,1075,2946,4995,10000,0
A5 54 5D 4B 05 07 0E 33 04 82 0B 83 13 10 27 00 00 00 67  TEL,19293,S5,3591,1075,2946,4995,10000,0
A5 54 5E 4B 05 07 0E 33 04 82 0B 83 13 10 27 00 00 00 61  TEL,19294,S5,3591,1075,2946,4995,10000,0
A5 54 5F 4B 05 07 0E 33 04 82 0B 83 13 10 27 00 00 00 63  TEL,19295,S5,3591,1075,2946,4995,10000,0
A5 54 60 4B 05 07 0E 33 04 82 0B 83 13 10 27 00 00 00 1D  TEL,19296,S5,3591,1075,2946,4995,10000,0
A5 54 61 4B 05 07 0E 33 04 82 0B 83 13 10 27 00 00 00 1F  TEL,19297,S5,3591,1075,2946,4995,10000,0
A5 54 62 4B 05 07 0E 33 04 82 0B 83 13 10 27 00 00 00 19  TEL,19298,S5,3591,1075,2946,4995,10000,0
A5 54 63 4B 05 E8 0D 32 04 82 0B 83 13 10 27 00 00 00 4E  TEL,19299,S5,3560,1074,2946,4995,10000,0
A5 54 64 4B 05 E8 0D 32 04 82 0B 83 13 10 27 00 00 00 40  TEL,19300,S5,3560,1074,2946,4995,10000,0
A5 54 65 4B 05 07 0E 33 04 82 0B 83 13 10 27 00 00 00 17  TEL,19301,S5,3591,1075,2946,4995,10000,0
A5 54 66 4B 05 E8 0D 32 04 82 0B 83 13 10 27 00 00 00 44  TEL,19302,S5,3560,1074,2946,4995,10000,0
A5 54 67 4B 05 64 0E 36 04 82 0B 83 13 10 27 00 00 00 CE  TEL,19303,S5,3684,1078,2946,4995,10000,0
A5 54 68 4B 05 07 0E 33 04 82 0B 83 13 10 27 00 00 00 0D  TEL,19304,S5,3591,1075,2946,4995,10000,0
A5 54 69 4B 05 E8 0D 32 04 82 0B 83 13 10 27 00 00 00 5A  TEL,19305,S5,3560,1074,2946,4995,10000,0
A5 54 6A 4B 05 E8 0D 32 04 82 0B 83 13 10 27 00 00 00 5C  TEL,19306,S5,3560,1074,2946,4995,10000,0
A5 54 6B 4B 05 E8 0D 32 04 82 0B 83 13 10 27 00 00 00 5E  TEL,19307,S5,3560,1074,2946,4995,10000,0
A5 54 6C 4B 05 07 0E 33 04 82 0B 83 13 10 27 00 00 00 05  TEL,19308,S5,3591,1075,2946,4995,10000,0
A5 54 6D 4B 05 07 0E 33 04 82 0B 83 13 10 27 00 00 00 07  TEL,19309,S5,3591,1075,2946,4995,10000,0
A5 54 6E 4B 05 AA 0D 2F 04 82 0B 83 13 10 27 00 00 00 EC  TEL,19310,S5,3498,1071,2946,4995,10000,0
A5 54 6F 4B 05 E8 0D 32 04 82 0B 83 13 10 27 00 00 00 56  TEL,19311,S5,3560,1074,2946,4995,10000,0
A5 54 70 4B 05 07 0E 33 04 82 0B 83 13 10 27 00 00 00 3D  TEL,19312,S5,3591,1075,2946,4995,10000,0
A5 54 71 4B 05 C9 0D 31 04 82 0B 83 13 10 27 00 00 00 21  TEL,19313,S5,3529,1073,2946,4995,10000,0
A5 54 72 4B 05 E8 0D 32 04 82 0B 83 13 10 27 00 00 00 6C  TEL,19314,S5,3560,1074,2946,4995,10000,0
A5 54 73 4B 05 07 0E 33 04 82 0B 83 13 10 27 00 00 00 3B  TEL,19315,S5,3591,1075,2946,4995,10000,0
A5 54 74 4B 05 07 0E 33 04 82 0B 83 13 10 27 00 00 00 35  TEL,19316,S5,3591,1075,2946,4995,10000,0
A5 54 75 4B 05 E8 0D 32 04 82 0B 83 13 10 27 00 00 00 62  TEL,19317,S5,3560,1074,2946,4995,10000,0
A5 54 76 4B 05 07 0E 33 04 82 0B 83 13 10 27 00 00 00 31  TEL,19318,S5,3591,1075,2946,4995,10000,0
A5 54 77 4B 05 26 0E 34 04 82 0B 83 13 10 27 00 00 00 04  TEL,19319,S5,3622,1076,2946,4995,10000,0
A5 54 78 4B 05 C9 0D 30 04 82 0B 83 13 10 27 00 00 00 2C  TEL,19320,S5,3529,1072,2946,4995,10000,0
A5 54 79 4B 05 E8 0D 32 04 82 0B 83 13 10 27 00 00 00 7A  TEL,19321,S5,3560,1074,2946,4995,10000,0
A5 54 7A 4B 05 E8 0D 32 04 82 0B 83 13 10 27 00 00 00 7C  TEL,19322,S5,3560,1074,2946,4995,10000,0
A5 54 7B 4B 05 E8 0D 32 04 82 0B 83 13 10 27 00 00 00 7E  TEL,19323,S5,3560,1074,2946,4995,10000,0
A5 42 7A 00 05 7C 4B C7 26 DA 14 D9 26 DA 14 DA 26 DA 14 BF  BTN,122,S5,PRESSED,19324,349841095,349841113,349841114
A5 54 7D 4B 05 E8 0D 32 04 82 0B BC 13 10 27 00 00 01 FE  TEL,19325,S5,3560,1074,2946,5052,10000,1
A5 54 7E 4B 05 26 0E 34 04 82 0B 83 13 10 27 00 00 00 16  TEL,19326,S5,3622,1076,2946,4995,10000,0
A5 54 7F 4B 05 83 0E 37 04 82 0B 83 13 10 27 00 00 00 F0  TEL,19327,S5,3715,1079,2946,4995,10000,0
A5 54 80 4B 05 E8 0D 32 04 82 0B 83 13 10 27 00 00 00 8F  TEL,19328,S5,3560,1074,2946,4995,10000,0
A5 54 81 4B 05 26 0E 34 04 82 0B 83 13 10 27 00 00 00 EF  TEL,19329,S5,3622,1076,2946,4995,10000,0
A5 54 82 4B 05 C9 0D 30 04 82 0B 83 13 10 27 00 00 00 DF  TEL,19330,S5,3529,1072,2946,4995,10000,0
A5 54 83 4B 05 07 0E 33 04 82 0B 83 13 10 27 00 00 00 DC  TEL,19331,S5,3591,1075,2946,4995,10000,0
A5 54 84 4B 05 E8 0D 32 04 82 0B 83 13 10 27 00 00 00 87  TEL,19332,S5,3560,1074,2946,4995,10000,0
A5 54 85 4B 05 07 0E 33 04 82 0B 83 13 10 27 00 00 00 D0  TEL,19333,S5,3591,1075,2946,4995,10000,0
A5 54 86 4B 05 E8 0D 32 04 82 0B 83 13 10 27 00 00 00 83  TEL,19334,S5,3560,1074,2946,4995,10000,0
A5 54 87 4B 05 07 0E 33 04 82 0B 83 13 10 27 00 00 00 D4  TEL,19335,S5,3591,1075,2946,4995,10000,0
A5 54 88 4B 05 07 0E 33 04 82 0B 83 13 10 27 00 00 00 CA  TEL,19336,S5,3591,1075,2946,4995,10000,0
A5 54 89 4B 05 E8 0D 32 04 82 0B 83 13 10 27 00 00 00 9D  TEL,19337,S5,3560,1074,2946,4995,10000,0
A5 54 8A 4B 05 E8 0D 32 04 82 0B 83 13 10 27 00 00 00 9B  TEL,19338,S5,3560,1074,2946,4995,10000,0
A5 54 8B 4B 05 07 0E 33 04 82 0B 83 13 10 27 00 00 00 CC  TEL,19339,S5,3591,1075,2946,4995,10000,0
A5 54 8C 4B 05 07 0E 33 04 82 0B 8E 13 10 27 00 00 00 82  TEL,19340,S5,3591,1075,2946,5006,10000,0
A5 54 8D 4B 05 07 0E 33 04 82 0B 83 13 10 27 00 00 00 C0  TEL,19341,S5,3591,1075,2946,4995,10000,0
A5 54 8E 4B 05 07 0E 33 04 82 0B 83 13 10 27 00 00 00 C6  TEL,19342,S5,3591,1075,2946,4995,10000,0
A5 54 8F 4B 05 E8 0D 32 04 82 0B 83 13 10 27 00 00 00 91  TEL,19343,S5,3560,1074,2946,4995,10000,0
A5 54 90 4B 05 E8 0D 32 04 82 0B 83 13 10 27 00 00 00 AF  TEL,19344,S5,3560,1074,2946,4995,10000,0
A5 54 91 4B 05 E8 0D 32 04 82 0B 83 13 10 27 00 00 00 AD  TEL,19345,S5,3560,1074,2946,4995,10000,0
A5 54 92 4B 05 07 0E 33 04 82 0B 83 13 10 27 00 00 00 FE  TEL,19346,S5,3591,1075,2946,4995,10000,0
A5 54 93 4B 05 07 0E 33 04 82 0B 83 13 10 27 00 00 00 FC  TEL,19347,S5,3591,1075,2946,4995,10000,0
A5 54 94 4B 05 C9 0D 31 04 82 0B 83 13 10 27 00 00 00 EC  TEL,19348,S5,3529,1073,2946,4995,10000,0
A5 54 95 4B 05 E8 0D 32 04 82 0B 83 13 10 27 00 00 00 A5  TEL,19349,S5,3560,1074,2946,4995,10000,0
A5 54 96 4B 05 E8 0D 32 04 82 0B 83 13 10 27 00 00 00 A3  TEL,19350,S5,3560,1074,2946,4995,10000,0
A5 54 97 4B 05 C9 0D 31 04 82 0B 83 13 10 27 00 00 00 EA  TEL,19351,S5,3529,1073,2946,4995,10000,0
A5 54 98 4B 05 45 0E 35 04 82 0B 83 13 10 27 00 00 00 7C  TEL,19352,S5,3653,1077,2946,4995,10000,0
A5 54 99 4B 05 C9 0D 30 04 82 0B 83 13 10 27 00 00 00 E9  TEL,19353,S5,3529,1072,2946,4995,10000,0
A5 54 9A 4B 05 E8 0D 32 04 82 0B 83 13 10 27 00 00 00 BB  TEL,19354,S5,3560,1074,2946,4995,10000,0
A5 54 9B 4B 05 07 0E 33 04 82 0B 83 13 10 27 00 00 00 EC  TEL,19355,S5,3591,1075,2946,4995,10000,0
A5 54 9C 4B 05 07 0E 33 04 82 0B 83 13 10 27 00 00 00 E2  TEL,19356,S5,3591,1075,2946,4995,10000,0
A5 54 9D 4B 05 07 0E 33 04 82 0B 83 13 10 27 00 00 00 E0  TEL,19357,S5,3591,1075,2946,4995,10000,0
A5 54 9E 4B 05 07 0E 33 04 82 0B 83 13 10 27 00 00 00 E6  TEL,19358,S5,3591,1075,2946,4995,10000,0
A5 54 9F 4B 05 E8 0D 32 04 82 0B 83 13 10 27 00 00 00 B1  TEL,19359,S5,3560,1074,2946,4995,10000,0
A5 54 A0 4B 05 E8 0D 32 04 82 0B 83 13 10 27 00 00 00 CF  TEL,19360,S5,3560,1074,2946,4995,10000,0
A5 54 A1 4B 05 E8 0D 32 04 82 0B 83 13 10 27 00 00 00 CD  TEL,19361,S5,3560,1074,2946,4995,10000,0
A5 54 A2 4B 05 C9 0D 31 04 82 0B 83 13 10 27 00 00 00 80  TEL,19362,S5,3529,1073,2946,4995,10000,0
A5 54 A3 4B 05 07 0E 33 04 82 0B 83 13 10 27 00 00 00 9C  TEL,19363,S5,3591,1075,2946,4995,10000,0
A5 54 A4 4B 05 64 0E 36 04 82 0B 83 13 10 27 00 00 00 4F  TEL,19364,S5,3684,1078,2946,4995,10000,0
A5 54 A5 4B 05 07 0E 33 04 82 0B 83 13 10 27 00 00 00 90  TEL,19365,S5,3591,1075,2946,4995,10000,0
A5 54 A6 4B 05 E8 0D 32 04 82 0B 83 13 10 27 00 00 00 C3  TEL,19366,S5,3560,1074,2946,4995,10000,0
A5 54 A7 4B 05 07 0E 33 04 82 0B 83 13 10 27 00 00 00 94  TEL,19367,S5,3591,1075,2946,4995,10000,0
A5 54 A8 4B 05 07 0E 33 04 82 0B 83 13 10 27 00 00 00 8A  TEL,19368,S5,3591,1075,2946,4995,10000,0
A5 54 A9 4B 05 07 0E 33 04 82 0B 83 13 10 27 00 00 00 88  TEL,19369,S5,3591,1075,2946,4995,10000,0
A5 54 AA 4B 05 07 0E 33 04 82 0B 83 13 10 27 00 00 00 8E  TEL,19370,S5,3591,1075,2946,4995,10000,0
A5 54 AB 4B 05 07 0E 33 04 82 0B 83 13 10 27 00 00 00 8C  TEL,19371,S5,3591,1075,2946,4995,10000,0
A5 54 AC 4B 05 C9 0D 31 04 82 0B 83 13 10 27 00 00 00 9C  TEL,19372,S5,3529,1073,2946,4995,10000,0
A5 54 AD 4B 05 E8 0D 32 04 82 0B 83 13 10 27 00 00 00 D5  TEL,19373,S5,3560,1074,2946,4995,10000,0
A5 54 AE 4B 05 07 0E 33 04 82 0B 83 13 10 27 00 00 00 86  TEL,19374,S5,3591,1075,2946,4995,10000,0
A5 54 AF 4B 05 E8 0D 32 04 82 0B 83 13 10 27 00 00 00 D1  TEL,19375,S5,3560,1074,2946,4995,10000,0
A5 54 B0 4B 05 C9 0D 30 04 82 0B 83 13 10 27 00 00 00 BB  TEL,19376,S5,3529,1072,2946,4995,10000,0
A5 54 B1 4B 05 E8 0D 32 04 82 0B 83 13 10 27 00 00 00 ED  TEL,19377,S5,3560,1074,2946,4995,10000,0
A5 54 B2 4B 05 07 0E 33 04 82 0B 83 13 10 27 00 00 00 BE  TEL,19378,S5,3591,1075,2946,4995,10000,0
A5 54 B3 4B 05 07 0E 33 04 82 0B 83 13 10 27 00 00 00 BC  TEL,19379,S5,3591,1075,2946,4995,10000,0
A5 54 B4 4B 05 E8 0D 32 04 82 0B 83 13 10 27 00 00 00 E7  TEL,19380,S5,3560,1074,2946,4995,10000,0
A5 54 B5 4B 05 07 0E 33 04 82 0B 83 13 10 27 00 00 00 B0  TEL,19381,S5,3591,1075,2946,4995,10000,0
A5 54 B6 4B 05 07 0E 33 04 82 0B 83 13 10 27 00 00 00 B6  TEL,19382,S5,3591,1075,2946,4995,10000,0
A5 54 B7 4B 05 07 0E 33 04 82 0B 83 13 10 27 00 00 00 B4  TEL,19383,S5,3591,1075,2946,4995,10000,0
A5 54 B8 4B 05 45 0E 35 04 82 0B 83 13 10 27 00 00 00 3C  TEL,19384,S5,3653,1077,2946,4995,10000,0
A5 54 B9 4B 05 07 0E 33 04 82 0B 83 13 10 27 00 00 00 A8  TEL,19385,S5,3591,1075,2946,4995,10000,0
A5 54 BA 4B 05 E8 0D 32 04 82 0B 83 13 10 27 00 00 00 FB  TEL,19386,S5,3560,1074,2946,4995,10000,0
A5 54 BB 4B 05 07 0E 33 04 82 0B 83 13 10 27 00 00 00 AC  TEL,19387,S5,3591,1075,2946,4995,10000,0
A5 54 BC 4B 05 E8 0D 32 04 82 0B 83 13 10 27 00 00 00 F7  TEL,19388,S5,3560,1074,2946,4995,10000,0
A5 54 BD 4B 05 E8 0D 32 04 82 0B 83 13 10 27 00 00 00 F5  TEL,19389,S5,3560,1074,2946,4995,10000,0
A5 54 BE 4B 05 07 0E 33 04 82 0B 83 13 10 27 00 00 00 A6  TEL,19390,S5,3591,1075,2946,4995,10000,0
A5 54 BF 4B 05 C9 0D 31 04 82 0B 83 13 10 27 00 00 00 BA  TEL,19391,S5,3529,1073,2946,4995,10000,0
A5 54 C0 4B 05 07 0E 33 04 82 0B 83 13 10 27 00 00 00 5A  TEL,19392,S5,3591,1075,2946,4995,10000,0
A5 54 C1 4B 05 8A 0D 2E 04 82 0B 83 13 10 27 00 00 00 54  TEL,19393,S5,3466,1070,2946,4995,10000,0
A5 54 C2 4B 05 E8 0D 32 04 82 0B 83 13 10 27 00 00 00 0B  TEL,19394,S5,3560,1074,2946,4995,10000,0
A5 54 C3 4B 05 07 0E 33 04 82 0B 83 13 10 27 00 00 00 5C  TEL,19395,S5,3591,1075,2946,4995,10000,0
A5 54 C4 4B 05 E8 0D 32 04 82 0B 83 13 10 27 00 00 00 07  TEL,19396,S5,3560,1074,2946,4995,10000,0
A5 54 C5 4B 05 E8 0D 32 04 82 0B 83 13 10 27 00 00 00 05  TEL,19397,S5,3560,1074,2946,4995,10000,0
A5 54 C6 4B 05 E8 0D 32 04 82 0B 83 13 10 27 00 00 00 03  TEL,19398,S5,3560,1074,2946,4995,10000,0
A5 54 C7 4B 05 07 0E 33 04 82 0B 83 13 10 27 00 00 00 54  TEL,19399,S5,3591,1075,2946,4995,10000,0
A5 54 C8 4B 05 07 0E 33 04 82 0B 83 13 10 27 00 00 00 4A  TEL,19400,S5,3591,1075,2946,4995,10000,0
A5 54 C9 4B 05 C9 0D 31 04 82 0B 83 13 10 27 00 00 00 56  TEL,19401,S5,3529,1073,2946,4995,10000,0
A5 54 CA 4B 05 07 0E 33 04 82 0B 83 13 10 27 00 00 00 4E  TEL,19402,S5,3591,1075,2946,4995,10000,0
A5 54 CB 4B 05 E8 0D 32 04 82 0B 83 13 10 27 00 00 00 19  TEL,19403,S5,3560,1074,2946,4995,10000,0
A5 54 CC 4B 05 E8 0D 32 04 82 0B 83 13 10 27 00 00 00 17  TEL,19404,S5,3560,1074,2946,4995,10000,0
A5 54 CD 4B 05 07 0E 33 04 82 0B 83 13 10 27 00 00 00 40  TEL,19405,S5,3591,1075,2946,4995,10000,0
A5 54 CE 4B 05 C9 0D 31 04 82 0B 83 13 10 27 00 00 00 58  TEL,19406,S5,3529,1073,2946,4995,10000,0
A5 54 CF 4B 05 E8 0D 32 04 82 0B 83 13 10 27 00 00 00 11  TEL,19407,S5,3560,1074,2946,4995,10000,0
A5 54 D0 4B 05 E8 0D 32 04 82 0B 83 13 10 27 00 00 00 2F  TEL,19408,S5,3560,1074,2946,4995,10000,0
A5 54 D1 4B 05 C9 0D 31 04 82 0B 83 13 10 27 00 00 00 66  TEL,19409,S5,3529,1073,2946,4995,10000,0
A5 54 D2 4B 05 C9 0D 31 04 82 0B 83 13 10 27 00 00 00 60  TEL,19410,S5,3529,1073,2946,4995,10000,0
A5 54 D3 4B 05 64 0E 36 04 82 0B 83 13 10 27 00 00 00 A1  TEL,19411,S5,3684,1078,2946,4995,10000,0
A5 54 D4 4B 05 07 0E 33 04 82 0B 83 13 10 27 00 00 00 72  TEL,19412,S5,3591,1075,2946,4995,10000,0
A5 54 D5 4B 05 C9 0D 31 04 82 0B 83 13 10 27 00 00 00 6E  TEL,19413,S5,3529,1073,2946,4995,10000,0
A5 54 D6 4B 05 07 0E 33 04 82 0B 83 13 10 27 00 00 00 76  TEL,19414,S5,3591,1075,2946,4995,10000,0
A5 54 D7 4B 05 E8 0D 32 04 82 0B 83 13 10 27 00 00 00 21  TEL,19415,S5,3560,1074,2946,4995,10000,0
A5 54 D8 4B 05 E8 0D 32 04 82 0B 83 13 10 27 00 00 00 3F  TEL,19416,S5,3560,1074,2946,4995,10000,0
A5 54 D9 4B 05 26 0E 34 04 82 0B 83 13 10 27 00 00 00 5F  TEL,19417,S5,3622,1076,2946,4995,10000,0
A5 54 DA 4B 05 07 0E 33 04 82 0B 83 13 10 27 00 00 00 6E  TEL,19418,S5,3591,1075,2946,4995,10000,0
A5 54 DB 4B 05 E8 0D 32 04 82 0B 83 13 10 27 00 00 00 39  TEL,19419,S5,3560,1074,2946,4995,10000,0
A5 54 DC 4B 05 07 0E 33 04 82 0B 83 13 10 27 00 00 00 62  TEL,19420,S5,3591,1075,2946,4995,10000,0
A5 54 DD 4B 05 07 0E 33 04 82 0B 83 13 10 27 00 00 00 60  TEL,19421,S5,3591,1075,2946,4995,10000,0
A5 54 DE 4B 05 E8 0D 32 04 82 0B 83 13 10 27 00 00 00 33  TEL,19422,S5,3560,1074,2946,4995,10000,0
A5 54 DF 4B 05 07 0E 33 04 82 0B 83 13 10 27 00 00 00 64  TEL,19423,S5,3591,1075,2946,4995,10000,0
A5 54 E0 4B 05 83 0E 37 04 82 0B 83 13 10 27 00 00 00 C9  TEL,19424,S5,3715,1079,2946,4995,10000,0
A5 54 E1 4B 05 07 0E 33 04 82 0B 83 13 10 27 00 00 00 18  TEL,19425,S5,3591,1075,2946,4995,10000,0
A5 54 E2 4B 05 07 0E 33 04 82 0B 83 13 10 27 00 00 00 1E  TEL,19426,S5,3591,1075,2946,4995,10000,0
A5 54 E3 4B 05 E8 0D 32 04 82 0B 83 13 10 27 00 00 00 49  TEL,19427,S5,3560,1074,2946,4995,10000,0
A5 54 E4 4B 05 E8 0D 32 04 82 0B 83 13 10 27 00 00 00 47  TEL,19428,S5,3560,1074,2946,4995,10000,0
A5 54 E5 4B 05 83 0E 37 04 82 0B 83 13 10 27 00 00 00 C3  TEL,19429,S5,3715,1079,2946,4995,10000,0
A5 54 E6 4B 05 E8 0D 32 04 82 0B 83 13 10 27 00 00 00 43  TEL,19430,S5,3560,1074,2946,4995,10000,0
A5 54 E7 4B 05 64 0E 36 04 82 0B 83 13 10 27 00 00 00 C9  TEL,19431,S5,3684,1078,2946,4995,10000,0
A5 54 E8 4B 05 26 0E 34 04 82 0B 83 13 10 27 00 00 00 3D  TEL,19432,S5,3622,1076,2946,4995,10000,0
A5 54 E9 4B 05 E8 0D 32 04 82 0B 83 13 10 27 00 00 00 5D  TEL,19433,S5,3560,1074,2946,4995,10000,0
A5 54 EA 4B 05 45 0E 35 04 82 0B 83 13 10 27 00 00 00 98  TEL,19434,S5,3653,1077,2946,4995,10000,0
A5 54 EB 4B 05 E8 0D 32 04 82 0B 83 13 10 27 00 00 00 59  TEL,19435,S5,3560,1074,2946,4995,10000,0
A5 54 EC 4B 05 E8 0D 32 04 82 0B 83 13 10 27 00 00 00 57  TEL,19436,S5,3560,1074,2946,4995,10000,0
A5 54 ED 4B 05 07 0E 33 04 82 0B 83 13 10 27 00 00 00 00  TEL,19437,S5,3591,1075,2946,4995,10000,0
A5 54 EE 4B 05 E8 0D 32 04 82 0B 83 13 10 27 00 00 00 53  TEL,19438,S5,3560,1074,2946,4995,10000,0
A5 54 EF 4B 05 E8 0D 32 04 82 0B 83 13 10 27 00 00 00 51  TEL,19439,S5,3560,1074,2946,4995,10000,0
A5 54 F0 4B 05 E8 0D 32 04 82 0B 83 13 10 27 00 00 00 6F  TEL,19440,S5,3560,1074,2946,4995,10000,0
A5 54 F1 4B 05 E8 0D 32 04 82 0B 83 13 10 27 00 00 00 6D  TEL,19441,S5,3560,1074,2946,4995,10000,0
A5 54 F2 4B 05 E8 0D 32 04 82 0B 83 13 10 27 00 00 00 6B  TEL,19442,S5,3560,1074,2946,4995,10000,0
A5 54 F3 4B 05 C9 0D 31 04 82 0B 83 13 10 27 00 00 00 22  TEL,19443,S5,3529,1073,2946,4995,10000,0
A5 54 F4 4B 05 07 0E 33 04 82 0B 83 13 10 27 00 00 00 32  TEL,19444,S5,3591,1075,2946,4995,10000,0
A5 54 F5 4B 05 07 0E 33 04 82 0B 83 13 10 27 00 00 00 30  TEL,19445,S5,3591,1075,2946,4995,10000,0
A5 54 F6 4B 05 E8 0D 32 04 82 0B 83 13 10 27 00 00 00 63  TEL,19446,S5,3560,1074,2946,4995,10000,0
A5 54 F7 4B 05 E8 0D 32 04 82 0B 83 13 10 27 00 00 00 61  TEL,19447,S5,3560,1074,2946,4995,10000,0
A5 54 F8 4B 05 45 0E 35 04 82 0B 83 13 10 27 00 00 00 BC  TEL,19448,S5,3653,1077,2946,4995,10000,0
A5 54 F9 4B 05 07 0E 33 04 82 0B 83 13 10 27 00 00 00 28  TEL,19449,S5,3591,1075,2946,4995,10000,0
A5 54 FA 4B 05 45 0E 35 04 82 0B 83 13 10 27 00 00 00 B8  TEL,19450,S5,3653,1077,2946,4995,10000,0
A5 54 FB 4B 05 07 0E 33 04 82 0B 83 13 10 27 00 00 00 2C  TEL,19451,S5,3591,1075,2946,4995,10000,0
A5 54 FC 4B 05 E8 0D 32 04 82 0B 83 13 10 27 00 00 00 77  TEL,19452,S5,3560,1074,2946,4995,10000,0
A5 54 FD 4B 05 07 0E 33 04 82 0B 83 13 10 27 00 00 00 20  TEL,19453,S5,3591,1075,2946,4995,10000,0
A5 54 FE 4B 05 07 0E 33 04 82 0B 83 13 10 27 00 00 00 26  TEL,19454,S5,3591,1075,2946,4995,10000,0
A5 54 FF 4B 05 E8 0D 32 04 82 0B 83 13 10 27 00 00 00 71  TEL,19455,S5,3560,1074,2946,4995,10000,0
A5 54 00 4C 05 07 0E 33 04 82 0B 83 13 10 27 00 00 00 DF  TEL,19456,S5,3591,1075,2946,4995,10000,0
A5 54 01 4C 05 E8 0D 32 04 82 0B 83 13 10 27 00 00 00 88  TEL,19457,S5,3560,1074,2946,4995,10000,0
A5 54 02 4C 05 07 0E 33 04 82 0B 83 13 10 27 00 00 00 DB  TEL,19458,S5,3591,1075,2946,4995,10000,0
A5 54 03 4C 05 E8 0D 32 04 82 0B 83 13 10 27 00 00 00 8C  TEL,19459,S5,3560,1074,2946,4995,10000,0
A5 54 04 4C 05 07 0E 33 04 82 0B 83 13 10 27 00 00 00 D7  TEL,19460,S5,3591,1075,2946,4995,10000,0
A5 54 05 4C 05 07 0E 33 04 82 0B 83 13 10 27 00 00 00 D5  TEL,19461,S5,3591,1075,2946,4995,10000,0
A5 54 06 4C 05 64 0E 36 04 82 0B 83 13 10 27 00 00 00 0E  TEL,19462,S5,3684,1078,2946,4995,10000,0
A5 54 07 4C 05 07 0E 33 04 82 0B 83 13 10 27 00 00 00 D1  TEL,19463,S5,3591,1075,2946,4995,10000,0
A5 54 08 4C 05 45 0E 35 04 82 0B 83 13 10 27 00 00 00 59  TEL,19464,S5,3653,1077,2946,4995,10000,0
A5 54 09 4C 05 07 0E 33 04 82 0B 83 13 10 27 00 00 00 CD  TEL,19465,S5,3591,1075,2946,4995,10000,0
A5 54 0A 4C 05 E8 0D 32 04 82 0B 83 13 10 27 00 00 00 9E  TEL,19466,S5,3560,1074,2946,4995,10000,0
A5 54 0B 4C 05 E8 0D 32 04 82 0B 83 13 10 27 00 00 00 9C  TEL,19467,S5,3560,1074,2946,4995,10000,0
A5 54 0C 4C 05 07 0E 33 04 82 0B 83 13 10 27 00 00 00 C7  TEL,19468,S5,3591,1075,2946,4995,10000,0
A5 54 0D 4C 05 E8 0D 32 04 82 0B 83 13 10 27 00 00 00 90  TEL,19469,S5,3560,1074,2946,4995,10000,0
A5 54 0E 4C 05 E8 0D 32 04 82 0B 83 13 10 27 00 00 00 96  TEL,19470,S5,3560,1074,2946,4995,10000,0
A5 54 0F 4C 05 07 0E 33 04 82 0B 83 13 10 27 00 00 00 C1  TEL,19471,S5,3591,1075,2946,4995,10000,0
A5 54 10 4C 05 E8 0D 32 04 82 0B 83 13 10 27 00 00 00 AA  TEL,19472,S5,3560,1074,2946,4995,10000,0
A5 54 11 4C 05 07 0E 33 04 82 0B 83 13 10 27 00 00 00 FD  TEL,19473,S5,3591,1075,2946,4995,10000,0
A5 54 12 4C 05 07 0E 33 04 82 0B 83 13 10 27 00 00 00 FB  TEL,19474,S5,3591,1075,2946,4995,10000,0
A5 54 13 4C 05 07 0E 33 04 82 0B 83 13 10 27 00 00 00 F9  TEL,19475,S5,3591,1075,2946,4995,10000,0
A5 54 14 4C 05 E8 0D 32 04 82 0B 83 13 10 27 00 00 00 A2  TEL,19476,S5,3560,1074,2946,4995,10000,0
A5 54 15 4C 05 07 0E 33 04 82 0B 83 13 10 27 00 00 00 F5  TEL,19477,S5,3591,1075,2946,4995,10000,0
A5 54 16 4C 05 07 0E 33 04 82 0B 83 13 10 27 00 00 00 F3  TEL,19478,S5,3591,1075,2946,4995,10000,0
A5 54 17 4C 05 E8 0D 32 04 82 0B 83 13 10 27 00 00 00 A4  TEL,19479,S5,3560,1074,2946,4995,10000,0
A5 54 18 4C 05 07 0E 33 04 82 0B 83 13 10 27 00 00 00 EF  TEL,19480,S5,3591,1075,2946,4995,10000,0
A5 54 19 4C 05 E8 0D 32 04 82 0B 83 13 10 27 00 00 00 B8  TEL,19481,S5,3560,1074,2946,4995,10000,0
A5 54 1A 4C 05 C9 0D 30 04 82 0B 83 13 10 27 00 00 00 EA  TEL,19482,S5,3529,1072,2946,4995,10000,0
A5 54 1B 4C 05 07 0E 33 04 82 0B 83 13 10 27 00 00 00 E9  TEL,19483,S5,3591,1075,2946,4995,10000,0
A5 54 1C 4C 05 26 0E 34 04 82 0B 83 13 10 27 00 00 00 D0  TEL,19484,S5,3622,1076,2946,4995,10000,0
A5 54 1D 4C 05 07 0E 33 04 82 0B 83 13 10 27 00 00 00 E5  TEL,19485,S5,3591,1075,2946,4995,10000,0
A5 42 7B 00 05 1E 4C 5E A1 F2 14 6F A1 F2 14 71 A1 F2 14 2D  BTN,123,S5,PRESSED,19486,351445342,351445359,351445361
A5 54 1F 4C 05 E8 0D 32 04 82 0B 83 13 10 27 00 00 00 B4  TEL,19487,S5,3560,1074,2946,4995,10000,0
A5 54 20 4C 05 07 0E 33 04 82 0B 83 13 10 27 00 00 00 9F  TEL,19488,S5,3591,1075,2946,4995,10000,0
A5 54 21 4C 05 E8 0D 32 04 82 0B 83 13 10 27 00 00 00 C8  TEL,19489,S5,3560,1074,2946,4995,10000,0
A5 54 22 4C 05 07 0E 33 04 82 0B 83 13 10 27 00 00 00 9B  TEL,19490,S5,3591,1075,2946,4995,10000,0
A5 54 23 4C 05 E8 0D 32 04 82 0B 83 13 10 27 00 00 00 CC  TEL,19491,S5,3560,1074,2946,4995,10000,0
A5 54 24 4C 05 64 0E 36 04 82 0B 83 13 10 27 00 00 00 4A  TEL,19492,S5,3684,1078,2946,4995,10000,0
A5 54 25 4C 05 E8 0D 32 04 82 0B 83 13 10 27 00 00 00 C0  TEL,19493,S5,3560,1074,2946,4995,10000,0
A5 54 26 4C 05 07 0E 33 04 82 0B 83 13 10 27 00 00 00 93  TEL,19494,S5,3591,1075,2946,4995,10000,0
A5 54 27 4C 05 E8 0D 32 04 82 0B 83 13 10 27 00 00 00 C4  TEL,19495,S5,3560,1074,2946,4995,10000,0
A5 54 28 4C 05 E8 0D 32 04 82 0B 83 13 10 27 00 00 00 DA  TEL,19496,S5,3560,1074,2946,4995,10000,0
A5 54 29 4C 05 26 0E 34 04 82 0B 83 13 10 27 00 00 00 BA  TEL,19497,S5,3622,1076,2946,4995,10000,0
A5 54 2A 4C 05 07 0E 33 04 82 0B 83 13 10 27 00 00 00 8B  TEL,19498,S5,3591,1075,2946,4995,10000,0
A5 54 2B 4C 05 07 0E 33 04 82 0B 83 13 10 27 00 00 00 89  TEL,19499,S5,3591,1075,2946,4995,10000,0
A5 54 2C 4C 05 64 0E 36 04 82 0B 83 13 10 27 00 00 00 5A  TEL,19500,S5,3684,1078,2946,4995,10000,0
A5 54 2D 4C 05 E8 0D 32 04 82 0B 83 13 10 27 00 00 00 D0  TEL,19501,S5,3560,1074,2946,4995,10000,0
A5 54 2E 4C 05 C9 0D 30 04 82 0B 83 13 10 27 00 00 00 82  TEL,19502,S5,3529,1072,2946,4995,10000,0
A5 54 2F 4C 05 E8 0D 32 04 82 0B 86 13 10 27 00 00 00 7E  TEL,19503,S5,3560,1074,2946,4998,10000,0
A5 54 30 4C 05 26 0E 34 04 82 0B 83 13 10 27 00 00 00 88  TEL,19504,S5,3622,1076,2946,4995,10000,0
A5 54 31 4C 05 07 0E 33 04 82 0B 83 13 10 27 00 00 00 BD  TEL,19505,S5,3591,1075,2946,4995,10000,0
A5 54 32 4C 05 E8 0D 32 04 82 0B 83 13 10 27 00 00 00 EE  TEL,19506,S5,3560,1074,2946,4995,10000,0
A5 54 33 4C 05 E8 0D 32 04 82 0B 83 13 10 27 00 00 00 EC  TEL,19507,S5,3560,1074,2946,4995,10000,0
A5 54 34 4C 05 07 0E 33 04 82 0B 83 13 10 27 00 00 00 B7  TEL,19508,S5,3591,1075,2946,4995,10000,0
A5 54 35 4C 05 07 0E 33 04 82 0B 83 13 10 27 00 00 00 B5  TEL,19509,S5,3591,1075,2946,4995,10000,0
A5 54 36 4C 05 E8 0D 32 04 82 0B 83 13 10 27 00 00 00 E6  TEL,19510,S5,3560,1074,2946,4995,10000,0
A5 54 37 4C 05 E8 0D 32 04 82 0B 83 13 10 27 00 00 00 E4  TEL,19511,S5,3560,1074,2946,4995,10000,0
A5 54 38 4C 05 C9 0D 31 04 82 0B 83 13 10 27 00 00 00 B1  TEL,19512,S5,3529,1073,2946,4995,10000,0
A5 54 39 4C 05 26 0E 34 04 82 0B 83 13 10 27 00 00 00 9A  TEL,19513,S5,3622,1076,2946,4995,10000,0
A5 54 3A 4C 05 E8 0D 32 04 82 0B 83 13 10 27 00 00 00 FE  TEL,19514,S5,3560,1074,2946,4995,10000,0
A5 54 3B 4C 05 C9 0D 30 04 82 0B 83 13 10 27 00 00 00 A8  TEL,19515,S5,3529,1072,2946,4995,10000,0
A5 54 3C 4C 05 8A 0D 2E 04 82 0B 83 13 10 27 00 00 00 AB  TEL,19516,S5,3466,1070,2946,4995,10000,0
A5 54 3D 4C 05 07 0E 33 04 82 0B 83 13 10 27 00 00 00 A5  TEL,19517,S5,3591,1075,2946,4995,10000,0
A5 54 3E 4C 05 07 0E 33 04 82 0B 83 13 10 27 00 00 00 A3  TEL,19518,S5,3591,1075,2946,4995,10000,0
A5 54 3F 4C 05 E8 0D 32 04 82 0B 83 13 10 27 00 00 00 F4  TEL,19519,S5,3560,1074,2946,4995,10000,0
A5 54 40 4C 05 07 0E 33 04 82 0B 83 13 10 27 00 00 00 5F  TEL,19520,S5,3591,1075,2946,4995,10000,0
A5 54 41 4C 05 07 0E 33 04 82 0B 83 13 10 27 00 00 00 5D  TEL,19521,S5,3591,1075,2946,4995,10000,0
A5 54 42 4C 05 4C 0D 2C 04 82 0B 83 13 10 27 00 00 00 12  TEL,19522,S5,3404,1068,2946,4995,10000,0
A5 54 43 4C 05 E8 0D 32 04 82 0B 83 13 10 27 00 00 00 0C  TEL,19523,S5,3560,1074,2946,4995,10000,0
A5 54 44 4C 05 07 0E 33 04 82 0B 83 13 10 27 00 00 00 57  TEL,19524,S5,3591,1075,2946,4995,10000,0
A5 54 45 4C 05 E8 0D 32 04 82 0B 83 13 10 27 00 00 00 00  TEL,19525,S5,3560,1074,2946,4995,10000,0
A5 54 46 4C 05 07 0E 33 04 82 0B 83 13 10 27 00 00 00 53  TEL,19526,S5,3591,1075,2946,4995,10000,0
A5 54 47 4C 05 C9 0D 30 04 82 0B 83 13 10 27 00 00 00 50  TEL,19527,S5,3529,1072,2946,4995,10000,0
A5 54 48 4C 05 E8 0D 32 04 82 0B 83 13 10 27 00 00 00 1A  TEL,19528,S5,3560,1074,2946,4995,10000,0
A5 54 49 4C 05 45 0E 35 04 82 0B 83 13 10 27 00 00 00 DB  TEL,19529,S5,3653,1077,2946,4995,10000,0
A5 54 4A 4C 05 07 0E 33 04 82 0B 83 13 10 27 00 00 00 4B  TEL,19530,S5,3591,1075,2946,4995,10000,0
A5 54 4B 4C 05 C9 0D 31 04 82 0B 83 13 10 27 00 00 00 57  TEL,19531,S5,3529,1073,2946,4995,10000,0
A5 54 4C 4C 05 07 0E 33 04 82 0B 83 13 10 27 00 00 00 47  TEL,19532,S5,3591,1075,2946,4995,10000,0
A5 54 4D 4C 05 07 0E 33 04 82 0B 83 13 10 27 00 00 00 45  TEL,19533,S5,3591,1075,2946,4995,10000,0
A5 54 4E 4C 05 45 0E 35 04 82 0B 83 13 10 27 00 00 00 D5  TEL,19534,S5,3653,1077,2946,4995,10000,0
A5 54 4F 4C 05 07 0E 33 04 82 0B 83 13 10 27 00 00 00 41  TEL,19535,S5,3591,1075,2946,4995,10000,0
A5 54 50 4C 05 07 0E 33 04 82 0B 83 13 10 27 00 00 00 7F  TEL,19536,S5,3591,1075,2946,4995,10000,0
A5 54 51 4C 05 E8 0D 32 04 82 0B 83 13 10 27 00 00 00 28  TEL,19537,S5,3560,1074,2946,4995,10000,0
A5 54 52 4C 05 45 0E 35 04 82 0B 83 13 10 27 00 00 00 ED  TEL,19538,S5,3653,1077,2946,4995,10000,0
A5 54 53 4C 05 E8 0D 32 04 82 0B 83 13 10 27 00 00 00 2C  TEL,19539,S5,3560,1074,2946,4995,10000,0
A5 54 54 4C 05 E8 0D 32 04 82 0B 83 13 10 27 00 00 00 22  TEL,19540,S5,3560,1074,2946,4995,10000,0
A5 54 55 4C 05 07 0E 33 04 82 0B 83 13 10 27 00 00 00 75  TEL,19541,S5,3591,1075,2946,4995,10000,0
A5 54 56 4C 05 07 0E 33 04 82 0B 83 13 10 27 00 00 00 73  TEL,19542,S5,3591,1075,2946,4995,10000,0
A5 54 57 4C 05 07 0E 33 04 82 0B 83 13 10 27 00 00 00 71  TEL,19543,S5,3591,1075,2946,4995,10000,0
A5 54 58 4C 05 07 0E 33 04 82 0B 83 13 10 27 00 00 00 6F  TEL,19544,S5,3591,1075,2946,4995,10000,0
A5 54 59 4C 05 26 0E 34 04 82 0B 83 13 10 27 00 00 00 5A  TEL,19545,S5,3622,1076,2946,4995,10000,0
A5 54 5A 4C 05 07 0E 33 04 82 0B 83 13 10 27 00 00 00 6B  TEL,19546,S5,3591,1075,2946,4995,10000,0
A5 54 5B 4C 05 07 0E 33 04 82 0B 83 13 10 27 00 00 00 69  TEL,19547,S5,3591,1075,2946,4995,10000,0
A5 54 5C 4C 05 07 0E 33 04 82 0B 83 13 10 27 00 00 00 67  TEL,19548,S5,3591,1075,2946,4995,10000,0
A5 54 5D 4C 05 C9 0D 31 04 82 0B 83 13 10 27 00 00 00 7B  TEL,19549,S5,3529,1073,2946,4995,10000,0
A5 54 5E 4C 05 07 0E 33 04 82 0B 83 13 10 27 00 00 00 63  TEL,19550,S5,3591,1075,2946,4995,10000,0
A5 54 5F 4C 05 07 0E 33 04 82 0B 83 13 10 27 00 00 00 61  TEL,19551,S5,3591,1075,2946,4995,10000,0
A5 54 60 4C 05 07 0E 33 04 82 0B 83 13 10 27 00 00 00 1F  TEL,19552,S5,3591,1075,2946,4995,10000,0
A5 54 61 4C 05 07 0E 33 04 82 0B 83 13 10 27 00 00 00 1D  TEL,19553,S5,3591,1075,2946,4995,10000,0
A5 54 62 4C 05 07 0E 33 04 82 0B 83 13 10 27 00 00 00 1B  TEL,19554,S5,3591,1075,2946,4995,10000,0
A5 54 63 4C 05 E8 0D 32 04 82 0B 83 13 10 27 00 00 00 4C  TEL,19555,S5,3560,1074,2946,4995,10000,0
A5 54 64 4C 05 07 0E 33 04 82 0B 83 13 10 27 00 00 00 17  TEL,19556,S5,3591,1075,2946,4995,10000,0
A5 54 65 4C 05 07 0E 33 04 82 0B 83 13 10 27 00 00 00 15  TEL,19557,S5,3591,1075,2946,4995,10000,0
A5 54 66 4C 05 45 0E 35 04 82 0B 83 13 10 27 00 00 00 85  TEL,19558,S5,3653,1077,2946,4995,10000,0
A5 54 67 4C 05 E8 0D 32 04 82 0B 83 13 10 27 00 00 00 44  TEL,19559,S5,3560,1074,2946,4995,10000,0
A5 54 68 4C 05 07 0E 33 04 82 0B 83 13 10 27 00 00 00 0F  TEL,19560,S5,3591,1075,2946,4995,10000,0
A5 54 69 4C 05 26 0E 34 04 82 0B 83 13 10 27 00 00 00 3A  TEL,19561,S5,3622,1076,2946,4995,10000,0
A5 54 6A 4C 05 45 0E 35 04 82 0B 83 13 10 27 00 00 00 9D  TEL,19562,S5,3653,1077,2946,4995,10000,0
A5 54 6B 4C 05 07 0E 33 04 82 0B 83 13 10 27 00 00 00 09  TEL,19563,S5,3591,1075,2946,4995,10000,0
A5 54 6C 4C 05 E8 0D 32 04 82 0B 83 13 10 27 00 00 00 52  TEL,19564,S5,3560,1074,2946,4995,10000,0
A5 54 6D 4C 05 E8 0D 32 04 82 0B 83 13 10 27 00 00 00 50  TEL,19565,S5,3560,1074,2946,4995,10000,0
A5 54 6E 4C 05 07 0E 33 04 82 0B 83 13 10 27 00 00 00 03  TEL,19566,S5,3591,1075,2946,4995,10000,0
A5 54 6F 4C 05 E8 0D 32 04 82 0B 83 13 10 27 00 00 00 54  TEL,19567,S5,3560,1074,2946,4995,10000,0
A5 54 70 4C 05 07 0E 33 04 82 0B 83 13 10 27 00 00 00 3F  TEL,19568,S5,3591,1075,2946,4995,10000,0
A5 54 71 4C 05 07 0E 33 04 82 0B 83 13 10 27 00 00 00 3D  TEL,19569,S5,3591,1075,2946,4995,10000,0
A5 54 72 4C 05 07 0E 33 04 82 0B 83 13 10 27 00 00 00 3B  TEL,19570,S5,3591,1075,2946,4995,10000,0
A5 54 73 4C 05 64 0E 36 04 82 0B 83 13 10 27 00 00 00 E4  TEL,19571,S5,3684,1078,2946,4995,10000,0
A5 54 74 4C 05 07 0E 33 04 82 0B 83 13 10 27 00 00 00 37  TEL,19572,S5,3591,1075,2946,4995,10000,0
A5 54 75 4C 05 E8 0D 32 04 82 0B 83 13 10 27 00 00 00 60  TEL,19573,S5,3560,1074,2946,4995,10000,0
A5 54 76 4C 05 83 0E 37 04 82 0B 83 13 10 27 00 00 00 E0  TEL,19574,S5,3715,1079,2946,4995,10000,0
A5 54 77 4C 05 07 0E 33 04 82 0B 83 13 10 27 00 00 00 31  TEL,19575,S5,3591,1075,2946,4995,10000,0
A5 54 78 4C 05 07 0E 33 04 82 0B 83 13 10 27 00 00 00 2F  TEL,19576,S5,3591,1075,2946,4995,10000,0
A5 54 79 4C 05 45 0E 35 04 82 0B 83 13 10 27 00 00 00 BB  TEL,19577,S5,3653,1077,2946,4995,10000,0
A5 54 7A 4C 05 E8 0D 32 04 82 0B 83 13 10 27 00 00 00 7E  TEL,19578,S5,3560,1074,2946,4995,10000,0
A5 54 7B 4C 05 07 0E 33 04 82 0B 83 13 10 27 00 00 00 29  TEL,19579,S5,3591,1075,2946,4995,10000,0
A5 54 7C 4C 05 E8 0D 32 04 82 0B 83 13 10 27 00 00 00 72  TEL,19580,S5,3560,1074,2946,4995,10000,0
A5 54 7D 4C 05 07 0E 33 04 82 0B 83 13 10 27 00 00 00 25  TEL,19581,S5,3591,1075,2946,4995,10000,0
A5 54 7E 4C 05 07 0E 33 04 82 0B 83 13 10 27 00 00 00 23  TEL,19582,S5,3591,1075,2946,4995,10000,0
A5 54 7F 4C 05 07 0E 33 04 82 0B 83 13 10 27 00 00 00 21  TEL,19583,S5,3591,1075,2946,4995,10000,0
A5 54 80 4C 05 E8 0D 32 04 82 0B 83 13 10 27 00 00 00 8D  TEL,19584,S5,3560,1074,2946,4995,10000,0
A5 54 81 4C 05 07 0E 33 04 82 0B 83 13 10 27 00 00 00 DA  TEL,19585,S5,3591,1075,2946,4995,10000,0
A5 54 82 4C 05 07 0E 33 04 82 0B 83 13 10 27 00 00 00 DC  TEL,19586,S5,3591,1075,2946,4995,10000,0
A5 54 83 4C 05 E8 0D 32 04 82 0B 83 13 10 27 00 00 00 8B  TEL,19587,S5,3560,1074,2946,4995,10000,0
A5 54 84 4C 05 07 0E 33 04 82 0B 83 13 10 27 00 00 00 D0  TEL,19588,S5,3591,1075,2946,4995,10000,0
A5 54 85 4C 05 07 0E 33 04 82 0B 83 13 10 27 00 00 00 D2  TEL,19589,S5,3591,1075,2946,4995,10000,0
A5 54 86 4C 05 07 0E 33 04 82 0B 83 13 10 27 00 00 00 D4  TEL,19590,S5,3591,1075,2946,4995,10000,0
A5 54 87 4C 05 07 0E 33 04 82 0B 83 13 10 27 00 00 00 D6  TEL,19591,S5,3591,1075,2946,4995,10000,0
A5 54 88 4C 05 07 0E 33 04 82 0B 83 13 10 27 00 00 00 C8  TEL,19592,S5,3591,1075,2946,4995,10000,0
A5 54 89 4C 05 83 0E 37 04 82 0B 83 13 10 27 00 00 00 19  TEL,19593,S5,3715,1079,2946,4995,10000,0
A5 54 8A 4C 05 07 0E 33 04 82 0B 83 13 10 27 00 00 00 CC  TEL,19594,S5,3591,1075,2946,4995,10000,0
A5 54 8B 4C 05 E8 0D 32 04 82 0B 83 13 10 27 00 00 00 9B  TEL,19595,S5,3560,1074,2946,4995,10000,0
A5 54 8C 4C 05 07 0E 33 04 82 0B 83 13 10 27 00 00 00 C0  TEL,19596,S5,3591,1075,2946,4995,10000,0
A5 54 8D 4C 05 07 0E 33 04 82 0B 83 13 10 27 00 00 00 C2  TEL,19597,S5,3591,1075,2946,4995,10000,0
A5 54 8E 4C 05 E8 0D 32 04 82 0B 83 13 10 27 00 00 00 91  TEL,19598,S5,3560,1074,2946,4995,10000,0
A5 54 8F 4C 05 07 0E 33 04 82 0B 83 13 10 27 00 00 00 C6  TEL,19599,S5,3591,1075,2946,4995,10000,0
A5 54 90 4C 05 07 0E 33 04 82 0B 83 13 10 27 00 00 00 F8  TEL,19600,S5,3591,1075,2946,4995,10000,0
A5 54 91 4C 05 07 0E 33 04 82 0B 83 13 10 27 00 00 00 FA  TEL,19601,S5,3591,1075,2946,4995,10000,0
A5 54 92 4C 05 E8 0D 32 04 82 0B 83 13 10 27 00 00 00 A9  TEL,19602,S5,3560,1074,2946,4995,10000,0
A5 54 93 4C 05 07 0E 33 04 82 0B 83 13 10 27 00 00 00 FE  TEL,19603,S5,3591,1075,2946,4995,10000,0
A5 54 94 4C 05 45 0E 35 04 82 0B 83 13 10 27 00 00 00 66  TEL,19604,S5,3653,1077,2946,4995,10000,0
A5 54 95 4C 05 C9 0D 31 04 82 0B 83 13 10 27 00 00 00 EC  TEL,19605,S5,3529,1073,2946,4995,10000,0
A5 54 96 4C 05 A3 0E 38 04 82 0B 83 13 10 27 00 00 00 7C  TEL,19606,S5,3747,1080,2946,4995,10000,0
A5 54 97 4C 05 C9 0D 31 04 82 0B 83 13 10 27 00 00 00 E8  TEL,19607,S5,3529,1073,2946,4995,10000,0
A5 54 98 4C 05 07 0E 33 04 82 0B 83 13 10 27 00 00 00 E8  TEL,19608,S5,3591,1075,2946,4995,10000,0
A5 54 99 4C 05 26 0E 34 04 82 0B 83 13 10 27 00 00 00 DD  TEL,19609,S5,3622,1076,2946,4995,10000,0
A5 54 9A 4C 05 E8 0D 32 04 82 0B 83 13 10 27 00 00 00 B9  TEL,19610,S5,3560,1074,2946,4995,10000,0
A5 54 9B 4C 05 07 0E 33 04 82 0B 83 13 10 27 00 00 00 EE  TEL,19611,S5,3591,1075,2946,4995,10000,0
A5 54 9C 4C 05 83 0E 37 04 82 0B 83 13 10 27 00 00 00 33  TEL,19612,S5,3715,1079,2946,4995,10000,0
A5 54 9D 4C 05 07 0E 33 04 82 0B 83 13 10 27 00 00 00 E2  TEL,19613,S5,3591,1075,2946,4995,10000,0
A5 54 9E 4C 05 07 0E 33 04 82 0B 83 13 10 27 00 00 00 E4  TEL,19614,S5,3591,1075,2946,4995,10000,0
A5 54 9F 4C 05 26 0E 34 04 82 0B 83 13 10 27 00 00 00 D1  TEL,19615,S5,3622,1076,2946,4995,10000,0
A5 54 A0 4C 05 07 0E 33 04 82 0B 83 13 10 27 00 00 00 98  TEL,19616,S5,3591,1075,2946,4995,10000,0
A5 54 A1 4C 05 07 0E 33 04 82 0B 83 13 10 27 00 00 00 9A  TEL,19617,S5,3591,1075,2946,4995,10000,0
A5 54 A2 4C 05 07 0E 33 04 82 0B 83 13 10 27 00 00 00 9C  TEL,19618,S5,3591,1075,2946,4995,10000,0
A5 54 A3 4C 05 45 0E 35 04 82 0B 83 13 10 27 00 00 00 08  TEL,19619,S5,3653,1077,2946,4995,10000,0
A5 54 A4 4C 05 C9 0D 31 04 82 0B 83 13 10 27 00 00 00 8E  TEL,19620,S5,3529,1073,2946,4995,10000,0
A5 54 A5 4C 05 07 0E 33 04 82 0B 83 13 10 27 00 00 00 92  TEL,19621,S5,3591,1075,2946,4995,10000,0
A5 54 A6 4C 05 E8 0D 32 04 82 0B 83 13 10 27 00 00 00 C1  TEL,19622,S5,3560,1074,2946,4995,10000,0
A5 54 A7 4C 05 07 0E 33 04 82 0B 83 13 10 27 00 00 00 96  TEL,19623,S5,3591,1075,2946,4995,10000,0
A5 54 A8 4C 05 C9 0D 31 04 82 0B 83 13 10 27 00 00 00 96  TEL,19624,S5,3529,1073,2946,4995,10000,0
A5 54 A9 4C 05 45 0E 35 04 82 0B 83 13 10 27 00 00 00 1C  TEL,19625,S5,3653,1077,2946,4995,10000,0
A5 54 AA 4C 05 07 0E 33 04 82 0B 83 13 10 27 00 00 00 8C  TEL,19626,S5,3591,1075,2946,4995,10000,0
A5 54 AB 4C 05 45 0E 35 04 82 0B 83 13 10 27 00 00 00 18  TEL,19627,S5,3653,1077,2946,4995,10000,0
A5 54 AC 4C 05 07 0E 33 04 82 0B 83 13 10 27 00 00 00 80  TEL,19628,S5,3591,1075,2946,4995,10000,0
A5 54 AD 4C 05 07 0E 33 04 82 0B 83 13 10 27 00 00 00 82  TEL,19629,S5,3591,1075,2946,4995,10000,0
A5 54 AE 4C 05 07 0E 33 04 82 0B 83 13 10 27 00 00 00 84  TEL,19630,S5,3591,1075,2946,4995,10000,0
A5 54 AF 4C 05 AA 0D 2F 04 82 0B 83 13 10 27 00 00 00 6B  TEL,19631,S5,3498,1071,2946,4995,10000,0
A5 54 B0 4C 05 07 0E 33 04 82 0B 83 13 10 27 00 00 00 B8  TEL,19632,S5,3591,1075,2946,4995,10000,0
A5 54 B1 4C 05 07 0E 33 04 82 0B 83 13 10 27 00 00 00 BA  TEL,19633,S5,3591,1075,2946,4995,10000,0
A5 54 B2 4C 05 E8 0D 32 04 82 0B 83 13 10 27 00 00 00 E9  TEL,19634,S5,3560,1074,2946,4995,10000,0
A5 54 B3 4C 05 E8 0D 32 04 82 0B 83 13 10 27 00 00 00 EB  TEL,19635,S5,3560,1074,2946,4995,10000,0
A5 54 B4 4C 05 07 0E 33 04 82 0B 83 13 10 27 00 00 00 B0  TEL,19636,S5,3591,1075,2946,4995,10000,0
A5 54 B5 4C 05 26 0E 34 04 82 0B 83 13 10 27 00 00 00 85  TEL,19637,S5,3622,1076,2946,4995,10000,0
A5 54 B6 4C 05 07 0E 33 04 82 0B 83 13 10 27 00 00 00 B4  TEL,19638,S5,3591,1075,2946,4995,10000,0
A5 54 B7 4C 05 07 0E 33 04 82 0B 83 13 10 27 00 00 00 B6  TEL,19639,S5,3591,1075,2946,4995,10000,0
A5 54 B8 4C 05 07 0E 33 04 82 0B 83 13 10 27 00 00 00 A8  TEL,19640,S5,3591,1075,2946,4995,10000,0
A5 54 B9 4C 05 45 0E 35 04 82 0B 83 13 10 27 00 00 00 3C  TEL,19641,S5,3653,1077,2946,4995,10000,0
A5 42 7C 00 05 BA 4C F9 4B 0A 15 0B 4C 0A 15 0C 4C 0A 15 0E  BTN,124,S5,PRESSED,19642,352996345,352996363,352996364
A5 54 BB 4C 05 07 0E 33 04 82 0B 82 13 10 27 00 00 00 71  TEL,19643,S5,3591,1075,2946,4994,10000,0
A5 54 BC 4C 05 26 0E 34 04 82 0B 83 13 10 27 00 00 00 97  TEL,19644,S5,3622,1076,2946,4995,10000,0
A5 54 BD 4C 05 07 0E 33 04 82 0B 83 13 10 27 00 00 00 A2  TEL,19645,S5,3591,1075,2946,4995,10000,0
A5 54 BE 4C 05 E8 0D 32 04 82 0B 83 13 10 27 00 00 00 F1  TEL,19646,S5,3560,1074,2946,4995,10000,0
A5 54 BF 4C 05 07 0E 33 04 82 0B 83 13 10 27 00 00 00 A6  TEL,19647,S5,3591,1075,2946,4995,10000,0
A5 54 C0 4C 05 E8 0D 32 04 82 0B 83 13 10 27 00 00 00 0D  TEL,19648,S5,3560,1074,2946,4995,10000,0
A5 54 C1 4C 05 E8 0D 32 04 82 0B 83 13 10 27 00 00 00 0F  TEL,19649,S5,3560,1074,2946,4995,10000,0
A5 54 C2 4C 05 07 0E 33 04 82 0B 83 13 10 27 00 00 00 5C  TEL,19650,S5,3591,1075,2946,4995,10000,0
A5 54 C3 4C 05 E8 0D 32 04 82 0B 83 13 10 27 00 00 00 0B  TEL,19651,S5,3560,1074,2946,4995,10000,0
A5 54 C4 4C 05 07 0E 33 04 82 0B 83 13 10 27 00 00 00 50  TEL,19652,S5,3591,1075,2946,4995,10000,0
A5 54 C5 4C 05 E8 0D 32 04 82 0B 83 13 10 27 00 00 00 07  TEL,19653,S5,3560,1074,2946,4995,10000,0
A5 54 C6 4C 05 07 0E 33 04 82 0B 83 13 10 27 00 00 00 54  TEL,19654,S5,3591,1075,2946,4995,10000,0
A5 54 C7 4C 05 07 0E 33 04 82 0B 83 13 10 27 00 00 00 56  TEL,19655,S5,3591,1075,2946,4995,10000,0
A5 54 C8 4C 05 07 0E 33 04 82 0B 83 13 10 27 00 00 00 48  TEL,19656,S5,3591,1075,2946,4995,10000,0
A5 54 C9 4C 05 E8 0D 32 04 82 0B 83 13 10 27 00 00 00 1F  TEL,19657,S5,3560,1074,2946,4995,10000,0
A5 54 CA 4C 05 26 0E 34 04 82 0B 83 13 10 27 00 00 00 7B  TEL,19658,S5,3622,1076,2946,4995,10000,0
A5 54 CB 4C 05 07 0E 33 04 82 0B 83 13 10 27 00 00 00 4E  TEL,19659,S5,3591,1075,2946,4995,10000,0
A5 54 CC 4C 05 07 0E 33 04 82 0B 83 13 10 27 00 00 00 40  TEL,19660,S5,3591,1075,2946,4995,10000,0
A5 54 CD 4C 05 E8 0D 32 04 82 0B 83 13 10 27 00 00 00 17  TEL,19661,S5,3560,1074,2946,4995,10000,0
A5 54 CE 4C 05 E8 0D 32 04 82 0B 83 13 10 27 00 00 00 11  TEL,19662,S5,3560,1074,2946,4995,10000,0
A5 54 CF 4C 05 07 0E 33 04 82 0B 83 13 10 27 00 00 00 46  TEL,19663,S5,3591,1075,2946,4995,10000,0
A5 54 D0 4C 05 07 0E 33 04 82 0B 83 13 10 27 00 00 00 78  TEL,19664,S5,3591,1075,2946,4995,10000,0
A5 54 D1 4C 05 07 0E 33 04 82 0B 83 13 10 27 00 00 00 7A  TEL,19665,S5,3591,1075,2946,4995,10000,0
A5 54 D2 4C 05 E8 0D 32 04 82 0B 83 13 10 27 00 00 00 29  TEL,19666,S5,3560,1074,2946,4995,10000,0
A5 54 D3 4C 05 07 0E 33 04 82 0B 83 13 10 27 00 00 00 7E  TEL,19667,S5,3591,1075,2946,4995,10000,0
A5 54 D4 4C 05 07 0E 33 04 82 0B 83 13 10 27 00 00 00 70  TEL,19668,S5,3591,1075,2946,4995,10000,0
A5 54 D5 4C 05 E8 0D 32 04 82 0B 83 13 10 27 00 00 00 27  TEL,19669,S5,3560,1074,2946,4995,10000,0
A5 54 D6 4C 05 07 0E 33 04 82 0B 83 13 10 27 00 00 00 74  TEL,19670,S5,3591,1075,2946,4995,10000,0
A5 54 D7 4C 05 E8 0D 32 04 82 0B 83 13 10 27 00 00 00 23  TEL,19671,S5,3560,1074,2946,4995,10000,0
A5 54 D8 4C 05 07 0E 33 04 82 0B 83 13 10 27 00 00 00 68  TEL,19672,S5,3591,1075,2946,4995,10000,0
A5 54 D9 4C 05 E8 0D 32 04 82 0B 83 13 10 27 00 00 00 3F  TEL,19673,S5,3560,1074,2946,4995,10000,0
A5 54 DA 4C 05 26 0E 34 04 82 0B 83 13 10 27 00 00 00 5B  TEL,19674,S5,3622,1076,2946,4995,10000,0
A5 54 DB 4C 05 26 0E 34 04 82 0B 83 13 10 27 00 00 00 59  TEL,19675,S5,3622,1076,2946,4995,10000,0
A5 54 DC 4C 05 07 0E 33 04 82 0B 83 13 10 27 00 00 00 60  TEL,19676,S5,3591,1075,2946,4995,10000,0
A5 54 DD 4C 05 E8 0D 32 04 82 0B 83 13 10 27 00 00 00 37  TEL,19677,S5,3560,1074,2946,4995,10000,0
A5 54 DE 4C 05 07 0E 33 04 82 0B 83 13 10 27 00 00 00 64  TEL,19678,S5,3591,1075,2946,4995,10000,0
A5 54 DF 4C 05 07 0E 33 04 82 0B 83 13 10 27 00 00 00 66  TEL,19679,S5,3591,1075,2946,4995,10000,0
A5 54 E0 4C 05 E8 0D 32 04 82 0B 83 13 10 27 00 00 00 4D  TEL,19680,S5,3560,1074,2946,4995,10000,0
A5 54 E1 4C 05 E8 0D 32 04 82 0B 83 13 10 27 00 00 00 4F  TEL,19681,S5,3560,1074,2946,4995,10000,0
A5 54 E2 4C 05 E8 0D 32 04 82 0B 83 13 10 27 00 00 00 49  TEL,19682,S5,3560,1074,2946,4995,10000,0
A5 54 E3 4C 05 07 0E 33 04 82 0B 83 13 10 27 00 00 00 1E  TEL,19683,S5,3591,1075,2946,4995,10000,0
A5 54 E4 4C 05 C9 0D 31 04 82 0B 83 13 10 27 00 00 00 0E  TEL,19684,S5,3529,1073,2946,4995,10000,0
A5 54 E5 4C 05 07 0E 33 04 82 0B 83 13 10 27 00 00 00 12  TEL,19685,S5,3591,1075,2946,4995,10000,0
A5 54 E6 4C 05 8A 0D 2E 04 82 0B 83 13 10 27 00 00 00 18  TEL,19686,S5,3466,1070,2946,4995,10000,0
A5 54 E7 4C 05 07 0E 33 04 82 0B 83 13 10 27 00 00 00 16  TEL,19687,S5,3591,1075,2946,4995,10000,0
A5 54 E8 4C 05 C9 0D 30 04 82 0B 83 13 10 27 00 00 00 09  TEL,19688,S5,3529,1072,2946,4995,10000,0
A5 54 E9 4C 05 E8 0D 32 04 82 0B 83 13 10 27 00 00 00 5F  TEL,19689,S5,3560,1074,2946,4995,10000,0
A5 54 EA 4C 05 45 0E 35 04 82 0B 83 13 10 27 00 00 00 9A  TEL,19690,S5,3653,1077,2946,4995,10000,0
A5 54 EB 4C 05 E8 0D 32 04 82 0B 83 13 10 27 00 00 00 5B  TEL,19691,S5,3560,1074,2946,4995,10000,0
A5 54 EC 4C 05 E8 0D 32 04 82 0B 83 13 10 27 00 00 00 55  TEL,19692,S5,3560,1074,2946,4995,10000,0
A5 54 ED 4C 05 E8 0D 32 04 82 0B 83 13 10 27 00 00 00 57  TEL,19693,S5,3560,1074,2946,4995,10000,0
A5 54 EE 4C 05 C9 0D 31 04 82 0B 83 13 10 27 00 00 00 1A  TEL,19694,S5,3529,1073,2946,4995,10000,0
A5 54 EF 4C 05 07 0E 33 04 82 0B 83 13 10 27 00 00 00 06  TEL,19695,S5,3591,1075,2946,4995,10000,0
A5 54 F0 4C 05 64 0E 36 04 82 0B 83 13 10 27 00 00 00 E5  TEL,19696,S5,3684,1078,2946,4995,10000,0
A5 54 F1 4C 05 8A 0D 2E 04 82 0B 83 13 10 27 00 00 00 36  TEL,19697,S5,3466,1070,2946,4995,10000,0
A5 54 F2 4C 05 07 0E 33 04 82 0B 83 13 10 27 00 00 00 3C  TEL,19698,S5,3591,1075,2946,4995,10000,0
A5 54 F3 4C 05 E8 0D 32 04 82 0B 83 13 10 27 00 00 00 6B  TEL,19699,S5,3560,1074,2946,4995,10000,0
A5 54 F4 4C 05 E8 0D 32 04 82 0B 83 13 10 27 00 00 00 65  TEL,19700,S5,3560,1074,2946,4995,10000,0
A5 54 F5 4C 05 E8 0D 32 04 82 0B 83 13 10 27 00 00 00 67  TEL,19701,S5,3560,1074,2946,4995,10000,0
A5 54 F6 4C 05 E8 0D 32 04 82 0B 83 13 10 27 00 00 00 61  TEL,19702,S5,3560,1074,2946,4995,10000,0
A5 54 F7 4C 05 E8 0D 32 04 82 0B 83 13 10 27 00 00 00 63  TEL,19703,S5,3560,1074,2946,4995,10000,0
A5 54 F8 4C 05 C9 0D 31 04 82 0B 83 13 10 27 00 00 00 36  TEL,19704,S5,3529,1073,2946,4995,10000,0
A5 54 F9 4C 05 E8 0D 32 04 82 0B 83 13 10 27 00 00 00 7F  TEL,19705,S5,3560,1074,2946,4995,10000,0
A5 54 FA 4C 05 26 0E 34 04 82 0B 83 13 10 27 00 00 00 1B  TEL,19706,S5,3622,1076,2946,4995,10000,0
A5 54 FB 4C 05 E8 0D 32 04 82 0B 83 13 10 27 00 00 00 7B  TEL,19707,S5,3560,1074,2946,4995,10000,0
A5 54 FC 4C 05 26 0E 34 04 82 0B 83 13 10 27 00 00 00 17  TEL,19708,S5,3622,1076,2946,4995,10000,0
A5 54 FD 4C 05 E8 0D 32 04 82 0B 83 13 10 27 00 00 00 77  TEL,19709,S5,3560,1074,2946,4995,10000,0
A5 54 FE 4C 05 E8 0D 32 04 82 0B 83 13 10 27 00 00 00 71  TEL,19710,S5,3560,1074,2946,4995,10000,0
A5 54 FF 4C 05 E8 0D 32 04 82 0B 83 13 10 27 00 00 00 73  TEL,19711,S5,3560,1074,2946,4995,10000,0
A5 54 00 4D 05 07 0E 33 04 82 0B 83 13 10 27 00 00 00 6A  TEL,19712,S5,3591,1075,2946,4995,10000,0
A5 54 01 4D 05 E8 0D 32 04 82 0B 83 13 10 27 00 00 00 3D  TEL,19713,S5,3560,1074,2946,4995,10000,0
A5 54 02 4D 05 07 0E 33 04 82 0B 83 13 10 27 00 00 00 6E  TEL,19714,S5,3591,1075,2946,4995,10000,0
A5 54 03 4D 05 07 0E 33 04 82 0B 83 13 10 27 00 00 00 6C  TEL,19715,S5,3591,1075,2946,4995,10000,0
A5 54 04 4D 05 07 0E 33 04 82 0B 83 13 10 27 00 00 00 62  TEL,19716,S5,3591,1075,2946,4995,10000,0
A5 54 05 4D 05 E8 0D 32 04 82 0B 83 13 10 27 00 00 00 35  TEL,19717,S5,3560,1074,2946,4995,10000,0
A5 54 06 4D 05 83 0E 37 04 82 0B 83 13 10 27 00 00 00 B5  TEL,19718,S5,3715,1079,2946,4995,10000,0
A5 54 07 4D 05 E8 0D 32 04 82 0B 83 13 10 27 00 00 00 31  TEL,19719,S5,3560,1074,2946,4995,10000,0
A5 54 08 4D 05 E8 0D 32 04 82 0B 83 13 10 27 00 00 00 2F  TEL,19720,S5,3560,1074,2946,4995,10000,0
A5 54 09 4D 05 E8 0D 32 04 82 0B 83 13 10 27 00 00 00 2D  TEL,19721,S5,3560,1074,2946,4995,10000,0
A5 54 0A 4D 05 26 0E 34 04 82 0B 83 13 10 27 00 00 00 49  TEL,19722,S5,3622,1076,2946,4995,10000,0
A5 54 0B 4D 05 E8 0D 32 04 82 0B 83 13 10 27 00 00 00 29  TEL,19723,S5,3560,1074,2946,4995,10000,0
A5 54 0C 4D 05 E8 0D 32 04 82 0B 83 13 10 27 00 00 00 27  TEL,19724,S5,3560,1074,2946,4995,10000,0
A5 54 0D 4D 05 07 0E 33 04 82 0B 83 13 10 27 00 00 00 70  TEL,19725,S5,3591,1075,2946,4995,10000,0
A5 54 0E 4D 05 07 0E 33 04 82 0B 83 13 10 27 00 00 00 76  TEL,19726,S5,3591,1075,2946,4995,10000,0
A5 54 0F 4D 05 E8 0D 32 04 82 0B 83 13 10 27 00 00 00 21  TEL,19727,S5,3560,1074,2946,4995,10000,0
A5 54 10 4D 05 C9 0D 30 04 82 0B 83 13 10 27 00 00 00 4B  TEL,19728,S5,3529,1072,2946,4995,10000,0
A5 54 11 4D 05 07 0E 33 04 82 0B 83 13 10 27 00 00 00 48  TEL,19729,S5,3591,1075,2946,4995,10000,0
A5 54 12 4D 05 64 0E 36 04 82 0B 83 13 10 27 00 00 00 93  TEL,19730,S5,3684,1078,2946,4995,10000,0
A5 54 13 4D 05 4C 0D 2C 04 82 0B 83 13 10 27 00 00 00 05  TEL,19731,S5,3404,1068,2946,4995,10000,0
A5 54 14 4D 05 07 0E 33 04 82 0B 83 13 10 27 00 00 00 42  TEL,19732,S5,3591,1075,2946,4995,10000,0
A5 54 15 4D 05 64 0E 36 04 82 0B 83 13 10 27 00 00 00 9D  TEL,19733,S5,3684,1078,2946,4995,10000,0
A5 54 16 4D 05 C9 0D 31 04 82 0B 83 13 10 27 00 00 00 58  TEL,19734,S5,3529,1073,2946,4995,10000,0
A5 54 17 4D 05 C9 0D 30 04 82 0B 83 13 10 27 00 00 00 45  TEL,19735,S5,3529,1072,2946,4995,10000,0
A5 54 18 4D 05 E8 0D 32 04 82 0B 83 13 10 27 00 00 00 0F  TEL,19736,S5,3560,1074,2946,4995,10000,0
A5 54 19 4D 05 E8 0D 32 04 82 0B 83 13 10 27 00 00 00 0D  TEL,19737,S5,3560,1074,2946,4995,10000,0
A5 54 1A 4D 05 26 0E 34 04 82 0B 83 13 10 27 00 00 00 69  TEL,19738,S5,3622,1076,2946,4995,10000,0
A5 54 1B 4D 05 26 0E 34 04 82 0B 83 13 10 27 00 00 00 6B  TEL,19739,S5,3622,1076,2946,4995,10000,0
A5 54 1C 4D 05 07 0E 33 04 82 0B 83 13 10 27 00 00 00 52  TEL,19740,S5,3591,1075,2946,4995,10000,0
A5 54 1D 4D 05 E8 0D 32 04 82 0B 83 13 10 27 00 00 00 05  TEL,19741,S5,3560,1074,2946,4995,10000,0
A5 54 1E 4D 05 E8 0D 32 04 82 0B 83 13 10 27 00 00 00 03  TEL,19742,S5,3560,1074,2946,4995,10000,0
A5 54 1F 4D 05 07 0E 33 04 82 0B 83 13 10 27 00 00 00 54  TEL,19743,S5,3591,1075,2946,4995,10000,0
A5 54 20 4D 05 E8 0D 32 04 82 0B 83 13 10 27 00 00 00 7F  TEL,19744,S5,3560,1074,2946,4995,10000,0
A5 54 21 4D 05 E8 0D 32 04 82 0B 83 13 10 27 00 00 00 7D  TEL,19745,S5,3560,1074,2946,4995,10000,0
A5 54 22 4D 05 07 0E 33 04 82 0B 83 13 10 27 00 00 00 2E  TEL,19746,S5,3591,1075,2946,4995,10000,0
A5 54 23 4D 05 64 0E 36 04 82 0B 83 13 10 27 00 00 00 F1  TEL,19747,S5,3684,1078,2946,4995,10000,0
A5 54 24 4D 05 E8 0D 32 04 82 0B 83 13 10 27 00 00 00 77  TEL,19748,S5,3560,1074,2946,4995,10000,0
A5 54 25 4D 05 07 0E 33 04 82 0B 83 13 10 27 00 00 00 20  TEL,19749,S5,3591,1075,2946,4995,10000,0
A5 54 26 4D 05 07 0E 33 04 82 0B 83 13 10 27 00 00 00 26  TEL,19750,S5,3591,1075,2946,4995,10000,0
A5 54 27 4D 05 07 0E 33 04 82 0B 83 13 10 27 00 00 00 24  TEL,19751,S5,3591,1075,2946,4995,10000,0
A5 54 28 4D 05 07 0E 33 04 82 0B 83 13 10 27 00 00 00 3A  TEL,19752,S5,3591,1075,2946,4995,10000,0
A5 54 29 4D 05 07 0E 33 04 82 0B 83 13 10 27 00 00 00 38  TEL,19753,S5,3591,1075,2946,4995,10000,0
A5 54 2A 4D 05 26 0E 34 04 82 0B 83 13 10 27 00 00 00 09  TEL,19754,S5,3622,1076,2946,4995,10000,0
A5 54 2B 4D 05 07 0E 33 04 82 0B 83 13 10 27 00 00 00 3C  TEL,19755,S5,3591,1075,2946,4995,10000,0
A5 54 2C 4D 05 07 0E 33 04 82 0B 83 13 10 27 00 00 00 32  TEL,19756,S5,3591,1075,2946,4995,10000,0
A5 54 2D 4D 05 E8 0D 32 04 82 0B 83 13 10 27 00 00 00 65  TEL,19757,S5,3560,1074,2946,4995,10000,0
A5 54 2E 4D 05 E8 0D 32 04 82 0B 83 13 10 27 00 00 00 63  TEL,19758,S5,3560,1074,2946,4995,10000,0
A5 54 2F 4D 05 E8 0D 32 04 82 0B 83 13 10 27 00 00 00 61  TEL,19759,S5,3560,1074,2946,4995,10000,0
A5 54 30 4D 05 E8 0D 32 04 82 0B 83 13 10 27 00 00 00 5F  TEL,19760,S5,3560,1074,2946,4995,10000,0
A5 54 31 4D 05 E8 0D 32 04 82 0B 83 13 10 27 00 00 00 5D  TEL,19761,S5,3560,1074,2946,4995,10000,0
A5 54 32 4D 05 C9 0D 31 04 82 0B 83 13 10 27 00 00 00 10  TEL,19762,S5,3529,1073,2946,4995,10000,0
A5 54 33 4D 05 E8 0D 32 04 82 0B 83 13 10 27 00 00 00 59  TEL,19763,S5,3560,1074,2946,4995,10000,0
A5 54 34 4D 05 E8 0D 32 04 82 0B 83 13 10 27 00 00 00 57  TEL,19764,S5,3560,1074,2946,4995,10000,0
A5 54 35 4D 05 07 0E 33 04 82 0B 83 13 10 27 00 00 00 00  TEL,19765,S5,3591,1075,2946,4995,10000,0
A5 54 36 4D 05 E8 0D 32 04 82 0B 83 13 10 27 00 00 00 53  TEL,19766,S5,3560,1074,2946,4995,10000,0
A5 54 37 4D 05 E8 0D 32 04 82 0B 83 13 10 27 00 00 00 51  TEL,19767,S5,3560,1074,2946,4995,10000,0
A5 54 38 4D 05 07 0E 33 04 82 0B 83 13 10 27 00 00 00 1A  TEL,19768,S5,3591,1075,2946,4995,10000,0
A5 54 39 4D 05 E8 0D 32 04 82 0B 83 13 10 27 00 00 00 4D  TEL,19769,S5,3560,1074,2946,4995,10000,0
A5 54 3A 4D 05 45 0E 35 04 82 0B 83 13 10 27 00 00 00 88  TEL,19770,S5,3653,1077,2946,4995,10000,0
A5 54 3B 4D 05 6B 0D 2D 04 82 0B 83 13 10 27 00 00 00 51  TEL,19771,S5,3435,1069,2946,4995,10000,0
A5 54 3C 4D 05 07 0E 33 04 82 0B 83 13 10 27 00 00 00 12  TEL,19772,S5,3591,1075,2946,4995,10000,0
A5 54 3D 4D 05 E8 0D 32 04 82 0B 83 13 10 27 00 00 00 45  TEL,19773,S5,3560,1074,2946,4995,10000,0
A5 54 3E 4D 05 E8 0D 32 04 82 0B 83 13 10 27 00 00 00 43  TEL,19774,S5,3560,1074,2946,4995,10000,0
A5 54 3F 4D 05 E8 0D 32 04 82 0B 83 13 10 27 00 00 00 41  TEL,19775,S5,3560,1074,2946,4995,10000,0
A5 54 40 4D 05 E8 0D 32 04 82 0B 83 13 10 27 00 00 00 BF  TEL,19776,S5,3560,1074,2946,4995,10000,0
A5 54 41 4D 05 E8 0D 32 04 82 0B 83 13 10 27 00 00 00 BD  TEL,19777,S5,3560,1074,2946,4995,10000,0
A5 54 42 4D 05 07 0E 33 04 82 0B 83 13 10 27 00 00 00 EE  TEL,19778,S5,3591,1075,2946,4995,10000,0
A5 54 43 4D 05 E8 0D 32 04 82 0B 83 13 10 27 00 00 00 B9  TEL,19779,S5,3560,1074,2946,4995,10000,0
A5 54 44 4D 05 C9 0D 31 04 82 0B 83 13 10 27 00 00 00 FC  TEL,19780,S5,3529,1073,2946,4995,10000,0
A5 54 45 4D 05 E8 0D 32 04 82 0B 83 13 10 27 00 00 00 B5  TEL,19781,S5,3560,1074,2946,4995,10000,0
A5 54 46 4D 05 07 0E 33 04 82 0B 83 13 10 27 00 00 00 E6  TEL,19782,S5,3591,1075,2946,4995,10000,0
A5 42 7D 00 05 47 4D 23 A1 1F 15 34 A1 1F 15 36 A1 1F 15 62  BTN,125,S5,PRESSED,19783,354394403,354394420,354394422
A5 54 48 4D 05 07 0E 33 04 82 0B 83 13 10 27 00 00 00 FA  TEL,19784,S5,3591,1075,2946,4995,10000,0
A5 54 49 4D 05 07 0E 33 04 82 0B 83 13 10 27 00 00 00 F8  TEL,19785,S5,3591,1075,2946,4995,10000,0
A5 54 4A 4D 05 07 0E 33 04 82 0B 83 13 10 27 00 00 00 FE  TEL,19786,S5,3591,1075,2946,4995,10000,0
A5 54 4B 4D 05 45 0E 35 04 82 0B 83 13 10 27 00 00 00 6A  TEL,19787,S5,3653,1077,2946,4995,10000,0
A5 54 4C 4D 05 8A 0D 2E 04 82 0B 83 13 10 27 00 00 00 FE  TEL,19788,S5,3466,1070,2946,4995,10000,0
A5 54 4D 4D 05 C9 0D 30 04 82 0B 83 13 10 27 00 00 00 F1  TEL,19789,S5,3529,1072,2946,4995,10000,0
A5 54 4E 4D 05 E8 0D 32 04 82 0B 83 13 10 27 00 00 00 A3  TEL,19790,S5,3560,1074,2946,4995,10000,0
A5 54 4F 4D 05 07 0E 33 04 82 0B 83 13 10 27 00 00 00 F4  TEL,19791,S5,3591,1075,2946,4995,10000,0
A5 54 50 4D 05 07 0E 33 04 82 0B 83 13 10 27 00 00 00 CA  TEL,19792,S5,3591,1075,2946,4995,10000,0
A5 54 51 4D 05 07 0E 33 04 82 0B 83 13 10 27 00 00 00 C8  TEL,19793,S5,3591,1075,2946,4995,10000,0
A5 54 52 4D 05 07 0E 33 04 82 0B 83 13 10 27 00 00 00 CE  TEL,19794,S5,3591,1075,2946,4995,10000,0
A5 54 53 4D 05 07 0E 33 04 82 0B 83 13 10 27 00 00 00 CC  TEL,19795,S5,3591,1075,2946,4995,10000,0
A5 54 54 4D 05 E8 0D 32 04 82 0B 83 13 10 27 00 00 00 97  TEL,19796,S5,3560,1074,2946,4995,10000,0
A5 54 55 4D 05 E8 0D 32 04 82 0B 83 13 10 27 00 00 00 95  TEL,19797,S5,3560,1074,2946,4995,10000,0
A5 54 56 4D 05 E8 0D 32 04 82 0B 83 13 10 27 00 00 00 93  TEL,19798,S5,3560,1074,2946,4995,10000,0
A5 54 57 4D 05 07 0E 33 04 82 0B 83 13 10 27 00 00 00 C4  TEL,19799,S5,3591,1075,2946,4995,10000,0
A5 54 58 4D 05 07 0E 33 04 82 0B 83 13 10 27 00 00 00 DA  TEL,19800,S5,3591,1075,2946,4995,10000,0
A5 54 59 4D 05 45 0E 35 04 82 0B 83 13 10 27 00 00 00 4E  TEL,19801,S5,3653,1077,2946,4995,10000,0
A5 54 5A 4D 05 07 0E 33 04 82 0B 83 13 10 27 00 00 00 DE  TEL,19802,S5,3591,1075,2946,4995,10000,0
A5 54 5B 4D 05 45 0E 35 04 82 0B 83 13 10 27 00 00 00 4A  TEL,19803,S5,3653,1077,2946,4995,10000,0
A5 54 5C 4D 05 E8 0D 32 04 82 0B 83 13 10 27 00 00 00 87  TEL,19804,S5,3560,1074,2946,4995,10000,0
A5 54 5D 4D 05 E8 0D 32 04 82 0B 83 13 10 27 00 00 00 85  TEL,19805,S5,3560,1074,2946,4995,10000,0
A5 54 5E 4D 05 07 0E 33 04 82 0B 83 13 10 27 00 00 00 D6  TEL,19806,S5,3591,1075,2946,4995,10000,0
A5 54 5F 4D 05 E8 0D 32 04 82 0B 83 13 10 27 00 00 00 81  TEL,19807,S5,3560,1074,2946,4995,10000,0
A5 54 60 4D 05 07 0E 33 04 82 0B 83 13 10 27 00 00 00 AA  TEL,19808,S5,3591,1075,2946,4995,10000,0
A5 54 61 4D 05 E8 0D 32 04 82 0B 83 13 10 27 00 00 00 FD  TEL,19809,S5,3560,1074,2946,4995,10000,0
A5 54 62 4D 05 07 0E 33 04 82 0B 83 13 10 27 00 00 00 AE  TEL,19810,S5,3591,1075,2946,4995,10000,0
A5 54 63 4D 05 E8 0D 32 04 82 0B 83 13 10 27 00 00 00 F9  TEL,19811,S5,3560,1074,2946,4995,10000,0
A5 54 64 4D 05 07 0E 33 04 82 0B 83 13 10 27 00 00 00 A2  TEL,19812,S5,3591,1075,2946,4995,10000,0
A5 54 65 4D 05 07 0E 33 04 82 0B 83 13 10 27 00 00 00 A0  TEL,19813,S5,3591,1075,2946,4995,10000,0
A5 54 66 4D 05 E8 0D 32 04 82 0B 83 13 10 27 00 00 00 F3  TEL,19814,S5,3560,1074,2946,4995,10000,0
A5 54 67 4D 05 C9 0D 31 04 82 0B 83 13 10 27 00 00 00 BA  TEL,19815,S5,3529,1073,2946,4995,10000,0
A5 54 68 4D 05 07 0E 33 04 82 0B 83 13 10 27 00 00 00 BA  TEL,19816,S5,3591,1075,2946,4995,10000,0
A5 54 69 4D 05 C9 0D 31 04 82 0B 83 13 10 27 00 00 00 A6  TEL,19817,S5,3529,1073,2946,4995,10000,0
A5 54 6A 4D 05 07 0E 33 04 82 0B 83 13 10 27 00 00 00 BE  TEL,19818,S5,3591,1075,2946,4995,10000,0
A5 54 6B 4D 05 26 0E 34 04 82 0B 83 13 10 27 00 00 00 8B  TEL,19819,S5,3622,1076,2946,4995,10000,0
A5 54 6C 4D 05 07 0E 33 04 82 0B 83 13 10 27 00 00 00 B2  TEL,19820,S5,3591,1075,2946,4995,10000,0
A5 54 6D 4D 05 E8 0D 32 04 82 0B 83 13 10 27 00 00 00 E5  TEL,19821,S5,3560,1074,2946,4995,10000,0
A5 54 6E 4D 05 E8 0D 32 04 82 0B 83 13 10 27 00 00 00 E3  TEL,19822,S5,3560,1074,2946,4995,10000,0
A5 54 6F 4D 05 07 0E 33 04 82 0B 83 13 10 27 00 00 00 B4  TEL,19823,S5,3591,1075,2946,4995,10000,0
A5 54 70 4D 05 07 0E 33 04 82 0B 83 13 10 27 00 00 00 8A  TEL,19824,S5,3591,1075,2946,4995,10000,0
A5 54 71 4D 05 E8 0D 32 04 82 0B 83 13 10 27 00 00 00 DD  TEL,19825,S5,3560,1074,2946,4995,10000,0
A5 54 72 4D 05 07 0E 33 04 82 0B 83 13 10 27 00 00 00 8E  TEL,19826,S5,3591,1075,2946,4995,10000,0
A5 54 73 4D 05 E8 0D 32 04 82 0B 83 13 10 27 00 00 00 D9  TEL,19827,S5,3560,1074,2946,4995,10000,0
A5 54 74 4D 05 64 0E 36 04 82 0B 83 13 10 27 00 00 00 5F  TEL,19828,S5,3684,1078,2946,4995,10000,0
A5 54 75 4D 05 C9 0D 31 04 82 0B 83 13 10 27 00 00 00 9E  TEL,19829,S5,3529,1073,2946,4995,10000,0
A5 54 76 4D 05 07 0E 33 04 82 0B 83 13 10 27 00 00 00 86  TEL,19830,S5,3591,1075,2946,4995,10000,0
A5 54 77 4D 05 07 0E 33 04 82 0B 83 13 10 27 00 00 00 84  TEL,19831,S5,3591,1075,2946,4995,10000,0
A5 54 78 4D 05 C9 0D 30 04 82 0B 83 13 10 27 00 00 00 9B  TEL,19832,S5,3529,1072,2946,4995,10000,0
A5 54 79 4D 05 07 0E 33 04 82 0B 83 13 10 27 00 00 00 98  TEL,19833,S5,3591,1075,2946,4995,10000,0
A5 54 7A 4D 05 E8 0D 32 04 82 0B 83 13 10 27 00 00 00 CB  TEL,19834,S5,3560,1074,2946,4995,10000,0
A5 54 7B 4D 05 45 0E 35 04 82 0B 83 13 10 27 00 00 00 0A  TEL,19835,S5,3653,1077,2946,4995,10000,0
A5 54 7C 4D 05 E8 0D 32 04 82 0B 83 13 10 27 00 00 00 C7  TEL,19836,S5,3560,1074,2946,4995,10000,0
A5 54 7D 4D 05 07 0E 33 04 82 0B 83 13 10 27 00 00 00 90  TEL,19837,S5,3591,1075,2946,4995,10000,0
A5 54 7E 4D 05 07 0E 33 04 82 0B 83 13 10 27 00 00 00 96  TEL,19838,S5,3591,1075,2946,4995,10000,0
A5 54 7F 4D 05 07 0E 33 04 82 0B 83 13 10 27 00 00 00 94  TEL,19839,S5,3591,1075,2946,4995,10000,0
A5 54 80 4D 05 07 0E 33 04 82 0B 83 13 10 27 00 00 00 6D  TEL,19840,S5,3591,1075,2946,4995,10000,0
A5 54 81 4D 05 E8 0D 32 04 82 0B 83 13 10 27 00 00 00 3A  TEL,19841,S5,3560,1074,2946,4995,10000,0
A5 54 82 4D 05 07 0E 33 04 82 0B 83 13 10 27 00 00 00 69  TEL,19842,S5,3591,1075,2946,4995,10000,0
A5 54 83 4D 05 07 0E 33 04 82 0B 83 13 10 27 00 00 00 6B  TEL,19843,S5,3591,1075,2946,4995,10000,0
A5 54 84 4D 05 E8 0D 32 04 82 0B 83 13 10 27 00 00 00 30  TEL,19844,S5,3560,1074,2946,4995,10000,0
A5 54 85 4D 05 E8 0D 32 04 82 0B 83 13 10 27 00 00 00 32  TEL,19845,S5,3560,1074,2946,4995,10000,0
A5 54 86 4D 05 07 0E 33 04 82 0B 83 13 10 27 00 00 00 61  TEL,19846,S5,3591,1075,2946,4995,10000,0
A5 54 87 4D 05 E8 0D 32 04 82 0B 83 13 10 27 00 00 00 36  TEL,19847,S5,3560,1074,2946,4995,10000,0
A5 54 88 4D 05 07 0E 33 04 82 0B 83 13 10 27 00 00 00 7D  TEL,19848,S5,3591,1075,2946,4995,10000,0
A5 54 89 4D 05 07 0E 33 04 82 0B 83 13 10 27 00 00 00 7F  TEL,19849,S5,3591,1075,2946,4995,10000,0
A5 54 8A 4D 05 07 0E 33 04 82 0B 83 13 10 27 00 00 00 79  TEL,19850,S5,3591,1075,2946,4995,10000,0
A5 54 8B 4D 05 45 0E 35 04 82 0B 83 13 10 27 00 00 00 ED  TEL,19851,S5,3653,1077,2946,4995,10000,0
A5 54 8C 4D 05 E8 0D 32 04 82 0B 83 13 10 27 00 00 00 20  TEL,19852,S5,3560,1074,2946,4995,10000,0
A5 54 8D 4D 05 07 0E 33 04 82 0B 83 13 10 27 00 00 00 77  TEL,19853,S5,3591,1075,2946,4995,10000,0
A5 54 8E 4D 05 07 0E 33 04 82 0B 83 13 10 27 00 00 00 71  TEL,19854,S5,3591,1075,2946,4995,10000,0
A5 54 8F 4D 05 07 0E 33 04 82 0B 83 13 10 27 00 00 00 73  TEL,19855,S5,3591,1075,2946,4995,10000,0
A5 54 90 4D 05 E8 0D 32 04 82 0B 83 13 10 27 00 00 00 18  TEL,19856,S5,3560,1074,2946,4995,10000,0
A5 54 91 4D 05 07 0E 33 04 82 0B 83 13 10 27 00 00 00 4F  TEL,19857,S5,3591,1075,2946,4995,10000,0
A5 54 92 4D 05 E8 0D 32 04 82 0B 83 13 10 27 00 00 00 1C  TEL,19858,S5,3560,1074,2946,4995,10000,0
A5 54 93 4D 05 E8 0D 32 04 82 0B 83 13 10 27 00 00 00 1E  TEL,19859,S5,3560,1074,2946,4995,10000,0
A5 54 94 4D 05 E8 0D 32 04 82 0B 83 13 10 27 00 00 00 10  TEL,19860,S5,3560,1074,2946,4995,10000,0
A5 54 95 4D 05 26 0E 34 04 82 0B 83 13 10 27 00 00 00 70  TEL,19861,S5,3622,1076,2946,4995,10000,0
A5 54 96 4D 05 07 0E 33 04 82 0B 83 13 10 27 00 00 00 41  TEL,19862,S5,3591,1075,2946,4995,10000,0
A5 54 97 4D 05 E8 0D 32 04 82 0B 83 13 10 27 00 00 00 16  TEL,19863,S5,3560,1074,2946,4995,10000,0
A5 54 98 4D 05 E8 0D 32 04 82 0B 83 13 10 27 00 00 00 08  TEL,19864,S5,3560,1074,2946,4995,10000,0
A5 54 99 4D 05 E8 0D 32 04 82 0B 83 13 10 27 00 00 00 0A  TEL,19865,S5,3560,1074,2946,4995,10000,0
A5 54 9A 4D 05 07 0E 33 04 82 0B 83 13 10 27 00 00 00 59  TEL,19866,S5,3591,1075,2946,4995,10000,0
A5 54 9B 4D 05 26 0E 34 04 82 0B 83 13 10 27 00 00 00 6C  TEL,19867,S5,3622,1076,2946,4995,10000,0
A5 54 9C 4D 05 E8 0D 32 04 82 0B 83 13 10 27 00 00 00 00  TEL,19868,S5,3560,1074,2946,4995,10000,0
A5 54 9D 4D 05 45 0E 35 04 82 0B 83 13 10 27 00 00 00 C1  TEL,19869,S5,3653,1077,2946,4995,10000,0
A5 54 9E 4D 05 07 0E 33 04 82 0B 83 13 10 27 00 00 00 51  TEL,19870,S5,3591,1075,2946,4995,10000,0
A5 54 9F 4D 05 07 0E 33 04 82 0B 83 13 10 27 00 00 00 53  TEL,19871,S5,3591,1075,2946,4995,10000,0
A5 54 A0 4D 05 07 0E 33 04 82 0B 83 13 10 27 00 00 00 2D  TEL,19872,S5,3591,1075,2946,4995,10000,0
A5 54 A1 4D 05 E8 0D 32 04 82 0B 83 13 10 27 00 00 00 7A  TEL,19873,S5,3560,1074,2946,4995,10000,0
A5 54 A2 4D 05 07 0E 33 04 82 0B 83 13 10 27 00 00 00 29  TEL,19874,S5,3591,1075,2946,4995,10000,0
A5 54 A3 4D 05 E8 0D 32 04 82 0B 83 13 10 27 00 00 00 7E  TEL,19875,S5,3560,1074,2946,4995,10000,0
A5 54 A4 4D 05 45 0E 35 04 82 0B 83 13 10 27 00 00 00 B3  TEL,19876,S5,3653,1077,2946,4995,10000,0
A5 54 A5 4D 05 07 0E 33 04 82 0B 83 13 10 27 00 00 00 27  TEL,19877,S5,3591,1075,2946,4995,10000,0
A5 54 A6 4D 05 E8 0D 32 04 82 0B 83 13 10 27 00 00 00 74  TEL,19878,S5,3560,1074,2946,4995,10000,0
A5 54 A7 4D 05 07 0E 33 04 82 0B 83 13 10 27 00 00 00 23  TEL,19879,S5,3591,1075,2946,4995,10000,0
A5 54 A8 4D 05 E8 0D 32 04 82 0B 83 13 10 27 00 00 00 68  TEL,19880,S5,3560,1074,2946,4995,10000,0
A5 54 A9 4D 05 07 0E 33 04 82 0B 83 13 10 27 00 00 00 3F  TEL,19881,S5,3591,1075,2946,4995,10000,0
A5 54 AA 4D 05 07 0E 33 04 82 0B 83 13 10 27 00 00 00 39  TEL,19882,S5,3591,1075,2946,4995,10000,0
A5 54 AB 4D 05 45 0E 35 04 82 0B 83 13 10 27 00 00 00 AD  TEL,19883,S5,3653,1077,2946,4995,10000,0
A5 54 AC 4D 05 E8 0D 32 04 82 0B 83 13 10 27 00 00 00 60  TEL,19884,S5,3560,1074,2946,4995,10000,0
A5 54 AD 4D 05 07 0E 33 04 82 0B 83 13 10 27 00 00 00 37  TEL,19885,S5,3591,1075,2946,4995,10000,0
A5 54 AE 4D 05 07 0E 33 04 82 0B 83 13 10 27 00 00 00 31  TEL,19886,S5,3591,1075,2946,4995,10000,0
A5 54 AF 4D 05 07 0E 33 04 82 0B 83 13 10 27 00 00 00 33  TEL,19887,S5,3591,1075,2946,4995,10000,0
A5 54 B0 4D 05 E8 0D 32 04 82 0B 83 13 10 27 00 00 00 58  TEL,19888,S5,3560,1074,2946,4995,10000,0
A5 54 B1 4D 05 07 0E 33 04 82 0B 83 13 10 27 00 00 00 0F  TEL,19889,S5,3591,1075,2946,4995,10000,0
A5 54 B2 4D 05 07 0E 33 04 82 0B 83 13 10 27 00 00 00 09  TEL,19890,S5,3591,1075,2946,4995,10000,0
A5 54 B3 4D 05 07 0E 33 04 82 0B 83 13 10 27 00 00 00 0B  TEL,19891,S5,3591,1075,2946,4995,10000,0
A5 54 B4 4D 05 07 0E 33 04 82 0B 83 13 10 27 00 00 00 05  TEL,19892,S5,3591,1075,2946,4995,10000,0
A5 54 B5 4D 05 26 0E 34 04 82 0B 83 13 10 27 00 00 00 30  TEL,19893,S5,3622,1076,2946,4995,10000,0
A5 54 B6 4D 05 E8 0D 32 04 82 0B 83 13 10 27 00 00 00 54  TEL,19894,S5,3560,1074,2946,4995,10000,0
A5 54 B7 4D 05 07 0E 33 04 82 0B 83 13 10 27 00 00 00 03  TEL,19895,S5,3591,1075,2946,4995,10000,0
A5 54 B8 4D 05 07 0E 33 04 82 0B 83 13 10 27 00 00 00 1D  TEL,19896,S5,3591,1075,2946,4995,10000,0
A5 54 B9 4D 05 07 0E 33 04 82 0B 83 13 10 27 00 00 00 1F  TEL,19897,S5,3591,1075,2946,4995,10000,0
A5 54 BA 4D 05 07 0E 33 04 82 0B 83 13 10 27 00 00 00 19  TEL,19898,S5,3591,1075,2946,4995,10000,0
A5 54 BB 4D 05 26 0E 34 04 82 0B 83 13 10 27 00 00 00 2C  TEL,19899,S5,3622,1076,2946,4995,10000,0
A5 54 BC 4D 05 E8 0D 32 04 82 0B 83 13 10 27 00 00 00 40  TEL,19900,S5,3560,1074,2946,4995,10000,0
A5 54 BD 4D 05 07 0E 33 04 82 0B 83 13 10 27 00 00 00 17  TEL,19901,S5,3591,1075,2946,4995,10000,0
A5 54 BE 4D 05 E8 0D 32 04 82 0B 83 13 10 27 00 00 00 44  TEL,19902,S5,3560,1074,2946,4995,10000,0
A5 54 BF 4D 05 E8 0D 32 04 82 0B 83 13 10 27 00 00 00 46  TEL,19903,S5,3560,1074,2946,4995,10000,0
A5 54 C0 4D 05 E8 0D 32 04 82 0B 83 13 10 27 00 00 00 B8  TEL,19904,S5,3560,1074,2946,4995,10000,0
A5 54 C1 4D 05 07 0E 33 04 82 0B 83 13 10 27 00 00 00 EF  TEL,19905,S5,3591,1075,2946,4995,10000,0
A5 54 C2 4D 05 07 0E 33 04 82 0B 83 13 10 27 00 00 00 E9  TEL,19906,S5,3591,1075,2946,4995,10000,0
A5 54 C3 4D 05 07 0E 33 04 82 0B 83 13 10 27 00 00 00 EB  TEL,19907,S5,3591,1075,2946,4995,10000,0
A5 54 C4 4D 05 E8 0D 32 04 82 0B 83 13 10 27 00 00 00 B0  TEL,19908,S5,3560,1074,2946,4995,10000,0
A5 54 C5 4D 05 E8 0D 32 04 82 0B 83 13 10 27 00 00 00 B2  TEL,19909,S5,3560,1074,2946,4995,10000,0
A5 54 C6 4D 05 07 0E 33 04 82 0B 83 13 10 27 00 00 00 E1  TEL,19910,S5,3591,1075,2946,4995,10000,0
A5 54 C7 4D 05 07 0E 33 04 82 0B 83 13 10 27 00 00 00 E3  TEL,19911,S5,3591,1075,2946,4995,10000,0
A5 54 C8 4D 05 07 0E 33 04 82 0B 83 13 10 27 00 00 00 FD  TEL,19912,S5,3591,1075,2946,4995,10000,0
A5 54 C9 4D 05 E8 0D 32 04 82 0B 83 13 10 27 00 00 00 AA  TEL,19913,S5,3560,1074,2946,4995,10000,0
A5 54 CA 4D 05 E8 0D 32 04 82 0B 83 13 10 27 00 00 00 AC  TEL,19914,S5,3560,1074,2946,4995,10000,0
A5 54 CB 4D 05 26 0E 34 04 82 0B 83 13 10 27 00 00 00 CC  TEL,19915,S5,3622,1076,2946,4995,10000,0
A5 54 CC 4D 05 07 0E 33 04 82 0B 83 13 10 27 00 00 00 F5  TEL,19916,S5,3591,1075,2946,4995,10000,0
A5 54 CD 4D 05 07 0E 33 04 82 0B 83 13 10 27 00 00 00 F7  TEL,19917,S5,3591,1075,2946,4995,10000,0
A5 54 CE 4D 05 E8 0D 32 04 82 0B 83 13 10 27 00 00 00 A4  TEL,19918,S5,3560,1074,2946,4995,10000,0
A5 54 CF 4D 05 45 0E 35 04 82 0B 83 13 10 27 00 00 00 65  TEL,19919,S5,3653,1077,2946,4995,10000,0
A5 54 D0 4D 05 07 0E 33 04 82 0B 83 13 10 27 00 00 00 CD  TEL,19920,S5,3591,1075,2946,4995,10000,0
A5 54 D1 4D 05 E8 0D 32 04 82 0B 83 13 10 27 00 00 00 9A  TEL,19921,S5,3560,1074,2946,4995,10000,0
A5 54 D2 4D 05 07 0E 33 04 82 0B 83 13 10 27 00 00 00 C9  TEL,19922,S5,3591,1075,2946,4995,10000,0
A5 54 D3 4D 05 07 0E 33 04 82 0B 83 13 10 27 00 00 00 CB  TEL,19923,S5,3591,1075,2946,4995,10000,0
A5 54 D4 4D 05 07 0E 33 04 82 0B 83 13 10 27 00 00 00 C5  TEL,19924,S5,3591,1075,2946,4995,10000,0
A5 54 D5 4D 05 E8 0D 32 04 82 0B 83 13 10 27 00 00 00 92  TEL,19925,S5,3560,1074,2946,4995,10000,0
A5 54 D6 4D 05 07 0E 33 04 82 0B 83 13 10 27 00 00 00 C1  TEL,19926,S5,3591,1075,2946,4995,10000,0
A5 54 D7 4D 05 E8 0D 32 04 82 0B 83 13 10 27 00 00 00 96  TEL,19927,S5,3560,1074,2946,4995,10000,0
A5 54 D8 4D 05 C9 0D 30 04 82 0B 83 13 10 27 00 00 00 DC  TEL,19928,S5,3529,1072,2946,4995,10000,0
A5 54 D9 4D 05 07 0E 33 04 82 0B 83 13 10 27 00 00 00 DF  TEL,19929,S5,3591,1075,2946,4995,10000,0
A5 54 DA 4D 05 E8 0D 32 04 82 0B 83 13 10 27 00 00 00 8C  TEL,19930,S5,3560,1074,2946,4995,10000,0
A5 54 DB 4D 05 26 0E 34 04 82 0B 83 13 10 27 00 00 00 EC  TEL,19931,S5,3622,1076,2946,4995,10000,0
A5 54 DC 4D 05 07 0E 33 04 82 0B 83 13 10 27 00 00 00 D5  TEL,19932,S5,3591,1075,2946,4995,10000,0
A5 54 DD 4D 05 07 0E 33 04 82 0B 83 13 10 27 00 00 00 D7  TEL,19933,S5,3591,1075,2946,4995,10000,0
A5 54 DE 4D 05 07 0E 33 04 82 0B 83 13 10 27 00 00 00 D1  TEL,19934,S5,3591,1075,2946,4995,10000,0
A5 54 DF 4D 05 07 0E 33 04 82 0B 83 13 10 27 00 00 00 D3  TEL,19935,S5,3591,1075,2946,4995,10000,0
A5 54 E0 4D 05 07 0E 33 04 82 0B 83 13 10 27 00 00 00 AD  TEL,19936,S5,3591,1075,2946,4995,10000,0
A5 42 7E 00 05 E1 4D 85 11 37 15 97 11 37 15 98 11 37 15 79  BTN,126,S5,PRESSED,19937,355930501,355930519,355930520
A5 54 E2 4D 05 45 0E 35 04 82 0B BC 13 10 27 00 00 01 B3  TEL,19938,S5,3653,1077,2946,5052,10000,1
A5 54 E3 4D 05 26 0E 34 04 82 0B 83 13 10 27 00 00 00 9C  TEL,19939,S5,3622,1076,2946,4995,10000,0
A5 54 E4 4D 05 07 0E 33 04 82 0B 83 13 10 27 00 00 00 A5  TEL,19940,S5,3591,1075,2946,4995,10000,0
A5 54 E5 4D 05 C9 0D 30 04 82 0B 83 13 10 27 00 00 00 A6  TEL,19941,S5,3529,1072,2946,4995,10000,0
A5 54 E6 4D 05 E8 0D 32 04 82 0B 83 13 10 27 00 00 00 F4  TEL,19942,S5,3560,1074,2946,4995,10000,0
A5 54 E7 4D 05 E8 0D 32 04 82 0B 83 13 10 27 00 00 00 F6  TEL,19943,S5,3560,1074,2946,4995,10000,0
A5 54 E8 4D 05 07 0E 33 04 82 0B 83 13 10 27 00 00 00 BD  TEL,19944,S5,3591,1075,2946,4995,10000,0
A5 54 E9 4D 05 07 0E 33 04 82 0B 83 13 10 27 00 00 00 BF  TEL,19945,S5,3591,1075,2946,4995,10000,0
A5 54 EA 4D 05 C9 0D 31 04 82 0B 83 13 10 27 00 00 00 A7  TEL,19946,S5,3529,1073,2946,4995,10000,0
A5 54 EB 4D 05 07 0E 33 04 82 0B 83 13 10 27 00 00 00 BB  TEL,19947,S5,3591,1075,2946,4995,10000,0
A5 54 EC 4D 05 45 0E 35 04 82 0B 83 13 10 27 00 00 00 23  TEL,19948,S5,3653,1077,2946,4995,10000,0
A5 54 ED 4D 05 E8 0D 32 04 82 0B 83 13 10 27 00 00 00 E2  TEL,19949,S5,3560,1074,2946,4995,10000,0
A5 54 EE 4D 05 07 0E 33 04 82 0B 83 13 10 27 00 00 00 B1  TEL,19950,S5,3591,1075,2946,4995,10000,0
A5 54 EF 4D 05 07 0E 33 04 82 0B 86 13 10 27 00 00 00 19  TEL,19951,S5,3591,1075,2946,4998,10000,0
A5 54 F0 4D 05 45 0E 35 04 82 0B 83 13 10 27 00 00 00 1B  TEL,19952,S5,3653,1077,2946,4995,10000,0
A5 54 F1 4D 05 07 0E 33 04 82 0B 83 13 10 27 00 00 00 8F  TEL,19953,S5,3591,1075,2946,4995,10000,0
A5 54 F2 4D 05 E8 0D 32 04 82 0B 83 13 10 27 00 00 00 DC  TEL,19954,S5,3560,1074,2946,4995,10000,0
A5 54 F3 4D 05 C9 0D 31 04 82 0B 83 13 10 27 00 00 00 95  TEL,19955,S5,3529,1073,2946,4995,10000,0
A5 54 F4 4D 05 E8 0D 32 04 82 0B 83 13 10 27 00 00 00 D0  TEL,19956,S5,3560,1074,2946,4995,10000,0
A5 54 F5 4D 05 E8 0D 32 04 82 0B 83 13 10 27 00 00 00 D2  TEL,19957,S5,3560,1074,2946,4995,10000,0
A5 54 F6 4D 05 E8 0D 32 04 82 0B 83 13 10 27 00 00 00 D4  TEL,19958,S5,3560,1074,2946,4995,10000,0
A5 54 F7 4D 05 E8 0D 32 04 82 0B 83 13 10 27 00 00 00 D6  TEL,19959,S5,3560,1074,2946,4995,10000,0
A5 54 F8 4D 05 AA 0D 2F 04 82 0B 83 13 10 27 00 00 00 70  TEL,19960,S5,3498,1071,2946,4995,10000,0
A5 54 F9 4D 05 07 0E 33 04 82 0B 83 13 10 27 00 00 00 9F  TEL,19961,S5,3591,1075,2946,4995,10000,0
A5 54 FA 4D 05 07 0E 33 04 82 0B 83 13 10 27 00 00 00 99  TEL,19962,S5,3591,1075,2946,4995,10000,0
A5 54 FB 4D 05 E8 0D 32 04 82 0B 83 13 10 27 00 00 00 CE  TEL,19963,S5,3560,1074,2946,4995,10000,0
A5 54 FC 4D 05 A3 0E 38 04 82 0B 83 13 10 27 00 00 00 1D  TEL,19964,S5,3747,1080,2946,4995,10000,0
A5 54 FD 4D 05 07 0E 33 04 82 0B 83 13 10 27 00 00 00 97  TEL,19965,S5,3591,1075,2946,4995,10000,0
A5 54 FE 4D 05 E8 0D 32 04 82 0B 83 13 10 27 00 00 00 C4  TEL,19966,S5,3560,1074,2946,4995,10000,0
A5 54 FF 4D 05 E8 0D 32 04 82 0B 83 13 10 27 00 00 00 C6  TEL,19967,S5,3560,1074,2946,4995,10000,0
A5 54 00 4E 05 E8 0D 32 04 82 0B 83 13 10 27 00 00 00 E7  TEL,19968,S5,3560,1074,2946,4995,10000,0
A5 54 01 4E 05 E8 0D 32 04 82 0B 83 13 10 27 00 00 00 E5  TEL,19969,S5,3560,1074,2946,4995,10000,0
A5 54 02 4E 05 07 0E 33 04 82 0B 83 13 10 27 00 00 00 B6  TEL,19970,S5,3591,1075,2946,4995,10000,0
A5 54 03 4E 05 07 0E 33 04 82 0B 83 13 10 27 00 00 00 B4  TEL,19971,S5,3591,1075,2946,4995,10000,0
A5 54 04 4E 05 07 0E 33 04 82 0B 83 13 10 27 00 00 00 BA  TEL,19972,S5,3591,1075,2946,4995,10000,0
A5 54 05 4E 05 E8 0D 32 04 82 0B 83 13 10 27 00 00 00 ED  TEL,19973,S5,3560,1074,2946,4995,10000,0
A5 54 06 4E 05 E8 0D 32 04 82 0B 83 13 10 27 00 00 00 EB  TEL,19974,S5,3560,1074,2946,4995,10000,0
A5 54 07 4E 05 E8 0D 32 04 82 0B 83 13 10 27 00 00 00 E9  TEL,19975,S5,3560,1074,2946,4995,10000,0
A5 54 08 4E 05 07 0E 33 04 82 0B 83 13 10 27 00 00 00 A2  TEL,19976,S5,3591,1075,2946,4995,10000,0
A5 54 09 4E 05 64 0E 36 04 82 0B 83 13 10 27 00 00 00 7D  TEL,19977,S5,3684,1078,2946,4995,10000,0
A5 54 0A 4E 05 E8 0D 32 04 82 0B 83 13 10 27 00 00 00 F3  TEL,19978,S5,3560,1074,2946,4995,10000,0
A5 54 0B 4E 05 E8 0D 32 04 82 0B 83 13 10 27 00 00 00 F1  TEL,19979,S5,3560,1074,2946,4995,10000,0
A5 54 0C 4E 05 45 0E 35 04 82 0B 83 13 10 27 00 00 00 3C  TEL,19980,S5,3653,1077,2946,4995,10000,0
A5 54 0D 4E 05 E8 0D 32 04 82 0B 83 13 10 27 00 00 00 FD  TEL,19981,S5,3560,1074,2946,4995,10000,0
A5 54 0E 4E 05 07 0E 33 04 82 0B 83 13 10 27 00 00 00 AE  TEL,19982,S5,3591,1075,2946,4995,10000,0
A5 54 0F 4E 05 07 0E 33 04 82 0B 83 13 10 27 00 00 00 AC  TEL,19983,S5,3591,1075,2946,4995,10000,0
A5 54 10 4E 05 E8 0D 32 04 82 0B 83 13 10 27 00 00 00 C7  TEL,19984,S5,3560,1074,2946,4995,10000,0
A5 54 11 4E 05 07 0E 33 04 82 0B 83 13 10 27 00 00 00 90  TEL,19985,S5,3591,1075,2946,4995,10000,0
A5 54 12 4E 05 E8 0D 32 04 82 0B 83 13 10 27 00 00 00 C3  TEL,19986,S5,3560,1074,2946,4995,10000,0
A5 54 13 4E 05 E8 0D 32 04 82 0B 83 13 10 27 00 00 00 C1  TEL,19987,S5,3560,1074,2946,4995,10000,0
A5 54 14 4E 05 07 0E 33 04 82 0B 83 13 10 27 00 00 00 9A  TEL,19988,S5,3591,1075,2946,4995,10000,0
A5 54 15 4E 05 E8 0D 32 04 82 0B 83 13 10 27 00 00 00 CD  TEL,19989,S5,3560,1074,2946,4995,10000,0
A5 54 16 4E 05 E8 0D 32 04 82 0B 83 13 10 27 00 00 00 CB  TEL,19990,S5,3560,1074,2946,4995,10000,0
A5 54 17 4E 05 E8 0D 32 04 82 0B 83 13 10 27 00 00 00 C9  TEL,19991,S5,3560,1074,2946,4995,10000,0
A5 54 18 4E 05 07 0E 33 04 82 0B 83 13 10 27 00 00 00 82  TEL,19992,S5,3591,1075,2946,4995,10000,0
A5 54 19 4E 05 C9 0D 30 04 82 0B 83 13 10 27 00 00 00 81  TEL,19993,S5,3529,1072,2946,4995,10000,0
A5 54 1A 4E 05 07 0E 33 04 82 0B 83 13 10 27 00 00 00 86  TEL,19994,S5,3591,1075,2946,4995,10000,0
A5 54 1B 4E 05 E8 0D 32 04 82 0B 83 13 10 27 00 00 00 D1  TEL,19995,S5,3560,1074,2946,4995,10000,0
A5 54 1C 4E 05 26 0E 34 04 82 0B 83 13 10 27 00 00 00 BD  TEL,19996,S5,3622,1076,2946,4995,10000,0
A5 54 1D 4E 05 07 0E 33 04 82 0B 83 13 10 27 00 00 00 88  TEL,19997,S5,3591,1075,2946,4995,10000,0
A5 54 1E 4E 05 E8 0D 32 04 82 0B 83 13 10 27 00 00 00 DB  TEL,19998,S5,3560,1074,2946,4995,10000,0
A5 54 1F 4E 05 07 0E 33 04 82 0B 83 13 10 27 00 00 00 8C  TEL,19999,S5,3591,1075,2946,4995,10000,0
A5 54 20 4E 05 07 0E 33 04 82 0B 83 13 10 27 00 00 00 F2  TEL,20000,S5,3591,1075,2946,4995,10000,0
A5 54 21 4E 05 E8 0D 32 04 82 0B 83 13 10 27 00 00 00 A5  TEL,20001,S5,3560,1074,2946,4995,10000,0
A5 54 22 4E 05 26 0E 34 04 82 0B 83 13 10 27 00 00 00 C1  TEL,20002,S5,3622,1076,2946,4995,10000,0
A5 54 23 4E 05 07 0E 33 04 82 0B 83 13 10 27 00 00 00 F4  TEL,20003,S5,3591,1075,2946,4995,10000,0
A5 54 24 4E 05 E8 0D 32 04 82 0B 83 13 10 27 00 00 00 AF  TEL,20004,S5,3560,1074,2946,4995,10000,0
A5 54 25 4E 05 07 0E 33 04 82 0B 83 13 10 27 00 00 00 F8  TEL,20005,S5,3591,1075,2946,4995,10000,0
A5 54 26 4E 05 E8 0D 32 04 82 0B 83 13 10 27 00 00 00 AB  TEL,20006,S5,3560,1074,2946,4995,10000,0
A5 54 27 4E 05 07 0E 33 04 82 0B 83 13 10 27 00 00 00 FC  TEL,20007,S5,3591,1075,2946,4995,10000,0
A5 54 28 4E 05 E8 0D 32 04 82 0B 83 13 10 27 00 00 00 B7  TEL,20008,S5,3560,1074,2946,4995,10000,0
A5 54 29 4E 05 E8 0D 32 04 82 0B 83 13 10 27 00 00 00 B5  TEL,20009,S5,3560,1074,2946,4995,10000,0
A5 54 2A 4E 05 07 0E 33 04 82 0B 83 13 10 27 00 00 00 E6  TEL,20010,S5,3591,1075,2946,4995,10000,0
A5 54 2B 4E 05 83 0E 37 04 82 0B 83 13 10 27 00 00 00 37  TEL,20011,S5,3715,1079,2946,4995,10000,0
A5 54 2C 4E 05 45 0E 35 04 82 0B 83 13 10 27 00 00 00 7C  TEL,20012,S5,3653,1077,2946,4995,10000,0
A5 54 2D 4E 05 07 0E 33 04 82 0B 83 13 10 27 00 00 00 E8  TEL,20013,S5,3591,1075,2946,4995,10000,0
A5 54 2E 4E 05 E8 0D 32 04 82 0B 83 13 10 27 00 00 00 BB  TEL,20014,S5,3560,1074,2946,4995,10000,0
A5 54 2F 4E 05 07 0E 33 04 82 0B 83 13 10 27 00 00 00 EC  TEL,20015,S5,3591,1075,2946,4995,10000,0
A5 54 30 4E 05 07 0E 33 04 82 0B 83 13 10 27 00 00 00 D2  TEL,20016,S5,3591,1075,2946,4995,10000,0
A5 54 31 4E 05 E8 0D 32 04 82 0B 83 13 10 27 00 00 00 85  TEL,20017,S5,3560,1074,2946,4995,10000,0
A5 54 32 4E 05 A3 0E 38 04 82 0B 83 13 10 27 00 00 00 5E  TEL,20018,S5,3747,1080,2946,4995,10000,0
A5 54 33 4E 05 E8 0D 32 04 82 0B 83 13 10 27 00 00 00 81  TEL,20019,S5,3560,1074,2946,4995,10000,0
A5 54 34 4E 05 07 0E 33 04 82 0B 83 13 10 27 00 00 00 DA  TEL,20020,S5,3591,1075,2946,4995,10000,0
A5 54 35 4E 05 C9 0D 30 04 82 0B 83 13 10 27 00 00 00 D9  TEL,20021,S5,3529,1072,2946,4995,10000,0
A5 54 36 4E 05 C9 0D 31 04 82 0B 83 13 10 27 00 00 00 C0  TEL,20022,S5,3529,1073,2946,4995,10000,0
A5 54 37 4E 05 07 0E 33 04 82 0B 83 13 10 27 00 00 00 DC  TEL,20023,S5,3591,1075,2946,4995,10000,0
A5 54 38 4E 05 E8 0D 32 04 82 0B 83 13 10 27 00 00 00 97  TEL,20024,S5,3560,1074,2946,4995,10000,0
A5 54 39 4E 05 E8 0D 32 04 82 0B 83 13 10 27 00 00 00 95  TEL,20025,S5,3560,1074,2946,4995,10000,0
A5 54 3A 4E 05 E8 0D 32 04 82 0B 83 13 10 27 00 00 00 93  TEL,20026,S5,3560,1074,2946,4995,10000,0
A5 54 3B 4E 05 07 0E 33 04 82 0B 83 13 10 27 00 00 00 C4  TEL,20027,S5,3591,1075,2946,4995,10000,0
A5 54 3C 4E 05 26 0E 34 04 82 0B 83 13 10 27 00 00 00 FD  TEL,20028,S5,3622,1076,2946,4995,10000,0
A5 54 3D 4E 05 07 0E 33 04 82 0B 83 13 10 27 00 00 00 C8  TEL,20029,S5,3591,1075,2946,4995,10000,0
A5 54 3E 4E 05 E8 0D 32 04 82 0B 83 13 10 27 00 00 00 9B  TEL,20030,S5,3560,1074,2946,4995,10000,0
A5 54 3F 4E 05 07 0E 33 04 82 0B 83 13 10 27 00 00 00 CC  TEL,20031,S5,3591,1075,2946,4995,10000,0
A5 54 40 4E 05 07 0E 33 04 82 0B 83 13 10 27 00 00 00 32  TEL,20032,S5,3591,1075,2946,4995,10000,0
A5 54 41 4E 05 E8 0D 32 04 82 0B 83 13 10 27 00 00 00 65  TEL,20033,S5,3560,1074,2946,4995,10000,0
A5 54 42 4E 05 07 0E 33 04 82 0B 83 13 10 27 00 00 00 36  TEL,20034,S5,3591,1075,2946,4995,10000,0
A5 54 43 4E 05 64 0E 36 04 82 0B 83 13 10 27 00 00 00 E9  TEL,20035,S5,3684,1078,2946,4995,10000,0
A5 54 44 4E 05 07 0E 33 04 82 0B 83 13 10 27 00 00 00 3A  TEL,20036,S5,3591,1075,2946,4995,10000,0
A5 54 45 4E 05 07 0E 33 04 82 0B 83 13 10 27 00 00 00 38  TEL,20037,S5,3591,1075,2946,4995,10000,0
A5 54 46 4E 05 E8 0D 32 04 82 0B 83 13 10 27 00 00 00 6B  TEL,20038,S5,3560,1074,2946,4995,10000,0
A5 54 47 4E 05 07 0E 33 04 82 0B 83 13 10 27 00 00 00 3C  TEL,20039,S5,3591,1075,2946,4995,10000,0
A5 54 48 4E 05 07 0E 33 04 82 0B 83 13 10 27 00 00 00 22  TEL,20040,S5,3591,1075,2946,4995,10000,0
A5 54 49 4E 05 E8 0D 32 04 82 0B 83 13 10 27 00 00 00 75  TEL,20041,S5,3560,1074,2946,4995,10000,0
A5 54 4A 4E 05 E8 0D 32 04 82 0B 83 13 10 27 00 00 00 73  TEL,20042,S5,3560,1074,2946,4995,10000,0
A5 54 4B 4E 05 C9 0D 31 04 82 0B 83 13 10 27 00 00 00 3A  TEL,20043,S5,3529,1073,2946,4995,10000,0
A5 54 4C 4E 05 45 0E 35 04 82 0B 83 13 10 27 00 00 00 BC  TEL,20044,S5,3653,1077,2946,4995,10000,0
A5 54 4D 4E 05 07 0E 33 04 82 0B 83 13 10 27 00 00 00 28  TEL,20045,S5,3591,1075,2946,4995,10000,0
A5 54 4E 4E 05 07 0E 33 04 82 0B 83 13 10 27 00 00 00 2E  TEL,20046,S5,3591,1075,2946,4995,10000,0
A5 54 4F 4E 05 E8 0D 32 04 82 0B 83 13 10 27 00 00 00 79  TEL,20047,S5,3560,1074,2946,4995,10000,0
A5 54 50 4E 05 E8 0D 32 04 82 0B 83 13 10 27 00 00 00 47  TEL,20048,S5,3560,1074,2946,4995,10000,0
A5 54 51 4E 05 07 0E 33 04 82 0B 83 13 10 27 00 00 00 10  TEL,20049,S5,3591,1075,2946,4995,10000,0
A5 54 52 4E 05 E8 0D 32 04 82 0B 83 13 10 27 00 00 00 43  TEL,20050,S5,3560,1074,2946,4995,10000,0
A5 54 53 4E 05 E8 0D 32 04 82 0B 83 13 10 27 00 00 00 41  TEL,20051,S5,3560,1074,2946,4995,10000,0
A5 54 54 4E 05 07 0E 33 04 82 0B 83 13 10 27 00 00 00 1A  TEL,20052,S5,3591,1075,2946,4995,10000,0
A5 54 55 4E 05 E8 0D 32 04 82 0B 83 13 10 27 00 00 00 4D  TEL,20053,S5,3560,1074,2946,4995,10000,0
A5 54 56 4E 05 45 0E 35 04 82 0B 83 13 10 27 00 00 00 88  TEL,20054,S5,3653,1077,2946,4995,10000,0
A5 54 57 4E 05 64 0E 36 04 82 0B 83 13 10 27 00 00 00 C1  TEL,20055,S5,3684,1078,2946,4995,10000,0
A5 54 58 4E 05 07 0E 33 04 82 0B 83 13 10 27 00 00 00 02  TEL,20056,S5,3591,1075,2946,4995,10000,0
A5 54 59 4E 05 E8 0D 32 04 82 0B 83 13 10 27 00 00 00 55  TEL,20057,S5,3560,1074,2946,4995,10000,0
A5 54 5A 4E 05 07 0E 33 04 82 0B 83 13 10 27 00 00 00 06  TEL,20058,S5,3591,1075,2946,4995,10000,0
A5 54 5B 4E 05 07 0E 33 04 82 0B 83 13 10 27 00 00 00 04  TEL,20059,S5,3591,1075,2946,4995,10000,0
A5 54 5C 4E 05 45 0E 35 04 82 0B 83 13 10 27 00 00 00 9C  TEL,20060,S5,3653,1077,2946,4995,10000,0
A5 54 5D 4E 05 07 0E 33 04 82 0B 83 13 10 27 00 00 00 08  TEL,20061,S5,3591,1075,2946,4995,10000,0
A5 54 5E 4E 05 E8 0D 32 04 82 0B 83 13 10 27 00 00 00 5B  TEL,20062,S5,3560,1074,2946,4995,10000,0
A5 54 5F 4E 05 E8 0D 32 04 82 0B 83 13 10 27 00 00 00 59  TEL,20063,S5,3560,1074,2946,4995,10000,0
A5 54 60 4E 05 AA 0D 2F 04 82 0B 83 13 10 27 00 00 00 9F  TEL,20064,S5,3498,1071,2946,4995,10000,0
A5 54 61 4E 05 07 0E 33 04 82 0B 83 13 10 27 00 00 00 70  TEL,20065,S5,3591,1075,2946,4995,10000,0
A5 54 62 4E 05 E8 0D 32 04 82 0B 83 13 10 27 00 00 00 23  TEL,20066,S5,3560,1074,2946,4995,10000,0
A5 54 63 4E 05 E8 0D 32 04 82 0B 83 13 10 27 00 00 00 21  TEL,20067,S5,3560,1074,2946,4995,10000,0
A5 54 64 4E 05 07 0E 33 04 82 0B 83 13 10 27 00 00 00 7A  TEL,20068,S5,3591,1075,2946,4995,10000,0
A5 54 65 4E 05 45 0E 35 04 82 0B 83 13 10 27 00 00 00 EE  TEL,20069,S5,3653,1077,2946,4995,10000,0
A5 54 66 4E 05 07 0E 33 04 82 0B 83 13 10 27 00 00 00 7E  TEL,20070,S5,3591,1075,2946,4995,10000,0
A5 54 67 4E 05 07 0E 33 04 82 0B 83 13 10 27 00 00 00 7C  TEL,20071,S5,3591,1075,2946,4995,10000,0
A5 54 68 4E 05 07 0E 33 04 82 0B 83 13 10 27 00 00 00 62  TEL,20072,S5,3591,1075,2946,4995,10000,0
A5 54 69 4E 05 E8 0D 32 04 82 0B 83 13 10 27 00 00 00 35  TEL,20073,S5,3560,1074,2946,4995,10000,0
A5 54 6A 4E 05 E8 0D 32 04 82 0B 83 13 10 27 00 00 00 33  TEL,20074,S5,3560,1074,2946,4995,10000,0
A5 54 6B 4E 05 07 0E 33 04 82 0B 83 13 10 27 00 00 00 64  TEL,20075,S5,3591,1075,2946,4995,10000,0
A5 54 6C 4E 05 C9 0D 30 04 82 0B 83 13 10 27 00 00 00 6B  TEL,20076,S5,3529,1072,2946,4995,10000,0
A5 54 6D 4E 05 07 0E 33 04 82 0B 83 13 10 27 00 00 00 68  TEL,20077,S5,3591,1075,2946,4995,10000,0
A5 54 6E 4E 05 C9 0D 31 04 82 0B 83 13 10 27 00 00 00 70  TEL,20078,S5,3529,1073,2946,4995,10000,0
A5 54 6F 4E 05 E8 0D 32 04 82 0B 83 13 10 27 00 00 00 39  TEL,20079,S5,3560,1074,2946,4995,10000,0
A5 54 70 4E 05 07 0E 33 04 82 0B 83 13 10 27 00 00 00 52  TEL,20080,S5,3591,1075,2946,4995,10000,0
A5 54 71 4E 05 07 0E 33 04 82 0B 83 13 10 27 00 00 00 50  TEL,20081,S5,3591,1075,2946,4995,10000,0
A5 54 72 4E 05 C9 0D 31 04 82 0B 83 13 10 27 00 00 00 48  TEL,20082,S5,3529,1073,2946,4995,10000,0
A5 54 73 4E 05 07 0E 33 04 82 0B 83 13 10 27 00 00 00 54  TEL,20083,S5,3591,1075,2946,4995,10000,0
A5 54 74 4E 05 E8 0D 32 04 82 0B 83 13 10 27 00 00 00 0F  TEL,20084,S5,3560,1074,2946,4995,10000,0
A5 54 75 4E 05 C9 0D 30 04 82 0B 83 13 10 27 00 00 00 59  TEL,20085,S5,3529,1072,2946,4995,10000,0
A5 54 76 4E 05 E8 0D 32 04 82 0B 83 13 10 27 00 00 00 0B  TEL,20086,S5,3560,1074,2946,4995,10000,0
A5 54 77 4E 05 E8 0D 32 04 82 0B 83 13 10 27 00 00 00 09  TEL,20087,S5,3560,1074,2946,4995,10000,0
A5 54 78 4E 05 07 0E 33 04 82 0B 83 13 10 27 00 00 00 42  TEL,20088,S5,3591,1075,2946,4995,10000,0
A5 54 79 4E 05 07 0E 33 04 82 0B 83 13 10 27 00 00 00 40  TEL,20089,S5,3591,1075,2946,4995,10000,0
A5 54 7A 4E 05 07 0E 33 04 82 0B 83 13 10 27 00 00 00 46  TEL,20090,S5,3591,1075,2946,4995,10000,0
A5 54 7B 4E 05 E8 0D 32 04 82 0B 83 13 10 27 00 00 00 11  TEL,20091,S5,3560,1074,2946,4995,10000,0
A5 54 7C 4E 05 45 0E 35 04 82 0B 83 13 10 27 00 00 00 DC  TEL,20092,S5,3653,1077,2946,4995,10000,0
A5 54 7D 4E 05 E8 0D 32 04 82 0B 83 13 10 27 00 00 00 1D  TEL,20093,S5,3560,1074,2946,4995,10000,0
A5 54 7E 4E 05 E8 0D 32 04 82 0B 83 13 10 27 00 00 00 1B  TEL,20094,S5,3560,1074,2946,4995,10000,0
A5 54 7F 4E 05 E8 0D 32 04 82 0B 83 13 10 27 00 00 00 19  TEL,20095,S5,3560,1074,2946,4995,10000,0
A5 54 80 4E 05 07 0E 33 04 82 0B 83 13 10 27 00 00 00 B5  TEL,20096,S5,3591,1075,2946,4995,10000,0
A5 54 81 4E 05 E8 0D 32 04 82 0B 83 13 10 27 00 00 00 E2  TEL,20097,S5,3560,1074,2946,4995,10000,0
A5 54 82 4E 05 E8 0D 32 04 82 0B 83 13 10 27 00 00 00 E4  TEL,20098,S5,3560,1074,2946,4995,10000,0
A5 54 83 4E 05 E8 0D 32 04 82 0B 83 13 10 27 00 00 00 E6  TEL,20099,S5,3560,1074,2946,4995,10000,0
A5 54 84 4E 05 C9 0D 30 04 82 0B 83 13 10 27 00 00 00 BC  TEL,20100,S5,3529,1072,2946,4995,10000,0
A5 54 85 4E 05 E8 0D 32 04 82 0B 83 13 10 27 00 00 00 EA  TEL,20101,S5,3560,1074,2946,4995,10000,0
A5 54 86 4E 05 07 0E 33 04 82 0B 83 13 10 27 00 00 00 B9  TEL,20102,S5,3591,1075,2946,4995,10000,0
A5 54 87 4E 05 E8 0D 32 04 82 0B 83 13 10 27 00 00 00 EE  TEL,20103,S5,3560,1074,2946,4995,10000,0
A5 54 88 4E 05 07 0E 33 04 82 0B 83 13 10 27 00 00 00 A5  TEL,20104,S5,3591,1075,2946,4995,10000,0
A5 42 7F 00 05 89 4E BE 77 50 15 CF 77 50 15 D1 77 50 15 67  BTN,127,S5,PRESSED,20105,357595070,357595087,357595089
A5 54 8A 4E 05 07 0E 33 04 82 0B 83 13 10 27 00 00 00 A1  TEL,20106,S5,3591,1075,2946,4995,10000,0
A5 54 8B 4E 05 07 0E 33 04 82 0B 83 13 10 27 00 00 00 A3  TEL,20107,S5,3591,1075,2946,4995,10000,0
A5 54 8C 4E 05 E8 0D 32 04 82 0B 83 13 10 27 00 00 00 F8  TEL,20108,S5,3560,1074,2946,4995,10000,0
A5 54 8D 4E 05 45 0E 35 04 82 0B 83 13 10 27 00 00 00 39  TEL,20109,S5,3653,1077,2946,4995,10000,0
A5 54 8E 4E 05 E8 0D 32 04 82 0B 83 13 10 27 00 00 00 FC  TEL,20110,S5,3560,1074,2946,4995,10000,0
A5 54 8F 4E 05 E8 0D 32 04 82 0B 83 13 10 27 00 00 00 FE  TEL,20111,S5,3560,1074,2946,4995,10000,0
A5 54 90 4E 05 07 0E 33 04 82 0B 83 13 10 27 00 00 00 95  TEL,20112,S5,3591,1075,2946,4995,10000,0
A5 54 91 4E 05 C9 0D 31 04 82 0B 83 13 10 27 00 00 00 89  TEL,20113,S5,3529,1073,2946,4995,10000,0
A5 54 92 4E 05 07 0E 33 04 82 0B 83 13 10 27 00 00 00 91  TEL,20114,S5,3591,1075,2946,4995,10000,0
A5 54 93 4E 05 E8 0D 32 04 82 0B 83 13 10 27 00 00 00 C6  TEL,20115,S5,3560,1074,2946,4995,10000,0
A5 54 94 4E 05 07 0E 33 04 82 0B 83 13 10 27 00 00 00 9D  TEL,20116,S5,3591,1075,2946,4995,10000,0
A5 54 95 4E 05 E8 0D 32 04 82 0B 83 13 10 27 00 00 00 CA  TEL,20117,S5,3560,1074,2946,4995,10000,0
A5 54 96 4E 05 07 0E 33 04 82 0B 83 13 10 27 00 00 00 99  TEL,20118,S5,3591,1075,2946,4995,10000,0
A5 54 97 4E 05 07 0E 33 04 82 0B 83 13 10 27 00 00 00 9B  TEL,20119,S5,3591,1075,2946,4995,10000,0
A5 54 98 4E 05 07 0E 33 04 82 0B 83 13 10 27 00 00 00 85  TEL,20120,S5,3591,1075,2946,4995,10000,0
A5 54 99 4E 05 07 0E 33 04 82 0B 83 13 10 27 00 00 00 87  TEL,20121,S5,3591,1075,2946,4995,10000,0
A5 54 9A 4E 05 07 0E 33 04 82 0B 83 13 10 27 00 00 00 81  TEL,20122,S5,3591,1075,2946,4995,10000,0
A5 54 9B 4E 05 64 0E 36 04 82 0B 83 13 10 27 00 00 00 5E  TEL,20123,S5,3684,1078,2946,4995,10000,0
A5 54 9C 4E 05 E8 0D 32 04 82 0B 83 13 10 27 00 00 00 D8  TEL,20124,S5,3560,1074,2946,4995,10000,0
A5 54 9D 4E 05 45 0E 35 04 82 0B 83 13 10 27 00 00 00 19  TEL,20125,S5,3653,1077,2946,4995,10000,0
A5 54 9E 4E 05 07 0E 33 04 82 0B 83 13 10 27 00 00 00 89  TEL,20126,S5,3591,1075,2946,4995,10000,0
A5 54 9F 4E 05 07 0E 33 04 82 0B 83 13 10 27 00 00 00 8B  TEL,20127,S5,3591,1075,2946,4995,10000,0
A5 54 A0 4E 05 45 0E 35 04 82 0B 83 13 10 27 00 00 00 63  TEL,20128,S5,3653,1077,2946,4995,10000,0
A5 54 A1 4E 05 07 0E 33 04 82 0B 83 13 10 27 00 00 00 F7  TEL,20129,S5,3591,1075,2946,4995,10000,0
A5 54 A2 4E 05 07 0E 33 04 82 0B 83 13 10 27 00 00 00 F1  TEL,20130,S5,3591,1075,2946,4995,10000,0
A5 54 A3 4E 05 07 0E 33 04 82 0B 83 13 10 27 00 00 00 F3  TEL,20131,S5,3591,1075,2946,4995,10000,0
A5 54 A4 4E 05 07 0E 33 04 82 0B 83 13 10 27 00 00 00 FD  TEL,20132,S5,3591,1075,2946,4995,10000,0
A5 54 A5 4E 05 E8 0D 32 04 82 0B 83 13 10 27 00 00 00 AA  TEL,20133,S5,3560,1074,2946,4995,10000,0
A5 54 A6 4E 05 07 0E 33 04 82 0B 83 13 10 27 00 00 00 F9  TEL,20134,S5,3591,1075,2946,4995,10000,0
A5 54 A7 4E 05 83 0E 37 04 82 0B 83 13 10 27 00 00 00 28  TEL,20135,S5,3715,1079,2946,4995,10000,0
A5 54 A8 4E 05 07 0E 33 04 82 0B 83 13 10 27 00 00 00 E5  TEL,20136,S5,3591,1075,2946,4995,10000,0
A5 54 A9 4E 05 E8 0D 32 04 82 0B 83 13 10 27 00 00 00 B2  TEL,20137,S5,3560,1074,2946,4995,10000,0
A5 54 AA 4E 05 E8 0D 32 04 82 0B 83 13 10 27 00 00 00 B4  TEL,20138,S5,3560,1074,2946,4995,10000,0
A5 54 AB 4E 05 07 0E 33 04 82 0B 83 13 10 27 00 00 00 E3  TEL,20139,S5,3591,1075,2946,4995,10000,0
A5 54 AC 4E 05 64 0E 36 04 82 0B 83 13 10 27 00 00 00 30  TEL,20140,S5,3684,1078,2946,4995,10000,0
A5 54 AD 4E 05 45 0E 35 04 82 0B 83 13 10 27 00 00 00 79  TEL,20141,S5,3653,1077,2946,4995,10000,0
A5 54 AE 4E 05 07 0E 33 04 82 0B 83 13 10 27 00 00 00 E9  TEL,20142,S5,3591,1075,2946,4995,10000,0
A5 54 AF 4E 05 07 0E 33 04 82 0B 83 13 10 27 00 00 00 EB  TEL,20143,S5,3591,1075,2946,4995,10000,0
A5 54 B0 4E 05 07 0E 33 04 82 0B 83 13 10 27 00 00 00 D5  TEL,20144,S5,3591,1075,2946,4995,10000,0
A5 54 B1 4E 05 E8 0D 32 04 82 0B 83 13 10 27 00 00 00 82  TEL,20145,S5,3560,1074,2946,4995,10000,0
A5 54 B2 4E 05 E8 0D 32 04 82 0B 83 13 10 27 00 00 00 84  TEL,20146,S5,3560,1074,2946,4995,10000,0
A5 54 B3 4E 05 07 0E 33 04 82 0B 83 13 10 27 00 00 00 D3  TEL,20147,S5,3591,1075,2946,4995,10000,0
A5 54 B4 4E 05 07 0E 33 04 82 0B 83 13 10 27 00 00 00 DD  TEL,20148,S5,3591,1075,2946,4995,10000,0
A5 54 B5 4E 05 07 0E 33 04 82 0B 83 13 10 27 00 00 00 DF  TEL,20149,S5,3591,1075,2946,4995,10000,0
A5 54 B6 4E 05 07 0E 33 04 82 0B 83 13 10 27 00 00 00 D9  TEL,20150,S5,3591,1075,2946,4995,10000,0
A5 54 B7 4E 05 07 0E 33 04 82 0B 83 13 10 27 00 00 00 DB  TEL,20151,S5,3591,1075,2946,4995,10000,0
A5 54 B8 4E 05 07 0E 33 04 82 0B 83 13 10 27 00 00 00 C5  TEL,20152,S5,3591,1075,2946,4995,10000,0
A5 54 B9 4E 05 07 0E 33 04 82 0B 83 13 10 27 00 00 00 C7  TEL,20153,S5,3591,1075,2946,4995,10000,0
A5 54 BA 4E 05 E8 0D 32 04 82 0B 83 13 10 27 00 00 00 94  TEL,20154,S5,3560,1074,2946,4995,10000,0
A5 54 BB 4E 05 07 0E 33 04 82 0B 83 13 10 27 00 00 00 C3  TEL,20155,S5,3591,1075,2946,4995,10000,0
A5 54 BC 4E 05 E8 0D 32 04 82 0B 83 13 10 27 00 00 00 98  TEL,20156,S5,3560,1074,2946,4995,10000,0
A5 54 BD 4E 05 45 0E 35 04 82 0B 83 13 10 27 00 00 00 59  TEL,20157,S5,3653,1077,2946,4995,10000,0
A5 54 BE 4E 05 07 0E 33 04 82 0B 83 13 10 27 00 00 00 C9  TEL,20158,S5,3591,1075,2946,4995,10000,0
A5 54 BF 4E 05 07 0E 33 04 82 0B 83 13 10 27 00 00 00 CB  TEL,20159,S5,3591,1075,2946,4995,10000,0
A5 54 C0 4E 05 E8 0D 32 04 82 0B 83 13 10 27 00 00 00 60  TEL,20160,S5,3560,1074,2946,4995,10000,0
A5 54 C1 4E 05 C9 0D 31 04 82 0B 83 13 10 27 00 00 00 29  TEL,20161,S5,3529,1073,2946,4995,10000,0
A5 54 C2 4E 05 07 0E 33 04 82 0B 83 13 10 27 00 00 00 31  TEL,20162,S5,3591,1075,2946,4995,10000,0
A5 54 C3 4E 05 E8 0D 32 04 82 0B 83 13 10 27 00 00 00 66  TEL,20163,S5,3560,1074,2946,4995,10000,0
A5 54 C4 4E 05 26 0E 34 04 82 0B 83 13 10 27 00 00 00 0A  TEL,20164,S5,3622,1076,2946,4995,10000,0
A5 54 C5 4E 05 07 0E 33 04 82 0B 83 13 10 27 00 00 00 3F  TEL,20165,S5,3591,1075,2946,4995,10000,0
A5 54 C6 4E 05 64 0E 36 04 82 0B 83 13 10 27 00 00 00 E4  TEL,20166,S5,3684,1078,2946,4995,10000,0
A5 54 C7 4E 05 07 0E 33 04 82 0B 83 13 10 27 00 00 00 3B  TEL,20167,S5,3591,1075,2946,4995,10000,0
A5 54 C8 4E 05 E8 0D 32 04 82 0B 83 13 10 27 00 00 00 70  TEL,20168,S5,3560,1074,2946,4995,10000,0
A5 54 C9 4E 05 07 0E 33 04 82 0B 83 13 10 27 00 00 00 27  TEL,20169,S5,3591,1075,2946,4995,10000,0
A5 54 CA 4E 05 07 0E 33 04 82 0B 83 13 10 27 00 00 00 21  TEL,20170,S5,3591,1075,2946,4995,10000,0
A5 54 CB 4E 05 07 0E 33 04 82 0B 83 13 10 27 00 00 00 23  TEL,20171,S5,3591,1075,2946,4995,10000,0
A5 54 CC 4E 05 07 0E 33 04 82 0B 83 13 10 27 00 00 00 2D  TEL,20172,S5,3591,1075,2946,4995,10000,0
A5 54 CD 4E 05 45 0E 35 04 82 0B 83 13 10 27 00 00 00 B9  TEL,20173,S5,3653,1077,2946,4995,10000,0
A5 54 CE 4E 05 07 0E 33 04 82 0B 83 13 10 27 00 00 00 29  TEL,20174,S5,3591,1075,2946,4995,10000,0
A5 54 CF 4E 05 8A 0D 2E 04 82 0B 83 13 10 27 00 00 00 27  TEL,20175,S5,3466,1070,2946,4995,10000,0
A5 54 D0 4E 05 07 0E 33 04 82 0B 83 13 10 27 00 00 00 15  TEL,20176,S5,3591,1075,2946,4995,10000,0
A5 54 D1 4E 05 83 0E 37 04 82 0B 83 13 10 27 00 00 00 C4  TEL,20177,S5,3715,1079,2946,4995,10000,0
A5 54 D2 4E 05 E8 0D 32 04 82 0B 83 13 10 27 00 00 00 44  TEL,20178,S5,3560,1074,2946,4995,10000,0
A5 54 D3 4E 05 E8 0D 32 04 82 0B 83 13 10 27 00 00 00 46  TEL,20179,S5,3560,1074,2946,4995,10000,0
A5 54 D4 4E 05 07 0E 33 04 82 0B 83 13 10 27 00 00 00 1D  TEL,20180,S5,3591,1075,2946,4995,10000,0
A5 54 D5 4E 05 07 0E 33 04 82 0B 83 13 10 27 00 00 00 1F  TEL,20181,S5,3591,1075,2946,4995,10000,0
A5 54 D6 4E 05 07 0E 33 04 82 0B 83 13 10 27 00 00 00 19  TEL,20182,S5,3591,1075,2946,4995,10000,0
A5 54 D7 4E 05 E8 0D 32 04 82 0B 83 13 10 27 00 00 00 4E  TEL,20183,S5,3560,1074,2946,4995,10000,0
A5 54 D8 4E 05 07 0E 33 04 82 0B 83 13 10 27 00 00 00 05  TEL,20184,S5,3591,1075,2946,4995,10000,0
A5 54 D9 4E 05 E8 0D 32 04 82 0B 83 13 10 27 00 00 00 52  TEL,20185,S5,3560,1074,2946,4995,10000,0
A5 54 DA 4E 05 07 0E 33 04 82 0B 83 13 10 27 00 00 00 01  TEL,20186,S5,3591,1075,2946,4995,10000,0
A5 54 DB 4E 05 07 0E 33 04 82 0B 83 13 10 27 00 00 00 03  TEL,20187,S5,3591,1075,2946,4995,10000,0
A5 54 DC 4E 05 E8 0D 32 04 82 0B 83 13 10 27 00 00 00 58  TEL,20188,S5,3560,1074,2946,4995,10000,0
A5 54 DD 4E 05 26 0E 34 04 82 0B 83 13 10 27 00 00 00 38  TEL,20189,S5,3622,1076,2946,4995,10000,0
A5 54 DE 4E 05 07 0E 33 04 82 0B 83 13 10 27 00 00 00 09  TEL,20190,S5,3591,1075,2946,4995,10000,0
A5 54 DF 4E 05 07 0E 33 04 82 0B 83 13 10 27 00 00 00 0B  TEL,20191,S5,3591,1075,2946,4995,10000,0
A5 54 E0 4E 05 E8 0D 32 04 82 0B 83 13 10 27 00 00 00 20  TEL,20192,S5,3560,1074,2946,4995,10000,0
A5 54 E1 4E 05 E8 0D 32 04 82 0B 83 13 10 27 00 00 00 22  TEL,20193,S5,3560,1074,2946,4995,10000,0
A5 54 E2 4E 05 64 0E 36 04 82 0B 83 13 10 27 00 00 00 AC  TEL,20194,S5,3684,1078,2946,4995,10000,0
A5 54 E3 4E 05 E8 0D 32 04 82 0B 83 13 10 27 00 00 00 26  TEL,20195,S5,3560,1074,2946,4995,10000,0
A5 54 E4 4E 05 07 0E 33 04 82 0B 83 13 10 27 00 00 00 7D  TEL,20196,S5,3591,1075,2946,4995,10000,0
A5 54 E5 4E 05 64 0E 36 04 82 0B 83 13 10 27 00 00 00 A2  TEL,20197,S5,3684,1078,2946,4995,10000,0
A5 54 E6 4E 05 C9 0D 31 04 82 0B 83 13 10 27 00 00 00 67  TEL,20198,S5,3529,1073,2946,4995,10000,0
A5 54 E7 4E 05 07 0E 33 04 82 0B 83 13 10 27 00 00 00 7B  TEL,20199,S5,3591,1075,2946,4995,10000,0
A5 54 E8 4E 05 07 0E 33 04 82 0B 83 13 10 27 00 00 00 65  TEL,20200,S5,3591,1075,2946,4995,10000,0
A5 54 E9 4E 05 07 0E 33 04 82 0B 83 13 10 27 00 00 00 67  TEL,20201,S5,3591,1075,2946,4995,10000,0
A5 54 EA 4E 05 E8 0D 32 04 82 0B 83 13 10 27 00 00 00 34  TEL,20202,S5,3560,1074,2946,4995,10000,0
A5 54 EB 4E 05 E8 0D 32 04 82 0B 83 13 10 27 00 00 00 36  TEL,20203,S5,3560,1074,2946,4995,10000,0
A5 54 EC 4E 05 E8 0D 32 04 82 0B 83 13 10 27 00 00 00 38  TEL,20204,S5,3560,1074,2946,4995,10000,0
A5 54 ED 4E 05 45 0E 35 04 82 0B 83 13 10 27 00 00 00 F9  TEL,20205,S5,3653,1077,2946,4995,10000,0
A5 54 EE 4E 05 07 0E 33 04 82 0B 83 13 10 27 00 00 00 69  TEL,20206,S5,3591,1075,2946,4995,10000,0
A5 54 EF 4E 05 07 0E 33 04 82 0B 83 13 10 27 00 00 00 6B  TEL,20207,S5,3591,1075,2946,4995,10000,0
A5 54 F0 4E 05 07 0E 33 04 82 0B 83 13 10 27 00 00 00 55  TEL,20208,S5,3591,1075,2946,4995,10000,0
A5 54 F1 4E 05 07 0E 33 04 82 0B 83 13 10 27 00 00 00 57  TEL,20209,S5,3591,1075,2946,4995,10000,0
A5 54 F2 4E 05 07 0E 33 04 82 0B 83 13 10 27 00 00 00 51  TEL,20210,S5,3591,1075,2946,4995,10000,0
A5 54 F3 4E 05 E8 0D 32 04 82 0B 83 13 10 27 00 00 00 06  TEL,20211,S5,3560,1074,2946,4995,10000,0
A5 54 F4 4E 05 E8 0D 32 04 82 0B 83 13 10 27 00 00 00 08  TEL,20212,S5,3560,1074,2946,4995,10000,0
A5 54 F5 4E 05 07 0E 33 04 82 0B 83 13 10 27 00 00 00 5F  TEL,20213,S5,3591,1075,2946,4995,10000,0
A5 54 F6 4E 05 07 0E 33 04 82 0B 83 13 10 27 00 00 00 59  TEL,20214,S5,3591,1075,2946,4995,10000,0
A5 54 F7 4E 05 07 0E 33 04 82 0B 83 13 10 27 00 00 00 5B  TEL,20215,S5,3591,1075,2946,4995,10000,0
A5 54 F8 4E 05 07 0E 33 04 82 0B 83 13 10 27 00 00 00 45  TEL,20216,S5,3591,1075,2946,4995,10000,0
A5 54 F9 4E 05 07 0E 33 04 82 0B 83 13 10 27 00 00 00 47  TEL,20217,S5,3591,1075,2946,4995,10000,0
A5 54 FA 4E 05 E8 0D 32 04 82 0B 83 13 10 27 00 00 00 14  TEL,20218,S5,3560,1074,2946,4995,10000,0
A5 54 FB 4E 05 A3 0E 38 04 82 0B 83 13 10 27 00 00 00 CB  TEL,20219,S5,3747,1080,2946,4995,10000,0
A5 54 FC 4E 05 E8 0D 32 04 82 0B 83 13 10 27 00 00 00 18  TEL,20220,S5,3560,1074,2946,4995,10000,0
A5 54 FD 4E 05 26 0E 34 04 82 0B 83 13 10 27 00 00 00 78  TEL,20221,S5,3622,1076,2946,4995,10000,0
A5 54 FE 4E 05 E8 0D 32 04 82 0B 83 13 10 27 00 00 00 1C  TEL,20222,S5,3560,1074,2946,4995,10000,0
A5 54 FF 4E 05 07 0E 33 04 82 0B 83 13 10 27 00 00 00 4B  TEL,20223,S5,3591,1075,2946,4995,10000,0
A5 54 00 4F 05 07 0E 33 04 82 0B 83 13 10 27 00 00 00 07  TEL,20224,S5,3591,1075,2946,4995,10000,0
A5 54 01 4F 05 07 0E 33 04 82 0B 83 13 10 27 00 00 00 05  TEL,20225,S5,3591,1075,2946,4995,10000,0
A5 54 02 4F 05 E8 0D 32 04 82 0B 83 13 10 27 00 00 00 56  TEL,20226,S5,3560,1074,2946,4995,10000,0
A5 54 03 4F 05 07 0E 33 04 82 0B 83 13 10 27 00 00 00 01  TEL,20227,S5,3591,1075,2946,4995,10000,0
A5 54 04 4F 05 E8 0D 32 04 82 0B 83 13 10 27 00 00 00 5A  TEL,20228,S5,3560,1074,2946,4995,10000,0
A5 54 05 4F 05 45 0E 35 04 82 0B 83 13 10 27 00 00 00 9B  TEL,20229,S5,3653,1077,2946,4995,10000,0
A5 54 06 4F 05 64 0E 36 04 82 0B 83 13 10 27 00 00 00 D6  TEL,20230,S5,3684,1078,2946,4995,10000,0
A5 54 07 4F 05 07 0E 33 04 82 0B 83 13 10 27 00 00 00 09  TEL,20231,S5,3591,1075,2946,4995,10000,0
A5 54 08 4F 05 07 0E 33 04 82 0B 83 13 10 27 00 00 00 17  TEL,20232,S5,3591,1075,2946,4995,10000,0
A5 54 09 4F 05 E8 0D 32 04 82 0B 83 13 10 27 00 00 00 40  TEL,20233,S5,3560,1074,2946,4995,10000,0
A5 54 0A 4F 05 E8 0D 32 04 82 0B 83 13 10 27 00 00 00 46  TEL,20234,S5,3560,1074,2946,4995,10000,0
A5 54 0B 4F 05 E8 0D 32 04 82 0B 83 13 10 27 00 00 00 44  TEL,20235,S5,3560,1074,2946,4995,10000,0
A5 54 0C 4F 05 07 0E 33 04 82 0B 83 13 10 27 00 00 00 1F  TEL,20236,S5,3591,1075,2946,4995,10000,0
A5 54 0D 4F 05 45 0E 35 04 82 0B 83 13 10 27 00 00 00 8B  TEL,20237,S5,3653,1077,2946,4995,10000,0
A5 54 0E 4F 05 83 0E 37 04 82 0B 83 13 10 27 00 00 00 C8  TEL,20238,S5,3715,1079,2946,4995,10000,0
A5 54 0F 4F 05 07 0E 33 04 82 0B 83 13 10 27 00 00 00 19  TEL,20239,S5,3591,1075,2946,4995,10000,0
A5 54 10 4F 05 07 0E 33 04 82 0B 83 13 10 27 00 00 00 27  TEL,20240,S5,3591,1075,2946,4995,10000,0
A5 54 11 4F 05 E8 0D 32 04 82 0B 83 13 10 27 00 00 00 70  TEL,20241,S5,3560,1074,2946,4995,10000,0
A5 54 12 4F 05 E8 0D 32 04 82 0B 83 13 10 27 00 00 00 76  TEL,20242,S5,3560,1074,2946,4995,10000,0
A5 54 13 4F 05 E8 0D 32 04 82 0B 83 13 10 27 00 00 00 74  TEL,20243,S5,3560,1074,2946,4995,10000,0
A5 54 14 4F 05 07 0E 33 04 82 0B 83 13 10 27 00 00 00 2F  TEL,20244,S5,3591,1075,2946,4995,10000,0
A5 54 15 4F 05 07 0E 33 04 82 0B 83 13 10 27 00 00 00 2D  TEL,20245,S5,3591,1075,2946,4995,10000,0
A5 54 16 4F 05 07 0E 33 04 82 0B 83 13 10 27 00 00 00 2B  TEL,20246,S5,3591,1075,2946,4995,10000,0
A5 54 17 4F 05 07 0E 33 04 82 0B 83 13 10 27 00 00 00 29  TEL,20247,S5,3591,1075,2946,4995,10000,0
A5 54 18 4F 05 07 0E 33 04 82 0B 83 13 10 27 00 00 00 37  TEL,20248,S5,3591,1075,2946,4995,10000,0
A5 54 19 4F 05 E8 0D 32 04 82 0B 83 13 10 27 00 00 00 60  TEL,20249,S5,3560,1074,2946,4995,10000,0
A5 54 1A 4F 05 07 0E 33 04 82 0B 83 13 10 27 00 00 00 33  TEL,20250,S5,3591,1075,2946,4995,10000,0
A5 54 1B 4F 05 07 0E 33 04 82 0B 83 13 10 27 00 00 00 31  TEL,20251,S5,3591,1075,2946,4995,10000,0
A5 54 1C 4F 05 07 0E 33 04 82 0B 83 13 10 27 00 00 00 3F  TEL,20252,S5,3591,1075,2946,4995,10000,0
A5 54 1D 4F 05 26 0E 34 04 82 0B 83 13 10 27 00 00 00 0A  TEL,20253,S5,3622,1076,2946,4995,10000,0
A5 54 1E 4F 05 07 0E 33 04 82 0B 83 13 10 27 00 00 00 3B  TEL,20254,S5,3591,1075,2946,4995,10000,0
A5 42 80 00 05 1F 4F CC 4F 67 15 DE 4F 67 15 E0 4F 67 15 37  BTN,128,S5,PRESSED,20255,359092172,359092190,359092192
A5 54 20 4F 05 07 0E 33 04 82 0B BD 13 10 27 00 00 01 14  TEL,20256,S5,3591,1075,2946,5053,10000,1
A5 54 21 4F 05 C9 0D 31 04 82 0B 83 13 10 27 00 00 00 5B  TEL,20257,S5,3529,1073,2946,4995,10000,0
A5 54 22 4F 05 E8 0D 32 04 82 0B 83 13 10 27 00 00 00 16  TEL,20258,S5,3560,1074,2946,4995,10000,0
A5 54 23 4F 05 07 0E 33 04 82 0B 83 13 10 27 00 00 00 41  TEL,20259,S5,3591,1075,2946,4995,10000,0
A5 54 24 4F 05 07 0E 33 04 82 0B 83 13 10 27 00 00 00 4F  TEL,20260,S5,3591,1075,2946,4995,10000,0
A5 54 25 4F 05 E8 0D 32 04 82 0B 83 13 10 27 00 00 00 18  TEL,20261,S5,3560,1074,2946,4995,10000,0
A5 54 26 4F 05 07 0E 33 04 82 0B 83 13 10 27 00 00 00 4B  TEL,20262,S5,3591,1075,2946,4995,10000,0
A5 54 27 4F 05 E8 0D 32 04 82 0B 83 13 10 27 00 00 00 1C  TEL,20263,S5,3560,1074,2946,4995,10000,0
A5 54 28 4F 05 07 0E 33 04 82 0B 83 13 10 27 00 00 00 57  TEL,20264,S5,3591,1075,2946,4995,10000,0
A5 54 29 4F 05 07 0E 33 04 82 0B 83 13 10 27 00 00 00 55  TEL,20265,S5,3591,1075,2946,4995,10000,0
A5 54 2A 4F 05 07 0E 33 04 82 0B 83 13 10 27 00 00 00 53  TEL,20266,S5,3591,1075,2946,4995,10000,0
A5 54 2B 4F 05 07 0E 33 04 82 0B 83 13 10 27 00 00 00 51  TEL,20267,S5,3591,1075,2946,4995,10000,0
A5 54 2C 4F 05 E8 0D 32 04 82 0B 83 13 10 27 00 00 00 0A  TEL,20268,S5,3560,1074,2946,4995,10000,0
A5 54 2D 4F 05 07 0E 33 04 82 0B 83 13 10 27 00 00 00 5D  TEL,20269,S5,3591,1075,2946,4995,10000,0
A5 54 2E 4F 05 07 0E 33 04 82 0B 83 13 10 27 00 00 00 5B  TEL,20270,S5,3591,1075,2946,4995,10000,0
A5 54 2F 4F 05 E8 0D 32 04 82 0B 86 13 10 27 00 00 00 A6  TEL,20271,S5,3560,1074,2946,4998,10000,0
A5 54 30 4F 05 07 0E 33 04 82 0B 83 13 10 27 00 00 00 67  TEL,20272,S5,3591,1075,2946,4995,10000,0
A5 54 31 4F 05 07 0E 33 04 82 0B 83 13 10 27 00 00 00 65  TEL,20273,S5,3591,1075,2946,4995,10000,0
A5 54 32 4F 05 07 0E 33 04 82 0B 83 13 10 27 00 00 00 63  TEL,20274,S5,3591,1075,2946,4995,10000,0
A5 54 33 4F 05 E8 0D 32 04 82 0B 83 13 10 27 00 00 00 34  TEL,20275,S5,3560,1074,2946,4995,10000,0
A5 54 34 4F 05 E8 0D 32 04 82 0B 83 13 10 27 00 00 00 3A  TEL,20276,S5,3560,1074,2946,4995,10000,0
A5 54 35 4F 05 07 0E 33 04 82 0B 83 13 10 27 00 00 00 6D  TEL,20277,S5,3591,1075,2946,4995,10000,0
A5 54 36 4F 05 07 0E 33 04 82 0B 83 13 10 27 00 00 00 6B  TEL,20278,S5,3591,1075,2946,4995,10000,0
A5 54 37 4F 05 E8 0D 32 04 82 0B 83 13 10 27 00 00 00 3C  TEL,20279,S5,3560,1074,2946,4995,10000,0
A5 54 38 4F 05 07 0E 33 04 82 0B 83 13 10 27 00 00 00 77  TEL,20280,S5,3591,1075,2946,4995,10000,0
A5 54 39 4F 05 E8 0D 32 04 82 0B 83 13 10 27 00 00 00 20  TEL,20281,S5,3560,1074,2946,4995,10000,0
A5 54 3A 4F 05 07 0E 33 04 82 0B 83 13 10 27 00 00 00 73  TEL,20282,S5,3591,1075,2946,4995,10000,0
A5 54 3B 4F 05 E8 0D 32 04 82 0B 83 13 10 27 00 00 00 24  TEL,20283,S5,3560,1074,2946,4995,10000,0
A5 54 3C 4F 05 07 0E 33 04 82 0B 83 13 10 27 00 00 00 7F  TEL,20284,S5,3591,1075,2946,4995,10000,0
A5 54 3D 4F 05 07 0E 33 04 82 0B 83 13 10 27 00 00 00 7D  TEL,20285,S5,3591,1075,2946,4995,10000,0
A5 54 3E 4F 05 26 0E 34 04 82 0B 83 13 10 27 00 00 00 4C  TEL,20286,S5,3622,1076,2946,4995,10000,0
A5 54 3F 4F 05 07 0E 33 04 82 0B 83 13 10 27 00 00 00 79  TEL,20287,S5,3591,1075,2946,4995,10000,0
A5 54 40 4F 05 E8 0D 32 04 82 0B 83 13 10 27 00 00 00 D2  TEL,20288,S5,3560,1074,2946,4995,10000,0
A5 54 41 4F 05 07 0E 33 04 82 0B 83 13 10 27 00 00 00 85  TEL,20289,S5,3591,1075,2946,4995,10000,0
A5 54 42 4F 05 E8 0D 32 04 82 0B 83 13 10 27 00 00 00 D6  TEL,20290,S5,3560,1074,2946,4995,10000,0
A5 54 43 4F 05 C9 0D 31 04 82 0B 83 13 10 27 00 00 00 9F  TEL,20291,S5,3529,1073,2946,4995,10000,0
A5 54 44 4F 05 07 0E 33 04 82 0B 83 13 10 27 00 00 00 8F  TEL,20292,S5,3591,1075,2946,4995,10000,0
A5 54 45 4F 05 E8 0D 32 04 82 0B 83 13 10 27 00 00 00 D8  TEL,20293,S5,3560,1074,2946,4995,10000,0
A5 54 46 4F 05 07 0E 33 04 82 0B 83 13 10 27 00 00 00 8B  TEL,20294,S5,3591,1075,2946,4995,10000,0
A5 54 47 4F 05 64 0E 36 04 82 0B 83 13 10 27 00 00 00 54  TEL,20295,S5,3684,1078,2946,4995,10000,0
A5 54 48 4F 05 E8 0D 32 04 82 0B 83 13 10 27 00 00 00 C2  TEL,20296,S5,3560,1074,2946,4995,10000,0
A5 54 49 4F 05 E8 0D 32 04 82 0B 83 13 10 27 00 00 00 C0  TEL,20297,S5,3560,1074,2946,4995,10000,0
A5 54 4A 4F 05 E8 0D 32 04 82 0B 83 13 10 27 00 00 00 C6  TEL,20298,S5,3560,1074,2946,4995,10000,0
A5 54 4B 4F 05 07 0E 33 04 82 0B 83 13 10 27 00 00 00 91  TEL,20299,S5,3591,1075,2946,4995,10000,0
A5 54 4C 4F 05 07 0E 33 04 82 0B 83 13 10 27 00 00 00 9F  TEL,20300,S5,3591,1075,2946,4995,10000,0
A5 54 4D 4F 05 64 0E 36 04 82 0B 83 13 10 27 00 00 00 40  TEL,20301,S5,3684,1078,2946,4995,10000,0
A5 54 4E 4F 05 26 0E 34 04 82 0B 83 13 10 27 00 00 00 AC  TEL,20302,S5,3622,1076,2946,4995,10000,0
A5 54 4F 4F 05 07 0E 33 04 82 0B 83 13 10 27 00 00 00 99  TEL,20303,S5,3591,1075,2946,4995,10000,0
A5 54 50 4F 05 64 0E 36 04 82 0B 83 13 10 27 00 00 00 7A  TEL,20304,S5,3684,1078,2946,4995,10000,0
A5 54 51 4F 05 07 0E 33 04 82 0B 83 13 10 27 00 00 00 A5  TEL,20305,S5,3591,1075,2946,4995,10000,0
A5 54 52 4F 05 E8 0D 32 04 82 0B 83 13 10 27 00 00 00 F6  TEL,20306,S5,3560,1074,2946,4995,10000,0
A5 54 53 4F 05 E8 0D 32 04 82 0B 83 13 10 27 00 00 00 F4  TEL,20307,S5,3560,1074,2946,4995,10000,0
A5 54 54 4F 05 8A 0D 2E 04 82 0B 83 13 10 27 00 00 00 A3  TEL,20308,S5,3466,1070,2946,4995,10000,0
A5 54 55 4F 05 07 0E 33 04 82 0B 83 13 10 27 00 00 00 AD  TEL,20309,S5,3591,1075,2946,4995,10000,0
A5 54 56 4F 05 83 0E 37 04 82 0B 83 13 10 27 00 00 00 78  TEL,20310,S5,3715,1079,2946,4995,10000,0
A5 54 57 4F 05 07 0E 33 04 82 0B 83 13 10 27 00 00 00 A9  TEL,20311,S5,3591,1075,2946,4995,10000,0
A5 54 58 4F 05 07 0E 33 04 82 0B 83 13 10 27 00 00 00 B7  TEL,20312,S5,3591,1075,2946,4995,10000,0
A5 54 59 4F 05 E8 0D 32 04 82 0B 83 13 10 27 00 00 00 E0  TEL,20313,S5,3560,1074,2946,4995,10000,0
A5 54 5A 4F 05 07 0E 33 04 82 0B 83 13 10 27 00 00 00 B3  TEL,20314,S5,3591,1075,2946,4995,10000,0
A5 54 5B 4F 05 07 0E 33 04 82 0B 83 13 10 27 00 00 00 B1  TEL,20315,S5,3591,1075,2946,4995,10000,0
A5 54 5C 4F 05 E8 0D 32 04 82 0B 83 13 10 27 00 00 00 EA  TEL,20316,S5,3560,1074,2946,4995,10000,0
A5 54 5D 4F 05 26 0E 34 04 82 0B 83 13 10 27 00 00 00 8A  TEL,20317,S5,3622,1076,2946,4995,10000,0
A5 54 5E 4F 05 45 0E 35 04 82 0B 83 13 10 27 00 00 00 2D  TEL,20318,S5,3653,1077,2946,4995,10000,0
A5 54 5F 4F 05 E8 0D 32 04 82 0B 83 13 10 27 00 00 00 EC  TEL,20319,S5,3560,1074,2946,4995,10000,0
A5 54 60 4F 05 E8 0D 32 04 82 0B 83 13 10 27 00 00 00 92  TEL,20320,S5,3560,1074,2946,4995,10000,0
A5 54 61 4F 05 07 0E 33 04 82 0B 83 13 10 27 00 00 00 C5  TEL,20321,S5,3591,1075,2946,4995,10000,0
A5 54 62 4F 05 07 0E 33 04 82 0B 83 13 10 27 00 00 00 C3  TEL,20322,S5,3591,1075,2946,4995,10000,0
A5 54 63 4F 05 07 0E 33 04 82 0B 83 13 10 27 00 00 00 C1  TEL,20323,S5,3591,1075,2946,4995,10000,0
A5 54 64 4F 05 E8 0D 32 04 82 0B 83 13 10 27 00 00 00 9A  TEL,20324,S5,3560,1074,2946,4995,10000,0
A5 54 65 4F 05 83 0E 37 04 82 0B 83 13 10 27 00 00 00 1E  TEL,20325,S5,3715,1079,2946,4995,10000,0
A5 54 66 4F 05 07 0E 33 04 82 0B 83 13 10 27 00 00 00 CB  TEL,20326,S5,3591,1075,2946,4995,10000,0
A5 54 67 4F 05 07 0E 33 04 82 0B 83 13 10 27 00 00 00 C9  TEL,20327,S5,3591,1075,2946,4995,10000,0
A5 54 68 4F 05 E8 0D 32 04 82 0B 83 13 10 27 00 00 00 82  TEL,20328,S5,3560,1074,2946,4995,10000,0
A5 54 69 4F 05 07 0E 33 04 82 0B 83 13 10 27 00 00 00 D5  TEL,20329,S5,3591,1075,2946,4995,10000,0
A5 54 6A 4F 05 07 0E 33 04 82 0B 83 13 10 27 00 00 00 D3  TEL,20330,S5,3591,1075,2946,4995,10000,0
A5 54 6B 4F 05 E8 0D 32 04 82 0B 83 13 10 27 00 00 00 84  TEL,20331,S5,3560,1074,2946,4995,10000,0
A5 54 6C 4F 05 07 0E 33 04 82 0B 83 13 10 27 00 00 00 DF  TEL,20332,S5,3591,1075,2946,4995,10000,0
A5 54 6D 4F 05 07 0E 33 04 82 0B 83 13 10 27 00 00 00 DD  TEL,20333,S5,3591,1075,2946,4995,10000,0
A5 54 6E 4F 05 26 0E 34 04 82 0B 83 13 10 27 00 00 00 EC  TEL,20334,S5,3622,1076,2946,4995,10000,0
A5 54 6F 4F 05 E8 0D 32 04 82 0B 83 13 10 27 00 00 00 8C  TEL,20335,S5,3560,1074,2946,4995,10000,0
A5 54 70 4F 05 C9 0D 31 04 82 0B 83 13 10 27 00 00 00 F9  TEL,20336,S5,3529,1073,2946,4995,10000,0
A5 54 71 4F 05 E8 0D 32 04 82 0B 83 13 10 27 00 00 00 B0  TEL,20337,S5,3560,1074,2946,4995,10000,0
A5 54 72 4F 05 07 0E 33 04 82 0B 83 13 10 27 00 00 00 E3  TEL,20338,S5,3591,1075,2946,4995,10000,0
A5 54 73 4F 05 26 0E 34 04 82 0B 83 13 10 27 00 00 00 D6  TEL,20339,S5,3622,1076,2946,4995,10000,0
A5 54 74 4F 05 E8 0D 32 04 82 0B 83 13 10 27 00 00 00 BA  TEL,20340,S5,3560,1074,2946,4995,10000,0
A5 54 75 4F 05 07 0E 33 04 82 0B 83 13 10 27 00 00 00 ED  TEL,20341,S5,3591,1075,2946,4995,10000,0
A5 54 76 4F 05 07 0E 33 04 82 0B 83 13 10 27 00 00 00 EB  TEL,20342,S5,3591,1075,2946,4995,10000,0
A5 54 77 4F 05 07 0E 33 04 82 0B 83 13 10 27 00 00 00 E9  TEL,20343,S5,3591,1075,2946,4995,10000,0
A5 54 78 4F 05 07 0E 33 04 82 0B 83 13 10 27 00 00 00 F7  TEL,20344,S5,3591,1075,2946,4995,10000,0
A5 54 79 4F 05 07 0E 33 04 82 0B 83 13 10 27 00 00 00 F5  TEL,20345,S5,3591,1075,2946,4995,10000,0
A5 54 7A 4F 05 07 0E 33 04 82 0B 83 13 10 27 00 00 00 F3  TEL,20346,S5,3591,1075,2946,4995,10000,0
A5 54 7B 4F 05 E8 0D 32 04 82 0B 83 13 10 27 00 00 00 A4  TEL,20347,S5,3560,1074,2946,4995,10000,0
A5 54 7C 4F 05 07 0E 33 04 82 0B 83 13 10 27 00 00 00 FF  TEL,20348,S5,3591,1075,2946,4995,10000,0
A5 54 7D 4F 05 83 0E 37 04 82 0B 83 13 10 27 00 00 00 2E  TEL,20349,S5,3715,1079,2946,4995,10000,0
A5 54 7E 4F 05 45 0E 35 04 82 0B 83 13 10 27 00 00 00 6D  TEL,20350,S5,3653,1077,2946,4995,10000,0
A5 54 7F 4F 05 07 0E 33 04 82 0B 83 13 10 27 00 00 00 F9  TEL,20351,S5,3591,1075,2946,4995,10000,0
A5 54 80 4F 05 07 0E 33 04 82 0B 83 13 10 27 00 00 00 00  TEL,20352,S5,3591,1075,2946,4995,10000,0
A5 54 81 4F 05 C9 0D 30 04 82 0B 83 13 10 27 00 00 00 03  TEL,20353,S5,3529,1072,2946,4995,10000,0
A5 54 82 4F 05 07 0E 33 04 82 0B 83 13 10 27 00 00 00 04  TEL,20354,S5,3591,1075,2946,4995,10000,0
A5 54 83 4F 05 07 0E 33 04 82 0B 83 13 10 27 00 00 00 06  TEL,20355,S5,3591,1075,2946,4995,10000,0
A5 54 84 4F 05 E8 0D 32 04 82 0B 83 13 10 27 00 00 00 5D  TEL,20356,S5,3560,1074,2946,4995,10000,0
A5 54 85 4F 05 07 0E 33 04 82 0B 83 13 10 27 00 00 00 0A  TEL,20357,S5,3591,1075,2946,4995,10000,0
A5 54 86 4F 05 07 0E 33 04 82 0B 83 13 10 27 00 00 00 0C  TEL,20358,S5,3591,1075,2946,4995,10000,0
A5 54 87 4F 05 64 0E 36 04 82 0B 83 13 10 27 00 00 00 D3  TEL,20359,S5,3684,1078,2946,4995,10000,0
A5 54 88 4F 05 E8 0D 32 04 82 0B 83 13 10 27 00 00 00 45  TEL,20360,S5,3560,1074,2946,4995,10000,0
A5 54 89 4F 05 45 0E 35 04 82 0B 83 13 10 27 00 00 00 84  TEL,20361,S5,3653,1077,2946,4995,10000,0
A5 54 8A 4F 05 07 0E 33 04 82 0B 83 13 10 27 00 00 00 14  TEL,20362,S5,3591,1075,2946,4995,10000,0
A5 54 8B 4F 05 07 0E 33 04 82 0B 83 13 10 27 00 00 00 16  TEL,20363,S5,3591,1075,2946,4995,10000,0
A5 54 8C 4F 05 07 0E 33 04 82 0B 83 13 10 27 00 00 00 18  TEL,20364,S5,3591,1075,2946,4995,10000,0
A5 54 8D 4F 05 07 0E 33 04 82 0B 83 13 10 27 00 00 00 1A  TEL,20365,S5,3591,1075,2946,4995,10000,0
A5 54 8E 4F 05 07 0E 33 04 82 0B 83 13 10 27 00 00 00 1C  TEL,20366,S5,3591,1075,2946,4995,10000,0
A5 54 8F 4F 05 E8 0D 32 04 82 0B 83 13 10 27 00 00 00 4B  TEL,20367,S5,3560,1074,2946,4995,10000,0
A5 54 90 4F 05 07 0E 33 04 82 0B 83 13 10 27 00 00 00 20  TEL,20368,S5,3591,1075,2946,4995,10000,0
A5 54 91 4F 05 45 0E 35 04 82 0B 83 13 10 27 00 00 00 B4  TEL,20369,S5,3653,1077,2946,4995,10000,0
A5 54 92 4F 05 8A 0D 2E 04 82 0B 83 13 10 27 00 00 00 28  TEL,20370,S5,3466,1070,2946,4995,10000,0
A5 54 93 4F 05 E8 0D 32 04 82 0B 83 13 10 27 00 00 00 73  TEL,20371,S5,3560,1074,2946,4995,10000,0
A5 54 94 4F 05 64 0E 36 04 82 0B 83 13 10 27 00 00 00 F5  TEL,20372,S5,3684,1078,2946,4995,10000,0
A5 54 95 4F 05 E8 0D 32 04 82 0B 83 13 10 27 00 00 00 7F  TEL,20373,S5,3560,1074,2946,4995,10000,0
A5 54 96 4F 05 E8 0D 32 04 82 0B 83 13 10 27 00 00 00 79  TEL,20374,S5,3560,1074,2946,4995,10000,0
A5 54 97 4F 05 07 0E 33 04 82 0B 83 13 10 27 00 00 00 2E  TEL,20375,S5,3591,1075,2946,4995,10000,0
A5 54 98 4F 05 E8 0D 32 04 82 0B 83 13 10 27 00 00 00 65  TEL,20376,S5,3560,1074,2946,4995,10000,0
A5 54 99 4F 05 C9 0D 31 04 82 0B 83 13 10 27 00 00 00 2C  TEL,20377,S5,3529,1073,2946,4995,10000,0
A5 54 9A 4F 05 64 0E 36 04 82 0B 83 13 10 27 00 00 00 E9  TEL,20378,S5,3684,1078,2946,4995,10000,0
A5 54 9B 4F 05 E8 0D 32 04 82 0B 83 13 10 27 00 00 00 63  TEL,20379,S5,3560,1074,2946,4995,10000,0
A5 54 9C 4F 05 E8 0D 32 04 82 0B 83 13 10 27 00 00 00 6D  TEL,20380,S5,3560,1074,2946,4995,10000,0
A5 54 9D 4F 05 E8 0D 32 04 82 0B 83 13 10 27 00 00 00 6F  TEL,20381,S5,3560,1074,2946,4995,10000,0
A5 54 9E 4F 05 26 0E 34 04 82 0B 83 13 10 27 00 00 00 0B  TEL,20382,S5,3622,1076,2946,4995,10000,0
A5 54 9F 4F 05 07 0E 33 04 82 0B 83 13 10 27 00 00 00 3E  TEL,20383,S5,3591,1075,2946,4995,10000,0
A5 54 A0 4F 05 07 0E 33 04 82 0B 83 13 10 27 00 00 00 40  TEL,20384,S5,3591,1075,2946,4995,10000,0
A5 54 A1 4F 05 E8 0D 32 04 82 0B 83 13 10 27 00 00 00 17  TEL,20385,S5,3560,1074,2946,4995,10000,0
A5 54 A2 4F 05 E8 0D 32 04 82 0B 83 13 10 27 00 00 00 11  TEL,20386,S5,3560,1074,2946,4995,10000,0
A5 54 A3 4F 05 C9 0D 31 04 82 0B 83 13 10 27 00 00 00 58  TEL,20387,S5,3529,1073,2946,4995,10000,0
A5 54 A4 4F 05 07 0E 33 04 82 0B 83 13 10 27 00 00 00 48  TEL,20388,S5,3591,1075,2946,4995,10000,0
A5 54 A5 4F 05 E8 0D 32 04 82 0B 83 13 10 27 00 00 00 1F  TEL,20389,S5,3560,1074,2946,4995,10000,0
A5 54 A6 4F 05 07 0E 33 04 82 0B 83 13 10 27 00 00 00 4C  TEL,20390,S5,3591,1075,2946,4995,10000,0
A5 54 A7 4F 05 07 0E 33 04 82 0B 83 13 10 27 00 00 00 4E  TEL,20391,S5,3591,1075,2946,4995,10000,0
A5 54 A8 4F 05 E8 0D 32 04 82 0B 83 13 10 27 00 00 00 05  TEL,20392,S5,3560,1074,2946,4995,10000,0
A5 54 A9 4F 05 E8 0D 32 04 82 0B 83 13 10 27 00 00 00 07  TEL,20393,S5,3560,1074,2946,4995,10000,0
A5 54 AA 4F 05 07 0E 33 04 82 0B 83 13 10 27 00 00 00 54  TEL,20394,S5,3591,1075,2946,4995,10000,0
A5 54 AB 4F 05 E8 0D 32 04 82 0B 83 13 10 27 00 00 00 03  TEL,20395,S5,3560,1074,2946,4995,10000,0
A5 54 AC 4F 05 E8 0D 32 04 82 0B 83 13 10 27 00 00 00 0D  TEL,20396,S5,3560,1074,2946,4995,10000,0
A5 54 AD 4F 05 C9 0D 31 04 82 0B 83 13 10 27 00 00 00 44  TEL,20397,S5,3529,1073,2946,4995,10000,0
A5 54 AE 4F 05 45 0E 35 04 82 0B 83 13 10 27 00 00 00 CA  TEL,20398,S5,3653,1077,2946,4995,10000,0
A5 54 AF 4F 05 E8 0D 32 04 82 0B 83 13 10 27 00 00 00 0B  TEL,20399,S5,3560,1074,2946,4995,10000,0
A5 54 B0 4F 05 07 0E 33 04 82 0B 83 13 10 27 00 00 00 60  TEL,20400,S5,3591,1075,2946,4995,10000,0
A5 54 B1 4F 05 E8 0D 32 04 82 0B 83 13 10 27 00 00 00 37  TEL,20401,S5,3560,1074,2946,4995,10000,0
A5 54 B2 4F 05 07 0E 33 04 82 0B 83 13 10 27 00 00 00 64  TEL,20402,S5,3591,1075,2946,4995,10000,0
A5 54 B3 4F 05 45 0E 35 04 82 0B 83 13 10 27 00 00 00 F0  TEL,20403,S5,3653,1077,2946,4995,10000,0
A5 54 B4 4F 05 07 0E 33 04 82 0B 83 13 10 27 00 00 00 68  TEL,20404,S5,3591,1075,2946,4995,10000,0
A5 54 B5 4F 05 07 0E 33 04 82 0B 83 13 10 27 00 00 00 6A  TEL,20405,S5,3591,1075,2946,4995,10000,0
A5 54 B6 4F 05 07 0E 33 04 82 0B 83 13 10 27 00 00 00 6C  TEL,20406,S5,3591,1075,2946,4995,10000,0
A5 54 B7 4F 05 E8 0D 32 04 82 0B 83 13 10 27 00 00 00 3B  TEL,20407,S5,3560,1074,2946,4995,10000,0
A5 54 B8 4F 05 E8 0D 32 04 82 0B 83 13 10 27 00 00 00 25  TEL,20408,S5,3560,1074,2946,4995,10000,0
A5 54 B9 4F 05 64 0E 36 04 82 0B 83 13 10 27 00 00 00 AF  TEL,20409,S5,3684,1078,2946,4995,10000,0
A5 54 BA 4F 05 07 0E 33 04 82 0B 83 13 10 27 00 00 00 74  TEL,20410,S5,3591,1075,2946,4995,10000,0
A5 54 BB 4F 05 07 0E 33 04 82 0B 83 13 10 27 00 00 00 76  TEL,20411,S5,3591,1075,2946,4995,10000,0
A5 42 81 00 05 BC 4F D1 F8 7E 15 E5 F8 7E 15 E7 F8 7E 15 F1  BTN,129,S5,PRESSED,20412,360642769,360642789,360642791
A5 54 BD 4F 05 E8 0D 32 04 82 0B 83 13 10 27 00 00 00 2F  TEL,20413,S5,3560,1074,2946,4995,10000,0
A5 54 BE 4F 05 07 0E 33 04 82 0B 83 13 10 27 00 00 00 7C  TEL,20414,S5,3591,1075,2946,4995,10000,0
A5 54 BF 4F 05 45 0E 35 04 82 0B 83 13 10 27 00 00 00 E8  TEL,20415,S5,3653,1077,2946,4995,10000,0
A5 54 C0 4F 05 64 0E 36 04 82 0B 83 13 10 27 00 00 00 5D  TEL,20416,S5,3684,1078,2946,4995,10000,0
A5 54 C1 4F 05 E8 0D 32 04 82 0B 83 13 10 27 00 00 00 D7  TEL,20417,S5,3560,1074,2946,4995,10000,0
A5 54 C2 4F 05 07 0E 33 04 82 0B 83 13 10 27 00 00 00 84  TEL,20418,S5,3591,1075,2946,4995,10000,0
A5 54 C3 4F 05 E8 0D 32 04 82 0B 83 13 10 27 00 00 00 D3  TEL,20419,S5,3560,1074,2946,4995,10000,0
A5 54 C4 4F 05 07 0E 33 04 82 0B 83 13 10 27 00 00 00 88  TEL,20420,S5,3591,1075,2946,4995,10000,0
A5 54 C5 4F 05 E8 0D 32 04 82 0B 83 13 10 27 00 00 00 DF  TEL,20421,S5,3560,1074,2946,4995,10000,0
A5 54 C6 4F 05 45 0E 35 04 82 0B 83 13 10 27 00 00 00 1A  TEL,20422,S5,3653,1077,2946,4995,10000,0
A5 54 C7 4F 05 E8 0D 32 04 82 0B 83 13 10 27 00 00 00 DB  TEL,20423,S5,3560,1074,2946,4995,10000,0
A5 54 C8 4F 05 07 0E 33 04 82 0B 83 13 10 27 00 00 00 90  TEL,20424,S5,3591,1075,2946,4995,10000,0
A5 54 C9 4F 05 07 0E 33 04 82 0B 83 13 10 27 00 00 00 92  TEL,20425,S5,3591,1075,2946,4995,10000,0
A5 54 CA 4F 05 E8 0D 32 04 82 0B 83 13 10 27 00 00 00 C1  TEL,20426,S5,3560,1074,2946,4995,10000,0
A5 54 CB 4F 05 07 0E 33 04 82 0B 86 13 10 27 00 00 00 3C  TEL,20427,S5,3591,1075,2946,4998,10000,0
A5 54 CC 4F 05 A3 0E 38 04 82 0B 83 13 10 27 00 00 00 10  TEL,20428,S5,3747,1080,2946,4995,10000,0
A5 54 CD 4F 05 07 0E 33 04 82 0B 83 13 10 27 00 00 00 9A  TEL,20429,S5,3591,1075,2946,4995,10000,0
A5 54 CE 4F 05 E8 0D 32 04 82 0B 83 13 10 27 00 00 00 C9  TEL,20430,S5,3560,1074,2946,4995,10000,0
A5 54 CF 4F 05 26 0E 34 04 82 0B 83 13 10 27 00 00 00 A9  TEL,20431,S5,3622,1076,2946,4995,10000,0
A5 54 D0 4F 05 07 0E 33 04 82 0B 83 13 10 27 00 00 00 A0  TEL,20432,S5,3591,1075,2946,4995,10000,0
A5 54 D1 4F 05 07 0E 33 04 82 0B 83 13 10 27 00 00 00 A2  TEL,20433,S5,3591,1075,2946,4995,10000,0
A5 54 D2 4F 05 07 0E 33 04 82 0B 83 13 10 27 00 00 00 A4  TEL,20434,S5,3591,1075,2946,4995,10000,0
A5 54 D3 4F 05 07 0E 33 04 82 0B 83 13 10 27 00 00 00 A6  TEL,20435,S5,3591,1075,2946,4995,10000,0
A5 54 D4 4F 05 07 0E 33 04 82 0B 83 13 10 27 00 00 00 A8  TEL,20436,S5,3591,1075,2946,4995,10000,0
A5 54 D5 4F 05 E8 0D 32 04 82 0B 83 13 10 27 00 00 00 FF  TEL,20437,S5,3560,1074,2946,4995,10000,0
A5 54 D6 4F 05 07 0E 33 04 82 0B 83 13 10 27 00 00 00 AC  TEL,20438,S5,3591,1075,2946,4995,10000,0
A5 54 D7 4F 05 E8 0D 32 04 82 0B 83 13 10 27 00 00 00 FB  TEL,20439,S5,3560,1074,2946,4995,10000,0
A5 54 D8 4F 05 E8 0D 32 04 82 0B 83 13 10 27 00 00 00 E5  TEL,20440,S5,3560,1074,2946,4995,10000,0
A5 54 D9 4F 05 07 0E 33 04 82 0B 83 13 10 27 00 00 00 B2  TEL,20441,S5,3591,1075,2946,4995,10000,0
A5 54 DA 4F 05 07 0E 33 04 82 0B 83 13 10 27 00 00 00 B4  TEL,20442,S5,3591,1075,2946,4995,10000,0
A5 54 DB 4F 05 07 0E 33 04 82 0B 83 13 10 27 00 00 00 B6  TEL,20443,S5,3591,1075,2946,4995,10000,0
A5 54 DC 4F 05 C9 0D 31 04 82 0B 83 13 10 27 00 00 00 A6  TEL,20444,S5,3529,1073,2946,4995,10000,0
A5 54 DD 4F 05 E8 0D 32 04 82 0B 83 13 10 27 00 00 00 EF  TEL,20445,S5,3560,1074,2946,4995,10000,0
A5 54 DE 4F 05 07 0E 33 04 82 0B 83 13 10 27 00 00 00 BC  TEL,20446,S5,3591,1075,2946,4995,10000,0
A5 54 DF 4F 05 64 0E 36 04 82 0B 83 13 10 27 00 00 00 63  TEL,20447,S5,3684,1078,2946,4995,10000,0
A5 54 E0 4F 05 07 0E 33 04 82 0B 83 13 10 27 00 00 00 C0  TEL,20448,S5,3591,1075,2946,4995,10000,0
A5 54 E1 4F 05 07 0E 33 04 82 0B 83 13 10 27 00 00 00 C2  TEL,20449,S5,3591,1075,2946,4995,10000,0
A5 54 E2 4F 05 64 0E 36 04 82 0B 83 13 10 27 00 00 00 19  TEL,20450,S5,3684,1078,2946,4995,10000,0
A5 54 E3 4F 05 E8 0D 32 04 82 0B 83 13 10 27 00 00 00 93  TEL,20451,S5,3560,1074,2946,4995,10000,0
A5 54 E4 4F 05 07 0E 33 04 82 0B 83 13 10 27 00 00 00 C8  TEL,20452,S5,3591,1075,2946,4995,10000,0
A5 54 E5 4F 05 07 0E 33 04 82 0B 83 13 10 27 00 00 00 CA  TEL,20453,S5,3591,1075,2946,4995,10000,0
A5 54 E6 4F 05 E8 0D 32 04 82 0B 83 13 10 27 00 00 00 99  TEL,20454,S5,3560,1074,2946,4995,10000,0
A5 54 E7 4F 05 07 0E 33 04 82 0B 83 13 10 27 00 00 00 CE  TEL,20455,S5,3591,1075,2946,4995,10000,0
A5 54 E8 4F 05 07 0E 33 04 82 0B 83 13 10 27 00 00 00 D0  TEL,20456,S5,3591,1075,2946,4995,10000,0
A5 54 E9 4F 05 E8 0D 32 04 82 0B 83 13 10 27 00 00 00 87  TEL,20457,S5,3560,1074,2946,4995,10000,0
A5 54 EA 4F 05 26 0E 34 04 82 0B 83 13 10 27 00 00 00 E3  TEL,20458,S5,3622,1076,2946,4995,10000,0
A5 54 EB 4F 05 E8 0D 32 04 82 0B 83 13 10 27 00 00 00 83  TEL,20459,S5,3560,1074,2946,4995,10000,0
A5 54 EC 4F 05 07 0E 33 04 82 0B 83 13 10 27 00 00 00 D8  TEL,20460,S5,3591,1075,2946,4995,10000,0
A5 54 ED 4F 05 E8 0D 32 04 82 0B 83 13 10 27 00 00 00 8F  TEL,20461,S5,3560,1074,2946,4995,10000,0
A5 54 EE 4F 05 E8 0D 32 04 82 0B 83 13 10 27 00 00 00 89  TEL,20462,S5,3560,1074,2946,4995,10000,0
A5 54 EF 4F 05 45 0E 35 04 82 0B 83 13 10 27 00 00 00 48  TEL,20463,S5,3653,1077,2946,4995,10000,0
A5 54 F0 4F 05 83 0E 37 04 82 0B 83 13 10 27 00 00 00 33  TEL,20464,S5,3715,1079,2946,4995,10000,0
A5 54 F1 4F 05 E8 0D 32 04 82 0B 83 13 10 27 00 00 00 B7  TEL,20465,S5,3560,1074,2946,4995,10000,0
A5 54 F2 4F 05 07 0E 33 04 82 0B 83 13 10 27 00 00 00 E4  TEL,20466,S5,3591,1075,2946,4995,10000,0
A5 54 F3 4F 05 E8 0D 32 04 82 0B 83 13 10 27 00 00 00 B3  TEL,20467,S5,3560,1074,2946,4995,10000,0
A5 54 F4 4F 05 07 0E 33 04 82 0B 83 13 10 27 00 00 00 E8  TEL,20468,S5,3591,1075,2946,4995,10000,0
A5 54 F5 4F 05 C9 0D 31 04 82 0B 83 13 10 27 00 00 00 F4  TEL,20469,S5,3529,1073,2946,4995,10000,0
A5 54 F6 4F 05 07 0E 33 04 82 0B 83 13 10 27 00 00 00 EC  TEL,20470,S5,3591,1075,2946,4995,10000,0
A5 54 F7 4F 05 A3 0E 38 04 82 0B 83 13 10 27 00 00 00 66  TEL,20471,S5,3747,1080,2946,4995,10000,0
A5 54 F8 4F 05 07 0E 33 04 82 0B 83 13 10 27 00 00 00 F0  TEL,20472,S5,3591,1075,2946,4995,10000,0
A5 54 F9 4F 05 07 0E 33 04 82 0B 83 13 10 27 00 00 00 F2  TEL,20473,S5,3591,1075,2946,4995,10000,0
A5 54 FA 4F 05 83 0E 37 04 82 0B 83 13 10 27 00 00 00 27  TEL,20474,S5,3715,1079,2946,4995,10000,0
A5 54 FB 4F 05 E8 0D 32 04 82 0B 83 13 10 27 00 00 00 A3  TEL,20475,S5,3560,1074,2946,4995,10000,0
A5 54 FC 4F 05 07 0E 33 04 82 0B 83 13 10 27 00 00 00 F8  TEL,20476,S5,3591,1075,2946,4995,10000,0
A5 54 FD 4F 05 E8 0D 32 04 82 0B 83 13 10 27 00 00 00 AF  TEL,20477,S5,3560,1074,2946,4995,10000,0
A5 54 FE 4F 05 07 0E 33 04 82 0B 83 13 10 27 00 00 00 FC  TEL,20478,S5,3591,1075,2946,4995,10000,0
A5 54 FF 4F 05 26 0E 34 04 82 0B 83 13 10 27 00 00 00 C9  TEL,20479,S5,3622,1076,2946,4995,10000,0
A5 54 00 50 05 07 0E 33 04 82 0B 83 13 10 27 00 00 00 D7  TEL,20480,S5,3591,1075,2946,4995,10000,0
A5 54 01 50 05 26 0E 34 04 82 0B 83 13 10 27 00 00 00 E2  TEL,20481,S5,3622,1076,2946,4995,10000,0
A5 54 02 50 05 E8 0D 32 04 82 0B 83 13 10 27 00 00 00 86  TEL,20482,S5,3560,1074,2946,4995,10000,0
A5 54 03 50 05 64 0E 36 04 82 0B 83 13 10 27 00 00 00 0C  TEL,20483,S5,3684,1078,2946,4995,10000,0
A5 54 04 50 05 E8 0D 32 04 82 0B 83 13 10 27 00 00 00 8A  TEL,20484,S5,3560,1074,2946,4995,10000,0
A5 54 05 50 05 E8 0D 32 04 82 0B 83 13 10 27 00 00 00 88  TEL,20485,S5,3560,1074,2946,4995,10000,0
A5 54 06 50 05 07 0E 33 04 82 0B 83 13 10 27 00 00 00 DB  TEL,20486,S5,3591,1075,2946,4995,10000,0
A5 54 07 50 05 07 0E 33 04 82 0B 83 13 10 27 00 00 00 D9  TEL,20487,S5,3591,1075,2946,4995,10000,0
A5 54 08 50 05 07 0E 33 04 82 0B 83 13 10 27 00 00 00 C7  TEL,20488,S5,3591,1075,2946,4995,10000,0
A5 54 09 50 05 07 0E 33 04 82 0B 83 13 10 27 00 00 00 C5  TEL,20489,S5,3591,1075,2946,4995,10000,0
A5 54 0A 50 05 E8 0D 32 04 82 0B 83 13 10 27 00 00 00 96  TEL,20490,S5,3560,1074,2946,4995,10000,0
A5 54 0B 50 05 07 0E 33 04 82 0B 83 13 10 27 00 00 00 C1  TEL,20491,S5,3591,1075,2946,4995,10000,0
A5 54 0C 50 05 07 0E 33 04 82 0B 83 13 10 27 00 00 00 CF  TEL,20492,S5,3591,1075,2946,4995,10000,0
A5 54 0D 50 05 E8 0D 32 04 82 0B 83 13 10 27 00 00 00 98  TEL,20493,S5,3560,1074,2946,4995,10000,0
A5 54 0E 50 05 07 0E 33 04 82 0B 83 13 10 27 00 00 00 CB  TEL,20494,S5,3591,1075,2946,4995,10000,0
A5 54 0F 50 05 26 0E 34 04 82 0B 83 13 10 27 00 00 00 FE  TEL,20495,S5,3622,1076,2946,4995,10000,0
A5 54 10 50 05 E8 0D 32 04 82 0B 83 13 10 27 00 00 00 A2  TEL,20496,S5,3560,1074,2946,4995,10000,0
A5 54 11 50 05 07 0E 33 04 82 0B 83 13 10 27 00 00 00 F5  TEL,20497,S5,3591,1075,2946,4995,10000,0
A5 54 12 50 05 07 0E 33 04 82 0B 83 13 10 27 00 00 00 F3  TEL,20498,S5,3591,1075,2946,4995,10000,0
A5 54 13 50 05 07 0E 33 04 82 0B 83 13 10 27 00 00 00 F1  TEL,20499,S5,3591,1075,2946,4995,10000,0
A5 54 14 50 05 E8 0D 32 04 82 0B 83 13 10 27 00 00 00 AA  TEL,20500,S5,3560,1074,2946,4995,10000,0
A5 54 15 50 05 07 0E 33 04 82 0B 83 13 10 27 00 00 00 FD  TEL,20501,S5,3591,1075,2946,4995,10000,0
A5 54 16 50 05 07 0E 33 04 82 0B 83 13 10 27 00 00 00 FB  TEL,20502,S5,3591,1075,2946,4995,10000,0
A5 54 17 50 05 E8 0D 32 04 82 0B 83 13 10 27 00 00 00 AC  TEL,20503,S5,3560,1074,2946,4995,10000,0
A5 54 18 50 05 E8 0D 32 04 82 0B 83 13 10 27 00 00 00 B2  TEL,20504,S5,3560,1074,2946,4995,10000,0
A5 54 19 50 05 C9 0D 30 04 82 0B 83 13 10 27 00 00 00 E4  TEL,20505,S5,3529,1072,2946,4995,10000,0
A5 54 1A 50 05 07 0E 33 04 82 0B 83 13 10 27 00 00 00 E3  TEL,20506,S5,3591,1075,2946,4995,10000,0
A5 54 1B 50 05 07 0E 33 04 82 0B 83 13 10 27 00 00 00 E1  TEL,20507,S5,3591,1075,2946,4995,10000,0
A5 54 1C 50 05 07 0E 33 04 82 0B 83 13 10 27 00 00 00 EF  TEL,20508,S5,3591,1075,2946,4995,10000,0
A5 54 1D 50 05 07 0E 33 04 82 0B 83 13 10 27 00 00 00 ED  TEL,20509,S5,3591,1075,2946,4995,10000,0
A5 54 1E 50 05 E8 0D 32 04 82 0B 83 13 10 27 00 00 00 BE  TEL,20510,S5,3560,1074,2946,4995,10000,0
A5 54 1F 50 05 45 0E 35 04 82 0B 83 13 10 27 00 00 00 7F  TEL,20511,S5,3653,1077,2946,4995,10000,0
A5 54 20 50 05 07 0E 33 04 82 0B 83 13 10 27 00 00 00 97  TEL,20512,S5,3591,1075,2946,4995,10000,0
A5 54 21 50 05 26 0E 34 04 82 0B 83 13 10 27 00 00 00 A2  TEL,20513,S5,3622,1076,2946,4995,10000,0
A5 54 22 50 05 07 0E 33 04 82 0B 83 13 10 27 00 00 00 93  TEL,20514,S5,3591,1075,2946,4995,10000,0
A5 54 23 50 05 07 0E 33 04 82 0B 83 13 10 27 00 00 00 91  TEL,20515,S5,3591,1075,2946,4995,10000,0
A5 54 24 50 05 26 0E 34 04 82 0B 83 13 10 27 00 00 00 A8  TEL,20516,S5,3622,1076,2946,4995,10000,0
A5 54 25 50 05 07 0E 33 04 82 0B 83 13 10 27 00 00 00 9D  TEL,20517,S5,3591,1075,2946,4995,10000,0
A5 54 26 50 05 07 0E 33 04 82 0B 83 13 10 27 00 00 00 9B  TEL,20518,S5,3591,1075,2946,4995,10000,0
A5 54 27 50 05 07 0E 33 04 82 0B 83 13 10 27 00 00 00 99  TEL,20519,S5,3591,1075,2946,4995,10000,0
A5 54 28 50 05 E8 0D 32 04 82 0B 83 13 10 27 00 00 00 D2  TEL,20520,S5,3560,1074,2946,4995,10000,0
A5 54 29 50 05 E8 0D 32 04 82 0B 83 13 10 27 00 00 00 D0  TEL,20521,S5,3560,1074,2946,4995,10000,0
A5 54 2A 50 05 E8 0D 32 04 82 0B 83 13 10 27 00 00 00 D6  TEL,20522,S5,3560,1074,2946,4995,10000,0
A5 54 2B 50 05 07 0E 33 04 82 0B 83 13 10 27 00 00 00 81  TEL,20523,S5,3591,1075,2946,4995,10000,0
A5 54 2C 50 05 07 0E 33 04 82 0B 83 13 10 27 00 00 00 8F  TEL,20524,S5,3591,1075,2946,4995,10000,0
A5 54 2D 50 05 E8 0D 32 04 82 0B 83 13 10 27 00 00 00 D8  TEL,20525,S5,3560,1074,2946,4995,10000,0
A5 54 2E 50 05 E8 0D 32 04 82 0B 83 13 10 27 00 00 00 DE  TEL,20526,S5,3560,1074,2946,4995,10000,0
A5 54 2F 50 05 45 0E 35 04 82 0B 83 13 10 27 00 00 00 1F  TEL,20527,S5,3653,1077,2946,4995,10000,0
A5 54 30 50 05 07 0E 33 04 82 0B 83 13 10 27 00 00 00 B7  TEL,20528,S5,3591,1075,2946,4995,10000,0
A5 54 31 50 05 A3 0E 38 04 82 0B 83 13 10 27 00 00 00 3D  TEL,20529,S5,3747,1080,2946,4995,10000,0
A5 54 32 50 05 07 0E 33 04 82 0B 83 13 10 27 00 00 00 B3  TEL,20530,S5,3591,1075,2946,4995,10000,0
A5 54 33 50 05 07 0E 33 04 82 0B 83 13 10 27 00 00 00 B1  TEL,20531,S5,3591,1075,2946,4995,10000,0
A5 54 34 50 05 07 0E 33 04 82 0B 83 13 10 27 00 00 00 BF  TEL,20532,S5,3591,1075,2946,4995,10000,0
A5 54 35 50 05 E8 0D 32 04 82 0B 83 13 10 27 00 00 00 E8  TEL,20533,S5,3560,1074,2946,4995,10000,0
A5 54 36 50 05 E8 0D 32 04 82 0B 83 13 10 27 00 00 00 EE  TEL,20534,S5,3560,1074,2946,4995,10000,0
A5 54 37 50 05 E8 0D 32 04 82 0B 83 13 10 27 00 00 00 EC  TEL,20535,S5,3560,1074,2946,4995,10000,0
A5 54 38 50 05 07 0E 33 04 82 0B 83 13 10 27 00 00 00 A7  TEL,20536,S5,3591,1075,2946,4995,10000,0
A5 54 39 50 05 07 0E 33 04 82 0B 83 13 10 27 00 00 00 A5  TEL,20537,S5,3591,1075,2946,4995,10000,0
A5 54 3A 50 05 07 0E 33 04 82 0B 83 13 10 27 00 00 00 A3  TEL,20538,S5,3591,1075,2946,4995,10000,0
A5 54 3B 50 05 E8 0D 32 04 82 0B 83 13 10 27 00 00 00 F4  TEL,20539,S5,3560,1074,2946,4995,10000,0
A5 54 3C 50 05 E8 0D 32 04 82 0B 83 13 10 27 00 00 00 FA  TEL,20540,S5,3560,1074,2946,4995,10000,0
A5 54 3D 50 05 07 0E 33 04 82 0B 83 13 10 27 00 00 00 AD  TEL,20541,S5,3591,1075,2946,4995,10000,0
A5 54 3E 50 05 E8 0D 32 04 82 0B 83 13 10 27 00 00 00 FE  TEL,20542,S5,3560,1074,2946,4995,10000,0
A5 54 3F 50 05 26 0E 34 04 82 0B 83 13 10 27 00 00 00 9E  TEL,20543,S5,3622,1076,2946,4995,10000,0
A5 54 40 50 05 07 0E 33 04 82 0B 83 13 10 27 00 00 00 57  TEL,20544,S5,3591,1075,2946,4995,10000,0
A5 54 41 50 05 E8 0D 32 04 82 0B 83 13 10 27 00 00 00 00  TEL,20545,S5,3560,1074,2946,4995,10000,0
A5 54 42 50 05 07 0E 33 04 82 0B 83 13 10 27 00 00 00 53  TEL,20546,S5,3591,1075,2946,4995,10000,0
A5 54 43 50 05 64 0E 36 04 82 0B 83 13 10 27 00 00 00 8C  TEL,20547,S5,3684,1078,2946,4995,10000,0
A5 54 44 50 05 E8 0D 32 04 82 0B 83 13 10 27 00 00 00 0A  TEL,20548,S5,3560,1074,2946,4995,10000,0
A5 54 45 50 05 07 0E 33 04 82 0B 83 13 10 27 00 00 00 5D  TEL,20549,S5,3591,1075,2946,4995,10000,0
A5 54 46 50 05 E8 0D 32 04 82 0B 83 13 10 27 00 00 00 0E  TEL,20550,S5,3560,1074,2946,4995,10000,0
A5 54 47 50 05 07 0E 33 04 82 0B 83 13 10 27 00 00 00 59  TEL,20551,S5,3591,1075,2946,4995,10000,0
A5 54 48 50 05 07 0E 33 04 82 0B 83 13 10 27 00 00 00 47  TEL,20552,S5,3591,1075,2946,4995,10000,0
A5 54 49 50 05 07 0E 33 04 82 0B 83 13 10 27 00 00 00 45  TEL,20553,S5,3591,1075,2946,4995,10000,0
A5 54 4A 50 05 E8 0D 32 04 82 0B 83 13 10 27 00 00 00 16  TEL,20554,S5,3560,1074,2946,4995,10000,0
A5 54 4B 50 05 07 0E 33 04 82 0B 83 13 10 27 00 00 00 41  TEL,20555,S5,3591,1075,2946,4995,10000,0
A5 54 4C 50 05 E8 0D 32 04 82 0B 83 13 10 27 00 00 00 1A  TEL,20556,S5,3560,1074,2946,4995,10000,0
A5 54 4D 50 05 07 0E 33 04 82 0B 83 13 10 27 00 00 00 4D  TEL,20557,S5,3591,1075,2946,4995,10000,0
A5 54 4E 50 05 E8 0D 32 04 82 0B 83 13 10 27 00 00 00 1E  TEL,20558,S5,3560,1074,2946,4995,10000,0
A5 54 4F 50 05 45 0E 35 04 82 0B 83 13 10 27 00 00 00 DF  TEL,20559,S5,3653,1077,2946,4995,10000,0
A5 54 50 50 05 07 0E 33 04 82 0B 83 13 10 27 00 00 00 77  TEL,20560,S5,3591,1075,2946,4995,10000,0
A5 42 82 00 05 51 50 CA 96 95 15 DB 96 95 15 DD 96 95 15 E2  BTN,130,S5,PRESSED,20561,362125002,362125019,362125021
A5 54 52 50 05 07 0E 33 04 82 0B 83 13 10 27 00 00 00 73  TEL,20562,S5,3591,1075,2946,4995,10000,0
A5 54 53 50 05 C9 0D 31 04 82 0B 83 13 10 27 00 00 00 6F  TEL,20563,S5,3529,1073,2946,4995,10000,0
A5 54 54 50 05 07 0E 33 04 82 0B 83 13 10 27 00 00 00 7F  TEL,20564,S5,3591,1075,2946,4995,10000,0
A5 54 55 50 05 07 0E 33 04 82 0B 83 13 10 27 00 00 00 7D  TEL,20565,S5,3591,1075,2946,4995,10000,0
A5 54 56 50 05 E8 0D 32 04 82 0B 83 13 10 27 00 00 00 2E  TEL,20566,S5,3560,1074,2946,4995,10000,0
A5 54 57 50 05 07 0E 33 04 82 0B 83 13 10 27 00 00 00 79  TEL,20567,S5,3591,1075,2946,4995,10000,0
A5 54 58 50 05 07 0E 33 04 82 0B 83 13 10 27 00 00 00 67  TEL,20568,S5,3591,1075,2946,4995,10000,0
A5 54 59 50 05 E8 0D 32 04 82 0B 83 13 10 27 00 00 00 30  TEL,20569,S5,3560,1074,2946,4995,10000,0
A5 54 5A 50 05 07 0E 33 04 82 0B 83 13 10 27 00 00 00 63  TEL,20570,S5,3591,1075,2946,4995,10000,0
A5 54 5B 50 05 07 0E 33 04 82 0B 83 13 10 27 00 00 00 61  TEL,20571,S5,3591,1075,2946,4995,10000,0
A5 54 5C 50 05 07 0E 33 04 82 0B 83 13 10 27 00 00 00 6F  TEL,20572,S5,3591,1075,2946,4995,10000,0
A5 54 5D 50 05 E8 0D 32 04 82 0B 83 13 10 27 00 00 00 38  TEL,20573,S5,3560,1074,2946,4995,10000,0
A5 54 5E 50 05 07 0E 33 04 82 0B 83 13 10 27 00 00 00 6B  TEL,20574,S5,3591,1075,2946,4995,10000,0
A5 54 5F 50 05 07 0E 33 04 82 0B 83 13 10 27 00 00 00 69  TEL,20575,S5,3591,1075,2946,4995,10000,0
A5 54 60 50 05 26 0E 34 04 82 0B 83 13 10 27 00 00 00 20  TEL,20576,S5,3622,1076,2946,4995,10000,0
A5 54 61 50 05 07 0E 33 04 82 0B 83 13 10 27 00 00 00 15  TEL,20577,S5,3591,1075,2946,4995,10000,0
A5 54 62 50 05 E8 0D 32 04 82 0B 83 13 10 27 00 00 00 46  TEL,20578,S5,3560,1074,2946,4995,10000,0
A5 54 63 50 05 E8 0D 32 04 82 0B 83 13 10 27 00 00 00 44  TEL,20579,S5,3560,1074,2946,4995,10000,0
A5 54 64 50 05 C9 0D 30 04 82 0B 83 13 10 27 00 00 00 1E  TEL,20580,S5,3529,1072,2946,4995,10000,0
A5 54 65 50 05 E8 0D 32 04 82 0B 83 13 10 27 00 00 00 48  TEL,20581,S5,3560,1074,2946,4995,10000,0
A5 54 66 50 05 07 0E 33 04 82 0B 83 13 10 27 00 00 00 1B  TEL,20582,S5,3591,1075,2946,4995,10000,0
A5 54 67 50 05 07 0E 33 04 82 0B 83 13 10 27 00 00 00 19  TEL,20583,S5,3591,1075,2946,4995,10000,0
A5 54 68 50 05 07 0E 33 04 82 0B 83 13 10 27 00 00 00 07  TEL,20584,S5,3591,1075,2946,4995,10000,0
A5 54 69 50 05 E8 0D 32 04 82 0B 83 13 10 27 00 00 00 50  TEL,20585,S5,3560,1074,2946,4995,10000,0
A5 54 6A 50 05 E8 0D 32 04 82 0B 83 13 10 27 00 00 00 56  TEL,20586,S5,3560,1074,2946,4995,10000,0
A5 54 6B 50 05 C9 0D 31 04 82 0B 83 13 10 27 00 00 00 1F  TEL,20587,S5,3529,1073,2946,4995,10000,0
A5 54 6C 50 05 07 0E 33 04 82 0B 83 13 10 27 00 00 00 0F  TEL,20588,S5,3591,1075,2946,4995,10000,0
A5 54 6D 50 05 07 0E 33 04 82 0B 83 13 10 27 00 00 00 0D  TEL,20589,S5,3591,1075,2946,4995,10000,0
A5 54 6E 50 05 E8 0D 32 04 82 0B 83 13 10 27 00 00 00 5E  TEL,20590,S5,3560,1074,2946,4995,10000,0
A5 54 6F 50 05 E8 0D 32 04 82 0B 83 13 10 27 00 00 00 5C  TEL,20591,S5,3560,1074,2946,4995,10000,0
A5 54 70 50 05 45 0E 35 04 82 0B 83 13 10 27 00 00 00 A1  TEL,20592,S5,3653,1077,2946,4995,10000,0
A5 54 71 50 05 E8 0D 32 04 82 0B 83 13 10 27 00 00 00 60  TEL,20593,S5,3560,1074,2946,4995,10000,0
A5 54 72 50 05 26 0E 34 04 82 0B 83 13 10 27 00 00 00 04  TEL,20594,S5,3622,1076,2946,4995,10000,0
A5 54 73 50 05 E8 0D 32 04 82 0B 83 13 10 27 00 00 00 64  TEL,20595,S5,3560,1074,2946,4995,10000,0
A5 54 74 50 05 07 0E 33 04 82 0B 83 13 10 27 00 00 00 3F  TEL,20596,S5,3591,1075,2946,4995,10000,0
A5 54 75 50 05 07 0E 33 04 82 0B 83 13 10 27 00 00 00 3D  TEL,20597,S5,3591,1075,2946,4995,10000,0
A5 54 76 50 05 E8 0D 32 04 82 0B 83 13 10 27 00 00 00 6E  TEL,20598,S5,3560,1074,2946,4995,10000,0
A5 54 77 50 05 07 0E 33 04 82 0B 83 13 10 27 00 00 00 39  TEL,20599,S5,3591,1075,2946,4995,10000,0
A5 54 78 50 05 07 0E 33 04 82 0B 83 13 10 27 00 00 00 27  TEL,20600,S5,3591,1075,2946,4995,10000,0
A5 54 79 50 05 07 0E 33 04 82 0B 83 13 10 27 00 00 00 25  TEL,20601,S5,3591,1075,2946,4995,10000,0
A5 54 7A 50 05 C9 0D 30 04 82 0B 83 13 10 27 00 00 00 22  TEL,20602,S5,3529,1072,2946,4995,10000,0
A5 54 7B 50 05 E8 0D 32 04 82 0B 83 13 10 27 00 00 00 74  TEL,20603,S5,3560,1074,2946,4995,10000,0
A5 54 7C 50 05 E8 0D 32 04 82 0B 83 13 10 27 00 00 00 7A  TEL,20604,S5,3560,1074,2946,4995,10000,0
A5 54 7D 50 05 E8 0D 32 04 82 0B 83 13 10 27 00 00 00 78  TEL,20605,S5,3560,1074,2946,4995,10000,0
A5 54 7E 50 05 07 0E 33 04 82 0B 83 13 10 27 00 00 00 2B  TEL,20606,S5,3591,1075,2946,4995,10000,0
A5 54 7F 50 05 07 0E 33 04 82 0B 83 13 10 27 00 00 00 29  TEL,20607,S5,3591,1075,2946,4995,10000,0
A5 54 80 50 05 26 0E 34 04 82 0B 83 13 10 27 00 00 00 E7  TEL,20608,S5,3622,1076,2946,4995,10000,0
A5 54 81 50 05 07 0E 33 04 82 0B 83 13 10 27 00 00 00 D2  TEL,20609,S5,3591,1075,2946,4995,10000,0
A5 54 82 50 05 E8 0D 32 04 82 0B 83 13 10 27 00 00 00 81  TEL,20610,S5,3560,1074,2946,4995,10000,0
A5 54 83 50 05 07 0E 33 04 82 0B 83 13 10 27 00 00 00 D6  TEL,20611,S5,3591,1075,2946,4995,10000,0
A5 54 84 50 05 E8 0D 32 04 82 0B 83 13 10 27 00 00 00 8D  TEL,20612,S5,3560,1074,2946,4995,10000,0
A5 54 85 50 05 E8 0D 32 04 82 0B 83 13 10 27 00 00 00 8F  TEL,20613,S5,3560,1074,2946,4995,10000,0
A5 54 86 50 05 E8 0D 32 04 82 0B 83 13 10 27 00 00 00 89  TEL,20614,S5,3560,1074,2946,4995,10000,0
A5 54 87 50 05 E8 0D 32 04 82 0B 83 13 10 27 00 00 00 8B  TEL,20615,S5,3560,1074,2946,4995,10000,0
A5 54 88 50 05 E8 0D 32 04 82 0B 83 13 10 27 00 00 00 95  TEL,20616,S5,3560,1074,2946,4995,10000,0
A5 54 89 50 05 07 0E 33 04 82 0B 83 13 10 27 00 00 00 C2  TEL,20617,S5,3591,1075,2946,4995,10000,0
A5 54 8A 50 05 C9 0D 31 04 82 0B 83 13 10 27 00 00 00 DA  TEL,20618,S5,3529,1073,2946,4995,10000,0
A5 54 8B 50 05 07 0E 33 04 82 0B 83 13 10 27 00 00 00 C6  TEL,20619,S5,3591,1075,2946,4995,10000,0
A5 54 8C 50 05 E8 0D 32 04 82 0B 83 13 10 27 00 00 00 9D  TEL,20620,S5,3560,1074,2946,4995,10000,0
A5 54 8D 50 05 07 0E 33 04 82 0B 83 13 10 27 00 00 00 CA  TEL,20621,S5,3591,1075,2946,4995,10000,0
A5 54 8E 50 05 07 0E 33 04 82 0B 83 13 10 27 00 00 00 CC  TEL,20622,S5,3591,1075,2946,4995,10000,0
A5 54 8F 50 05 C9 0D 31 04 82 0B 83 13 10 27 00 00 00 D0  TEL,20623,S5,3529,1073,2946,4995,10000,0
A5 54 90 50 05 45 0E 35 04 82 0B 83 13 10 27 00 00 00 66  TEL,20624,S5,3653,1077,2946,4995,10000,0
A5 54 91 50 05 07 0E 33 04 82 0B 83 13 10 27 00 00 00 F2  TEL,20625,S5,3591,1075,2946,4995,10000,0
A5 54 92 50 05 E8 0D 32 04 82 0B 83 13 10 27 00 00 00 A1  TEL,20626,S5,3560,1074,2946,4995,10000,0
A5 54 93 50 05 07 0E 33 04 82 0B 83 13 10 27 00 00 00 F6  TEL,20627,S5,3591,1075,2946,4995,10000,0
A5 54 94 50 05 07 0E 33 04 82 0B 83 13 10 27 00 00 00 F8  TEL,20628,S5,3591,1075,2946,4995,10000,0
A5 54 95 50 05 07 0E 33 04 82 0B 83 13 10 27 00 00 00 FA  TEL,20629,S5,3591,1075,2946,4995,10000,0
A5 54 96 50 05 E8 0D 32 04 82 0B 83 13 10 27 00 00 00 A9  TEL,20630,S5,3560,1074,2946,4995,10000,0
A5 54 97 50 05 E8 0D 32 04 82 0B 83 13 10 27 00 00 00 AB  TEL,20631,S5,3560,1074,2946,4995,10000,0
A5 54 98 50 05 E8 0D 32 04 82 0B 83 13 10 27 00 00 00 B5  TEL,20632,S5,3560,1074,2946,4995,10000,0
A5 54 99 50 05 07 0E 33 04 82 0B 83 13 10 27 00 00 00 E2  TEL,20633,S5,3591,1075,2946,4995,10000,0
A5 54 9A 50 05 07 0E 33 04 82 0B 83 13 10 27 00 00 00 E4  TEL,20634,S5,3591,1075,2946,4995,10000,0
A5 54 9B 50 05 E8 0D 32 04 82 0B 83 13 10 27 00 00 00 B3  TEL,20635,S5,3560,1074,2946,4995,10000,0
A5 54 9C 50 05 E8 0D 32 04 82 0B 83 13 10 27 00 00 00 BD  TEL,20636,S5,3560,1074,2946,4995,10000,0
A5 54 9D 50 05 07 0E 33 04 82 0B 83 13 10 27 00 00 00 EA  TEL,20637,S5,3591,1075,2946,4995,10000,0
A5 54 9E 50 05 07 0E 33 04 82 0B 83 13 10 27 00 00 00 EC  TEL,20638,S5,3591,1075,2946,4995,10000,0
A5 54 9F 50 05 07 0E 33 04 82 0B 83 13 10 27 00 00 00 EE  TEL,20639,S5,3591,1075,2946,4995,10000,0
A5 54 A0 50 05 26 0E 34 04 82 0B 83 13 10 27 00 00 00 A7  TEL,20640,S5,3622,1076,2946,4995,10000,0
A5 54 A1 50 05 E8 0D 32 04 82 0B 83 13 10 27 00 00 00 C7  TEL,20641,S5,3560,1074,2946,4995,10000,0
A5 54 A2 50 05 E8 0D 32 04 82 0B 83 13 10 27 00 00 00 C1  TEL,20642,S5,3560,1074,2946,4995,10000,0
A5 54 A3 50 05 E8 0D 32 04 82 0B 83 13 10 27 00 00 00 C3  TEL,20643,S5,3560,1074,2946,4995,10000,0
A5 54 A4 50 05 E8 0D 32 04 82 0B 83 13 10 27 00 00 00 CD  TEL,20644,S5,3560,1074,2946,4995,10000,0
A5 54 A5 50 05 07 0E 33 04 82 0B 83 13 10 27 00 00 00 9A  TEL,20645,S5,3591,1075,2946,4995,10000,0
A5 54 A6 50 05 07 0E 33 04 82 0B 83 13 10 27 00 00 00 9C  TEL,20646,S5,3591,1075,2946,4995,10000,0
A5 54 A7 50 05 07 0E 33 04 82 0B 83 13 10 27 00 00 00 9E  TEL,20647,S5,3591,1075,2946,4995,10000,0
A5 54 A8 50 05 E8 0D 32 04 82 0B 83 13 10 27 00 00 00 D5  TEL,20648,S5,3560,1074,2946,4995,10000,0
A5 54 A9 50 05 E8 0D 32 04 82 0B 83 13 10 27 00 00 00 D7  TEL,20649,S5,3560,1074,2946,4995,10000,0
A5 54 AA 50 05 E8 0D 32 04 82 0B 83 13 10 27 00 00 00 D1  TEL,20650,S5,3560,1074,2946,4995,10000,0
A5 54 AB 50 05 07 0E 33 04 82 0B 83 13 10 27 00 00 00 86  TEL,20651,S5,3591,1075,2946,4995,10000,0
A5 54 AC 50 05 E8 0D 32 04 82 0B 83 13 10 27 00 00 00 DD  TEL,20652,S5,3560,1074,2946,4995,10000,0
A5 54 AD 50 05 07 0E 33 04 82 0B 83 13 10 27 00 00 00 8A  TEL,20653,S5,3591,1075,2946,4995,10000,0
A5 54 AE 50 05 07 0E 33 04 82 0B 83 13 10 27 00 00 00 8C  TEL,20654,S5,3591,1075,2946,4995,10000,0
A5 54 AF 50 05 07 0E 33 04 82 0B 83 13 10 27 00 00 00 8E  TEL,20655,S5,3591,1075,2946,4995,10000,0
A5 54 B0 50 05 26 0E 34 04 82 0B 83 13 10 27 00 00 00 87  TEL,20656,S5,3622,1076,2946,4995,10000,0
A5 54 B1 50 05 07 0E 33 04 82 0B 83 13 10 27 00 00 00 B2  TEL,20657,S5,3591,1075,2946,4995,10000,0
A5 54 B2 50 05 E8 0D 32 04 82 0B 83 13 10 27 00 00 00 E1  TEL,20658,S5,3560,1074,2946,4995,10000,0
A5 54 B3 50 05 07 0E 33 04 82 0B 83 13 10 27 00 00 00 B6  TEL,20659,S5,3591,1075,2946,4995,10000,0
A5 54 B4 50 05 07 0E 33 04 82 0B 83 13 10 27 00 00 00 B8  TEL,20660,S5,3591,1075,2946,4995,10000,0
A5 54 B5 50 05 E8 0D 32 04 82 0B 83 13 10 27 00 00 00 EF  TEL,20661,S5,3560,1074,2946,4995,10000,0
A5 54 B6 50 05 E8 0D 32 04 82 0B 83 13 10 27 00 00 00 E9  TEL,20662,S5,3560,1074,2946,4995,10000,0
A5 54 B7 50 05 07 0E 33 04 82 0B 83 13 10 27 00 00 00 BE  TEL,20663,S5,3591,1075,2946,4995,10000,0
A5 54 B8 50 05 07 0E 33 04 82 0B 83 13 10 27 00 00 00 A0  TEL,20664,S5,3591,1075,2946,4995,10000,0
A5 54 B9 50 05 07 0E 33 04 82 0B 83 13 10 27 00 00 00 A2  TEL,20665,S5,3591,1075,2946,4995,10000,0
A5 54 BA 50 05 83 0E 37 04 82 0B 83 13 10 27 00 00 00 77  TEL,20666,S5,3715,1079,2946,4995,10000,0
A5 54 BB 50 05 07 0E 33 04 82 0B 83 13 10 27 00 00 00 A6  TEL,20667,S5,3591,1075,2946,4995,10000,0
A5 54 BC 50 05 07 0E 33 04 82 0B 83 13 10 27 00 00 00 A8  TEL,20668,S5,3591,1075,2946,4995,10000,0
A5 54 BD 50 05 E8 0D 32 04 82 0B 83 13 10 27 00 00 00 FF  TEL,20669,S5,3560,1074,2946,4995,10000,0
A5 54 BE 50 05 E8 0D 32 04 82 0B 83 13 10 27 00 00 00 F9  TEL,20670,S5,3560,1074,2946,4995,10000,0
A5 54 BF 50 05 E8 0D 32 04 82 0B 83 13 10 27 00 00 00 FB  TEL,20671,S5,3560,1074,2946,4995,10000,0
A5 54 C0 50 05 07 0E 33 04 82 0B 83 13 10 27 00 00 00 50  TEL,20672,S5,3591,1075,2946,4995,10000,0
A5 54 C1 50 05 C9 0D 30 04 82 0B 83 13 10 27 00 00 00 53  TEL,20673,S5,3529,1072,2946,4995,10000,0
A5 54 C2 50 05 45 0E 35 04 82 0B 83 13 10 27 00 00 00 C2  TEL,20674,S5,3653,1077,2946,4995,10000,0
A5 54 C3 50 05 E8 0D 32 04 82 0B 83 13 10 27 00 00 00 03  TEL,20675,S5,3560,1074,2946,4995,10000,0
A5 54 C4 50 05 E8 0D 32 04 82 0B 83 13 10 27 00 00 00 0D  TEL,20676,S5,3560,1074,2946,4995,10000,0
A5 54 C5 50 05 E8 0D 32 04 82 0B 83 13 10 27 00 00 00 0F  TEL,20677,S5,3560,1074,2946,4995,10000,0
A5 54 C6 50 05 E8 0D 32 04 82 0B 83 13 10 27 00 00 00 09  TEL,20678,S5,3560,1074,2946,4995,10000,0
A5 54 C7 50 05 E8 0D 32 04 82 0B 83 13 10 27 00 00 00 0B  TEL,20679,S5,3560,1074,2946,4995,10000,0
A5 54 C8 50 05 07 0E 33 04 82 0B 83 13 10 27 00 00 00 40  TEL,20680,S5,3591,1075,2946,4995,10000,0
A5 54 C9 50 05 C9 0D 31 04 82 0B 83 13 10 27 00 00 00 5C  TEL,20681,S5,3529,1073,2946,4995,10000,0
A5 54 CA 50 05 07 0E 33 04 82 0B 83 13 10 27 00 00 00 44  TEL,20682,S5,3591,1075,2946,4995,10000,0
A5 54 CB 50 05 07 0E 33 04 82 0B 83 13 10 27 00 00 00 46  TEL,20683,S5,3591,1075,2946,4995,10000,0
A5 54 CC 50 05 26 0E 34 04 82 0B 83 13 10 27 00 00 00 7F  TEL,20684,S5,3622,1076,2946,4995,10000,0
A5 54 CD 50 05 E8 0D 32 04 82 0B 83 13 10 27 00 00 00 1F  TEL,20685,S5,3560,1074,2946,4995,10000,0
A5 54 CE 50 05 E8 0D 32 04 82 0B 83 13 10 27 00 00 00 19  TEL,20686,S5,3560,1074,2946,4995,10000,0
A5 54 CF 50 05 E8 0D 32 04 82 0B 83 13 10 27 00 00 00 1B  TEL,20687,S5,3560,1074,2946,4995,10000,0
A5 54 D0 50 05 45 0E 35 04 82 0B 83 13 10 27 00 00 00 E6  TEL,20688,S5,3653,1077,2946,4995,10000,0
A5 54 D1 50 05 E8 0D 32 04 82 0B 83 13 10 27 00 00 00 27  TEL,20689,S5,3560,1074,2946,4995,10000,0
A5 54 D2 50 05 83 0E 37 04 82 0B 83 13 10 27 00 00 00 A7  TEL,20690,S5,3715,1079,2946,4995,10000,0
A5 54 D3 50 05 E8 0D 32 04 82 0B 83 13 10 27 00 00 00 23  TEL,20691,S5,3560,1074,2946,4995,10000,0
A5 54 D4 50 05 E8 0D 32 04 82 0B 83 13 10 27 00 00 00 2D  TEL,20692,S5,3560,1074,2946,4995,10000,0
A5 54 D5 50 05 07 0E 33 04 82 0B 83 13 10 27 00 00 00 7A  TEL,20693,S5,3591,1075,2946,4995,10000,0
A5 54 D6 50 05 07 0E 33 04 82 0B 83 13 10 27 00 00 00 7C  TEL,20694,S5,3591,1075,2946,4995,10000,0
A5 54 D7 50 05 07 0E 33 04 82 0B 83 13 10 27 00 00 00 7E  TEL,20695,S5,3591,1075,2946,4995,10000,0
A5 54 D8 50 05 07 0E 33 04 82 0B 83 13 10 27 00 00 00 60  TEL,20696,S5,3591,1075,2946,4995,10000,0
A5 54 D9 50 05 45 0E 35 04 82 0B 83 13 10 27 00 00 00 F4  TEL,20697,S5,3653,1077,2946,4995,10000,0
A5 54 DA 50 05 E8 0D 32 04 82 0B 83 13 10 27 00 00 00 31  TEL,20698,S5,3560,1074,2946,4995,10000,0
A5 54 DB 50 05 E8 0D 32 04 82 0B 83 13 10 27 00 00 00 33  TEL,20699,S5,3560,1074,2946,4995,10000,0
A5 54 DC 50 05 E8 0D 32 04 82 0B 83 13 10 27 00 00 00 3D  TEL,20700,S5,3560,1074,2946,4995,10000,0
A5 54 DD 50 05 E8 0D 32 04 82 0B 83 13 10 27 00 00 00 3F  TEL,20701,S5,3560,1074,2946,4995,10000,0
A5 42 83 00 05 DE 50 5C 04 AB 15 6D 04 AB 15 6F 04 AB 15 8A  BTN,131,S5,PRESSED,20702,363529308,363529325,363529327
A5 54 DF 50 05 E8 0D 32 04 82 0B BD 13 10 27 00 00 01 68  TEL,20703,S5,3560,1074,2946,5053,10000,1
A5 54 E0 50 05 64 0E 36 04 82 0B 83 13 10 27 00 00 00 CD  TEL,20704,S5,3684,1078,2946,4995,10000,0
A5 54 E1 50 05 45 0E 35 04 82 0B 83 13 10 27 00 00 00 84  TEL,20705,S5,3653,1077,2946,4995,10000,0
A5 54 E2 50 05 07 0E 33 04 82 0B 83 13 10 27 00 00 00 14  TEL,20706,S5,3591,1075,2946,4995,10000,0
A5 54 E3 50 05 07 0E 33 04 82 0B 83 13 10 27 00 00 00 16  TEL,20707,S5,3591,1075,2946,4995,10000,0
A5 54 E4 50 05 07 0E 33 04 82 0B 83 13 10 27 00 00 00 18  TEL,20708,S5,3591,1075,2946,4995,10000,0
A5 54 E5 50 05 07 0E 33 04 82 0B 83 13 10 27 00 00 00 1A  TEL,20709,S5,3591,1075,2946,4995,10000,0
A5 54 E6 50 05 07 0E 33 04 82 0B 83 13 10 27 00 00 00 1C  TEL,20710,S5,3591,1075,2946,4995,10000,0
A5 54 E7 50 05 E8 0D 32 04 82 0B 83 13 10 27 00 00 00 4B  TEL,20711,S5,3560,1074,2946,4995,10000,0
A5 54 E8 50 05 07 0E 33 04 82 0B 83 13 10 27 00 00 00 00  TEL,20712,S5,3591,1075,2946,4995,10000,0
A5 54 E9 50 05 C2 0E 39 04 82 0B 83 13 10 27 00 00 00 04  TEL,20713,S5,3778,1081,2946,4995,10000,0
A5 54 EA 50 05 E8 0D 32 04 82 0B 83 13 10 27 00 00 00 51  TEL,20714,S5,3560,1074,2946,4995,10000,0
A5 54 EB 50 05 E8 0D 32 04 82 0B 83 13 10 27 00 00 00 53  TEL,20715,S5,3560,1074,2946,4995,10000,0
A5 54 EC 50 05 07 0E 33 04 82 0B 86 13 10 27 00 00 00 A2  TEL,20716,S5,3591,1075,2946,4998,10000,0
A5 54 ED 50 05 45 0E 35 04 82 0B 83 13 10 27 00 00 00 9C  TEL,20717,S5,3653,1077,2946,4995,10000,0
A5 54 EE 50 05 07 0E 33 04 82 0B 83 13 10 27 00 00 00 0C  TEL,20718,S5,3591,1075,2946,4995,10000,0
A5 54 EF 50 05 07 0E 33 04 82 0B 83 13 10 27 00 00 00 0E  TEL,20719,S5,3591,1075,2946,4995,10000,0
A5 54 F0 50 05 26 0E 34 04 82 0B 83 13 10 27 00 00 00 07  TEL,20720,S5,3622,1076,2946,4995,10000,0
A5 54 F1 50 05 26 0E 34 04 82 0B 83 13 10 27 00 00 00 05  TEL,20721,S5,3622,1076,2946,4995,10000,0
A5 54 F2 50 05 07 0E 33 04 82 0B 83 13 10 27 00 00 00 34  TEL,20722,S5,3591,1075,2946,4995,10000,0
A5 54 F3 50 05 07 0E 33 04 82 0B 83 13 10 27 00 00 00 36  TEL,20723,S5,3591,1075,2946,4995,10000,0
A5 54 F4 50 05 07 0E 33 04 82 0B 83 13 10 27 00 00 00 38  TEL,20724,S5,3591,1075,2946,4995,10000,0
A5 54 F5 50 05 07 0E 33 04 82 0B 83 13 10 27 00 00 00 3A  TEL,20725,S5,3591,1075,2946,4995,10000,0
A5 54 F6 50 05 07 0E 33 04 82 0B 83 13 10 27 00 00 00 3C  TEL,20726,S5,3591,1075,2946,4995,10000,0
A5 54 F7 50 05 07 0E 33 04 82 0B 83 13 10 27 00 00 00 3E  TEL,20727,S5,3591,1075,2946,4995,10000,0
A5 54 F8 50 05 07 0E 33 04 82 0B 83 13 10 27 00 00 00 20  TEL,20728,S5,3591,1075,2946,4995,10000,0
A5 54 F9 50 05 E8 0D 32 04 82 0B 83 13 10 27 00 00 00 77  TEL,20729,S5,3560,1074,2946,4995,10000,0
A5 54 FA 50 05 E8 0D 32 04 82 0B 83 13 10 27 00 00 00 71  TEL,20730,S5,3560,1074,2946,4995,10000,0
A5 54 FB 50 05 E8 0D 32 04 82 0B 83 13 10 27 00 00 00 73  TEL,20731,S5,3560,1074,2946,4995,10000,0
A5 54 FC 50 05 07 0E 33 04 82 0B 83 13 10 27 00 00 00 28  TEL,20732,S5,3591,1075,2946,4995,10000,0
A5 54 FD 50 05 07 0E 33 04 82 0B 83 13 10 27 00 00 00 2A  TEL,20733,S5,3591,1075,2946,4995,10000,0
A5 54 FE 50 05 07 0E 33 04 82 0B 83 13 10 27 00 00 00 2C  TEL,20734,S5,3591,1075,2946,4995,10000,0
A5 54 FF 50 05 07 0E 33 04 82 0B 83 13 10 27 00 00 00 2E  TEL,20735,S5,3591,1075,2946,4995,10000,0
A5 54 00 51 05 07 0E 33 04 82 0B 83 13 10 27 00 00 00 62  TEL,20736,S5,3591,1075,2946,4995,10000,0
A5 54 01 51 05 45 0E 35 04 82 0B 83 13 10 27 00 00 00 F6  TEL,20737,S5,3653,1077,2946,4995,10000,0
A5 54 02 51 05 07 0E 33 04 82 0B 83 13 10 27 00 00 00 66  TEL,20738,S5,3591,1075,2946,4995,10000,0
A5 54 03 51 05 E8 0D 32 04 82 0B 83 13 10 27 00 00 00 31  TEL,20739,S5,3560,1074,2946,4995,10000,0
A5 54 04 51 05 E8 0D 32 04 82 0B 83 13 10 27 00 00 00 3F  TEL,20740,S5,3560,1074,2946,4995,10000,0
A5 54 05 51 05 E8 0D 32 04 82 0B 83 13 10 27 00 00 00 3D  TEL,20741,S5,3560,1074,2946,4995,10000,0
A5 54 06 51 05 E8 0D 32 04 82 0B 83 13 10 27 00 00 00 3B  TEL,20742,S5,3560,1074,2946,4995,10000,0
A5 54 07 51 05 E8 0D 32 04 82 0B 83 13 10 27 00 00 00 39  TEL,20743,S5,3560,1074,2946,4995,10000,0
A5 54 08 51 05 07 0E 33 04 82 0B 83 13 10 27 00 00 00 72  TEL,20744,S5,3591,1075,2946,4995,10000,0
A5 54 09 51 05 E8 0D 32 04 82 0B 83 13 10 27 00 00 00 25  TEL,20745,S5,3560,1074,2946,4995,10000,0
A5 54 0A 51 05 E8 0D 32 04 82 0B 83 13 10 27 00 00 00 23  TEL,20746,S5,3560,1074,2946,4995,10000,0
A5 54 0B 51 05 07 0E 33 04 82 0B 83 13 10 27 00 00 00 74  TEL,20747,S5,3591,1075,2946,4995,10000,0
A5 54 0C 51 05 07 0E 33 04 82 0B 83 13 10 27 00 00 00 7A  TEL,20748,S5,3591,1075,2946,4995,10000,0
A5 54 0D 51 05 C9 0D 31 04 82 0B 83 13 10 27 00 00 00 66  TEL,20749,S5,3529,1073,2946,4995,10000,0
A5 54 0E 51 05 07 0E 33 04 82 0B 83 13 10 27 00 00 00 7E  TEL,20750,S5,3591,1075,2946,4995,10000,0
A5 54 0F 51 05 07 0E 33 04 82 0B 83 13 10 27 00 00 00 7C  TEL,20751,S5,3591,1075,2946,4995,10000,0
A5 54 10 51 05 07 0E 33 04 82 0B 83 13 10 27 00 00 00 42  TEL,20752,S5,3591,1075,2946,4995,10000,0
A5 54 11 51 05 26 0E 34 04 82 0B 83 13 10 27 00 00 00 77  TEL,20753,S5,3622,1076,2946,4995,10000,0
A5 54 12 51 05 E8 0D 32 04 82 0B 83 13 10 27 00 00 00 13  TEL,20754,S5,3560,1074,2946,4995,10000,0
A5 54 13 51 05 07 0E 33 04 82 0B 83 13 10 27 00 00 00 44  TEL,20755,S5,3591,1075,2946,4995,10000,0
A5 54 14 51 05 45 0E 35 04 82 0B 83 13 10 27 00 00 00 DC  TEL,20756,S5,3653,1077,2946,4995,10000,0
A5 54 15 51 05 E8 0D 32 04 82 0B 83 13 10 27 00 00 00 1D  TEL,20757,S5,3560,1074,2946,4995,10000,0
A5 54 16 51 05 07 0E 33 04 82 0B 83 13 10 27 00 00 00 4E  TEL,20758,S5,3591,1075,2946,4995,10000,0
A5 54 17 51 05 E8 0D 32 04 82 0B 83 13 10 27 00 00 00 19  TEL,20759,S5,3560,1074,2946,4995,10000,0
A5 54 18 51 05 07 0E 33 04 82 0B 83 13 10 27 00 00 00 52  TEL,20760,S5,3591,1075,2946,4995,10000,0
A5 54 19 51 05 E8 0D 32 04 82 0B 83 13 10 27 00 00 00 05  TEL,20761,S5,3560,1074,2946,4995,10000,0
A5 54 1A 51 05 E8 0D 32 04 82 0B 83 13 10 27 00 00 00 03  TEL,20762,S5,3560,1074,2946,4995,10000,0
A5 54 1B 51 05 E8 0D 32 04 82 0B 83 13 10 27 00 00 00 01  TEL,20763,S5,3560,1074,2946,4995,10000,0
A5 54 1C 51 05 07 0E 33 04 82 0B 83 13 10 27 00 00 00 5A  TEL,20764,S5,3591,1075,2946,4995,10000,0
A5 54 1D 51 05 07 0E 33 04 82 0B 83 13 10 27 00 00 00 58  TEL,20765,S5,3591,1075,2946,4995,10000,0
A5 54 1E 51 05 E8 0D 32 04 82 0B 83 13 10 27 00 00 00 0B  TEL,20766,S5,3560,1074,2946,4995,10000,0
A5 54 1F 51 05 07 0E 33 04 82 0B 83 13 10 27 00 00 00 5C  TEL,20767,S5,3591,1075,2946,4995,10000,0
A5 54 20 51 05 E8 0D 32 04 82 0B 83 13 10 27 00 00 00 77  TEL,20768,S5,3560,1074,2946,4995,10000,0
A5 54 21 51 05 45 0E 35 04 82 0B 83 13 10 27 00 00 00 B6  TEL,20769,S5,3653,1077,2946,4995,10000,0
A5 54 22 51 05 07 0E 33 04 82 0B 83 13 10 27 00 00 00 26  TEL,20770,S5,3591,1075,2946,4995,10000,0
A5 54 23 51 05 07 0E 33 04 82 0B 83 13 10 27 00 00 00 24  TEL,20771,S5,3591,1075,2946,4995,10000,0
A5 54 24 51 05 07 0E 33 04 82 0B 83 13 10 27 00 00 00 2A  TEL,20772,S5,3591,1075,2946,4995,10000,0
A5 54 25 51 05 07 0E 33 04 82 0B 83 13 10 27 00 00 00 28  TEL,20773,S5,3591,1075,2946,4995,10000,0
A5 54 26 51 05 E8 0D 32 04 82 0B 83 13 10 27 00 00 00 7B  TEL,20774,S5,3560,1074,2946,4995,10000,0
A5 54 27 51 05 E8 0D 32 04 82 0B 83 13 10 27 00 00 00 79  TEL,20775,S5,3560,1074,2946,4995,10000,0
A5 54 28 51 05 E8 0D 32 04 82 0B 83 13 10 27 00 00 00 67  TEL,20776,S5,3560,1074,2946,4995,10000,0
A5 54 29 51 05 E8 0D 32 04 82 0B 83 13 10 27 00 00 00 65  TEL,20777,S5,3560,1074,2946,4995,10000,0
A5 54 2A 51 05 07 0E 33 04 82 0B 83 13 10 27 00 00 00 36  TEL,20778,S5,3591,1075,2946,4995,10000,0
A5 54 2B 51 05 07 0E 33 04 82 0B 83 13 10 27 00 00 00 34  TEL,20779,S5,3591,1075,2946,4995,10000,0
A5 54 2C 51 05 07 0E 33 04 82 0B 83 13 10 27 00 00 00 3A  TEL,20780,S5,3591,1075,2946,4995,10000,0
A5 54 2D 51 05 07 0E 33 04 82 0B 83 13 10 27 00 00 00 38  TEL,20781,S5,3591,1075,2946,4995,10000,0
A5 54 2E 51 05 07 0E 33 04 82 0B 83 13 10 27 00 00 00 3E  TEL,20782,S5,3591,1075,2946,4995,10000,0
A5 54 2F 51 05 07 0E 33 04 82 0B 83 13 10 27 00 00 00 3C  TEL,20783,S5,3591,1075,2946,4995,10000,0
A5 54 30 51 05 E8 0D 32 04 82 0B 83 13 10 27 00 00 00 57  TEL,20784,S5,3560,1074,2946,4995,10000,0
A5 54 31 51 05 26 0E 34 04 82 0B 83 13 10 27 00 00 00 37  TEL,20785,S5,3622,1076,2946,4995,10000,0
A5 54 32 51 05 07 0E 33 04 82 0B 83 13 10 27 00 00 00 06  TEL,20786,S5,3591,1075,2946,4995,10000,0
A5 54 33 51 05 07 0E 33 04 82 0B 83 13 10 27 00 00 00 04  TEL,20787,S5,3591,1075,2946,4995,10000,0
A5 54 34 51 05 E8 0D 32 04 82 0B 83 13 10 27 00 00 00 5F  TEL,20788,S5,3560,1074,2946,4995,10000,0
A5 54 35 51 05 07 0E 33 04 82 0B 83 13 10 27 00 00 00 08  TEL,20789,S5,3591,1075,2946,4995,10000,0
A5 54 36 51 05 07 0E 33 04 82 0B 83 13 10 27 00 00 00 0E  TEL,20790,S5,3591,1075,2946,4995,10000,0
A5 54 37 51 05 E8 0D 32 04 82 0B 83 13 10 27 00 00 00 59  TEL,20791,S5,3560,1074,2946,4995,10000,0
A5 54 38 51 05 E8 0D 32 04 82 0B 83 13 10 27 00 00 00 47  TEL,20792,S5,3560,1074,2946,4995,10000,0
A5 54 39 51 05 E8 0D 32 04 82 0B 83 13 10 27 00 00 00 45  TEL,20793,S5,3560,1074,2946,4995,10000,0
A5 54 3A 51 05 E8 0D 32 04 82 0B 83 13 10 27 00 00 00 43  TEL,20794,S5,3560,1074,2946,4995,10000,0
A5 54 3B 51 05 E8 0D 32 04 82 0B 83 13 10 27 00 00 00 41  TEL,20795,S5,3560,1074,2946,4995,10000,0
A5 54 3C 51 05 07 0E 33 04 82 0B 83 13 10 27 00 00 00 1A  TEL,20796,S5,3591,1075,2946,4995,10000,0
A5 54 3D 51 05 07 0E 33 04 82 0B 83 13 10 27 00 00 00 18  TEL,20797,S5,3591,1075,2946,4995,10000,0
A5 54 3E 51 05 45 0E 35 04 82 0B 83 13 10 27 00 00 00 88  TEL,20798,S5,3653,1077,2946,4995,10000,0
A5 54 3F 51 05 07 0E 33 04 82 0B 83 13 10 27 00 00 00 1C  TEL,20799,S5,3591,1075,2946,4995,10000,0
A5 54 40 51 05 07 0E 33 04 82 0B 83 13 10 27 00 00 00 E2  TEL,20800,S5,3591,1075,2946,4995,10000,0
A5 54 41 51 05 45 0E 35 04 82 0B 83 13 10 27 00 00 00 76  TEL,20801,S5,3653,1077,2946,4995,10000,0
A5 54 42 51 05 E8 0D 32 04 82 0B 83 13 10 27 00 00 00 B3  TEL,20802,S5,3560,1074,2946,4995,10000,0
A5 54 43 51 05 07 0E 33 04 82 0B 83 13 10 27 00 00 00 E4  TEL,20803,S5,3591,1075,2946,4995,10000,0
A5 54 44 51 05 07 0E 33 04 82 0B 83 13 10 27 00 00 00 EA  TEL,20804,S5,3591,1075,2946,4995,10000,0
A5 54 45 51 05 E8 0D 32 04 82 0B 83 13 10 27 00 00 00 BD  TEL,20805,S5,3560,1074,2946,4995,10000,0
A5 54 46 51 05 07 0E 33 04 82 0B 83 13 10 27 00 00 00 EE  TEL,20806,S5,3591,1075,2946,4995,10000,0
A5 54 47 51 05 07 0E 33 04 82 0B 83 13 10 27 00 00 00 EC  TEL,20807,S5,3591,1075,2946,4995,10000,0
A5 54 48 51 05 E8 0D 32 04 82 0B 83 13 10 27 00 00 00 A7  TEL,20808,S5,3560,1074,2946,4995,10000,0
A5 54 49 51 05 83 0E 37 04 82 0B 83 13 10 27 00 00 00 23  TEL,20809,S5,3715,1079,2946,4995,10000,0
A5 54 4A 51 05 07 0E 33 04 82 0B 83 13 10 27 00 00 00 F6  TEL,20810,S5,3591,1075,2946,4995,10000,0
A5 54 4B 51 05 E8 0D 32 04 82 0B 83 13 10 27 00 00 00 A1  TEL,20811,S5,3560,1074,2946,4995,10000,0
A5 54 4C 51 05 C9 0D 31 04 82 0B 83 13 10 27 00 00 00 E4  TEL,20812,S5,3529,1073,2946,4995,10000,0
A5 54 4D 51 05 E8 0D 32 04 82 0B 83 13 10 27 00 00 00 AD  TEL,20813,S5,3560,1074,2946,4995,10000,0
A5 54 4E 51 05 07 0E 33 04 82 0B 83 13 10 27 00 00 00 FE  TEL,20814,S5,3591,1075,2946,4995,10000,0
A5 54 4F 51 05 E8 0D 32 04 82 0B 83 13 10 27 00 00 00 A9  TEL,20815,S5,3560,1074,2946,4995,10000,0
A5 54 50 51 05 07 0E 33 04 82 0B 83 13 10 27 00 00 00 C2  TEL,20816,S5,3591,1075,2946,4995,10000,0
A5 54 51 51 05 26 0E 34 04 82 0B 83 13 10 27 00 00 00 F7  TEL,20817,S5,3622,1076,2946,4995,10000,0
A5 54 52 51 05 07 0E 33 04 82 0B 83 13 10 27 00 00 00 C6  TEL,20818,S5,3591,1075,2946,4995,10000,0
A5 54 53 51 05 07 0E 33 04 82 0B 83 13 10 27 00 00 00 C4  TEL,20819,S5,3591,1075,2946,4995,10000,0
A5 54 54 51 05 07 0E 33 04 82 0B 83 13 10 27 00 00 00 CA  TEL,20820,S5,3591,1075,2946,4995,10000,0
A5 54 55 51 05 07 0E 33 04 82 0B 83 13 10 27 00 00 00 C8  TEL,20821,S5,3591,1075,2946,4995,10000,0
A5 54 56 51 05 07 0E 33 04 82 0B 83 13 10 27 00 00 00 CE  TEL,20822,S5,3591,1075,2946,4995,10000,0
A5 54 57 51 05 E8 0D 32 04 82 0B 83 13 10 27 00 00 00 99  TEL,20823,S5,3560,1074,2946,4995,10000,0
A5 54 58 51 05 07 0E 33 04 82 0B 83 13 10 27 00 00 00 D2  TEL,20824,S5,3591,1075,2946,4995,10000,0
A5 54 59 51 05 07 0E 33 04 82 0B 83 13 10 27 00 00 00 D0  TEL,20825,S5,3591,1075,2946,4995,10000,0
A5 54 5A 51 05 E8 0D 32 04 82 0B 83 13 10 27 00 00 00 83  TEL,20826,S5,3560,1074,2946,4995,10000,0
A5 54 5B 51 05 E8 0D 32 04 82 0B 83 13 10 27 00 00 00 81  TEL,20827,S5,3560,1074,2946,4995,10000,0
A5 54 5C 51 05 07 0E 33 04 82 0B 83 13 10 27 00 00 00 DA  TEL,20828,S5,3591,1075,2946,4995,10000,0
A5 54 5D 51 05 07 0E 33 04 82 0B 83 13 10 27 00 00 00 D8  TEL,20829,S5,3591,1075,2946,4995,10000,0
A5 54 5E 51 05 07 0E 33 04 82 0B 83 13 10 27 00 00 00 DE  TEL,20830,S5,3591,1075,2946,4995,10000,0
A5 54 5F 51 05 A3 0E 38 04 82 0B 83 13 10 27 00 00 00 54  TEL,20831,S5,3747,1080,2946,4995,10000,0
A5 54 60 51 05 E8 0D 32 04 82 0B 83 13 10 27 00 00 00 F7  TEL,20832,S5,3560,1074,2946,4995,10000,0
A5 54 61 51 05 45 0E 35 04 82 0B 83 13 10 27 00 00 00 36  TEL,20833,S5,3653,1077,2946,4995,10000,0
A5 54 62 51 05 E8 0D 32 04 82 0B 83 13 10 27 00 00 00 F3  TEL,20834,S5,3560,1074,2946,4995,10000,0
A5 54 63 51 05 E8 0D 32 04 82 0B 83 13 10 27 00 00 00 F1  TEL,20835,S5,3560,1074,2946,4995,10000,0
A5 54 64 51 05 E8 0D 32 04 82 0B 83 13 10 27 00 00 00 FF  TEL,20836,S5,3560,1074,2946,4995,10000,0
A5 54 65 51 05 07 0E 33 04 82 0B 83 13 10 27 00 00 00 A8  TEL,20837,S5,3591,1075,2946,4995,10000,0
A5 54 66 51 05 07 0E 33 04 82 0B 83 13 10 27 00 00 00 AE  TEL,20838,S5,3591,1075,2946,4995,10000,0
A5 54 67 51 05 45 0E 35 04 82 0B 83 13 10 27 00 00 00 3A  TEL,20839,S5,3653,1077,2946,4995,10000,0
A5 54 68 51 05 E8 0D 32 04 82 0B 83 13 10 27 00 00 00 E7  TEL,20840,S5,3560,1074,2946,4995,10000,0
A5 54 69 51 05 07 0E 33 04 82 0B 83 13 10 27 00 00 00 B0  TEL,20841,S5,3591,1075,2946,4995,10000,0
A5 54 6A 51 05 E8 0D 32 04 82 0B 83 13 10 27 00 00 00 E3  TEL,20842,S5,3560,1074,2946,4995,10000,0
A5 54 6B 51 05 07 0E 33 04 82 0B 83 13 10 27 00 00 00 B4  TEL,20843,S5,3591,1075,2946,4995,10000,0
A5 54 6C 51 05 E8 0D 32 04 82 0B 83 13 10 27 00 00 00 EF  TEL,20844,S5,3560,1074,2946,4995,10000,0
A5 54 6D 51 05 07 0E 33 04 82 0B 83 13 10 27 00 00 00 B8  TEL,20845,S5,3591,1075,2946,4995,10000,0
A5 42 84 00 05 6E 51 C7 C6 C0 15 D9 C6 C0 15 DB C6 C0 15 6D  BTN,132,S5,PRESSED,20846,364955335,364955353,364955355
A5 54 6F 51 05 07 0E 33 04 82 0B 83 13 10 27 00 00 00 BC  TEL,20847,S5,3591,1075,2946,4995,10000,0
A5 54 70 51 05 E8 0D 32 04 82 0B 83 13 10 27 00 00 00 D7  TEL,20848,S5,3560,1074,2946,4995,10000,0
A5 54 71 51 05 E8 0D 32 04 82 0B 83 13 10 27 00 00 00 D5  TEL,20849,S5,3560,1074,2946,4995,10000,0
A5 54 72 51 05 45 0E 35 04 82 0B 83 13 10 27 00 00 00 10  TEL,20850,S5,3653,1077,2946,4995,10000,0
A5 54 73 51 05 E8 0D 32 04 82 0B 83 13 10 27 00 00 00 D1  TEL,20851,S5,3560,1074,2946,4995,10000,0
A5 54 74 51 05 07 0E 33 04 82 0B 83 13 10 27 00 00 00 8A  TEL,20852,S5,3591,1075,2946,4995,10000,0
A5 54 75 51 05 E8 0D 32 04 82 0B 83 13 10 27 00 00 00 DD  TEL,20853,S5,3560,1074,2946,4995,10000,0
A5 54 76 51 05 E8 0D 32 04 82 0B 83 13 10 27 00 00 00 DB  TEL,20854,S5,3560,1074,2946,4995,10000,0
A5 54 77 51 05 E8 0D 32 04 82 0B 83 13 10 27 00 00 00 D9  TEL,20855,S5,3560,1074,2946,4995,10000,0
A5 54 78 51 05 07 0E 33 04 82 0B 83 13 10 27 00 00 00 92  TEL,20856,S5,3591,1075,2946,4995,10000,0
A5 54 79 51 05 07 0E 33 04 82 0B 83 13 10 27 00 00 00 90  TEL,20857,S5,3591,1075,2946,4995,10000,0
A5 54 7A 51 05 07 0E 33 04 82 0B 83 13 10 27 00 00 00 96  TEL,20858,S5,3591,1075,2946,4995,10000,0
A5 54 7B 51 05 E8 0D 32 04 82 0B 83 13 10 27 00 00 00 C1  TEL,20859,S5,3560,1074,2946,4995,10000,0
A5 54 7C 51 05 07 0E 33 04 82 0B 83 13 10 27 00 00 00 9A  TEL,20860,S5,3591,1075,2946,4995,10000,0
A5 54 7D 51 05 07 0E 33 04 82 0B 83 13 10 27 00 00 00 98  TEL,20861,S5,3591,1075,2946,4995,10000,0
A5 54 7E 51 05 07 0E 33 04 82 0B 83 13 10 27 00 00 00 9E  TEL,20862,S5,3591,1075,2946,4995,10000,0
A5 54 7F 51 05 C9 0D 30 04 82 0B 83 13 10 27 00 00 00 9D  TEL,20863,S5,3529,1072,2946,4995,10000,0
A5 54 80 51 05 E8 0D 32 04 82 0B 83 13 10 27 00 00 00 30  TEL,20864,S5,3560,1074,2946,4995,10000,0
A5 54 81 51 05 C9 0D 31 04 82 0B 83 13 10 27 00 00 00 79  TEL,20865,S5,3529,1073,2946,4995,10000,0
A5 54 82 51 05 45 0E 35 04 82 0B 83 13 10 27 00 00 00 F7  TEL,20866,S5,3653,1077,2946,4995,10000,0
A5 54 83 51 05 07 0E 33 04 82 0B 83 13 10 27 00 00 00 63  TEL,20867,S5,3591,1075,2946,4995,10000,0
A5 54 84 51 05 45 0E 35 04 82 0B 83 13 10 27 00 00 00 FB  TEL,20868,S5,3653,1077,2946,4995,10000,0
A5 54 85 51 05 E8 0D 32 04 82 0B 83 13 10 27 00 00 00 3A  TEL,20869,S5,3560,1074,2946,4995,10000,0
A5 54 86 51 05 07 0E 33 04 82 0B 83 13 10 27 00 00 00 69  TEL,20870,S5,3591,1075,2946,4995,10000,0
A5 54 87 51 05 E8 0D 32 04 82 0B 83 13 10 27 00 00 00 3E  TEL,20871,S5,3560,1074,2946,4995,10000,0
A5 54 88 51 05 07 0E 33 04 82 0B 83 13 10 27 00 00 00 75  TEL,20872,S5,3591,1075,2946,4995,10000,0
A5 54 89 51 05 E8 0D 32 04 82 0B 83 13 10 27 00 00 00 22  TEL,20873,S5,3560,1074,2946,4995,10000,0
A5 54 8A 51 05 07 0E 33 04 82 0B 83 13 10 27 00 00 00 71  TEL,20874,S5,3591,1075,2946,4995,10000,0
A5 54 8B 51 05 07 0E 33 04 82 0B 83 13 10 27 00 00 00 73  TEL,20875,S5,3591,1075,2946,4995,10000,0
A5 54 8C 51 05 83 0E 37 04 82 0B 83 13 10 27 00 00 00 AE  TEL,20876,S5,3715,1079,2946,4995,10000,0
A5 54 8D 51 05 E8 0D 32 04 82 0B 83 13 10 27 00 00 00 2A  TEL,20877,S5,3560,1074,2946,4995,10000,0
A5 54 8E 51 05 C9 0D 31 04 82 0B 83 13 10 27 00 00 00 67  TEL,20878,S5,3529,1073,2946,4995,10000,0
A5 54 8F 51 05 07 0E 33 04 82 0B 83 13 10 27 00 00 00 7B  TEL,20879,S5,3591,1075,2946,4995,10000,0
A5 54 90 51 05 E8 0D 32 04 82 0B 83 13 10 27 00 00 00 10  TEL,20880,S5,3560,1074,2946,4995,10000,0
A5 54 91 51 05 07 0E 33 04 82 0B 83 13 10 27 00 00 00 47  TEL,20881,S5,3591,1075,2946,4995,10000,0
A5 54 92 51 05 45 0E 35 04 82 0B 83 13 10 27 00 00 00 D7  TEL,20882,S5,3653,1077,2946,4995,10000,0
A5 54 93 51 05 07 0E 33 04 82 0B 83 13 10 27 00 00 00 43  TEL,20883,S5,3591,1075,2946,4995,10000,0
A5 54 94 51 05 07 0E 33 04 82 0B 83 13 10 27 00 00 00 4D  TEL,20884,S5,3591,1075,2946,4995,10000,0
A5 54 95 51 05 E8 0D 32 04 82 0B 83 13 10 27 00 00 00 1A  TEL,20885,S5,3560,1074,2946,4995,10000,0
A5 54 96 51 05 07 0E 33 04 82 0B 83 13 10 27 00 00 00 49  TEL,20886,S5,3591,1075,2946,4995,10000,0
A5 54 97 51 05 07 0E 33 04 82 0B 83 13 10 27 00 00 00 4B  TEL,20887,S5,3591,1075,2946,4995,10000,0
A5 54 98 51 05 07 0E 33 04 82 0B 83 13 10 27 00 00 00 55  TEL,20888,S5,3591,1075,2946,4995,10000,0
A5 54 99 51 05 E8 0D 32 04 82 0B 83 13 10 27 00 00 00 02  TEL,20889,S5,3560,1074,2946,4995,10000,0
A5 54 9A 51 05 26 0E 34 04 82 0B 83 13 10 27 00 00 00 66  TEL,20890,S5,3622,1076,2946,4995,10000,0
A5 54 9B 51 05 E8 0D 32 04 82 0B 83 13 10 27 00 00 00 06  TEL,20891,S5,3560,1074,2946,4995,10000,0
A5 54 9C 51 05 E8 0D 32 04 82 0B 83 13 10 27 00 00 00 08  TEL,20892,S5,3560,1074,2946,4995,10000,0
A5 54 9D 51 05 07 0E 33 04 82 0B 83 13 10 27 00 00 00 5F  TEL,20893,S5,3591,1075,2946,4995,10000,0
A5 54 9E 51 05 07 0E 33 04 82 0B 83 13 10 27 00 00 00 59  TEL,20894,S5,3591,1075,2946,4995,10000,0
A5 54 9F 51 05 07 0E 33 04 82 0B 83 13 10 27 00 00 00 5B  TEL,20895,S5,3591,1075,2946,4995,10000,0
A5 54 A0 51 05 E8 0D 32 04 82 0B 83 13 10 27 00 00 00 70  TEL,20896,S5,3560,1074,2946,4995,10000,0
A5 54 A1 51 05 E8 0D 32 04 82 0B 83 13 10 27 00 00 00 72  TEL,20897,S5,3560,1074,2946,4995,10000,0
A5 54 A2 51 05 26 0E 34 04 82 0B 83 13 10 27 00 00 00 16  TEL,20898,S5,3622,1076,2946,4995,10000,0
A5 54 A3 51 05 E8 0D 32 04 82 0B 83 13 10 27 00 00 00 76  TEL,20899,S5,3560,1074,2946,4995,10000,0
A5 54 A4 51 05 E8 0D 32 04 82 0B 83 13 10 27 00 00 00 78  TEL,20900,S5,3560,1074,2946,4995,10000,0
A5 54 A5 51 05 C9 0D 30 04 82 0B 83 13 10 27 00 00 00 2E  TEL,20901,S5,3529,1072,2946,4995,10000,0
A5 54 A6 51 05 E8 0D 32 04 82 0B 83 13 10 27 00 00 00 7C  TEL,20902,S5,3560,1074,2946,4995,10000,0
A5 54 A7 51 05 07 0E 33 04 82 0B 83 13 10 27 00 00 00 2B  TEL,20903,S5,3591,1075,2946,4995,10000,0
A5 54 A8 51 05 E8 0D 32 04 82 0B 83 13 10 27 00 00 00 60  TEL,20904,S5,3560,1074,2946,4995,10000,0
A5 54 A9 51 05 E8 0D 32 04 82 0B 83 13 10 27 00 00 00 62  TEL,20905,S5,3560,1074,2946,4995,10000,0
A5 54 AA 51 05 E8 0D 32 04 82 0B 83 13 10 27 00 00 00 64  TEL,20906,S5,3560,1074,2946,4995,10000,0
A5 54 AB 51 05 E8 0D 32 04 82 0B 83 13 10 27 00 00 00 66  TEL,20907,S5,3560,1074,2946,4995,10000,0
A5 54 AC 51 05 07 0E 33 04 82 0B 83 13 10 27 00 00 00 3D  TEL,20908,S5,3591,1075,2946,4995,10000,0
A5 54 AD 51 05 07 0E 33 04 82 0B 83 13 10 27 00 00 00 3F  TEL,20909,S5,3591,1075,2946,4995,10000,0
A5 54 AE 51 05 07 0E 33 04 82 0B 83 13 10 27 00 00 00 39  TEL,20910,S5,3591,1075,2946,4995,10000,0
A5 54 AF 51 05 07 0E 33 04 82 0B 83 13 10 27 00 00 00 3B  TEL,20911,S5,3591,1075,2946,4995,10000,0
A5 54 B0 51 05 07 0E 33 04 82 0B 83 13 10 27 00 00 00 05  TEL,20912,S5,3591,1075,2946,4995,10000,0
A5 54 B1 51 05 07 0E 33 04 82 0B 83 13 10 27 00 00 00 07  TEL,20913,S5,3591,1075,2946,4995,10000,0
A5 54 B2 51 05 45 0E 35 04 82 0B 83 13 10 27 00 00 00 97  TEL,20914,S5,3653,1077,2946,4995,10000,0
A5 54 B3 51 05 07 0E 33 04 82 0B 83 13 10 27 00 00 00 03  TEL,20915,S5,3591,1075,2946,4995,10000,0
A5 54 B4 51 05 07 0E 33 04 82 0B 83 13 10 27 00 00 00 0D  TEL,20916,S5,3591,1075,2946,4995,10000,0
A5 54 B5 51 05 E8 0D 32 04 82 0B 83 13 10 27 00 00 00 5A  TEL,20917,S5,3560,1074,2946,4995,10000,0
A5 54 B6 51 05 07 0E 33 04 82 0B 83 13 10 27 00 00 00 09  TEL,20918,S5,3591,1075,2946,4995,10000,0
A5 54 B7 51 05 83 0E 37 04 82 0B 83 13 10 27 00 00 00 D8  TEL,20919,S5,3715,1079,2946,4995,10000,0
A5 54 B8 51 05 E8 0D 32 04 82 0B 83 13 10 27 00 00 00 40  TEL,20920,S5,3560,1074,2946,4995,10000,0
A5 54 B9 51 05 E8 0D 32 04 82 0B 83 13 10 27 00 00 00 42  TEL,20921,S5,3560,1074,2946,4995,10000,0
A5 54 BA 51 05 07 0E 33 04 82 0B 83 13 10 27 00 00 00 11  TEL,20922,S5,3591,1075,2946,4995,10000,0
A5 54 BB 51 05 64 0E 36 04 82 0B 83 13 10 27 00 00 00 CE  TEL,20923,S5,3684,1078,2946,4995,10000,0
A5 54 BC 51 05 07 0E 33 04 82 0B 83 13 10 27 00 00 00 1D  TEL,20924,S5,3591,1075,2946,4995,10000,0
A5 54 BD 51 05 E8 0D 32 04 82 0B 83 13 10 27 00 00 00 4A  TEL,20925,S5,3560,1074,2946,4995,10000,0
A5 54 BE 51 05 E8 0D 32 04 82 0B 83 13 10 27 00 00 00 4C  TEL,20926,S5,3560,1074,2946,4995,10000,0
A5 54 BF 51 05 07 0E 33 04 82 0B 83 13 10 27 00 00 00 1B  TEL,20927,S5,3591,1075,2946,4995,10000,0
A5 54 C0 51 05 07 0E 33 04 82 0B 83 13 10 27 00 00 00 E5  TEL,20928,S5,3591,1075,2946,4995,10000,0
A5 54 C1 51 05 07 0E 33 04 82 0B 83 13 10 27 00 00 00 E7  TEL,20929,S5,3591,1075,2946,4995,10000,0
A5 54 C2 51 05 26 0E 34 04 82 0B 83 13 10 27 00 00 00 D6  TEL,20930,S5,3622,1076,2946,4995,10000,0
A5 54 C3 51 05 07 0E 33 04 82 0B 83 13 10 27 00 00 00 E3  TEL,20931,S5,3591,1075,2946,4995,10000,0
A5 54 C4 51 05 45 0E 35 04 82 0B 83 13 10 27 00 00 00 7B  TEL,20932,S5,3653,1077,2946,4995,10000,0
A5 54 C5 51 05 E8 0D 32 04 82 0B 83 13 10 27 00 00 00 BA  TEL,20933,S5,3560,1074,2946,4995,10000,0
A5 54 C6 51 05 07 0E 33 04 82 0B 83 13 10 27 00 00 00 E9  TEL,20934,S5,3591,1075,2946,4995,10000,0
A5 54 C7 51 05 07 0E 33 04 82 0B 83 13 10 27 00 00 00 EB  TEL,20935,S5,3591,1075,2946,4995,10000,0
A5 54 C8 51 05 07 0E 33 04 82 0B 83 13 10 27 00 00 00 F5  TEL,20936,S5,3591,1075,2946,4995,10000,0
A5 54 C9 51 05 E8 0D 32 04 82 0B 83 13 10 27 00 00 00 A2  TEL,20937,S5,3560,1074,2946,4995,10000,0
A5 54 CA 51 05 C9 0D 31 04 82 0B 83 13 10 27 00 00 00 EF  TEL,20938,S5,3529,1073,2946,4995,10000,0
A5 54 CB 51 05 E8 0D 32 04 82 0B 83 13 10 27 00 00 00 A6  TEL,20939,S5,3560,1074,2946,4995,10000,0
A5 54 CC 51 05 E8 0D 32 04 82 0B 83 13 10 27 00 00 00 A8  TEL,20940,S5,3560,1074,2946,4995,10000,0
A5 54 CD 51 05 07 0E 33 04 82 0B 83 13 10 27 00 00 00 FF  TEL,20941,S5,3591,1075,2946,4995,10000,0
A5 54 CE 51 05 C9 0D 31 04 82 0B 83 13 10 27 00 00 00 E7  TEL,20942,S5,3529,1073,2946,4995,10000,0
A5 54 CF 51 05 E8 0D 32 04 82 0B 83 13 10 27 00 00 00 AE  TEL,20943,S5,3560,1074,2946,4995,10000,0
A5 54 D0 51 05 07 0E 33 04 82 0B 83 13 10 27 00 00 00 C5  TEL,20944,S5,3591,1075,2946,4995,10000,0
A5 54 D1 51 05 07 0E 33 04 82 0B 83 13 10 27 00 00 00 C7  TEL,20945,S5,3591,1075,2946,4995,10000,0
A5 54 D2 51 05 45 0E 35 04 82 0B 83 13 10 27 00 00 00 57  TEL,20946,S5,3653,1077,2946,4995,10000,0
A5 54 D3 51 05 07 0E 33 04 82 0B 83 13 10 27 00 00 00 C3  TEL,20947,S5,3591,1075,2946,4995,10000,0
A5 54 D4 51 05 07 0E 33 04 82 0B 83 13 10 27 00 00 00 CD  TEL,20948,S5,3591,1075,2946,4995,10000,0
A5 54 D5 51 05 07 0E 33 04 82 0B 83 13 10 27 00 00 00 CF  TEL,20949,S5,3591,1075,2946,4995,10000,0
A5 54 D6 51 05 07 0E 33 04 82 0B 83 13 10 27 00 00 00 C9  TEL,20950,S5,3591,1075,2946,4995,10000,0
A5 54 D7 51 05 E8 0D 32 04 82 0B 83 13 10 27 00 00 00 9E  TEL,20951,S5,3560,1074,2946,4995,10000,0
A5 54 D8 51 05 07 0E 33 04 82 0B 83 13 10 27 00 00 00 D5  TEL,20952,S5,3591,1075,2946,4995,10000,0
A5 54 D9 51 05 E8 0D 32 04 82 0B 83 13 10 27 00 00 00 82  TEL,20953,S5,3560,1074,2946,4995,10000,0
A5 54 DA 51 05 07 0E 33 04 82 0B 83 13 10 27 00 00 00 D1  TEL,20954,S5,3591,1075,2946,4995,10000,0
A5 54 DB 51 05 E8 0D 32 04 82 0B 83 13 10 27 00 00 00 86  TEL,20955,S5,3560,1074,2946,4995,10000,0
A5 54 DC 51 05 07 0E 33 04 82 0B 83 13 10 27 00 00 00 DD  TEL,20956,S5,3591,1075,2946,4995,10000,0
A5 54 DD 51 05 E8 0D 32 04 82 0B 83 13 10 27 00 00 00 8A  TEL,20957,S5,3560,1074,2946,4995,10000,0
A5 54 DE 51 05 E8 0D 32 04 82 0B 83 13 10 27 00 00 00 8C  TEL,20958,S5,3560,1074,2946,4995,10000,0
A5 54 DF 51 05 E8 0D 32 04 82 0B 83 13 10 27 00 00 00 8E  TEL,20959,S5,3560,1074,2946,4995,10000,0
A5 54 E0 51 05 E8 0D 32 04 82 0B 83 13 10 27 00 00 00 F0  TEL,20960,S5,3560,1074,2946,4995,10000,0
A5 54 E1 51 05 07 0E 33 04 82 0B 83 13 10 27 00 00 00 A7  TEL,20961,S5,3591,1075,2946,4995,10000,0
A5 54 E2 51 05 E8 0D 32 04 82 0B 83 13 10 27 00 00 00 F4  TEL,20962,S5,3560,1074,2946,4995,10000,0
A5 54 E3 51 05 E8 0D 32 04 82 0B 83 13 10 27 00 00 00 F6  TEL,20963,S5,3560,1074,2946,4995,10000,0
A5 54 E4 51 05 07 0E 33 04 82 0B 83 13 10 27 00 00 00 AD  TEL,20964,S5,3591,1075,2946,4995,10000,0
A5 54 E5 51 05 E8 0D 32 04 82 0B 83 13 10 27 00 00 00 FA  TEL,20965,S5,3560,1074,2946,4995,10000,0
A5 54 E6 51 05 E8 0D 32 04 82 0B 83 13 10 27 00 00 00 FC  TEL,20966,S5,3560,1074,2946,4995,10000,0
A5 54 E7 51 05 07 0E 33 04 82 0B 83 13 10 27 00 00 00 AB  TEL,20967,S5,3591,1075,2946,4995,10000,0
A5 54 E8 51 05 07 0E 33 04 82 0B 83 13 10 27 00 00 00 B5  TEL,20968,S5,3591,1075,2946,4995,10000,0
A5 54 E9 51 05 07 0E 33 04 82 0B 83 13 10 27 00 00 00 B7  TEL,20969,S5,3591,1075,2946,4995,10000,0
A5 54 EA 51 05 E8 0D 32 04 82 0B 83 13 10 27 00 00 00 E4  TEL,20970,S5,3560,1074,2946,4995,10000,0
A5 54 EB 51 05 E8 0D 32 04 82 0B 83 13 10 27 00 00 00 E6  TEL,20971,S5,3560,1074,2946,4995,10000,0
A5 54 EC 51 05 07 0E 33 04 82 0B 83 13 10 27 00 00 00 BD  TEL,20972,S5,3591,1075,2946,4995,10000,0
A5 54 ED 51 05 E8 0D 32 04 82 0B 83 13 10 27 00 00 00 EA  TEL,20973,S5,3560,1074,2946,4995,10000,0
A5 54 EE 51 05 E8 0D 32 04 82 0B 83 13 10 27 00 00 00 EC  TEL,20974,S5,3560,1074,2946,4995,10000,0
A5 54 EF 51 05 64 0E 36 04 82 0B 83 13 10 27 00 00 00 66  TEL,20975,S5,3684,1078,2946,4995,10000,0
A5 54 F0 51 05 07 0E 33 04 82 0B 83 13 10 27 00 00 00 85  TEL,20976,S5,3591,1075,2946,4995,10000,0
A5 54 F1 51 05 07 0E 33 04 82 0B 83 13 10 27 00 00 00 87  TEL,20977,S5,3591,1075,2946,4995,10000,0
A5 54 F2 51 05 26 0E 34 04 82 0B 83 13 10 27 00 00 00 B6  TEL,20978,S5,3622,1076,2946,4995,10000,0
A5 54 F3 51 05 07 0E 33 04 82 0B 83 13 10 27 00 00 00 83  TEL,20979,S5,3591,1075,2946,4995,10000,0
A5 54 F4 51 05 07 0E 33 04 82 0B 83 13 10 27 00 00 00 8D  TEL,20980,S5,3591,1075,2946,4995,10000,0
A5 54 F5 51 05 E8 0D 32 04 82 0B 83 13 10 27 00 00 00 DA  TEL,20981,S5,3560,1074,2946,4995,10000,0
A5 54 F6 51 05 AA 0D 2F 04 82 0B 83 13 10 27 00 00 00 64  TEL,20982,S5,3498,1071,2946,4995,10000,0
A5 54 F7 51 05 E8 0D 32 04 82 0B 83 13 10 27 00 00 00 DE  TEL,20983,S5,3560,1074,2946,4995,10000,0
A5 54 F8 51 05 07 0E 33 04 82 0B 83 13 10 27 00 00 00 95  TEL,20984,S5,3591,1075,2946,4995,10000,0
A5 54 F9 51 05 E8 0D 32 04 82 0B 83 13 10 27 00 00 00 C2  TEL,20985,S5,3560,1074,2946,4995,10000,0
A5 54 FA 51 05 07 0E 33 04 82 0B 83 13 10 27 00 00 00 91  TEL,20986,S5,3591,1075,2946,4995,10000,0
A5 54 FB 51 05 83 0E 37 04 82 0B 83 13 10 27 00 00 00 40  TEL,20987,S5,3715,1079,2946,4995,10000,0
A5 54 FC 51 05 07 0E 33 04 82 0B 83 13 10 27 00 00 00 9D  TEL,20988,S5,3591,1075,2946,4995,10000,0
A5 54 FD 51 05 E8 0D 32 04 82 0B 83 13 10 27 00 00 00 CA  TEL,20989,S5,3560,1074,2946,4995,10000,0
A5 54 FE 51 05 07 0E 33 04 82 0B 83 13 10 27 00 00 00 99  TEL,20990,S5,3591,1075,2946,4995,10000,0
A5 54 FF 51 05 E8 0D 32 04 82 0B 83 13 10 27 00 00 00 CE  TEL,20991,S5,3560,1074,2946,4995,10000,0
A5 54 00 52 05 07 0E 33 04 82 0B 83 13 10 27 00 00 00 BA  TEL,20992,S5,3591,1075,2946,4995,10000,0
A5 54 01 52 05 E8 0D 32 04 82 0B 83 13 10 27 00 00 00 ED  TEL,20993,S5,3560,1074,2946,4995,10000,0
A5 54 02 52 05 26 0E 34 04 82 0B 83 13 10 27 00 00 00 89  TEL,20994,S5,3622,1076,2946,4995,10000,0
A5 54 03 52 05 07 0E 33 04 82 0B 83 13 10 27 00 00 00 BC  TEL,20995,S5,3591,1075,2946,4995,10000,0
A5 54 04 52 05 E8 0D 32 04 82 0B 83 13 10 27 00 00 00 E7  TEL,20996,S5,3560,1074,2946,4995,10000,0
A5 54 05 52 05 07 0E 33 04 82 0B 83 13 10 27 00 00 00 B0  TEL,20997,S5,3591,1075,2946,4995,10000,0
A5 54 06 52 05 E8 0D 32 04 82 0B 83 13 10 27 00 00 00 E3  TEL,20998,S5,3560,1074,2946,4995,10000,0
A5 54 07 52 05 E8 0D 32 04 82 0B 83 13 10 27 00 00 00 E1  TEL,20999,S5,3560,1074,2946,4995,10000,0
A5 54 08 52 05 07 0E 33 04 82 0B 83 13 10 27 00 00 00 AA  TEL,21000,S5,3591,1075,2946,4995,10000,0
A5 42 85 00 05 09 52 C7 5A D8 15 D9 5A D8 15 DA 5A D8 15 DE  BTN,133,S5,PRESSED,21001,366500551,366500569,366500570
A5 54 0A 52 05 07 0E 33 04 82 0B BD 13 10 27 00 00 01 FD  TEL,21002,S5,3591,1075,2946,5053,10000,1
A5 54 0B 52 05 E8 0D 32 04 82 0B 83 13 10 27 00 00 00 F9  TEL,21003,S5,3560,1074,2946,4995,10000,0
A5 54 0C 52 05 07 0E 33 04 82 0B 83 13 10 27 00 00 00 A2  TEL,21004,S5,3591,1075,2946,4995,10000,0
A5 54 0D 52 05 C9 0D 31 04 82 0B 83 13 10 27 00 00 00 BE  TEL,21005,S5,3529,1073,2946,4995,10000,0
A5 54 0E 52 05 07 0E 33 04 82 0B 83 13 10 27 00 00 00 A6  TEL,21006,S5,3591,1075,2946,4995,10000,0
A5 54 0F 52 05 07 0E 33 04 82 0B 83 13 10 27 00 00 00 A4  TEL,21007,S5,3591,1075,2946,4995,10000,0
A5 54 10 52 05 07 0E 33 04 82 0B 83 13 10 27 00 00 00 9A  TEL,21008,S5,3591,1075,2946,4995,10000,0
A5 54 11 52 05 07 0E 33 04 82 0B 83 13 10 27 00 00 00 98  TEL,21009,S5,3591,1075,2946,4995,10000,0
A5 54 12 52 05 E8 0D 32 04 82 0B 83 13 10 27 00 00 00 CB  TEL,21010,S5,3560,1074,2946,4995,10000,0
A5 54 13 52 05 45 0E 35 04 82 0B 83 13 10 27 00 00 00 0A  TEL,21011,S5,3653,1077,2946,4995,10000,0
A5 54 14 52 05 E8 0D 32 04 82 0B 83 13 10 27 00 00 00 C7  TEL,21012,S5,3560,1074,2946,4995,10000,0
A5 54 15 52 05 E8 0D 32 04 82 0B 83 13 10 27 00 00 00 C5  TEL,21013,S5,3560,1074,2946,4995,10000,0
A5 54 16 52 05 07 0E 33 04 82 0B 83 13 10 27 00 00 00 96  TEL,21014,S5,3591,1075,2946,4995,10000,0
A5 54 17 52 05 07 0E 33 04 82 0B 83 13 10 27 00 00 00 94  TEL,21015,S5,3591,1075,2946,4995,10000,0
A5 54 18 52 05 E8 0D 32 04 82 0B 83 13 10 27 00 00 00 DF  TEL,21016,S5,3560,1074,2946,4995,10000,0
A5 54 19 52 05 07 0E 33 04 82 0B 83 13 10 27 00 00 00 88  TEL,21017,S5,3591,1075,2946,4995,10000,0
A5 54 1A 52 05 07 0E 33 04 82 0B 83 13 10 27 00 00 00 8E  TEL,21018,S5,3591,1075,2946,4995,10000,0
A5 54 1B 52 05 07 0E 33 04 82 0B 83 13 10 27 00 00 00 8C  TEL,21019,S5,3591,1075,2946,4995,10000,0
A5 54 1C 52 05 07 0E 33 04 82 0B 83 13 10 27 00 00 00 82  TEL,21020,S5,3591,1075,2946,4995,10000,0
A5 54 1D 52 05 07 0E 33 04 82 0B 83 13 10 27 00 00 00 80  TEL,21021,S5,3591,1075,2946,4995,10000,0
A5 54 1E 52 05 07 0E 33 04 82 0B 83 13 10 27 00 00 00 86  TEL,21022,S5,3591,1075,2946,4995,10000,0
A5 54 1F 52 05 07 0E 33 04 82 0B 83 13 10 27 00 00 00 84  TEL,21023,S5,3591,1075,2946,4995,10000,0
A5 54 20 52 05 07 0E 33 04 82 0B 83 13 10 27 00 00 00 FA  TEL,21024,S5,3591,1075,2946,4995,10000,0
A5 54 21 52 05 E8 0D 32 04 82 0B 83 13 10 27 00 00 00 AD  TEL,21025,S5,3560,1074,2946,4995,10000,0
A5 54 22 52 05 07 0E 33 04 82 0B 83 13 10 27 00 00 00 FE  TEL,21026,S5,3591,1075,2946,4995,10000,0
A5 54 23 52 05 26 0E 34 04 82 0B 83 13 10 27 00 00 00 CB  TEL,21027,S5,3622,1076,2946,4995,10000,0
A5 54 24 52 05 07 0E 33 04 82 0B 83 13 10 27 00 00 00 F2  TEL,21028,S5,3591,1075,2946,4995,10000,0
A5 54 25 52 05 07 0E 33 04 82 0B 83 13 10 27 00 00 00 F0  TEL,21029,S5,3591,1075,2946,4995,10000,0
A5 54 26 52 05 07 0E 33 04 82 0B 83 13 10 27 00 00 00 F6  TEL,21030,S5,3591,1075,2946,4995,10000,0
A5 54 27 52 05 E8 0D 32 04 82 0B 83 13 10 27 00 00 00 A1  TEL,21031,S5,3560,1074,2946,4995,10000,0
A5 54 28 52 05 07 0E 33 04 82 0B 83 13 10 27 00 00 00 EA  TEL,21032,S5,3591,1075,2946,4995,10000,0
A5 54 29 52 05 07 0E 33 04 82 0B 83 13 10 27 00 00 00 E8  TEL,21033,S5,3591,1075,2946,4995,10000,0
A5 54 2A 52 05 07 0E 33 04 82 0B 83 13 10 27 00 00 00 EE  TEL,21034,S5,3591,1075,2946,4995,10000,0
A5 54 2B 52 05 07 0E 33 04 82 0B 83 13 10 27 00 00 00 EC  TEL,21035,S5,3591,1075,2946,4995,10000,0
A5 54 2C 52 05 E8 0D 32 04 82 0B 83 13 10 27 00 00 00 B7  TEL,21036,S5,3560,1074,2946,4995,10000,0
A5 54 2D 52 05 07 0E 33 04 82 0B 83 13 10 27 00 00 00 E0  TEL,21037,S5,3591,1075,2946,4995,10000,0
A5 54 2E 52 05 E8 0D 32 04 82 0B 83 13 10 27 00 00 00 B3  TEL,21038,S5,3560,1074,2946,4995,10000,0
A5 54 2F 52 05 E8 0D 32 04 82 0B 83 13 10 27 00 00 00 B1  TEL,21039,S5,3560,1074,2946,4995,10000,0
A5 54 30 52 05 07 0E 33 04 82 0B 83 13 10 27 00 00 00 DA  TEL,21040,S5,3591,1075,2946,4995,10000,0
A5 54 31 52 05 07 0E 33 04 82 0B 83 13 10 27 00 00 00 D8  TEL,21041,S5,3591,1075,2946,4995,10000,0
A5 54 32 52 05 07 0E 33 04 82 0B 83 13 10 27 00 00 00 DE  TEL,21042,S5,3591,1075,2946,4995,10000,0
A5 54 33 52 05 26 0E 34 04 82 0B 83 13 10 27 00 00 00 EB  TEL,21043,S5,3622,1076,2946,4995,10000,0
A5 54 34 52 05 26 0E 34 04 82 0B 83 13 10 27 00 00 00 E5  TEL,21044,S5,3622,1076,2946,4995,10000,0
A5 54 35 52 05 07 0E 33 04 82 0B 83 13 10 27 00 00 00 D0  TEL,21045,S5,3591,1075,2946,4995,10000,0
A5 54 36 52 05 07 0E 33 04 82 0B 83 13 10 27 00 00 00 D6  TEL,21046,S5,3591,1075,2946,4995,10000,0
A5 54 37 52 05 07 0E 33 04 82 0B 83 13 10 27 00 00 00 D4  TEL,21047,S5,3591,1075,2946,4995,10000,0
A5 54 38 52 05 45 0E 35 04 82 0B 83 13 10 27 00 00 00 5C  TEL,21048,S5,3653,1077,2946,4995,10000,0
A5 54 39 52 05 07 0E 33 04 82 0B 83 13 10 27 00 00 00 C8  TEL,21049,S5,3591,1075,2946,4995,10000,0
A5 54 3A 52 05 07 0E 33 04 82 0B 83 13 10 27 00 00 00 CE  TEL,21050,S5,3591,1075,2946,4995,10000,0
A5 54 3B 52 05 07 0E 33 04 82 0B 83 13 10 27 00 00 00 CC  TEL,21051,S5,3591,1075,2946,4995,10000,0
A5 54 3C 52 05 07 0E 33 04 82 0B 83 13 10 27 00 00 00 C2  TEL,21052,S5,3591,1075,2946,4995,10000,0
A5 54 3D 52 05 07 0E 33 04 82 0B 83 13 10 27 00 00 00 C0  TEL,21053,S5,3591,1075,2946,4995,10000,0
A5 54 3E 52 05 E8 0D 32 04 82 0B 83 13 10 27 00 00 00 93  TEL,21054,S5,3560,1074,2946,4995,10000,0
A5 54 3F 52 05 07 0E 33 04 82 0B 83 13 10 27 00 00 00 C4  TEL,21055,S5,3591,1075,2946,4995,10000,0
A5 54 40 52 05 07 0E 33 04 82 0B 83 13 10 27 00 00 00 3A  TEL,21056,S5,3591,1075,2946,4995,10000,0
A5 54 41 52 05 07 0E 33 04 82 0B 83 13 10 27 00 00 00 38  TEL,21057,S5,3591,1075,2946,4995,10000,0
A5 54 42 52 05 E8 0D 32 04 82 0B 83 13 10 27 00 00 00 6B  TEL,21058,S5,3560,1074,2946,4995,10000,0
A5 54 43 52 05 45 0E 35 04 82 0B 83 13 10 27 00 00 00 AA  TEL,21059,S5,3653,1077,2946,4995,10000,0
A5 54 44 52 05 07 0E 33 04 82 0B 83 13 10 27 00 00 00 32  TEL,21060,S5,3591,1075,2946,4995,10000,0
A5 54 45 52 05 07 0E 33 04 82 0B 83 13 10 27 00 00 00 30  TEL,21061,S5,3591,1075,2946,4995,10000,0
A5 54 46 52 05 07 0E 33 04 82 0B 83 13 10 27 00 00 00 36  TEL,21062,S5,3591,1075,2946,4995,10000,0
A5 54 47 52 05 07 0E 33 04 82 0B 83 13 10 27 00 00 00 34  TEL,21063,S5,3591,1075,2946,4995,10000,0
A5 54 48 52 05 07 0E 33 04 82 0B 83 13 10 27 00 00 00 2A  TEL,21064,S5,3591,1075,2946,4995,10000,0
A5 54 49 52 05 83 0E 37 04 82 0B 83 13 10 27 00 00 00 FB  TEL,21065,S5,3715,1079,2946,4995,10000,0
A5 54 4A 52 05 07 0E 33 04 82 0B 83 13 10 27 00 00 00 2E  TEL,21066,S5,3591,1075,2946,4995,10000,0
A5 54 4B 52 05 07 0E 33 04 82 0B 83 13 10 27 00 00 00 2C  TEL,21067,S5,3591,1075,2946,4995,10000,0
A5 54 4C 52 05 E8 0D 32 04 82 0B 83 13 10 27 00 00 00 77  TEL,21068,S5,3560,1074,2946,4995,10000,0
A5 54 4D 52 05 07 0E 33 04 82 0B 83 13 10 27 00 00 00 20  TEL,21069,S5,3591,1075,2946,4995,10000,0
A5 54 4E 52 05 07 0E 33 04 82 0B 83 13 10 27 00 00 00 26  TEL,21070,S5,3591,1075,2946,4995,10000,0
A5 54 4F 52 05 E8 0D 32 04 82 0B 83 13 10 27 00 00 00 71  TEL,21071,S5,3560,1074,2946,4995,10000,0
A5 54 50 52 05 07 0E 33 04 82 0B 83 13 10 27 00 00 00 1A  TEL,21072,S5,3591,1075,2946,4995,10000,0
A5 54 51 52 05 E8 0D 32 04 82 0B 83 13 10 27 00 00 00 4D  TEL,21073,S5,3560,1074,2946,4995,10000,0
A5 54 52 52 05 07 0E 33 04 82 0B 83 13 10 27 00 00 00 1E  TEL,21074,S5,3591,1075,2946,4995,10000,0
A5 54 53 52 05 26 0E 34 04 82 0B 83 13 10 27 00 00 00 2B  TEL,21075,S5,3622,1076,2946,4995,10000,0
A5 54 54 52 05 07 0E 33 04 82 0B 83 13 10 27 00 00 00 12  TEL,21076,S5,3591,1075,2946,4995,10000,0
A5 54 55 52 05 07 0E 33 04 82 0B 83 13 10 27 00 00 00 10  TEL,21077,S5,3591,1075,2946,4995,10000,0
A5 54 56 52 05 C9 0D 31 04 82 0B 83 13 10 27 00 00 00 08  TEL,21078,S5,3529,1073,2946,4995,10000,0
A5 54 57 52 05 E8 0D 32 04 82 0B 83 13 10 27 00 00 00 41  TEL,21079,S5,3560,1074,2946,4995,10000,0
A5 54 58 52 05 07 0E 33 04 82 0B 83 13 10 27 00 00 00 0A  TEL,21080,S5,3591,1075,2946,4995,10000,0
A5 54 59 52 05 07 0E 33 04 82 0B 83 13 10 27 00 00 00 08  TEL,21081,S5,3591,1075,2946,4995,10000,0
A5 54 5A 52 05 07 0E 33 04 82 0B 83 13 10 27 00 00 00 0E  TEL,21082,S5,3591,1075,2946,4995,10000,0
A5 54 5B 52 05 07 0E 33 04 82 0B 83 13 10 27 00 00 00 0C  TEL,21083,S5,3591,1075,2946,4995,10000,0
A5 54 5C 52 05 E8 0D 32 04 82 0B 83 13 10 27 00 00 00 57  TEL,21084,S5,3560,1074,2946,4995,10000,0
A5 54 5D 52 05 E8 0D 32 04 82 0B 83 13 10 27 00 00 00 55  TEL,21085,S5,3560,1074,2946,4995,10000,0
A5 54 5E 52 05 07 0E 33 04 82 0B 83 13 10 27 00 00 00 06  TEL,21086,S5,3591,1075,2946,4995,10000,0
A5 54 5F 52 05 E8 0D 32 04 82 0B 83 13 10 27 00 00 00 51  TEL,21087,S5,3560,1074,2946,4995,10000,0
A5 54 60 52 05 E8 0D 32 04 82 0B 83 13 10 27 00 00 00 2F  TEL,21088,S5,3560,1074,2946,4995,10000,0
A5 54 61 52 05 07 0E 33 04 82 0B 83 13 10 27 00 00 00 78  TEL,21089,S5,3591,1075,2946,4995,10000,0
A5 54 62 52 05 07 0E 33 04 82 0B 83 13 10 27 00 00 00 7E  TEL,21090,S5,3591,1075,2946,4995,10000,0
A5 54 63 52 05 26 0E 34 04 82 0B 83 13 10 27 00 00 00 4B  TEL,21091,S5,3622,1076,2946,4995,10000,0
A5 54 64 52 05 E8 0D 32 04 82 0B 83 13 10 27 00 00 00 27  TEL,21092,S5,3560,1074,2946,4995,10000,0
A5 54 65 52 05 83 0E 37 04 82 0B 83 13 10 27 00 00 00 A3  TEL,21093,S5,3715,1079,2946,4995,10000,0
A5 54 66 52 05 07 0E 33 04 82 0B 83 13 10 27 00 00 00 76  TEL,21094,S5,3591,1075,2946,4995,10000,0
A5 54 67 52 05 E8 0D 32 04 82 0B 83 13 10 27 00 00 00 21  TEL,21095,S5,3560,1074,2946,4995,10000,0
A5 54 68 52 05 E8 0D 32 04 82 0B 83 13 10 27 00 00 00 3F  TEL,21096,S5,3560,1074,2946,4995,10000,0
A5 54 69 52 05 07 0E 33 04 82 0B 83 13 10 27 00 00 00 68  TEL,21097,S5,3591,1075,2946,4995,10000,0
A5 54 6A 52 05 45 0E 35 04 82 0B 83 13 10 27 00 00 00 F8  TEL,21098,S5,3653,1077,2946,4995,10000,0
A5 54 6B 52 05 26 0E 34 04 82 0B 83 13 10 27 00 00 00 5B  TEL,21099,S5,3622,1076,2946,4995,10000,0
A5 54 6C 52 05 E8 0D 32 04 82 0B 83 13 10 27 00 00 00 37  TEL,21100,S5,3560,1074,2946,4995,10000,0
A5 54 6D 52 05 07 0E 33 04 82 0B 83 13 10 27 00 00 00 60  TEL,21101,S5,3591,1075,2946,4995,10000,0
A5 54 6E 52 05 07 0E 33 04 82 0B 83 13 10 27 00 00 00 66  TEL,21102,S5,3591,1075,2946,4995,10000,0
A5 54 6F 52 05 07 0E 33 04 82 0B 83 13 10 27 00 00 00 64  TEL,21103,S5,3591,1075,2946,4995,10000,0
A5 54 70 52 05 07 0E 33 04 82 0B 83 13 10 27 00 00 00 5A  TEL,21104,S5,3591,1075,2946,4995,10000,0
A5 54 71 52 05 07 0E 33 04 82 0B 83 13 10 27 00 00 00 58  TEL,21105,S5,3591,1075,2946,4995,10000,0
A5 54 72 52 05 07 0E 33 04 82 0B 83 13 10 27 00 00 00 5E  TEL,21106,S5,3591,1075,2946,4995,10000,0
A5 54 73 52 05 26 0E 34 04 82 0B 83 13 10 27 00 00 00 6B  TEL,21107,S5,3622,1076,2946,4995,10000,0
A5 54 74 52 05 07 0E 33 04 82 0B 83 13 10 27 00 00 00 52  TEL,21108,S5,3591,1075,2946,4995,10000,0
A5 54 75 52 05 07 0E 33 04 82 0B 83 13 10 27 00 00 00 50  TEL,21109,S5,3591,1075,2946,4995,10000,0
A5 54 76 52 05 07 0E 33 04 82 0B 83 13 10 27 00 00 00 56  TEL,21110,S5,3591,1075,2946,4995,10000,0
A5 54 77 52 05 E8 0D 32 04 82 0B 83 13 10 27 00 00 00 01  TEL,21111,S5,3560,1074,2946,4995,10000,0
A5 54 78 52 05 07 0E 33 04 82 0B 83 13 10 27 00 00 00 4A  TEL,21112,S5,3591,1075,2946,4995,10000,0
A5 54 79 52 05 07 0E 33 04 82 0B 83 13 10 27 00 00 00 48  TEL,21113,S5,3591,1075,2946,4995,10000,0
A5 54 7A 52 05 E8 0D 32 04 82 0B 83 13 10 27 00 00 00 1B  TEL,21114,S5,3560,1074,2946,4995,10000,0
A5 54 7B 52 05 E8 0D 32 04 82 0B 83 13 10 27 00 00 00 19  TEL,21115,S5,3560,1074,2946,4995,10000,0
A5 54 7C 52 05 E8 0D 32 04 82 0B 83 13 10 27 00 00 00 17  TEL,21116,S5,3560,1074,2946,4995,10000,0
A5 54 7D 52 05 E8 0D 32 04 82 0B 83 13 10 27 00 00 00 15  TEL,21117,S5,3560,1074,2946,4995,10000,0
A5 54 7E 52 05 07 0E 33 04 82 0B 83 13 10 27 00 00 00 46  TEL,21118,S5,3591,1075,2946,4995,10000,0
A5 54 7F 52 05 07 0E 33 04 82 0B 83 13 10 27 00 00 00 44  TEL,21119,S5,3591,1075,2946,4995,10000,0
A5 54 80 52 05 07 0E 33 04 82 0B 83 13 10 27 00 00 00 BD  TEL,21120,S5,3591,1075,2946,4995,10000,0
A5 54 81 52 05 07 0E 33 04 82 0B 83 13 10 27 00 00 00 BF  TEL,21121,S5,3591,1075,2946,4995,10000,0
A5 54 82 52 05 07 0E 33 04 82 0B 83 13 10 27 00 00 00 B9  TEL,21122,S5,3591,1075,2946,4995,10000,0
A5 54 83 52 05 45 0E 35 04 82 0B 83 13 10 27 00 00 00 2D  TEL,21123,S5,3653,1077,2946,4995,10000,0
A5 54 84 52 05 26 0E 34 04 82 0B 83 13 10 27 00 00 00 82  TEL,21124,S5,3622,1076,2946,4995,10000,0
A5 54 85 52 05 07 0E 33 04 82 0B 83 13 10 27 00 00 00 B7  TEL,21125,S5,3591,1075,2946,4995,10000,0
A5 54 86 52 05 45 0E 35 04 82 0B 83 13 10 27 00 00 00 27  TEL,21126,S5,3653,1077,2946,4995,10000,0
A5 54 87 52 05 07 0E 33 04 82 0B 83 13 10 27 00 00 00 B3  TEL,21127,S5,3591,1075,2946,4995,10000,0
A5 54 88 52 05 07 0E 33 04 82 0B 83 13 10 27 00 00 00 AD  TEL,21128,S5,3591,1075,2946,4995,10000,0
A5 54 89 52 05 E8 0D 32 04 82 0B 83 13 10 27 00 00 00 FA  TEL,21129,S5,3560,1074,2946,4995,10000,0
A5 54 8A 52 05 E8 0D 32 04 82 0B 83 13 10 27 00 00 00 FC  TEL,21130,S5,3560,1074,2946,4995,10000,0
A5 54 8B 52 05 E8 0D 32 04 82 0B 83 13 10 27 00 00 00 FE  TEL,21131,S5,3560,1074,2946,4995,10000,0
A5 54 8C 52 05 07 0E 33 04 82 0B 83 13 10 27 00 00 00 A5  TEL,21132,S5,3591,1075,2946,4995,10000,0
A5 54 8D 52 05 E8 0D 32 04 82 0B 83 13 10 27 00 00 00 F2  TEL,21133,S5,3560,1074,2946,4995,10000,0
A5 54 8E 52 05 E8 0D 32 04 82 0B 83 13 10 27 00 00 00 F4  TEL,21134,S5,3560,1074,2946,4995,10000,0
A5 54 8F 52 05 07 0E 33 04 82 0B 83 13 10 27 00 00 00 A3  TEL,21135,S5,3591,1075,2946,4995,10000,0
A5 54 90 52 05 07 0E 33 04 82 0B 83 13 10 27 00 00 00 9D  TEL,21136,S5,3591,1075,2946,4995,10000,0
A5 54 91 52 05 07 0E 33 04 82 0B 83 13 10 27 00 00 00 9F  TEL,21137,S5,3591,1075,2946,4995,10000,0
A5 54 92 52 05 E8 0D 32 04 82 0B 83 13 10 27 00 00 00 CC  TEL,21138,S5,3560,1074,2946,4995,10000,0
A5 54 93 52 05 64 0E 36 04 82 0B 83 13 10 27 00 00 00 46  TEL,21139,S5,3684,1078,2946,4995,10000,0
A5 54 94 52 05 07 0E 33 04 82 0B 83 13 10 27 00 00 00 95  TEL,21140,S5,3591,1075,2946,4995,10000,0
A5 54 95 52 05 07 0E 33 04 82 0B 83 13 10 27 00 00 00 97  TEL,21141,S5,3591,1075,2946,4995,10000,0
A5 54 96 52 05 07 0E 33 04 82 0B 83 13 10 27 00 00 00 91  TEL,21142,S5,3591,1075,2946,4995,10000,0
A5 54 97 52 05 E8 0D 32 04 82 0B 83 13 10 27 00 00 00 C6  TEL,21143,S5,3560,1074,2946,4995,10000,0
A5 54 98 52 05 E8 0D 32 04 82 0B 83 13 10 27 00 00 00 D8  TEL,21144,S5,3560,1074,2946,4995,10000,0
A5 42 86 00 05 99 52 F7 16 EE 15 09 17 EE 15 0B 17 EE 15 EB  BTN,134,S5,PRESSED,21145,367924983,367925001,367925003
A5 54 9A 52 05 07 0E 33 04 82 0B 83 13 10 27 00 00 00 89  TEL,21146,S5,3591,1075,2946,4995,10000,0
A5 54 9B 52 05 E8 0D 32 04 82 0B 83 13 10 27 00 00 00 DE  TEL,21147,S5,3560,1074,2946,4995,10000,0
A5 54 9C 52 05 E8 0D 32 04 82 0B 83 13 10 27 00 00 00 D0  TEL,21148,S5,3560,1074,2946,4995,10000,0
A5 54 9D 52 05 07 0E 33 04 82 0B 83 13 10 27 00 00 00 87  TEL,21149,S5,3591,1075,2946,4995,10000,0
A5 54 9E 52 05 07 0E 33 04 82 0B 83 13 10 27 00 00 00 81  TEL,21150,S5,3591,1075,2946,4995,10000,0
A5 54 9F 52 05 83 0E 37 04 82 0B 83 13 10 27 00 00 00 50  TEL,21151,S5,3715,1079,2946,4995,10000,0
A5 54 A0 52 05 07 0E 33 04 82 0B 83 13 10 27 00 00 00 FD  TEL,21152,S5,3591,1075,2946,4995,10000,0
A5 54 A1 52 05 E8 0D 32 04 82 0B 83 13 10 27 00 00 00 AA  TEL,21153,S5,3560,1074,2946,4995,10000,0
A5 54 A2 52 05 07 0E 33 04 82 0B 83 13 10 27 00 00 00 F9  TEL,21154,S5,3591,1075,2946,4995,10000,0
A5 54 A3 52 05 07 0E 33 04 82 0B 83 13 10 27 00 00 00 FB  TEL,21155,S5,3591,1075,2946,4995,10000,0
A5 54 A4 52 05 07 0E 33 04 82 0B 83 13 10 27 00 00 00 F5  TEL,21156,S5,3591,1075,2946,4995,10000,0
A5 54 A5 52 05 E8 0D 32 04 82 0B 83 13 10 27 00 00 00 A2  TEL,21157,S5,3560,1074,2946,4995,10000,0
A5 54 A6 52 05 07 0E 33 04 82 0B 83 13 10 27 00 00 00 F1  TEL,21158,S5,3591,1075,2946,4995,10000,0
A5 54 A7 52 05 E8 0D 32 04 82 0B 83 13 10 27 00 00 00 A6  TEL,21159,S5,3560,1074,2946,4995,10000,0
A5 54 A8 52 05 E8 0D 32 04 82 0B 83 13 10 27 00 00 00 B8  TEL,21160,S5,3560,1074,2946,4995,10000,0
A5 54 A9 52 05 E8 0D 32 04 82 0B 83 13 10 27 00 00 00 BA  TEL,21161,S5,3560,1074,2946,4995,10000,0
A5 54 AA 52 05 07 0E 33 04 82 0B 83 13 10 27 00 00 00 E9  TEL,21162,S5,3591,1075,2946,4995,10000,0
A5 54 AB 52 05 07 0E 33 04 82 0B 86 13 10 27 00 00 00 41  TEL,21163,S5,3591,1075,2946,4998,10000,0
A5 54 AC 52 05 45 0E 35 04 82 0B 83 13 10 27 00 00 00 73  TEL,21164,S5,3653,1077,2946,4995,10000,0
A5 54 AD 52 05 07 0E 33 04 82 0B 83 13 10 27 00 00 00 E7  TEL,21165,S5,3591,1075,2946,4995,10000,0
A5 54 AE 52 05 07 0E 33 04 82 0B 83 13 10 27 00 00 00 E1  TEL,21166,S5,3591,1075,2946,4995,10000,0
A5 54 AF 52 05 E8 0D 32 04 82 0B 83 13 10 27 00 00 00 B6  TEL,21167,S5,3560,1074,2946,4995,10000,0
A5 54 B0 52 05 07 0E 33 04 82 0B 83 13 10 27 00 00 00 DD  TEL,21168,S5,3591,1075,2946,4995,10000,0
A5 54 B1 52 05 E8 0D 32 04 82 0B 83 13 10 27 00 00 00 8A  TEL,21169,S5,3560,1074,2946,4995,10000,0
A5 54 B2 52 05 E8 0D 32 04 82 0B 83 13 10 27 00 00 00 8C  TEL,21170,S5,3560,1074,2946,4995,10000,0
A5 54 B3 52 05 07 0E 33 04 82 0B 83 13 10 27 00 00 00 DB  TEL,21171,S5,3591,1075,2946,4995,10000,0
A5 54 B4 52 05 64 0E 36 04 82 0B 83 13 10 27 00 00 00 08  TEL,21172,S5,3684,1078,2946,4995,10000,0
A5 54 B5 52 05 26 0E 34 04 82 0B 83 13 10 27 00 00 00 E0  TEL,21173,S5,3622,1076,2946,4995,10000,0
A5 54 B6 52 05 83 0E 37 04 82 0B 83 13 10 27 00 00 00 02  TEL,21174,S5,3715,1079,2946,4995,10000,0
A5 54 B7 52 05 C9 0D 30 04 82 0B 83 13 10 27 00 00 00 D2  TEL,21175,S5,3529,1072,2946,4995,10000,0
A5 54 B8 52 05 E8 0D 32 04 82 0B 83 13 10 27 00 00 00 98  TEL,21176,S5,3560,1074,2946,4995,10000,0
A5 54 B9 52 05 07 0E 33 04 82 0B 83 13 10 27 00 00 00 CF  TEL,21177,S5,3591,1075,2946,4995,10000,0
A5 54 BA 52 05 07 0E 33 04 82 0B 83 13 10 27 00 00 00 C9  TEL,21178,S5,3591,1075,2946,4995,10000,0
A5 54 BB 52 05 07 0E 33 04 82 0B 83 13 10 27 00 00 00 CB  TEL,21179,S5,3591,1075,2946,4995,10000,0
A5 54 BC 52 05 07 0E 33 04 82 0B 83 13 10 27 00 00 00 C5  TEL,21180,S5,3591,1075,2946,4995,10000,0
A5 54 BD 52 05 E8 0D 32 04 82 0B 83 13 10 27 00 00 00 92  TEL,21181,S5,3560,1074,2946,4995,10000,0
A5 54 BE 52 05 E8 0D 32 04 82 0B 83 13 10 27 00 00 00 94  TEL,21182,S5,3560,1074,2946,4995,10000,0
A5 54 BF 52 05 E8 0D 32 04 82 0B 83 13 10 27 00 00 00 96  TEL,21183,S5,3560,1074,2946,4995,10000,0
A5 54 C0 52 05 07 0E 33 04 82 0B 83 13 10 27 00 00 00 3D  TEL,21184,S5,3591,1075,2946,4995,10000,0
A5 54 C1 52 05 E8 0D 32 04 82 0B 83 13 10 27 00 00 00 6A  TEL,21185,S5,3560,1074,2946,4995,10000,0
A5 54 C2 52 05 07 0E 33 04 82 0B 83 13 10 27 00 00 00 39  TEL,21186,S5,3591,1075,2946,4995,10000,0
A5 54 C3 52 05 07 0E 33 04 82 0B 83 13 10 27 00 00 00 3B  TEL,21187,S5,3591,1075,2946,4995,10000,0
A5 54 C4 52 05 83 0E 37 04 82 0B 83 13 10 27 00 00 00 E6  TEL,21188,S5,3715,1079,2946,4995,10000,0
A5 54 C5 52 05 07 0E 33 04 82 0B 83 13 10 27 00 00 00 37  TEL,21189,S5,3591,1075,2946,4995,10000,0
A5 54 C6 52 05 07 0E 33 04 82 0B 83 13 10 27 00 00 00 31  TEL,21190,S5,3591,1075,2946,4995,10000,0
A5 54 C7 52 05 E8 0D 32 04 82 0B 83 13 10 27 00 00 00 66  TEL,21191,S5,3560,1074,2946,4995,10000,0
A5 54 C8 52 05 E8 0D 32 04 82 0B 83 13 10 27 00 00 00 78  TEL,21192,S5,3560,1074,2946,4995,10000,0
A5 54 C9 52 05 07 0E 33 04 82 0B 83 13 10 27 00 00 00 2F  TEL,21193,S5,3591,1075,2946,4995,10000,0
A5 54 CA 52 05 07 0E 33 04 82 0B 83 13 10 27 00 00 00 29  TEL,21194,S5,3591,1075,2946,4995,10000,0
A5 54 CB 52 05 E8 0D 32 04 82 0B 83 13 10 27 00 00 00 7E  TEL,21195,S5,3560,1074,2946,4995,10000,0
A5 54 CC 52 05 07 0E 33 04 82 0B 83 13 10 27 00 00 00 25  TEL,21196,S5,3591,1075,2946,4995,10000,0
A5 54 CD 52 05 07 0E 33 04 82 0B 83 13 10 27 00 00 00 27  TEL,21197,S5,3591,1075,2946,4995,10000,0
A5 54 CE 52 05 E8 0D 32 04 82 0B 83 13 10 27 00 00 00 74  TEL,21198,S5,3560,1074,2946,4995,10000,0
A5 54 CF 52 05 E8 0D 32 04 82 0B 83 13 10 27 00 00 00 76  TEL,21199,S5,3560,1074,2946,4995,10000,0
A5 54 D0 52 05 07 0E 33 04 82 0B 83 13 10 27 00 00 00 1D  TEL,21200,S5,3591,1075,2946,4995,10000,0
A5 54 D1 52 05 07 0E 33 04 82 0B 83 13 10 27 00 00 00 1F  TEL,21201,S5,3591,1075,2946,4995,10000,0
A5 54 D2 52 05 07 0E 33 04 82 0B 83 13 10 27 00 00 00 19  TEL,21202,S5,3591,1075,2946,4995,10000,0
A5 54 D3 52 05 07 0E 33 04 82 0B 83 13 10 27 00 00 00 1B  TEL,21203,S5,3591,1075,2946,4995,10000,0
A5 54 D4 52 05 26 0E 34 04 82 0B 83 13 10 27 00 00 00 22  TEL,21204,S5,3622,1076,2946,4995,10000,0
A5 54 D5 52 05 C9 0D 30 04 82 0B 83 13 10 27 00 00 00 16  TEL,21205,S5,3529,1072,2946,4995,10000,0
A5 54 D6 52 05 07 0E 33 04 82 0B 83 13 10 27 00 00 00 11  TEL,21206,S5,3591,1075,2946,4995,10000,0
A5 54 D7 52 05 E8 0D 32 04 82 0B 83 13 10 27 00 00 00 46  TEL,21207,S5,3560,1074,2946,4995,10000,0
A5 54 D8 52 05 07 0E 33 04 82 0B 83 13 10 27 00 00 00 0D  TEL,21208,S5,3591,1075,2946,4995,10000,0
A5 54 D9 52 05 07 0E 33 04 82 0B 83 13 10 27 00 00 00 0F  TEL,21209,S5,3591,1075,2946,4995,10000,0
A5 54 DA 52 05 E8 0D 32 04 82 0B 83 13 10 27 00 00 00 5C  TEL,21210,S5,3560,1074,2946,4995,10000,0
A5 54 DB 52 05 07 0E 33 04 82 0B 83 13 10 27 00 00 00 0B  TEL,21211,S5,3591,1075,2946,4995,10000,0
A5 54 DC 52 05 07 0E 33 04 82 0B 83 13 10 27 00 00 00 05  TEL,21212,S5,3591,1075,2946,4995,10000,0
A5 54 DD 52 05 E8 0D 32 04 82 0B 83 13 10 27 00 00 00 52  TEL,21213,S5,3560,1074,2946,4995,10000,0
A5 54 DE 52 05 E8 0D 32 04 82 0B 83 13 10 27 00 00 00 54  TEL,21214,S5,3560,1074,2946,4995,10000,0
A5 54 DF 52 05 07 0E 33 04 82 0B 83 13 10 27 00 00 00 03  TEL,21215,S5,3591,1075,2946,4995,10000,0
A5 54 E0 52 05 E8 0D 32 04 82 0B 83 13 10 27 00 00 00 28  TEL,21216,S5,3560,1074,2946,4995,10000,0
A5 54 E1 52 05 07 0E 33 04 82 0B 83 13 10 27 00 00 00 7F  TEL,21217,S5,3591,1075,2946,4995,10000,0
A5 54 E2 52 05 07 0E 33 04 82 0B 83 13 10 27 00 00 00 79  TEL,21218,S5,3591,1075,2946,4995,10000,0
A5 54 E3 52 05 07 0E 33 04 82 0B 83 13 10 27 00 00 00 7B  TEL,21219,S5,3591,1075,2946,4995,10000,0
A5 54 E4 52 05 26 0E 34 04 82 0B 83 13 10 27 00 00 00 42  TEL,21220,S5,3622,1076,2946,4995,10000,0
A5 54 E5 52 05 E8 0D 32 04 82 0B 83 13 10 27 00 00 00 22  TEL,21221,S5,3560,1074,2946,4995,10000,0
A5 54 E6 52 05 07 0E 33 04 82 0B 83 13 10 27 00 00 00 71  TEL,21222,S5,3591,1075,2946,4995,10000,0
A5 54 E7 52 05 26 0E 34 04 82 0B 83 13 10 27 00 00 00 44  TEL,21223,S5,3622,1076,2946,4995,10000,0
A5 54 E8 52 05 07 0E 33 04 82 0B 83 13 10 27 00 00 00 6D  TEL,21224,S5,3591,1075,2946,4995,10000,0
A5 54 E9 52 05 E8 0D 32 04 82 0B 83 13 10 27 00 00 00 3A  TEL,21225,S5,3560,1074,2946,4995,10000,0
A5 54 EA 52 05 26 0E 34 04 82 0B 83 13 10 27 00 00 00 5E  TEL,21226,S5,3622,1076,2946,4995,10000,0
A5 54 EB 52 05 07 0E 33 04 82 0B 83 13 10 27 00 00 00 6B  TEL,21227,S5,3591,1075,2946,4995,10000,0
A5 54 EC 52 05 E8 0D 32 04 82 0B 83 13 10 27 00 00 00 30  TEL,21228,S5,3560,1074,2946,4995,10000,0
A5 54 ED 52 05 07 0E 33 04 82 0B 83 13 10 27 00 00 00 67  TEL,21229,S5,3591,1075,2946,4995,10000,0
A5 54 EE 52 05 E8 0D 32 04 82 0B 83 13 10 27 00 00 00 34  TEL,21230,S5,3560,1074,2946,4995,10000,0
A5 54 EF 52 05 C9 0D 30 04 82 0B 83 13 10 27 00 00 00 62  TEL,21231,S5,3529,1072,2946,4995,10000,0
A5 54 F0 52 05 07 0E 33 04 82 0B 83 13 10 27 00 00 00 5D  TEL,21232,S5,3591,1075,2946,4995,10000,0
A5 54 F1 52 05 07 0E 33 04 82 0B 83 13 10 27 00 00 00 5F  TEL,21233,S5,3591,1075,2946,4995,10000,0
A5 54 F2 52 05 07 0E 33 04 82 0B 83 13 10 27 00 00 00 59  TEL,21234,S5,3591,1075,2946,4995,10000,0
A5 54 F3 52 05 E8 0D 32 04 82 0B 83 13 10 27 00 00 00 0E  TEL,21235,S5,3560,1074,2946,4995,10000,0
A5 54 F4 52 05 45 0E 35 04 82 0B 83 13 10 27 00 00 00 C3  TEL,21236,S5,3653,1077,2946,4995,10000,0
A5 54 F5 52 05 07 0E 33 04 82 0B 83 13 10 27 00 00 00 57  TEL,21237,S5,3591,1075,2946,4995,10000,0
A5 54 F6 52 05 07 0E 33 04 82 0B 83 13 10 27 00 00 00 51  TEL,21238,S5,3591,1075,2946,4995,10000,0
A5 54 F7 52 05 E8 0D 32 04 82 0B 83 13 10 27 00 00 00 06  TEL,21239,S5,3560,1074,2946,4995,10000,0
A5 54 F8 52 05 E8 0D 32 04 82 0B 83 13 10 27 00 00 00 18  TEL,21240,S5,3560,1074,2946,4995,10000,0
A5 54 F9 52 05 8A 0D 2E 04 82 0B 83 13 10 27 00 00 00 43  TEL,21241,S5,3466,1070,2946,4995,10000,0
A5 54 FA 52 05 07 0E 33 04 82 0B 83 13 10 27 00 00 00 49  TEL,21242,S5,3591,1075,2946,4995,10000,0
A5 54 FB 52 05 07 0E 33 04 82 0B 83 13 10 27 00 00 00 4B  TEL,21243,S5,3591,1075,2946,4995,10000,0
A5 54 FC 52 05 E8 0D 32 04 82 0B 83 13 10 27 00 00 00 10  TEL,21244,S5,3560,1074,2946,4995,10000,0
A5 54 FD 52 05 E8 0D 32 04 82 0B 83 13 10 27 00 00 00 12  TEL,21245,S5,3560,1074,2946,4995,10000,0
A5 54 FE 52 05 07 0E 33 04 82 0B 83 13 10 27 00 00 00 41  TEL,21246,S5,3591,1075,2946,4995,10000,0
A5 54 FF 52 05 07 0E 33 04 82 0B 83 13 10 27 00 00 00 43  TEL,21247,S5,3591,1075,2946,4995,10000,0
A5 54 00 53 05 07 0E 33 04 82 0B 83 13 10 27 00 00 00 0F  TEL,21248,S5,3591,1075,2946,4995,10000,0
A5 54 01 53 05 E8 0D 32 04 82 0B 83 13 10 27 00 00 00 58  TEL,21249,S5,3560,1074,2946,4995,10000,0
A5 54 02 53 05 E8 0D 32 04 82 0B 83 13 10 27 00 00 00 5E  TEL,21250,S5,3560,1074,2946,4995,10000,0
A5 54 03 53 05 E8 0D 32 04 82 0B 83 13 10 27 00 00 00 5C  TEL,21251,S5,3560,1074,2946,4995,10000,0
A5 54 04 53 05 45 0E 35 04 82 0B 83 13 10 27 00 00 00 91  TEL,21252,S5,3653,1077,2946,4995,10000,0
A5 54 05 53 05 07 0E 33 04 82 0B 83 13 10 27 00 00 00 05  TEL,21253,S5,3591,1075,2946,4995,10000,0
A5 54 06 53 05 E8 0D 32 04 82 0B 83 13 10 27 00 00 00 56  TEL,21254,S5,3560,1074,2946,4995,10000,0
A5 54 07 53 05 E8 0D 32 04 82 0B 83 13 10 27 00 00 00 54  TEL,21255,S5,3560,1074,2946,4995,10000,0
A5 54 08 53 05 E8 0D 32 04 82 0B 83 13 10 27 00 00 00 4A  TEL,21256,S5,3560,1074,2946,4995,10000,0
A5 54 09 53 05 07 0E 33 04 82 0B 83 13 10 27 00 00 00 1D  TEL,21257,S5,3591,1075,2946,4995,10000,0
A5 54 0A 53 05 07 0E 33 04 82 0B 83 13 10 27 00 00 00 1B  TEL,21258,S5,3591,1075,2946,4995,10000,0
A5 54 0B 53 05 07 0E 33 04 82 0B 83 13 10 27 00 00 00 19  TEL,21259,S5,3591,1075,2946,4995,10000,0
A5 54 0C 53 05 83 0E 37 04 82 0B 83 13 10 27 00 00 00 C4  TEL,21260,S5,3715,1079,2946,4995,10000,0
A5 54 0D 53 05 07 0E 33 04 82 0B 83 13 10 27 00 00 00 15  TEL,21261,S5,3591,1075,2946,4995,10000,0
A5 54 0E 53 05 07 0E 33 04 82 0B 83 13 10 27 00 00 00 13  TEL,21262,S5,3591,1075,2946,4995,10000,0
A5 54 0F 53 05 E8 0D 32 04 82 0B 83 13 10 27 00 00 00 44  TEL,21263,S5,3560,1074,2946,4995,10000,0
A5 54 10 53 05 07 0E 33 04 82 0B 83 13 10 27 00 00 00 2F  TEL,21264,S5,3591,1075,2946,4995,10000,0
A5 54 11 53 05 07 0E 33 04 82 0B 83 13 10 27 00 00 00 2D  TEL,21265,S5,3591,1075,2946,4995,10000,0
A5 54 12 53 05 E8 0D 32 04 82 0B 83 13 10 27 00 00 00 7E  TEL,21266,S5,3560,1074,2946,4995,10000,0
A5 54 13 53 05 C9 0D 31 04 82 0B 83 13 10 27 00 00 00 37  TEL,21267,S5,3529,1073,2946,4995,10000,0
A5 54 14 53 05 26 0E 34 04 82 0B 83 13 10 27 00 00 00 10  TEL,21268,S5,3622,1076,2946,4995,10000,0
A5 54 15 53 05 07 0E 33 04 82 0B 83 13 10 27 00 00 00 25  TEL,21269,S5,3591,1075,2946,4995,10000,0
A5 54 16 53 05 E8 0D 32 04 82 0B 83 13 10 27 00 00 00 76  TEL,21270,S5,3560,1074,2946,4995,10000,0
A5 54 17 53 05 07 0E 33 04 82 0B 83 13 10 27 00 00 00 21  TEL,21271,S5,3591,1075,2946,4995,10000,0
A5 54 18 53 05 07 0E 33 04 82 0B 83 13 10 27 00 00 00 3F  TEL,21272,S5,3591,1075,2946,4995,10000,0
A5 54 19 53 05 E8 0D 32 04 82 0B 83 13 10 27 00 00 00 68  TEL,21273,S5,3560,1074,2946,4995,10000,0
A5 54 1A 53 05 07 0E 33 04 82 0B 83 13 10 27 00 00 00 3B  TEL,21274,S5,3591,1075,2946,4995,10000,0
A5 54 1B 53 05 07 0E 33 04 82 0B 83 13 10 27 00 00 00 39  TEL,21275,S5,3591,1075,2946,4995,10000,0
A5 54 1C 53 05 E8 0D 32 04 82 0B 83 13 10 27 00 00 00 62  TEL,21276,S5,3560,1074,2946,4995,10000,0
A5 54 1D 53 05 07 0E 33 04 82 0B 83 13 10 27 00 00 00 35  TEL,21277,S5,3591,1075,2946,4995,10000,0
A5 54 1E 53 05 C9 0D 30 04 82 0B 83 13 10 27 00 00 00 32  TEL,21278,S5,3529,1072,2946,4995,10000,0
A5 54 1F 53 05 07 0E 33 04 82 0B 83 13 10 27 00 00 00 31  TEL,21279,S5,3591,1075,2946,4995,10000,0
A5 42 87 00 05 20 53 4F 90 02 16 61 90 02 16 62 90 02 16 6C  BTN,135,S5,PRESSED,21280,369266767,369266785,369266786
A5 54 21 53 05 07 0E 33 04 82 0B 9E 13 10 27 00 00 00 DE  TEL,21281,S5,3591,1075,2946,5022,10000,0
A5 54 22 53 05 A3 0E 38 04 82 0B 83 13 10 27 00 00 00 C3  TEL,21282,S5,3747,1080,2946,4995,10000,0
A5 54 23 53 05 07 0E 33 04 82 0B 83 13 10 27 00 00 00 49  TEL,21283,S5,3591,1075,2946,4995,10000,0
A5 54 24 53 05 07 0E 33 04 82 0B 83 13 10 27 00 00 00 47  TEL,21284,S5,3591,1075,2946,4995,10000,0
A5 54 25 53 05 45 0E 35 04 82 0B 83 13 10 27 00 00 00 D3  TEL,21285,S5,3653,1077,2946,4995,10000,0
A5 54 26 53 05 83 0E 37 04 82 0B 83 13 10 27 00 00 00 90  TEL,21286,S5,3715,1079,2946,4995,10000,0
A5 54 27 53 05 07 0E 33 04 82 0B 83 13 10 27 00 00 00 41  TEL,21287,S5,3591,1075,2946,4995,10000,0
A5 54 28 53 05 E8 0D 32 04 82 0B 83 13 10 27 00 00 00 0A  TEL,21288,S5,3560,1074,2946,4995,10000,0
A5 54 29 53 05 07 0E 33 04 82 0B 83 13 10 27 00 00 00 5D  TEL,21289,S5,3591,1075,2946,4995,10000,0
A5 54 2A 53 05 83 0E 37 04 82 0B 83 13 10 27 00 00 00 88  TEL,21290,S5,3715,1079,2946,4995,10000,0
A5 54 2B 53 05 07 0E 33 04 82 0B 83 13 10 27 00 00 00 59  TEL,21291,S5,3591,1075,2946,4995,10000,0
A5 54 2C 53 05 C9 0D 31 04 82 0B 83 13 10 27 00 00 00 49  TEL,21292,S5,3529,1073,2946,4995,10000,0
A5 54 2D 53 05 E8 0D 32 04 82 0B 83 13 10 27 00 00 00 00  TEL,21293,S5,3560,1074,2946,4995,10000,0
A5 54 2E 53 05 07 0E 33 04 82 0B 83 13 10 27 00 00 00 53  TEL,21294,S5,3591,1075,2946,4995,10000,0
A5 54 2F 53 05 07 0E 33 04 82 0B 83 13 10 27 00 00 00 51  TEL,21295,S5,3591,1075,2946,4995,10000,0
A5 54 30 53 05 E8 0D 32 04 82 0B 83 13 10 27 00 00 00 3A  TEL,21296,S5,3560,1074,2946,4995,10000,0
A5 54 31 53 05 07 0E 33 04 82 0B 86 13 10 27 00 00 00 C7  TEL,21297,S5,3591,1075,2946,4998,10000,0
A5 54 32 53 05 45 0E 35 04 82 0B 83 13 10 27 00 00 00 FD  TEL,21298,S5,3653,1077,2946,4995,10000,0
A5 54 33 53 05 07 0E 33 04 82 0B 83 13 10 27 00 00 00 69  TEL,21299,S5,3591,1075,2946,4995,10000,0
A5 54 34 53 05 E8 0D 32 04 82 0B 83 13 10 27 00 00 00 32  TEL,21300,S5,3560,1074,2946,4995,10000,0
A5 54 35 53 05 26 0E 34 04 82 0B 83 13 10 27 00 00 00 52  TEL,21301,S5,3622,1076,2946,4995,10000,0
A5 54 36 53 05 E8 0D 32 04 82 0B 83 13 10 27 00 00 00 36  TEL,21302,S5,3560,1074,2946,4995,10000,0
A5 54 37 53 05 07 0E 33 04 82 0B 83 13 10 27 00 00 00 61  TEL,21303,S5,3591,1075,2946,4995,10000,0
A5 54 38 53 05 07 0E 33 04 82 0B 83 13 10 27 00 00 00 7F  TEL,21304,S5,3591,1075,2946,4995,10000,0
A5 54 39 53 05 07 0E 33 04 82 0B 83 13 10 27 00 00 00 7D  TEL,21305,S5,3591,1075,2946,4995,10000,0
A5 54 3A 53 05 07 0E 33 04 82 0B 83 13 10 27 00 00 00 7B  TEL,21306,S5,3591,1075,2946,4995,10000,0
A5 54 3B 53 05 07 0E 33 04 82 0B 83 13 10 27 00 00 00 79  TEL,21307,S5,3591,1075,2946,4995,10000,0
A5 54 3C 53 05 07 0E 33 04 82 0B 83 13 10 27 00 00 00 77  TEL,21308,S5,3591,1075,2946,4995,10000,0
A5 54 3D 53 05 07 0E 33 04 82 0B 83 13 10 27 00 00 00 75  TEL,21309,S5,3591,1075,2946,4995,10000,0
A5 54 3E 53 05 83 0E 37 04 82 0B 83 13 10 27 00 00 00 A0  TEL,21310,S5,3715,1079,2946,4995,10000,0
A5 54 3F 53 05 07 0E 33 04 82 0B 83 13 10 27 00 00 00 71  TEL,21311,S5,3591,1075,2946,4995,10000,0
A5 54 40 53 05 07 0E 33 04 82 0B 83 13 10 27 00 00 00 8F  TEL,21312,S5,3591,1075,2946,4995,10000,0
A5 54 41 53 05 07 0E 33 04 82 0B 83 13 10 27 00 00 00 8D  TEL,21313,S5,3591,1075,2946,4995,10000,0
A5 54 42 53 05 07 0E 33 04 82 0B 83 13 10 27 00 00 00 8B  TEL,21314,S5,3591,1075,2946,4995,10000,0
A5 54 43 53 05 64 0E 36 04 82 0B 83 13 10 27 00 00 00 54  TEL,21315,S5,3684,1078,2946,4995,10000,0
A5 54 44 53 05 07 0E 33 04 82 0B 83 13 10 27 00 00 00 87  TEL,21316,S5,3591,1075,2946,4995,10000,0
A5 54 45 53 05 26 0E 34 04 82 0B 83 13 10 27 00 00 00 B2  TEL,21317,S5,3622,1076,2946,4995,10000,0
A5 54 46 53 05 07 0E 33 04 82 0B 83 13 10 27 00 00 00 83  TEL,21318,S5,3591,1075,2946,4995,10000,0
A5 54 47 53 05 E8 0D 32 04 82 0B 83 13 10 27 00 00 00 D4  TEL,21319,S5,3560,1074,2946,4995,10000,0
A5 54 48 53 05 07 0E 33 04 82 0B 83 13 10 27 00 00 00 9F  TEL,21320,S5,3591,1075,2946,4995,10000,0
A5 54 49 53 05 E8 0D 32 04 82 0B 83 13 10 27 00 00 00 C8  TEL,21321,S5,3560,1074,2946,4995,10000,0
A5 54 4A 53 05 07 0E 33 04 82 0B 83 13 10 27 00 00 00 9B  TEL,21322,S5,3591,1075,2946,4995,10000,0
A5 54 4B 53 05 07 0E 33 04 82 0B 83 13 10 27 00 00 00 99  TEL,21323,S5,3591,1075,2946,4995,10000,0
A5 54 4C 53 05 07 0E 33 04 82 0B 83 13 10 27 00 00 00 97  TEL,21324,S5,3591,1075,2946,4995,10000,0
A5 54 4D 53 05 07 0E 33 04 82 0B 83 13 10 27 00 00 00 95  TEL,21325,S5,3591,1075,2946,4995,10000,0
A5 54 4E 53 05 07 0E 33 04 82 0B 83 13 10 27 00 00 00 93  TEL,21326,S5,3591,1075,2946,4995,10000,0
A5 54 4F 53 05 07 0E 33 04 82 0B 83 13 10 27 00 00 00 91  TEL,21327,S5,3591,1075,2946,4995,10000,0
A5 54 50 53 05 07 0E 33 04 82 0B 83 13 10 27 00 00 00 AF  TEL,21328,S5,3591,1075,2946,4995,10000,0
A5 54 51 53 05 E8 0D 32 04 82 0B 83 13 10 27 00 00 00 F8  TEL,21329,S5,3560,1074,2946,4995,10000,0
A5 54 52 53 05 07 0E 33 04 82 0B 83 13 10 27 00 00 00 AB  TEL,21330,S5,3591,1075,2946,4995,10000,0
A5 54 53 53 05 07 0E 33 04 82 0B 83 13 10 27 00 00 00 A9  TEL,21331,S5,3591,1075,2946,4995,10000,0
A5 54 54 53 05 E8 0D 32 04 82 0B 83 13 10 27 00 00 00 F2  TEL,21332,S5,3560,1074,2946,4995,10000,0
A5 54 55 53 05 45 0E 35 04 82 0B 83 13 10 27 00 00 00 33  TEL,21333,S5,3653,1077,2946,4995,10000,0
A5 54 56 53 05 E8 0D 32 04 82 0B 83 13 10 27 00 00 00 F6  TEL,21334,S5,3560,1074,2946,4995,10000,0
A5 54 57 53 05 E8 0D 32 04 82 0B 83 13 10 27 00 00 00 F4  TEL,21335,S5,3560,1074,2946,4995,10000,0
A5 54 58 53 05 07 0E 33 04 82 0B 83 13 10 27 00 00 00 BF  TEL,21336,S5,3591,1075,2946,4995,10000,0
A5 54 59 53 05 07 0E 33 04 82 0B 83 13 10 27 00 00 00 BD  TEL,21337,S5,3591,1075,2946,4995,10000,0
A5 54 5A 53 05 07 0E 33 04 82 0B 83 13 10 27 00 00 00 BB  TEL,21338,S5,3591,1075,2946,4995,10000,0
A5 54 5B 53 05 E8 0D 32 04 82 0B 83 13 10 27 00 00 00 EC  TEL,21339,S5,3560,1074,2946,4995,10000,0
A5 54 5C 53 05 07 0E 33 04 82 0B 83 13 10 27 00 00 00 B7  TEL,21340,S5,3591,1075,2946,4995,10000,0
A5 54 5D 53 05 07 0E 33 04 82 0B 83 13 10 27 00 00 00 B5  TEL,21341,S5,3591,1075,2946,4995,10000,0
A5 54 5E 53 05 07 0E 33 04 82 0B 83 13 10 27 00 00 00 B3  TEL,21342,S5,3591,1075,2946,4995,10000,0
A5 54 5F 53 05 07 0E 33 04 82 0B 83 13 10 27 00 00 00 B1  TEL,21343,S5,3591,1075,2946,4995,10000,0
A5 54 60 53 05 E8 0D 32 04 82 0B 83 13 10 27 00 00 00 9A  TEL,21344,S5,3560,1074,2946,4995,10000,0
A5 54 61 53 05 07 0E 33 04 82 0B 83 13 10 27 00 00 00 CD  TEL,21345,S5,3591,1075,2946,4995,10000,0
A5 54 62 53 05 E8 0D 32 04 82 0B 83 13 10 27 00 00 00 9E  TEL,21346,S5,3560,1074,2946,4995,10000,0
A5 54 63 53 05 64 0E 36 04 82 0B 83 13 10 27 00 00 00 14  TEL,21347,S5,3684,1078,2946,4995,10000,0
A5 54 64 53 05 07 0E 33 04 82 0B 83 13 10 27 00 00 00 C7  TEL,21348,S5,3591,1075,2946,4995,10000,0
A5 54 65 53 05 45 0E 35 04 82 0B 83 13 10 27 00 00 00 53  TEL,21349,S5,3653,1077,2946,4995,10000,0
A5 54 66 53 05 07 0E 33 04 82 0B 83 13 10 27 00 00 00 C3  TEL,21350,S5,3591,1075,2946,4995,10000,0
A5 54 67 53 05 E8 0D 32 04 82 0B 83 13 10 27 00 00 00 94  TEL,21351,S5,3560,1074,2946,4995,10000,0
A5 54 68 53 05 07 0E 33 04 82 0B 83 13 10 27 00 00 00 DF  TEL,21352,S5,3591,1075,2946,4995,10000,0
A5 54 69 53 05 07 0E 33 04 82 0B 83 13 10 27 00 00 00 DD  TEL,21353,S5,3591,1075,2946,4995,10000,0
A5 54 6A 53 05 07 0E 33 04 82 0B 83 13 10 27 00 00 00 DB  TEL,21354,S5,3591,1075,2946,4995,10000,0
A5 54 6B 53 05 E8 0D 32 04 82 0B 83 13 10 27 00 00 00 8C  TEL,21355,S5,3560,1074,2946,4995,10000,0
A5 54 6C 53 05 07 0E 33 04 82 0B 83 13 10 27 00 00 00 D7  TEL,21356,S5,3591,1075,2946,4995,10000,0
A5 54 6D 53 05 E8 0D 32 04 82 0B 83 13 10 27 00 00 00 80  TEL,21357,S5,3560,1074,2946,4995,10000,0
A5 54 6E 53 05 07 0E 33 04 82 0B 83 13 10 27 00 00 00 D3  TEL,21358,S5,3591,1075,2946,4995,10000,0
A5 54 6F 53 05 07 0E 33 04 82 0B 83 13 10 27 00 00 00 D1  TEL,21359,S5,3591,1075,2946,4995,10000,0
A5 54 70 53 05 C2 0E 39 04 82 0B 83 13 10 27 00 00 00 E9  TEL,21360,S5,3778,1081,2946,4995,10000,0
A5 54 71 53 05 07 0E 33 04 82 0B 83 13 10 27 00 00 00 ED  TEL,21361,S5,3591,1075,2946,4995,10000,0
A5 54 72 53 05 07 0E 33 04 82 0B 83 13 10 27 00 00 00 EB  TEL,21362,S5,3591,1075,2946,4995,10000,0
A5 54 73 53 05 C9 0D 30 04 82 0B 83 13 10 27 00 00 00 E8  TEL,21363,S5,3529,1072,2946,4995,10000,0
A5 54 74 53 05 07 0E 33 04 82 0B 83 13 10 27 00 00 00 E7  TEL,21364,S5,3591,1075,2946,4995,10000,0
A5 54 75 53 05 26 0E 34 04 82 0B 83 13 10 27 00 00 00 D2  TEL,21365,S5,3622,1076,2946,4995,10000,0
A5 54 76 53 05 E8 0D 32 04 82 0B 83 13 10 27 00 00 00 B6  TEL,21366,S5,3560,1074,2946,4995,10000,0
A5 54 77 53 05 07 0E 33 04 82 0B 83 13 10 27 00 00 00 E1  TEL,21367,S5,3591,1075,2946,4995,10000,0
A5 54 78 53 05 07 0E 33 04 82 0B 83 13 10 27 00 00 00 FF  TEL,21368,S5,3591,1075,2946,4995,10000,0
A5 54 79 53 05 07 0E 33 04 82 0B 83 13 10 27 00 00 00 FD  TEL,21369,S5,3591,1075,2946,4995,10000,0
A5 54 7A 53 05 07 0E 33 04 82 0B 83 13 10 27 00 00 00 FB  TEL,21370,S5,3591,1075,2946,4995,10000,0
A5 54 7B 53 05 E8 0D 32 04 82 0B 83 13 10 27 00 00 00 AC  TEL,21371,S5,3560,1074,2946,4995,10000,0
A5 54 7C 53 05 E8 0D 32 04 82 0B 83 13 10 27 00 00 00 A2  TEL,21372,S5,3560,1074,2946,4995,10000,0
A5 54 7D 53 05 07 0E 33 04 82 0B 83 13 10 27 00 00 00 F5  TEL,21373,S5,3591,1075,2946,4995,10000,0
A5 54 7E 53 05 E8 0D 32 04 82 0B 83 13 10 27 00 00 00 A6  TEL,21374,S5,3560,1074,2946,4995,10000,0
A5 54 7F 53 05 07 0E 33 04 82 0B 83 13 10 27 00 00 00 F1  TEL,21375,S5,3591,1075,2946,4995,10000,0
A5 54 80 53 05 E8 0D 32 04 82 0B 83 13 10 27 00 00 00 5D  TEL,21376,S5,3560,1074,2946,4995,10000,0
A5 54 81 53 05 E8 0D 32 04 82 0B 83 13 10 27 00 00 00 5F  TEL,21377,S5,3560,1074,2946,4995,10000,0
A5 54 82 53 05 E8 0D 32 04 82 0B 83 13 10 27 00 00 00 59  TEL,21378,S5,3560,1074,2946,4995,10000,0
A5 54 83 53 05 E8 0D 32 04 82 0B 83 13 10 27 00 00 00 5B  TEL,21379,S5,3560,1074,2946,4995,10000,0
A5 54 84 53 05 E8 0D 32 04 82 0B 83 13 10 27 00 00 00 55  TEL,21380,S5,3560,1074,2946,4995,10000,0
A5 54 85 53 05 45 0E 35 04 82 0B 83 13 10 27 00 00 00 94  TEL,21381,S5,3653,1077,2946,4995,10000,0
A5 54 86 53 05 07 0E 33 04 82 0B 83 13 10 27 00 00 00 04  TEL,21382,S5,3591,1075,2946,4995,10000,0
A5 54 87 53 05 07 0E 33 04 82 0B 83 13 10 27 00 00 00 06  TEL,21383,S5,3591,1075,2946,4995,10000,0
A5 54 88 53 05 26 0E 34 04 82 0B 83 13 10 27 00 00 00 2F  TEL,21384,S5,3622,1076,2946,4995,10000,0
A5 54 89 53 05 07 0E 33 04 82 0B 83 13 10 27 00 00 00 1A  TEL,21385,S5,3591,1075,2946,4995,10000,0
A5 54 8A 53 05 E8 0D 32 04 82 0B 83 13 10 27 00 00 00 49  TEL,21386,S5,3560,1074,2946,4995,10000,0
A5 54 8B 53 05 E8 0D 32 04 82 0B 83 13 10 27 00 00 00 4B  TEL,21387,S5,3560,1074,2946,4995,10000,0
A5 54 8C 53 05 07 0E 33 04 82 0B 83 13 10 27 00 00 00 10  TEL,21388,S5,3591,1075,2946,4995,10000,0
A5 54 8D 53 05 07 0E 33 04 82 0B 83 13 10 27 00 00 00 12  TEL,21389,S5,3591,1075,2946,4995,10000,0
A5 54 8E 53 05 07 0E 33 04 82 0B 83 13 10 27 00 00 00 14  TEL,21390,S5,3591,1075,2946,4995,10000,0
A5 54 8F 53 05 07 0E 33 04 82 0B 83 13 10 27 00 00 00 16  TEL,21391,S5,3591,1075,2946,4995,10000,0
A5 54 90 53 05 E8 0D 32 04 82 0B 83 13 10 27 00 00 00 7D  TEL,21392,S5,3560,1074,2946,4995,10000,0
A5 54 91 53 05 45 0E 35 04 82 0B 83 13 10 27 00 00 00 BC  TEL,21393,S5,3653,1077,2946,4995,10000,0
A5 54 92 53 05 07 0E 33 04 82 0B 83 13 10 27 00 00 00 2C  TEL,21394,S5,3591,1075,2946,4995,10000,0
A5 54 93 53 05 07 0E 33 04 82 0B 83 13 10 27 00 00 00 2E  TEL,21395,S5,3591,1075,2946,4995,10000,0
A5 54 94 53 05 07 0E 33 04 82 0B 83 13 10 27 00 00 00 20  TEL,21396,S5,3591,1075,2946,4995,10000,0
A5 54 95 53 05 45 0E 35 04 82 0B 83 13 10 27 00 00 00 B4  TEL,21397,S5,3653,1077,2946,4995,10000,0
A5 54 96 53 05 26 0E 34 04 82 0B 83 13 10 27 00 00 00 13  TEL,21398,S5,3622,1076,2946,4995,10000,0
A5 54 97 53 05 6B 0D 2D 04 82 0B 83 13 10 27 00 00 00 6B  TEL,21399,S5,3435,1069,2946,4995,10000,0
A5 54 98 53 05 07 0E 33 04 82 0B 83 13 10 27 00 00 00 38  TEL,21400,S5,3591,1075,2946,4995,10000,0
A5 54 99 53 05 07 0E 33 04 82 0B 83 13 10 27 00 00 00 3A  TEL,21401,S5,3591,1075,2946,4995,10000,0
A5 54 9A 53 05 45 0E 35 04 82 0B 83 13 10 27 00 00 00 AA  TEL,21402,S5,3653,1077,2946,4995,10000,0
A5 54 9B 53 05 C9 0D 30 04 82 0B 83 13 10 27 00 00 00 3F  TEL,21403,S5,3529,1072,2946,4995,10000,0
A5 54 9C 53 05 E8 0D 32 04 82 0B 83 13 10 27 00 00 00 65  TEL,21404,S5,3560,1074,2946,4995,10000,0
A5 54 9D 53 05 E8 0D 32 04 82 0B 83 13 10 27 00 00 00 67  TEL,21405,S5,3560,1074,2946,4995,10000,0
A5 54 9E 53 05 07 0E 33 04 82 0B 83 13 10 27 00 00 00 34  TEL,21406,S5,3591,1075,2946,4995,10000,0
A5 54 9F 53 05 E8 0D 32 04 82 0B 83 13 10 27 00 00 00 63  TEL,21407,S5,3560,1074,2946,4995,10000,0
A5 54 A0 53 05 07 0E 33 04 82 0B 83 13 10 27 00 00 00 48  TEL,21408,S5,3591,1075,2946,4995,10000,0
A5 54 A1 53 05 26 0E 34 04 82 0B 83 13 10 27 00 00 00 7D  TEL,21409,S5,3622,1076,2946,4995,10000,0
A5 54 A2 53 05 A3 0E 38 04 82 0B 83 13 10 27 00 00 00 C4  TEL,21410,S5,3747,1080,2946,4995,10000,0
A5 54 A3 53 05 07 0E 33 04 82 0B 83 13 10 27 00 00 00 4E  TEL,21411,S5,3591,1075,2946,4995,10000,0
A5 54 A4 53 05 07 0E 33 04 82 0B 83 13 10 27 00 00 00 40  TEL,21412,S5,3591,1075,2946,4995,10000,0
A5 54 A5 53 05 26 0E 34 04 82 0B 83 13 10 27 00 00 00 75  TEL,21413,S5,3622,1076,2946,4995,10000,0
A5 54 A6 53 05 07 0E 33 04 82 0B 83 13 10 27 00 00 00 44  TEL,21414,S5,3591,1075,2946,4995,10000,0
A5 54 A7 53 05 07 0E 33 04 82 0B 83 13 10 27 00 00 00 46  TEL,21415,S5,3591,1075,2946,4995,10000,0
A5 54 A8 53 05 07 0E 33 04 82 0B 83 13 10 27 00 00 00 58  TEL,21416,S5,3591,1075,2946,4995,10000,0
A5 54 A9 53 05 07 0E 33 04 82 0B 83 13 10 27 00 00 00 5A  TEL,21417,S5,3591,1075,2946,4995,10000,0
A5 54 AA 53 05 E8 0D 32 04 82 0B 83 13 10 27 00 00 00 09  TEL,21418,S5,3560,1074,2946,4995,10000,0
A5 54 AB 53 05 07 0E 33 04 82 0B 83 13 10 27 00 00 00 5E  TEL,21419,S5,3591,1075,2946,4995,10000,0
A5 54 AC 53 05 E8 0D 32 04 82 0B 83 13 10 27 00 00 00 05  TEL,21420,S5,3560,1074,2946,4995,10000,0
A5 54 AD 53 05 07 0E 33 04 82 0B 83 13 10 27 00 00 00 52  TEL,21421,S5,3591,1075,2946,4995,10000,0
A5 54 AE 53 05 E8 0D 32 04 82 0B 83 13 10 27 00 00 00 01  TEL,21422,S5,3560,1074,2946,4995,10000,0
A5 54 AF 53 05 07 0E 33 04 82 0B 83 13 10 27 00 00 00 56  TEL,21423,S5,3591,1075,2946,4995,10000,0
A5 54 B0 53 05 07 0E 33 04 82 0B 83 13 10 27 00 00 00 68  TEL,21424,S5,3591,1075,2946,4995,10000,0
A5 54 B1 53 05 07 0E 33 04 82 0B 83 13 10 27 00 00 00 6A  TEL,21425,S5,3591,1075,2946,4995,10000,0
A5 54 B2 53 05 E8 0D 32 04 82 0B 83 13 10 27 00 00 00 39  TEL,21426,S5,3560,1074,2946,4995,10000,0
A5 54 B3 53 05 45 0E 35 04 82 0B 83 13 10 27 00 00 00 F8  TEL,21427,S5,3653,1077,2946,4995,10000,0
A5 54 B4 53 05 07 0E 33 04 82 0B 83 13 10 27 00 00 00 60  TEL,21428,S5,3591,1075,2946,4995,10000,0
A5 54 B5 53 05 45 0E 35 04 82 0B 83 13 10 27 00 00 00 F4  TEL,21429,S5,3653,1077,2946,4995,10000,0
A5 54 B6 53 05 07 0E 33 04 82 0B 83 13 10 27 00 00 00 64  TEL,21430,S5,3591,1075,2946,4995,10000,0
A5 54 B7 53 05 E8 0D 32 04 82 0B 83 13 10 27 00 00 00 33  TEL,21431,S5,3560,1074,2946,4995,10000,0
A5 54 B8 53 05 07 0E 33 04 82 0B 83 13 10 27 00 00 00 78  TEL,21432,S5,3591,1075,2946,4995,10000,0
A5 42 88 00 05 B9 53 FF C1 19 16 11 C2 19 16 12 C2 19 16 03  BTN,136,S5,PRESSED,21433,370786815,370786833,370786834
A5 54 BA 53 05 07 0E 33 04 82 0B A1 13 12 27 00 00 00 A0  TEL,21434,S5,3591,1075,2946,5025,10002,0
A5 54 BB 53 05 26 0E 34 04 82 0B 83 13 0E 27 00 00 00 29  TEL,21435,S5,3622,1076,2946,4995,9998,0
A5 54 BC 53 05 E8 0D 32 04 82 0B 83 13 10 27 00 00 00 25  TEL,21436,S5,3560,1074,2946,4995,10000,0
A5 54 BD 53 05 07 0E 33 04 82 0B 83 13 10 27 00 00 00 72  TEL,21437,S5,3591,1075,2946,4995,10000,0
A5 54 BE 53 05 07 0E 33 04 82 0B 83 13 10 27 00 00 00 74  TEL,21438,S5,3591,1075,2946,4995,10000,0
A5 54 BF 53 05 E8 0D 32 04 82 0B 83 13 10 27 00 00 00 23  TEL,21439,S5,3560,1074,2946,4995,10000,0
A5 54 C0 53 05 07 0E 33 04 82 0B 83 13 10 27 00 00 00 88  TEL,21440,S5,3591,1075,2946,4995,10000,0
A5 54 C1 53 05 E8 0D 32 04 82 0B 83 13 10 27 00 00 00 DF  TEL,21441,S5,3560,1074,2946,4995,10000,0
A5 54 C2 53 05 C9 0D 31 04 82 0B 83 13 10 27 00 00 00 92  TEL,21442,S5,3529,1073,2946,4995,10000,0
A5 54 C3 53 05 E8 0D 32 04 82 0B 83 13 10 27 00 00 00 DB  TEL,21443,S5,3560,1074,2946,4995,10000,0
A5 54 C4 53 05 C9 0D 31 04 82 0B 83 13 10 27 00 00 00 9E  TEL,21444,S5,3529,1073,2946,4995,10000,0
A5 54 C5 53 05 E8 0D 32 04 82 0B 83 13 10 27 00 00 00 D7  TEL,21445,S5,3560,1074,2946,4995,10000,0
A5 54 C6 53 05 45 0E 35 04 82 0B 83 13 10 27 00 00 00 12  TEL,21446,S5,3653,1077,2946,4995,10000,0
A5 54 C7 53 05 07 0E 33 04 82 0B 83 13 10 27 00 00 00 86  TEL,21447,S5,3591,1075,2946,4995,10000,0
A5 54 C8 53 05 E8 0D 32 04 82 0B 83 13 10 27 00 00 00 CD  TEL,21448,S5,3560,1074,2946,4995,10000,0
A5 54 C9 53 05 E8 0D 32 04 82 0B 86 13 10 27 00 00 00 65  TEL,21449,S5,3560,1074,2946,4998,10000,0
A5 54 CA 53 05 C2 0E 39 04 82 0B 83 13 10 27 00 00 00 9A  TEL,21450,S5,3778,1081,2946,4995,10000,0
A5 54 CB 53 05 07 0E 33 04 82 0B 83 13 10 27 00 00 00 9E  TEL,21451,S5,3591,1075,2946,4995,10000,0
A5 54 CC 53 05 E8 0D 32 04 82 0B 83 13 10 27 00 00 00 C5  TEL,21452,S5,3560,1074,2946,4995,10000,0
A5 54 CD 53 05 07 0E 33 04 82 0B 83 13 10 27 00 00 00 92  TEL,21453,S5,3591,1075,2946,4995,10000,0
A5 54 CE 53 05 E8 0D 32 04 82 0B 83 13 10 27 00 00 00 C1  TEL,21454,S5,3560,1074,2946,4995,10000,0
A5 54 CF 53 05 E8 0D 32 04 82 0B 83 13 10 27 00 00 00 C3  TEL,21455,S5,3560,1074,2946,4995,10000,0
A5 54 D0 53 05 E8 0D 32 04 82 0B 83 13 10 27 00 00 00 FD  TEL,21456,S5,3560,1074,2946,4995,10000,0
A5 54 D1 53 05 07 0E 33 04 82 0B 83 13 10 27 00 00 00 AA  TEL,21457,S5,3591,1075,2946,4995,10000,0
A5 54 D2 53 05 E8 0D 32 04 82 0B 83 13 10 27 00 00 00 F9  TEL,21458,S5,3560,1074,2946,4995,10000,0
A5 54 D3 53 05 07 0E 33 04 82 0B 83 13 10 27 00 00 00 AE  TEL,21459,S5,3591,1075,2946,4995,10000,0
A5 54 D4 53 05 E8 0D 32 04 82 0B 83 13 10 27 00 00 00 F5  TEL,21460,S5,3560,1074,2946,4995,10000,0
A5 54 D5 53 05 07 0E 33 04 82 0B 83 13 10 27 00 00 00 A2  TEL,21461,S5,3591,1075,2946,4995,10000,0
A5 54 D6 53 05 45 0E 35 04 82 0B 83 13 10 27 00 00 00 32  TEL,21462,S5,3653,1077,2946,4995,10000,0
A5 54 D7 53 05 07 0E 33 04 82 0B 83 13 10 27 00 00 00 A6  TEL,21463,S5,3591,1075,2946,4995,10000,0
A5 54 D8 53 05 07 0E 33 04 82 0B 83 13 10 27 00 00 00 B8  TEL,21464,S5,3591,1075,2946,4995,10000,0
A5 54 D9 53 05 07 0E 33 04 82 0B 83 13 10 27 00 00 00 BA  TEL,21465,S5,3591,1075,2946,4995,10000,0
A5 54 DA 53 05 E8 0D 32 04 82 0B 83 13 10 27 00 00 00 E9  TEL,21466,S5,3560,1074,2946,4995,10000,0
A5 54 DB 53 05 07 0E 33 04 82 0B 83 13 10 27 00 00 00 BE  TEL,21467,S5,3591,1075,2946,4995,10000,0
A5 54 DC 53 05 E8 0D 32 04 82 0B 83 13 10 27 00 00 00 E5  TEL,21468,S5,3560,1074,2946,4995,10000,0
A5 54 DD 53 05 07 0E 33 04 82 0B 83 13 10 27 00 00 00 B2  TEL,21469,S5,3591,1075,2946,4995,10000,0
A5 54 DE 53 05 E8 0D 32 04 82 0B 83 13 10 27 00 00 00 E1  TEL,21470,S5,3560,1074,2946,4995,10000,0
A5 54 DF 53 05 07 0E 33 04 82 0B 83 13 10 27 00 00 00 B6  TEL,21471,S5,3591,1075,2946,4995,10000,0
A5 54 E0 53 05 07 0E 33 04 82 0B 83 13 10 27 00 00 00 C8  TEL,21472,S5,3591,1075,2946,4995,10000,0
A5 54 E1 53 05 E8 0D 32 04 82 0B 83 13 10 27 00 00 00 9F  TEL,21473,S5,3560,1074,2946,4995,10000,0
A5 54 E2 53 05 64 0E 36 04 82 0B 83 13 10 27 00 00 00 11  TEL,21474,S5,3684,1078,2946,4995,10000,0
A5 54 E3 53 05 E8 0D 32 04 82 0B 83 13 10 27 00 00 00 9B  TEL,21475,S5,3560,1074,2946,4995,10000,0
A5 54 E4 53 05 07 0E 33 04 82 0B 83 13 10 27 00 00 00 C0  TEL,21476,S5,3591,1075,2946,4995,10000,0
A5 54 E5 53 05 C9 0D 31 04 82 0B 83 13 10 27 00 00 00 DC  TEL,21477,S5,3529,1073,2946,4995,10000,0
A5 54 E6 53 05 26 0E 34 04 82 0B 83 13 10 27 00 00 00 F3  TEL,21478,S5,3622,1076,2946,4995,10000,0
A5 54 E7 53 05 E8 0D 32 04 82 0B 83 13 10 27 00 00 00 93  TEL,21479,S5,3560,1074,2946,4995,10000,0
A5 54 E8 53 05 E8 0D 32 04 82 0B 83 13 10 27 00 00 00 8D  TEL,21480,S5,3560,1074,2946,4995,10000,0
A5 54 E9 53 05 07 0E 33 04 82 0B 83 13 10 27 00 00 00 DA  TEL,21481,S5,3591,1075,2946,4995,10000,0
A5 54 EA 53 05 E8 0D 32 04 82 0B 83 13 10 27 00 00 00 89  TEL,21482,S5,3560,1074,2946,4995,10000,0
A5 54 EB 53 05 07 0E 33 04 82 0B 83 13 10 27 00 00 00 DE  TEL,21483,S5,3591,1075,2946,4995,10000,0
A5 54 EC 53 05 07 0E 33 04 82 0B 83 13 10 27 00 00 00 D0  TEL,21484,S5,3591,1075,2946,4995,10000,0
A5 54 ED 53 05 83 0E 37 04 82 0B 83 13 10 27 00 00 00 01  TEL,21485,S5,3715,1079,2946,4995,10000,0
A5 54 EE 53 05 07 0E 33 04 82 0B 83 13 10 27 00 00 00 D4  TEL,21486,S5,3591,1075,2946,4995,10000,0
A5 54 EF 53 05 07 0E 33 04 82 0B 83 13 10 27 00 00 00 D6  TEL,21487,S5,3591,1075,2946,4995,10000,0
A5 54 F0 53 05 AA 0D 2F 04 82 0B 83 13 10 27 00 00 00 05  TEL,21488,S5,3498,1071,2946,4995,10000,0
A5 54 F1 53 05 07 0E 33 04 82 0B 83 13 10 27 00 00 00 EA  TEL,21489,S5,3591,1075,2946,4995,10000,0
A5 54 F2 53 05 07 0E 33 04 82 0B 83 13 10 27 00 00 00 EC  TEL,21490,S5,3591,1075,2946,4995,10000,0
A5 54 F3 53 05 E8 0D 32 04 82 0B 83 13 10 27 00 00 00 BB  TEL,21491,S5,3560,1074,2946,4995,10000,0
A5 54 F4 53 05 07 0E 33 04 82 0B 83 13 10 27 00 00 00 E0  TEL,21492,S5,3591,1075,2946,4995,10000,0
A5 54 F5 53 05 07 0E 33 04 82 0B 83 13 10 27 00 00 00 E2  TEL,21493,S5,3591,1075,2946,4995,10000,0
A5 54 F6 53 05 45 0E 35 04 82 0B 83 13 10 27 00 00 00 72  TEL,21494,S5,3653,1077,2946,4995,10000,0
A5 54 F7 53 05 E8 0D 32 04 82 0B 83 13 10 27 00 00 00 B3  TEL,21495,S5,3560,1074,2946,4995,10000,0
A5 54 F8 53 05 26 0E 34 04 82 0B 83 13 10 27 00 00 00 CF  TEL,21496,S5,3622,1076,2946,4995,10000,0
A5 54 F9 53 05 83 0E 37 04 82 0B 83 13 10 27 00 00 00 29  TEL,21497,S5,3715,1079,2946,4995,10000,0
A5 54 FA 53 05 07 0E 33 04 82 0B 83 13 10 27 00 00 00 FC  TEL,21498,S5,3591,1075,2946,4995,10000,0
A5 54 FB 53 05 E8 0D 32 04 82 0B 83 13 10 27 00 00 00 AB  TEL,21499,S5,3560,1074,2946,4995,10000,0
A5 54 FC 53 05 07 0E 33 04 82 0B 83 13 10 27 00 00 00 F0  TEL,21500,S5,3591,1075,2946,4995,10000,0
A5 54 FD 53 05 E8 0D 32 04 82 0B 83 13 10 27 00 00 00 A7  TEL,21501,S5,3560,1074,2946,4995,10000,0
A5 54 FE 53 05 C9 0D 30 04 82 0B 83 13 10 27 00 00 00 F5  TEL,21502,S5,3529,1072,2946,4995,10000,0
A5 54 FF 53 05 07 0E 33 04 82 0B 83 13 10 27 00 00 00 F6  TEL,21503,S5,3591,1075,2946,4995,10000,0
A5 54 00 54 05 64 0E 36 04 82 0B 83 13 10 27 00 00 00 D0  TEL,21504,S5,3684,1078,2946,4995,10000,0
A5 54 01 54 05 07 0E 33 04 82 0B 83 13 10 27 00 00 00 0F  TEL,21505,S5,3591,1075,2946,4995,10000,0
A5 54 02 54 05 07 0E 33 04 82 0B 83 13 10 27 00 00 00 09  TEL,21506,S5,3591,1075,2946,4995,10000,0
A5 54 03 54 05 E8 0D 32 04 82 0B 83 13 10 27 00 00 00 5E  TEL,21507,S5,3560,1074,2946,4995,10000,0
A5 54 04 54 05 07 0E 33 04 82 0B 83 13 10 27 00 00 00 05  TEL,21508,S5,3591,1075,2946,4995,10000,0
A5 54 05 54 05 E8 0D 32 04 82 0B 83 13 10 27 00 00 00 52  TEL,21509,S5,3560,1074,2946,4995,10000,0
A5 54 06 54 05 45 0E 35 04 82 0B 83 13 10 27 00 00 00 97  TEL,21510,S5,3653,1077,2946,4995,10000,0
A5 54 07 54 05 E8 0D 32 04 82 0B 83 13 10 27 00 00 00 56  TEL,21511,S5,3560,1074,2946,4995,10000,0
A5 54 08 54 05 E8 0D 32 04 82 0B 83 13 10 27 00 00 00 48  TEL,21512,S5,3560,1074,2946,4995,10000,0
A5 54 09 54 05 07 0E 33 04 82 0B 83 13 10 27 00 00 00 1F  TEL,21513,S5,3591,1075,2946,4995,10000,0
A5 54 0A 54 05 E8 0D 32 04 82 0B 83 13 10 27 00 00 00 4C  TEL,21514,S5,3560,1074,2946,4995,10000,0
A5 54 0B 54 05 07 0E 33 04 82 0B 83 13 10 27 00 00 00 1B  TEL,21515,S5,3591,1075,2946,4995,10000,0
A5 54 0C 54 05 07 0E 33 04 82 0B 83 13 10 27 00 00 00 15  TEL,21516,S5,3591,1075,2946,4995,10000,0
A5 54 0D 54 05 E8 0D 32 04 82 0B 83 13 10 27 00 00 00 42  TEL,21517,S5,3560,1074,2946,4995,10000,0
A5 54 0E 54 05 07 0E 33 04 82 0B 83 13 10 27 00 00 00 11  TEL,21518,S5,3591,1075,2946,4995,10000,0
A5 54 0F 54 05 07 0E 33 04 82 0B 83 13 10 27 00 00 00 13  TEL,21519,S5,3591,1075,2946,4995,10000,0
A5 54 10 54 05 07 0E 33 04 82 0B 83 13 10 27 00 00 00 2D  TEL,21520,S5,3591,1075,2946,4995,10000,0
A5 54 11 54 05 E8 0D 32 04 82 0B 83 13 10 27 00 00 00 7A  TEL,21521,S5,3560,1074,2946,4995,10000,0
A5 54 12 54 05 C9 0D 30 04 82 0B 83 13 10 27 00 00 00 28  TEL,21522,S5,3529,1072,2946,4995,10000,0
A5 54 13 54 05 07 0E 33 04 82 0B 83 13 10 27 00 00 00 2B  TEL,21523,S5,3591,1075,2946,4995,10000,0
A5 54 14 54 05 07 0E 33 04 82 0B 83 13 10 27 00 00 00 25  TEL,21524,S5,3591,1075,2946,4995,10000,0
A5 54 15 54 05 07 0E 33 04 82 0B 83 13 10 27 00 00 00 27  TEL,21525,S5,3591,1075,2946,4995,10000,0
A5 54 16 54 05 26 0E 34 04 82 0B 83 13 10 27 00 00 00 16  TEL,21526,S5,3622,1076,2946,4995,10000,0
A5 54 17 54 05 E8 0D 32 04 82 0B 83 13 10 27 00 00 00 76  TEL,21527,S5,3560,1074,2946,4995,10000,0
A5 54 18 54 05 C9 0D 31 04 82 0B 83 13 10 27 00 00 00 23  TEL,21528,S5,3529,1073,2946,4995,10000,0
A5 54 19 54 05 07 0E 33 04 82 0B 83 13 10 27 00 00 00 3F  TEL,21529,S5,3591,1075,2946,4995,10000,0
A5 54 1A 54 05 07 0E 33 04 82 0B 83 13 10 27 00 00 00 39  TEL,21530,S5,3591,1075,2946,4995,10000,0
A5 54 1B 54 05 07 0E 33 04 82 0B 83 13 10 27 00 00 00 3B  TEL,21531,S5,3591,1075,2946,4995,10000,0
A5 54 1C 54 05 07 0E 33 04 82 0B 83 13 10 27 00 00 00 35  TEL,21532,S5,3591,1075,2946,4995,10000,0
A5 54 1D 54 05 07 0E 33 04 82 0B 83 13 10 27 00 00 00 37  TEL,21533,S5,3591,1075,2946,4995,10000,0
A5 54 1E 54 05 07 0E 33 04 82 0B 83 13 10 27 00 00 00 31  TEL,21534,S5,3591,1075,2946,4995,10000,0
A5 54 1F 54 05 07 0E 33 04 82 0B 83 13 10 27 00 00 00 33  TEL,21535,S5,3591,1075,2946,4995,10000,0
A5 54 20 54 05 E8 0D 32 04 82 0B 83 13 10 27 00 00 00 18  TEL,21536,S5,3560,1074,2946,4995,10000,0
A5 54 21 54 05 07 0E 33 04 82 0B 83 13 10 27 00 00 00 4F  TEL,21537,S5,3591,1075,2946,4995,10000,0
A5 54 22 54 05 07 0E 33 04 82 0B 83 13 10 27 00 00 00 49  TEL,21538,S5,3591,1075,2946,4995,10000,0
A5 54 23 54 05 07 0E 33 04 82 0B 83 13 10 27 00 00 00 4B  TEL,21539,S5,3591,1075,2946,4995,10000,0
A5 54 24 54 05 07 0E 33 04 82 0B 83 13 10 27 00 00 00 45  TEL,21540,S5,3591,1075,2946,4995,10000,0
A5 54 25 54 05 64 0E 36 04 82 0B 83 13 10 27 00 00 00 9A  TEL,21541,S5,3684,1078,2946,4995,10000,0
A5 54 26 54 05 45 0E 35 04 82 0B 83 13 10 27 00 00 00 D7  TEL,21542,S5,3653,1077,2946,4995,10000,0
A5 54 27 54 05 07 0E 33 04 82 0B 83 13 10 27 00 00 00 43  TEL,21543,S5,3591,1075,2946,4995,10000,0
A5 54 28 54 05 C9 0D 31 04 82 0B 83 13 10 27 00 00 00 43  TEL,21544,S5,3529,1073,2946,4995,10000,0
A5 54 29 54 05 C9 0D 30 04 82 0B 83 13 10 27 00 00 00 5E  TEL,21545,S5,3529,1072,2946,4995,10000,0
A5 54 2A 54 05 07 0E 33 04 82 0B 83 13 10 27 00 00 00 59  TEL,21546,S5,3591,1075,2946,4995,10000,0
A5 54 2B 54 05 E8 0D 32 04 82 0B 83 13 10 27 00 00 00 0E  TEL,21547,S5,3560,1074,2946,4995,10000,0
A5 54 2C 54 05 07 0E 33 04 82 0B 83 13 10 27 00 00 00 55  TEL,21548,S5,3591,1075,2946,4995,10000,0
A5 54 2D 54 05 E8 0D 32 04 82 0B 83 13 10 27 00 00 00 02  TEL,21549,S5,3560,1074,2946,4995,10000,0
A5 54 2E 54 05 07 0E 33 04 82 0B 83 13 10 27 00 00 00 51  TEL,21550,S5,3591,1075,2946,4995,10000,0
A5 54 2F 54 05 C9 0D 31 04 82 0B 83 13 10 27 00 00 00 4D  TEL,21551,S5,3529,1073,2946,4995,10000,0
A5 54 30 54 05 07 0E 33 04 82 0B 83 13 10 27 00 00 00 6D  TEL,21552,S5,3591,1075,2946,4995,10000,0
A5 54 31 54 05 E8 0D 32 04 82 0B 83 13 10 27 00 00 00 3A  TEL,21553,S5,3560,1074,2946,4995,10000,0
A5 54 32 54 05 07 0E 33 04 82 0B 83 13 10 27 00 00 00 69  TEL,21554,S5,3591,1075,2946,4995,10000,0
A5 54 33 54 05 E8 0D 32 04 82 0B 83 13 10 27 00 00 00 3E  TEL,21555,S5,3560,1074,2946,4995,10000,0
A5 54 34 54 05 E8 0D 32 04 82 0B 83 13 10 27 00 00 00 30  TEL,21556,S5,3560,1074,2946,4995,10000,0
A5 54 35 54 05 E8 0D 32 04 82 0B 83 13 10 27 00 00 00 32  TEL,21557,S5,3560,1074,2946,4995,10000,0
A5 54 36 54 05 26 0E 34 04 82 0B 83 13 10 27 00 00 00 56  TEL,21558,S5,3622,1076,2946,4995,10000,0
A5 54 37 54 05 E8 0D 32 04 82 0B 83 13 10 27 00 00 00 36  TEL,21559,S5,3560,1074,2946,4995,10000,0
A5 54 38 54 05 07 0E 33 04 82 0B 83 13 10 27 00 00 00 7D  TEL,21560,S5,3591,1075,2946,4995,10000,0
A5 54 39 54 05 C9 0D 31 04 82 0B 83 13 10 27 00 00 00 61  TEL,21561,S5,3529,1073,2946,4995,10000,0
A5 54 3A 54 05 A3 0E 38 04 82 0B 83 13 10 27 00 00 00 F1  TEL,21562,S5,3747,1080,2946,4995,10000,0
A5 54 3B 54 05 07 0E 33 04 82 0B 83 13 10 27 00 00 00 7B  TEL,21563,S5,3591,1075,2946,4995,10000,0
A5 54 3C 54 05 C9 0D 30 04 82 0B 83 13 10 27 00 00 00 74  TEL,21564,S5,3529,1072,2946,4995,10000,0
A5 54 3D 54 05 07 0E 33 04 82 0B 83 13 10 27 00 00 00 77  TEL,21565,S5,3591,1075,2946,4995,10000,0
A5 54 3E 54 05 E8 0D 32 04 82 0B 83 13 10 27 00 00 00 24  TEL,21566,S5,3560,1074,2946,4995,10000,0
A5 54 3F 54 05 07 0E 33 04 82 0B 83 13 10 27 00 00 00 73  TEL,21567,S5,3591,1075,2946,4995,10000,0
A5 54 40 54 05 07 0E 33 04 82 0B 83 13 10 27 00 00 00 8D  TEL,21568,S5,3591,1075,2946,4995,10000,0
A5 54 41 54 05 07 0E 33 04 82 0B 83 13 10 27 00 00 00 8F  TEL,21569,S5,3591,1075,2946,4995,10000,0
A5 54 42 54 05 E8 0D 32 04 82 0B 83 13 10 27 00 00 00 DC  TEL,21570,S5,3560,1074,2946,4995,10000,0
A5 54 43 54 05 07 0E 33 04 82 0B 83 13 10 27 00 00 00 8B  TEL,21571,S5,3591,1075,2946,4995,10000,0
A5 54 44 54 05 07 0E 33 04 82 0B 83 13 10 27 00 00 00 85  TEL,21572,S5,3591,1075,2946,4995,10000,0
A5 54 45 54 05 26 0E 34 04 82 0B 83 13 10 27 00 00 00 B0  TEL,21573,S5,3622,1076,2946,4995,10000,0
A5 54 46 54 05 45 0E 35 04 82 0B 83 13 10 27 00 00 00 17  TEL,21574,S5,3653,1077,2946,4995,10000,0
A5 54 47 54 05 07 0E 33 04 82 0B 83 13 10 27 00 00 00 83  TEL,21575,S5,3591,1075,2946,4995,10000,0
A5 54 48 54 05 E8 0D 32 04 82 0B 83 13 10 27 00 00 00 C8  TEL,21576,S5,3560,1074,2946,4995,10000,0
A5 54 49 54 05 E8 0D 32 04 82 0B 83 13 10 27 00 00 00 CA  TEL,21577,S5,3560,1074,2946,4995,10000,0
A5 54 4A 54 05 07 0E 33 04 82 0B 83 13 10 27 00 00 00 99  TEL,21578,S5,3591,1075,2946,4995,10000,0
A5 54 4B 54 05 07 0E 33 04 82 0B 83 13 10 27 00 00 00 9B  TEL,21579,S5,3591,1075,2946,4995,10000,0
A5 54 4C 54 05 E8 0D 32 04 82 0B 83 13 10 27 00 00 00 C0  TEL,21580,S5,3560,1074,2946,4995,10000,0
A5 54 4D 54 05 C9 0D 31 04 82 0B 83 13 10 27 00 00 00 89  TEL,21581,S5,3529,1073,2946,4995,10000,0
A5 42 89 00 05 4E 54 E0 51 30 16 F2 51 30 16 F4 51 30 16 49  BTN,137,S5,PRESSED,21582,372265440,372265458,372265460
A5 54 4F 54 05 E8 0D 32 04 82 0B 82 13 10 27 00 00 00 19  TEL,21583,S5,3560,1074,2946,4994,10000,0
A5 54 50 54 05 64 0E 36 04 82 0B 83 13 10 27 00 00 00 70  TEL,21584,S5,3684,1078,2946,4995,10000,0
A5 54 51 54 05 07 0E 33 04 82 0B 83 13 10 27 00 00 00 AF  TEL,21585,S5,3591,1075,2946,4995,10000,0
A5 54 52 54 05 07 0E 33 04 82 0B 83 13 10 27 00 00 00 A9  TEL,21586,S5,3591,1075,2946,4995,10000,0
A5 54 53 54 05 E8 0D 32 04 82 0B 83 13 10 27 00 00 00 FE  TEL,21587,S5,3560,1074,2946,4995,10000,0
A5 54 54 54 05 07 0E 33 04 82 0B 83 13 10 27 00 00 00 A5  TEL,21588,S5,3591,1075,2946,4995,10000,0
A5 54 55 54 05 E8 0D 32 04 82 0B 83 13 10 27 00 00 00 F2  TEL,21589,S5,3560,1074,2946,4995,10000,0
A5 54 56 54 05 07 0E 33 04 82 0B 83 13 10 27 00 00 00 A1  TEL,21590,S5,3591,1075,2946,4995,10000,0
A5 54 57 54 05 45 0E 35 04 82 0B 83 13 10 27 00 00 00 35  TEL,21591,S5,3653,1077,2946,4995,10000,0
A5 54 58 54 05 07 0E 33 04 82 0B 83 13 10 27 00 00 00 BD  TEL,21592,S5,3591,1075,2946,4995,10000,0
A5 54 59 54 05 07 0E 33 04 82 0B 83 13 10 27 00 00 00 BF  TEL,21593,S5,3591,1075,2946,4995,10000,0
A5 54 5A 54 05 07 0E 33 04 82 0B 83 13 10 27 00 00 00 B9  TEL,21594,S5,3591,1075,2946,4995,10000,0
A5 54 5B 54 05 07 0E 33 04 82 0B 83 13 10 27 00 00 00 BB  TEL,21595,S5,3591,1075,2946,4995,10000,0
A5 54 5C 54 05 8A 0D 2E 04 82 0B 83 13 10 27 00 00 00 B9  TEL,21596,S5,3466,1070,2946,4995,10000,0
A5 54 5D 54 05 07 0E 33 04 82 0B 83 13 10 27 00 00 00 B7  TEL,21597,S5,3591,1075,2946,4995,10000,0
A5 54 5E 54 05 E8 0D 32 04 82 0B 83 13 10 27 00 00 00 E4  TEL,21598,S5,3560,1074,2946,4995,10000,0
A5 54 5F 54 05 07 0E 33 04 82 0B 83 13 10 27 00 00 00 B3  TEL,21599,S5,3591,1075,2946,4995,10000,0
A5 54 60 54 05 E8 0D 32 04 82 0B 83 13 10 27 00 00 00 98  TEL,21600,S5,3560,1074,2946,4995,10000,0
A5 54 61 54 05 C9 0D 31 04 82 0B 83 13 10 27 00 00 00 D1  TEL,21601,S5,3529,1073,2946,4995,10000,0
A5 54 62 54 05 E8 0D 32 04 82 0B 83 13 10 27 00 00 00 9C  TEL,21602,S5,3560,1074,2946,4995,10000,0
A5 54 63 54 05 E8 0D 32 04 82 0B 83 13 10 27 00 00 00 9E  TEL,21603,S5,3560,1074,2946,4995,10000,0
A5 54 64 54 05 07 0E 33 04 82 0B 83 13 10 27 00 00 00 C5  TEL,21604,S5,3591,1075,2946,4995,10000,0
A5 54 65 54 05 07 0E 33 04 82 0B 83 13 10 27 00 00 00 C7  TEL,21605,S5,3591,1075,2946,4995,10000,0
A5 54 66 54 05 07 0E 33 04 82 0B 83 13 10 27 00 00 00 C1  TEL,21606,S5,3591,1075,2946,4995,10000,0
A5 54 67 54 05 26 0E 34 04 82 0B 83 13 10 27 00 00 00 F4  TEL,21607,S5,3622,1076,2946,4995,10000,0
A5 54 68 54 05 07 0E 33 04 82 0B 83 13 10 27 00 00 00 DD  TEL,21608,S5,3591,1075,2946,4995,10000,0
A5 54 69 54 05 07 0E 33 04 82 0B 83 13 10 27 00 00 00 DF  TEL,21609,S5,3591,1075,2946,4995,10000,0
A5 54 6A 54 05 07 0E 33 04 82 0B 83 13 10 27 00 00 00 D9  TEL,21610,S5,3591,1075,2946,4995,10000,0
A5 54 6B 54 05 E8 0D 32 04 82 0B 83 13 10 27 00 00 00 8E  TEL,21611,S5,3560,1074,2946,4995,10000,0
A5 54 6C 54 05 07 0E 33 04 82 0B 83 13 10 27 00 00 00 D5  TEL,21612,S5,3591,1075,2946,4995,10000,0
A5 54 6D 54 05 26 0E 34 04 82 0B 83 13 10 27 00 00 00 E0  TEL,21613,S5,3622,1076,2946,4995,10000,0
A5 54 6E 54 05 07 0E 33 04 82 0B 83 13 10 27 00 00 00 D1  TEL,21614,S5,3591,1075,2946,4995,10000,0
A5 54 6F 54 05 E8 0D 32 04 82 0B 83 13 10 27 00 00 00 86  TEL,21615,S5,3560,1074,2946,4995,10000,0
A5 54 70 54 05 26 0E 34 04 82 0B 83 13 10 27 00 00 00 DA  TEL,21616,S5,3622,1076,2946,4995,10000,0
A5 54 71 54 05 E8 0D 32 04 82 0B 83 13 10 27 00 00 00 BA  TEL,21617,S5,3560,1074,2946,4995,10000,0
A5 54 72 54 05 07 0E 33 04 82 0B 83 13 10 27 00 00 00 E9  TEL,21618,S5,3591,1075,2946,4995,10000,0
A5 54 73 54 05 E8 0D 32 04 82 0B 83 13 10 27 00 00 00 BE  TEL,21619,S5,3560,1074,2946,4995,10000,0
A5 54 74 54 05 E8 0D 32 04 82 0B 83 13 10 27 00 00 00 B0  TEL,21620,S5,3560,1074,2946,4995,10000,0
A5 54 75 54 05 E8 0D 32 04 82 0B 83 13 10 27 00 00 00 B2  TEL,21621,S5,3560,1074,2946,4995,10000,0
A5 54 76 54 05 07 0E 33 04 82 0B 83 13 10 27 00 00 00 E1  TEL,21622,S5,3591,1075,2946,4995,10000,0
A5 54 77 54 05 45 0E 35 04 82 0B 83 13 10 27 00 00 00 75  TEL,21623,S5,3653,1077,2946,4995,10000,0
A5 54 78 54 05 E8 0D 32 04 82 0B 83 13 10 27 00 00 00 A8  TEL,21624,S5,3560,1074,2946,4995,10000,0
A5 54 79 54 05 A3 0E 38 04 82 0B 83 13 10 27 00 00 00 77  TEL,21625,S5,3747,1080,2946,4995,10000,0
A5 54 7A 54 05 E8 0D 32 04 82 0B 83 13 10 27 00 00 00 AC  TEL,21626,S5,3560,1074,2946,4995,10000,0
A5 54 7B 54 05 07 0E 33 04 82 0B 83 13 10 27 00 00 00 FB  TEL,21627,S5,3591,1075,2946,4995,10000,0
A5 54 7C 54 05 8A 0D 2E 04 82 0B 83 13 10 27 00 00 00 F9  TEL,21628,S5,3466,1070,2946,4995,10000,0
A5 54 7D 54 05 07 0E 33 04 82 0B 83 13 10 27 00 00 00 F7  TEL,21629,S5,3591,1075,2946,4995,10000,0
A5 54 7E 54 05 45 0E 35 04 82 0B 83 13 10 27 00 00 00 67  TEL,21630,S5,3653,1077,2946,4995,10000,0
A5 54 7F 54 05 E8 0D 32 04 82 0B 83 13 10 27 00 00 00 A6  TEL,21631,S5,3560,1074,2946,4995,10000,0
A5 54 80 54 05 07 0E 33 04 82 0B 83 13 10 27 00 00 00 0A  TEL,21632,S5,3591,1075,2946,4995,10000,0
A5 54 81 54 05 07 0E 33 04 82 0B 83 13 10 27 00 00 00 08  TEL,21633,S5,3591,1075,2946,4995,10000,0
A5 54 82 54 05 E8 0D 32 04 82 0B 83 13 10 27 00 00 00 5B  TEL,21634,S5,3560,1074,2946,4995,10000,0
A5 54 83 54 05 45 0E 35 04 82 0B 83 13 10 27 00 00 00 9A  TEL,21635,S5,3653,1077,2946,4995,10000,0
A5 54 84 54 05 07 0E 33 04 82 0B 83 13 10 27 00 00 00 02  TEL,21636,S5,3591,1075,2946,4995,10000,0
A5 54 85 54 05 07 0E 33 04 82 0B 83 13 10 27 00 00 00 00  TEL,21637,S5,3591,1075,2946,4995,10000,0
A5 54 86 54 05 07 0E 33 04 82 0B 83 13 10 27 00 00 00 06  TEL,21638,S5,3591,1075,2946,4995,10000,0
A5 54 87 54 05 45 0E 35 04 82 0B 83 13 10 27 00 00 00 92  TEL,21639,S5,3653,1077,2946,4995,10000,0
A5 54 88 54 05 E8 0D 32 04 82 0B 83 13 10 27 00 00 00 4F  TEL,21640,S5,3560,1074,2946,4995,10000,0
A5 54 89 54 05 E8 0D 32 04 82 0B 83 13 10 27 00 00 00 4D  TEL,21641,S5,3560,1074,2946,4995,10000,0
A5 54 8A 54 05 07 0E 33 04 82 0B 83 13 10 27 00 00 00 1E  TEL,21642,S5,3591,1075,2946,4995,10000,0
A5 54 8B 54 05 07 0E 33 04 82 0B 83 13 10 27 00 00 00 1C  TEL,21643,S5,3591,1075,2946,4995,10000,0
A5 54 8C 54 05 07 0E 33 04 82 0B 83 13 10 27 00 00 00 12  TEL,21644,S5,3591,1075,2946,4995,10000,0
A5 54 8D 54 05 07 0E 33 04 82 0B 83 13 10 27 00 00 00 10  TEL,21645,S5,3591,1075,2946,4995,10000,0
A5 54 8E 54 05 07 0E 33 04 82 0B 83 13 10 27 00 00 00 16  TEL,21646,S5,3591,1075,2946,4995,10000,0
A5 54 8F 54 05 07 0E 33 04 82 0B 83 13 10 27 00 00 00 14  TEL,21647,S5,3591,1075,2946,4995,10000,0
A5 54 90 54 05 07 0E 33 04 82 0B 83 13 10 27 00 00 00 2A  TEL,21648,S5,3591,1075,2946,4995,10000,0
A5 54 91 54 05 07 0E 33 04 82 0B 83 13 10 27 00 00 00 28  TEL,21649,S5,3591,1075,2946,4995,10000,0
A5 54 92 54 05 07 0E 33 04 82 0B 83 13 10 27 00 00 00 2E  TEL,21650,S5,3591,1075,2946,4995,10000,0
A5 54 93 54 05 E8 0D 32 04 82 0B 83 13 10 27 00 00 00 79  TEL,21651,S5,3560,1074,2946,4995,10000,0
A5 54 94 54 05 E8 0D 32 04 82 0B 83 13 10 27 00 00 00 77  TEL,21652,S5,3560,1074,2946,4995,10000,0
A5 54 95 54 05 E8 0D 32 04 82 0B 83 13 10 27 00 00 00 75  TEL,21653,S5,3560,1074,2946,4995,10000,0
A5 54 96 54 05 E8 0D 32 04 82 0B 83 13 10 27 00 00 00 73  TEL,21654,S5,3560,1074,2946,4995,10000,0
A5 54 97 54 05 64 0E 36 04 82 0B 83 13 10 27 00 00 00 F9  TEL,21655,S5,3684,1078,2946,4995,10000,0
A5 54 98 54 05 E8 0D 32 04 82 0B 83 13 10 27 00 00 00 6F  TEL,21656,S5,3560,1074,2946,4995,10000,0
A5 54 99 54 05 07 0E 33 04 82 0B 83 13 10 27 00 00 00 38  TEL,21657,S5,3591,1075,2946,4995,10000,0
A5 54 9A 54 05 C9 0D 30 04 82 0B 83 13 10 27 00 00 00 3F  TEL,21658,S5,3529,1072,2946,4995,10000,0
A5 54 9B 54 05 E8 0D 32 04 82 0B 83 13 10 27 00 00 00 69  TEL,21659,S5,3560,1074,2946,4995,10000,0
A5 54 9C 54 05 07 0E 33 04 82 0B 83 13 10 27 00 00 00 32  TEL,21660,S5,3591,1075,2946,4995,10000,0
A5 54 9D 54 05 07 0E 33 04 82 0B 83 13 10 27 00 00 00 30  TEL,21661,S5,3591,1075,2946,4995,10000,0
A5 54 9E 54 05 07 0E 33 04 82 0B 83 13 10 27 00 00 00 36  TEL,21662,S5,3591,1075,2946,4995,10000,0
A5 54 9F 54 05 07 0E 33 04 82 0B 83 13 10 27 00 00 00 34  TEL,21663,S5,3591,1075,2946,4995,10000,0
A5 54 A0 54 05 E8 0D 32 04 82 0B 83 13 10 27 00 00 00 1F  TEL,21664,S5,3560,1074,2946,4995,10000,0
A5 54 A1 54 05 E8 0D 32 04 82 0B 83 13 10 27 00 00 00 1D  TEL,21665,S5,3560,1074,2946,4995,10000,0
A5 54 A2 54 05 A3 0E 38 04 82 0B 83 13 10 27 00 00 00 C6  TEL,21666,S5,3747,1080,2946,4995,10000,0
A5 54 A3 54 05 E8 0D 32 04 82 0B 83 13 10 27 00 00 00 19  TEL,21667,S5,3560,1074,2946,4995,10000,0
A5 54 A4 54 05 E8 0D 32 04 82 0B 83 13 10 27 00 00 00 17  TEL,21668,S5,3560,1074,2946,4995,10000,0
A5 54 A5 54 05 07 0E 33 04 82 0B 83 13 10 27 00 00 00 40  TEL,21669,S5,3591,1075,2946,4995,10000,0
A5 54 A6 54 05 8A 0D 2E 04 82 0B 83 13 10 27 00 00 00 4A  TEL,21670,S5,3466,1070,2946,4995,10000,0
A5 54 A7 54 05 26 0E 34 04 82 0B 83 13 10 27 00 00 00 73  TEL,21671,S5,3622,1076,2946,4995,10000,0
A5 54 A8 54 05 07 0E 33 04 82 0B 83 13 10 27 00 00 00 5A  TEL,21672,S5,3591,1075,2946,4995,10000,0
A5 54 A9 54 05 E8 0D 32 04 82 0B 83 13 10 27 00 00 00 0D  TEL,21673,S5,3560,1074,2946,4995,10000,0
A5 54 AA 54 05 64 0E 36 04 82 0B 83 13 10 27 00 00 00 83  TEL,21674,S5,3684,1078,2946,4995,10000,0
A5 54 AB 54 05 64 0E 36 04 82 0B 83 13 10 27 00 00 00 81  TEL,21675,S5,3684,1078,2946,4995,10000,0
A5 54 AC 54 05 E8 0D 32 04 82 0B 83 13 10 27 00 00 00 07  TEL,21676,S5,3560,1074,2946,4995,10000,0
A5 54 AD 54 05 07 0E 33 04 82 0B 83 13 10 27 00 00 00 50  TEL,21677,S5,3591,1075,2946,4995,10000,0
A5 54 AE 54 05 07 0E 33 04 82 0B 83 13 10 27 00 00 00 56  TEL,21678,S5,3591,1075,2946,4995,10000,0
A5 54 AF 54 05 07 0E 33 04 82 0B 83 13 10 27 00 00 00 54  TEL,21679,S5,3591,1075,2946,4995,10000,0
A5 54 B0 54 05 07 0E 33 04 82 0B 83 13 10 27 00 00 00 6A  TEL,21680,S5,3591,1075,2946,4995,10000,0
A5 54 B1 54 05 07 0E 33 04 82 0B 83 13 10 27 00 00 00 68  TEL,21681,S5,3591,1075,2946,4995,10000,0
A5 54 B2 54 05 07 0E 33 04 82 0B 83 13 10 27 00 00 00 6E  TEL,21682,S5,3591,1075,2946,4995,10000,0
A5 54 B3 54 05 E8 0D 32 04 82 0B 83 13 10 27 00 00 00 39  TEL,21683,S5,3560,1074,2946,4995,10000,0
A5 54 B4 54 05 07 0E 33 04 82 0B 83 13 10 27 00 00 00 62  TEL,21684,S5,3591,1075,2946,4995,10000,0
A5 54 B5 54 05 07 0E 33 04 82 0B 83 13 10 27 00 00 00 60  TEL,21685,S5,3591,1075,2946,4995,10000,0
A5 54 B6 54 05 07 0E 33 04 82 0B 83 13 10 27 00 00 00 66  TEL,21686,S5,3591,1075,2946,4995,10000,0
A5 54 B7 54 05 26 0E 34 04 82 0B 83 13 10 27 00 00 00 53  TEL,21687,S5,3622,1076,2946,4995,10000,0
A5 54 B8 54 05 E8 0D 32 04 82 0B 83 13 10 27 00 00 00 2F  TEL,21688,S5,3560,1074,2946,4995,10000,0
A5 54 B9 54 05 07 0E 33 04 82 0B 83 13 10 27 00 00 00 78  TEL,21689,S5,3591,1075,2946,4995,10000,0
A5 54 BA 54 05 07 0E 33 04 82 0B 83 13 10 27 00 00 00 7E  TEL,21690,S5,3591,1075,2946,4995,10000,0
A5 54 BB 54 05 07 0E 33 04 82 0B 83 13 10 27 00 00 00 7C  TEL,21691,S5,3591,1075,2946,4995,10000,0
A5 54 BC 54 05 07 0E 33 04 82 0B 83 13 10 27 00 00 00 72  TEL,21692,S5,3591,1075,2946,4995,10000,0
A5 54 BD 54 05 07 0E 33 04 82 0B 83 13 10 27 00 00 00 70  TEL,21693,S5,3591,1075,2946,4995,10000,0
A5 54 BE 54 05 07 0E 33 04 82 0B 83 13 10 27 00 00 00 76  TEL,21694,S5,3591,1075,2946,4995,10000,0
A5 54 BF 54 05 07 0E 33 04 82 0B 83 13 10 27 00 00 00 74  TEL,21695,S5,3591,1075,2946,4995,10000,0
A5 54 C0 54 05 64 0E 36 04 82 0B 83 13 10 27 00 00 00 57  TEL,21696,S5,3684,1078,2946,4995,10000,0
A5 54 C1 54 05 E8 0D 32 04 82 0B 83 13 10 27 00 00 00 DD  TEL,21697,S5,3560,1074,2946,4995,10000,0
A5 54 C2 54 05 07 0E 33 04 82 0B 83 13 10 27 00 00 00 8E  TEL,21698,S5,3591,1075,2946,4995,10000,0
A5 54 C3 54 05 07 0E 33 04 82 0B 83 13 10 27 00 00 00 8C  TEL,21699,S5,3591,1075,2946,4995,10000,0
A5 54 C4 54 05 07 0E 33 04 82 0B 83 13 10 27 00 00 00 82  TEL,21700,S5,3591,1075,2946,4995,10000,0
A5 54 C5 54 05 07 0E 33 04 82 0B 83 13 10 27 00 00 00 80  TEL,21701,S5,3591,1075,2946,4995,10000,0
A5 54 C6 54 05 E8 0D 32 04 82 0B 83 13 10 27 00 00 00 D3  TEL,21702,S5,3560,1074,2946,4995,10000,0
A5 54 C7 54 05 45 0E 35 04 82 0B 83 13 10 27 00 00 00 12  TEL,21703,S5,3653,1077,2946,4995,10000,0
A5 54 C8 54 05 07 0E 33 04 82 0B 83 13 10 27 00 00 00 9A  TEL,21704,S5,3591,1075,2946,4995,10000,0
A5 54 C9 54 05 45 0E 35 04 82 0B 83 13 10 27 00 00 00 0E  TEL,21705,S5,3653,1077,2946,4995,10000,0
A5 54 CA 54 05 07 0E 33 04 82 0B 83 13 10 27 00 00 00 9E  TEL,21706,S5,3591,1075,2946,4995,10000,0
A5 54 CB 54 05 07 0E 33 04 82 0B 83 13 10 27 00 00 00 9C  TEL,21707,S5,3591,1075,2946,4995,10000,0
A5 54 CC 54 05 07 0E 33 04 82 0B 83 13 10 27 00 00 00 92  TEL,21708,S5,3591,1075,2946,4995,10000,0
A5 54 CD 54 05 07 0E 33 04 82 0B 83 13 10 27 00 00 00 90  TEL,21709,S5,3591,1075,2946,4995,10000,0
A5 54 CE 54 05 E8 0D 32 04 82 0B 83 13 10 27 00 00 00 C3  TEL,21710,S5,3560,1074,2946,4995,10000,0
A5 54 CF 54 05 45 0E 35 04 82 0B 83 13 10 27 00 00 00 02  TEL,21711,S5,3653,1077,2946,4995,10000,0
A5 54 D0 54 05 26 0E 34 04 82 0B 83 13 10 27 00 00 00 9D  TEL,21712,S5,3622,1076,2946,4995,10000,0
A5 54 D1 54 05 45 0E 35 04 82 0B 83 13 10 27 00 00 00 3E  TEL,21713,S5,3653,1077,2946,4995,10000,0
A5 54 D2 54 05 07 0E 33 04 82 0B 83 13 10 27 00 00 00 AE  TEL,21714,S5,3591,1075,2946,4995,10000,0
A5 54 D3 54 05 07 0E 33 04 82 0B 83 13 10 27 00 00 00 AC  TEL,21715,S5,3591,1075,2946,4995,10000,0
A5 42 8A 00 05 D4 54 80 AA 44 16 92 AA 44 16 93 AA 44 16 E6  BTN,138,S5,PRESSED,21716,373598848,373598866,373598867
A5 54 D5 54 05 07 0E 33 04 82 0B BC 13 10 27 00 00 01 2C  TEL,21717,S5,3591,1075,2946,5052,10000,1
A5 54 D6 54 05 07 0E 33 04 82 0B 83 13 10 27 00 00 00 A6  TEL,21718,S5,3591,1075,2946,4995,10000,0
A5 54 D7 54 05 E8 0D 32 04 82 0B 83 13 10 27 00 00 00 F1  TEL,21719,S5,3560,1074,2946,4995,10000,0
A5 54 D8 54 05 45 0E 35 04 82 0B 83 13 10 27 00 00 00 2C  TEL,21720,S5,3653,1077,2946,4995,10000,0
A5 54 D9 54 05 07 0E 33 04 82 0B 83 13 10 27 00 00 00 B8  TEL,21721,S5,3591,1075,2946,4995,10000,0
A5 54 DA 54 05 07 0E 33 04 82 0B 83 13 10 27 00 00 00 BE  TEL,21722,S5,3591,1075,2946,4995,10000,0
A5 54 DB 54 05 07 0E 33 04 82 0B 83 13 10 27 00 00 00 BC  TEL,21723,S5,3591,1075,2946,4995,10000,0
A5 54 DC 54 05 A3 0E 38 04 82 0B 83 13 10 27 00 00 00 3A  TEL,21724,S5,3747,1080,2946,4995,10000,0
A5 54 DD 54 05 07 0E 33 04 82 0B 83 13 10 27 00 00 00 B0  TEL,21725,S5,3591,1075,2946,4995,10000,0
A5 54 DE 54 05 A3 0E 38 04 82 0B 83 13 10 27 00 00 00 3E  TEL,21726,S5,3747,1080,2946,4995,10000,0
A5 54 DF 54 05 E8 0D 32 04 82 0B 83 13 10 27 00 00 00 E1  TEL,21727,S5,3560,1074,2946,4995,10000,0
A5 54 E0 54 05 E8 0D 32 04 82 0B 83 13 10 27 00 00 00 9F  TEL,21728,S5,3560,1074,2946,4995,10000,0
A5 54 E1 54 05 E8 0D 32 04 82 0B 83 13 10 27 00 00 00 9D  TEL,21729,S5,3560,1074,2946,4995,10000,0
A5 54 E2 54 05 E8 0D 32 04 82 0B 83 13 10 27 00 00 00 9B  TEL,21730,S5,3560,1074,2946,4995,10000,0
A5 54 E3 54 05 E8 0D 32 04 82 0B 86 13 10 27 00 00 00 33  TEL,21731,S5,3560,1074,2946,4998,10000,0
A5 54 E4 54 05 26 0E 34 04 82 0B 83 13 10 27 00 00 00 F5  TEL,21732,S5,3622,1076,2946,4995,10000,0
A5 54 E5 54 05 E8 0D 32 04 82 0B 83 13 10 27 00 00 00 95  TEL,21733,S5,3560,1074,2946,4995,10000,0
A5 54 E6 54 05 E8 0D 32 04 82 0B 83 13 10 27 00 00 00 93  TEL,21734,S5,3560,1074,2946,4995,10000,0
A5 54 E7 54 05 07 0E 33 04 82 0B 83 13 10 27 00 00 00 C4  TEL,21735,S5,3591,1075,2946,4995,10000,0
A5 54 E8 54 05 45 0E 35 04 82 0B 83 13 10 27 00 00 00 4C  TEL,21736,S5,3653,1077,2946,4995,10000,0
A5 54 E9 54 05 07 0E 33 04 82 0B 83 13 10 27 00 00 00 D8  TEL,21737,S5,3591,1075,2946,4995,10000,0
A5 54 EA 54 05 07 0E 33 04 82 0B 83 13 10 27 00 00 00 DE  TEL,21738,S5,3591,1075,2946,4995,10000,0
A5 54 EB 54 05 E8 0D 32 04 82 0B 83 13 10 27 00 00 00 89  TEL,21739,S5,3560,1074,2946,4995,10000,0
A5 54 EC 54 05 07 0E 33 04 82 0B 83 13 10 27 00 00 00 D2  TEL,21740,S5,3591,1075,2946,4995,10000,0
A5 54 ED 54 05 E8 0D 32 04 82 0B 83 13 10 27 00 00 00 85  TEL,21741,S5,3560,1074,2946,4995,10000,0
A5 54 EE 54 05 07 0E 33 04 82 0B 83 13 10 27 00 00 00 D6  TEL,21742,S5,3591,1075,2946,4995,10000,0
A5 54 EF 54 05 E8 0D 32 04 82 0B 83 13 10 27 00 00 00 81  TEL,21743,S5,3560,1074,2946,4995,10000,0
A5 54 F0 54 05 E8 0D 32 04 82 0B 83 13 10 27 00 00 00 BF  TEL,21744,S5,3560,1074,2946,4995,10000,0
A5 54 F1 54 05 07 0E 33 04 82 0B 83 13 10 27 00 00 00 E8  TEL,21745,S5,3591,1075,2946,4995,10000,0
A5 54 F2 54 05 A3 0E 38 04 82 0B 83 13 10 27 00 00 00 66  TEL,21746,S5,3747,1080,2946,4995,10000,0
A5 54 F3 54 05 07 0E 33 04 82 0B 83 13 10 27 00 00 00 EC  TEL,21747,S5,3591,1075,2946,4995,10000,0
A5 54 F4 54 05 07 0E 33 04 82 0B 83 13 10 27 00 00 00 E2  TEL,21748,S5,3591,1075,2946,4995,10000,0
A5 54 F5 54 05 07 0E 33 04 82 0B 83 13 10 27 00 00 00 E0  TEL,21749,S5,3591,1075,2946,4995,10000,0
A5 54 F6 54 05 07 0E 33 04 82 0B 83 13 10 27 00 00 00 E6  TEL,21750,S5,3591,1075,2946,4995,10000,0
A5 54 F7 54 05 E8 0D 32 04 82 0B 83 13 10 27 00 00 00 B1  TEL,21751,S5,3560,1074,2946,4995,10000,0
A5 54 F8 54 05 26 0E 34 04 82 0B 83 13 10 27 00 00 00 CD  TEL,21752,S5,3622,1076,2946,4995,10000,0
A5 54 F9 54 05 07 0E 33 04 82 0B 83 13 10 27 00 00 00 F8  TEL,21753,S5,3591,1075,2946,4995,10000,0
A5 54 FA 54 05 64 0E 36 04 82 0B 83 13 10 27 00 00 00 23  TEL,21754,S5,3684,1078,2946,4995,10000,0
A5 54 FB 54 05 E8 0D 32 04 82 0B 83 13 10 27 00 00 00 A9  TEL,21755,S5,3560,1074,2946,4995,10000,0
A5 54 FC 54 05 AA 0D 2F 04 82 0B 83 13 10 27 00 00 00 1F  TEL,21756,S5,3498,1071,2946,4995,10000,0
A5 54 FD 54 05 E8 0D 32 04 82 0B 83 13 10 27 00 00 00 A5  TEL,21757,S5,3560,1074,2946,4995,10000,0
A5 54 FE 54 05 07 0E 33 04 82 0B 83 13 10 27 00 00 00 F6  TEL,21758,S5,3591,1075,2946,4995,10000,0
A5 54 FF 54 05 07 0E 33 04 82 0B 83 13 10 27 00 00 00 F4  TEL,21759,S5,3591,1075,2946,4995,10000,0
A5 54 00 55 05 E8 0D 32 04 82 0B 83 13 10 27 00 00 00 ED  TEL,21760,S5,3560,1074,2946,4995,10000,0
A5 54 01 55 05 E8 0D 32 04 82 0B 83 13 10 27 00 00 00 EF  TEL,21761,S5,3560,1074,2946,4995,10000,0
A5 54 02 55 05 07 0E 33 04 82 0B 83 13 10 27 00 00 00 BC  TEL,21762,S5,3591,1075,2946,4995,10000,0
A5 54 03 55 05 E8 0D 32 04 82 0B 83 13 10 27 00 00 00 EB  TEL,21763,S5,3560,1074,2946,4995,10000,0
A5 54 04 55 05 07 0E 33 04 82 0B 83 13 10 27 00 00 00 B0  TEL,21764,S5,3591,1075,2946,4995,10000,0
A5 54 05 55 05 E8 0D 32 04 82 0B 83 13 10 27 00 00 00 E7  TEL,21765,S5,3560,1074,2946,4995,10000,0
A5 54 06 55 05 C9 0D 30 04 82 0B 83 13 10 27 00 00 00 B5  TEL,21766,S5,3529,1072,2946,4995,10000,0
A5 54 07 55 05 A3 0E 38 04 82 0B 83 13 10 27 00 00 00 3E  TEL,21767,S5,3747,1080,2946,4995,10000,0
A5 54 08 55 05 26 0E 34 04 82 0B 83 13 10 27 00 00 00 9F  TEL,21768,S5,3622,1076,2946,4995,10000,0
A5 54 09 55 05 07 0E 33 04 82 0B 83 13 10 27 00 00 00 AA  TEL,21769,S5,3591,1075,2946,4995,10000,0
A5 54 0A 55 05 83 0E 37 04 82 0B 83 13 10 27 00 00 00 7F  TEL,21770,S5,3715,1079,2946,4995,10000,0
A5 54 0B 55 05 E8 0D 32 04 82 0B 83 13 10 27 00 00 00 FB  TEL,21771,S5,3560,1074,2946,4995,10000,0
A5 54 0C 55 05 07 0E 33 04 82 0B 83 13 10 27 00 00 00 A0  TEL,21772,S5,3591,1075,2946,4995,10000,0
A5 54 0D 55 05 E8 0D 32 04 82 0B 83 13 10 27 00 00 00 F7  TEL,21773,S5,3560,1074,2946,4995,10000,0
A5 54 0E 55 05 C9 0D 31 04 82 0B 83 13 10 27 00 00 00 BA  TEL,21774,S5,3529,1073,2946,4995,10000,0
A5 54 0F 55 05 07 0E 33 04 82 0B 83 13 10 27 00 00 00 A6  TEL,21775,S5,3591,1075,2946,4995,10000,0
A5 54 10 55 05 07 0E 33 04 82 0B 83 13 10 27 00 00 00 98  TEL,21776,S5,3591,1075,2946,4995,10000,0
A5 54 11 55 05 E8 0D 32 04 82 0B 83 13 10 27 00 00 00 CF  TEL,21777,S5,3560,1074,2946,4995,10000,0
A5 54 12 55 05 C9 0D 31 04 82 0B 83 13 10 27 00 00 00 82  TEL,21778,S5,3529,1073,2946,4995,10000,0
A5 54 13 55 05 E8 0D 32 04 82 0B 83 13 10 27 00 00 00 CB  TEL,21779,S5,3560,1074,2946,4995,10000,0
A5 54 14 55 05 07 0E 33 04 82 0B 83 13 10 27 00 00 00 90  TEL,21780,S5,3591,1075,2946,4995,10000,0
A5 54 15 55 05 07 0E 33 04 82 0B 83 13 10 27 00 00 00 92  TEL,21781,S5,3591,1075,2946,4995,10000,0
A5 54 16 55 05 07 0E 33 04 82 0B 83 13 10 27 00 00 00 94  TEL,21782,S5,3591,1075,2946,4995,10000,0
A5 54 17 55 05 07 0E 33 04 82 0B 83 13 10 27 00 00 00 96  TEL,21783,S5,3591,1075,2946,4995,10000,0
A5 54 18 55 05 26 0E 34 04 82 0B 83 13 10 27 00 00 00 BF  TEL,21784,S5,3622,1076,2946,4995,10000,0
A5 54 19 55 05 07 0E 33 04 82 0B 83 13 10 27 00 00 00 8A  TEL,21785,S5,3591,1075,2946,4995,10000,0
A5 54 1A 55 05 E8 0D 32 04 82 0B 83 13 10 27 00 00 00 D9  TEL,21786,S5,3560,1074,2946,4995,10000,0
A5 54 1B 55 05 07 0E 33 04 82 0B 83 13 10 27 00 00 00 8E  TEL,21787,S5,3591,1075,2946,4995,10000,0
A5 54 1C 55 05 AA 0D 2F 04 82 0B 83 13 10 27 00 00 00 6D  TEL,21788,S5,3498,1071,2946,4995,10000,0
A5 54 1D 55 05 45 0E 35 04 82 0B 83 13 10 27 00 00 00 14  TEL,21789,S5,3653,1077,2946,4995,10000,0
A5 54 1E 55 05 E8 0D 32 04 82 0B 83 13 10 27 00 00 00 D1  TEL,21790,S5,3560,1074,2946,4995,10000,0
A5 54 1F 55 05 07 0E 33 04 82 0B 83 13 10 27 00 00 00 86  TEL,21791,S5,3591,1075,2946,4995,10000,0
A5 54 20 55 05 E8 0D 32 04 82 0B 83 13 10 27 00 00 00 AD  TEL,21792,S5,3560,1074,2946,4995,10000,0
A5 54 21 55 05 E8 0D 32 04 82 0B 83 13 10 27 00 00 00 AF  TEL,21793,S5,3560,1074,2946,4995,10000,0
A5 54 22 55 05 07 0E 33 04 82 0B 83 13 10 27 00 00 00 FC  TEL,21794,S5,3591,1075,2946,4995,10000,0
A5 54 23 55 05 E8 0D 32 04 82 0B 83 13 10 27 00 00 00 AB  TEL,21795,S5,3560,1074,2946,4995,10000,0
A5 54 24 55 05 07 0E 33 04 82 0B 83 13 10 27 00 00 00 F0  TEL,21796,S5,3591,1075,2946,4995,10000,0
A5 54 25 55 05 07 0E 33 04 82 0B 83 13 10 27 00 00 00 F2  TEL,21797,S5,3591,1075,2946,4995,10000,0
A5 54 26 55 05 C2 0E 39 04 82 0B 83 13 10 27 00 00 00 F2  TEL,21798,S5,3778,1081,2946,4995,10000,0
A5 54 27 55 05 07 0E 33 04 82 0B 83 13 10 27 00 00 00 F6  TEL,21799,S5,3591,1075,2946,4995,10000,0
A5 54 28 55 05 45 0E 35 04 82 0B 83 13 10 27 00 00 00 7E  TEL,21800,S5,3653,1077,2946,4995,10000,0
A5 54 29 55 05 E8 0D 32 04 82 0B 83 13 10 27 00 00 00 BF  TEL,21801,S5,3560,1074,2946,4995,10000,0
A5 54 2A 55 05 07 0E 33 04 82 0B 83 13 10 27 00 00 00 EC  TEL,21802,S5,3591,1075,2946,4995,10000,0
A5 54 2B 55 05 E8 0D 32 04 82 0B 83 13 10 27 00 00 00 BB  TEL,21803,S5,3560,1074,2946,4995,10000,0
A5 54 2C 55 05 07 0E 33 04 82 0B 83 13 10 27 00 00 00 E0  TEL,21804,S5,3591,1075,2946,4995,10000,0
A5 54 2D 55 05 E8 0D 32 04 82 0B 83 13 10 27 00 00 00 B7  TEL,21805,S5,3560,1074,2946,4995,10000,0
A5 54 2E 55 05 45 0E 35 04 82 0B 83 13 10 27 00 00 00 72  TEL,21806,S5,3653,1077,2946,4995,10000,0
A5 54 2F 55 05 07 0E 33 04 82 0B 83 13 10 27 00 00 00 E6  TEL,21807,S5,3591,1075,2946,4995,10000,0
A5 54 30 55 05 07 0E 33 04 82 0B 83 13 10 27 00 00 00 D8  TEL,21808,S5,3591,1075,2946,4995,10000,0
A5 54 31 55 05 07 0E 33 04 82 0B 83 13 10 27 00 00 00 DA  TEL,21809,S5,3591,1075,2946,4995,10000,0
A5 54 32 55 05 07 0E 33 04 82 0B 83 13 10 27 00 00 00 DC  TEL,21810,S5,3591,1075,2946,4995,10000,0
A5 54 33 55 05 07 0E 33 04 82 0B 83 13 10 27 00 00 00 DE  TEL,21811,S5,3591,1075,2946,4995,10000,0
A5 54 34 55 05 07 0E 33 04 82 0B 83 13 10 27 00 00 00 D0  TEL,21812,S5,3591,1075,2946,4995,10000,0
A5 54 35 55 05 07 0E 33 04 82 0B 83 13 10 27 00 00 00 D2  TEL,21813,S5,3591,1075,2946,4995,10000,0
A5 54 36 55 05 07 0E 33 04 82 0B 83 13 10 27 00 00 00 D4  TEL,21814,S5,3591,1075,2946,4995,10000,0
A5 54 37 55 05 07 0E 33 04 82 0B 83 13 10 27 00 00 00 D6  TEL,21815,S5,3591,1075,2946,4995,10000,0
A5 54 38 55 05 83 0E 37 04 82 0B 83 13 10 27 00 00 00 1B  TEL,21816,S5,3715,1079,2946,4995,10000,0
A5 54 39 55 05 E8 0D 32 04 82 0B 83 13 10 27 00 00 00 9F  TEL,21817,S5,3560,1074,2946,4995,10000,0
A5 54 3A 55 05 07 0E 33 04 82 0B 83 13 10 27 00 00 00 CC  TEL,21818,S5,3591,1075,2946,4995,10000,0
A5 54 3B 55 05 E8 0D 32 04 82 0B 83 13 10 27 00 00 00 9B  TEL,21819,S5,3560,1074,2946,4995,10000,0
A5 54 3C 55 05 E8 0D 32 04 82 0B 83 13 10 27 00 00 00 95  TEL,21820,S5,3560,1074,2946,4995,10000,0
A5 54 3D 55 05 07 0E 33 04 82 0B 83 13 10 27 00 00 00 C2  TEL,21821,S5,3591,1075,2946,4995,10000,0
A5 54 3E 55 05 07 0E 33 04 82 0B 83 13 10 27 00 00 00 C4  TEL,21822,S5,3591,1075,2946,4995,10000,0
A5 54 3F 55 05 07 0E 33 04 82 0B 83 13 10 27 00 00 00 C6  TEL,21823,S5,3591,1075,2946,4995,10000,0
A5 54 40 55 05 C9 0D 30 04 82 0B 83 13 10 27 00 00 00 39  TEL,21824,S5,3529,1072,2946,4995,10000,0
A5 54 41 55 05 07 0E 33 04 82 0B 83 13 10 27 00 00 00 3A  TEL,21825,S5,3591,1075,2946,4995,10000,0
A5 54 42 55 05 07 0E 33 04 82 0B 83 13 10 27 00 00 00 3C  TEL,21826,S5,3591,1075,2946,4995,10000,0
A5 54 43 55 05 E8 0D 32 04 82 0B 83 13 10 27 00 00 00 6B  TEL,21827,S5,3560,1074,2946,4995,10000,0
A5 54 44 55 05 64 0E 36 04 82 0B 83 13 10 27 00 00 00 ED  TEL,21828,S5,3684,1078,2946,4995,10000,0
A5 54 45 55 05 07 0E 33 04 82 0B 83 13 10 27 00 00 00 32  TEL,21829,S5,3591,1075,2946,4995,10000,0
A5 54 46 55 05 E8 0D 32 04 82 0B 83 13 10 27 00 00 00 61  TEL,21830,S5,3560,1074,2946,4995,10000,0
A5 54 47 55 05 E8 0D 32 04 82 0B 83 13 10 27 00 00 00 63  TEL,21831,S5,3560,1074,2946,4995,10000,0
A5 54 48 55 05 64 0E 36 04 82 0B 83 13 10 27 00 00 00 F5  TEL,21832,S5,3684,1078,2946,4995,10000,0
A5 54 49 55 05 E8 0D 32 04 82 0B 83 13 10 27 00 00 00 7F  TEL,21833,S5,3560,1074,2946,4995,10000,0
A5 54 4A 55 05 E8 0D 32 04 82 0B 83 13 10 27 00 00 00 79  TEL,21834,S5,3560,1074,2946,4995,10000,0
A5 54 4B 55 05 E8 0D 32 04 82 0B 83 13 10 27 00 00 00 7B  TEL,21835,S5,3560,1074,2946,4995,10000,0
A5 54 4C 55 05 07 0E 33 04 82 0B 83 13 10 27 00 00 00 20  TEL,21836,S5,3591,1075,2946,4995,10000,0
A5 54 4D 55 05 07 0E 33 04 82 0B 83 13 10 27 00 00 00 22  TEL,21837,S5,3591,1075,2946,4995,10000,0
A5 54 4E 55 05 E8 0D 32 04 82 0B 83 13 10 27 00 00 00 71  TEL,21838,S5,3560,1074,2946,4995,10000,0
A5 54 4F 55 05 07 0E 33 04 82 0B 83 13 10 27 00 00 00 26  TEL,21839,S5,3591,1075,2946,4995,10000,0
A5 54 50 55 05 07 0E 33 04 82 0B 83 13 10 27 00 00 00 18  TEL,21840,S5,3591,1075,2946,4995,10000,0
A5 54 51 55 05 4C 0D 2C 04 82 0B 83 13 10 27 00 00 00 53  TEL,21841,S5,3404,1068,2946,4995,10000,0
A5 54 52 55 05 07 0E 33 04 82 0B 83 13 10 27 00 00 00 1C  TEL,21842,S5,3591,1075,2946,4995,10000,0
A5 54 53 55 05 26 0E 34 04 82 0B 83 13 10 27 00 00 00 29  TEL,21843,S5,3622,1076,2946,4995,10000,0
A5 54 54 55 05 07 0E 33 04 82 0B 83 13 10 27 00 00 00 10  TEL,21844,S5,3591,1075,2946,4995,10000,0
A5 54 55 55 05 E8 0D 32 04 82 0B 83 13 10 27 00 00 00 47  TEL,21845,S5,3560,1074,2946,4995,10000,0
A5 54 56 55 05 07 0E 33 04 82 0B 83 13 10 27 00 00 00 14  TEL,21846,S5,3591,1075,2946,4995,10000,0
A5 54 57 55 05 07 0E 33 04 82 0B 83 13 10 27 00 00 00 16  TEL,21847,S5,3591,1075,2946,4995,10000,0
A5 54 58 55 05 45 0E 35 04 82 0B 83 13 10 27 00 00 00 9E  TEL,21848,S5,3653,1077,2946,4995,10000,0
A5 54 59 55 05 E8 0D 32 04 82 0B 83 13 10 27 00 00 00 5F  TEL,21849,S5,3560,1074,2946,4995,10000,0
A5 54 5A 55 05 07 0E 33 04 82 0B 83 13 10 27 00 00 00 0C  TEL,21850,S5,3591,1075,2946,4995,10000,0
A5 54 5B 55 05 E8 0D 32 04 82 0B 83 13 10 27 00 00 00 5B  TEL,21851,S5,3560,1074,2946,4995,10000,0
A5 54 5C 55 05 45 0E 35 04 82 0B 83 13 10 27 00 00 00 96  TEL,21852,S5,3653,1077,2946,4995,10000,0
A5 54 5D 55 05 E8 0D 32 04 82 0B 83 13 10 27 00 00 00 57  TEL,21853,S5,3560,1074,2946,4995,10000,0
A5 54 5E 55 05 07 0E 33 04 82 0B 83 13 10 27 00 00 00 04  TEL,21854,S5,3591,1075,2946,4995,10000,0
A5 54 5F 55 05 E8 0D 32 04 82 0B 83 13 10 27 00 00 00 53  TEL,21855,S5,3560,1074,2946,4995,10000,0
A5 54 60 55 05 07 0E 33 04 82 0B 83 13 10 27 00 00 00 78  TEL,21856,S5,3591,1075,2946,4995,10000,0
A5 42 8B 00 05 61 55 F0 F8 59 16 01 F9 59 16 03 F9 59 16 44  BTN,139,S5,PRESSED,21857,374995184,374995201,374995203
A5 54 62 55 05 E8 0D 32 04 82 0B 83 13 10 27 00 00 00 29  TEL,21858,S5,3560,1074,2946,4995,10000,0
A5 54 63 55 05 07 0E 33 04 82 0B 83 13 10 27 00 00 00 7E  TEL,21859,S5,3591,1075,2946,4995,10000,0
A5 54 64 55 05 07 0E 33 04 82 0B 83 13 10 27 00 00 00 70  TEL,21860,S5,3591,1075,2946,4995,10000,0
A5 54 65 55 05 07 0E 33 04 82 0B 83 13 10 27 00 00 00 72  TEL,21861,S5,3591,1075,2946,4995,10000,0
A5 54 66 55 05 64 0E 36 04 82 0B 83 13 10 27 00 00 00 A9  TEL,21862,S5,3684,1078,2946,4995,10000,0
A5 54 67 55 05 07 0E 33 04 82 0B 83 13 10 27 00 00 00 76  TEL,21863,S5,3591,1075,2946,4995,10000,0
A5 54 68 55 05 E8 0D 32 04 82 0B 83 13 10 27 00 00 00 3D  TEL,21864,S5,3560,1074,2946,4995,10000,0
A5 54 69 55 05 45 0E 35 04 82 0B 83 13 10 27 00 00 00 FC  TEL,21865,S5,3653,1077,2946,4995,10000,0
A5 54 6A 55 05 E8 0D 32 04 82 0B 83 13 10 27 00 00 00 39  TEL,21866,S5,3560,1074,2946,4995,10000,0
A5 54 6B 55 05 C2 0E 39 04 82 0B 83 13 10 27 00 00 00 68  TEL,21867,S5,3778,1081,2946,4995,10000,0
A5 54 6C 55 05 07 0E 33 04 82 0B 83 13 10 27 00 00 00 60  TEL,21868,S5,3591,1075,2946,4995,10000,0
A5 54 6D 55 05 45 0E 35 04 82 0B 83 13 10 27 00 00 00 F4  TEL,21869,S5,3653,1077,2946,4995,10000,0
A5 54 6E 55 05 E8 0D 32 04 82 0B 83 13 10 27 00 00 00 31  TEL,21870,S5,3560,1074,2946,4995,10000,0
A5 54 6F 55 05 E8 0D 32 04 82 0B 83 13 10 27 00 00 00 33  TEL,21871,S5,3560,1074,2946,4995,10000,0
A5 54 70 55 05 07 0E 33 04 82 0B 83 13 10 27 00 00 00 58  TEL,21872,S5,3591,1075,2946,4995,10000,0
A5 54 71 55 05 07 0E 33 04 82 0B 83 13 10 27 00 00 00 5A  TEL,21873,S5,3591,1075,2946,4995,10000,0
A5 54 72 55 05 64 0E 36 04 82 0B 83 13 10 27 00 00 00 81  TEL,21874,S5,3684,1078,2946,4995,10000,0
A5 54 73 55 05 45 0E 35 04 82 0B A6 13 10 27 00 00 00 C3  TEL,21875,S5,3653,1077,2946,5030,10000,0
A5 54 74 55 05 07 0E 33 04 82 0B 83 13 10 27 00 00 00 50  TEL,21876,S5,3591,1075,2946,4995,10000,0
A5 54 75 55 05 E8 0D 32 04 82 0B 83 13 10 27 00 00 00 07  TEL,21877,S5,3560,1074,2946,4995,10000,0
A5 54 76 55 05 07 0E 33 04 82 0B 83 13 10 27 00 00 00 54  TEL,21878,S5,3591,1075,2946,4995,10000,0
A5 54 77 55 05 E8 0D 32 04 82 0B 83 13 10 27 00 00 00 03  TEL,21879,S5,3560,1074,2946,4995,10000,0
A5 54 78 55 05 07 0E 33 04 82 0B 83 13 10 27 00 00 00 48  TEL,21880,S5,3591,1075,2946,4995,10000,0
A5 54 79 55 05 45 0E 35 04 82 0B 83 13 10 27 00 00 00 DC  TEL,21881,S5,3653,1077,2946,4995,10000,0
A5 54 7A 55 05 E8 0D 32 04 82 0B 83 13 10 27 00 00 00 19  TEL,21882,S5,3560,1074,2946,4995,10000,0
A5 54 7B 55 05 07 0E 33 04 82 0B 83 13 10 27 00 00 00 4E  TEL,21883,S5,3591,1075,2946,4995,10000,0
A5 54 7C 55 05 E8 0D 32 04 82 0B 83 13 10 27 00 00 00 15  TEL,21884,S5,3560,1074,2946,4995,10000,0
A5 54 7D 55 05 E8 0D 32 04 82 0B 83 13 10 27 00 00 00 17  TEL,21885,S5,3560,1074,2946,4995,10000,0
A5 54 7E 55 05 E8 0D 32 04 82 0B 83 13 10 27 00 00 00 11  TEL,21886,S5,3560,1074,2946,4995,10000,0
A5 54 7F 55 05 07 0E 33 04 82 0B 83 13 10 27 00 00 00 46  TEL,21887,S5,3591,1075,2946,4995,10000,0
A5 54 80 55 05 07 0E 33 04 82 0B 83 13 10 27 00 00 00 BF  TEL,21888,S5,3591,1075,2946,4995,10000,0
A5 54 81 55 05 64 0E 36 04 82 0B 83 13 10 27 00 00 00 60  TEL,21889,S5,3684,1078,2946,4995,10000,0
A5 54 82 55 05 07 0E 33 04 82 0B 83 13 10 27 00 00 00 BB  TEL,21890,S5,3591,1075,2946,4995,10000,0
A5 54 83 55 05 07 0E 33 04 82 0B 83 13 10 27 00 00 00 B9  TEL,21891,S5,3591,1075,2946,4995,10000,0
A5 54 84 55 05 26 0E 34 04 82 0B 83 13 10 27 00 00 00 80  TEL,21892,S5,3622,1076,2946,4995,10000,0
A5 54 85 55 05 07 0E 33 04 82 0B 83 13 10 27 00 00 00 B5  TEL,21893,S5,3591,1075,2946,4995,10000,0
A5 54 86 55 05 07 0E 33 04 82 0B 83 13 10 27 00 00 00 B3  TEL,21894,S5,3591,1075,2946,4995,10000,0
A5 54 87 55 05 07 0E 33 04 82 0B 83 13 10 27 00 00 00 B1  TEL,21895,S5,3591,1075,2946,4995,10000,0
A5 54 88 55 05 E8 0D 32 04 82 0B 83 13 10 27 00 00 00 FA  TEL,21896,S5,3560,1074,2946,4995,10000,0
A5 54 89 55 05 45 0E 35 04 82 0B 83 13 10 27 00 00 00 3B  TEL,21897,S5,3653,1077,2946,4995,10000,0
A5 54 8A 55 05 07 0E 33 04 82 0B 83 13 10 27 00 00 00 AB  TEL,21898,S5,3591,1075,2946,4995,10000,0
A5 54 8B 55 05 26 0E 34 04 82 0B 83 13 10 27 00 00 00 9E  TEL,21899,S5,3622,1076,2946,4995,10000,0
A5 54 8C 55 05 07 0E 33 04 82 0B 83 13 10 27 00 00 00 A7  TEL,21900,S5,3591,1075,2946,4995,10000,0
A5 54 8D 55 05 07 0E 33 04 82 0B 83 13 10 27 00 00 00 A5  TEL,21901,S5,3591,1075,2946,4995,10000,0
A5 54 8E 55 05 07 0E 33 04 82 0B 83 13 10 27 00 00 00 A3  TEL,21902,S5,3591,1075,2946,4995,10000,0
A5 54 8F 55 05 E8 0D 32 04 82 0B 83 13 10 27 00 00 00 F4  TEL,21903,S5,3560,1074,2946,4995,10000,0
A5 54 90 55 05 07 0E 33 04 82 0B 83 13 10 27 00 00 00 9F  TEL,21904,S5,3591,1075,2946,4995,10000,0
A5 54 91 55 05 A3 0E 38 04 82 0B 83 13 10 27 00 00 00 15  TEL,21905,S5,3747,1080,2946,4995,10000,0
A5 54 92 55 05 07 0E 33 04 82 0B 83 13 10 27 00 00 00 9B  TEL,21906,S5,3591,1075,2946,4995,10000,0
A5 54 93 55 05 E8 0D 32 04 82 0B 83 13 10 27 00 00 00 CC  TEL,21907,S5,3560,1074,2946,4995,10000,0
A5 54 94 55 05 26 0E 34 04 82 0B 83 13 10 27 00 00 00 A0  TEL,21908,S5,3622,1076,2946,4995,10000,0
A5 54 95 55 05 07 0E 33 04 82 0B 83 13 10 27 00 00 00 95  TEL,21909,S5,3591,1075,2946,4995,10000,0
A5 54 96 55 05 07 0E 33 04 82 0B 83 13 10 27 00 00 00 93  TEL,21910,S5,3591,1075,2946,4995,10000,0
A5 54 97 55 05 07 0E 33 04 82 0B 83 13 10 27 00 00 00 91  TEL,21911,S5,3591,1075,2946,4995,10000,0
A5 54 98 55 05 C2 0E 39 04 82 0B 83 13 10 27 00 00 00 89  TEL,21912,S5,3778,1081,2946,4995,10000,0
A5 54 99 55 05 26 0E 34 04 82 0B 83 13 10 27 00 00 00 BA  TEL,21913,S5,3622,1076,2946,4995,10000,0
A5 54 9A 55 05 64 0E 36 04 82 0B 83 13 10 27 00 00 00 56  TEL,21914,S5,3684,1078,2946,4995,10000,0
A5 54 9B 55 05 07 0E 33 04 82 0B 83 13 10 27 00 00 00 89  TEL,21915,S5,3591,1075,2946,4995,10000,0
A5 54 9C 55 05 07 0E 33 04 82 0B 83 13 10 27 00 00 00 87  TEL,21916,S5,3591,1075,2946,4995,10000,0
A5 54 9D 55 05 07 0E 33 04 82 0B 83 13 10 27 00 00 00 85  TEL,21917,S5,3591,1075,2946,4995,10000,0
A5 54 9E 55 05 07 0E 33 04 82 0B 83 13 10 27 00 00 00 83  TEL,21918,S5,3591,1075,2946,4995,10000,0
A5 54 9F 55 05 E8 0D 32 04 82 0B 83 13 10 27 00 00 00 D4  TEL,21919,S5,3560,1074,2946,4995,10000,0
A5 54 A0 55 05 07 0E 33 04 82 0B 83 13 10 27 00 00 00 FF  TEL,21920,S5,3591,1075,2946,4995,10000,0
A5 54 A1 55 05 E8 0D 32 04 82 0B 83 13 10 27 00 00 00 A8  TEL,21921,S5,3560,1074,2946,4995,10000,0
A5 54 A2 55 05 E8 0D 32 04 82 0B 83 13 10 27 00 00 00 AE  TEL,21922,S5,3560,1074,2946,4995,10000,0
A5 54 A3 55 05 07 0E 33 04 82 0B 83 13 10 27 00 00 00 F9  TEL,21923,S5,3591,1075,2946,4995,10000,0
A5 54 A4 55 05 07 0E 33 04 82 0B 83 13 10 27 00 00 00 F7  TEL,21924,S5,3591,1075,2946,4995,10000,0
A5 54 A5 55 05 07 0E 33 04 82 0B 83 13 10 27 00 00 00 F5  TEL,21925,S5,3591,1075,2946,4995,10000,0
A5 54 A6 55 05 07 0E 33 04 82 0B 83 13 10 27 00 00 00 F3  TEL,21926,S5,3591,1075,2946,4995,10000,0
A5 54 A7 55 05 64 0E 36 04 82 0B 83 13 10 27 00 00 00 2C  TEL,21927,S5,3684,1078,2946,4995,10000,0
A5 54 A8 55 05 E8 0D 32 04 82 0B 83 13 10 27 00 00 00 BA  TEL,21928,S5,3560,1074,2946,4995,10000,0
A5 54 A9 55 05 45 0E 35 04 82 0B 83 13 10 27 00 00 00 7B  TEL,21929,S5,3653,1077,2946,4995,10000,0
A5 54 AA 55 05 07 0E 33 04 82 0B 83 13 10 27 00 00 00 EB  TEL,21930,S5,3591,1075,2946,4995,10000,0
A5 54 AB 55 05 E8 0D 32 04 82 0B 83 13 10 27 00 00 00 BC  TEL,21931,S5,3560,1074,2946,4995,10000,0
A5 54 AC 55 05 E8 0D 32 04 82 0B 83 13 10 27 00 00 00 B2  TEL,21932,S5,3560,1074,2946,4995,10000,0
A5 54 AD 55 05 07 0E 33 04 82 0B 83 13 10 27 00 00 00 E5  TEL,21933,S5,3591,1075,2946,4995,10000,0
A5 54 AE 55 05 07 0E 33 04 82 0B 83 13 10 27 00 00 00 E3  TEL,21934,S5,3591,1075,2946,4995,10000,0
A5 54 AF 55 05 07 0E 33 04 82 0B 83 13 10 27 00 00 00 E1  TEL,21935,S5,3591,1075,2946,4995,10000,0
A5 54 B0 55 05 07 0E 33 04 82 0B 83 13 10 27 00 00 00 DF  TEL,21936,S5,3591,1075,2946,4995,10000,0
A5 54 B1 55 05 C9 0D 31 04 82 0B 83 13 10 27 00 00 00 C3  TEL,21937,S5,3529,1073,2946,4995,10000,0
A5 54 B2 55 05 07 0E 33 04 82 0B 83 13 10 27 00 00 00 DB  TEL,21938,S5,3591,1075,2946,4995,10000,0
A5 54 B3 55 05 E8 0D 32 04 82 0B 83 13 10 27 00 00 00 8C  TEL,21939,S5,3560,1074,2946,4995,10000,0
A5 54 B4 55 05 07 0E 33 04 82 0B 83 13 10 27 00 00 00 D7  TEL,21940,S5,3591,1075,2946,4995,10000,0
A5 54 B5 55 05 07 0E 33 04 82 0B 83 13 10 27 00 00 00 D5  TEL,21941,S5,3591,1075,2946,4995,10000,0
A5 54 B6 55 05 07 0E 33 04 82 0B 83 13 10 27 00 00 00 D3  TEL,21942,S5,3591,1075,2946,4995,10000,0
A5 54 B7 55 05 C9 0D 30 04 82 0B 83 13 10 27 00 00 00 D0  TEL,21943,S5,3529,1072,2946,4995,10000,0
A5 54 B8 55 05 E8 0D 32 04 82 0B 83 13 10 27 00 00 00 9A  TEL,21944,S5,3560,1074,2946,4995,10000,0
A5 54 B9 55 05 83 0E 37 04 82 0B 83 13 10 27 00 00 00 1E  TEL,21945,S5,3715,1079,2946,4995,10000,0
A5 54 BA 55 05 07 0E 33 04 82 0B 83 13 10 27 00 00 00 CB  TEL,21946,S5,3591,1075,2946,4995,10000,0
A5 54 BB 55 05 E8 0D 32 04 82 0B 83 13 10 27 00 00 00 9C  TEL,21947,S5,3560,1074,2946,4995,10000,0
A5 54 BC 55 05 07 0E 33 04 82 0B 83 13 10 27 00 00 00 C7  TEL,21948,S5,3591,1075,2946,4995,10000,0
A5 54 BD 55 05 E8 0D 32 04 82 0B 83 13 10 27 00 00 00 90  TEL,21949,S5,3560,1074,2946,4995,10000,0
A5 54 BE 55 05 07 0E 33 04 82 0B 83 13 10 27 00 00 00 C3  TEL,21950,S5,3591,1075,2946,4995,10000,0
A5 54 BF 55 05 E8 0D 32 04 82 0B 83 13 10 27 00 00 00 94  TEL,21951,S5,3560,1074,2946,4995,10000,0
A5 54 C0 55 05 07 0E 33 04 82 0B 83 13 10 27 00 00 00 3F  TEL,21952,S5,3591,1075,2946,4995,10000,0
A5 54 C1 55 05 E8 0D 32 04 82 0B 83 13 10 27 00 00 00 68  TEL,21953,S5,3560,1074,2946,4995,10000,0
A5 54 C2 55 05 64 0E 36 04 82 0B 83 13 10 27 00 00 00 E6  TEL,21954,S5,3684,1078,2946,4995,10000,0
A5 54 C3 55 05 07 0E 33 04 82 0B 83 13 10 27 00 00 00 39  TEL,21955,S5,3591,1075,2946,4995,10000,0
A5 54 C4 55 05 07 0E 33 04 82 0B 83 13 10 27 00 00 00 37  TEL,21956,S5,3591,1075,2946,4995,10000,0
A5 54 C5 55 05 07 0E 33 04 82 0B 83 13 10 27 00 00 00 35  TEL,21957,S5,3591,1075,2946,4995,10000,0
A5 54 C6 55 05 C9 0D 31 04 82 0B 83 13 10 27 00 00 00 2D  TEL,21958,S5,3529,1073,2946,4995,10000,0
A5 54 C7 55 05 64 0E 36 04 82 0B 83 13 10 27 00 00 00 EC  TEL,21959,S5,3684,1078,2946,4995,10000,0
A5 54 C8 55 05 45 0E 35 04 82 0B 83 13 10 27 00 00 00 B9  TEL,21960,S5,3653,1077,2946,4995,10000,0
A5 54 C9 55 05 26 0E 34 04 82 0B 83 13 10 27 00 00 00 1A  TEL,21961,S5,3622,1076,2946,4995,10000,0
A5 54 CA 55 05 E8 0D 32 04 82 0B 83 13 10 27 00 00 00 7E  TEL,21962,S5,3560,1074,2946,4995,10000,0
A5 54 CB 55 05 07 0E 33 04 82 0B 83 13 10 27 00 00 00 29  TEL,21963,S5,3591,1075,2946,4995,10000,0
A5 54 CC 55 05 AA 0D 2F 04 82 0B 83 13 10 27 00 00 00 CA  TEL,21964,S5,3498,1071,2946,4995,10000,0
A5 54 CD 55 05 45 0E 35 04 82 0B 83 13 10 27 00 00 00 B3  TEL,21965,S5,3653,1077,2946,4995,10000,0
A5 54 CE 55 05 07 0E 33 04 82 0B 83 13 10 27 00 00 00 23  TEL,21966,S5,3591,1075,2946,4995,10000,0
A5 54 CF 55 05 C2 0E 3A 04 82 0B 83 13 10 27 00 00 00 06  TEL,21967,S5,3778,1082,2946,4995,10000,0
A5 54 D0 55 05 64 0E 36 04 82 0B 83 13 10 27 00 00 00 C2  TEL,21968,S5,3684,1078,2946,4995,10000,0
A5 54 D1 55 05 C9 0D 30 04 82 0B 83 13 10 27 00 00 00 1C  TEL,21969,S5,3529,1072,2946,4995,10000,0
A5 54 D2 55 05 E8 0D 32 04 82 0B 83 13 10 27 00 00 00 4E  TEL,21970,S5,3560,1074,2946,4995,10000,0
A5 54 D3 55 05 07 0E 33 04 82 0B 83 13 10 27 00 00 00 19  TEL,21971,S5,3591,1075,2946,4995,10000,0
A5 54 D4 55 05 07 0E 33 04 82 0B 83 13 10 27 00 00 00 17  TEL,21972,S5,3591,1075,2946,4995,10000,0
A5 54 D5 55 05 64 0E 36 04 82 0B 83 13 10 27 00 00 00 C8  TEL,21973,S5,3684,1078,2946,4995,10000,0
A5 54 D6 55 05 E8 0D 32 04 82 0B 83 13 10 27 00 00 00 46  TEL,21974,S5,3560,1074,2946,4995,10000,0
A5 54 D7 55 05 E8 0D 32 04 82 0B 83 13 10 27 00 00 00 44  TEL,21975,S5,3560,1074,2946,4995,10000,0
A5 54 D8 55 05 E8 0D 32 04 82 0B 83 13 10 27 00 00 00 5A  TEL,21976,S5,3560,1074,2946,4995,10000,0
A5 54 D9 55 05 45 0E 35 04 82 0B 83 13 10 27 00 00 00 9B  TEL,21977,S5,3653,1077,2946,4995,10000,0
A5 54 DA 55 05 E8 0D 32 04 82 0B 83 13 10 27 00 00 00 5E  TEL,21978,S5,3560,1074,2946,4995,10000,0
A5 54 DB 55 05 07 0E 33 04 82 0B 83 13 10 27 00 00 00 09  TEL,21979,S5,3591,1075,2946,4995,10000,0
A5 54 DC 55 05 07 0E 33 04 82 0B 83 13 10 27 00 00 00 07  TEL,21980,S5,3591,1075,2946,4995,10000,0
A5 54 DD 55 05 07 0E 33 04 82 0B 83 13 10 27 00 00 00 05  TEL,21981,S5,3591,1075,2946,4995,10000,0
A5 54 DE 55 05 26 0E 34 04 82 0B 83 13 10 27 00 00 00 34  TEL,21982,S5,3622,1076,2946,4995,10000,0
A5 54 DF 55 05 07 0E 33 04 82 0B 83 13 10 27 00 00 00 01  TEL,21983,S5,3591,1075,2946,4995,10000,0
A5 54 E0 55 05 E8 0D 32 04 82 0B 83 13 10 27 00 00 00 2A  TEL,21984,S5,3560,1074,2946,4995,10000,0
A5 54 E1 55 05 07 0E 33 04 82 0B 83 13 10 27 00 00 00 7D  TEL,21985,S5,3591,1075,2946,4995,10000,0
A5 54 E2 55 05 07 0E 33 04 82 0B 83 13 10 27 00 00 00 7B  TEL,21986,S5,3591,1075,2946,4995,10000,0
A5 54 E3 55 05 8A 0D 2E 04 82 0B 83 13 10 27 00 00 00 75  TEL,21987,S5,3466,1070,2946,4995,10000,0
A5 54 E4 55 05 E8 0D 32 04 82 0B 83 13 10 27 00 00 00 22  TEL,21988,S5,3560,1074,2946,4995,10000,0
A5 54 E5 55 05 C9 0D 30 04 82 0B 83 13 10 27 00 00 00 74  TEL,21989,S5,3529,1072,2946,4995,10000,0
A5 54 E6 55 05 07 0E 33 04 82 0B 83 13 10 27 00 00 00 73  TEL,21990,S5,3591,1075,2946,4995,10000,0
A5 54 E7 55 05 07 0E 33 04 82 0B 83 13 10 27 00 00 00 71  TEL,21991,S5,3591,1075,2946,4995,10000,0
A5 54 E8 55 05 07 0E 33 04 82 0B 83 13 10 27 00 00 00 6F  TEL,21992,S5,3591,1075,2946,4995,10000,0
A5 54 E9 55 05 45 0E 35 04 82 0B 83 13 10 27 00 00 00 FB  TEL,21993,S5,3653,1077,2946,4995,10000,0
A5 54 EA 55 05 07 0E 33 04 82 0B 83 13 10 27 00 00 00 6B  TEL,21994,S5,3591,1075,2946,4995,10000,0
A5 54 EB 55 05 07 0E 33 04 82 0B 83 13 10 27 00 00 00 69  TEL,21995,S5,3591,1075,2946,4995,10000,0
A5 54 EC 55 05 07 0E 33 04 82 0B 83 13 10 27 00 00 00 67  TEL,21996,S5,3591,1075,2946,4995,10000,0
A5 54 ED 55 05 07 0E 33 04 82 0B 83 13 10 27 00 00 00 65  TEL,21997,S5,3591,1075,2946,4995,10000,0
A5 54 EE 55 05 26 0E 34 04 82 0B 83 13 10 27 00 00 00 54  TEL,21998,S5,3622,1076,2946,4995,10000,0
A5 54 EF 55 05 07 0E 33 04 82 0B 83 13 10 27 00 00 00 61  TEL,21999,S5,3591,1075,2946,4995,10000,0
A5 54 F0 55 05 E8 0D 32 04 82 0B 83 13 10 27 00 00 00 0A  TEL,22000,S5,3560,1074,2946,4995,10000,0
A5 42 8C 00 05 F1 55 B3 CD 6F 16 C5 CD 6F 16 C6 CD 6F 16 E6  BTN,140,S5,PRESSED,22001,376425907,376425925,376425926
A5 54 F2 55 05 E8 0D 32 04 82 0B 82 13 10 27 00 00 00 D1  TEL,22002,S5,3560,1074,2946,4994,10000,0
A5 54 F3 55 05 07 0E 33 04 82 0B 83 13 10 27 00 00 00 59  TEL,22003,S5,3591,1075,2946,4995,10000,0
A5 54 F4 55 05 07 0E 33 04 82 0B 83 13 10 27 00 00 00 57  TEL,22004,S5,3591,1075,2946,4995,10000,0
A5 54 F5 55 05 07 0E 33 04 82 0B 83 13 10 27 00 00 00 55  TEL,22005,S5,3591,1075,2946,4995,10000,0
A5 54 F6 55 05 07 0E 33 04 82 0B 83 13 10 27 00 00 00 53  TEL,22006,S5,3591,1075,2946,4995,10000,0
A5 54 F7 55 05 07 0E 33 04 82 0B 83 13 10 27 00 00 00 51  TEL,22007,S5,3591,1075,2946,4995,10000,0
A5 54 F8 55 05 E8 0D 32 04 82 0B 83 13 10 27 00 00 00 1A  TEL,22008,S5,3560,1074,2946,4995,10000,0
A5 54 F9 55 05 07 0E 33 04 82 0B 83 13 10 27 00 00 00 4D  TEL,22009,S5,3591,1075,2946,4995,10000,0
A5 54 FA 55 05 E8 0D 32 04 82 0B 83 13 10 27 00 00 00 1E  TEL,22010,S5,3560,1074,2946,4995,10000,0
A5 54 FB 55 05 07 0E 33 04 82 0B 83 13 10 27 00 00 00 49  TEL,22011,S5,3591,1075,2946,4995,10000,0
A5 54 FC 55 05 26 0E 34 04 82 0B 83 13 10 27 00 00 00 70  TEL,22012,S5,3622,1076,2946,4995,10000,0
A5 54 FD 55 05 07 0E 33 04 82 0B 83 13 10 27 00 00 00 45  TEL,22013,S5,3591,1075,2946,4995,10000,0
A5 54 FE 55 05 07 0E 33 04 82 0B 83 13 10 27 00 00 00 43  TEL,22014,S5,3591,1075,2946,4995,10000,0
A5 54 FF 55 05 07 0E 33 04 82 0B 83 13 10 27 00 00 00 41  TEL,22015,S5,3591,1075,2946,4995,10000,0
A5 54 00 56 05 E8 0D 32 04 82 0B 83 13 10 27 00 00 00 35  TEL,22016,S5,3560,1074,2946,4995,10000,0
A5 54 01 56 05 07 0E 33 04 82 0B 83 13 10 27 00 00 00 62  TEL,22017,S5,3591,1075,2946,4995,10000,0
A5 54 02 56 05 07 0E 33 04 82 0B 83 13 10 27 00 00 00 64  TEL,22018,S5,3591,1075,2946,4995,10000,0
A5 54 03 56 05 07 0E 33 04 82 0B 83 13 10 27 00 00 00 66  TEL,22019,S5,3591,1075,2946,4995,10000,0
A5 54 04 56 05 E8 0D 32 04 82 0B 83 13 10 27 00 00 00 3D  TEL,22020,S5,3560,1074,2946,4995,10000,0
A5 54 05 56 05 07 0E 33 04 82 0B 83 13 10 27 00 00 00 6A  TEL,22021,S5,3591,1075,2946,4995,10000,0
A5 54 06 56 05 07 0E 33 04 82 0B 83 13 10 27 00 00 00 6C  TEL,22022,S5,3591,1075,2946,4995,10000,0
A5 54 07 56 05 07 0E 33 04 82 0B 83 13 10 27 00 00 00 6E  TEL,22023,S5,3591,1075,2946,4995,10000,0
A5 54 08 56 05 07 0E 33 04 82 0B 83 13 10 27 00 00 00 70  TEL,22024,S5,3591,1075,2946,4995,10000,0
A5 54 09 56 05 07 0E 33 04 82 0B 83 13 10 27 00 00 00 72  TEL,22025,S5,3591,1075,2946,4995,10000,0
A5 54 0A 56 05 45 0E 35 04 82 0B 83 13 10 27 00 00 00 E2  TEL,22026,S5,3653,1077,2946,4995,10000,0
A5 54 0B 56 05 64 0E 36 04 82 0B 83 13 10 27 00 00 00 AB  TEL,22027,S5,3684,1078,2946,4995,10000,0
A5 54 0C 56 05 E8 0D 32 04 82 0B 83 13 10 27 00 00 00 2D  TEL,22028,S5,3560,1074,2946,4995,10000,0
A5 54 0D 56 05 E8 0D 32 04 82 0B 83 13 10 27 00 00 00 2F  TEL,22029,S5,3560,1074,2946,4995,10000,0
A5 54 0E 56 05 E8 0D 32 04 82 0B 83 13 10 27 00 00 00 29  TEL,22030,S5,3560,1074,2946,4995,10000,0
A5 54 0F 56 05 64 0E 36 04 82 0B 83 13 10 27 00 00 00 A3  TEL,22031,S5,3684,1078,2946,4995,10000,0
A5 54 10 56 05 07 0E 33 04 82 0B 83 13 10 27 00 00 00 40  TEL,22032,S5,3591,1075,2946,4995,10000,0
A5 54 11 56 05 E8 0D 32 04 82 0B 83 13 10 27 00 00 00 17  TEL,22033,S5,3560,1074,2946,4995,10000,0
A5 54 12 56 05 E8 0D 32 04 82 0B 83 13 10 27 00 00 00 11  TEL,22034,S5,3560,1074,2946,4995,10000,0
A5 54 13 56 05 E8 0D 32 04 82 0B 83 13 10 27 00 00 00 13  TEL,22035,S5,3560,1074,2946,4995,10000,0
A5 54 14 56 05 E8 0D 32 04 82 0B 83 13 10 27 00 00 00 1D  TEL,22036,S5,3560,1074,2946,4995,10000,0
A5 54 15 56 05 07 0E 33 04 82 0B 83 13 10 27 00 00 00 4A  TEL,22037,S5,3591,1075,2946,4995,10000,0
A5 54 16 56 05 07 0E 33 04 82 0B 83 13 10 27 00 00 00 4C  TEL,22038,S5,3591,1075,2946,4995,10000,0
A5 54 17 56 05 07 0E 33 04 82 0B 83 13 10 27 00 00 00 4E  TEL,22039,S5,3591,1075,2946,4995,10000,0
A5 54 18 56 05 E8 0D 32 04 82 0B 83 13 10 27 00 00 00 05  TEL,22040,S5,3560,1074,2946,4995,10000,0
A5 54 19 56 05 E8 0D 32 04 82 0B 83 13 10 27 00 00 00 07  TEL,22041,S5,3560,1074,2946,4995,10000,0
A5 54 1A 56 05 26 0E 34 04 82 0B 83 13 10 27 00 00 00 63  TEL,22042,S5,3622,1076,2946,4995,10000,0
A5 54 1B 56 05 07 0E 33 04 82 0B 83 13 10 27 00 00 00 56  TEL,22043,S5,3591,1075,2946,4995,10000,0
A5 54 1C 56 05 07 0E 33 04 82 0B 83 13 10 27 00 00 00 58  TEL,22044,S5,3591,1075,2946,4995,10000,0
A5 54 1D 56 05 07 0E 33 04 82 0B 83 13 10 27 00 00 00 5A  TEL,22045,S5,3591,1075,2946,4995,10000,0
A5 54 1E 56 05 83 0E 37 04 82 0B 83 13 10 27 00 00 00 8F  TEL,22046,S5,3715,1079,2946,4995,10000,0
A5 54 1F 56 05 07 0E 33 04 82 0B 83 13 10 27 00 00 00 5E  TEL,22047,S5,3591,1075,2946,4995,10000,0
A5 54 20 56 05 07 0E 33 04 82 0B 83 13 10 27 00 00 00 20  TEL,22048,S5,3591,1075,2946,4995,10000,0
A5 54 21 56 05 E8 0D 32 04 82 0B 83 13 10 27 00 00 00 77  TEL,22049,S5,3560,1074,2946,4995,10000,0
A5 54 22 56 05 07 0E 33 04 82 0B 83 13 10 27 00 00 00 24  TEL,22050,S5,3591,1075,2946,4995,10000,0
A5 54 23 56 05 07 0E 33 04 82 0B 83 13 10 27 00 00 00 26  TEL,22051,S5,3591,1075,2946,4995,10000,0
A5 54 24 56 05 E8 0D 32 04 82 0B 83 13 10 27 00 00 00 7D  TEL,22052,S5,3560,1074,2946,4995,10000,0
A5 54 25 56 05 07 0E 33 04 82 0B 83 13 10 27 00 00 00 2A  TEL,22053,S5,3591,1075,2946,4995,10000,0
A5 54 26 56 05 E8 0D 32 04 82 0B 83 13 10 27 00 00 00 79  TEL,22054,S5,3560,1074,2946,4995,10000,0
A5 54 27 56 05 07 0E 33 04 82 0B 83 13 10 27 00 00 00 2E  TEL,22055,S5,3591,1075,2946,4995,10000,0
A5 54 28 56 05 C9 0D 31 04 82 0B 83 13 10 27 00 00 00 2E  TEL,22056,S5,3529,1073,2946,4995,10000,0
A5 54 29 56 05 07 0E 33 04 82 0B 83 13 10 27 00 00 00 32  TEL,22057,S5,3591,1075,2946,4995,10000,0
A5 54 2A 56 05 64 0E 36 04 82 0B 83 13 10 27 00 00 00 E9  TEL,22058,S5,3684,1078,2946,4995,10000,0
A5 54 2B 56 05 E8 0D 32 04 82 0B 83 13 10 27 00 00 00 63  TEL,22059,S5,3560,1074,2946,4995,10000,0
A5 54 2C 56 05 07 0E 33 04 82 0B 83 13 10 27 00 00 00 38  TEL,22060,S5,3591,1075,2946,4995,10000,0
A5 54 2D 56 05 07 0E 33 04 82 0B 83 13 10 27 00 00 00 3A  TEL,22061,S5,3591,1075,2946,4995,10000,0
A5 54 2E 56 05 07 0E 33 04 82 0B 83 13 10 27 00 00 00 3C  TEL,22062,S5,3591,1075,2946,4995,10000,0
A5 54 2F 56 05 E8 0D 32 04 82 0B 83 13 10 27 00 00 00 6B  TEL,22063,S5,3560,1074,2946,4995,10000,0
A5 54 30 56 05 07 0E 33 04 82 0B 83 13 10 27 00 00 00 00  TEL,22064,S5,3591,1075,2946,4995,10000,0
A5 54 31 56 05 07 0E 33 04 82 0B 83 13 10 27 00 00 00 02  TEL,22065,S5,3591,1075,2946,4995,10000,0
A5 54 32 56 05 26 0E 34 04 82 0B 83 13 10 27 00 00 00 33  TEL,22066,S5,3622,1076,2946,4995,10000,0
A5 54 33 56 05 07 0E 33 04 82 0B 83 13 10 27 00 00 00 06  TEL,22067,S5,3591,1075,2946,4995,10000,0
A5 54 34 56 05 07 0E 33 04 82 0B 83 13 10 27 00 00 00 08  TEL,22068,S5,3591,1075,2946,4995,10000,0
A5 54 35 56 05 07 0E 33 04 82 0B 83 13 10 27 00 00 00 0A  TEL,22069,S5,3591,1075,2946,4995,10000,0
A5 54 36 56 05 07 0E 33 04 82 0B 83 13 10 27 00 00 00 0C  TEL,22070,S5,3591,1075,2946,4995,10000,0
A5 54 37 56 05 E8 0D 32 04 82 0B 83 13 10 27 00 00 00 5B  TEL,22071,S5,3560,1074,2946,4995,10000,0
A5 54 38 56 05 8A 0D 2E 04 82 0B 83 13 10 27 00 00 00 1C  TEL,22072,S5,3466,1070,2946,4995,10000,0
A5 54 39 56 05 C9 0D 30 04 82 0B 83 13 10 27 00 00 00 13  TEL,22073,S5,3529,1072,2946,4995,10000,0
A5 54 3A 56 05 64 0E 36 04 82 0B 83 13 10 27 00 00 00 C9  TEL,22074,S5,3684,1078,2946,4995,10000,0
A5 54 3B 56 05 07 0E 33 04 82 0B 83 13 10 27 00 00 00 16  TEL,22075,S5,3591,1075,2946,4995,10000,0
A5 54 3C 56 05 07 0E 33 04 82 0B 83 13 10 27 00 00 00 18  TEL,22076,S5,3591,1075,2946,4995,10000,0
A5 54 3D 56 05 C9 0D 31 04 82 0B 83 13 10 27 00 00 00 04  TEL,22077,S5,3529,1073,2946,4995,10000,0
A5 54 3E 56 05 E8 0D 32 04 82 0B 83 13 10 27 00 00 00 49  TEL,22078,S5,3560,1074,2946,4995,10000,0
A5 54 3F 56 05 E8 0D 32 04 82 0B 83 13 10 27 00 00 00 4B  TEL,22079,S5,3560,1074,2946,4995,10000,0
A5 54 40 56 05 07 0E 33 04 82 0B 83 13 10 27 00 00 00 E0  TEL,22080,S5,3591,1075,2946,4995,10000,0
A5 54 41 56 05 07 0E 33 04 82 0B 83 13 10 27 00 00 00 E2  TEL,22081,S5,3591,1075,2946,4995,10000,0
A5 54 42 56 05 07 0E 33 04 82 0B 83 13 10 27 00 00 00 E4  TEL,22082,S5,3591,1075,2946,4995,10000,0
A5 54 43 56 05 07 0E 33 04 82 0B 83 13 10 27 00 00 00 E6  TEL,22083,S5,3591,1075,2946,4995,10000,0
A5 54 44 56 05 E8 0D 32 04 82 0B 83 13 10 27 00 00 00 BD  TEL,22084,S5,3560,1074,2946,4995,10000,0
A5 54 45 56 05 E8 0D 32 04 82 0B 83 13 10 27 00 00 00 BF  TEL,22085,S5,3560,1074,2946,4995,10000,0
A5 54 46 56 05 E8 0D 32 04 82 0B 83 13 10 27 00 00 00 B9  TEL,22086,S5,3560,1074,2946,4995,10000,0
A5 54 47 56 05 8A 0D 2E 04 82 0B 83 13 10 27 00 00 00 E2  TEL,22087,S5,3466,1070,2946,4995,10000,0
A5 54 48 56 05 E8 0D 32 04 82 0B 83 13 10 27 00 00 00 A5  TEL,22088,S5,3560,1074,2946,4995,10000,0
A5 54 49 56 05 07 0E 33 04 82 0B 83 13 10 27 00 00 00 F2  TEL,22089,S5,3591,1075,2946,4995,10000,0
A5 54 4A 56 05 26 0E 34 04 82 0B 83 13 10 27 00 00 00 C3  TEL,22090,S5,3622,1076,2946,4995,10000,0
A5 54 4B 56 05 45 0E 35 04 82 0B 83 13 10 27 00 00 00 60  TEL,22091,S5,3653,1077,2946,4995,10000,0
A5 54 4C 56 05 E8 0D 32 04 82 0B 83 13 10 27 00 00 00 AD  TEL,22092,S5,3560,1074,2946,4995,10000,0
A5 54 4D 56 05 07 0E 33 04 82 0B 83 13 10 27 00 00 00 FA  TEL,22093,S5,3591,1075,2946,4995,10000,0
A5 54 4E 56 05 E8 0D 32 04 82 0B 83 13 10 27 00 00 00 A9  TEL,22094,S5,3560,1074,2946,4995,10000,0
A5 54 4F 56 05 07 0E 33 04 82 0B 83 13 10 27 00 00 00 FE  TEL,22095,S5,3591,1075,2946,4995,10000,0
A5 54 50 56 05 07 0E 33 04 82 0B 83 13 10 27 00 00 00 C0  TEL,22096,S5,3591,1075,2946,4995,10000,0
A5 54 51 56 05 E8 0D 32 04 82 0B 83 13 10 27 00 00 00 97  TEL,22097,S5,3560,1074,2946,4995,10000,0
A5 54 52 56 05 E8 0D 32 04 82 0B 83 13 10 27 00 00 00 91  TEL,22098,S5,3560,1074,2946,4995,10000,0
A5 54 53 56 05 07 0E 33 04 82 0B 83 13 10 27 00 00 00 C6  TEL,22099,S5,3591,1075,2946,4995,10000,0
A5 54 54 56 05 07 0E 33 04 82 0B 83 13 10 27 00 00 00 C8  TEL,22100,S5,3591,1075,2946,4995,10000,0
A5 54 55 56 05 07 0E 33 04 82 0B 83 13 10 27 00 00 00 CA  TEL,22101,S5,3591,1075,2946,4995,10000,0
A5 54 56 56 05 07 0E 33 04 82 0B 83 13 10 27 00 00 00 CC  TEL,22102,S5,3591,1075,2946,4995,10000,0
A5 54 57 56 05 07 0E 33 04 82 0B 83 13 10 27 00 00 00 CE  TEL,22103,S5,3591,1075,2946,4995,10000,0
A5 54 58 56 05 E8 0D 32 04 82 0B 83 13 10 27 00 00 00 85  TEL,22104,S5,3560,1074,2946,4995,10000,0
A5 54 59 56 05 07 0E 33 04 82 0B 83 13 10 27 00 00 00 D2  TEL,22105,S5,3591,1075,2946,4995,10000,0
A5 54 5A 56 05 C9 0D 31 04 82 0B 83 13 10 27 00 00 00 CA  TEL,22106,S5,3529,1073,2946,4995,10000,0
A5 54 5B 56 05 07 0E 33 04 82 0B 83 13 10 27 00 00 00 D6  TEL,22107,S5,3591,1075,2946,4995,10000,0
A5 54 5C 56 05 07 0E 33 04 82 0B 83 13 10 27 00 00 00 D8  TEL,22108,S5,3591,1075,2946,4995,10000,0
A5 54 5D 56 05 E8 0D 32 04 82 0B 83 13 10 27 00 00 00 8F  TEL,22109,S5,3560,1074,2946,4995,10000,0
A5 54 5E 56 05 45 0E 35 04 82 0B 83 13 10 27 00 00 00 4A  TEL,22110,S5,3653,1077,2946,4995,10000,0
A5 54 5F 56 05 07 0E 33 04 82 0B 83 13 10 27 00 00 00 DE  TEL,22111,S5,3591,1075,2946,4995,10000,0
A5 54 60 56 05 E8 0D 32 04 82 0B 83 13 10 27 00 00 00 F5  TEL,22112,S5,3560,1074,2946,4995,10000,0
A5 54 61 56 05 07 0E 33 04 82 0B 83 13 10 27 00 00 00 A2  TEL,22113,S5,3591,1075,2946,4995,10000,0
A5 54 62 56 05 07 0E 33 04 82 0B 83 13 10 27 00 00 00 A4  TEL,22114,S5,3591,1075,2946,4995,10000,0
A5 54 63 56 05 07 0E 33 04 82 0B 83 13 10 27 00 00 00 A6  TEL,22115,S5,3591,1075,2946,4995,10000,0
A5 54 64 56 05 07 0E 33 04 82 0B 83 13 10 27 00 00 00 A8  TEL,22116,S5,3591,1075,2946,4995,10000,0
A5 54 65 56 05 07 0E 33 04 82 0B 83 13 10 27 00 00 00 AA  TEL,22117,S5,3591,1075,2946,4995,10000,0
A5 54 66 56 05 07 0E 33 04 82 0B 83 13 10 27 00 00 00 AC  TEL,22118,S5,3591,1075,2946,4995,10000,0
A5 54 67 56 05 C9 0D 31 04 82 0B 83 13 10 27 00 00 00 B0  TEL,22119,S5,3529,1073,2946,4995,10000,0
A5 54 68 56 05 E8 0D 32 04 82 0B 83 13 10 27 00 00 00 E5  TEL,22120,S5,3560,1074,2946,4995,10000,0
A5 54 69 56 05 E8 0D 32 04 82 0B 83 13 10 27 00 00 00 E7  TEL,22121,S5,3560,1074,2946,4995,10000,0
A5 54 6A 56 05 45 0E 35 04 82 0B 83 13 10 27 00 00 00 22  TEL,22122,S5,3653,1077,2946,4995,10000,0
A5 54 6B 56 05 07 0E 33 04 82 0B 83 13 10 27 00 00 00 B6  TEL,22123,S5,3591,1075,2946,4995,10000,0
A5 54 6C 56 05 E8 0D 32 04 82 0B 83 13 10 27 00 00 00 ED  TEL,22124,S5,3560,1074,2946,4995,10000,0
A5 54 6D 56 05 26 0E 34 04 82 0B 83 13 10 27 00 00 00 8D  TEL,22125,S5,3622,1076,2946,4995,10000,0
A5 54 6E 56 05 E8 0D 32 04 82 0B 83 13 10 27 00 00 00 E9  TEL,22126,S5,3560,1074,2946,4995,10000,0
A5 54 6F 56 05 E8 0D 32 04 82 0B 83 13 10 27 00 00 00 EB  TEL,22127,S5,3560,1074,2946,4995,10000,0
A5 54 70 56 05 07 0E 33 04 82 0B 83 13 10 27 00 00 00 80  TEL,22128,S5,3591,1075,2946,4995,10000,0
A5 54 71 56 05 07 0E 33 04 82 0B 83 13 10 27 00 00 00 82  TEL,22129,S5,3591,1075,2946,4995,10000,0
A5 54 72 56 05 07 0E 33 04 82 0B 83 13 10 27 00 00 00 84  TEL,22130,S5,3591,1075,2946,4995,10000,0
A5 54 73 56 05 E8 0D 32 04 82 0B 83 13 10 27 00 00 00 D3  TEL,22131,S5,3560,1074,2946,4995,10000,0
A5 54 74 56 05 E8 0D 32 04 82 0B 83 13 10 27 00 00 00 DD  TEL,22132,S5,3560,1074,2946,4995,10000,0
A5 54 75 56 05 07 0E 33 04 82 0B 83 13 10 27 00 00 00 8A  TEL,22133,S5,3591,1075,2946,4995,10000,0
A5 54 76 56 05 E8 0D 32 04 82 0B 83 13 10 27 00 00 00 D9  TEL,22134,S5,3560,1074,2946,4995,10000,0
A5 54 77 56 05 07 0E 33 04 82 0B 83 13 10 27 00 00 00 8E  TEL,22135,S5,3591,1075,2946,4995,10000,0
A5 54 78 56 05 07 0E 33 04 82 0B 83 13 10 27 00 00 00 90  TEL,22136,S5,3591,1075,2946,4995,10000,0
A5 54 79 56 05 07 0E 33 04 82 0B 83 13 10 27 00 00 00 92  TEL,22137,S5,3591,1075,2946,4995,10000,0
A5 54 7A 56 05 45 0E 35 04 82 0B 83 13 10 27 00 00 00 02  TEL,22138,S5,3653,1077,2946,4995,10000,0
A5 54 7B 56 05 07 0E 33 04 82 0B 83 13 10 27 00 00 00 96  TEL,22139,S5,3591,1075,2946,4995,10000,0
A5 54 7C 56 05 07 0E 33 04 82 0B 83 13 10 27 00 00 00 98  TEL,22140,S5,3591,1075,2946,4995,10000,0
A5 54 7D 56 05 07 0E 33 04 82 0B 83 13 10 27 00 00 00 9A  TEL,22141,S5,3591,1075,2946,4995,10000,0
A5 54 7E 56 05 07 0E 33 04 82 0B 83 13 10 27 00 00 00 9C  TEL,22142,S5,3591,1075,2946,4995,10000,0
A5 54 7F 56 05 07 0E 33 04 82 0B 83 13 10 27 00 00 00 9E  TEL,22143,S5,3591,1075,2946,4995,10000,0
A5 54 80 56 05 C9 0D 30 04 82 0B 83 13 10 27 00 00 00 66  TEL,22144,S5,3529,1072,2946,4995,10000,0
A5 54 81 56 05 07 0E 33 04 82 0B 83 13 10 27 00 00 00 65  TEL,22145,S5,3591,1075,2946,4995,10000,0
A5 54 82 56 05 07 0E 33 04 82 0B 83 13 10 27 00 00 00 63  TEL,22146,S5,3591,1075,2946,4995,10000,0
A5 54 83 56 05 64 0E 36 04 82 0B 83 13 10 27 00 00 00 BC  TEL,22147,S5,3684,1078,2946,4995,10000,0
A5 54 84 56 05 07 0E 33 04 82 0B 83 13 10 27 00 00 00 6F  TEL,22148,S5,3591,1075,2946,4995,10000,0
A5 54 85 56 05 07 0E 33 04 82 0B 83 13 10 27 00 00 00 6D  TEL,22149,S5,3591,1075,2946,4995,10000,0
A5 54 86 56 05 07 0E 33 04 82 0B 83 13 10 27 00 00 00 6B  TEL,22150,S5,3591,1075,2946,4995,10000,0
A5 54 87 56 05 07 0E 33 04 82 0B 83 13 10 27 00 00 00 69  TEL,22151,S5,3591,1075,2946,4995,10000,0
A5 54 88 56 05 E8 0D 32 04 82 0B 83 13 10 27 00 00 00 22  TEL,22152,S5,3560,1074,2946,4995,10000,0
A5 54 89 56 05 07 0E 33 04 82 0B 83 13 10 27 00 00 00 75  TEL,22153,S5,3591,1075,2946,4995,10000,0
A5 54 8A 56 05 45 0E 35 04 82 0B 83 13 10 27 00 00 00 E5  TEL,22154,S5,3653,1077,2946,4995,10000,0
A5 54 8B 56 05 07 0E 33 04 82 0B 83 13 10 27 00 00 00 71  TEL,22155,S5,3591,1075,2946,4995,10000,0
A5 54 8C 56 05 E8 0D 32 04 82 0B 83 13 10 27 00 00 00 2A  TEL,22156,S5,3560,1074,2946,4995,10000,0
A5 54 8D 56 05 45 0E 35 04 82 0B 83 13 10 27 00 00 00 EB  TEL,22157,S5,3653,1077,2946,4995,10000,0
A5 54 8E 56 05 07 0E 33 04 82 0B 83 13 10 27 00 00 00 7B  TEL,22158,S5,3591,1075,2946,4995,10000,0
A5 54 8F 56 05 4C 0D 2C 04 82 0B 83 13 10 27 00 00 00 30  TEL,22159,S5,3404,1068,2946,4995,10000,0
A5 54 90 56 05 26 0E 34 04 82 0B 83 13 10 27 00 00 00 70  TEL,22160,S5,3622,1076,2946,4995,10000,0
A5 54 91 56 05 E8 0D 32 04 82 0B 83 13 10 27 00 00 00 10  TEL,22161,S5,3560,1074,2946,4995,10000,0
A5 54 92 56 05 07 0E 33 04 82 0B 83 13 10 27 00 00 00 43  TEL,22162,S5,3591,1075,2946,4995,10000,0
A5 54 93 56 05 07 0E 33 04 82 0B 83 13 10 27 00 00 00 41  TEL,22163,S5,3591,1075,2946,4995,10000,0
A5 54 94 56 05 E8 0D 32 04 82 0B 83 13 10 27 00 00 00 1A  TEL,22164,S5,3560,1074,2946,4995,10000,0
A5 54 95 56 05 E8 0D 32 04 82 0B 83 13 10 27 00 00 00 18  TEL,22165,S5,3560,1074,2946,4995,10000,0
A5 54 96 56 05 E8 0D 32 04 82 0B 83 13 10 27 00 00 00 1E  TEL,22166,S5,3560,1074,2946,4995,10000,0
A5 42 8D 00 05 97 56 59 02 89 16 6B 02 89 16 6C 02 89 16 2F  BTN,141,S5,PRESSED,22167,378077785,378077803,378077804
A5 54 98 56 05 07 0E 33 04 82 0B BC 13 10 27 00 00 01 DB  TEL,22168,S5,3591,1075,2946,5052,10000,1
A5 54 99 56 05 26 0E 34 04 82 0B 83 13 10 27 00 00 00 62  TEL,22169,S5,3622,1076,2946,4995,10000,0
A5 54 9A 56 05 07 0E 33 04 82 0B 83 13 10 27 00 00 00 53  TEL,22170,S5,3591,1075,2946,4995,10000,0
A5 54 9B 56 05 26 0E 34 04 82 0B 83 13 10 27 00 00 00 66  TEL,22171,S5,3622,1076,2946,4995,10000,0
A5 54 9C 56 05 07 0E 33 04 82 0B 83 13 10 27 00 00 00 5F  TEL,22172,S5,3591,1075,2946,4995,10000,0
A5 54 9D 56 05 E8 0D 32 04 82 0B 83 13 10 27 00 00 00 08  TEL,22173,S5,3560,1074,2946,4995,10000,0
A5 54 9E 56 05 07 0E 33 04 82 0B 83 13 10 27 00 00 00 5B  TEL,22174,S5,3591,1075,2946,4995,10000,0
A5 54 9F 56 05 64 0E 36 04 82 0B 83 13 10 27 00 00 00 84  TEL,22175,S5,3684,1078,2946,4995,10000,0
A5 54 A0 56 05 07 0E 33 04 82 0B 83 13 10 27 00 00 00 27  TEL,22176,S5,3591,1075,2946,4995,10000,0
A5 54 A1 56 05 07 0E 33 04 82 0B 83 13 10 27 00 00 00 25  TEL,22177,S5,3591,1075,2946,4995,10000,0
A5 54 A2 56 05 07 0E 33 04 82 0B 83 13 10 27 00 00 00 23  TEL,22178,S5,3591,1075,2946,4995,10000,0
A5 54 A3 56 05 07 0E 33 04 82 0B 83 13 10 27 00 00 00 21  TEL,22179,S5,3591,1075,2946,4995,10000,0
A5 54 A4 56 05 07 0E 33 04 82 0B 83 13 10 27 00 00 00 2F  TEL,22180,S5,3591,1075,2946,4995,10000,0
A5 54 A5 56 05 07 0E 33 04 82 0B 83 13 10 27 00 00 00 2D  TEL,22181,S5,3591,1075,2946,4995,10000,0
A5 54 A6 56 05 07 0E 33 04 82 0B 83 13 10 27 00 00 00 2B  TEL,22182,S5,3591,1075,2946,4995,10000,0
A5 54 A7 56 05 07 0E 33 04 82 0B 86 13 10 27 00 00 00 83  TEL,22183,S5,3591,1075,2946,4998,10000,0
A5 54 A8 56 05 C2 0E 39 04 82 0B 83 13 10 27 00 00 00 31  TEL,22184,S5,3778,1081,2946,4995,10000,0
A5 54 A9 56 05 07 0E 33 04 82 0B 83 13 10 27 00 00 00 35  TEL,22185,S5,3591,1075,2946,4995,10000,0
A5 54 AA 56 05 26 0E 34 04 82 0B 83 13 10 27 00 00 00 04  TEL,22186,S5,3622,1076,2946,4995,10000,0
A5 54 AB 56 05 45 0E 35 04 82 0B 83 13 10 27 00 00 00 A7  TEL,22187,S5,3653,1077,2946,4995,10000,0
A5 54 AC 56 05 07 0E 33 04 82 0B 83 13 10 27 00 00 00 3F  TEL,22188,S5,3591,1075,2946,4995,10000,0
A5 54 AD 56 05 07 0E 33 04 82 0B 83 13 10 27 00 00 00 3D  TEL,22189,S5,3591,1075,2946,4995,10000,0
A5 54 AE 56 05 07 0E 33 04 82 0B 83 13 10 27 00 00 00 3B  TEL,22190,S5,3591,1075,2946,4995,10000,0
A5 54 AF 56 05 64 0E 36 04 82 0B 83 13 10 27 00 00 00 E4  TEL,22191,S5,3684,1078,2946,4995,10000,0
A5 54 B0 56 05 E8 0D 32 04 82 0B 83 13 10 27 00 00 00 52  TEL,22192,S5,3560,1074,2946,4995,10000,0
A5 54 B1 56 05 07 0E 33 04 82 0B 83 13 10 27 00 00 00 05  TEL,22193,S5,3591,1075,2946,4995,10000,0
A5 54 B2 56 05 07 0E 33 04 82 0B 83 13 10 27 00 00 00 03  TEL,22194,S5,3591,1075,2946,4995,10000,0
A5 54 B3 56 05 A3 0E 38 04 82 0B 83 13 10 27 00 00 00 89  TEL,22195,S5,3747,1080,2946,4995,10000,0
A5 54 B4 56 05 A3 0E 38 04 82 0B 83 13 10 27 00 00 00 87  TEL,22196,S5,3747,1080,2946,4995,10000,0
A5 54 B5 56 05 07 0E 33 04 82 0B 83 13 10 27 00 00 00 0D  TEL,22197,S5,3591,1075,2946,4995,10000,0
A5 54 B6 56 05 83 0E 37 04 82 0B 83 13 10 27 00 00 00 D8  TEL,22198,S5,3715,1079,2946,4995,10000,0
A5 54 B7 56 05 E8 0D 32 04 82 0B 83 13 10 27 00 00 00 5C  TEL,22199,S5,3560,1074,2946,4995,10000,0
A5 54 B8 56 05 26 0E 34 04 82 0B 83 13 10 27 00 00 00 20  TEL,22200,S5,3622,1076,2946,4995,10000,0
A5 54 B9 56 05 E8 0D 32 04 82 0B 83 13 10 27 00 00 00 40  TEL,22201,S5,3560,1074,2946,4995,10000,0
A5 54 BA 56 05 07 0E 33 04 82 0B 83 13 10 27 00 00 00 13  TEL,22202,S5,3591,1075,2946,4995,10000,0
A5 54 BB 56 05 26 0E 34 04 82 0B 83 13 10 27 00 00 00 26  TEL,22203,S5,3622,1076,2946,4995,10000,0
A5 54 BC 56 05 07 0E 33 04 82 0B 83 13 10 27 00 00 00 1F  TEL,22204,S5,3591,1075,2946,4995,10000,0
A5 54 BD 56 05 07 0E 33 04 82 0B 83 13 10 27 00 00 00 1D  TEL,22205,S5,3591,1075,2946,4995,10000,0
A5 54 BE 56 05 07 0E 33 04 82 0B 83 13 10 27 00 00 00 1B  TEL,22206,S5,3591,1075,2946,4995,10000,0
A5 54 BF 56 05 E8 0D 32 04 82 0B 83 13 10 27 00 00 00 4C  TEL,22207,S5,3560,1074,2946,4995,10000,0
A5 54 C0 56 05 07 0E 33 04 82 0B 83 13 10 27 00 00 00 E7  TEL,22208,S5,3591,1075,2946,4995,10000,0
A5 54 C1 56 05 07 0E 33 04 82 0B 83 13 10 27 00 00 00 E5  TEL,22209,S5,3591,1075,2946,4995,10000,0
A5 54 C2 56 05 07 0E 33 04 82 0B 83 13 10 27 00 00 00 E3  TEL,22210,S5,3591,1075,2946,4995,10000,0
A5 54 C3 56 05 07 0E 33 04 82 0B 83 13 10 27 00 00 00 E1  TEL,22211,S5,3591,1075,2946,4995,10000,0
A5 54 C4 56 05 07 0E 33 04 82 0B 83 13 10 27 00 00 00 EF  TEL,22212,S5,3591,1075,2946,4995,10000,0
A5 54 C5 56 05 07 0E 33 04 82 0B 83 13 10 27 00 00 00 ED  TEL,22213,S5,3591,1075,2946,4995,10000,0
A5 54 C6 56 05 07 0E 33 04 82 0B 83 13 10 27 00 00 00 EB  TEL,22214,S5,3591,1075,2946,4995,10000,0
A5 54 C7 56 05 07 0E 33 04 82 0B 83 13 10 27 00 00 00 E9  TEL,22215,S5,3591,1075,2946,4995,10000,0
A5 54 C8 56 05 45 0E 35 04 82 0B 83 13 10 27 00 00 00 61  TEL,22216,S5,3653,1077,2946,4995,10000,0
A5 54 C9 56 05 07 0E 33 04 82 0B 83 13 10 27 00 00 00 F5  TEL,22217,S5,3591,1075,2946,4995,10000,0
A5 54 CA 56 05 07 0E 33 04 82 0B 83 13 10 27 00 00 00 F3  TEL,22218,S5,3591,1075,2946,4995,10000,0
A5 54 CB 56 05 83 0E 37 04 82 0B 83 13 10 27 00 00 00 22  TEL,22219,S5,3715,1079,2946,4995,10000,0
A5 54 CC 56 05 07 0E 33 04 82 0B 83 13 10 27 00 00 00 FF  TEL,22220,S5,3591,1075,2946,4995,10000,0
A5 54 CD 56 05 45 0E 35 04 82 0B 83 13 10 27 00 00 00 6B  TEL,22221,S5,3653,1077,2946,4995,10000,0
A5 54 CE 56 05 64 0E 36 04 82 0B 83 13 10 27 00 00 00 26  TEL,22222,S5,3684,1078,2946,4995,10000,0
A5 54 CF 56 05 E8 0D 32 04 82 0B 83 13 10 27 00 00 00 AC  TEL,22223,S5,3560,1074,2946,4995,10000,0
A5 54 D0 56 05 07 0E 33 04 82 0B 83 13 10 27 00 00 00 C7  TEL,22224,S5,3591,1075,2946,4995,10000,0
A5 54 D1 56 05 A3 0E 38 04 82 0B 83 13 10 27 00 00 00 4D  TEL,22225,S5,3747,1080,2946,4995,10000,0
A5 54 D2 56 05 07 0E 33 04 82 0B 83 13 10 27 00 00 00 C3  TEL,22226,S5,3591,1075,2946,4995,10000,0
A5 54 D3 56 05 07 0E 33 04 82 0B 83 13 10 27 00 00 00 C1  TEL,22227,S5,3591,1075,2946,4995,10000,0
A5 54 D4 56 05 6B 0D 2D 04 82 0B 83 13 10 27 00 00 00 82  TEL,22228,S5,3435,1069,2946,4995,10000,0
A5 54 D5 56 05 07 0E 33 04 82 0B 83 13 10 27 00 00 00 CD  TEL,22229,S5,3591,1075,2946,4995,10000,0
A5 54 D6 56 05 07 0E 33 04 82 0B 83 13 10 27 00 00 00 CB  TEL,22230,S5,3591,1075,2946,4995,10000,0
A5 54 D7 56 05 07 0E 33 04 82 0B 83 13 10 27 00 00 00 C9  TEL,22231,S5,3591,1075,2946,4995,10000,0
A5 54 D8 56 05 07 0E 33 04 82 0B 83 13 10 27 00 00 00 D7  TEL,22232,S5,3591,1075,2946,4995,10000,0
A5 54 D9 56 05 E8 0D 32 04 82 0B 83 13 10 27 00 00 00 80  TEL,22233,S5,3560,1074,2946,4995,10000,0
A5 54 DA 56 05 07 0E 33 04 82 0B 83 13 10 27 00 00 00 D3  TEL,22234,S5,3591,1075,2946,4995,10000,0
A5 54 DB 56 05 07 0E 33 04 82 0B 83 13 10 27 00 00 00 D1  TEL,22235,S5,3591,1075,2946,4995,10000,0
A5 54 DC 56 05 07 0E 33 04 82 0B 83 13 10 27 00 00 00 DF  TEL,22236,S5,3591,1075,2946,4995,10000,0
A5 54 DD 56 05 07 0E 33 04 82 0B 83 13 10 27 00 00 00 DD  TEL,22237,S5,3591,1075,2946,4995,10000,0
A5 54 DE 56 05 E8 0D 32 04 82 0B 83 13 10 27 00 00 00 8E  TEL,22238,S5,3560,1074,2946,4995,10000,0
A5 54 DF 56 05 07 0E 33 04 82 0B 83 13 10 27 00 00 00 D9  TEL,22239,S5,3591,1075,2946,4995,10000,0
A5 54 E0 56 05 07 0E 33 04 82 0B 83 13 10 27 00 00 00 A7  TEL,22240,S5,3591,1075,2946,4995,10000,0
A5 54 E1 56 05 07 0E 33 04 82 0B 83 13 10 27 00 00 00 A5  TEL,22241,S5,3591,1075,2946,4995,10000,0
A5 54 E2 56 05 E8 0D 32 04 82 0B 83 13 10 27 00 00 00 F6  TEL,22242,S5,3560,1074,2946,4995,10000,0
A5 54 E3 56 05 E8 0D 32 04 82 0B 83 13 10 27 00 00 00 F4  TEL,22243,S5,3560,1074,2946,4995,10000,0
A5 54 E4 56 05 07 0E 33 04 82 0B 83 13 10 27 00 00 00 AF  TEL,22244,S5,3591,1075,2946,4995,10000,0
A5 54 E5 56 05 07 0E 33 04 82 0B 83 13 10 27 00 00 00 AD  TEL,22245,S5,3591,1075,2946,4995,10000,0
A5 54 E6 56 05 07 0E 33 04 82 0B 83 13 10 27 00 00 00 AB  TEL,22246,S5,3591,1075,2946,4995,10000,0
A5 54 E7 56 05 E8 0D 32 04 82 0B 83 13 10 27 00 00 00 FC  TEL,22247,S5,3560,1074,2946,4995,10000,0
A5 54 E8 56 05 07 0E 33 04 82 0B 83 13 10 27 00 00 00 B7  TEL,22248,S5,3591,1075,2946,4995,10000,0
A5 54 E9 56 05 07 0E 33 04 82 0B 83 13 10 27 00 00 00 B5  TEL,22249,S5,3591,1075,2946,4995,10000,0
A5 54 EA 56 05 07 0E 33 04 82 0B 83 13 10 27 00 00 00 B3  TEL,22250,S5,3591,1075,2946,4995,10000,0
A5 54 EB 56 05 64 0E 36 04 82 0B 83 13 10 27 00 00 00 6C  TEL,22251,S5,3684,1078,2946,4995,10000,0
A5 54 EC 56 05 07 0E 33 04 82 0B 83 13 10 27 00 00 00 BF  TEL,22252,S5,3591,1075,2946,4995,10000,0
A5 54 ED 56 05 64 0E 36 04 82 0B 83 13 10 27 00 00 00 60  TEL,22253,S5,3684,1078,2946,4995,10000,0
A5 54 EE 56 05 07 0E 33 04 82 0B 83 13 10 27 00 00 00 BB  TEL,22254,S5,3591,1075,2946,4995,10000,0
A5 54 EF 56 05 07 0E 33 04 82 0B 83 13 10 27 00 00 00 B9  TEL,22255,S5,3591,1075,2946,4995,10000,0
A5 54 F0 56 05 07 0E 33 04 82 0B 83 13 10 27 00 00 00 87  TEL,22256,S5,3591,1075,2946,4995,10000,0
A5 54 F1 56 05 07 0E 33 04 82 0B 83 13 10 27 00 00 00 85  TEL,22257,S5,3591,1075,2946,4995,10000,0
A5 54 F2 56 05 07 0E 33 04 82 0B 83 13 10 27 00 00 00 83  TEL,22258,S5,3591,1075,2946,4995,10000,0
A5 54 F3 56 05 E8 0D 32 04 82 0B 83 13 10 27 00 00 00 D4  TEL,22259,S5,3560,1074,2946,4995,10000,0
A5 54 F4 56 05 E8 0D 32 04 82 0B 83 13 10 27 00 00 00 DA  TEL,22260,S5,3560,1074,2946,4995,10000,0
A5 54 F5 56 05 E8 0D 32 04 82 0B 83 13 10 27 00 00 00 D8  TEL,22261,S5,3560,1074,2946,4995,10000,0
A5 54 F6 56 05 07 0E 33 04 82 0B 83 13 10 27 00 00 00 8B  TEL,22262,S5,3591,1075,2946,4995,10000,0
A5 54 F7 56 05 07 0E 33 04 82 0B 83 13 10 27 00 00 00 89  TEL,22263,S5,3591,1075,2946,4995,10000,0
A5 54 F8 56 05 07 0E 33 04 82 0B 83 13 10 27 00 00 00 97  TEL,22264,S5,3591,1075,2946,4995,10000,0
A5 54 F9 56 05 07 0E 33 04 82 0B 83 13 10 27 00 00 00 95  TEL,22265,S5,3591,1075,2946,4995,10000,0
A5 54 FA 56 05 07 0E 33 04 82 0B 83 13 10 27 00 00 00 93  TEL,22266,S5,3591,1075,2946,4995,10000,0
A5 54 FB 56 05 45 0E 35 04 82 0B 83 13 10 27 00 00 00 07  TEL,22267,S5,3653,1077,2946,4995,10000,0
A5 54 FC 56 05 07 0E 33 04 82 0B 83 13 10 27 00 00 00 9F  TEL,22268,S5,3591,1075,2946,4995,10000,0
A5 54 FD 56 05 E8 0D 32 04 82 0B 83 13 10 27 00 00 00 C8  TEL,22269,S5,3560,1074,2946,4995,10000,0
A5 54 FE 56 05 E8 0D 32 04 82 0B 83 13 10 27 00 00 00 CE  TEL,22270,S5,3560,1074,2946,4995,10000,0
A5 54 FF 56 05 E8 0D 32 04 82 0B 83 13 10 27 00 00 00 CC  TEL,22271,S5,3560,1074,2946,4995,10000,0
A5 54 00 57 05 45 0E 35 04 82 0B 83 13 10 27 00 00 00 43  TEL,22272,S5,3653,1077,2946,4995,10000,0
A5 54 01 57 05 07 0E 33 04 82 0B 83 13 10 27 00 00 00 D7  TEL,22273,S5,3591,1075,2946,4995,10000,0
A5 54 02 57 05 07 0E 33 04 82 0B 83 13 10 27 00 00 00 D1  TEL,22274,S5,3591,1075,2946,4995,10000,0
A5 54 03 57 05 E8 0D 32 04 82 0B 83 13 10 27 00 00 00 86  TEL,22275,S5,3560,1074,2946,4995,10000,0
A5 54 04 57 05 07 0E 33 04 82 0B 83 13 10 27 00 00 00 DD  TEL,22276,S5,3591,1075,2946,4995,10000,0
A5 54 05 57 05 45 0E 35 04 82 0B 83 13 10 27 00 00 00 49  TEL,22277,S5,3653,1077,2946,4995,10000,0
A5 54 06 57 05 07 0E 33 04 82 0B 83 13 10 27 00 00 00 D9  TEL,22278,S5,3591,1075,2946,4995,10000,0
A5 54 07 57 05 07 0E 33 04 82 0B 83 13 10 27 00 00 00 DB  TEL,22279,S5,3591,1075,2946,4995,10000,0
A5 54 08 57 05 E8 0D 32 04 82 0B 83 13 10 27 00 00 00 90  TEL,22280,S5,3560,1074,2946,4995,10000,0
A5 54 09 57 05 E8 0D 32 04 82 0B 83 13 10 27 00 00 00 92  TEL,22281,S5,3560,1074,2946,4995,10000,0
A5 54 0A 57 05 07 0E 33 04 82 0B 83 13 10 27 00 00 00 C1  TEL,22282,S5,3591,1075,2946,4995,10000,0
A5 54 0B 57 05 45 0E 35 04 82 0B 83 13 10 27 00 00 00 55  TEL,22283,S5,3653,1077,2946,4995,10000,0
A5 54 0C 57 05 07 0E 33 04 82 0B 83 13 10 27 00 00 00 CD  TEL,22284,S5,3591,1075,2946,4995,10000,0
A5 54 0D 57 05 C9 0D 31 04 82 0B 83 13 10 27 00 00 00 D1  TEL,22285,S5,3529,1073,2946,4995,10000,0
A5 54 0E 57 05 07 0E 33 04 82 0B 83 13 10 27 00 00 00 C9  TEL,22286,S5,3591,1075,2946,4995,10000,0
A5 54 0F 57 05 07 0E 33 04 82 0B 83 13 10 27 00 00 00 CB  TEL,22287,S5,3591,1075,2946,4995,10000,0
A5 54 10 57 05 07 0E 33 04 82 0B 83 13 10 27 00 00 00 F5  TEL,22288,S5,3591,1075,2946,4995,10000,0
A5 54 11 57 05 45 0E 35 04 82 0B 83 13 10 27 00 00 00 61  TEL,22289,S5,3653,1077,2946,4995,10000,0
A5 54 12 57 05 E8 0D 32 04 82 0B 83 13 10 27 00 00 00 A4  TEL,22290,S5,3560,1074,2946,4995,10000,0
A5 54 13 57 05 07 0E 33 04 82 0B 83 13 10 27 00 00 00 F3  TEL,22291,S5,3591,1075,2946,4995,10000,0
A5 54 14 57 05 07 0E 33 04 82 0B 83 13 10 27 00 00 00 FD  TEL,22292,S5,3591,1075,2946,4995,10000,0
A5 54 15 57 05 07 0E 33 04 82 0B 83 13 10 27 00 00 00 FF  TEL,22293,S5,3591,1075,2946,4995,10000,0
A5 54 16 57 05 C9 0D 30 04 82 0B 83 13 10 27 00 00 00 F8  TEL,22294,S5,3529,1072,2946,4995,10000,0
A5 54 17 57 05 07 0E 33 04 82 0B 83 13 10 27 00 00 00 FB  TEL,22295,S5,3591,1075,2946,4995,10000,0
A5 54 18 57 05 83 0E 37 04 82 0B 83 13 10 27 00 00 00 36  TEL,22296,S5,3715,1079,2946,4995,10000,0
A5 54 19 57 05 07 0E 33 04 82 0B 83 13 10 27 00 00 00 E7  TEL,22297,S5,3591,1075,2946,4995,10000,0
A5 54 1A 57 05 E8 0D 32 04 82 0B 83 13 10 27 00 00 00 B4  TEL,22298,S5,3560,1074,2946,4995,10000,0
A5 54 1B 57 05 45 0E 35 04 82 0B 83 13 10 27 00 00 00 75  TEL,22299,S5,3653,1077,2946,4995,10000,0
A5 54 1C 57 05 07 0E 33 04 82 0B 83 13 10 27 00 00 00 ED  TEL,22300,S5,3591,1075,2946,4995,10000,0
A5 54 1D 57 05 07 0E 33 04 82 0B 83 13 10 27 00 00 00 EF  TEL,22301,S5,3591,1075,2946,4995,10000,0
A5 54 1E 57 05 26 0E 34 04 82 0B 83 13 10 27 00 00 00 DE  TEL,22302,S5,3622,1076,2946,4995,10000,0
A5 54 1F 57 05 45 0E 35 04 82 0B 83 13 10 27 00 00 00 7D  TEL,22303,S5,3653,1077,2946,4995,10000,0
A5 54 20 57 05 07 0E 33 04 82 0B 83 13 10 27 00 00 00 95  TEL,22304,S5,3591,1075,2946,4995,10000,0
A5 54 21 57 05 07 0E 33 04 82 0B 83 13 10 27 00 00 00 97  TEL,22305,S5,3591,1075,2946,4995,10000,0
A5 42 8E 00 05 22 57 D9 0D 9E 16 EA 0D 9E 16 EC 0D 9E 16 BA  BTN,142,S5,PRESSED,22306,379456985,379457002,379457004
A5 54 23 57 05 E8 0D 32 04 82 0B AC 13 11 27 00 00 00 FC  TEL,22307,S5,3560,1074,2946,5036,10001,0
A5 54 24 57 05 26 0E 34 04 82 0B 83 13 0F 27 00 00 00 A8  TEL,22308,S5,3622,1076,2946,4995,9999,0
A5 54 25 57 05 07 0E 33 04 82 0B 83 13 10 27 00 00 00 9F  TEL,22309,S5,3591,1075,2946,4995,10000,0
A5 54 26 57 05 07 0E 33 04 82 0B 83 13 10 27 00 00 00 99  TEL,22310,S5,3591,1075,2946,4995,10000,0
A5 54 27 57 05 E8 0D 32 04 82 0B 83 13 10 27 00 00 00 CE  TEL,22311,S5,3560,1074,2946,4995,10000,0
A5 54 28 57 05 83 0E 37 04 82 0B 83 13 10 27 00 00 00 56  TEL,22312,S5,3715,1079,2946,4995,10000,0
A5 54 29 57 05 07 0E 33 04 82 0B 83 13 10 27 00 00 00 87  TEL,22313,S5,3591,1075,2946,4995,10000,0
A5 54 2A 57 05 E8 0D 32 04 82 0B 83 13 10 27 00 00 00 D4  TEL,22314,S5,3560,1074,2946,4995,10000,0
A5 54 2B 57 05 07 0E 33 04 82 0B 83 13 10 27 00 00 00 83  TEL,22315,S5,3591,1075,2946,4995,10000,0
A5 54 2C 57 05 64 0E 36 04 82 0B 83 13 10 27 00 00 00 50  TEL,22316,S5,3684,1078,2946,4995,10000,0
A5 54 2D 57 05 07 0E 33 04 82 0B 83 13 10 27 00 00 00 8F  TEL,22317,S5,3591,1075,2946,4995,10000,0
A5 54 2E 57 05 07 0E 33 04 82 0B 83 13 10 27 00 00 00 89  TEL,22318,S5,3591,1075,2946,4995,10000,0
A5 54 2F 57 05 E8 0D 32 04 82 0B 83 13 10 27 00 00 00 DE  TEL,22319,S5,3560,1074,2946,4995,10000,0
A5 54 30 57 05 07 0E 33 04 82 0B 83 13 10 27 00 00 00 B5  TEL,22320,S5,3591,1075,2946,4995,10000,0
A5 54 31 57 05 E8 0D 32 04 82 0B 83 13 10 27 00 00 00 E2  TEL,22321,S5,3560,1074,2946,4995,10000,0
A5 54 32 57 05 07 0E 33 04 82 0B 83 13 10 27 00 00 00 B1  TEL,22322,S5,3591,1075,2946,4995,10000,0
A5 54 33 57 05 E8 0D 32 04 82 0B 83 13 10 27 00 00 00 E6  TEL,22323,S5,3560,1074,2946,4995,10000,0
A5 54 34 57 05 07 0E 33 04 82 0B 83 13 10 27 00 00 00 BD  TEL,22324,S5,3591,1075,2946,4995,10000,0
A5 54 35 57 05 E8 0D 32 04 82 0B 83 13 10 27 00 00 00 EA  TEL,22325,S5,3560,1074,2946,4995,10000,0
A5 54 36 57 05 07 0E 33 04 82 0B 83 13 10 27 00 00 00 B9  TEL,22326,S5,3591,1075,2946,4995,10000,0
A5 54 37 57 05 E8 0D 32 04 82 0B 83 13 10 27 00 00 00 EE  TEL,22327,S5,3560,1074,2946,4995,10000,0
A5 54 38 57 05 07 0E 33 04 82 0B 83 13 10 27 00 00 00 A5  TEL,22328,S5,3591,1075,2946,4995,10000,0
A5 54 39 57 05 07 0E 33 04 82 0B 83 13 10 27 00 00 00 A7  TEL,22329,S5,3591,1075,2946,4995,10000,0
A5 54 3A 57 05 C2 0E 39 04 82 0B 83 13 10 27 00 00 00 A7  TEL,22330,S5,3778,1081,2946,4995,10000,0
A5 54 3B 57 05 07 0E 33 04 82 0B 83 13 10 27 00 00 00 A3  TEL,22331,S5,3591,1075,2946,4995,10000,0
A5 54 3C 57 05 45 0E 35 04 82 0B 83 13 10 27 00 00 00 3B  TEL,22332,S5,3653,1077,2946,4995,10000,0
A5 54 3D 57 05 E8 0D 32 04 82 0B 83 13 10 27 00 00 00 FA  TEL,22333,S5,3560,1074,2946,4995,10000,0
A5 54 3E 57 05 07 0E 33 04 82 0B 83 13 10 27 00 00 00 A9  TEL,22334,S5,3591,1075,2946,4995,10000,0
A5 54 3F 57 05 07 0E 33 04 82 0B 83 13 10 27 00 00 00 AB  TEL,22335,S5,3591,1075,2946,4995,10000,0
A5 54 40 57 05 07 0E 33 04 82 0B 83 13 10 27 00 00 00 55  TEL,22336,S5,3591,1075,2946,4995,10000,0
A5 54 41 57 05 07 0E 33 04 82 0B 83 13 10 27 00 00 00 57  TEL,22337,S5,3591,1075,2946,4995,10000,0
A5 54 42 57 05 07 0E 33 04 82 0B 83 13 10 27 00 00 00 51  TEL,22338,S5,3591,1075,2946,4995,10000,0
A5 54 43 57 05 E8 0D 32 04 82 0B 83 13 10 27 00 00 00 06  TEL,22339,S5,3560,1074,2946,4995,10000,0
A5 54 44 57 05 64 0E 36 04 82 0B 83 13 10 27 00 00 00 80  TEL,22340,S5,3684,1078,2946,4995,10000,0
A5 54 45 57 05 07 0E 33 04 82 0B 83 13 10 27 00 00 00 5F  TEL,22341,S5,3591,1075,2946,4995,10000,0
A5 54 46 57 05 07 0E 33 04 82 0B 83 13 10 27 00 00 00 59  TEL,22342,S5,3591,1075,2946,4995,10000,0
A5 54 47 57 05 07 0E 33 04 82 0B 83 13 10 27 00 00 00 5B  TEL,22343,S5,3591,1075,2946,4995,10000,0
A5 54 48 57 05 E8 0D 32 04 82 0B 83 13 10 27 00 00 00 10  TEL,22344,S5,3560,1074,2946,4995,10000,0
A5 54 49 57 05 E8 0D 32 04 82 0B 83 13 10 27 00 00 00 12  TEL,22345,S5,3560,1074,2946,4995,10000,0
A5 54 4A 57 05 E8 0D 32 04 82 0B 83 13 10 27 00 00 00 14  TEL,22346,S5,3560,1074,2946,4995,10000,0
A5 54 4B 57 05 07 0E 33 04 82 0B 83 13 10 27 00 00 00 43  TEL,22347,S5,3591,1075,2946,4995,10000,0
A5 54 4C 57 05 26 0E 34 04 82 0B 83 13 10 27 00 00 00 7A  TEL,22348,S5,3622,1076,2946,4995,10000,0
A5 54 4D 57 05 07 0E 33 04 82 0B 83 13 10 27 00 00 00 4F  TEL,22349,S5,3591,1075,2946,4995,10000,0
A5 54 4E 57 05 07 0E 33 04 82 0B 83 13 10 27 00 00 00 49  TEL,22350,S5,3591,1075,2946,4995,10000,0
A5 54 4F 57 05 07 0E 33 04 82 0B 83 13 10 27 00 00 00 4B  TEL,22351,S5,3591,1075,2946,4995,10000,0
A5 54 50 57 05 E8 0D 32 04 82 0B 83 13 10 27 00 00 00 20  TEL,22352,S5,3560,1074,2946,4995,10000,0
A5 54 51 57 05 E8 0D 32 04 82 0B 83 13 10 27 00 00 00 22  TEL,22353,S5,3560,1074,2946,4995,10000,0
A5 54 52 57 05 07 0E 33 04 82 0B 83 13 10 27 00 00 00 71  TEL,22354,S5,3591,1075,2946,4995,10000,0
A5 54 53 57 05 07 0E 33 04 82 0B 83 13 10 27 00 00 00 73  TEL,22355,S5,3591,1075,2946,4995,10000,0
A5 54 54 57 05 E8 0D 32 04 82 0B 83 13 10 27 00 00 00 28  TEL,22356,S5,3560,1074,2946,4995,10000,0
A5 54 55 57 05 07 0E 33 04 82 0B 83 13 10 27 00 00 00 7F  TEL,22357,S5,3591,1075,2946,4995,10000,0
A5 54 56 57 05 07 0E 33 04 82 0B 83 13 10 27 00 00 00 79  TEL,22358,S5,3591,1075,2946,4995,10000,0
A5 54 57 57 05 E8 0D 32 04 82 0B 83 13 10 27 00 00 00 2E  TEL,22359,S5,3560,1074,2946,4995,10000,0
A5 54 58 57 05 07 0E 33 04 82 0B 83 13 10 27 00 00 00 65  TEL,22360,S5,3591,1075,2946,4995,10000,0
A5 54 59 57 05 07 0E 33 04 82 0B 83 13 10 27 00 00 00 67  TEL,22361,S5,3591,1075,2946,4995,10000,0
A5 54 5A 57 05 07 0E 33 04 82 0B 83 13 10 27 00 00 00 61  TEL,22362,S5,3591,1075,2946,4995,10000,0
A5 54 5B 57 05 07 0E 33 04 82 0B 83 13 10 27 00 00 00 63  TEL,22363,S5,3591,1075,2946,4995,10000,0
A5 54 5C 57 05 64 0E 36 04 82 0B 83 13 10 27 00 00 00 B0  TEL,22364,S5,3684,1078,2946,4995,10000,0
A5 54 5D 57 05 E8 0D 32 04 82 0B 83 13 10 27 00 00 00 3A  TEL,22365,S5,3560,1074,2946,4995,10000,0
A5 54 5E 57 05 07 0E 33 04 82 0B 83 13 10 27 00 00 00 69  TEL,22366,S5,3591,1075,2946,4995,10000,0
A5 54 5F 57 05 A3 0E 38 04 82 0B 83 13 10 27 00 00 00 E3  TEL,22367,S5,3747,1080,2946,4995,10000,0
A5 54 60 57 05 07 0E 33 04 82 0B 83 13 10 27 00 00 00 15  TEL,22368,S5,3591,1075,2946,4995,10000,0
A5 54 61 57 05 07 0E 33 04 82 0B 83 13 10 27 00 00 00 17  TEL,22369,S5,3591,1075,2946,4995,10000,0
A5 54 62 57 05 E8 0D 32 04 82 0B 83 13 10 27 00 00 00 44  TEL,22370,S5,3560,1074,2946,4995,10000,0
A5 54 63 57 05 07 0E 33 04 82 0B 83 13 10 27 00 00 00 13  TEL,22371,S5,3591,1075,2946,4995,10000,0
A5 54 64 57 05 07 0E 33 04 82 0B 83 13 10 27 00 00 00 1D  TEL,22372,S5,3591,1075,2946,4995,10000,0
A5 54 65 57 05 07 0E 33 04 82 0B 83 13 10 27 00 00 00 1F  TEL,22373,S5,3591,1075,2946,4995,10000,0
A5 54 66 57 05 07 0E 33 04 82 0B 83 13 10 27 00 00 00 19  TEL,22374,S5,3591,1075,2946,4995,10000,0
A5 54 67 57 05 07 0E 33 04 82 0B 83 13 10 27 00 00 00 1B  TEL,22375,S5,3591,1075,2946,4995,10000,0
A5 54 68 57 05 07 0E 33 04 82 0B 83 13 10 27 00 00 00 05  TEL,22376,S5,3591,1075,2946,4995,10000,0
A5 54 69 57 05 E8 0D 32 04 82 0B 83 13 10 27 00 00 00 52  TEL,22377,S5,3560,1074,2946,4995,10000,0
A5 54 6A 57 05 E8 0D 32 04 82 0B 83 13 10 27 00 00 00 54  TEL,22378,S5,3560,1074,2946,4995,10000,0
A5 54 6B 57 05 07 0E 33 04 82 0B 83 13 10 27 00 00 00 03  TEL,22379,S5,3591,1075,2946,4995,10000,0
A5 54 6C 57 05 45 0E 35 04 82 0B 83 13 10 27 00 00 00 9B  TEL,22380,S5,3653,1077,2946,4995,10000,0
A5 54 6D 57 05 45 0E 35 04 82 0B 83 13 10 27 00 00 00 99  TEL,22381,S5,3653,1077,2946,4995,10000,0
A5 54 6E 57 05 07 0E 33 04 82 0B 83 13 10 27 00 00 00 09  TEL,22382,S5,3591,1075,2946,4995,10000,0
A5 54 6F 57 05 07 0E 33 04 82 0B 83 13 10 27 00 00 00 0B  TEL,22383,S5,3591,1075,2946,4995,10000,0
A5 54 70 57 05 07 0E 33 04 82 0B 83 13 10 27 00 00 00 35  TEL,22384,S5,3591,1075,2946,4995,10000,0
A5 54 71 57 05 07 0E 33 04 82 0B 83 13 10 27 00 00 00 37  TEL,22385,S5,3591,1075,2946,4995,10000,0
A5 54 72 57 05 07 0E 33 04 82 0B 83 13 10 27 00 00 00 31  TEL,22386,S5,3591,1075,2946,4995,10000,0
A5 54 73 57 05 45 0E 35 04 82 0B 83 13 10 27 00 00 00 A5  TEL,22387,S5,3653,1077,2946,4995,10000,0
A5 54 74 57 05 07 0E 33 04 82 0B 83 13 10 27 00 00 00 3D  TEL,22388,S5,3591,1075,2946,4995,10000,0
A5 54 75 57 05 E8 0D 32 04 82 0B 83 13 10 27 00 00 00 6A  TEL,22389,S5,3560,1074,2946,4995,10000,0
A5 54 76 57 05 07 0E 33 04 82 0B 83 13 10 27 00 00 00 39  TEL,22390,S5,3591,1075,2946,4995,10000,0
A5 54 77 57 05 64 0E 36 04 82 0B 83 13 10 27 00 00 00 E6  TEL,22391,S5,3684,1078,2946,4995,10000,0
A5 54 78 57 05 07 0E 33 04 82 0B 83 13 10 27 00 00 00 25  TEL,22392,S5,3591,1075,2946,4995,10000,0
A5 54 79 57 05 E8 0D 32 04 82 0B 83 13 10 27 00 00 00 72  TEL,22393,S5,3560,1074,2946,4995,10000,0
A5 54 7A 57 05 07 0E 33 04 82 0B 83 13 10 27 00 00 00 21  TEL,22394,S5,3591,1075,2946,4995,10000,0
A5 54 7B 57 05 E8 0D 32 04 82 0B 83 13 10 27 00 00 00 76  TEL,22395,S5,3560,1074,2946,4995,10000,0
A5 54 7C 57 05 26 0E 34 04 82 0B 83 13 10 27 00 00 00 1A  TEL,22396,S5,3622,1076,2946,4995,10000,0
A5 54 7D 57 05 E8 0D 32 04 82 0B 83 13 10 27 00 00 00 7A  TEL,22397,S5,3560,1074,2946,4995,10000,0
A5 54 7E 57 05 E8 0D 32 04 82 0B 83 13 10 27 00 00 00 7C  TEL,22398,S5,3560,1074,2946,4995,10000,0
A5 54 7F 57 05 07 0E 33 04 82 0B 83 13 10 27 00 00 00 2B  TEL,22399,S5,3591,1075,2946,4995,10000,0
A5 54 80 57 05 E8 0D 32 04 82 0B 83 13 10 27 00 00 00 87  TEL,22400,S5,3560,1074,2946,4995,10000,0
A5 54 81 57 05 07 0E 33 04 82 0B 83 13 10 27 00 00 00 D0  TEL,22401,S5,3591,1075,2946,4995,10000,0
A5 54 82 57 05 E8 0D 32 04 82 0B 83 13 10 27 00 00 00 83  TEL,22402,S5,3560,1074,2946,4995,10000,0
A5 54 83 57 05 07 0E 33 04 82 0B 83 13 10 27 00 00 00 D4  TEL,22403,S5,3591,1075,2946,4995,10000,0
A5 54 84 57 05 07 0E 33 04 82 0B 83 13 10 27 00 00 00 DA  TEL,22404,S5,3591,1075,2946,4995,10000,0
A5 54 85 57 05 07 0E 33 04 82 0B 83 13 10 27 00 00 00 D8  TEL,22405,S5,3591,1075,2946,4995,10000,0
A5 54 86 57 05 E8 0D 32 04 82 0B 83 13 10 27 00 00 00 8B  TEL,22406,S5,3560,1074,2946,4995,10000,0
A5 54 87 57 05 07 0E 33 04 82 0B 83 13 10 27 00 00 00 DC  TEL,22407,S5,3591,1075,2946,4995,10000,0
A5 54 88 57 05 07 0E 33 04 82 0B 83 13 10 27 00 00 00 C2  TEL,22408,S5,3591,1075,2946,4995,10000,0
A5 54 89 57 05 E8 0D 32 04 82 0B 83 13 10 27 00 00 00 95  TEL,22409,S5,3560,1074,2946,4995,10000,0
A5 54 8A 57 05 07 0E 33 04 82 0B 83 13 10 27 00 00 00 C6  TEL,22410,S5,3591,1075,2946,4995,10000,0
A5 54 8B 57 05 E8 0D 32 04 82 0B 83 13 10 27 00 00 00 91  TEL,22411,S5,3560,1074,2946,4995,10000,0
A5 54 8C 57 05 45 0E 35 04 82 0B 83 13 10 27 00 00 00 5C  TEL,22412,S5,3653,1077,2946,4995,10000,0
A5 54 8D 57 05 E8 0D 32 04 82 0B 83 13 10 27 00 00 00 9D  TEL,22413,S5,3560,1074,2946,4995,10000,0
A5 54 8E 57 05 E8 0D 32 04 82 0B 83 13 10 27 00 00 00 9B  TEL,22414,S5,3560,1074,2946,4995,10000,0
A5 54 8F 57 05 E8 0D 32 04 82 0B 83 13 10 27 00 00 00 99  TEL,22415,S5,3560,1074,2946,4995,10000,0
A5 54 90 57 05 07 0E 33 04 82 0B 83 13 10 27 00 00 00 F2  TEL,22416,S5,3591,1075,2946,4995,10000,0
A5 54 91 57 05 E8 0D 32 04 82 0B 83 13 10 27 00 00 00 A5  TEL,22417,S5,3560,1074,2946,4995,10000,0
A5 54 92 57 05 07 0E 33 04 82 0B 83 13 10 27 00 00 00 F6  TEL,22418,S5,3591,1075,2946,4995,10000,0
A5 54 93 57 05 07 0E 33 04 82 0B 83 13 10 27 00 00 00 F4  TEL,22419,S5,3591,1075,2946,4995,10000,0
A5 54 94 57 05 07 0E 33 04 82 0B 83 13 10 27 00 00 00 FA  TEL,22420,S5,3591,1075,2946,4995,10000,0
A5 54 95 57 05 E8 0D 32 04 82 0B 83 13 10 27 00 00 00 AD  TEL,22421,S5,3560,1074,2946,4995,10000,0
A5 54 96 57 05 07 0E 33 04 82 0B 83 13 10 27 00 00 00 FE  TEL,22422,S5,3591,1075,2946,4995,10000,0
A5 54 97 57 05 45 0E 35 04 82 0B 83 13 10 27 00 00 00 6A  TEL,22423,S5,3653,1077,2946,4995,10000,0
A5 54 98 57 05 07 0E 33 04 82 0B 83 13 10 27 00 00 00 E2  TEL,22424,S5,3591,1075,2946,4995,10000,0
A5 54 99 57 05 07 0E 33 04 82 0B 83 13 10 27 00 00 00 E0  TEL,22425,S5,3591,1075,2946,4995,10000,0
A5 54 9A 57 05 07 0E 33 04 82 0B 83 13 10 27 00 00 00 E6  TEL,22426,S5,3591,1075,2946,4995,10000,0
A5 54 9B 57 05 E8 0D 32 04 82 0B 83 13 10 27 00 00 00 B1  TEL,22427,S5,3560,1074,2946,4995,10000,0
A5 54 9C 57 05 45 0E 35 04 82 0B 83 13 10 27 00 00 00 7C  TEL,22428,S5,3653,1077,2946,4995,10000,0
A5 54 9D 57 05 E8 0D 32 04 82 0B 83 13 10 27 00 00 00 BD  TEL,22429,S5,3560,1074,2946,4995,10000,0
A5 54 9E 57 05 07 0E 33 04 82 0B 83 13 10 27 00 00 00 EE  TEL,22430,S5,3591,1075,2946,4995,10000,0
A5 54 9F 57 05 07 0E 33 04 82 0B 83 13 10 27 00 00 00 EC  TEL,22431,S5,3591,1075,2946,4995,10000,0
A5 54 A0 57 05 C9 0D 30 04 82 0B 83 13 10 27 00 00 00 93  TEL,22432,S5,3529,1072,2946,4995,10000,0
A5 54 A1 57 05 07 0E 33 04 82 0B 83 13 10 27 00 00 00 90  TEL,22433,S5,3591,1075,2946,4995,10000,0
A5 54 A2 57 05 07 0E 33 04 82 0B 83 13 10 27 00 00 00 96  TEL,22434,S5,3591,1075,2946,4995,10000,0
A5 54 A3 57 05 E8 0D 32 04 82 0B 83 13 10 27 00 00 00 C1  TEL,22435,S5,3560,1074,2946,4995,10000,0
A5 54 A4 57 05 07 0E 33 04 82 0B 83 13 10 27 00 00 00 9A  TEL,22436,S5,3591,1075,2946,4995,10000,0
A5 54 A5 57 05 E8 0D 32 04 82 0B 83 13 10 27 00 00 00 CD  TEL,22437,S5,3560,1074,2946,4995,10000,0
A5 54 A6 57 05 E8 0D 32 04 82 0B 83 13 10 27 00 00 00 CB  TEL,22438,S5,3560,1074,2946,4995,10000,0
A5 54 A7 57 05 E8 0D 32 04 82 0B 83 13 10 27 00 00 00 C9  TEL,22439,S5,3560,1074,2946,4995,10000,0
A5 54 A8 57 05 E8 0D 32 04 82 0B 83 13 10 27 00 00 00 D7  TEL,22440,S5,3560,1074,2946,4995,10000,0
A5 54 A9 57 05 E8 0D 32 04 82 0B 83 13 10 27 00 00 00 D5  TEL,22441,S5,3560,1074,2946,4995,10000,0
A5 54 AA 57 05 07 0E 33 04 82 0B 83 13 10 27 00 00 00 86  TEL,22442,S5,3591,1075,2946,4995,10000,0
A5 54 AB 57 05 07 0E 33 04 82 0B 83 13 10 27 00 00 00 84  TEL,22443,S5,3591,1075,2946,4995,10000,0
A5 54 AC 57 05 26 0E 34 04 82 0B 83 13 10 27 00 00 00 BD  TEL,22444,S5,3622,1076,2946,4995,10000,0
A5 54 AD 57 05 07 0E 33 04 82 0B 83 13 10 27 00 00 00 88  TEL,22445,S5,3591,1075,2946,4995,10000,0
A5 54 AE 57 05 07 0E 33 04 82 0B 83 13 10 27 00 00 00 8E  TEL,22446,S5,3591,1075,2946,4995,10000,0
A5 54 AF 57 05 07 0E 33 04 82 0B 83 13 10 27 00 00 00 8C  TEL,22447,S5,3591,1075,2946,4995,10000,0
A5 54 B0 57 05 07 0E 33 04 82 0B 83 13 10 27 00 00 00 B2  TEL,22448,S5,3591,1075,2946,4995,10000,0
A5 54 B1 57 05 E8 0D 32 04 82 0B 83 13 10 27 00 00 00 E5  TEL,22449,S5,3560,1074,2946,4995,10000,0
A5 54 B2 57 05 07 0E 33 04 82 0B 83 13 10 27 00 00 00 B6  TEL,22450,S5,3591,1075,2946,4995,10000,0
A5 54 B3 57 05 07 0E 33 04 82 0B 83 13 10 27 00 00 00 B4  TEL,22451,S5,3591,1075,2946,4995,10000,0
A5 54 B4 57 05 E8 0D 32 04 82 0B 83 13 10 27 00 00 00 EF  TEL,22452,S5,3560,1074,2946,4995,10000,0
A5 54 B5 57 05 07 0E 33 04 82 0B 83 13 10 27 00 00 00 B8  TEL,22453,S5,3591,1075,2946,4995,10000,0
A5 54 B6 57 05 07 0E 33 04 82 0B 83 13 10 27 00 00 00 BE  TEL,22454,S5,3591,1075,2946,4995,10000,0
A5 54 B7 57 05 E8 0D 32 04 82 0B 83 13 10 27 00 00 00 E9  TEL,22455,S5,3560,1074,2946,4995,10000,0
A5 54 B8 57 05 E8 0D 32 04 82 0B 83 13 10 27 00 00 00 F7  TEL,22456,S5,3560,1074,2946,4995,10000,0
A5 54 B9 57 05 07 0E 33 04 82 0B 83 13 10 27 00 00 00 A0  TEL,22457,S5,3591,1075,2946,4995,10000,0
A5 42 8F 00 05 BA 57 A3 1B B5 16 B5 1B B5 16 B7 1B B5 16 E4  BTN,143,S5,PRESSED,22458,380967843,380967861,380967863
A5 54 BB 57 05 07 0E 33 04 82 0B BC 13 10 27 00 00 01 28  TEL,22459,S5,3591,1075,2946,5052,10000,1
A5 54 BC 57 05 26 0E 34 04 82 0B 83 13 10 27 00 00 00 9D  TEL,22460,S5,3622,1076,2946,4995,10000,0
A5 54 BD 57 05 C2 0E 39 04 82 0B 83 13 10 27 00 00 00 AE  TEL,22461,S5,3778,1081,2946,4995,10000,0
A5 54 BE 57 05 E8 0D 32 04 82 0B 83 13 10 27 00 00 00 FB  TEL,22462,S5,3560,1074,2946,4995,10000,0
A5 54 BF 57 05 E8 0D 32 04 82 0B 83 13 10 27 00 00 00 F9  TEL,22463,S5,3560,1074,2946,4995,10000,0
A5 54 C0 57 05 07 0E 33 04 82 0B 83 13 10 27 00 00 00 52  TEL,22464,S5,3591,1075,2946,4995,10000,0
A5 54 C1 57 05 07 0E 33 04 82 0B 83 13 10 27 00 00 00 50  TEL,22465,S5,3591,1075,2946,4995,10000,0
A5 54 C2 57 05 E8 0D 32 04 82 0B 83 13 10 27 00 00 00 03  TEL,22466,S5,3560,1074,2946,4995,10000,0
A5 54 C3 57 05 07 0E 33 04 82 0B 83 13 10 27 00 00 00 54  TEL,22467,S5,3591,1075,2946,4995,10000,0
A5 54 C4 57 05 C9 0D 31 04 82 0B 83 13 10 27 00 00 00 44  TEL,22468,S5,3529,1073,2946,4995,10000,0
A5 54 C5 57 05 E8 0D 32 04 82 0B 83 13 10 27 00 00 00 0D  TEL,22469,S5,3560,1074,2946,4995,10000,0
A5 54 C6 57 05 07 0E 33 04 82 0B 83 13 10 27 00 00 00 5E  TEL,22470,S5,3591,1075,2946,4995,10000,0
A5 54 C7 57 05 E8 0D 32 04 82 0B 83 13 10 27 00 00 00 09  TEL,22471,S5,3560,1074,2946,4995,10000,0
A5 54 C8 57 05 64 0E 36 04 82 0B 83 13 10 27 00 00 00 9F  TEL,22472,S5,3684,1078,2946,4995,10000,0
A5 54 C9 57 05 07 0E 33 04 82 0B 83 13 10 27 00 00 00 40  TEL,22473,S5,3591,1075,2946,4995,10000,0
A5 54 CA 57 05 07 0E 33 04 82 0B 83 13 10 27 00 00 00 46  TEL,22474,S5,3591,1075,2946,4995,10000,0
A5 54 CB 57 05 07 0E 33 04 82 0B 83 13 10 27 00 00 00 44  TEL,22475,S5,3591,1075,2946,4995,10000,0
A5 54 CC 57 05 07 0E 33 04 82 0B 83 13 10 27 00 00 00 4A  TEL,22476,S5,3591,1075,2946,4995,10000,0
A5 54 CD 57 05 45 0E 35 04 82 0B 83 13 10 27 00 00 00 DE  TEL,22477,S5,3653,1077,2946,4995,10000,0
A5 54 CE 57 05 E8 0D 32 04 82 0B 83 13 10 27 00 00 00 1B  TEL,22478,S5,3560,1074,2946,4995,10000,0
A5 54 CF 57 05 07 0E 33 04 82 0B 83 13 10 27 00 00 00 4C  TEL,22479,S5,3591,1075,2946,4995,10000,0
A5 54 D0 57 05 07 0E 33 04 82 0B 83 13 10 27 00 00 00 72  TEL,22480,S5,3591,1075,2946,4995,10000,0
A5 54 D1 57 05 E8 0D 32 04 82 0B 83 13 10 27 00 00 00 25  TEL,22481,S5,3560,1074,2946,4995,10000,0
A5 54 D2 57 05 E8 0D 32 04 82 0B 83 13 10 27 00 00 00 23  TEL,22482,S5,3560,1074,2946,4995,10000,0
A5 54 D3 57 05 E8 0D 32 04 82 0B 83 13 10 27 00 00 00 21  TEL,22483,S5,3560,1074,2946,4995,10000,0
A5 54 D4 57 05 07 0E 33 04 82 0B 83 13 10 27 00 00 00 7A  TEL,22484,S5,3591,1075,2946,4995,10000,0
A5 54 D5 57 05 E8 0D 32 04 82 0B 83 13 10 27 00 00 00 2D  TEL,22485,S5,3560,1074,2946,4995,10000,0
A5 54 D6 57 05 07 0E 33 04 82 0B 83 13 10 27 00 00 00 7E  TEL,22486,S5,3591,1075,2946,4995,10000,0
A5 54 D7 57 05 E8 0D 32 04 82 0B 83 13 10 27 00 00 00 29  TEL,22487,S5,3560,1074,2946,4995,10000,0
A5 54 D8 57 05 07 0E 33 04 82 0B 83 13 10 27 00 00 00 62  TEL,22488,S5,3591,1075,2946,4995,10000,0
A5 54 D9 57 05 E8 0D 32 04 82 0B 83 13 10 27 00 00 00 35  TEL,22489,S5,3560,1074,2946,4995,10000,0
A5 54 DA 57 05 E8 0D 32 04 82 0B 83 13 10 27 00 00 00 33  TEL,22490,S5,3560,1074,2946,4995,10000,0
A5 54 DB 57 05 07 0E 33 04 82 0B 83 13 10 27 00 00 00 64  TEL,22491,S5,3591,1075,2946,4995,10000,0
A5 54 DC 57 05 E8 0D 32 04 82 0B 83 13 10 27 00 00 00 3F  TEL,22492,S5,3560,1074,2946,4995,10000,0
A5 54 DD 57 05 83 0E 37 04 82 0B 83 13 10 27 00 00 00 BB  TEL,22493,S5,3715,1079,2946,4995,10000,0
A5 54 DE 57 05 07 0E 33 04 82 0B 83 13 10 27 00 00 00 6E  TEL,22494,S5,3591,1075,2946,4995,10000,0
A5 54 DF 57 05 E8 0D 32 04 82 0B 83 13 10 27 00 00 00 39  TEL,22495,S5,3560,1074,2946,4995,10000,0
A5 54 E0 57 05 07 0E 33 04 82 0B 83 13 10 27 00 00 00 12  TEL,22496,S5,3591,1075,2946,4995,10000,0
A5 54 E1 57 05 E8 0D 32 04 82 0B 83 13 10 27 00 00 00 45  TEL,22497,S5,3560,1074,2946,4995,10000,0
A5 54 E2 57 05 07 0E 33 04 82 0B 83 13 10 27 00 00 00 16  TEL,22498,S5,3591,1075,2946,4995,10000,0
A5 54 E3 57 05 07 0E 33 04 82 0B 83 13 10 27 00 00 00 14  TEL,22499,S5,3591,1075,2946,4995,10000,0
A5 54 E4 57 05 8A 0D 2E 04 82 0B 83 13 10 27 00 00 00 16  TEL,22500,S5,3466,1070,2946,4995,10000,0
A5 54 E5 57 05 E8 0D 32 04 82 0B 83 13 10 27 00 00 00 4D  TEL,22501,S5,3560,1074,2946,4995,10000,0
A5 54 E6 57 05 E8 0D 32 04 82 0B 83 13 10 27 00 00 00 4B  TEL,22502,S5,3560,1074,2946,4995,10000,0
A5 54 E7 57 05 07 0E 33 04 82 0B 83 13 10 27 00 00 00 1C  TEL,22503,S5,3591,1075,2946,4995,10000,0
A5 54 E8 57 05 64 0E 36 04 82 0B 83 13 10 27 00 00 00 DF  TEL,22504,S5,3684,1078,2946,4995,10000,0
A5 54 E9 57 05 07 0E 33 04 82 0B 83 13 10 27 00 00 00 00  TEL,22505,S5,3591,1075,2946,4995,10000,0
A5 54 EA 57 05 07 0E 33 04 82 0B 83 13 10 27 00 00 00 06  TEL,22506,S5,3591,1075,2946,4995,10000,0
A5 54 EB 57 05 45 0E 35 04 82 0B 83 13 10 27 00 00 00 92  TEL,22507,S5,3653,1077,2946,4995,10000,0
A5 54 EC 57 05 07 0E 33 04 82 0B 83 13 10 27 00 00 00 0A  TEL,22508,S5,3591,1075,2946,4995,10000,0
A5 54 ED 57 05 64 0E 36 04 82 0B 83 13 10 27 00 00 00 D5  TEL,22509,S5,3684,1078,2946,4995,10000,0
A5 54 EE 57 05 E8 0D 32 04 82 0B 83 13 10 27 00 00 00 5B  TEL,22510,S5,3560,1074,2946,4995,10000,0
A5 54 EF 57 05 07 0E 33 04 82 0B 83 13 10 27 00 00 00 0C  TEL,22511,S5,3591,1075,2946,4995,10000,0
A5 54 F0 57 05 07 0E 33 04 82 0B 83 13 10 27 00 00 00 32  TEL,22512,S5,3591,1075,2946,4995,10000,0
A5 54 F1 57 05 07 0E 33 04 82 0B 83 13 10 27 00 00 00 30  TEL,22513,S5,3591,1075,2946,4995,10000,0
A5 54 F2 57 05 45 0E 35 04 82 0B 83 13 10 27 00 00 00 A0  TEL,22514,S5,3653,1077,2946,4995,10000,0
A5 54 F3 57 05 07 0E 33 04 82 0B 83 13 10 27 00 00 00 34  TEL,22515,S5,3591,1075,2946,4995,10000,0
A5 54 F4 57 05 07 0E 33 04 82 0B 83 13 10 27 00 00 00 3A  TEL,22516,S5,3591,1075,2946,4995,10000,0
A5 54 F5 57 05 07 0E 33 04 82 0B 83 13 10 27 00 00 00 38  TEL,22517,S5,3591,1075,2946,4995,10000,0
A5 54 F6 57 05 07 0E 33 04 82 0B 83 13 10 27 00 00 00 3E  TEL,22518,S5,3591,1075,2946,4995,10000,0
A5 54 F7 57 05 07 0E 33 04 82 0B 83 13 10 27 00 00 00 3C  TEL,22519,S5,3591,1075,2946,4995,10000,0
A5 54 F8 57 05 E8 0D 32 04 82 0B 83 13 10 27 00 00 00 77  TEL,22520,S5,3560,1074,2946,4995,10000,0
A5 54 F9 57 05 45 0E 35 04 82 0B 83 13 10 27 00 00 00 B6  TEL,22521,S5,3653,1077,2946,4995,10000,0
A5 54 FA 57 05 07 0E 33 04 82 0B 83 13 10 27 00 00 00 26  TEL,22522,S5,3591,1075,2946,4995,10000,0
A5 54 FB 57 05 07 0E 33 04 82 0B 83 13 10 27 00 00 00 24  TEL,22523,S5,3591,1075,2946,4995,10000,0
A5 54 FC 57 05 07 0E 33 04 82 0B 83 13 10 27 00 00 00 2A  TEL,22524,S5,3591,1075,2946,4995,10000,0
A5 54 FD 57 05 64 0E 36 04 82 0B 83 13 10 27 00 00 00 F5  TEL,22525,S5,3684,1078,2946,4995,10000,0
A5 54 FE 57 05 E8 0D 32 04 82 0B 83 13 10 27 00 00 00 7B  TEL,22526,S5,3560,1074,2946,4995,10000,0
A5 54 FF 57 05 07 0E 33 04 82 0B 83 13 10 27 00 00 00 2C  TEL,22527,S5,3591,1075,2946,4995,10000,0
A5 54 00 58 05 E8 0D 32 04 82 0B 83 13 10 27 00 00 00 31  TEL,22528,S5,3560,1074,2946,4995,10000,0
A5 54 01 58 05 C2 0E 39 04 82 0B 83 13 10 27 00 00 00 60  TEL,22529,S5,3778,1081,2946,4995,10000,0
A5 54 02 58 05 07 0E 33 04 82 0B 83 13 10 27 00 00 00 60  TEL,22530,S5,3591,1075,2946,4995,10000,0
A5 54 03 58 05 07 0E 33 04 82 0B 83 13 10 27 00 00 00 62  TEL,22531,S5,3591,1075,2946,4995,10000,0
A5 54 04 58 05 E8 0D 32 04 82 0B 83 13 10 27 00 00 00 39  TEL,22532,S5,3560,1074,2946,4995,10000,0
A5 54 05 58 05 E8 0D 32 04 82 0B 83 13 10 27 00 00 00 3B  TEL,22533,S5,3560,1074,2946,4995,10000,0
A5 54 06 58 05 07 0E 33 04 82 0B 83 13 10 27 00 00 00 68  TEL,22534,S5,3591,1075,2946,4995,10000,0
A5 54 07 58 05 E8 0D 32 04 82 0B 83 13 10 27 00 00 00 3F  TEL,22535,S5,3560,1074,2946,4995,10000,0
A5 54 08 58 05 07 0E 33 04 82 0B 83 13 10 27 00 00 00 74  TEL,22536,S5,3591,1075,2946,4995,10000,0
A5 54 09 58 05 8A 0D 2E 04 82 0B 83 13 10 27 00 00 00 7A  TEL,22537,S5,3466,1070,2946,4995,10000,0
A5 54 0A 58 05 07 0E 33 04 82 0B 83 13 10 27 00 00 00 70  TEL,22538,S5,3591,1075,2946,4995,10000,0
A5 54 0B 58 05 45 0E 35 04 82 0B 83 13 10 27 00 00 00 E4  TEL,22539,S5,3653,1077,2946,4995,10000,0
A5 54 0C 58 05 E8 0D 32 04 82 0B 83 13 10 27 00 00 00 29  TEL,22540,S5,3560,1074,2946,4995,10000,0
A5 54 0D 58 05 45 0E 35 04 82 0B 83 13 10 27 00 00 00 E8  TEL,22541,S5,3653,1077,2946,4995,10000,0
A5 54 0E 58 05 07 0E 33 04 82 0B 83 13 10 27 00 00 00 78  TEL,22542,S5,3591,1075,2946,4995,10000,0
A5 54 0F 58 05 07 0E 33 04 82 0B 83 13 10 27 00 00 00 7A  TEL,22543,S5,3591,1075,2946,4995,10000,0
A5 54 10 58 05 07 0E 33 04 82 0B 83 13 10 27 00 00 00 44  TEL,22544,S5,3591,1075,2946,4995,10000,0
A5 54 11 58 05 07 0E 33 04 82 0B 83 13 10 27 00 00 00 46  TEL,22545,S5,3591,1075,2946,4995,10000,0
A5 54 12 58 05 26 0E 34 04 82 0B 83 13 10 27 00 00 00 77  TEL,22546,S5,3622,1076,2946,4995,10000,0
A5 54 13 58 05 07 0E 33 04 82 0B 83 13 10 27 00 00 00 42  TEL,22547,S5,3591,1075,2946,4995,10000,0
A5 54 14 58 05 26 0E 34 04 82 0B 83 13 10 27 00 00 00 7B  TEL,22548,S5,3622,1076,2946,4995,10000,0
A5 54 15 58 05 45 0E 35 04 82 0B 83 13 10 27 00 00 00 D8  TEL,22549,S5,3653,1077,2946,4995,10000,0
A5 54 16 58 05 64 0E 36 04 82 0B 83 13 10 27 00 00 00 95  TEL,22550,S5,3684,1078,2946,4995,10000,0
A5 54 17 58 05 07 0E 33 04 82 0B 83 13 10 27 00 00 00 4A  TEL,22551,S5,3591,1075,2946,4995,10000,0
A5 54 18 58 05 E8 0D 32 04 82 0B 83 13 10 27 00 00 00 01  TEL,22552,S5,3560,1074,2946,4995,10000,0
A5 54 19 58 05 07 0E 33 04 82 0B 83 13 10 27 00 00 00 56  TEL,22553,S5,3591,1075,2946,4995,10000,0
A5 54 1A 58 05 07 0E 33 04 82 0B 83 13 10 27 00 00 00 50  TEL,22554,S5,3591,1075,2946,4995,10000,0
A5 54 1B 58 05 07 0E 33 04 82 0B 83 13 10 27 00 00 00 52  TEL,22555,S5,3591,1075,2946,4995,10000,0
A5 54 1C 58 05 07 0E 33 04 82 0B 83 13 10 27 00 00 00 5C  TEL,22556,S5,3591,1075,2946,4995,10000,0
A5 54 1D 58 05 26 0E 34 04 82 0B 83 13 10 27 00 00 00 69  TEL,22557,S5,3622,1076,2946,4995,10000,0
A5 54 1E 58 05 07 0E 33 04 82 0B 83 13 10 27 00 00 00 58  TEL,22558,S5,3591,1075,2946,4995,10000,0
A5 54 1F 58 05 07 0E 33 04 82 0B 83 13 10 27 00 00 00 5A  TEL,22559,S5,3591,1075,2946,4995,10000,0
A5 54 20 58 05 07 0E 33 04 82 0B 83 13 10 27 00 00 00 24  TEL,22560,S5,3591,1075,2946,4995,10000,0
A5 54 21 58 05 07 0E 33 04 82 0B 83 13 10 27 00 00 00 26  TEL,22561,S5,3591,1075,2946,4995,10000,0
A5 54 22 58 05 07 0E 33 04 82 0B 83 13 10 27 00 00 00 20  TEL,22562,S5,3591,1075,2946,4995,10000,0
A5 54 23 58 05 07 0E 33 04 82 0B 83 13 10 27 00 00 00 22  TEL,22563,S5,3591,1075,2946,4995,10000,0
A5 54 24 58 05 8A 0D 2E 04 82 0B 83 13 10 27 00 00 00 20  TEL,22564,S5,3466,1070,2946,4995,10000,0
A5 54 25 58 05 07 0E 33 04 82 0B 83 13 10 27 00 00 00 2E  TEL,22565,S5,3591,1075,2946,4995,10000,0
A5 54 26 58 05 07 0E 33 04 82 0B 83 13 10 27 00 00 00 28  TEL,22566,S5,3591,1075,2946,4995,10000,0
A5 54 27 58 05 E8 0D 32 04 82 0B 83 13 10 27 00 00 00 7F  TEL,22567,S5,3560,1074,2946,4995,10000,0
A5 54 28 58 05 E8 0D 32 04 82 0B 83 13 10 27 00 00 00 61  TEL,22568,S5,3560,1074,2946,4995,10000,0
A5 54 29 58 05 07 0E 33 04 82 0B 83 13 10 27 00 00 00 36  TEL,22569,S5,3591,1075,2946,4995,10000,0
A5 54 2A 58 05 07 0E 33 04 82 0B 83 13 10 27 00 00 00 30  TEL,22570,S5,3591,1075,2946,4995,10000,0
A5 54 2B 58 05 07 0E 33 04 82 0B 83 13 10 27 00 00 00 32  TEL,22571,S5,3591,1075,2946,4995,10000,0
A5 54 2C 58 05 07 0E 33 04 82 0B 83 13 10 27 00 00 00 3C  TEL,22572,S5,3591,1075,2946,4995,10000,0
A5 54 2D 58 05 45 0E 35 04 82 0B 83 13 10 27 00 00 00 A8  TEL,22573,S5,3653,1077,2946,4995,10000,0
A5 54 2E 58 05 C9 0D 31 04 82 0B 83 13 10 27 00 00 00 26  TEL,22574,S5,3529,1073,2946,4995,10000,0
A5 54 2F 58 05 64 0E 36 04 82 0B 83 13 10 27 00 00 00 E7  TEL,22575,S5,3684,1078,2946,4995,10000,0
A5 54 30 58 05 07 0E 33 04 82 0B 83 13 10 27 00 00 00 04  TEL,22576,S5,3591,1075,2946,4995,10000,0
A5 54 31 58 05 07 0E 33 04 82 0B 83 13 10 27 00 00 00 06  TEL,22577,S5,3591,1075,2946,4995,10000,0
A5 54 32 58 05 07 0E 33 04 82 0B 83 13 10 27 00 00 00 00  TEL,22578,S5,3591,1075,2946,4995,10000,0
A5 54 33 58 05 07 0E 33 04 82 0B 83 13 10 27 00 00 00 02  TEL,22579,S5,3591,1075,2946,4995,10000,0
A5 54 34 58 05 26 0E 34 04 82 0B 83 13 10 27 00 00 00 3B  TEL,22580,S5,3622,1076,2946,4995,10000,0
A5 54 35 58 05 83 0E 37 04 82 0B 83 13 10 27 00 00 00 DD  TEL,22581,S5,3715,1079,2946,4995,10000,0
A5 54 36 58 05 07 0E 33 04 82 0B 83 13 10 27 00 00 00 08  TEL,22582,S5,3591,1075,2946,4995,10000,0
A5 54 37 58 05 07 0E 33 04 82 0B 83 13 10 27 00 00 00 0A  TEL,22583,S5,3591,1075,2946,4995,10000,0
A5 54 38 58 05 83 0E 37 04 82 0B 83 13 10 27 00 00 00 C7  TEL,22584,S5,3715,1079,2946,4995,10000,0
A5 54 39 58 05 E8 0D 32 04 82 0B 83 13 10 27 00 00 00 43  TEL,22585,S5,3560,1074,2946,4995,10000,0
A5 54 3A 58 05 07 0E 33 04 82 0B 83 13 10 27 00 00 00 10  TEL,22586,S5,3591,1075,2946,4995,10000,0
A5 54 3B 58 05 E8 0D 32 04 82 0B 83 13 10 27 00 00 00 47  TEL,22587,S5,3560,1074,2946,4995,10000,0
A5 54 3C 58 05 E8 0D 32 04 82 0B 83 13 10 27 00 00 00 49  TEL,22588,S5,3560,1074,2946,4995,10000,0
A5 54 3D 58 05 45 0E 35 04 82 0B 83 13 10 27 00 00 00 88  TEL,22589,S5,3653,1077,2946,4995,10000,0
A5 54 3E 58 05 07 0E 33 04 82 0B 83 13 10 27 00 00 00 18  TEL,22590,S5,3591,1075,2946,4995,10000,0
A5 54 3F 58 05 07 0E 33 04 82 0B 83 13 10 27 00 00 00 1A  TEL,22591,S5,3591,1075,2946,4995,10000,0
A5 54 40 58 05 E8 0D 32 04 82 0B 83 13 10 27 00 00 00 B1  TEL,22592,S5,3560,1074,2946,4995,10000,0
A5 54 41 58 05 07 0E 33 04 82 0B 83 13 10 27 00 00 00 E6  TEL,22593,S5,3591,1075,2946,4995,10000,0
A5 54 42 58 05 E8 0D 32 04 82 0B 83 13 10 27 00 00 00 B5  TEL,22594,S5,3560,1074,2946,4995,10000,0
A5 54 43 58 05 E8 0D 32 04 82 0B 83 13 10 27 00 00 00 B7  TEL,22595,S5,3560,1074,2946,4995,10000,0
A5 54 44 58 05 07 0E 33 04 82 0B 83 13 10 27 00 00 00 EC  TEL,22596,S5,3591,1075,2946,4995,10000,0
A5 54 45 58 05 07 0E 33 04 82 0B 83 13 10 27 00 00 00 EE  TEL,22597,S5,3591,1075,2946,4995,10000,0
A5 54 46 58 05 07 0E 33 04 82 0B 83 13 10 27 00 00 00 E8  TEL,22598,S5,3591,1075,2946,4995,10000,0
A5 54 47 58 05 07 0E 33 04 82 0B 83 13 10 27 00 00 00 EA  TEL,22599,S5,3591,1075,2946,4995,10000,0
A5 54 48 58 05 45 0E 35 04 82 0B 83 13 10 27 00 00 00 62  TEL,22600,S5,3653,1077,2946,4995,10000,0
A5 54 49 58 05 07 0E 33 04 82 0B 83 13 10 27 00 00 00 F6  TEL,22601,S5,3591,1075,2946,4995,10000,0
A5 54 4A 58 05 E8 0D 32 04 82 0B 83 13 10 27 00 00 00 A5  TEL,22602,S5,3560,1074,2946,4995,10000,0
A5 54 4B 58 05 07 0E 33 04 82 0B 83 13 10 27 00 00 00 F2  TEL,22603,S5,3591,1075,2946,4995,10000,0
A5 54 4C 58 05 E8 0D 32 04 82 0B 83 13 10 27 00 00 00 A9  TEL,22604,S5,3560,1074,2946,4995,10000,0
A5 54 4D 58 05 45 0E 35 04 82 0B 83 13 10 27 00 00 00 68  TEL,22605,S5,3653,1077,2946,4995,10000,0
A5 54 4E 58 05 07 0E 33 04 82 0B 83 13 10 27 00 00 00 F8  TEL,22606,S5,3591,1075,2946,4995,10000,0
A5 54 4F 58 05 07 0E 33 04 82 0B 83 13 10 27 00 00 00 FA  TEL,22607,S5,3591,1075,2946,4995,10000,0
A5 54 50 58 05 26 0E 34 04 82 0B 83 13 10 27 00 00 00 F3  TEL,22608,S5,3622,1076,2946,4995,10000,0
A5 42 90 00 05 51 58 6B 04 CC 16 7D 04 CC 16 7E 04 CC 16 4F  BTN,144,S5,PRESSED,22609,382469227,382469245,382469246
A5 54 52 58 05 07 0E 33 04 82 0B BD 13 10 27 00 00 01 93  TEL,22610,S5,3591,1075,2946,5053,10000,1
A5 54 53 58 05 07 0E 33 04 82 0B 83 13 10 27 00 00 00 C2  TEL,22611,S5,3591,1075,2946,4995,10000,0
A5 54 54 58 05 E8 0D 32 04 82 0B 83 13 10 27 00 00 00 99  TEL,22612,S5,3560,1074,2946,4995,10000,0
A5 54 55 58 05 07 0E 33 04 82 0B 83 13 10 27 00 00 00 CE  TEL,22613,S5,3591,1075,2946,4995,10000,0
A5 54 56 58 05 E8 0D 32 04 82 0B 83 13 10 27 00 00 00 9D  TEL,22614,S5,3560,1074,2946,4995,10000,0
A5 54 57 58 05 E8 0D 32 04 82 0B 83 13 10 27 00 00 00 9F  TEL,22615,S5,3560,1074,2946,4995,10000,0
A5 54 58 58 05 07 0E 33 04 82 0B 83 13 10 27 00 00 00 D4  TEL,22616,S5,3591,1075,2946,4995,10000,0
A5 54 59 58 05 07 0E 33 04 82 0B 83 13 10 27 00 00 00 D6  TEL,22617,S5,3591,1075,2946,4995,10000,0
A5 54 5A 58 05 07 0E 33 04 82 0B 83 13 10 27 00 00 00 D0  TEL,22618,S5,3591,1075,2946,4995,10000,0
A5 54 5B 58 05 E8 0D 32 04 82 0B 83 13 10 27 00 00 00 87  TEL,22619,S5,3560,1074,2946,4995,10000,0
A5 54 5C 58 05 07 0E 33 04 82 0B 83 13 10 27 00 00 00 DC  TEL,22620,S5,3591,1075,2946,4995,10000,0
A5 54 5D 58 05 07 0E 33 04 82 0B 83 13 10 27 00 00 00 DE  TEL,22621,S5,3591,1075,2946,4995,10000,0
A5 54 5E 58 05 A3 0E 38 04 82 0B 83 13 10 27 00 00 00 50  TEL,22622,S5,3747,1080,2946,4995,10000,0
A5 54 5F 58 05 07 0E 33 04 82 0B 83 13 10 27 00 00 00 DA  TEL,22623,S5,3591,1075,2946,4995,10000,0
A5 54 60 58 05 07 0E 33 04 82 0B 83 13 10 27 00 00 00 A4  TEL,22624,S5,3591,1075,2946,4995,10000,0
A5 54 61 58 05 07 0E 33 04 82 0B 83 13 10 27 00 00 00 A6  TEL,22625,S5,3591,1075,2946,4995,10000,0
A5 54 62 58 05 07 0E 33 04 82 0B 83 13 10 27 00 00 00 A0  TEL,22626,S5,3591,1075,2946,4995,10000,0
A5 54 63 58 05 07 0E 33 04 82 0B 83 13 10 27 00 00 00 A2  TEL,22627,S5,3591,1075,2946,4995,10000,0
A5 54 64 58 05 07 0E 33 04 82 0B 83 13 10 27 00 00 00 AC  TEL,22628,S5,3591,1075,2946,4995,10000,0
A5 54 65 58 05 07 0E 33 04 82 0B 83 13 10 27 00 00 00 AE  TEL,22629,S5,3591,1075,2946,4995,10000,0
A5 54 66 58 05 E8 0D 32 04 82 0B 83 13 10 27 00 00 00 FD  TEL,22630,S5,3560,1074,2946,4995,10000,0
A5 54 67 58 05 E8 0D 32 04 82 0B 83 13 10 27 00 00 00 FF  TEL,22631,S5,3560,1074,2946,4995,10000,0
A5 54 68 58 05 E8 0D 32 04 82 0B 83 13 10 27 00 00 00 E1  TEL,22632,S5,3560,1074,2946,4995,10000,0
A5 54 69 58 05 45 0E 35 04 82 0B 83 13 10 27 00 00 00 20  TEL,22633,S5,3653,1077,2946,4995,10000,0
A5 54 6A 58 05 07 0E 33 04 82 0B 83 13 10 27 00 00 00 B0  TEL,22634,S5,3591,1075,2946,4995,10000,0
A5 54 6B 58 05 E8 0D 32 04 82 0B 83 13 10 27 00 00 00 E7  TEL,22635,S5,3560,1074,2946,4995,10000,0
A5 54 6C 58 05 E8 0D 32 04 82 0B 83 13 10 27 00 00 00 E9  TEL,22636,S5,3560,1074,2946,4995,10000,0
A5 54 6D 58 05 A3 0E 38 04 82 0B 83 13 10 27 00 00 00 36  TEL,22637,S5,3747,1080,2946,4995,10000,0
A5 54 6E 58 05 45 0E 35 04 82 0B 83 13 10 27 00 00 00 2E  TEL,22638,S5,3653,1077,2946,4995,10000,0
A5 54 6F 58 05 E8 0D 32 04 82 0B 83 13 10 27 00 00 00 EF  TEL,22639,S5,3560,1074,2946,4995,10000,0
A5 54 70 58 05 07 0E 33 04 82 0B 83 13 10 27 00 00 00 84  TEL,22640,S5,3591,1075,2946,4995,10000,0
A5 54 71 58 05 07 0E 33 04 82 0B 83 13 10 27 00 00 00 86  TEL,22641,S5,3591,1075,2946,4995,10000,0
A5 54 72 58 05 E8 0D 32 04 82 0B 83 13 10 27 00 00 00 D5  TEL,22642,S5,3560,1074,2946,4995,10000,0
A5 54 73 58 05 E8 0D 32 04 82 0B 83 13 10 27 00 00 00 D7  TEL,22643,S5,3560,1074,2946,4995,10000,0
A5 54 74 58 05 E8 0D 32 04 82 0B 83 13 10 27 00 00 00 D9  TEL,22644,S5,3560,1074,2946,4995,10000,0
A5 54 75 58 05 07 0E 33 04 82 0B 83 13 10 27 00 00 00 8E  TEL,22645,S5,3591,1075,2946,4995,10000,0
A5 54 76 58 05 C9 0D 30 04 82 0B 83 13 10 27 00 00 00 89  TEL,22646,S5,3529,1072,2946,4995,10000,0
A5 54 77 58 05 E8 0D 32 04 82 0B 83 13 10 27 00 00 00 DF  TEL,22647,S5,3560,1074,2946,4995,10000,0
A5 54 78 58 05 07 0E 33 04 82 0B 83 13 10 27 00 00 00 94  TEL,22648,S5,3591,1075,2946,4995,10000,0
A5 54 79 58 05 07 0E 33 04 82 0B 83 13 10 27 00 00 00 96  TEL,22649,S5,3591,1075,2946,4995,10000,0
A5 54 7A 58 05 07 0E 33 04 82 0B 83 13 10 27 00 00 00 90  TEL,22650,S5,3591,1075,2946,4995,10000,0
A5 54 7B 58 05 45 0E 35 04 82 0B 83 13 10 27 00 00 00 04  TEL,22651,S5,3653,1077,2946,4995,10000,0
A5 54 7C 58 05 C9 0D 31 04 82 0B 83 13 10 27 00 00 00 82  TEL,22652,S5,3529,1073,2946,4995,10000,0
A5 54 7D 58 05 E8 0D 32 04 82 0B 83 13 10 27 00 00 00 CB  TEL,22653,S5,3560,1074,2946,4995,10000,0
A5 54 7E 58 05 45 0E 35 04 82 0B 83 13 10 27 00 00 00 0E  TEL,22654,S5,3653,1077,2946,4995,10000,0
A5 54 7F 58 05 07 0E 33 04 82 0B 83 13 10 27 00 00 00 9A  TEL,22655,S5,3591,1075,2946,4995,10000,0
A5 54 80 58 05 07 0E 33 04 82 0B 83 13 10 27 00 00 00 63  TEL,22656,S5,3591,1075,2946,4995,10000,0
A5 54 81 58 05 07 0E 33 04 82 0B 83 13 10 27 00 00 00 61  TEL,22657,S5,3591,1075,2946,4995,10000,0
A5 54 82 58 05 E8 0D 32 04 82 0B 83 13 10 27 00 00 00 32  TEL,22658,S5,3560,1074,2946,4995,10000,0
A5 54 83 58 05 E8 0D 32 04 82 0B 83 13 10 27 00 00 00 30  TEL,22659,S5,3560,1074,2946,4995,10000,0
A5 54 84 58 05 C9 0D 31 04 82 0B 83 13 10 27 00 00 00 75  TEL,22660,S5,3529,1073,2946,4995,10000,0
A5 54 85 58 05 E8 0D 32 04 82 0B 83 13 10 27 00 00 00 3C  TEL,22661,S5,3560,1074,2946,4995,10000,0
A5 54 86 58 05 07 0E 33 04 82 0B 83 13 10 27 00 00 00 6F  TEL,22662,S5,3591,1075,2946,4995,10000,0
A5 54 87 58 05 07 0E 33 04 82 0B 83 13 10 27 00 00 00 6D  TEL,22663,S5,3591,1075,2946,4995,10000,0
A5 54 88 58 05 07 0E 33 04 82 0B 83 13 10 27 00 00 00 73  TEL,22664,S5,3591,1075,2946,4995,10000,0
A5 54 89 58 05 E8 0D 32 04 82 0B 83 13 10 27 00 00 00 24  TEL,22665,S5,3560,1074,2946,4995,10000,0
A5 54 8A 58 05 07 0E 33 04 82 0B 83 13 10 27 00 00 00 77  TEL,22666,S5,3591,1075,2946,4995,10000,0
A5 54 8B 58 05 07 0E 33 04 82 0B 83 13 10 27 00 00 00 75  TEL,22667,S5,3591,1075,2946,4995,10000,0
A5 54 8C 58 05 E8 0D 32 04 82 0B 83 13 10 27 00 00 00 2E  TEL,22668,S5,3560,1074,2946,4995,10000,0
A5 54 8D 58 05 07 0E 33 04 82 0B 83 13 10 27 00 00 00 79  TEL,22669,S5,3591,1075,2946,4995,10000,0
A5 54 8E 58 05 45 0E 35 04 82 0B 83 13 10 27 00 00 00 E9  TEL,22670,S5,3653,1077,2946,4995,10000,0
A5 54 8F 58 05 E8 0D 32 04 82 0B 83 13 10 27 00 00 00 28  TEL,22671,S5,3560,1074,2946,4995,10000,0
A5 54 90 58 05 07 0E 33 04 82 0B 83 13 10 27 00 00 00 43  TEL,22672,S5,3591,1075,2946,4995,10000,0
A5 54 91 58 05 E8 0D 32 04 82 0B 83 13 10 27 00 00 00 14  TEL,22673,S5,3560,1074,2946,4995,10000,0
A5 54 92 58 05 64 0E 36 04 82 0B 83 13 10 27 00 00 00 9A  TEL,22674,S5,3684,1078,2946,4995,10000,0
A5 54 93 58 05 07 0E 33 04 82 0B 83 13 10 27 00 00 00 45  TEL,22675,S5,3591,1075,2946,4995,10000,0
A5 54 94 58 05 E8 0D 32 04 82 0B 83 13 10 27 00 00 00 1E  TEL,22676,S5,3560,1074,2946,4995,10000,0
A5 54 95 58 05 E8 0D 32 04 82 0B 83 13 10 27 00 00 00 1C  TEL,22677,S5,3560,1074,2946,4995,10000,0
A5 54 96 58 05 07 0E 33 04 82 0B 83 13 10 27 00 00 00 4F  TEL,22678,S5,3591,1075,2946,4995,10000,0
A5 54 97 58 05 07 0E 33 04 82 0B 83 13 10 27 00 00 00 4D  TEL,22679,S5,3591,1075,2946,4995,10000,0
A5 54 98 58 05 E8 0D 32 04 82 0B 83 13 10 27 00 00 00 06  TEL,22680,S5,3560,1074,2946,4995,10000,0
A5 54 99 58 05 07 0E 33 04 82 0B 83 13 10 27 00 00 00 51  TEL,22681,S5,3591,1075,2946,4995,10000,0
A5 54 9A 58 05 E8 0D 32 04 82 0B 83 13 10 27 00 00 00 02  TEL,22682,S5,3560,1074,2946,4995,10000,0
A5 54 9B 58 05 07 0E 33 04 82 0B 83 13 10 27 00 00 00 55  TEL,22683,S5,3591,1075,2946,4995,10000,0
A5 54 9C 58 05 E8 0D 32 04 82 0B 83 13 10 27 00 00 00 0E  TEL,22684,S5,3560,1074,2946,4995,10000,0
A5 54 9D 58 05 07 0E 33 04 82 0B 83 13 10 27 00 00 00 59  TEL,22685,S5,3591,1075,2946,4995,10000,0
A5 54 9E 58 05 83 0E 37 04 82 0B 83 13 10 27 00 00 00 8C  TEL,22686,S5,3715,1079,2946,4995,10000,0
A5 54 9F 58 05 E8 0D 32 04 82 0B 83 13 10 27 00 00 00 08  TEL,22687,S5,3560,1074,2946,4995,10000,0
A5 54 A0 58 05 07 0E 33 04 82 0B 83 13 10 27 00 00 00 23  TEL,22688,S5,3591,1075,2946,4995,10000,0
A5 54 A1 58 05 07 0E 33 04 82 0B 83 13 10 27 00 00 00 21  TEL,22689,S5,3591,1075,2946,4995,10000,0
A5 54 A2 58 05 E8 0D 32 04 82 0B 83 13 10 27 00 00 00 72  TEL,22690,S5,3560,1074,2946,4995,10000,0
A5 54 A3 58 05 E8 0D 32 04 82 0B 83 13 10 27 00 00 00 70  TEL,22691,S5,3560,1074,2946,4995,10000,0
A5 54 A4 58 05 E8 0D 32 04 82 0B 83 13 10 27 00 00 00 7E  TEL,22692,S5,3560,1074,2946,4995,10000,0
A5 54 A5 58 05 07 0E 33 04 82 0B 83 13 10 27 00 00 00 29  TEL,22693,S5,3591,1075,2946,4995,10000,0
A5 54 A6 58 05 07 0E 33 04 82 0B 83 13 10 27 00 00 00 2F  TEL,22694,S5,3591,1075,2946,4995,10000,0
A5 54 A7 58 05 07 0E 33 04 82 0B 83 13 10 27 00 00 00 2D  TEL,22695,S5,3591,1075,2946,4995,10000,0
A5 54 A8 58 05 E8 0D 32 04 82 0B 83 13 10 27 00 00 00 66  TEL,22696,S5,3560,1074,2946,4995,10000,0
A5 54 A9 58 05 07 0E 33 04 82 0B 83 13 10 27 00 00 00 31  TEL,22697,S5,3591,1075,2946,4995,10000,0
A5 54 AA 58 05 E8 0D 32 04 82 0B 83 13 10 27 00 00 00 62  TEL,22698,S5,3560,1074,2946,4995,10000,0
A5 54 AB 58 05 64 0E 36 04 82 0B 83 13 10 27 00 00 00 E8  TEL,22699,S5,3684,1078,2946,4995,10000,0
A5 54 AC 58 05 07 0E 33 04 82 0B 83 13 10 27 00 00 00 3B  TEL,22700,S5,3591,1075,2946,4995,10000,0
A5 54 AD 58 05 07 0E 33 04 82 0B 83 13 10 27 00 00 00 39  TEL,22701,S5,3591,1075,2946,4995,10000,0
A5 54 AE 58 05 45 0E 35 04 82 0B 83 13 10 27 00 00 00 A9  TEL,22702,S5,3653,1077,2946,4995,10000,0
A5 54 AF 58 05 07 0E 33 04 82 0B 83 13 10 27 00 00 00 3D  TEL,22703,S5,3591,1075,2946,4995,10000,0
A5 54 B0 58 05 E8 0D 32 04 82 0B 83 13 10 27 00 00 00 56  TEL,22704,S5,3560,1074,2946,4995,10000,0
A5 54 B1 58 05 E8 0D 32 04 82 0B 83 13 10 27 00 00 00 54  TEL,22705,S5,3560,1074,2946,4995,10000,0
A5 54 B2 58 05 07 0E 33 04 82 0B 83 13 10 27 00 00 00 07  TEL,22706,S5,3591,1075,2946,4995,10000,0
A5 54 B3 58 05 07 0E 33 04 82 0B 83 13 10 27 00 00 00 05  TEL,22707,S5,3591,1075,2946,4995,10000,0
A5 54 B4 58 05 07 0E 33 04 82 0B 83 13 10 27 00 00 00 0B  TEL,22708,S5,3591,1075,2946,4995,10000,0
A5 54 B5 58 05 07 0E 33 04 82 0B 83 13 10 27 00 00 00 09  TEL,22709,S5,3591,1075,2946,4995,10000,0
A5 54 B6 58 05 07 0E 33 04 82 0B 83 13 10 27 00 00 00 0F  TEL,22710,S5,3591,1075,2946,4995,10000,0
A5 54 B7 58 05 07 0E 33 04 82 0B 83 13 10 27 00 00 00 0D  TEL,22711,S5,3591,1075,2946,4995,10000,0
A5 54 B8 58 05 07 0E 33 04 82 0B 83 13 10 27 00 00 00 13  TEL,22712,S5,3591,1075,2946,4995,10000,0
A5 54 B9 58 05 07 0E 33 04 82 0B 83 13 10 27 00 00 00 11  TEL,22713,S5,3591,1075,2946,4995,10000,0
A5 54 BA 58 05 07 0E 33 04 82 0B 83 13 10 27 00 00 00 17  TEL,22714,S5,3591,1075,2946,4995,10000,0
A5 54 BB 58 05 07 0E 33 04 82 0B 83 13 10 27 00 00 00 15  TEL,22715,S5,3591,1075,2946,4995,10000,0
A5 54 BC 58 05 E8 0D 32 04 82 0B 83 13 10 27 00 00 00 4E  TEL,22716,S5,3560,1074,2946,4995,10000,0
A5 54 BD 58 05 E8 0D 32 04 82 0B 83 13 10 27 00 00 00 4C  TEL,22717,S5,3560,1074,2946,4995,10000,0
A5 54 BE 58 05 26 0E 34 04 82 0B 83 13 10 27 00 00 00 28  TEL,22718,S5,3622,1076,2946,4995,10000,0
A5 54 BF 58 05 07 0E 33 04 82 0B 83 13 10 27 00 00 00 1D  TEL,22719,S5,3591,1075,2946,4995,10000,0
A5 54 C0 58 05 07 0E 33 04 82 0B 83 13 10 27 00 00 00 E3  TEL,22720,S5,3591,1075,2946,4995,10000,0
A5 54 C1 58 05 07 0E 33 04 82 0B 83 13 10 27 00 00 00 E1  TEL,22721,S5,3591,1075,2946,4995,10000,0
A5 54 C2 58 05 07 0E 33 04 82 0B 83 13 10 27 00 00 00 E7  TEL,22722,S5,3591,1075,2946,4995,10000,0
A5 54 C3 58 05 E8 0D 32 04 82 0B 83 13 10 27 00 00 00 B0  TEL,22723,S5,3560,1074,2946,4995,10000,0
A5 54 C4 58 05 07 0E 33 04 82 0B 83 13 10 27 00 00 00 EB  TEL,22724,S5,3591,1075,2946,4995,10000,0
A5 54 C5 58 05 07 0E 33 04 82 0B 83 13 10 27 00 00 00 E9  TEL,22725,S5,3591,1075,2946,4995,10000,0
A5 54 C6 58 05 45 0E 35 04 82 0B 83 13 10 27 00 00 00 79  TEL,22726,S5,3653,1077,2946,4995,10000,0
A5 54 C7 58 05 07 0E 33 04 82 0B 83 13 10 27 00 00 00 ED  TEL,22727,S5,3591,1075,2946,4995,10000,0
A5 54 C8 58 05 E8 0D 32 04 82 0B 83 13 10 27 00 00 00 A6  TEL,22728,S5,3560,1074,2946,4995,10000,0
A5 54 C9 58 05 83 0E 37 04 82 0B 83 13 10 27 00 00 00 22  TEL,22729,S5,3715,1079,2946,4995,10000,0
A5 54 CA 58 05 E8 0D 32 04 82 0B 83 13 10 27 00 00 00 A2  TEL,22730,S5,3560,1074,2946,4995,10000,0
A5 54 CB 58 05 07 0E 33 04 82 0B 83 13 10 27 00 00 00 F5  TEL,22731,S5,3591,1075,2946,4995,10000,0
A5 54 CC 58 05 07 0E 33 04 82 0B 83 13 10 27 00 00 00 FB  TEL,22732,S5,3591,1075,2946,4995,10000,0
A5 54 CD 58 05 E8 0D 32 04 82 0B 83 13 10 27 00 00 00 AC  TEL,22733,S5,3560,1074,2946,4995,10000,0
A5 54 CE 58 05 64 0E 36 04 82 0B 83 13 10 27 00 00 00 22  TEL,22734,S5,3684,1078,2946,4995,10000,0
A5 54 CF 58 05 07 0E 33 04 82 0B 83 13 10 27 00 00 00 FD  TEL,22735,S5,3591,1075,2946,4995,10000,0
A5 54 D0 58 05 07 0E 33 04 82 0B 83 13 10 27 00 00 00 C3  TEL,22736,S5,3591,1075,2946,4995,10000,0
A5 54 D1 58 05 07 0E 33 04 82 0B 83 13 10 27 00 00 00 C1  TEL,22737,S5,3591,1075,2946,4995,10000,0
A5 54 D2 58 05 83 0E 37 04 82 0B 83 13 10 27 00 00 00 14  TEL,22738,S5,3715,1079,2946,4995,10000,0
A5 54 D3 58 05 E8 0D 32 04 82 0B 83 13 10 27 00 00 00 90  TEL,22739,S5,3560,1074,2946,4995,10000,0
A5 54 D4 58 05 07 0E 33 04 82 0B 83 13 10 27 00 00 00 CB  TEL,22740,S5,3591,1075,2946,4995,10000,0
A5 54 D5 58 05 C9 0D 30 04 82 0B 83 13 10 27 00 00 00 C8  TEL,22741,S5,3529,1072,2946,4995,10000,0
A5 54 D6 58 05 E8 0D 32 04 82 0B 83 13 10 27 00 00 00 9A  TEL,22742,S5,3560,1074,2946,4995,10000,0
A5 54 D7 58 05 64 0E 36 04 82 0B 83 13 10 27 00 00 00 10  TEL,22743,S5,3684,1078,2946,4995,10000,0
A5 54 D8 58 05 8A 0D 2E 04 82 0B 83 13 10 27 00 00 00 DF  TEL,22744,S5,3466,1070,2946,4995,10000,0
A5 54 D9 58 05 07 0E 33 04 82 0B 83 13 10 27 00 00 00 D1  TEL,22745,S5,3591,1075,2946,4995,10000,0
A5 54 DA 58 05 A3 0E 38 04 82 0B 83 13 10 27 00 00 00 5F  TEL,22746,S5,3747,1080,2946,4995,10000,0
A5 54 DB 58 05 E8 0D 32 04 82 0B 83 13 10 27 00 00 00 80  TEL,22747,S5,3560,1074,2946,4995,10000,0
A5 54 DC 58 05 E8 0D 32 04 82 0B 83 13 10 27 00 00 00 8E  TEL,22748,S5,3560,1074,2946,4995,10000,0
A5 54 DD 58 05 E8 0D 32 04 82 0B 83 13 10 27 00 00 00 8C  TEL,22749,S5,3560,1074,2946,4995,10000,0
A5 54 DE 58 05 45 0E 35 04 82 0B 83 13 10 27 00 00 00 49  TEL,22750,S5,3653,1077,2946,4995,10000,0
A5 42 91 00 05 DF 58 7B 70 E1 16 8F 70 E1 16 91 70 E1 16 B6  BTN,145,S5,PRESSED,22751,383873147,383873167,383873169
A5 54 E0 58 05 07 0E 33 04 82 0B 83 13 10 27 00 00 00 A3  TEL,22752,S5,3591,1075,2946,4995,10000,0
A5 54 E1 58 05 07 0E 33 04 82 0B 83 13 10 27 00 00 00 A1  TEL,22753,S5,3591,1075,2946,4995,10000,0
A5 54 E2 58 05 07 0E 33 04 82 0B 83 13 10 27 00 00 00 A7  TEL,22754,S5,3591,1075,2946,4995,10000,0
A5 54 E3 58 05 E8 0D 32 04 82 0B 83 13 10 27 00 00 00 F0  TEL,22755,S5,3560,1074,2946,4995,10000,0
A5 54 E4 58 05 26 0E 34 04 82 0B 83 13 10 27 00 00 00 9C  TEL,22756,S5,3622,1076,2946,4995,10000,0
A5 54 E5 58 05 07 0E 33 04 82 0B 83 13 10 27 00 00 00 A9  TEL,22757,S5,3591,1075,2946,4995,10000,0
A5 54 E6 58 05 07 0E 33 04 82 0B 83 13 10 27 00 00 00 AF  TEL,22758,S5,3591,1075,2946,4995,10000,0
A5 54 E7 58 05 07 0E 33 04 82 0B 83 13 10 27 00 00 00 AD  TEL,22759,S5,3591,1075,2946,4995,10000,0
A5 54 E8 58 05 E8 0D 32 04 82 0B 83 13 10 27 00 00 00 E6  TEL,22760,S5,3560,1074,2946,4995,10000,0
A5 54 E9 58 05 07 0E 33 04 82 0B 83 13 10 27 00 00 00 B1  TEL,22761,S5,3591,1075,2946,4995,10000,0
A5 54 EA 58 05 07 0E 33 04 82 0B 83 13 10 27 00 00 00 B7  TEL,22762,S5,3591,1075,2946,4995,10000,0
A5 54 EB 58 05 83 0E 37 04 82 0B 83 13 10 27 00 00 00 66  TEL,22763,S5,3715,1079,2946,4995,10000,0
A5 54 EC 58 05 07 0E 33 04 82 0B 83 13 10 27 00 00 00 BB  TEL,22764,S5,3591,1075,2946,4995,10000,0
A5 54 ED 58 05 07 0E 33 04 82 0B 83 13 10 27 00 00 00 B9  TEL,22765,S5,3591,1075,2946,4995,10000,0
A5 54 EE 58 05 64 0E 36 04 82 0B 83 13 10 27 00 00 00 62  TEL,22766,S5,3684,1078,2946,4995,10000,0
A5 54 EF 58 05 26 0E 34 04 82 0B 83 13 10 27 00 00 00 8A  TEL,22767,S5,3622,1076,2946,4995,10000,0
A5 54 F0 58 05 E8 0D 32 04 82 0B 83 13 10 27 00 00 00 D6  TEL,22768,S5,3560,1074,2946,4995,10000,0
A5 54 F1 58 05 07 0E 33 04 82 0B 83 13 10 27 00 00 00 81  TEL,22769,S5,3591,1075,2946,4995,10000,0
A5 54 F2 58 05 E8 0D 32 04 82 0B 83 13 10 27 00 00 00 D2  TEL,22770,S5,3560,1074,2946,4995,10000,0
A5 54 F3 58 05 07 0E 33 04 82 0B 83 13 10 27 00 00 00 85  TEL,22771,S5,3591,1075,2946,4995,10000,0
A5 54 F4 58 05 07 0E 33 04 82 0B 83 13 10 27 00 00 00 8B  TEL,22772,S5,3591,1075,2946,4995,10000,0
A5 54 F5 58 05 E8 0D 32 04 82 0B 83 13 10 27 00 00 00 DC  TEL,22773,S5,3560,1074,2946,4995,10000,0
A5 54 F6 58 05 45 0E 35 04 82 0B 83 13 10 27 00 00 00 19  TEL,22774,S5,3653,1077,2946,4995,10000,0
A5 54 F7 58 05 07 0E 33 04 82 0B 83 13 10 27 00 00 00 8D  TEL,22775,S5,3591,1075,2946,4995,10000,0
A5 54 F8 58 05 07 0E 33 04 82 0B 83 13 10 27 00 00 00 93  TEL,22776,S5,3591,1075,2946,4995,10000,0
A5 54 F9 58 05 07 0E 33 04 82 0B 83 13 10 27 00 00 00 91  TEL,22777,S5,3591,1075,2946,4995,10000,0
A5 54 FA 58 05 07 0E 33 04 82 0B 83 13 10 27 00 00 00 97  TEL,22778,S5,3591,1075,2946,4995,10000,0
A5 54 FB 58 05 E8 0D 32 04 82 0B 83 13 10 27 00 00 00 C0  TEL,22779,S5,3560,1074,2946,4995,10000,0
A5 54 FC 58 05 07 0E 33 04 82 0B 83 13 10 27 00 00 00 9B  TEL,22780,S5,3591,1075,2946,4995,10000,0
A5 54 FD 58 05 07 0E 33 04 82 0B 83 13 10 27 00 00 00 99  TEL,22781,S5,3591,1075,2946,4995,10000,0
A5 54 FE 58 05 07 0E 33 04 82 0B 83 13 10 27 00 00 00 9F  TEL,22782,S5,3591,1075,2946,4995,10000,0
A5 54 FF 58 05 45 0E 35 04 82 0B 83 13 10 27 00 00 00 0B  TEL,22783,S5,3653,1077,2946,4995,10000,0
A5 54 00 59 05 07 0E 33 04 82 0B 83 13 10 27 00 00 00 D1  TEL,22784,S5,3591,1075,2946,4995,10000,0
A5 54 01 59 05 07 0E 33 04 82 0B 83 13 10 27 00 00 00 D3  TEL,22785,S5,3591,1075,2946,4995,10000,0
A5 54 02 59 05 07 0E 33 04 82 0B 83 13 10 27 00 00 00 D5  TEL,22786,S5,3591,1075,2946,4995,10000,0
A5 54 03 59 05 07 0E 33 04 82 0B 83 13 10 27 00 00 00 D7  TEL,22787,S5,3591,1075,2946,4995,10000,0
A5 54 04 59 05 07 0E 33 04 82 0B 83 13 10 27 00 00 00 D9  TEL,22788,S5,3591,1075,2946,4995,10000,0
A5 54 05 59 05 E8 0D 32 04 82 0B 83 13 10 27 00 00 00 8E  TEL,22789,S5,3560,1074,2946,4995,10000,0
A5 54 06 59 05 45 0E 35 04 82 0B 83 13 10 27 00 00 00 4B  TEL,22790,S5,3653,1077,2946,4995,10000,0
A5 54 07 59 05 07 0E 33 04 82 0B 83 13 10 27 00 00 00 DF  TEL,22791,S5,3591,1075,2946,4995,10000,0
A5 54 08 59 05 26 0E 34 04 82 0B 83 13 10 27 00 00 00 F6  TEL,22792,S5,3622,1076,2946,4995,10000,0
A5 54 09 59 05 07 0E 33 04 82 0B 83 13 10 27 00 00 00 C3  TEL,22793,S5,3591,1075,2946,4995,10000,0
A5 54 0A 59 05 07 0E 33 04 82 0B 83 13 10 27 00 00 00 C5  TEL,22794,S5,3591,1075,2946,4995,10000,0
A5 54 0B 59 05 07 0E 33 04 82 0B 83 13 10 27 00 00 00 C7  TEL,22795,S5,3591,1075,2946,4995,10000,0
A5 54 0C 59 05 26 0E 34 04 82 0B 83 13 10 27 00 00 00 FE  TEL,22796,S5,3622,1076,2946,4995,10000,0
A5 54 0D 59 05 07 0E 33 04 82 0B 83 13 10 27 00 00 00 CB  TEL,22797,S5,3591,1075,2946,4995,10000,0
A5 54 0E 59 05 E8 0D 32 04 82 0B 83 13 10 27 00 00 00 98  TEL,22798,S5,3560,1074,2946,4995,10000,0
A5 54 0F 59 05 A3 0E 38 04 82 0B 83 13 10 27 00 00 00 47  TEL,22799,S5,3747,1080,2946,4995,10000,0
A5 54 10 59 05 07 0E 33 04 82 0B 83 13 10 27 00 00 00 F1  TEL,22800,S5,3591,1075,2946,4995,10000,0
A5 54 11 59 05 07 0E 33 04 82 0B 83 13 10 27 00 00 00 F3  TEL,22801,S5,3591,1075,2946,4995,10000,0
A5 54 12 59 05 07 0E 33 04 82 0B 83 13 10 27 00 00 00 F5  TEL,22802,S5,3591,1075,2946,4995,10000,0
A5 54 13 59 05 E8 0D 32 04 82 0B 83 13 10 27 00 00 00 A2  TEL,22803,S5,3560,1074,2946,4995,10000,0
A5 54 14 59 05 07 0E 33 04 82 0B 83 13 10 27 00 00 00 F9  TEL,22804,S5,3591,1075,2946,4995,10000,0
A5 54 15 59 05 07 0E 33 04 82 0B 83 13 10 27 00 00 00 FB  TEL,22805,S5,3591,1075,2946,4995,10000,0
A5 54 16 59 05 E8 0D 32 04 82 0B 83 13 10 27 00 00 00 A8  TEL,22806,S5,3560,1074,2946,4995,10000,0
A5 54 17 59 05 07 0E 33 04 82 0B 83 13 10 27 00 00 00 FF  TEL,22807,S5,3591,1075,2946,4995,10000,0
A5 54 18 59 05 E8 0D 32 04 82 0B 83 13 10 27 00 00 00 B4  TEL,22808,S5,3560,1074,2946,4995,10000,0
A5 54 19 59 05 07 0E 33 04 82 0B 83 13 10 27 00 00 00 E3  TEL,22809,S5,3591,1075,2946,4995,10000,0
A5 54 1A 59 05 07 0E 33 04 82 0B 83 13 10 27 00 00 00 E5  TEL,22810,S5,3591,1075,2946,4995,10000,0
A5 54 1B 59 05 07 0E 33 04 82 0B 83 13 10 27 00 00 00 E7  TEL,22811,S5,3591,1075,2946,4995,10000,0
A5 54 1C 59 05 07 0E 33 04 82 0B 83 13 10 27 00 00 00 E9  TEL,22812,S5,3591,1075,2946,4995,10000,0
A5 54 1D 59 05 07 0E 33 04 82 0B 83 13 10 27 00 00 00 EB  TEL,22813,S5,3591,1075,2946,4995,10000,0
A5 54 1E 59 05 07 0E 33 04 82 0B 83 13 10 27 00 00 00 ED  TEL,22814,S5,3591,1075,2946,4995,10000,0
A5 54 1F 59 05 45 0E 35 04 82 0B 83 13 10 27 00 00 00 79  TEL,22815,S5,3653,1077,2946,4995,10000,0
A5 54 20 59 05 07 0E 33 04 82 0B 83 13 10 27 00 00 00 91  TEL,22816,S5,3591,1075,2946,4995,10000,0
A5 54 21 59 05 E8 0D 32 04 82 0B 83 13 10 27 00 00 00 C6  TEL,22817,S5,3560,1074,2946,4995,10000,0
A5 54 22 59 05 07 0E 33 04 82 0B 83 13 10 27 00 00 00 95  TEL,22818,S5,3591,1075,2946,4995,10000,0
A5 54 23 59 05 E8 0D 32 04 82 0B 83 13 10 27 00 00 00 C2  TEL,22819,S5,3560,1074,2946,4995,10000,0
A5 54 24 59 05 07 0E 33 04 82 0B 83 13 10 27 00 00 00 99  TEL,22820,S5,3591,1075,2946,4995,10000,0
A5 54 25 59 05 C9 0D 30 04 82 0B 83 13 10 27 00 00 00 9A  TEL,22821,S5,3529,1072,2946,4995,10000,0
A5 54 26 59 05 E8 0D 32 04 82 0B 83 13 10 27 00 00 00 C8  TEL,22822,S5,3560,1074,2946,4995,10000,0
A5 54 27 59 05 07 0E 33 04 82 0B 83 13 10 27 00 00 00 9F  TEL,22823,S5,3591,1075,2946,4995,10000,0
A5 54 28 59 05 E8 0D 32 04 82 0B 83 13 10 27 00 00 00 D4  TEL,22824,S5,3560,1074,2946,4995,10000,0
A5 54 29 59 05 07 0E 33 04 82 0B 83 13 10 27 00 00 00 83  TEL,22825,S5,3591,1075,2946,4995,10000,0
A5 54 2A 59 05 E8 0D 32 04 82 0B 83 13 10 27 00 00 00 D0  TEL,22826,S5,3560,1074,2946,4995,10000,0
A5 54 2B 59 05 E8 0D 32 04 82 0B 83 13 10 27 00 00 00 D2  TEL,22827,S5,3560,1074,2946,4995,10000,0
A5 54 2C 59 05 07 0E 33 04 82 0B 83 13 10 27 00 00 00 89  TEL,22828,S5,3591,1075,2946,4995,10000,0
A5 54 2D 59 05 07 0E 33 04 82 0B 83 13 10 27 00 00 00 8B  TEL,22829,S5,3591,1075,2946,4995,10000,0
A5 54 2E 59 05 A3 0E 38 04 82 0B 83 13 10 27 00 00 00 05  TEL,22830,S5,3747,1080,2946,4995,10000,0
A5 54 2F 59 05 45 0E 35 04 82 0B 83 13 10 27 00 00 00 19  TEL,22831,S5,3653,1077,2946,4995,10000,0
A5 54 30 59 05 E8 0D 32 04 82 0B 83 13 10 27 00 00 00 E4  TEL,22832,S5,3560,1074,2946,4995,10000,0
A5 54 31 59 05 07 0E 33 04 82 0B 83 13 10 27 00 00 00 B3  TEL,22833,S5,3591,1075,2946,4995,10000,0
A5 54 32 59 05 E8 0D 32 04 82 0B 83 13 10 27 00 00 00 E0  TEL,22834,S5,3560,1074,2946,4995,10000,0
A5 54 33 59 05 07 0E 33 04 82 0B 83 13 10 27 00 00 00 B7  TEL,22835,S5,3591,1075,2946,4995,10000,0
A5 54 34 59 05 07 0E 33 04 82 0B 83 13 10 27 00 00 00 B9  TEL,22836,S5,3591,1075,2946,4995,10000,0
A5 54 35 59 05 07 0E 33 04 82 0B 83 13 10 27 00 00 00 BB  TEL,22837,S5,3591,1075,2946,4995,10000,0
A5 54 36 59 05 E8 0D 32 04 82 0B 83 13 10 27 00 00 00 E8  TEL,22838,S5,3560,1074,2946,4995,10000,0
A5 54 37 59 05 C9 0D 30 04 82 0B 83 13 10 27 00 00 00 BE  TEL,22839,S5,3529,1072,2946,4995,10000,0
A5 54 38 59 05 07 0E 33 04 82 0B 83 13 10 27 00 00 00 A1  TEL,22840,S5,3591,1075,2946,4995,10000,0
A5 54 39 59 05 07 0E 33 04 82 0B 83 13 10 27 00 00 00 A3  TEL,22841,S5,3591,1075,2946,4995,10000,0
A5 54 3A 59 05 07 0E 33 04 82 0B 83 13 10 27 00 00 00 A5  TEL,22842,S5,3591,1075,2946,4995,10000,0
A5 54 3B 59 05 07 0E 33 04 82 0B 83 13 10 27 00 00 00 A7  TEL,22843,S5,3591,1075,2946,4995,10000,0
A5 54 3C 59 05 E8 0D 32 04 82 0B 83 13 10 27 00 00 00 FC  TEL,22844,S5,3560,1074,2946,4995,10000,0
A5 54 3D 59 05 07 0E 33 04 82 0B 83 13 10 27 00 00 00 AB  TEL,22845,S5,3591,1075,2946,4995,10000,0
A5 54 3E 59 05 07 0E 33 04 82 0B 83 13 10 27 00 00 00 AD  TEL,22846,S5,3591,1075,2946,4995,10000,0
A5 54 3F 59 05 45 0E 35 04 82 0B 83 13 10 27 00 00 00 39  TEL,22847,S5,3653,1077,2946,4995,10000,0
A5 54 40 59 05 E8 0D 32 04 82 0B 83 13 10 27 00 00 00 04  TEL,22848,S5,3560,1074,2946,4995,10000,0
A5 54 41 59 05 E8 0D 32 04 82 0B 83 13 10 27 00 00 00 06  TEL,22849,S5,3560,1074,2946,4995,10000,0
A5 54 42 59 05 07 0E 33 04 82 0B 83 13 10 27 00 00 00 55  TEL,22850,S5,3591,1075,2946,4995,10000,0
A5 54 43 59 05 07 0E 33 04 82 0B 83 13 10 27 00 00 00 57  TEL,22851,S5,3591,1075,2946,4995,10000,0
A5 54 44 59 05 07 0E 33 04 82 0B 83 13 10 27 00 00 00 59  TEL,22852,S5,3591,1075,2946,4995,10000,0
A5 54 45 59 05 07 0E 33 04 82 0B 83 13 10 27 00 00 00 5B  TEL,22853,S5,3591,1075,2946,4995,10000,0
A5 54 46 59 05 07 0E 33 04 82 0B 83 13 10 27 00 00 00 5D  TEL,22854,S5,3591,1075,2946,4995,10000,0
A5 54 47 59 05 07 0E 33 04 82 0B 83 13 10 27 00 00 00 5F  TEL,22855,S5,3591,1075,2946,4995,10000,0
A5 54 48 59 05 07 0E 33 04 82 0B 83 13 10 27 00 00 00 41  TEL,22856,S5,3591,1075,2946,4995,10000,0
A5 54 49 59 05 07 0E 33 04 82 0B 83 13 10 27 00 00 00 43  TEL,22857,S5,3591,1075,2946,4995,10000,0
A5 54 4A 59 05 C9 0D 31 04 82 0B 83 13 10 27 00 00 00 5B  TEL,22858,S5,3529,1073,2946,4995,10000,0
A5 54 4B 59 05 26 0E 34 04 82 0B 83 13 10 27 00 00 00 70  TEL,22859,S5,3622,1076,2946,4995,10000,0
A5 54 4C 59 05 07 0E 33 04 82 0B 83 13 10 27 00 00 00 49  TEL,22860,S5,3591,1075,2946,4995,10000,0
A5 54 4D 59 05 07 0E 33 04 82 0B 83 13 10 27 00 00 00 4B  TEL,22861,S5,3591,1075,2946,4995,10000,0
A5 54 4E 59 05 07 0E 33 04 82 0B 83 13 10 27 00 00 00 4D  TEL,22862,S5,3591,1075,2946,4995,10000,0
A5 54 4F 59 05 64 0E 36 04 82 0B 83 13 10 27 00 00 00 92  TEL,22863,S5,3684,1078,2946,4995,10000,0
A5 54 50 59 05 E8 0D 32 04 82 0B 83 13 10 27 00 00 00 24  TEL,22864,S5,3560,1074,2946,4995,10000,0
A5 54 51 59 05 07 0E 33 04 82 0B 83 13 10 27 00 00 00 73  TEL,22865,S5,3591,1075,2946,4995,10000,0
A5 54 52 59 05 07 0E 33 04 82 0B 83 13 10 27 00 00 00 75  TEL,22866,S5,3591,1075,2946,4995,10000,0
A5 54 53 59 05 07 0E 33 04 82 0B 83 13 10 27 00 00 00 77  TEL,22867,S5,3591,1075,2946,4995,10000,0
A5 54 54 59 05 E8 0D 32 04 82 0B 83 13 10 27 00 00 00 2C  TEL,22868,S5,3560,1074,2946,4995,10000,0
A5 54 55 59 05 07 0E 33 04 82 0B 83 13 10 27 00 00 00 7B  TEL,22869,S5,3591,1075,2946,4995,10000,0
A5 54 56 59 05 07 0E 33 04 82 0B 83 13 10 27 00 00 00 7D  TEL,22870,S5,3591,1075,2946,4995,10000,0
A5 54 57 59 05 07 0E 33 04 82 0B 83 13 10 27 00 00 00 7F  TEL,22871,S5,3591,1075,2946,4995,10000,0
A5 54 58 59 05 45 0E 35 04 82 0B 83 13 10 27 00 00 00 F7  TEL,22872,S5,3653,1077,2946,4995,10000,0
A5 54 59 59 05 07 0E 33 04 82 0B 83 13 10 27 00 00 00 63  TEL,22873,S5,3591,1075,2946,4995,10000,0
A5 54 5A 59 05 07 0E 33 04 82 0B 83 13 10 27 00 00 00 65  TEL,22874,S5,3591,1075,2946,4995,10000,0
A5 54 5B 59 05 07 0E 33 04 82 0B 83 13 10 27 00 00 00 67  TEL,22875,S5,3591,1075,2946,4995,10000,0
A5 54 5C 59 05 E8 0D 32 04 82 0B 83 13 10 27 00 00 00 3C  TEL,22876,S5,3560,1074,2946,4995,10000,0
A5 54 5D 59 05 07 0E 33 04 82 0B 83 13 10 27 00 00 00 6B  TEL,22877,S5,3591,1075,2946,4995,10000,0
A5 54 5E 59 05 07 0E 33 04 82 0B 83 13 10 27 00 00 00 6D  TEL,22878,S5,3591,1075,2946,4995,10000,0
A5 54 5F 59 05 26 0E 34 04 82 0B 83 13 10 27 00 00 00 58  TEL,22879,S5,3622,1076,2946,4995,10000,0
A5 54 60 59 05 E8 0D 32 04 82 0B 83 13 10 27 00 00 00 44  TEL,22880,S5,3560,1074,2946,4995,10000,0
A5 54 61 59 05 E8 0D 32 04 82 0B 83 13 10 27 00 00 00 46  TEL,22881,S5,3560,1074,2946,4995,10000,0
A5 54 62 59 05 07 0E 33 04 82 0B 83 13 10 27 00 00 00 15  TEL,22882,S5,3591,1075,2946,4995,10000,0
A5 54 63 59 05 07 0E 33 04 82 0B 83 13 10 27 00 00 00 17  TEL,22883,S5,3591,1075,2946,4995,10000,0
A5 54 64 59 05 E8 0D 32 04 82 0B 83 13 10 27 00 00 00 4C  TEL,22884,S5,3560,1074,2946,4995,10000,0
A5 54 65 59 05 E8 0D 32 04 82 0B 83 13 10 27 00 00 00 4E  TEL,22885,S5,3560,1074,2946,4995,10000,0
A5 54 66 59 05 83 0E 37 04 82 0B 83 13 10 27 00 00 00 CE  TEL,22886,S5,3715,1079,2946,4995,10000,0
A5 54 67 59 05 07 0E 33 04 82 0B 83 13 10 27 00 00 00 1F  TEL,22887,S5,3591,1075,2946,4995,10000,0
A5 54 68 59 05 E8 0D 32 04 82 0B 83 13 10 27 00 00 00 54  TEL,22888,S5,3560,1074,2946,4995,10000,0
A5 54 69 59 05 07 0E 33 04 82 0B 83 13 10 27 00 00 00 03  TEL,22889,S5,3591,1075,2946,4995,10000,0
A5 54 6A 59 05 07 0E 33 04 82 0B 83 13 10 27 00 00 00 05  TEL,22890,S5,3591,1075,2946,4995,10000,0
A5 54 6B 59 05 E8 0D 32 04 82 0B 83 13 10 27 00 00 00 52  TEL,22891,S5,3560,1074,2946,4995,10000,0
A5 54 6C 59 05 07 0E 33 04 82 0B 83 13 10 27 00 00 00 09  TEL,22892,S5,3591,1075,2946,4995,10000,0
A5 42 92 00 05 6D 59 35 F8 F6 16 46 F8 F6 16 48 F8 F6 16 BC  BTN,146,S5,PRESSED,22893,385284149,385284166,385284168
A5 54 6E 59 05 07 0E 33 04 82 0B 83 13 10 27 00 00 00 0D  TEL,22894,S5,3591,1075,2946,4995,10000,0
A5 54 6F 59 05 26 0E 34 04 82 0B 83 13 10 27 00 00 00 38  TEL,22895,S5,3622,1076,2946,4995,10000,0
A5 54 70 59 05 45 0E 35 04 82 0B 83 13 10 27 00 00 00 A7  TEL,22896,S5,3653,1077,2946,4995,10000,0
A5 54 71 59 05 07 0E 33 04 82 0B 83 13 10 27 00 00 00 33  TEL,22897,S5,3591,1075,2946,4995,10000,0
A5 54 72 59 05 64 0E 36 04 82 0B 83 13 10 27 00 00 00 E8  TEL,22898,S5,3684,1078,2946,4995,10000,0
A5 54 73 59 05 07 0E 33 04 82 0B 83 13 10 27 00 00 00 37  TEL,22899,S5,3591,1075,2946,4995,10000,0
A5 54 74 59 05 07 0E 33 04 82 0B 83 13 10 27 00 00 00 39  TEL,22900,S5,3591,1075,2946,4995,10000,0
A5 54 75 59 05 E8 0D 32 04 82 0B 83 13 10 27 00 00 00 6E  TEL,22901,S5,3560,1074,2946,4995,10000,0
A5 54 76 59 05 E8 0D 32 04 82 0B 83 13 10 27 00 00 00 68  TEL,22902,S5,3560,1074,2946,4995,10000,0
A5 54 77 59 05 C9 0D 31 04 82 0B 83 13 10 27 00 00 00 21  TEL,22903,S5,3529,1073,2946,4995,10000,0
A5 54 78 59 05 07 0E 33 04 82 0B 83 13 10 27 00 00 00 21  TEL,22904,S5,3591,1075,2946,4995,10000,0
A5 54 79 59 05 07 0E 33 04 82 0B 83 13 10 27 00 00 00 23  TEL,22905,S5,3591,1075,2946,4995,10000,0
A5 54 7A 59 05 07 0E 33 04 82 0B 83 13 10 27 00 00 00 25  TEL,22906,S5,3591,1075,2946,4995,10000,0
A5 54 7B 59 05 07 0E 33 04 82 0B 83 13 10 27 00 00 00 27  TEL,22907,S5,3591,1075,2946,4995,10000,0
A5 54 7C 59 05 07 0E 33 04 82 0B 83 13 10 27 00 00 00 29  TEL,22908,S5,3591,1075,2946,4995,10000,0
A5 54 7D 59 05 07 0E 33 04 82 0B 83 13 10 27 00 00 00 2B  TEL,22909,S5,3591,1075,2946,4995,10000,0
A5 54 7E 59 05 E8 0D 32 04 82 0B 83 13 10 27 00 00 00 78  TEL,22910,S5,3560,1074,2946,4995,10000,0
A5 54 7F 59 05 07 0E 33 04 82 0B 83 13 10 27 00 00 00 2F  TEL,22911,S5,3591,1075,2946,4995,10000,0
A5 54 80 59 05 26 0E 34 04 82 0B 83 13 10 27 00 00 00 E1  TEL,22912,S5,3622,1076,2946,4995,10000,0
A5 54 81 59 05 07 0E 33 04 82 0B 83 13 10 27 00 00 00 D4  TEL,22913,S5,3591,1075,2946,4995,10000,0
A5 54 82 59 05 E8 0D 32 04 82 0B 83 13 10 27 00 00 00 87  TEL,22914,S5,3560,1074,2946,4995,10000,0
A5 54 83 59 05 07 0E 33 04 82 0B 83 13 10 27 00 00 00 D0  TEL,22915,S5,3591,1075,2946,4995,10000,0
A5 54 84 59 05 E8 0D 32 04 82 0B 83 13 10 27 00 00 00 8B  TEL,22916,S5,3560,1074,2946,4995,10000,0
A5 54 85 59 05 07 0E 33 04 82 0B 83 13 10 27 00 00 00 DC  TEL,22917,S5,3591,1075,2946,4995,10000,0
A5 54 86 59 05 E8 0D 32 04 82 0B 83 13 10 27 00 00 00 8F  TEL,22918,S5,3560,1074,2946,4995,10000,0
A5 54 87 59 05 C2 0E 39 04 82 0B 83 13 10 27 00 00 00 DE  TEL,22919,S5,3778,1081,2946,4995,10000,0
A5 54 88 59 05 07 0E 33 04 82 0B 83 13 10 27 00 00 00 C6  TEL,22920,S5,3591,1075,2946,4995,10000,0
A5 54 89 59 05 07 0E 33 04 82 0B 83 13 10 27 00 00 00 C4  TEL,22921,S5,3591,1075,2946,4995,10000,0
A5 54 8A 59 05 07 0E 33 04 82 0B 83 13 10 27 00 00 00 C2  TEL,22922,S5,3591,1075,2946,4995,10000,0
A5 54 8B 59 05 E8 0D 32 04 82 0B 83 13 10 27 00 00 00 95  TEL,22923,S5,3560,1074,2946,4995,10000,0
A5 54 8C 59 05 07 0E 33 04 82 0B 83 13 10 27 00 00 00 CE  TEL,22924,S5,3591,1075,2946,4995,10000,0
A5 54 8D 59 05 E8 0D 32 04 82 0B 83 13 10 27 00 00 00 99  TEL,22925,S5,3560,1074,2946,4995,10000,0
A5 54 8E 59 05 26 0E 34 04 82 0B 83 13 10 27 00 00 00 FD  TEL,22926,S5,3622,1076,2946,4995,10000,0
A5 54 8F 59 05 07 0E 33 04 82 0B 83 13 10 27 00 00 00 C8  TEL,22927,S5,3591,1075,2946,4995,10000,0
A5 54 90 59 05 26 0E 34 04 82 0B 83 13 10 27 00 00 00 C1  TEL,22928,S5,3622,1076,2946,4995,10000,0
A5 54 91 59 05 07 0E 33 04 82 0B 83 13 10 27 00 00 00 F4  TEL,22929,S5,3591,1075,2946,4995,10000,0
A5 54 92 59 05 E8 0D 32 04 82 0B 83 13 10 27 00 00 00 A7  TEL,22930,S5,3560,1074,2946,4995,10000,0
A5 54 93 59 05 07 0E 33 04 82 0B 83 13 10 27 00 00 00 F0  TEL,22931,S5,3591,1075,2946,4995,10000,0
A5 54 94 59 05 C9 0D 31 04 82 0B 83 13 10 27 00 00 00 E0  TEL,22932,S5,3529,1073,2946,4995,10000,0
A5 54 95 59 05 E8 0D 32 04 82 0B 83 13 10 27 00 00 00 A9  TEL,22933,S5,3560,1074,2946,4995,10000,0
A5 54 96 59 05 E8 0D 32 04 82 0B 83 13 10 27 00 00 00 AF  TEL,22934,S5,3560,1074,2946,4995,10000,0
A5 54 97 59 05 07 0E 33 04 82 0B 83 13 10 27 00 00 00 F8  TEL,22935,S5,3591,1075,2946,4995,10000,0
A5 54 98 59 05 E8 0D 32 04 82 0B 83 13 10 27 00 00 00 B3  TEL,22936,S5,3560,1074,2946,4995,10000,0
A5 54 99 59 05 E8 0D 32 04 82 0B 83 13 10 27 00 00 00 B1  TEL,22937,S5,3560,1074,2946,4995,10000,0
A5 54 9A 59 05 07 0E 33 04 82 0B 83 13 10 27 00 00 00 E2  TEL,22938,S5,3591,1075,2946,4995,10000,0
A5 54 9B 59 05 07 0E 33 04 82 0B 83 13 10 27 00 00 00 E0  TEL,22939,S5,3591,1075,2946,4995,10000,0
A5 54 9C 59 05 07 0E 33 04 82 0B 83 13 10 27 00 00 00 EE  TEL,22940,S5,3591,1075,2946,4995,10000,0
A5 54 9D 59 05 07 0E 33 04 82 0B 83 13 10 27 00 00 00 EC  TEL,22941,S5,3591,1075,2946,4995,10000,0
A5 54 9E 59 05 07 0E 33 04 82 0B 83 13 10 27 00 00 00 EA  TEL,22942,S5,3591,1075,2946,4995,10000,0
A5 54 9F 59 05 07 0E 33 04 82 0B 83 13 10 27 00 00 00 E8  TEL,22943,S5,3591,1075,2946,4995,10000,0
A5 54 A0 59 05 45 0E 35 04 82 0B 83 13 10 27 00 00 00 00  TEL,22944,S5,3653,1077,2946,4995,10000,0
A5 54 A1 59 05 E8 0D 32 04 82 0B 83 13 10 27 00 00 00 C1  TEL,22945,S5,3560,1074,2946,4995,10000,0
A5 54 A2 59 05 45 0E 35 04 82 0B 83 13 10 27 00 00 00 04  TEL,22946,S5,3653,1077,2946,4995,10000,0
A5 54 A3 59 05 07 0E 33 04 82 0B 83 13 10 27 00 00 00 90  TEL,22947,S5,3591,1075,2946,4995,10000,0
A5 54 A4 59 05 07 0E 33 04 82 0B 83 13 10 27 00 00 00 9E  TEL,22948,S5,3591,1075,2946,4995,10000,0
A5 54 A5 59 05 07 0E 33 04 82 0B 83 13 10 27 00 00 00 9C  TEL,22949,S5,3591,1075,2946,4995,10000,0
A5 54 A6 59 05 E8 0D 32 04 82 0B 83 13 10 27 00 00 00 CF  TEL,22950,S5,3560,1074,2946,4995,10000,0
A5 54 A7 59 05 07 0E 33 04 82 0B 83 13 10 27 00 00 00 98  TEL,22951,S5,3591,1075,2946,4995,10000,0
A5 54 A8 59 05 07 0E 33 04 82 0B 83 13 10 27 00 00 00 86  TEL,22952,S5,3591,1075,2946,4995,10000,0
A5 54 A9 59 05 07 0E 33 04 82 0B 83 13 10 27 00 00 00 84  TEL,22953,S5,3591,1075,2946,4995,10000,0
A5 54 AA 59 05 07 0E 33 04 82 0B 83 13 10 27 00 00 00 82  TEL,22954,S5,3591,1075,2946,4995,10000,0
A5 54 AB 59 05 A3 0E 38 04 82 0B 83 13 10 27 00 00 00 08  TEL,22955,S5,3747,1080,2946,4995,10000,0
A5 54 AC 59 05 64 0E 36 04 82 0B 83 13 10 27 00 00 00 53  TEL,22956,S5,3684,1078,2946,4995,10000,0
A5 54 AD 59 05 64 0E 36 04 82 0B 83 13 10 27 00 00 00 51  TEL,22957,S5,3684,1078,2946,4995,10000,0
A5 54 AE 59 05 07 0E 33 04 82 0B 83 13 10 27 00 00 00 8A  TEL,22958,S5,3591,1075,2946,4995,10000,0
A5 54 AF 59 05 45 0E 35 04 82 0B 83 13 10 27 00 00 00 1E  TEL,22959,S5,3653,1077,2946,4995,10000,0
A5 54 B0 59 05 45 0E 35 04 82 0B 83 13 10 27 00 00 00 20  TEL,22960,S5,3653,1077,2946,4995,10000,0
A5 54 B1 59 05 E8 0D 32 04 82 0B 83 13 10 27 00 00 00 E1  TEL,22961,S5,3560,1074,2946,4995,10000,0
A5 54 B2 59 05 07 0E 33 04 82 0B 83 13 10 27 00 00 00 B2  TEL,22962,S5,3591,1075,2946,4995,10000,0
A5 54 B3 59 05 E8 0D 32 04 82 0B 83 13 10 27 00 00 00 E5  TEL,22963,S5,3560,1074,2946,4995,10000,0
A5 54 B4 59 05 07 0E 33 04 82 0B 83 13 10 27 00 00 00 BE  TEL,22964,S5,3591,1075,2946,4995,10000,0
A5 54 B5 59 05 07 0E 33 04 82 0B 83 13 10 27 00 00 00 BC  TEL,22965,S5,3591,1075,2946,4995,10000,0
A5 54 B6 59 05 07 0E 33 04 82 0B 83 13 10 27 00 00 00 BA  TEL,22966,S5,3591,1075,2946,4995,10000,0
A5 54 B7 59 05 07 0E 33 04 82 0B 83 13 10 27 00 00 00 B8  TEL,22967,S5,3591,1075,2946,4995,10000,0
A5 54 B8 59 05 E8 0D 32 04 82 0B 83 13 10 27 00 00 00 F3  TEL,22968,S5,3560,1074,2946,4995,10000,0
A5 54 B9 59 05 07 0E 33 04 82 0B 83 13 10 27 00 00 00 A4  TEL,22969,S5,3591,1075,2946,4995,10000,0
A5 54 BA 59 05 07 0E 33 04 82 0B 83 13 10 27 00 00 00 A2  TEL,22970,S5,3591,1075,2946,4995,10000,0
A5 54 BB 59 05 E8 0D 32 04 82 0B 83 13 10 27 00 00 00 F5  TEL,22971,S5,3560,1074,2946,4995,10000,0
A5 54 BC 59 05 07 0E 33 04 82 0B 83 13 10 27 00 00 00 AE  TEL,22972,S5,3591,1075,2946,4995,10000,0
A5 54 BD 59 05 07 0E 33 04 82 0B 83 13 10 27 00 00 00 AC  TEL,22973,S5,3591,1075,2946,4995,10000,0
A5 54 BE 59 05 07 0E 33 04 82 0B 83 13 10 27 00 00 00 AA  TEL,22974,S5,3591,1075,2946,4995,10000,0
A5 54 BF 59 05 07 0E 33 04 82 0B 83 13 10 27 00 00 00 A8  TEL,22975,S5,3591,1075,2946,4995,10000,0
A5 54 C0 59 05 A3 0E 38 04 82 0B 83 13 10 27 00 00 00 DE  TEL,22976,S5,3747,1080,2946,4995,10000,0
A5 54 C1 59 05 E8 0D 32 04 82 0B 83 13 10 27 00 00 00 01  TEL,22977,S5,3560,1074,2946,4995,10000,0
A5 54 C2 59 05 07 0E 33 04 82 0B 83 13 10 27 00 00 00 52  TEL,22978,S5,3591,1075,2946,4995,10000,0
A5 54 C3 59 05 64 0E 36 04 82 0B 83 13 10 27 00 00 00 8D  TEL,22979,S5,3684,1078,2946,4995,10000,0
A5 54 C4 59 05 E8 0D 32 04 82 0B 83 13 10 27 00 00 00 0B  TEL,22980,S5,3560,1074,2946,4995,10000,0
A5 54 C5 59 05 45 0E 35 04 82 0B 83 13 10 27 00 00 00 CA  TEL,22981,S5,3653,1077,2946,4995,10000,0
A5 54 C6 59 05 E8 0D 32 04 82 0B 83 13 10 27 00 00 00 0F  TEL,22982,S5,3560,1074,2946,4995,10000,0
A5 54 C7 59 05 07 0E 33 04 82 0B 83 13 10 27 00 00 00 58  TEL,22983,S5,3591,1075,2946,4995,10000,0
A5 54 C8 59 05 07 0E 33 04 82 0B 83 13 10 27 00 00 00 46  TEL,22984,S5,3591,1075,2946,4995,10000,0
A5 54 C9 59 05 E8 0D 32 04 82 0B 83 13 10 27 00 00 00 11  TEL,22985,S5,3560,1074,2946,4995,10000,0
A5 54 CA 59 05 07 0E 33 04 82 0B 83 13 10 27 00 00 00 42  TEL,22986,S5,3591,1075,2946,4995,10000,0
A5 54 CB 59 05 07 0E 33 04 82 0B 83 13 10 27 00 00 00 40  TEL,22987,S5,3591,1075,2946,4995,10000,0
A5 54 CC 59 05 07 0E 33 04 82 0B 83 13 10 27 00 00 00 4E  TEL,22988,S5,3591,1075,2946,4995,10000,0
A5 54 CD 59 05 07 0E 33 04 82 0B 83 13 10 27 00 00 00 4C  TEL,22989,S5,3591,1075,2946,4995,10000,0
A5 54 CE 59 05 07 0E 33 04 82 0B 83 13 10 27 00 00 00 4A  TEL,22990,S5,3591,1075,2946,4995,10000,0
A5 54 CF 59 05 E8 0D 32 04 82 0B 83 13 10 27 00 00 00 1D  TEL,22991,S5,3560,1074,2946,4995,10000,0
A5 54 D0 59 05 A3 0E 38 04 82 0B 83 13 10 27 00 00 00 FE  TEL,22992,S5,3747,1080,2946,4995,10000,0
A5 54 D1 59 05 E8 0D 32 04 82 0B 83 13 10 27 00 00 00 21  TEL,22993,S5,3560,1074,2946,4995,10000,0
A5 54 D2 59 05 07 0E 33 04 82 0B 83 13 10 27 00 00 00 72  TEL,22994,S5,3591,1075,2946,4995,10000,0
A5 54 D3 59 05 E8 0D 32 04 82 0B 83 13 10 27 00 00 00 25  TEL,22995,S5,3560,1074,2946,4995,10000,0
A5 54 D4 59 05 07 0E 33 04 82 0B 83 13 10 27 00 00 00 7E  TEL,22996,S5,3591,1075,2946,4995,10000,0
A5 54 D5 59 05 07 0E 33 04 82 0B 83 13 10 27 00 00 00 7C  TEL,22997,S5,3591,1075,2946,4995,10000,0
A5 54 D6 59 05 E8 0D 32 04 82 0B 83 13 10 27 00 00 00 2F  TEL,22998,S5,3560,1074,2946,4995,10000,0
A5 54 D7 59 05 07 0E 33 04 82 0B 83 13 10 27 00 00 00 78  TEL,22999,S5,3591,1075,2946,4995,10000,0
A5 54 D8 59 05 45 0E 35 04 82 0B 83 13 10 27 00 00 00 F0  TEL,23000,S5,3653,1077,2946,4995,10000,0
A5 54 D9 59 05 07 0E 33 04 82 0B 83 13 10 27 00 00 00 64  TEL,23001,S5,3591,1075,2946,4995,10000,0
A5 54 DA 59 05 45 0E 35 04 82 0B 83 13 10 27 00 00 00 F4  TEL,23002,S5,3653,1077,2946,4995,10000,0
A5 54 DB 59 05 E8 0D 32 04 82 0B 83 13 10 27 00 00 00 35  TEL,23003,S5,3560,1074,2946,4995,10000,0
A5 54 DC 59 05 07 0E 33 04 82 0B 83 13 10 27 00 00 00 6E  TEL,23004,S5,3591,1075,2946,4995,10000,0
A5 54 DD 59 05 07 0E 33 04 82 0B 83 13 10 27 00 00 00 6C  TEL,23005,S5,3591,1075,2946,4995,10000,0
A5 54 DE 59 05 E8 0D 32 04 82 0B 83 13 10 27 00 00 00 3F  TEL,23006,S5,3560,1074,2946,4995,10000,0
A5 54 DF 59 05 07 0E 33 04 82 0B 83 13 10 27 00 00 00 68  TEL,23007,S5,3591,1075,2946,4995,10000,0
A5 54 E0 59 05 A3 0E 38 04 82 0B 83 13 10 27 00 00 00 9E  TEL,23008,S5,3747,1080,2946,4995,10000,0
A5 54 E1 59 05 07 0E 33 04 82 0B 83 13 10 27 00 00 00 14  TEL,23009,S5,3591,1075,2946,4995,10000,0
A5 54 E2 59 05 E8 0D 32 04 82 0B 83 13 10 27 00 00 00 47  TEL,23010,S5,3560,1074,2946,4995,10000,0
A5 54 E3 59 05 83 0E 37 04 82 0B 83 13 10 27 00 00 00 C3  TEL,23011,S5,3715,1079,2946,4995,10000,0
A5 54 E4 59 05 E8 0D 32 04 82 0B 83 13 10 27 00 00 00 4B  TEL,23012,S5,3560,1074,2946,4995,10000,0
A5 54 E5 59 05 07 0E 33 04 82 0B 83 13 10 27 00 00 00 1C  TEL,23013,S5,3591,1075,2946,4995,10000,0
A5 54 E6 59 05 07 0E 33 04 82 0B 83 13 10 27 00 00 00 1A  TEL,23014,S5,3591,1075,2946,4995,10000,0
A5 54 E7 59 05 E8 0D 32 04 82 0B 83 13 10 27 00 00 00 4D  TEL,23015,S5,3560,1074,2946,4995,10000,0
A5 54 E8 59 05 A3 0E 38 04 82 0B 83 13 10 27 00 00 00 8E  TEL,23016,S5,3747,1080,2946,4995,10000,0
A5 54 E9 59 05 07 0E 33 04 82 0B 83 13 10 27 00 00 00 04  TEL,23017,S5,3591,1075,2946,4995,10000,0
A5 54 EA 59 05 07 0E 33 04 82 0B 83 13 10 27 00 00 00 02  TEL,23018,S5,3591,1075,2946,4995,10000,0
A5 54 EB 59 05 07 0E 33 04 82 0B 83 13 10 27 00 00 00 00  TEL,23019,S5,3591,1075,2946,4995,10000,0
A5 54 EC 59 05 07 0E 33 04 82 0B 83 13 10 27 00 00 00 0E  TEL,23020,S5,3591,1075,2946,4995,10000,0
A5 54 ED 59 05 07 0E 33 04 82 0B 83 13 10 27 00 00 00 0C  TEL,23021,S5,3591,1075,2946,4995,10000,0
A5 54 EE 59 05 07 0E 33 04 82 0B 83 13 10 27 00 00 00 0A  TEL,23022,S5,3591,1075,2946,4995,10000,0
A5 54 EF 59 05 07 0E 33 04 82 0B 83 13 10 27 00 00 00 08  TEL,23023,S5,3591,1075,2946,4995,10000,0
A5 54 F0 59 05 45 0E 35 04 82 0B 83 13 10 27 00 00 00 A0  TEL,23024,S5,3653,1077,2946,4995,10000,0
A5 54 F1 59 05 07 0E 33 04 82 0B 83 13 10 27 00 00 00 34  TEL,23025,S5,3591,1075,2946,4995,10000,0
A5 54 F2 59 05 E8 0D 32 04 82 0B 83 13 10 27 00 00 00 67  TEL,23026,S5,3560,1074,2946,4995,10000,0
A5 54 F3 59 05 64 0E 36 04 82 0B 83 13 10 27 00 00 00 ED  TEL,23027,S5,3684,1078,2946,4995,10000,0
A5 54 F4 59 05 E8 0D 32 04 82 0B 83 13 10 27 00 00 00 6B  TEL,23028,S5,3560,1074,2946,4995,10000,0
A5 54 F5 59 05 07 0E 33 04 82 0B 83 13 10 27 00 00 00 3C  TEL,23029,S5,3591,1075,2946,4995,10000,0
A5 54 F6 59 05 07 0E 33 04 82 0B 83 13 10 27 00 00 00 3A  TEL,23030,S5,3591,1075,2946,4995,10000,0
A5 54 F7 59 05 07 0E 33 04 82 0B 83 13 10 27 00 00 00 38  TEL,23031,S5,3591,1075,2946,4995,10000,0
A5 54 F8 59 05 07 0E 33 04 82 0B 83 13 10 27 00 00 00 26  TEL,23032,S5,3591,1075,2946,4995,10000,0
A5 54 F9 59 05 07 0E 33 04 82 0B 83 13 10 27 00 00 00 24  TEL,23033,S5,3591,1075,2946,4995,10000,0
A5 54 FA 59 05 07 0E 33 04 82 0B 83 13 10 27 00 00 00 22  TEL,23034,S5,3591,1075,2946,4995,10000,0
A5 54 FB 59 05 64 0E 36 04 82 0B 83 13 10 27 00 00 00 FD  TEL,23035,S5,3684,1078,2946,4995,10000,0
A5 54 FC 59 05 C9 0D 31 04 82 0B 83 13 10 27 00 00 00 30  TEL,23036,S5,3529,1073,2946,4995,10000,0
A5 42 93 00 05 FD 59 63 C7 0C 17 75 C7 0C 17 76 C7 0C 17 EB  BTN,147,S5,PRESSED,23037,386713443,386713461,386713462
A5 54 FE 59 05 E8 0D 32 04 82 0B 83 13 10 27 00 00 00 7F  TEL,23038,S5,3560,1074,2946,4995,10000,0
A5 54 FF 59 05 07 0E 33 04 82 0B 83 13 10 27 00 00 00 28  TEL,23039,S5,3591,1075,2946,4995,10000,0
A5 54 00 5A 05 07 0E 33 04 82 0B 83 13 10 27 00 00 00 09  TEL,23040,S5,3591,1075,2946,4995,10000,0
A5 54 01 5A 05 45 0E 35 04 82 0B 83 13 10 27 00 00 00 9D  TEL,23041,S5,3653,1077,2946,4995,10000,0
A5 54 02 5A 05 07 0E 33 04 82 0B 83 13 10 27 00 00 00 0D  TEL,23042,S5,3591,1075,2946,4995,10000,0
A5 54 03 5A 05 07 0E 33 04 82 0B 83 13 10 27 00 00 00 0F  TEL,23043,S5,3591,1075,2946,4995,10000,0
A5 54 04 5A 05 07 0E 33 04 82 0B 83 13 10 27 00 00 00 01  TEL,23044,S5,3591,1075,2946,4995,10000,0
A5 54 05 5A 05 07 0E 33 04 82 0B 83 13 10 27 00 00 00 03  TEL,23045,S5,3591,1075,2946,4995,10000,0
A5 54 06 5A 05 07 0E 33 04 82 0B 83 13 10 27 00 00 00 05  TEL,23046,S5,3591,1075,2946,4995,10000,0
A5 54 07 5A 05 07 0E 33 04 82 0B 83 13 10 27 00 00 00 07  TEL,23047,S5,3591,1075,2946,4995,10000,0
A5 54 08 5A 05 E8 0D 32 04 82 0B 83 13 10 27 00 00 00 4C  TEL,23048,S5,3560,1074,2946,4995,10000,0
A5 54 09 5A 05 07 0E 33 04 82 0B 83 13 10 27 00 00 00 1B  TEL,23049,S5,3591,1075,2946,4995,10000,0
A5 54 0A 5A 05 07 0E 33 04 82 0B 83 13 10 27 00 00 00 1D  TEL,23050,S5,3591,1075,2946,4995,10000,0
A5 54 0B 5A 05 E8 0D 32 04 82 0B 83 13 10 27 00 00 00 4A  TEL,23051,S5,3560,1074,2946,4995,10000,0
A5 54 0C 5A 05 07 0E 33 04 82 0B 83 13 10 27 00 00 00 11  TEL,23052,S5,3591,1075,2946,4995,10000,0
A5 54 0D 5A 05 E8 0D 32 04 82 0B 96 13 10 27 00 00 00 3F  TEL,23053,S5,3560,1074,2946,5014,10000,0
A5 54 0E 5A 05 45 0E 35 04 82 0B 83 13 10 27 00 00 00 83  TEL,23054,S5,3653,1077,2946,4995,10000,0
A5 54 0F 5A 05 E8 0D 32 04 82 0B 83 13 10 27 00 00 00 42  TEL,23055,S5,3560,1074,2946,4995,10000,0
A5 54 10 5A 05 07 0E 33 04 82 0B 83 13 10 27 00 00 00 29  TEL,23056,S5,3591,1075,2946,4995,10000,0
A5 54 11 5A 05 45 0E 35 04 82 0B 83 13 10 27 00 00 00 BD  TEL,23057,S5,3653,1077,2946,4995,10000,0
A5 54 12 5A 05 64 0E 36 04 82 0B 83 13 10 27 00 00 00 F0  TEL,23058,S5,3684,1078,2946,4995,10000,0
A5 54 13 5A 05 07 0E 33 04 82 0B 83 13 10 27 00 00 00 2F  TEL,23059,S5,3591,1075,2946,4995,10000,0
A5 54 14 5A 05 07 0E 33 04 82 0B 83 13 10 27 00 00 00 21  TEL,23060,S5,3591,1075,2946,4995,10000,0
A5 54 15 5A 05 07 0E 33 04 82 0B 83 13 10 27 00 00 00 23  TEL,23061,S5,3591,1075,2946,4995,10000,0
A5 54 16 5A 05 07 0E 33 04 82 0B 83 13 10 27 00 00 00 25  TEL,23062,S5,3591,1075,2946,4995,10000,0
A5 54 17 5A 05 07 0E 33 04 82 0B 83 13 10 27 00 00 00 27  TEL,23063,S5,3591,1075,2946,4995,10000,0
A5 54 18 5A 05 E8 0D 32 04 82 0B 83 13 10 27 00 00 00 6C  TEL,23064,S5,3560,1074,2946,4995,10000,0
A5 54 19 5A 05 E8 0D 32 04 82 0B 83 13 10 27 00 00 00 6E  TEL,23065,S5,3560,1074,2946,4995,10000,0
A5 54 1A 5A 05 07 0E 33 04 82 0B 83 13 10 27 00 00 00 3D  TEL,23066,S5,3591,1075,2946,4995,10000,0
A5 54 1B 5A 05 45 0E 35 04 82 0B 83 13 10 27 00 00 00 A9  TEL,23067,S5,3653,1077,2946,4995,10000,0
A5 54 1C 5A 05 E8 0D 32 04 82 0B 83 13 10 27 00 00 00 64  TEL,23068,S5,3560,1074,2946,4995,10000,0
A5 54 1D 5A 05 07 0E 33 04 82 0B 83 13 10 27 00 00 00 33  TEL,23069,S5,3591,1075,2946,4995,10000,0
A5 54 1E 5A 05 07 0E 33 04 82 0B 83 13 10 27 00 00 00 35  TEL,23070,S5,3591,1075,2946,4995,10000,0
A5 54 1F 5A 05 07 0E 33 04 82 0B 83 13 10 27 00 00 00 37  TEL,23071,S5,3591,1075,2946,4995,10000,0
A5 54 20 5A 05 07 0E 33 04 82 0B 83 13 10 27 00 00 00 49  TEL,23072,S5,3591,1075,2946,4995,10000,0
A5 54 21 5A 05 64 0E 36 04 82 0B 83 13 10 27 00 00 00 96  TEL,23073,S5,3684,1078,2946,4995,10000,0
A5 54 22 5A 05 07 0E 33 04 82 0B 83 13 10 27 00 00 00 4D  TEL,23074,S5,3591,1075,2946,4995,10000,0
A5 54 23 5A 05 07 0E 33 04 82 0B 83 13 10 27 00 00 00 4F  TEL,23075,S5,3591,1075,2946,4995,10000,0
A5 54 24 5A 05 07 0E 33 04 82 0B 83 13 10 27 00 00 00 41  TEL,23076,S5,3591,1075,2946,4995,10000,0
A5 54 25 5A 05 E8 0D 32 04 82 0B 83 13 10 27 00 00 00 16  TEL,23077,S5,3560,1074,2946,4995,10000,0
A5 54 26 5A 05 07 0E 33 04 82 0B 83 13 10 27 00 00 00 45  TEL,23078,S5,3591,1075,2946,4995,10000,0
A5 54 27 5A 05 E8 0D 32 04 82 0B 83 13 10 27 00 00 00 12  TEL,23079,S5,3560,1074,2946,4995,10000,0
A5 54 28 5A 05 07 0E 33 04 82 0B 83 13 10 27 00 00 00 59  TEL,23080,S5,3591,1075,2946,4995,10000,0
A5 54 29 5A 05 07 0E 33 04 82 0B 83 13 10 27 00 00 00 5B  TEL,23081,S5,3591,1075,2946,4995,10000,0
A5 54 2A 5A 05 07 0E 33 04 82 0B 83 13 10 27 00 00 00 5D  TEL,23082,S5,3591,1075,2946,4995,10000,0
A5 54 2B 5A 05 45 0E 35 04 82 0B 83 13 10 27 00 00 00 C9  TEL,23083,S5,3653,1077,2946,4995,10000,0
A5 54 2C 5A 05 07 0E 33 04 82 0B 83 13 10 27 00 00 00 51  TEL,23084,S5,3591,1075,2946,4995,10000,0
A5 54 2D 5A 05 07 0E 33 04 82 0B 83 13 10 27 00 00 00 53  TEL,23085,S5,3591,1075,2946,4995,10000,0
A5 54 2E 5A 05 07 0E 33 04 82 0B 83 13 10 27 00 00 00 55  TEL,23086,S5,3591,1075,2946,4995,10000,0
A5 54 2F 5A 05 07 0E 33 04 82 0B 83 13 10 27 00 00 00 57  TEL,23087,S5,3591,1075,2946,4995,10000,0
A5 54 30 5A 05 07 0E 33 04 82 0B 83 13 10 27 00 00 00 69  TEL,23088,S5,3591,1075,2946,4995,10000,0
A5 54 31 5A 05 45 0E 35 04 82 0B 83 13 10 27 00 00 00 FD  TEL,23089,S5,3653,1077,2946,4995,10000,0
A5 54 32 5A 05 07 0E 33 04 82 0B 83 13 10 27 00 00 00 6D  TEL,23090,S5,3591,1075,2946,4995,10000,0
A5 54 33 5A 05 E8 0D 32 04 82 0B 83 13 10 27 00 00 00 3A  TEL,23091,S5,3560,1074,2946,4995,10000,0
A5 54 34 5A 05 07 0E 33 04 82 0B 83 13 10 27 00 00 00 61  TEL,23092,S5,3591,1075,2946,4995,10000,0
A5 54 35 5A 05 07 0E 33 04 82 0B 83 13 10 27 00 00 00 63  TEL,23093,S5,3591,1075,2946,4995,10000,0
A5 54 36 5A 05 07 0E 33 04 82 0B 83 13 10 27 00 00 00 65  TEL,23094,S5,3591,1075,2946,4995,10000,0
A5 54 37 5A 05 E8 0D 32 04 82 0B 83 13 10 27 00 00 00 32  TEL,23095,S5,3560,1074,2946,4995,10000,0
A5 54 38 5A 05 07 0E 33 04 82 0B 83 13 10 27 00 00 00 79  TEL,23096,S5,3591,1075,2946,4995,10000,0
A5 54 39 5A 05 E8 0D 32 04 82 0B 83 13 10 27 00 00 00 2E  TEL,23097,S5,3560,1074,2946,4995,10000,0
A5 54 3A 5A 05 26 0E 34 04 82 0B 83 13 10 27 00 00 00 4A  TEL,23098,S5,3622,1076,2946,4995,10000,0
A5 54 3B 5A 05 07 0E 33 04 82 0B 83 13 10 27 00 00 00 7F  TEL,23099,S5,3591,1075,2946,4995,10000,0
A5 54 3C 5A 05 26 0E 34 04 82 0B 83 13 10 27 00 00 00 46  TEL,23100,S5,3622,1076,2946,4995,10000,0
A5 54 3D 5A 05 45 0E 35 04 82 0B 83 13 10 27 00 00 00 E5  TEL,23101,S5,3653,1077,2946,4995,10000,0
A5 54 3E 5A 05 07 0E 33 04 82 0B 83 13 10 27 00 00 00 75  TEL,23102,S5,3591,1075,2946,4995,10000,0
A5 54 3F 5A 05 E8 0D 32 04 82 0B 83 13 10 27 00 00 00 22  TEL,23103,S5,3560,1074,2946,4995,10000,0
A5 54 40 5A 05 07 0E 33 04 82 0B 83 13 10 27 00 00 00 89  TEL,23104,S5,3591,1075,2946,4995,10000,0
A5 54 41 5A 05 45 0E 35 04 82 0B 83 13 10 27 00 00 00 1D  TEL,23105,S5,3653,1077,2946,4995,10000,0
A5 54 42 5A 05 E8 0D 32 04 82 0B 83 13 10 27 00 00 00 D8  TEL,23106,S5,3560,1074,2946,4995,10000,0
A5 54 43 5A 05 07 0E 33 04 82 0B 83 13 10 27 00 00 00 8F  TEL,23107,S5,3591,1075,2946,4995,10000,0
A5 54 44 5A 05 07 0E 33 04 82 0B 83 13 10 27 00 00 00 81  TEL,23108,S5,3591,1075,2946,4995,10000,0
A5 54 45 5A 05 E8 0D 32 04 82 0B 83 13 10 27 00 00 00 D6  TEL,23109,S5,3560,1074,2946,4995,10000,0
A5 54 46 5A 05 07 0E 33 04 82 0B 83 13 10 27 00 00 00 85  TEL,23110,S5,3591,1075,2946,4995,10000,0
A5 54 47 5A 05 07 0E 33 04 82 0B 83 13 10 27 00 00 00 87  TEL,23111,S5,3591,1075,2946,4995,10000,0
A5 54 48 5A 05 07 0E 33 04 82 0B 83 13 10 27 00 00 00 99  TEL,23112,S5,3591,1075,2946,4995,10000,0
A5 54 49 5A 05 45 0E 35 04 82 0B 83 13 10 27 00 00 00 0D  TEL,23113,S5,3653,1077,2946,4995,10000,0
A5 54 4A 5A 05 07 0E 33 04 82 0B 83 13 10 27 00 00 00 9D  TEL,23114,S5,3591,1075,2946,4995,10000,0
A5 54 4B 5A 05 07 0E 33 04 82 0B 83 13 10 27 00 00 00 9F  TEL,23115,S5,3591,1075,2946,4995,10000,0
A5 54 4C 5A 05 07 0E 33 04 82 0B 83 13 10 27 00 00 00 91  TEL,23116,S5,3591,1075,2946,4995,10000,0
A5 54 4D 5A 05 E8 0D 32 04 82 0B 83 13 10 27 00 00 00 C6  TEL,23117,S5,3560,1074,2946,4995,10000,0
A5 54 4E 5A 05 07 0E 33 04 82 0B 83 13 10 27 00 00 00 95  TEL,23118,S5,3591,1075,2946,4995,10000,0
A5 54 4F 5A 05 E8 0D 32 04 82 0B 83 13 10 27 00 00 00 C2  TEL,23119,S5,3560,1074,2946,4995,10000,0
A5 54 50 5A 05 07 0E 33 04 82 0B 83 13 10 27 00 00 00 A9  TEL,23120,S5,3591,1075,2946,4995,10000,0
A5 54 51 5A 05 26 0E 34 04 82 0B 83 13 10 27 00 00 00 9C  TEL,23121,S5,3622,1076,2946,4995,10000,0
A5 54 52 5A 05 07 0E 33 04 82 0B 83 13 10 27 00 00 00 AD  TEL,23122,S5,3591,1075,2946,4995,10000,0
A5 54 53 5A 05 64 0E 36 04 82 0B 83 13 10 27 00 00 00 72  TEL,23123,S5,3684,1078,2946,4995,10000,0
A5 54 54 5A 05 07 0E 33 04 82 0B 83 13 10 27 00 00 00 A1  TEL,23124,S5,3591,1075,2946,4995,10000,0
A5 54 55 5A 05 07 0E 33 04 82 0B 83 13 10 27 00 00 00 A3  TEL,23125,S5,3591,1075,2946,4995,10000,0
A5 54 56 5A 05 07 0E 33 04 82 0B 83 13 10 27 00 00 00 A5  TEL,23126,S5,3591,1075,2946,4995,10000,0
A5 54 57 5A 05 64 0E 36 04 82 0B 83 13 10 27 00 00 00 7A  TEL,23127,S5,3684,1078,2946,4995,10000,0
A5 54 58 5A 05 07 0E 33 04 82 0B 83 13 10 27 00 00 00 B9  TEL,23128,S5,3591,1075,2946,4995,10000,0
A5 54 59 5A 05 E8 0D 32 04 82 0B 83 13 10 27 00 00 00 EE  TEL,23129,S5,3560,1074,2946,4995,10000,0
A5 54 5A 5A 05 26 0E 34 04 82 0B 83 13 10 27 00 00 00 8A  TEL,23130,S5,3622,1076,2946,4995,10000,0
A5 54 5B 5A 05 07 0E 33 04 82 0B 83 13 10 27 00 00 00 BF  TEL,23131,S5,3591,1075,2946,4995,10000,0
A5 54 5C 5A 05 07 0E 33 04 82 0B 83 13 10 27 00 00 00 B1  TEL,23132,S5,3591,1075,2946,4995,10000,0
A5 54 5D 5A 05 E8 0D 32 04 82 0B 83 13 10 27 00 00 00 E6  TEL,23133,S5,3560,1074,2946,4995,10000,0
A5 54 5E 5A 05 07 0E 33 04 82 0B 83 13 10 27 00 00 00 B5  TEL,23134,S5,3591,1075,2946,4995,10000,0
A5 54 5F 5A 05 07 0E 33 04 82 0B 83 13 10 27 00 00 00 B7  TEL,23135,S5,3591,1075,2946,4995,10000,0
A5 54 60 5A 05 07 0E 33 04 82 0B 83 13 10 27 00 00 00 C9  TEL,23136,S5,3591,1075,2946,4995,10000,0
A5 54 61 5A 05 45 0E 35 04 82 0B 83 13 10 27 00 00 00 5D  TEL,23137,S5,3653,1077,2946,4995,10000,0
A5 54 62 5A 05 07 0E 33 04 82 0B 83 13 10 27 00 00 00 CD  TEL,23138,S5,3591,1075,2946,4995,10000,0
A5 54 63 5A 05 07 0E 33 04 82 0B 83 13 10 27 00 00 00 CF  TEL,23139,S5,3591,1075,2946,4995,10000,0
A5 54 64 5A 05 83 0E 37 04 82 0B 83 13 10 27 00 00 00 12  TEL,23140,S5,3715,1079,2946,4995,10000,0
A5 54 65 5A 05 07 0E 33 04 82 0B 83 13 10 27 00 00 00 C3  TEL,23141,S5,3591,1075,2946,4995,10000,0
A5 54 66 5A 05 07 0E 33 04 82 0B 83 13 10 27 00 00 00 C5  TEL,23142,S5,3591,1075,2946,4995,10000,0
A5 54 67 5A 05 E8 0D 32 04 82 0B 83 13 10 27 00 00 00 92  TEL,23143,S5,3560,1074,2946,4995,10000,0
A5 54 68 5A 05 E8 0D 32 04 82 0B 83 13 10 27 00 00 00 8C  TEL,23144,S5,3560,1074,2946,4995,10000,0
A5 54 69 5A 05 E8 0D 32 04 82 0B 83 13 10 27 00 00 00 8E  TEL,23145,S5,3560,1074,2946,4995,10000,0
A5 54 6A 5A 05 E8 0D 32 04 82 0B 83 13 10 27 00 00 00 88  TEL,23146,S5,3560,1074,2946,4995,10000,0
A5 54 6B 5A 05 26 0E 34 04 82 0B 83 13 10 27 00 00 00 E8  TEL,23147,S5,3622,1076,2946,4995,10000,0
A5 54 6C 5A 05 E8 0D 32 04 82 0B 83 13 10 27 00 00 00 84  TEL,23148,S5,3560,1074,2946,4995,10000,0
A5 54 6D 5A 05 07 0E 33 04 82 0B 83 13 10 27 00 00 00 D3  TEL,23149,S5,3591,1075,2946,4995,10000,0
A5 54 6E 5A 05 07 0E 33 04 82 0B 83 13 10 27 00 00 00 D5  TEL,23150,S5,3591,1075,2946,4995,10000,0
A5 54 6F 5A 05 07 0E 33 04 82 0B 83 13 10 27 00 00 00 D7  TEL,23151,S5,3591,1075,2946,4995,10000,0
A5 54 70 5A 05 07 0E 33 04 82 0B 83 13 10 27 00 00 00 E9  TEL,23152,S5,3591,1075,2946,4995,10000,0
A5 54 71 5A 05 83 0E 37 04 82 0B 83 13 10 27 00 00 00 38  TEL,23153,S5,3715,1079,2946,4995,10000,0
A5 54 72 5A 05 07 0E 33 04 82 0B 83 13 10 27 00 00 00 ED  TEL,23154,S5,3591,1075,2946,4995,10000,0
A5 54 73 5A 05 07 0E 33 04 82 0B 83 13 10 27 00 00 00 EF  TEL,23155,S5,3591,1075,2946,4995,10000,0
A5 54 74 5A 05 07 0E 33 04 82 0B 83 13 10 27 00 00 00 E1  TEL,23156,S5,3591,1075,2946,4995,10000,0
A5 54 75 5A 05 07 0E 33 04 82 0B 83 13 10 27 00 00 00 E3  TEL,23157,S5,3591,1075,2946,4995,10000,0
A5 54 76 5A 05 07 0E 33 04 82 0B 83 13 10 27 00 00 00 E5  TEL,23158,S5,3591,1075,2946,4995,10000,0
A5 54 77 5A 05 E8 0D 32 04 82 0B 83 13 10 27 00 00 00 B2  TEL,23159,S5,3560,1074,2946,4995,10000,0
A5 54 78 5A 05 07 0E 33 04 82 0B 83 13 10 27 00 00 00 F9  TEL,23160,S5,3591,1075,2946,4995,10000,0
A5 54 79 5A 05 E8 0D 32 04 82 0B 83 13 10 27 00 00 00 AE  TEL,23161,S5,3560,1074,2946,4995,10000,0
A5 54 7A 5A 05 26 0E 34 04 82 0B 83 13 10 27 00 00 00 CA  TEL,23162,S5,3622,1076,2946,4995,10000,0
A5 54 7B 5A 05 64 0E 36 04 82 0B 83 13 10 27 00 00 00 22  TEL,23163,S5,3684,1078,2946,4995,10000,0
A5 54 7C 5A 05 07 0E 33 04 82 0B 83 13 10 27 00 00 00 F1  TEL,23164,S5,3591,1075,2946,4995,10000,0
A5 54 7D 5A 05 07 0E 33 04 82 0B 83 13 10 27 00 00 00 F3  TEL,23165,S5,3591,1075,2946,4995,10000,0
A5 54 7E 5A 05 07 0E 33 04 82 0B 83 13 10 27 00 00 00 F5  TEL,23166,S5,3591,1075,2946,4995,10000,0
A5 54 7F 5A 05 45 0E 35 04 82 0B 83 13 10 27 00 00 00 61  TEL,23167,S5,3653,1077,2946,4995,10000,0
A5 54 80 5A 05 E8 0D 32 04 82 0B 83 13 10 27 00 00 00 5B  TEL,23168,S5,3560,1074,2946,4995,10000,0
A5 54 81 5A 05 45 0E 35 04 82 0B 83 13 10 27 00 00 00 9A  TEL,23169,S5,3653,1077,2946,4995,10000,0
A5 54 82 5A 05 07 0E 33 04 82 0B 83 13 10 27 00 00 00 0A  TEL,23170,S5,3591,1075,2946,4995,10000,0
A5 54 83 5A 05 07 0E 33 04 82 0B 83 13 10 27 00 00 00 08  TEL,23171,S5,3591,1075,2946,4995,10000,0
A5 54 84 5A 05 64 0E 36 04 82 0B 83 13 10 27 00 00 00 DB  TEL,23172,S5,3684,1078,2946,4995,10000,0
A5 54 85 5A 05 07 0E 33 04 82 0B 83 13 10 27 00 00 00 04  TEL,23173,S5,3591,1075,2946,4995,10000,0
A5 54 86 5A 05 07 0E 33 04 82 0B 83 13 10 27 00 00 00 02  TEL,23174,S5,3591,1075,2946,4995,10000,0
A5 54 87 5A 05 07 0E 33 04 82 0B 83 13 10 27 00 00 00 00  TEL,23175,S5,3591,1075,2946,4995,10000,0
A5 54 88 5A 05 C9 0D 31 04 82 0B 83 13 10 27 00 00 00 00  TEL,23176,S5,3529,1073,2946,4995,10000,0
A5 54 89 5A 05 E8 0D 32 04 82 0B 83 13 10 27 00 00 00 49  TEL,23177,S5,3560,1074,2946,4995,10000,0
A5 54 8A 5A 05 07 0E 33 04 82 0B 83 13 10 27 00 00 00 1A  TEL,23178,S5,3591,1075,2946,4995,10000,0
A5 54 8B 5A 05 07 0E 33 04 82 0B 83 13 10 27 00 00 00 18  TEL,23179,S5,3591,1075,2946,4995,10000,0
A5 54 8C 5A 05 E8 0D 32 04 82 0B 83 13 10 27 00 00 00 43  TEL,23180,S5,3560,1074,2946,4995,10000,0
A5 54 8D 5A 05 45 0E 35 04 82 0B 83 13 10 27 00 00 00 82  TEL,23181,S5,3653,1077,2946,4995,10000,0
A5 54 8E 5A 05 C2 0E 39 04 82 0B 83 13 10 27 00 00 00 14  TEL,23182,S5,3778,1081,2946,4995,10000,0
A5 54 8F 5A 05 07 0E 33 04 82 0B 83 13 10 27 00 00 00 10  TEL,23183,S5,3591,1075,2946,4995,10000,0
A5 54 90 5A 05 64 0E 36 04 82 0B 83 13 10 27 00 00 00 F3  TEL,23184,S5,3684,1078,2946,4995,10000,0
A5 54 91 5A 05 64 0E 36 04 82 0B 83 13 10 27 00 00 00 F1  TEL,23185,S5,3684,1078,2946,4995,10000,0
A5 54 92 5A 05 07 0E 33 04 82 0B 83 13 10 27 00 00 00 2A  TEL,23186,S5,3591,1075,2946,4995,10000,0
A5 54 93 5A 05 64 0E 36 04 82 0B 83 13 10 27 00 00 00 F5  TEL,23187,S5,3684,1078,2946,4995,10000,0
A5 54 94 5A 05 07 0E 33 04 82 0B 83 13 10 27 00 00 00 26  TEL,23188,S5,3591,1075,2946,4995,10000,0
A5 54 95 5A 05 E8 0D 32 04 82 0B 83 13 10 27 00 00 00 71  TEL,23189,S5,3560,1074,2946,4995,10000,0
A5 54 96 5A 05 64 0E 36 04 82 0B 83 13 10 27 00 00 00 FF  TEL,23190,S5,3684,1078,2946,4995,10000,0
A5 42 94 00 05 97 5A 60 27 24 17 71 27 24 17 73 27 24 17 5D  BTN,148,S5,PRESSED,23191,388245344,388245361,388245363
A5 54 98 5A 05 E8 0D 32 04 82 0B 83 13 10 27 00 00 00 6B  TEL,23192,S5,3560,1074,2946,4995,10000,0
A5 54 99 5A 05 E8 0D 32 04 82 0B 83 13 10 27 00 00 00 69  TEL,23193,S5,3560,1074,2946,4995,10000,0
A5 54 9A 5A 05 07 0E 33 04 82 0B 83 13 10 27 00 00 00 3A  TEL,23194,S5,3591,1075,2946,4995,10000,0
A5 54 9B 5A 05 07 0E 33 04 82 0B 83 13 10 27 00 00 00 38  TEL,23195,S5,3591,1075,2946,4995,10000,0
A5 54 9C 5A 05 E8 0D 32 04 82 0B 83 13 10 27 00 00 00 63  TEL,23196,S5,3560,1074,2946,4995,10000,0
A5 54 9D 5A 05 E8 0D 32 04 82 0B 83 13 10 27 00 00 00 61  TEL,23197,S5,3560,1074,2946,4995,10000,0
A5 54 9E 5A 05 E8 0D 32 04 82 0B 83 13 10 27 00 00 00 67  TEL,23198,S5,3560,1074,2946,4995,10000,0
A5 54 9F 5A 05 26 0E 34 04 82 0B 83 13 10 27 00 00 00 07  TEL,23199,S5,3622,1076,2946,4995,10000,0
A5 54 A0 5A 05 E8 0D 32 04 82 0B 83 13 10 27 00 00 00 1B  TEL,23200,S5,3560,1074,2946,4995,10000,0
A5 54 A1 5A 05 E8 0D 32 04 82 0B 83 13 10 27 00 00 00 19  TEL,23201,S5,3560,1074,2946,4995,10000,0
A5 54 A2 5A 05 45 0E 35 04 82 0B 83 13 10 27 00 00 00 DC  TEL,23202,S5,3653,1077,2946,4995,10000,0
A5 54 A3 5A 05 E8 0D 32 04 82 0B 83 13 10 27 00 00 00 1D  TEL,23203,S5,3560,1074,2946,4995,10000,0
A5 54 A4 5A 05 E8 0D 32 04 82 0B 83 13 10 27 00 00 00 13  TEL,23204,S5,3560,1074,2946,4995,10000,0
A5 54 A5 5A 05 C2 0E 39 04 82 0B 83 13 10 27 00 00 00 42  TEL,23205,S5,3778,1081,2946,4995,10000,0
A5 54 A6 5A 05 E8 0D 32 04 82 0B 83 13 10 27 00 00 00 17  TEL,23206,S5,3560,1074,2946,4995,10000,0
A5 54 A7 5A 05 64 0E 36 04 82 0B 83 13 10 27 00 00 00 9D  TEL,23207,S5,3684,1078,2946,4995,10000,0
A5 54 A8 5A 05 E8 0D 32 04 82 0B 83 13 10 27 00 00 00 0B  TEL,23208,S5,3560,1074,2946,4995,10000,0
A5 54 A9 5A 05 07 0E 33 04 82 0B 83 13 10 27 00 00 00 5C  TEL,23209,S5,3591,1075,2946,4995,10000,0
A5 54 AA 5A 05 07 0E 33 04 82 0B 83 13 10 27 00 00 00 5A  TEL,23210,S5,3591,1075,2946,4995,10000,0
A5 54 AB 5A 05 07 0E 33 04 82 0B 83 13 10 27 00 00 00 58  TEL,23211,S5,3591,1075,2946,4995,10000,0
A5 54 AC 5A 05 07 0E 33 04 82 0B 83 13 10 27 00 00 00 56  TEL,23212,S5,3591,1075,2946,4995,10000,0
A5 54 AD 5A 05 07 0E 33 04 82 0B 83 13 10 27 00 00 00 54  TEL,23213,S5,3591,1075,2946,4995,10000,0
A5 54 AE 5A 05 07 0E 33 04 82 0B 83 13 10 27 00 00 00 52  TEL,23214,S5,3591,1075,2946,4995,10000,0
A5 54 AF 5A 05 E8 0D 32 04 82 0B 83 13 10 27 00 00 00 05  TEL,23215,S5,3560,1074,2946,4995,10000,0
A5 54 B0 5A 05 07 0E 33 04 82 0B 83 13 10 27 00 00 00 6E  TEL,23216,S5,3591,1075,2946,4995,10000,0
A5 54 B1 5A 05 07 0E 33 04 82 0B 83 13 10 27 00 00 00 6C  TEL,23217,S5,3591,1075,2946,4995,10000,0
A5 54 B2 5A 05 45 0E 35 04 82 0B 83 13 10 27 00 00 00 FC  TEL,23218,S5,3653,1077,2946,4995,10000,0
A5 54 B3 5A 05 A3 0E 38 04 82 0B 83 13 10 27 00 00 00 E0  TEL,23219,S5,3747,1080,2946,4995,10000,0
A5 54 B4 5A 05 07 0E 33 04 82 0B 83 13 10 27 00 00 00 66  TEL,23220,S5,3591,1075,2946,4995,10000,0
A5 54 B5 5A 05 C9 0D 31 04 82 0B 83 13 10 27 00 00 00 7A  TEL,23221,S5,3529,1073,2946,4995,10000,0
A5 54 B6 5A 05 A3 0E 38 04 82 0B 83 13 10 27 00 00 00 EA  TEL,23222,S5,3747,1080,2946,4995,10000,0
A5 54 B7 5A 05 07 0E 33 04 82 0B 83 13 10 27 00 00 00 60  TEL,23223,S5,3591,1075,2946,4995,10000,0
A5 54 B8 5A 05 E8 0D 32 04 82 0B 83 13 10 27 00 00 00 2B  TEL,23224,S5,3560,1074,2946,4995,10000,0
A5 54 B9 5A 05 07 0E 33 04 82 0B 83 13 10 27 00 00 00 7C  TEL,23225,S5,3591,1075,2946,4995,10000,0
A5 54 BA 5A 05 07 0E 33 04 82 0B 83 13 10 27 00 00 00 7A  TEL,23226,S5,3591,1075,2946,4995,10000,0
A5 54 BB 5A 05 83 0E 37 04 82 0B 83 13 10 27 00 00 00 AB  TEL,23227,S5,3715,1079,2946,4995,10000,0
A5 54 BC 5A 05 E8 0D 32 04 82 0B 83 13 10 27 00 00 00 23  TEL,23228,S5,3560,1074,2946,4995,10000,0
A5 54 BD 5A 05 07 0E 33 04 82 0B 83 13 10 27 00 00 00 74  TEL,23229,S5,3591,1075,2946,4995,10000,0
A5 54 BE 5A 05 45 0E 35 04 82 0B 83 13 10 27 00 00 00 E4  TEL,23230,S5,3653,1077,2946,4995,10000,0
A5 54 BF 5A 05 45 0E 35 04 82 0B 83 13 10 27 00 00 00 E6  TEL,23231,S5,3653,1077,2946,4995,10000,0
A5 54 C0 5A 05 07 0E 33 04 82 0B 83 13 10 27 00 00 00 8E  TEL,23232,S5,3591,1075,2946,4995,10000,0
A5 54 C1 5A 05 C9 0D 30 04 82 0B 83 13 10 27 00 00 00 8D  TEL,23233,S5,3529,1072,2946,4995,10000,0
A5 54 C2 5A 05 45 0E 35 04 82 0B 83 13 10 27 00 00 00 1C  TEL,23234,S5,3653,1077,2946,4995,10000,0
A5 54 C3 5A 05 C2 0E 39 04 82 0B 83 13 10 27 00 00 00 8E  TEL,23235,S5,3778,1081,2946,4995,10000,0
A5 54 C4 5A 05 E8 0D 32 04 82 0B 83 13 10 27 00 00 00 D3  TEL,23236,S5,3560,1074,2946,4995,10000,0
A5 54 C5 5A 05 07 0E 33 04 82 0B 83 13 10 27 00 00 00 84  TEL,23237,S5,3591,1075,2946,4995,10000,0
A5 54 C6 5A 05 07 0E 33 04 82 0B 83 13 10 27 00 00 00 82  TEL,23238,S5,3591,1075,2946,4995,10000,0
A5 54 C7 5A 05 07 0E 33 04 82 0B 83 13 10 27 00 00 00 80  TEL,23239,S5,3591,1075,2946,4995,10000,0
A5 54 C8 5A 05 07 0E 33 04 82 0B 83 13 10 27 00 00 00 9E  TEL,23240,S5,3591,1075,2946,4995,10000,0
A5 54 C9 5A 05 07 0E 33 04 82 0B 83 13 10 27 00 00 00 9C  TEL,23241,S5,3591,1075,2946,4995,10000,0
A5 54 CA 5A 05 07 0E 33 04 82 0B 83 13 10 27 00 00 00 9A  TEL,23242,S5,3591,1075,2946,4995,10000,0
A5 54 CB 5A 05 07 0E 33 04 82 0B 83 13 10 27 00 00 00 98  TEL,23243,S5,3591,1075,2946,4995,10000,0
A5 54 CC 5A 05 07 0E 33 04 82 0B 83 13 10 27 00 00 00 96  TEL,23244,S5,3591,1075,2946,4995,10000,0
A5 54 CD 5A 05 45 0E 35 04 82 0B 83 13 10 27 00 00 00 02  TEL,23245,S5,3653,1077,2946,4995,10000,0
A5 54 CE 5A 05 07 0E 33 04 82 0B 83 13 10 27 00 00 00 92  TEL,23246,S5,3591,1075,2946,4995,10000,0
A5 54 CF 5A 05 07 0E 33 04 82 0B 83 13 10 27 00 00 00 90  TEL,23247,S5,3591,1075,2946,4995,10000,0
A5 54 D0 5A 05 07 0E 33 04 82 0B 83 13 10 27 00 00 00 AE  TEL,23248,S5,3591,1075,2946,4995,10000,0
A5 54 D1 5A 05 E8 0D 32 04 82 0B 83 13 10 27 00 00 00 F9  TEL,23249,S5,3560,1074,2946,4995,10000,0
A5 54 D2 5A 05 83 0E 37 04 82 0B 83 13 10 27 00 00 00 79  TEL,23250,S5,3715,1079,2946,4995,10000,0
A5 54 D3 5A 05 64 0E 36 04 82 0B 83 13 10 27 00 00 00 75  TEL,23251,S5,3684,1078,2946,4995,10000,0
A5 54 D4 5A 05 E8 0D 32 04 82 0B 83 13 10 27 00 00 00 F3  TEL,23252,S5,3560,1074,2946,4995,10000,0
A5 54 D5 5A 05 07 0E 33 04 82 0B 83 13 10 27 00 00 00 A4  TEL,23253,S5,3591,1075,2946,4995,10000,0
A5 54 D6 5A 05 64 0E 36 04 82 0B 83 13 10 27 00 00 00 7F  TEL,23254,S5,3684,1078,2946,4995,10000,0
A5 54 D7 5A 05 E8 0D 32 04 82 0B 83 13 10 27 00 00 00 F5  TEL,23255,S5,3560,1074,2946,4995,10000,0
A5 54 D8 5A 05 07 0E 33 04 82 0B 83 13 10 27 00 00 00 BE  TEL,23256,S5,3591,1075,2946,4995,10000,0
A5 54 D9 5A 05 E8 0D 32 04 82 0B 83 13 10 27 00 00 00 E9  TEL,23257,S5,3560,1074,2946,4995,10000,0
A5 54 DA 5A 05 E8 0D 32 04 82 0B 83 13 10 27 00 00 00 EF  TEL,23258,S5,3560,1074,2946,4995,10000,0
A5 54 DB 5A 05 E8 0D 32 04 82 0B 83 13 10 27 00 00 00 ED  TEL,23259,S5,3560,1074,2946,4995,10000,0
A5 54 DC 5A 05 07 0E 33 04 82 0B 83 13 10 27 00 00 00 B6  TEL,23260,S5,3591,1075,2946,4995,10000,0
A5 54 DD 5A 05 64 0E 36 04 82 0B 83 13 10 27 00 00 00 69  TEL,23261,S5,3684,1078,2946,4995,10000,0
A5 54 DE 5A 05 26 0E 34 04 82 0B 83 13 10 27 00 00 00 85  TEL,23262,S5,3622,1076,2946,4995,10000,0
A5 54 DF 5A 05 E8 0D 32 04 82 0B 83 13 10 27 00 00 00 E5  TEL,23263,S5,3560,1074,2946,4995,10000,0
A5 54 E0 5A 05 E8 0D 32 04 82 0B 83 13 10 27 00 00 00 9B  TEL,23264,S5,3560,1074,2946,4995,10000,0
A5 54 E1 5A 05 07 0E 33 04 82 0B 83 13 10 27 00 00 00 CC  TEL,23265,S5,3591,1075,2946,4995,10000,0
A5 54 E2 5A 05 26 0E 34 04 82 0B 83 13 10 27 00 00 00 FD  TEL,23266,S5,3622,1076,2946,4995,10000,0
A5 54 E3 5A 05 07 0E 33 04 82 0B 83 13 10 27 00 00 00 C8  TEL,23267,S5,3591,1075,2946,4995,10000,0
A5 54 E4 5A 05 07 0E 33 04 82 0B 83 13 10 27 00 00 00 C6  TEL,23268,S5,3591,1075,2946,4995,10000,0
A5 54 E5 5A 05 07 0E 33 04 82 0B 83 13 10 27 00 00 00 C4  TEL,23269,S5,3591,1075,2946,4995,10000,0
A5 54 E6 5A 05 07 0E 33 04 82 0B 83 13 10 27 00 00 00 C2  TEL,23270,S5,3591,1075,2946,4995,10000,0
A5 54 E7 5A 05 E8 0D 32 04 82 0B 83 13 10 27 00 00 00 95  TEL,23271,S5,3560,1074,2946,4995,10000,0
A5 54 E8 5A 05 07 0E 33 04 82 0B 83 13 10 27 00 00 00 DE  TEL,23272,S5,3591,1075,2946,4995,10000,0
A5 54 E9 5A 05 07 0E 33 04 82 0B 83 13 10 27 00 00 00 DC  TEL,23273,S5,3591,1075,2946,4995,10000,0
A5 54 EA 5A 05 E8 0D 32 04 82 0B 83 13 10 27 00 00 00 8F  TEL,23274,S5,3560,1074,2946,4995,10000,0
A5 54 EB 5A 05 07 0E 33 04 82 0B 83 13 10 27 00 00 00 D8  TEL,23275,S5,3591,1075,2946,4995,10000,0
A5 54 EC 5A 05 07 0E 33 04 82 0B 83 13 10 27 00 00 00 D6  TEL,23276,S5,3591,1075,2946,4995,10000,0
A5 54 ED 5A 05 07 0E 33 04 82 0B 83 13 10 27 00 00 00 D4  TEL,23277,S5,3591,1075,2946,4995,10000,0
A5 54 EE 5A 05 07 0E 33 04 82 0B 83 13 10 27 00 00 00 D2  TEL,23278,S5,3591,1075,2946,4995,10000,0
A5 54 EF 5A 05 E8 0D 32 04 82 0B 83 13 10 27 00 00 00 85  TEL,23279,S5,3560,1074,2946,4995,10000,0
A5 54 F0 5A 05 E8 0D 32 04 82 0B 83 13 10 27 00 00 00 BB  TEL,23280,S5,3560,1074,2946,4995,10000,0
A5 54 F1 5A 05 07 0E 33 04 82 0B 83 13 10 27 00 00 00 EC  TEL,23281,S5,3591,1075,2946,4995,10000,0
A5 54 F2 5A 05 45 0E 35 04 82 0B 83 13 10 27 00 00 00 7C  TEL,23282,S5,3653,1077,2946,4995,10000,0
A5 54 F3 5A 05 E8 0D 32 04 82 0B 83 13 10 27 00 00 00 BD  TEL,23283,S5,3560,1074,2946,4995,10000,0
A5 54 F4 5A 05 E8 0D 32 04 82 0B 83 13 10 27 00 00 00 B3  TEL,23284,S5,3560,1074,2946,4995,10000,0
A5 54 F5 5A 05 07 0E 33 04 82 0B 83 13 10 27 00 00 00 E4  TEL,23285,S5,3591,1075,2946,4995,10000,0
A5 54 F6 5A 05 07 0E 33 04 82 0B 83 13 10 27 00 00 00 E2  TEL,23286,S5,3591,1075,2946,4995,10000,0
A5 54 F7 5A 05 E8 0D 32 04 82 0B 83 13 10 27 00 00 00 B5  TEL,23287,S5,3560,1074,2946,4995,10000,0
A5 54 F8 5A 05 07 0E 33 04 82 0B 83 13 10 27 00 00 00 FE  TEL,23288,S5,3591,1075,2946,4995,10000,0
A5 54 F9 5A 05 A3 0E 38 04 82 0B 83 13 10 27 00 00 00 74  TEL,23289,S5,3747,1080,2946,4995,10000,0
A5 54 FA 5A 05 07 0E 33 04 82 0B 83 13 10 27 00 00 00 FA  TEL,23290,S5,3591,1075,2946,4995,10000,0
A5 54 FB 5A 05 E8 0D 32 04 82 0B 83 13 10 27 00 00 00 AD  TEL,23291,S5,3560,1074,2946,4995,10000,0
A5 54 FC 5A 05 E8 0D 32 04 82 0B 83 13 10 27 00 00 00 A3  TEL,23292,S5,3560,1074,2946,4995,10000,0
A5 54 FD 5A 05 07 0E 33 04 82 0B 83 13 10 27 00 00 00 F4  TEL,23293,S5,3591,1075,2946,4995,10000,0
A5 54 FE 5A 05 C9 0D 31 04 82 0B 83 13 10 27 00 00 00 EC  TEL,23294,S5,3529,1073,2946,4995,10000,0
A5 54 FF 5A 05 07 0E 33 04 82 0B 83 13 10 27 00 00 00 F0  TEL,23295,S5,3591,1075,2946,4995,10000,0
A5 54 00 5B 05 07 0E 33 04 82 0B 83 13 10 27 00 00 00 BC  TEL,23296,S5,3591,1075,2946,4995,10000,0
A5 54 01 5B 05 07 0E 33 04 82 0B 83 13 10 27 00 00 00 BE  TEL,23297,S5,3591,1075,2946,4995,10000,0
A5 54 02 5B 05 26 0E 34 04 82 0B 83 13 10 27 00 00 00 8F  TEL,23298,S5,3622,1076,2946,4995,10000,0
A5 54 03 5B 05 07 0E 33 04 82 0B 83 13 10 27 00 00 00 BA  TEL,23299,S5,3591,1075,2946,4995,10000,0
A5 54 04 5B 05 07 0E 33 04 82 0B 83 13 10 27 00 00 00 B4  TEL,23300,S5,3591,1075,2946,4995,10000,0
A5 54 05 5B 05 07 0E 33 04 82 0B 83 13 10 27 00 00 00 B6  TEL,23301,S5,3591,1075,2946,4995,10000,0
A5 54 06 5B 05 07 0E 33 04 82 0B 83 13 10 27 00 00 00 B0  TEL,23302,S5,3591,1075,2946,4995,10000,0
A5 54 07 5B 05 07 0E 33 04 82 0B 83 13 10 27 00 00 00 B2  TEL,23303,S5,3591,1075,2946,4995,10000,0
A5 54 08 5B 05 E8 0D 32 04 82 0B 83 13 10 27 00 00 00 F9  TEL,23304,S5,3560,1074,2946,4995,10000,0
A5 54 09 5B 05 07 0E 33 04 82 0B 83 13 10 27 00 00 00 AE  TEL,23305,S5,3591,1075,2946,4995,10000,0
A5 54 0A 5B 05 E8 0D 32 04 82 0B 83 13 10 27 00 00 00 FD  TEL,23306,S5,3560,1074,2946,4995,10000,0
A5 54 0B 5B 05 07 0E 33 04 82 0B 83 13 10 27 00 00 00 AA  TEL,23307,S5,3591,1075,2946,4995,10000,0
A5 54 0C 5B 05 07 0E 33 04 82 0B 83 13 10 27 00 00 00 A4  TEL,23308,S5,3591,1075,2946,4995,10000,0
A5 54 0D 5B 05 07 0E 33 04 82 0B 83 13 10 27 00 00 00 A6  TEL,23309,S5,3591,1075,2946,4995,10000,0
A5 54 0E 5B 05 E8 0D 32 04 82 0B 83 13 10 27 00 00 00 F5  TEL,23310,S5,3560,1074,2946,4995,10000,0
A5 54 0F 5B 05 07 0E 33 04 82 0B 83 13 10 27 00 00 00 A2  TEL,23311,S5,3591,1075,2946,4995,10000,0
A5 54 10 5B 05 07 0E 33 04 82 0B 83 13 10 27 00 00 00 9C  TEL,23312,S5,3591,1075,2946,4995,10000,0
A5 54 11 5B 05 E8 0D 32 04 82 0B 83 13 10 27 00 00 00 CB  TEL,23313,S5,3560,1074,2946,4995,10000,0
A5 54 12 5B 05 26 0E 34 04 82 0B 83 13 10 27 00 00 00 AF  TEL,23314,S5,3622,1076,2946,4995,10000,0
A5 54 13 5B 05 26 0E 34 04 82 0B 83 13 10 27 00 00 00 AD  TEL,23315,S5,3622,1076,2946,4995,10000,0
A5 54 14 5B 05 C9 0D 31 04 82 0B 83 13 10 27 00 00 00 8A  TEL,23316,S5,3529,1073,2946,4995,10000,0
A5 54 15 5B 05 07 0E 33 04 82 0B 83 13 10 27 00 00 00 96  TEL,23317,S5,3591,1075,2946,4995,10000,0
A5 54 16 5B 05 07 0E 33 04 82 0B 83 13 10 27 00 00 00 90  TEL,23318,S5,3591,1075,2946,4995,10000,0
A5 54 17 5B 05 C9 0D 31 04 82 0B 83 13 10 27 00 00 00 8C  TEL,23319,S5,3529,1073,2946,4995,10000,0
A5 54 18 5B 05 E8 0D 32 04 82 0B 83 13 10 27 00 00 00 D9  TEL,23320,S5,3560,1074,2946,4995,10000,0
A5 54 19 5B 05 E8 0D 32 04 82 0B 83 13 10 27 00 00 00 DB  TEL,23321,S5,3560,1074,2946,4995,10000,0
A5 54 1A 5B 05 07 0E 33 04 82 0B 83 13 10 27 00 00 00 88  TEL,23322,S5,3591,1075,2946,4995,10000,0
A5 54 1B 5B 05 07 0E 33 04 82 0B 83 13 10 27 00 00 00 8A  TEL,23323,S5,3591,1075,2946,4995,10000,0
A5 54 1C 5B 05 07 0E 33 04 82 0B 83 13 10 27 00 00 00 84  TEL,23324,S5,3591,1075,2946,4995,10000,0
A5 54 1D 5B 05 07 0E 33 04 82 0B 83 13 10 27 00 00 00 86  TEL,23325,S5,3591,1075,2946,4995,10000,0
A5 54 1E 5B 05 07 0E 33 04 82 0B 83 13 10 27 00 00 00 80  TEL,23326,S5,3591,1075,2946,4995,10000,0
A5 42 95 00 05 1F 5B 9E D2 38 17 B0 D2 38 17 B2 D2 38 17 E9  BTN,149,S5,PRESSED,23327,389599902,389599920,389599922
A5 54 20 5B 05 07 0E 33 04 82 0B BD 13 10 27 00 00 01 AF  TEL,23328,S5,3591,1075,2946,5053,10000,1
A5 54 21 5B 05 07 0E 33 04 82 0B 83 13 10 27 00 00 00 FE  TEL,23329,S5,3591,1075,2946,4995,10000,0
A5 54 22 5B 05 07 0E 33 04 82 0B 83 13 10 27 00 00 00 F8  TEL,23330,S5,3591,1075,2946,4995,10000,0
A5 54 23 5B 05 26 0E 34 04 82 0B 83 13 10 27 00 00 00 CD  TEL,23331,S5,3622,1076,2946,4995,10000,0
A5 54 24 5B 05 07 0E 33 04 82 0B 83 13 10 27 00 00 00 F4  TEL,23332,S5,3591,1075,2946,4995,10000,0
A5 54 25 5B 05 07 0E 33 04 82 0B 83 13 10 27 00 00 00 F6  TEL,23333,S5,3591,1075,2946,4995,10000,0
A5 54 26 5B 05 07 0E 33 04 82 0B 83 13 10 27 00 00 00 F0  TEL,23334,S5,3591,1075,2946,4995,10000,0
A5 54 27 5B 05 07 0E 33 04 82 0B 83 13 10 27 00 00 00 F2  TEL,23335,S5,3591,1075,2946,4995,10000,0
A5 54 28 5B 05 07 0E 33 04 82 0B 83 13 10 27 00 00 00 EC  TEL,23336,S5,3591,1075,2946,4995,10000,0
A5 54 29 5B 05 07 0E 33 04 82 0B 83 13 10 27 00 00 00 EE  TEL,23337,S5,3591,1075,2946,4995,10000,0
A5 54 2A 5B 05 07 0E 33 04 82 0B 83 13 10 27 00 00 00 E8  TEL,23338,S5,3591,1075,2946,4995,10000,0
A5 54 2B 5B 05 07 0E 33 04 82 0B 83 13 10 27 00 00 00 EA  TEL,23339,S5,3591,1075,2946,4995,10000,0
A5 54 2C 5B 05 26 0E 34 04 82 0B 83 13 10 27 00 00 00 D3  TEL,23340,S5,3622,1076,2946,4995,10000,0
A5 54 2D 5B 05 07 0E 33 04 82 0B 83 13 10 27 00 00 00 E6  TEL,23341,S5,3591,1075,2946,4995,10000,0
A5 54 2E 5B 05 07 0E 33 04 82 0B 83 13 10 27 00 00 00 E0  TEL,23342,S5,3591,1075,2946,4995,10000,0
A5 54 2F 5B 05 07 0E 33 04 82 0B 9B 13 10 27 00 00 00 DB  TEL,23343,S5,3591,1075,2946,5019,10000,0
A5 54 30 5B 05 45 0E 35 04 82 0B 83 13 10 27 00 00 00 4A  TEL,23344,S5,3653,1077,2946,4995,10000,0
A5 54 31 5B 05 07 0E 33 04 82 0B 83 13 10 27 00 00 00 DE  TEL,23345,S5,3591,1075,2946,4995,10000,0
A5 54 32 5B 05 E8 0D 32 04 82 0B 83 13 10 27 00 00 00 8D  TEL,23346,S5,3560,1074,2946,4995,10000,0
A5 54 33 5B 05 26 0E 34 04 82 0B 83 13 10 27 00 00 00 ED  TEL,23347,S5,3622,1076,2946,4995,10000,0
A5 54 34 5B 05 07 0E 33 04 82 0B 83 13 10 27 00 00 00 D4  TEL,23348,S5,3591,1075,2946,4995,10000,0
A5 54 35 5B 05 07 0E 33 04 82 0B 83 13 10 27 00 00 00 D6  TEL,23349,S5,3591,1075,2946,4995,10000,0
A5 54 36 5B 05 07 0E 33 04 82 0B 83 13 10 27 00 00 00 D0  TEL,23350,S5,3591,1075,2946,4995,10000,0
A5 54 37 5B 05 07 0E 33 04 82 0B 83 13 10 27 00 00 00 D2  TEL,23351,S5,3591,1075,2946,4995,10000,0
A5 54 38 5B 05 07 0E 33 04 82 0B 83 13 10 27 00 00 00 CC  TEL,23352,S5,3591,1075,2946,4995,10000,0
A5 54 39 5B 05 07 0E 33 04 82 0B 83 13 10 27 00 00 00 CE  TEL,23353,S5,3591,1075,2946,4995,10000,0
A5 54 3A 5B 05 07 0E 33 04 82 0B 83 13 10 27 00 00 00 C8  TEL,23354,S5,3591,1075,2946,4995,10000,0
A5 54 3B 5B 05 07 0E 33 04 82 0B 83 13 10 27 00 00 00 CA  TEL,23355,S5,3591,1075,2946,4995,10000,0
A5 54 3C 5B 05 07 0E 33 04 82 0B 83 13 10 27 00 00 00 C4  TEL,23356,S5,3591,1075,2946,4995,10000,0
A5 54 3D 5B 05 E8 0D 32 04 82 0B 83 13 10 27 00 00 00 93  TEL,23357,S5,3560,1074,2946,4995,10000,0
A5 54 3E 5B 05 07 0E 33 04 82 0B 83 13 10 27 00 00 00 C0  TEL,23358,S5,3591,1075,2946,4995,10000,0
A5 54 3F 5B 05 07 0E 33 04 82 0B 83 13 10 27 00 00 00 C2  TEL,23359,S5,3591,1075,2946,4995,10000,0
A5 54 40 5B 05 07 0E 33 04 82 0B 83 13 10 27 00 00 00 3C  TEL,23360,S5,3591,1075,2946,4995,10000,0
A5 54 41 5B 05 E8 0D 32 04 82 0B 83 13 10 27 00 00 00 6B  TEL,23361,S5,3560,1074,2946,4995,10000,0
A5 54 42 5B 05 E8 0D 32 04 82 0B 83 13 10 27 00 00 00 6D  TEL,23362,S5,3560,1074,2946,4995,10000,0
A5 54 43 5B 05 45 0E 35 04 82 0B 83 13 10 27 00 00 00 AC  TEL,23363,S5,3653,1077,2946,4995,10000,0
A5 54 44 5B 05 07 0E 33 04 82 0B 83 13 10 27 00 00 00 34  TEL,23364,S5,3591,1075,2946,4995,10000,0
A5 54 45 5B 05 07 0E 33 04 82 0B 83 13 10 27 00 00 00 36  TEL,23365,S5,3591,1075,2946,4995,10000,0
A5 54 46 5B 05 45 0E 35 04 82 0B 83 13 10 27 00 00 00 A6  TEL,23366,S5,3653,1077,2946,4995,10000,0
A5 54 47 5B 05 26 0E 34 04 82 0B 83 13 10 27 00 00 00 05  TEL,23367,S5,3622,1076,2946,4995,10000,0
A5 54 48 5B 05 07 0E 33 04 82 0B 83 13 10 27 00 00 00 2C  TEL,23368,S5,3591,1075,2946,4995,10000,0
A5 54 49 5B 05 07 0E 33 04 82 0B 83 13 10 27 00 00 00 2E  TEL,23369,S5,3591,1075,2946,4995,10000,0
A5 54 4A 5B 05 E8 0D 32 04 82 0B 83 13 10 27 00 00 00 7D  TEL,23370,S5,3560,1074,2946,4995,10000,0
A5 54 4B 5B 05 E8 0D 32 04 82 0B 83 13 10 27 00 00 00 7F  TEL,23371,S5,3560,1074,2946,4995,10000,0
A5 54 4C 5B 05 45 0E 35 04 82 0B 83 13 10 27 00 00 00 B2  TEL,23372,S5,3653,1077,2946,4995,10000,0
A5 54 4D 5B 05 E8 0D 32 04 82 0B 83 13 10 27 00 00 00 73  TEL,23373,S5,3560,1074,2946,4995,10000,0
A5 54 4E 5B 05 07 0E 33 04 82 0B 83 13 10 27 00 00 00 20  TEL,23374,S5,3591,1075,2946,4995,10000,0
A5 54 4F 5B 05 E8 0D 32 04 82 0B 83 13 10 27 00 00 00 77  TEL,23375,S5,3560,1074,2946,4995,10000,0
A5 54 50 5B 05 07 0E 33 04 82 0B 83 13 10 27 00 00 00 1C  TEL,23376,S5,3591,1075,2946,4995,10000,0
A5 54 51 5B 05 26 0E 34 04 82 0B 83 13 10 27 00 00 00 29  TEL,23377,S5,3622,1076,2946,4995,10000,0
A5 54 52 5B 05 07 0E 33 04 82 0B 83 13 10 27 00 00 00 18  TEL,23378,S5,3591,1075,2946,4995,10000,0
A5 54 53 5B 05 45 0E 35 04 82 0B 83 13 10 27 00 00 00 8C  TEL,23379,S5,3653,1077,2946,4995,10000,0
A5 54 54 5B 05 C2 0E 39 04 82 0B 83 13 10 27 00 00 00 12  TEL,23380,S5,3778,1081,2946,4995,10000,0
A5 54 55 5B 05 07 0E 33 04 82 0B 83 13 10 27 00 00 00 16  TEL,23381,S5,3591,1075,2946,4995,10000,0
A5 54 56 5B 05 07 0E 33 04 82 0B 83 13 10 27 00 00 00 10  TEL,23382,S5,3591,1075,2946,4995,10000,0
A5 54 57 5B 05 C9 0D 31 04 82 0B 83 13 10 27 00 00 00 0C  TEL,23383,S5,3529,1073,2946,4995,10000,0
A5 54 58 5B 05 07 0E 33 04 82 0B 83 13 10 27 00 00 00 0C  TEL,23384,S5,3591,1075,2946,4995,10000,0
A5 54 59 5B 05 E8 0D 32 04 82 0B 83 13 10 27 00 00 00 5B  TEL,23385,S5,3560,1074,2946,4995,10000,0
A5 54 5A 5B 05 07 0E 33 04 82 0B 83 13 10 27 00 00 00 08  TEL,23386,S5,3591,1075,2946,4995,10000,0
A5 54 5B 5B 05 07 0E 33 04 82 0B 83 13 10 27 00 00 00 0A  TEL,23387,S5,3591,1075,2946,4995,10000,0
A5 54 5C 5B 05 07 0E 33 04 82 0B 83 13 10 27 00 00 00 04  TEL,23388,S5,3591,1075,2946,4995,10000,0
A5 54 5D 5B 05 07 0E 33 04 82 0B 83 13 10 27 00 00 00 06  TEL,23389,S5,3591,1075,2946,4995,10000,0
A5 54 5E 5B 05 E8 0D 32 04 82 0B 83 13 10 27 00 00 00 55  TEL,23390,S5,3560,1074,2946,4995,10000,0
A5 54 5F 5B 05 07 0E 33 04 82 0B 83 13 10 27 00 00 00 02  TEL,23391,S5,3591,1075,2946,4995,10000,0
A5 54 60 5B 05 07 0E 33 04 82 0B 83 13 10 27 00 00 00 7C  TEL,23392,S5,3591,1075,2946,4995,10000,0
A5 54 61 5B 05 45 0E 35 04 82 0B 83 13 10 27 00 00 00 E8  TEL,23393,S5,3653,1077,2946,4995,10000,0
A5 54 62 5B 05 26 0E 34 04 82 0B 83 13 10 27 00 00 00 4F  TEL,23394,S5,3622,1076,2946,4995,10000,0
A5 54 63 5B 05 64 0E 36 04 82 0B 83 13 10 27 00 00 00 A7  TEL,23395,S5,3684,1078,2946,4995,10000,0
A5 54 64 5B 05 07 0E 33 04 82 0B 83 13 10 27 00 00 00 74  TEL,23396,S5,3591,1075,2946,4995,10000,0
A5 54 65 5B 05 C9 0D 30 04 82 0B 83 13 10 27 00 00 00 77  TEL,23397,S5,3529,1072,2946,4995,10000,0
A5 54 66 5B 05 26 0E 34 04 82 0B 83 13 10 27 00 00 00 47  TEL,23398,S5,3622,1076,2946,4995,10000,0
A5 54 67 5B 05 07 0E 33 04 82 0B 83 13 10 27 00 00 00 72  TEL,23399,S5,3591,1075,2946,4995,10000,0
A5 54 68 5B 05 07 0E 33 04 82 0B 83 13 10 27 00 00 00 6C  TEL,23400,S5,3591,1075,2946,4995,10000,0
A5 54 69 5B 05 26 0E 34 04 82 0B 83 13 10 27 00 00 00 59  TEL,23401,S5,3622,1076,2946,4995,10000,0
A5 54 6A 5B 05 07 0E 33 04 82 0B 83 13 10 27 00 00 00 68  TEL,23402,S5,3591,1075,2946,4995,10000,0
A5 54 6B 5B 05 07 0E 33 04 82 0B 83 13 10 27 00 00 00 6A  TEL,23403,S5,3591,1075,2946,4995,10000,0
A5 54 6C 5B 05 07 0E 33 04 82 0B 83 13 10 27 00 00 00 64  TEL,23404,S5,3591,1075,2946,4995,10000,0
A5 54 6D 5B 05 07 0E 33 04 82 0B 83 13 10 27 00 00 00 66  TEL,23405,S5,3591,1075,2946,4995,10000,0
A5 54 6E 5B 05 07 0E 33 04 82 0B 83 13 10 27 00 00 00 60  TEL,23406,S5,3591,1075,2946,4995,10000,0
A5 54 6F 5B 05 07 0E 33 04 82 0B 83 13 10 27 00 00 00 62  TEL,23407,S5,3591,1075,2946,4995,10000,0
A5 54 70 5B 05 07 0E 33 04 82 0B 83 13 10 27 00 00 00 5C  TEL,23408,S5,3591,1075,2946,4995,10000,0
A5 54 71 5B 05 07 0E 33 04 82 0B 83 13 10 27 00 00 00 5E  TEL,23409,S5,3591,1075,2946,4995,10000,0
A5 54 72 5B 05 26 0E 34 04 82 0B 83 13 10 27 00 00 00 6F  TEL,23410,S5,3622,1076,2946,4995,10000,0
A5 54 73 5B 05 26 0E 34 04 82 0B 83 13 10 27 00 00 00 6D  TEL,23411,S5,3622,1076,2946,4995,10000,0
A5 54 74 5B 05 07 0E 33 04 82 0B 83 13 10 27 00 00 00 54  TEL,23412,S5,3591,1075,2946,4995,10000,0
A5 54 75 5B 05 E8 0D 32 04 82 0B 83 13 10 27 00 00 00 03  TEL,23413,S5,3560,1074,2946,4995,10000,0
A5 54 76 5B 05 A3 0E 38 04 82 0B 83 13 10 27 00 00 00 D8  TEL,23414,S5,3747,1080,2946,4995,10000,0
A5 54 77 5B 05 07 0E 33 04 82 0B 83 13 10 27 00 00 00 52  TEL,23415,S5,3591,1075,2946,4995,10000,0
A5 54 78 5B 05 E8 0D 32 04 82 0B 83 13 10 27 00 00 00 19  TEL,23416,S5,3560,1074,2946,4995,10000,0
A5 54 79 5B 05 07 0E 33 04 82 0B 83 13 10 27 00 00 00 4E  TEL,23417,S5,3591,1075,2946,4995,10000,0
A5 54 7A 5B 05 45 0E 35 04 82 0B 83 13 10 27 00 00 00 DE  TEL,23418,S5,3653,1077,2946,4995,10000,0
A5 54 7B 5B 05 07 0E 33 04 82 0B 83 13 10 27 00 00 00 4A  TEL,23419,S5,3591,1075,2946,4995,10000,0
A5 54 7C 5B 05 07 0E 33 04 82 0B 83 13 10 27 00 00 00 44  TEL,23420,S5,3591,1075,2946,4995,10000,0
A5 54 7D 5B 05 A3 0E 38 04 82 0B 83 13 10 27 00 00 00 CE  TEL,23421,S5,3747,1080,2946,4995,10000,0
A5 54 7E 5B 05 07 0E 33 04 82 0B 83 13 10 27 00 00 00 40  TEL,23422,S5,3591,1075,2946,4995,10000,0
A5 54 7F 5B 05 26 0E 34 04 82 0B 83 13 10 27 00 00 00 75  TEL,23423,S5,3622,1076,2946,4995,10000,0
A5 54 80 5B 05 07 0E 33 04 82 0B 83 13 10 27 00 00 00 BB  TEL,23424,S5,3591,1075,2946,4995,10000,0
A5 54 81 5B 05 07 0E 33 04 82 0B 83 13 10 27 00 00 00 B9  TEL,23425,S5,3591,1075,2946,4995,10000,0
A5 54 82 5B 05 07 0E 33 04 82 0B 83 13 10 27 00 00 00 BF  TEL,23426,S5,3591,1075,2946,4995,10000,0
A5 54 83 5B 05 45 0E 35 04 82 0B 83 13 10 27 00 00 00 2B  TEL,23427,S5,3653,1077,2946,4995,10000,0
A5 54 84 5B 05 07 0E 33 04 82 0B 83 13 10 27 00 00 00 B3  TEL,23428,S5,3591,1075,2946,4995,10000,0
A5 54 85 5B 05 A3 0E 38 04 82 0B 83 13 10 27 00 00 00 39  TEL,23429,S5,3747,1080,2946,4995,10000,0
A5 54 86 5B 05 07 0E 33 04 82 0B 83 13 10 27 00 00 00 B7  TEL,23430,S5,3591,1075,2946,4995,10000,0
A5 54 87 5B 05 45 0E 35 04 82 0B 83 13 10 27 00 00 00 23  TEL,23431,S5,3653,1077,2946,4995,10000,0
A5 54 88 5B 05 07 0E 33 04 82 0B 83 13 10 27 00 00 00 AB  TEL,23432,S5,3591,1075,2946,4995,10000,0
A5 54 89 5B 05 83 0E 37 04 82 0B 83 13 10 27 00 00 00 7A  TEL,23433,S5,3715,1079,2946,4995,10000,0
A5 54 8A 5B 05 07 0E 33 04 82 0B 83 13 10 27 00 00 00 AF  TEL,23434,S5,3591,1075,2946,4995,10000,0
A5 54 8B 5B 05 07 0E 33 04 82 0B 83 13 10 27 00 00 00 AD  TEL,23435,S5,3591,1075,2946,4995,10000,0
A5 54 8C 5B 05 07 0E 33 04 82 0B 83 13 10 27 00 00 00 A3  TEL,23436,S5,3591,1075,2946,4995,10000,0
A5 54 8D 5B 05 A3 0E 38 04 82 0B 83 13 10 27 00 00 00 29  TEL,23437,S5,3747,1080,2946,4995,10000,0
A5 54 8E 5B 05 45 0E 35 04 82 0B 83 13 10 27 00 00 00 31  TEL,23438,S5,3653,1077,2946,4995,10000,0
A5 54 8F 5B 05 07 0E 33 04 82 0B 83 13 10 27 00 00 00 A5  TEL,23439,S5,3591,1075,2946,4995,10000,0
A5 54 90 5B 05 07 0E 33 04 82 0B 83 13 10 27 00 00 00 9B  TEL,23440,S5,3591,1075,2946,4995,10000,0
A5 54 91 5B 05 07 0E 33 04 82 0B 83 13 10 27 00 00 00 99  TEL,23441,S5,3591,1075,2946,4995,10000,0
A5 54 92 5B 05 E8 0D 32 04 82 0B 83 13 10 27 00 00 00 CA  TEL,23442,S5,3560,1074,2946,4995,10000,0
A5 54 93 5B 05 26 0E 34 04 82 0B 83 13 10 27 00 00 00 AA  TEL,23443,S5,3622,1076,2946,4995,10000,0
A5 54 94 5B 05 07 0E 33 04 82 0B 83 13 10 27 00 00 00 93  TEL,23444,S5,3591,1075,2946,4995,10000,0
A5 54 95 5B 05 07 0E 33 04 82 0B 83 13 10 27 00 00 00 91  TEL,23445,S5,3591,1075,2946,4995,10000,0
A5 54 96 5B 05 45 0E 35 04 82 0B 83 13 10 27 00 00 00 01  TEL,23446,S5,3653,1077,2946,4995,10000,0
A5 54 97 5B 05 26 0E 34 04 82 0B 83 13 10 27 00 00 00 A2  TEL,23447,S5,3622,1076,2946,4995,10000,0
A5 54 98 5B 05 07 0E 33 04 82 0B 83 13 10 27 00 00 00 8B  TEL,23448,S5,3591,1075,2946,4995,10000,0
A5 54 99 5B 05 07 0E 33 04 82 0B 83 13 10 27 00 00 00 89  TEL,23449,S5,3591,1075,2946,4995,10000,0
A5 54 9A 5B 05 E8 0D 32 04 82 0B 83 13 10 27 00 00 00 DA  TEL,23450,S5,3560,1074,2946,4995,10000,0
A5 54 9B 5B 05 E8 0D 32 04 82 0B 83 13 10 27 00 00 00 D8  TEL,23451,S5,3560,1074,2946,4995,10000,0
A5 54 9C 5B 05 07 0E 33 04 82 0B 83 13 10 27 00 00 00 83  TEL,23452,S5,3591,1075,2946,4995,10000,0
A5 54 9D 5B 05 07 0E 33 04 82 0B 83 13 10 27 00 00 00 81  TEL,23453,S5,3591,1075,2946,4995,10000,0
A5 54 9E 5B 05 07 0E 33 04 82 0B 83 13 10 27 00 00 00 87  TEL,23454,S5,3591,1075,2946,4995,10000,0
A5 54 9F 5B 05 07 0E 33 04 82 0B 83 13 10 27 00 00 00 85  TEL,23455,S5,3591,1075,2946,4995,10000,0
A5 54 A0 5B 05 A3 0E 38 04 82 0B 83 13 10 27 00 00 00 73  TEL,23456,S5,3747,1080,2946,4995,10000,0
A5 54 A1 5B 05 07 0E 33 04 82 0B 83 13 10 27 00 00 00 F9  TEL,23457,S5,3591,1075,2946,4995,10000,0
A5 54 A2 5B 05 07 0E 33 04 82 0B 83 13 10 27 00 00 00 FF  TEL,23458,S5,3591,1075,2946,4995,10000,0
A5 54 A3 5B 05 26 0E 34 04 82 0B 83 13 10 27 00 00 00 CA  TEL,23459,S5,3622,1076,2946,4995,10000,0
A5 54 A4 5B 05 07 0E 33 04 82 0B 83 13 10 27 00 00 00 F3  TEL,23460,S5,3591,1075,2946,4995,10000,0
A5 54 A5 5B 05 07 0E 33 04 82 0B 83 13 10 27 00 00 00 F1  TEL,23461,S5,3591,1075,2946,4995,10000,0
A5 54 A6 5B 05 07 0E 33 04 82 0B 83 13 10 27 00 00 00 F7  TEL,23462,S5,3591,1075,2946,4995,10000,0
A5 54 A7 5B 05 64 0E 36 04 82 0B 83 13 10 27 00 00 00 28  TEL,23463,S5,3684,1078,2946,4995,10000,0
A5 54 A8 5B 05 07 0E 33 04 82 0B 83 13 10 27 00 00 00 EB  TEL,23464,S5,3591,1075,2946,4995,10000,0
A5 54 A9 5B 05 8A 0D 2E 04 82 0B 83 13 10 27 00 00 00 E5  TEL,23465,S5,3466,1070,2946,4995,10000,0
A5 54 AA 5B 05 07 0E 33 04 82 0B 83 13 10 27 00 00 00 EF  TEL,23466,S5,3591,1075,2946,4995,10000,0
A5 54 AB 5B 05 07 0E 33 04 82 0B 83 13 10 27 00 00 00 ED  TEL,23467,S5,3591,1075,2946,4995,10000,0
A5 54 AC 5B 05 07 0E 33 04 82 0B 83 13 10 27 00 00 00 E3  TEL,23468,S5,3591,1075,2946,4995,10000,0
A5 54 AD 5B 05 E8 0D 32 04 82 0B 83 13 10 27 00 00 00 B4  TEL,23469,S5,3560,1074,2946,4995,10000,0
A5 54 AE 5B 05 C2 0E 3A 04 82 0B 83 13 10 27 00 00 00 C0  TEL,23470,S5,3778,1082,2946,4995,10000,0
A5 54 AF 5B 05 07 0E 33 04 82 0B 83 13 10 27 00 00 00 E5  TEL,23471,S5,3591,1075,2946,4995,10000,0
A5 54 B0 5B 05 64 0E 36 04 82 0B 83 13 10 27 00 00 00 06  TEL,23472,S5,3684,1078,2946,4995,10000,0
A5 54 B1 5B 05 07 0E 33 04 82 0B 83 13 10 27 00 00 00 D9  TEL,23473,S5,3591,1075,2946,4995,10000,0
A5 54 B2 5B 05 07 0E 33 04 82 0B 83 13 10 27 00 00 00 DF  TEL,23474,S5,3591,1075,2946,4995,10000,0
A5 54 B3 5B 05 45 0E 35 04 82 0B 83 13 10 27 00 00 00 4B  TEL,23475,S5,3653,1077,2946,4995,10000,0
A5 54 B4 5B 05 07 0E 33 04 82 0B 83 13 10 27 00 00 00 D3  TEL,23476,S5,3591,1075,2946,4995,10000,0
A5 54 B5 5B 05 07 0E 33 04 82 0B 83 13 10 27 00 00 00 D1  TEL,23477,S5,3591,1075,2946,4995,10000,0
A5 54 B6 5B 05 07 0E 33 04 82 0B 83 13 10 27 00 00 00 D7  TEL,23478,S5,3591,1075,2946,4995,10000,0
A5 54 B7 5B 05 E8 0D 32 04 82 0B 83 13 10 27 00 00 00 80  TEL,23479,S5,3560,1074,2946,4995,10000,0
A5 54 B8 5B 05 07 0E 33 04 82 0B 83 13 10 27 00 00 00 CB  TEL,23480,S5,3591,1075,2946,4995,10000,0
A5 54 B9 5B 05 07 0E 33 04 82 0B 83 13 10 27 00 00 00 C9  TEL,23481,S5,3591,1075,2946,4995,10000,0
A5 54 BA 5B 05 07 0E 33 04 82 0B 83 13 10 27 00 00 00 CF  TEL,23482,S5,3591,1075,2946,4995,10000,0
A5 54 BB 5B 05 07 0E 33 04 82 0B 83 13 10 27 00 00 00 CD  TEL,23483,S5,3591,1075,2946,4995,10000,0
A5 54 BC 5B 05 07 0E 33 04 82 0B 83 13 10 27 00 00 00 C3  TEL,23484,S5,3591,1075,2946,4995,10000,0
A5 54 BD 5B 05 07 0E 33 04 82 0B 83 13 10 27 00 00 00 C1  TEL,23485,S5,3591,1075,2946,4995,10000,0
A5 54 BE 5B 05 07 0E 33 04 82 0B 83 13 10 27 00 00 00 C7  TEL,23486,S5,3591,1075,2946,4995,10000,0
A5 54 BF 5B 05 45 0E 35 04 82 0B 83 13 10 27 00 00 00 53  TEL,23487,S5,3653,1077,2946,4995,10000,0
A5 54 C0 5B 05 07 0E 33 04 82 0B 83 13 10 27 00 00 00 3B  TEL,23488,S5,3591,1075,2946,4995,10000,0
A5 54 C1 5B 05 07 0E 33 04 82 0B 83 13 10 27 00 00 00 39  TEL,23489,S5,3591,1075,2946,4995,10000,0
A5 54 C2 5B 05 07 0E 33 04 82 0B 83 13 10 27 00 00 00 3F  TEL,23490,S5,3591,1075,2946,4995,10000,0
A5 54 C3 5B 05 45 0E 35 04 82 0B 83 13 10 27 00 00 00 AB  TEL,23491,S5,3653,1077,2946,4995,10000,0
A5 54 C4 5B 05 07 0E 33 04 82 0B 83 13 10 27 00 00 00 33  TEL,23492,S5,3591,1075,2946,4995,10000,0
A5 54 C5 5B 05 E8 0D 32 04 82 0B 83 13 10 27 00 00 00 64  TEL,23493,S5,3560,1074,2946,4995,10000,0
A5 54 C6 5B 05 45 0E 35 04 82 0B 83 13 10 27 00 00 00 A1  TEL,23494,S5,3653,1077,2946,4995,10000,0
A5 54 C7 5B 05 07 0E 33 04 82 0B 83 13 10 27 00 00 00 35  TEL,23495,S5,3591,1075,2946,4995,10000,0
A5 54 C8 5B 05 E8 0D 32 04 82 0B 83 13 10 27 00 00 00 7E  TEL,23496,S5,3560,1074,2946,4995,10000,0
A5 54 C9 5B 05 07 0E 33 04 82 0B 83 13 10 27 00 00 00 29  TEL,23497,S5,3591,1075,2946,4995,10000,0
A5 54 CA 5B 05 07 0E 33 04 82 0B 83 13 10 27 00 00 00 2F  TEL,23498,S5,3591,1075,2946,4995,10000,0
A5 54 CB 5B 05 07 0E 33 04 82 0B 83 13 10 27 00 00 00 2D  TEL,23499,S5,3591,1075,2946,4995,10000,0
A5 54 CC 5B 05 07 0E 33 04 82 0B 83 13 10 27 00 00 00 23  TEL,23500,S5,3591,1075,2946,4995,10000,0
A5 54 CD 5B 05 45 0E 35 04 82 0B 83 13 10 27 00 00 00 B7  TEL,23501,S5,3653,1077,2946,4995,10000,0
A5 54 CE 5B 05 07 0E 33 04 82 0B 83 13 10 27 00 00 00 27  TEL,23502,S5,3591,1075,2946,4995,10000,0
A5 54 CF 5B 05 07 0E 33 04 82 0B 83 13 10 27 00 00 00 25  TEL,23503,S5,3591,1075,2946,4995,10000,0
A5 54 D0 5B 05 07 0E 33 04 82 0B 83 13 10 27 00 00 00 1B  TEL,23504,S5,3591,1075,2946,4995,10000,0
A5 54 D1 5B 05 E8 0D 32 04 82 0B 83 13 10 27 00 00 00 4C  TEL,23505,S5,3560,1074,2946,4995,10000,0
A5 54 D2 5B 05 07 0E 33 04 82 0B 83 13 10 27 00 00 00 1F  TEL,23506,S5,3591,1075,2946,4995,10000,0
A5 54 D3 5B 05 83 0E 37 04 82 0B 83 13 10 27 00 00 00 CE  TEL,23507,S5,3715,1079,2946,4995,10000,0
A5 54 D4 5B 05 45 0E 35 04 82 0B 83 13 10 27 00 00 00 85  TEL,23508,S5,3653,1077,2946,4995,10000,0
A5 54 D5 5B 05 E8 0D 32 04 82 0B 83 13 10 27 00 00 00 44  TEL,23509,S5,3560,1074,2946,4995,10000,0
A5 54 D6 5B 05 E8 0D 32 04 82 0B 83 13 10 27 00 00 00 42  TEL,23510,S5,3560,1074,2946,4995,10000,0
A5 54 D7 5B 05 E8 0D 32 04 82 0B 83 13 10 27 00 00 00 40  TEL,23511,S5,3560,1074,2946,4995,10000,0
A5 54 D8 5B 05 E8 0D 32 04 82 0B 83 13 10 27 00 00 00 5E  TEL,23512,S5,3560,1074,2946,4995,10000,0
A5 54 D9 5B 05 E8 0D 32 04 82 0B 83 13 10 27 00 00 00 5C  TEL,23513,S5,3560,1074,2946,4995,10000,0
A5 54 DA 5B 05 A3 0E 38 04 82 0B 83 13 10 27 00 00 00 87  TEL,23514,S5,3747,1080,2946,4995,10000,0
A5 54 DB 5B 05 26 0E 34 04 82 0B 83 13 10 27 00 00 00 3A  TEL,23515,S5,3622,1076,2946,4995,10000,0
A5 54 DC 5B 05 07 0E 33 04 82 0B 83 13 10 27 00 00 00 03  TEL,23516,S5,3591,1075,2946,4995,10000,0
A5 54 DD 5B 05 83 0E 37 04 82 0B 83 13 10 27 00 00 00 D2  TEL,23517,S5,3715,1079,2946,4995,10000,0
A5 54 DE 5B 05 07 0E 33 04 82 0B 83 13 10 27 00 00 00 07  TEL,23518,S5,3591,1075,2946,4995,10000,0
A5 54 DF 5B 05 07 0E 33 04 82 0B 83 13 10 27 00 00 00 05  TEL,23519,S5,3591,1075,2946,4995,10000,0
A5 54 E0 5B 05 07 0E 33 04 82 0B 83 13 10 27 00 00 00 7B  TEL,23520,S5,3591,1075,2946,4995,10000,0
A5 54 E1 5B 05 07 0E 33 04 82 0B 83 13 10 27 00 00 00 79  TEL,23521,S5,3591,1075,2946,4995,10000,0
A5 54 E2 5B 05 E8 0D 32 04 82 0B 83 13 10 27 00 00 00 2A  TEL,23522,S5,3560,1074,2946,4995,10000,0
A5 54 E3 5B 05 45 0E 35 04 82 0B 83 13 10 27 00 00 00 EB  TEL,23523,S5,3653,1077,2946,4995,10000,0
A5 54 E4 5B 05 07 0E 33 04 82 0B 83 13 10 27 00 00 00 73  TEL,23524,S5,3591,1075,2946,4995,10000,0
A5 54 E5 5B 05 E8 0D 32 04 82 0B 83 13 10 27 00 00 00 24  TEL,23525,S5,3560,1074,2946,4995,10000,0
A5 54 E6 5B 05 E8 0D 32 04 82 0B 83 13 10 27 00 00 00 22  TEL,23526,S5,3560,1074,2946,4995,10000,0
A5 54 E7 5B 05 64 0E 36 04 82 0B 83 13 10 27 00 00 00 A8  TEL,23527,S5,3684,1078,2946,4995,10000,0
A5 54 E8 5B 05 07 0E 33 04 82 0B 83 13 10 27 00 00 00 6B  TEL,23528,S5,3591,1075,2946,4995,10000,0
A5 54 E9 5B 05 07 0E 33 04 82 0B 83 13 10 27 00 00 00 69  TEL,23529,S5,3591,1075,2946,4995,10000,0
A5 54 EA 5B 05 45 0E 35 04 82 0B 83 13 10 27 00 00 00 F9  TEL,23530,S5,3653,1077,2946,4995,10000,0
A5 54 EB 5B 05 07 0E 33 04 82 0B 83 13 10 27 00 00 00 6D  TEL,23531,S5,3591,1075,2946,4995,10000,0
A5 54 EC 5B 05 07 0E 33 04 82 0B 83 13 10 27 00 00 00 63  TEL,23532,S5,3591,1075,2946,4995,10000,0
A5 42 96 00 05 ED 5B 0B 23 58 17 1C 23 58 17 1E 23 58 17 F2  BTN,150,S5,PRESSED,23533,391652107,391652124,391652126
A5 54 EE 5B 05 07 0E 33 04 82 0B BD 13 10 27 00 00 01 34  TEL,23534,S5,3591,1075,2946,5053,10000,1
A5 54 EF 5B 05 07 0E 33 04 82 0B 83 13 10 27 00 00 00 65  TEL,23535,S5,3591,1075,2946,4995,10000,0
A5 54 F0 5B 05 07 0E 33 04 82 0B 83 13 10 27 00 00 00 5B  TEL,23536,S5,3591,1075,2946,4995,10000,0
A5 54 F1 5B 05 07 0E 33 04 82 0B 83 13 10 27 00 00 00 59  TEL,23537,S5,3591,1075,2946,4995,10000,0
A5 54 F2 5B 05 07 0E 33 04 82 0B 83 13 10 27 00 00 00 5F  TEL,23538,S5,3591,1075,2946,4995,10000,0
A5 54 F3 5B 05 83 0E 37 04 82 0B 83 13 10 27 00 00 00 8E  TEL,23539,S5,3715,1079,2946,4995,10000,0
A5 54 F4 5B 05 64 0E 36 04 82 0B 83 13 10 27 00 00 00 8E  TEL,23540,S5,3684,1078,2946,4995,10000,0
A5 54 F5 5B 05 07 0E 33 04 82 0B 83 13 10 27 00 00 00 51  TEL,23541,S5,3591,1075,2946,4995,10000,0
A5 54 F6 5B 05 07 0E 33 04 82 0B 83 13 10 27 00 00 00 57  TEL,23542,S5,3591,1075,2946,4995,10000,0
A5 54 F7 5B 05 07 0E 33 04 82 0B 83 13 10 27 00 00 00 55  TEL,23543,S5,3591,1075,2946,4995,10000,0
A5 54 F8 5B 05 07 0E 33 04 82 0B 83 13 10 27 00 00 00 4B  TEL,23544,S5,3591,1075,2946,4995,10000,0
A5 54 F9 5B 05 07 0E 33 04 82 0B 83 13 10 27 00 00 00 49  TEL,23545,S5,3591,1075,2946,4995,10000,0
A5 54 FA 5B 05 C9 0D 31 04 82 0B 83 13 10 27 00 00 00 51  TEL,23546,S5,3529,1073,2946,4995,10000,0
A5 54 FB 5B 05 07 0E 33 04 82 0B 8E 13 10 27 00 00 00 0D  TEL,23547,S5,3591,1075,2946,5006,10000,0
A5 54 FC 5B 05 C2 0E 39 04 82 0B 83 13 10 27 00 00 00 45  TEL,23548,S5,3778,1081,2946,4995,10000,0
A5 54 FD 5B 05 07 0E 33 04 82 0B 83 13 10 27 00 00 00 41  TEL,23549,S5,3591,1075,2946,4995,10000,0
A5 54 FE 5B 05 E8 0D 32 04 82 0B 83 13 10 27 00 00 00 12  TEL,23550,S5,3560,1074,2946,4995,10000,0
A5 54 FF 5B 05 07 0E 33 04 82 0B 83 13 10 27 00 00 00 45  TEL,23551,S5,3591,1075,2946,4995,10000,0
A5 54 00 5C 05 07 0E 33 04 82 0B 83 13 10 27 00 00 00 BE  TEL,23552,S5,3591,1075,2946,4995,10000,0
A5 54 01 5C 05 E8 0D 32 04 82 0B 83 13 10 27 00 00 00 E9  TEL,23553,S5,3560,1074,2946,4995,10000,0
A5 54 02 5C 05 07 0E 33 04 82 0B 83 13 10 27 00 00 00 BA  TEL,23554,S5,3591,1075,2946,4995,10000,0
A5 54 03 5C 05 64 0E 36 04 82 0B 83 13 10 27 00 00 00 65  TEL,23555,S5,3684,1078,2946,4995,10000,0
A5 54 04 5C 05 45 0E 35 04 82 0B 83 13 10 27 00 00 00 20  TEL,23556,S5,3653,1077,2946,4995,10000,0
A5 54 05 5C 05 07 0E 33 04 82 0B 83 13 10 27 00 00 00 B4  TEL,23557,S5,3591,1075,2946,4995,10000,0
A5 54 06 5C 05 07 0E 33 04 82 0B 83 13 10 27 00 00 00 B2  TEL,23558,S5,3591,1075,2946,4995,10000,0
A5 54 07 5C 05 07 0E 33 04 82 0B 83 13 10 27 00 00 00 B0  TEL,23559,S5,3591,1075,2946,4995,10000,0
A5 54 08 5C 05 07 0E 33 04 82 0B 83 13 10 27 00 00 00 AE  TEL,23560,S5,3591,1075,2946,4995,10000,0
A5 54 09 5C 05 07 0E 33 04 82 0B 83 13 10 27 00 00 00 AC  TEL,23561,S5,3591,1075,2946,4995,10000,0
A5 54 0A 5C 05 E8 0D 32 04 82 0B 83 13 10 27 00 00 00 FF  TEL,23562,S5,3560,1074,2946,4995,10000,0
A5 54 0B 5C 05 07 0E 33 04 82 0B 83 13 10 27 00 00 00 A8  TEL,23563,S5,3591,1075,2946,4995,10000,0
A5 54 0C 5C 05 45 0E 35 04 82 0B 83 13 10 27 00 00 00 30  TEL,23564,S5,3653,1077,2946,4995,10000,0
A5 54 0D 5C 05 07 0E 33 04 82 0B 83 13 10 27 00 00 00 A4  TEL,23565,S5,3591,1075,2946,4995,10000,0
A5 54 0E 5C 05 07 0E 33 04 82 0B 83 13 10 27 00 00 00 A2  TEL,23566,S5,3591,1075,2946,4995,10000,0
A5 54 0F 5C 05 07 0E 33 04 82 0B 83 13 10 27 00 00 00 A0  TEL,23567,S5,3591,1075,2946,4995,10000,0
A5 54 10 5C 05 C2 0E 3A 04 82 0B 83 13 10 27 00 00 00 B9  TEL,23568,S5,3778,1082,2946,4995,10000,0
A5 54 11 5C 05 07 0E 33 04 82 0B 83 13 10 27 00 00 00 9C  TEL,23569,S5,3591,1075,2946,4995,10000,0
A5 54 12 5C 05 07 0E 33 04 82 0B 83 13 10 27 00 00 00 9A  TEL,23570,S5,3591,1075,2946,4995,10000,0
A5 54 13 5C 05 E8 0D 32 04 82 0B 83 13 10 27 00 00 00 CD  TEL,23571,S5,3560,1074,2946,4995,10000,0
A5 54 14 5C 05 64 0E 36 04 82 0B 83 13 10 27 00 00 00 4B  TEL,23572,S5,3684,1078,2946,4995,10000,0
A5 54 15 5C 05 07 0E 33 04 82 0B 83 13 10 27 00 00 00 94  TEL,23573,S5,3591,1075,2946,4995,10000,0
A5 54 16 5C 05 E8 0D 32 04 82 0B 83 13 10 27 00 00 00 C7  TEL,23574,S5,3560,1074,2946,4995,10000,0
A5 54 17 5C 05 07 0E 33 04 82 0B 83 13 10 27 00 00 00 90  TEL,23575,S5,3591,1075,2946,4995,10000,0
A5 54 18 5C 05 E8 0D 32 04 82 0B 83 13 10 27 00 00 00 DB  TEL,23576,S5,3560,1074,2946,4995,10000,0
A5 54 19 5C 05 07 0E 33 04 82 0B 83 13 10 27 00 00 00 8C  TEL,23577,S5,3591,1075,2946,4995,10000,0
A5 54 1A 5C 05 07 0E 33 04 82 0B 83 13 10 27 00 00 00 8A  TEL,23578,S5,3591,1075,2946,4995,10000,0
A5 54 1B 5C 05 07 0E 33 04 82 0B 83 13 10 27 00 00 00 88  TEL,23579,S5,3591,1075,2946,4995,10000,0
A5 54 1C 5C 05 07 0E 33 04 82 0B 83 13 10 27 00 00 00 86  TEL,23580,S5,3591,1075,2946,4995,10000,0
A5 54 1D 5C 05 07 0E 33 04 82 0B 83 13 10 27 00 00 00 84  TEL,23581,S5,3591,1075,2946,4995,10000,0
A5 54 1E 5C 05 07 0E 33 04 82 0B 83 13 10 27 00 00 00 82  TEL,23582,S5,3591,1075,2946,4995,10000,0
A5 54 1F 5C 05 07 0E 33 04 82 0B 83 13 10 27 00 00 00 80  TEL,23583,S5,3591,1075,2946,4995,10000,0
A5 54 20 5C 05 07 0E 33 04 82 0B 83 13 10 27 00 00 00 FE  TEL,23584,S5,3591,1075,2946,4995,10000,0
A5 54 21 5C 05 E8 0D 32 04 82 0B 83 13 10 27 00 00 00 A9  TEL,23585,S5,3560,1074,2946,4995,10000,0
A5 54 22 5C 05 07 0E 33 04 82 0B 83 13 10 27 00 00 00 FA  TEL,23586,S5,3591,1075,2946,4995,10000,0
A5 54 23 5C 05 07 0E 33 04 82 0B 83 13 10 27 00 00 00 F8  TEL,23587,S5,3591,1075,2946,4995,10000,0
A5 54 24 5C 05 45 0E 35 04 82 0B 83 13 10 27 00 00 00 60  TEL,23588,S5,3653,1077,2946,4995,10000,0
A5 54 25 5C 05 07 0E 33 04 82 0B 83 13 10 27 00 00 00 F4  TEL,23589,S5,3591,1075,2946,4995,10000,0
A5 54 26 5C 05 07 0E 33 04 82 0B 83 13 10 27 00 00 00 F2  TEL,23590,S5,3591,1075,2946,4995,10000,0
A5 54 27 5C 05 E8 0D 32 04 82 0B 83 13 10 27 00 00 00 A5  TEL,23591,S5,3560,1074,2946,4995,10000,0
A5 54 28 5C 05 E8 0D 32 04 82 0B 83 13 10 27 00 00 00 BB  TEL,23592,S5,3560,1074,2946,4995,10000,0
A5 54 29 5C 05 07 0E 33 04 82 0B 83 13 10 27 00 00 00 EC  TEL,23593,S5,3591,1075,2946,4995,10000,0
A5 54 2A 5C 05 07 0E 33 04 82 0B 83 13 10 27 00 00 00 EA  TEL,23594,S5,3591,1075,2946,4995,10000,0
A5 54 2B 5C 05 07 0E 33 04 82 0B 83 13 10 27 00 00 00 E8  TEL,23595,S5,3591,1075,2946,4995,10000,0
A5 54 2C 5C 05 07 0E 33 04 82 0B 83 13 10 27 00 00 00 E6  TEL,23596,S5,3591,1075,2946,4995,10000,0
A5 54 2D 5C 05 E8 0D 32 04 82 0B 83 13 10 27 00 00 00 B1  TEL,23597,S5,3560,1074,2946,4995,10000,0
A5 54 2E 5C 05 07 0E 33 04 82 0B 83 13 10 27 00 00 00 E2  TEL,23598,S5,3591,1075,2946,4995,10000,0
A5 54 2F 5C 05 07 0E 33 04 82 0B 83 13 10 27 00 00 00 E0  TEL,23599,S5,3591,1075,2946,4995,10000,0
A5 54 30 5C 05 07 0E 33 04 82 0B 83 13 10 27 00 00 00 DE  TEL,23600,S5,3591,1075,2946,4995,10000,0
A5 54 31 5C 05 E8 0D 32 04 82 0B 83 13 10 27 00 00 00 89  TEL,23601,S5,3560,1074,2946,4995,10000,0
A5 54 32 5C 05 E8 0D 32 04 82 0B 83 13 10 27 00 00 00 8F  TEL,23602,S5,3560,1074,2946,4995,10000,0
A5 54 33 5C 05 E8 0D 32 04 82 0B 83 13 10 27 00 00 00 8D  TEL,23603,S5,3560,1074,2946,4995,10000,0
A5 54 34 5C 05 83 0E 37 04 82 0B 83 13 10 27 00 00 00 05  TEL,23604,S5,3715,1079,2946,4995,10000,0
A5 54 35 5C 05 E8 0D 32 04 82 0B 83 13 10 27 00 00 00 81  TEL,23605,S5,3560,1074,2946,4995,10000,0
A5 54 36 5C 05 E8 0D 32 04 82 0B 83 13 10 27 00 00 00 87  TEL,23606,S5,3560,1074,2946,4995,10000,0
A5 54 37 5C 05 07 0E 33 04 82 0B 83 13 10 27 00 00 00 D0  TEL,23607,S5,3591,1075,2946,4995,10000,0
A5 54 38 5C 05 07 0E 33 04 82 0B 83 13 10 27 00 00 00 CE  TEL,23608,S5,3591,1075,2946,4995,10000,0
A5 54 39 5C 05 07 0E 33 04 82 0B 83 13 10 27 00 00 00 CC  TEL,23609,S5,3591,1075,2946,4995,10000,0
A5 54 3A 5C 05 E8 0D 32 04 82 0B 83 13 10 27 00 00 00 9F  TEL,23610,S5,3560,1074,2946,4995,10000,0
A5 54 3B 5C 05 07 0E 33 04 82 0B 83 13 10 27 00 00 00 C8  TEL,23611,S5,3591,1075,2946,4995,10000,0
A5 54 3C 5C 05 E8 0D 32 04 82 0B 83 13 10 27 00 00 00 93  TEL,23612,S5,3560,1074,2946,4995,10000,0
A5 54 3D 5C 05 07 0E 33 04 82 0B 83 13 10 27 00 00 00 C4  TEL,23613,S5,3591,1075,2946,4995,10000,0
A5 54 3E 5C 05 07 0E 33 04 82 0B 83 13 10 27 00 00 00 C2  TEL,23614,S5,3591,1075,2946,4995,10000,0
A5 54 3F 5C 05 64 0E 36 04 82 0B 83 13 10 27 00 00 00 1D  TEL,23615,S5,3684,1078,2946,4995,10000,0
A5 54 40 5C 05 07 0E 33 04 82 0B 83 13 10 27 00 00 00 3E  TEL,23616,S5,3591,1075,2946,4995,10000,0
A5 54 41 5C 05 07 0E 33 04 82 0B 83 13 10 27 00 00 00 3C  TEL,23617,S5,3591,1075,2946,4995,10000,0
A5 54 42 5C 05 07 0E 33 04 82 0B 83 13 10 27 00 00 00 3A  TEL,23618,S5,3591,1075,2946,4995,10000,0
A5 54 43 5C 05 07 0E 33 04 82 0B 83 13 10 27 00 00 00 38  TEL,23619,S5,3591,1075,2946,4995,10000,0
A5 54 44 5C 05 45 0E 35 04 82 0B 83 13 10 27 00 00 00 A0  TEL,23620,S5,3653,1077,2946,4995,10000,0
A5 54 45 5C 05 E8 0D 32 04 82 0B 83 13 10 27 00 00 00 61  TEL,23621,S5,3560,1074,2946,4995,10000,0
A5 54 46 5C 05 E8 0D 32 04 82 0B 83 13 10 27 00 00 00 67  TEL,23622,S5,3560,1074,2946,4995,10000,0
A5 54 47 5C 05 07 0E 33 04 82 0B 83 13 10 27 00 00 00 30  TEL,23623,S5,3591,1075,2946,4995,10000,0
A5 54 48 5C 05 07 0E 33 04 82 0B 83 13 10 27 00 00 00 2E  TEL,23624,S5,3591,1075,2946,4995,10000,0
A5 54 49 5C 05 07 0E 33 04 82 0B 83 13 10 27 00 00 00 2C  TEL,23625,S5,3591,1075,2946,4995,10000,0
A5 54 4A 5C 05 07 0E 33 04 82 0B 83 13 10 27 00 00 00 2A  TEL,23626,S5,3591,1075,2946,4995,10000,0
A5 54 4B 5C 05 E8 0D 32 04 82 0B 83 13 10 27 00 00 00 7D  TEL,23627,S5,3560,1074,2946,4995,10000,0
A5 54 4C 5C 05 26 0E 34 04 82 0B 83 13 10 27 00 00 00 11  TEL,23628,S5,3622,1076,2946,4995,10000,0
A5 54 4D 5C 05 E8 0D 32 04 82 0B 83 13 10 27 00 00 00 71  TEL,23629,S5,3560,1074,2946,4995,10000,0
A5 54 4E 5C 05 07 0E 33 04 82 0B 83 13 10 27 00 00 00 22  TEL,23630,S5,3591,1075,2946,4995,10000,0
A5 54 4F 5C 05 07 0E 33 04 82 0B 83 13 10 27 00 00 00 20  TEL,23631,S5,3591,1075,2946,4995,10000,0
A5 54 50 5C 05 07 0E 33 04 82 0B 83 13 10 27 00 00 00 1E  TEL,23632,S5,3591,1075,2946,4995,10000,0
A5 54 51 5C 05 07 0E 33 04 82 0B 83 13 10 27 00 00 00 1C  TEL,23633,S5,3591,1075,2946,4995,10000,0
A5 54 52 5C 05 C9 0D 30 04 82 0B 83 13 10 27 00 00 00 1B  TEL,23634,S5,3529,1072,2946,4995,10000,0
A5 54 53 5C 05 07 0E 33 04 82 0B 83 13 10 27 00 00 00 18  TEL,23635,S5,3591,1075,2946,4995,10000,0
A5 54 54 5C 05 45 0E 35 04 82 0B 83 13 10 27 00 00 00 80  TEL,23636,S5,3653,1077,2946,4995,10000,0
A5 54 55 5C 05 07 0E 33 04 82 0B 83 13 10 27 00 00 00 14  TEL,23637,S5,3591,1075,2946,4995,10000,0
A5 54 56 5C 05 07 0E 33 04 82 0B 83 13 10 27 00 00 00 12  TEL,23638,S5,3591,1075,2946,4995,10000,0
A5 54 57 5C 05 07 0E 33 04 82 0B 83 13 10 27 00 00 00 10  TEL,23639,S5,3591,1075,2946,4995,10000,0
A5 54 58 5C 05 E8 0D 32 04 82 0B 83 13 10 27 00 00 00 5B  TEL,23640,S5,3560,1074,2946,4995,10000,0
A5 54 59 5C 05 E8 0D 32 04 82 0B 83 13 10 27 00 00 00 59  TEL,23641,S5,3560,1074,2946,4995,10000,0
A5 54 5A 5C 05 E8 0D 32 04 82 0B 83 13 10 27 00 00 00 5F  TEL,23642,S5,3560,1074,2946,4995,10000,0
A5 54 5B 5C 05 07 0E 33 04 82 0B 83 13 10 27 00 00 00 08  TEL,23643,S5,3591,1075,2946,4995,10000,0
A5 54 5C 5C 05 07 0E 33 04 82 0B 83 13 10 27 00 00 00 06  TEL,23644,S5,3591,1075,2946,4995,10000,0
A5 54 5D 5C 05 E8 0D 32 04 82 0B 83 13 10 27 00 00 00 51  TEL,23645,S5,3560,1074,2946,4995,10000,0
A5 54 5E 5C 05 E8 0D 32 04 82 0B 83 13 10 27 00 00 00 57  TEL,23646,S5,3560,1074,2946,4995,10000,0
A5 54 5F 5C 05 07 0E 33 04 82 0B 83 13 10 27 00 00 00 00  TEL,23647,S5,3591,1075,2946,4995,10000,0
A5 54 60 5C 05 07 0E 33 04 82 0B 83 13 10 27 00 00 00 7E  TEL,23648,S5,3591,1075,2946,4995,10000,0
A5 54 61 5C 05 E8 0D 32 04 82 0B 83 13 10 27 00 00 00 29  TEL,23649,S5,3560,1074,2946,4995,10000,0
A5 54 62 5C 05 07 0E 33 04 82 0B 83 13 10 27 00 00 00 7A  TEL,23650,S5,3591,1075,2946,4995,10000,0
A5 54 63 5C 05 E8 0D 32 04 82 0B 83 13 10 27 00 00 00 2D  TEL,23651,S5,3560,1074,2946,4995,10000,0
A5 54 64 5C 05 45 0E 35 04 82 0B 83 13 10 27 00 00 00 E0  TEL,23652,S5,3653,1077,2946,4995,10000,0
A5 54 65 5C 05 07 0E 33 04 82 0B 83 13 10 27 00 00 00 74  TEL,23653,S5,3591,1075,2946,4995,10000,0
A5 54 66 5C 05 E8 0D 32 04 82 0B 83 13 10 27 00 00 00 27  TEL,23654,S5,3560,1074,2946,4995,10000,0
A5 54 67 5C 05 45 0E 35 04 82 0B 83 13 10 27 00 00 00 E6  TEL,23655,S5,3653,1077,2946,4995,10000,0
A5 54 68 5C 05 07 0E 33 04 82 0B 83 13 10 27 00 00 00 6E  TEL,23656,S5,3591,1075,2946,4995,10000,0
A5 54 69 5C 05 E8 0D 32 04 82 0B 83 13 10 27 00 00 00 39  TEL,23657,S5,3560,1074,2946,4995,10000,0
A5 54 6A 5C 05 07 0E 33 04 82 0B 83 13 10 27 00 00 00 6A  TEL,23658,S5,3591,1075,2946,4995,10000,0
A5 54 6B 5C 05 07 0E 33 04 82 0B 83 13 10 27 00 00 00 68  TEL,23659,S5,3591,1075,2946,4995,10000,0
A5 54 6C 5C 05 E8 0D 32 04 82 0B 83 13 10 27 00 00 00 33  TEL,23660,S5,3560,1074,2946,4995,10000,0
A5 54 6D 5C 05 E8 0D 32 04 82 0B 83 13 10 27 00 00 00 31  TEL,23661,S5,3560,1074,2946,4995,10000,0
A5 54 6E 5C 05 64 0E 36 04 82 0B 83 13 10 27 00 00 00 BF  TEL,23662,S5,3684,1078,2946,4995,10000,0
A5 54 6F 5C 05 07 0E 33 04 82 0B 83 13 10 27 00 00 00 60  TEL,23663,S5,3591,1075,2946,4995,10000,0
A5 54 70 5C 05 07 0E 33 04 82 0B 83 13 10 27 00 00 00 5E  TEL,23664,S5,3591,1075,2946,4995,10000,0
A5 54 71 5C 05 07 0E 33 04 82 0B 83 13 10 27 00 00 00 5C  TEL,23665,S5,3591,1075,2946,4995,10000,0
A5 54 72 5C 05 07 0E 33 04 82 0B 83 13 10 27 00 00 00 5A  TEL,23666,S5,3591,1075,2946,4995,10000,0
A5 54 73 5C 05 07 0E 33 04 82 0B 83 13 10 27 00 00 00 58  TEL,23667,S5,3591,1075,2946,4995,10000,0
A5 54 74 5C 05 26 0E 34 04 82 0B 83 13 10 27 00 00 00 61  TEL,23668,S5,3622,1076,2946,4995,10000,0
A5 54 75 5C 05 07 0E 33 04 82 0B 83 13 10 27 00 00 00 54  TEL,23669,S5,3591,1075,2946,4995,10000,0
A5 54 76 5C 05 07 0E 33 04 82 0B 83 13 10 27 00 00 00 52  TEL,23670,S5,3591,1075,2946,4995,10000,0
A5 54 77 5C 05 07 0E 33 04 82 0B 83 13 10 27 00 00 00 50  TEL,23671,S5,3591,1075,2946,4995,10000,0
A5 54 78 5C 05 AA 0D 2F 04 82 0B 83 13 10 27 00 00 00 A3  TEL,23672,S5,3498,1071,2946,4995,10000,0
A5 54 79 5C 05 07 0E 33 04 82 0B 83 13 10 27 00 00 00 4C  TEL,23673,S5,3591,1075,2946,4995,10000,0
A5 54 7A 5C 05 E8 0D 32 04 82 0B 83 13 10 27 00 00 00 1F  TEL,23674,S5,3560,1074,2946,4995,10000,0
A5 54 7B 5C 05 E8 0D 32 04 82 0B 83 13 10 27 00 00 00 1D  TEL,23675,S5,3560,1074,2946,4995,10000,0
A5 54 7C 5C 05 E8 0D 32 04 82 0B 83 13 10 27 00 00 00 13  TEL,23676,S5,3560,1074,2946,4995,10000,0
A5 54 7D 5C 05 E8 0D 32 04 82 0B 83 13 10 27 00 00 00 11  TEL,23677,S5,3560,1074,2946,4995,10000,0
A5 54 7E 5C 05 07 0E 33 04 82 0B 83 13 10 27 00 00 00 42  TEL,23678,S5,3591,1075,2946,4995,10000,0
A5 54 7F 5C 05 07 0E 33 04 82 0B 83 13 10 27 00 00 00 40  TEL,23679,S5,3591,1075,2946,4995,10000,0
A5 54 80 5C 05 E8 0D 32 04 82 0B 83 13 10 27 00 00 00 EC  TEL,23680,S5,3560,1074,2946,4995,10000,0
A5 54 81 5C 05 E8 0D 32 04 82 0B 83 13 10 27 00 00 00 EE  TEL,23681,S5,3560,1074,2946,4995,10000,0
A5 54 82 5C 05 07 0E 33 04 82 0B 83 13 10 27 00 00 00 BD  TEL,23682,S5,3591,1075,2946,4995,10000,0
A5 54 83 5C 05 E8 0D 32 04 82 0B 83 13 10 27 00 00 00 EA  TEL,23683,S5,3560,1074,2946,4995,10000,0
A5 54 84 5C 05 45 0E 35 04 82 0B 83 13 10 27 00 00 00 27  TEL,23684,S5,3653,1077,2946,4995,10000,0
A5 54 85 5C 05 E8 0D 32 04 82 0B 83 13 10 27 00 00 00 E6  TEL,23685,S5,3560,1074,2946,4995,10000,0
A5 54 86 5C 05 E8 0D 32 04 82 0B 83 13 10 27 00 00 00 E0  TEL,23686,S5,3560,1074,2946,4995,10000,0
A5 54 87 5C 05 07 0E 33 04 82 0B 83 13 10 27 00 00 00 B7  TEL,23687,S5,3591,1075,2946,4995,10000,0
A5 54 88 5C 05 07 0E 33 04 82 0B 83 13 10 27 00 00 00 A9  TEL,23688,S5,3591,1075,2946,4995,10000,0
A5 54 89 5C 05 E8 0D 32 04 82 0B 83 13 10 27 00 00 00 FE  TEL,23689,S5,3560,1074,2946,4995,10000,0
A5 54 8A 5C 05 07 0E 33 04 82 0B 83 13 10 27 00 00 00 AD  TEL,23690,S5,3591,1075,2946,4995,10000,0
A5 54 8B 5C 05 E8 0D 32 04 82 0B 83 13 10 27 00 00 00 FA  TEL,23691,S5,3560,1074,2946,4995,10000,0
A5 54 8C 5C 05 07 0E 33 04 82 0B 83 13 10 27 00 00 00 A1  TEL,23692,S5,3591,1075,2946,4995,10000,0
A5 54 8D 5C 05 45 0E 35 04 82 0B 83 13 10 27 00 00 00 35  TEL,23693,S5,3653,1077,2946,4995,10000,0
A5 54 8E 5C 05 07 0E 33 04 82 0B 83 13 10 27 00 00 00 A5  TEL,23694,S5,3591,1075,2946,4995,10000,0
A5 54 8F 5C 05 07 0E 33 04 82 0B 83 13 10 27 00 00 00 A7  TEL,23695,S5,3591,1075,2946,4995,10000,0
A5 54 90 5C 05 07 0E 33 04 82 0B 83 13 10 27 00 00 00 99  TEL,23696,S5,3591,1075,2946,4995,10000,0
A5 54 91 5C 05 07 0E 33 04 82 0B 83 13 10 27 00 00 00 9B  TEL,23697,S5,3591,1075,2946,4995,10000,0
A5 54 92 5C 05 07 0E 33 04 82 0B 83 13 10 27 00 00 00 9D  TEL,23698,S5,3591,1075,2946,4995,10000,0
A5 54 93 5C 05 E8 0D 32 04 82 0B 83 13 10 27 00 00 00 CA  TEL,23699,S5,3560,1074,2946,4995,10000,0
A5 54 94 5C 05 45 0E 35 04 82 0B 83 13 10 27 00 00 00 07  TEL,23700,S5,3653,1077,2946,4995,10000,0
A5 54 95 5C 05 07 0E 33 04 82 0B 83 13 10 27 00 00 00 93  TEL,23701,S5,3591,1075,2946,4995,10000,0
A5 54 96 5C 05 A3 0E 38 04 82 0B 83 13 10 27 00 00 00 1D  TEL,23702,S5,3747,1080,2946,4995,10000,0
A5 54 97 5C 05 E8 0D 32 04 82 0B 83 13 10 27 00 00 00 C2  TEL,23703,S5,3560,1074,2946,4995,10000,0
A5 54 98 5C 05 07 0E 33 04 82 0B 83 13 10 27 00 00 00 89  TEL,23704,S5,3591,1075,2946,4995,10000,0
A5 54 99 5C 05 07 0E 33 04 82 0B 83 13 10 27 00 00 00 8B  TEL,23705,S5,3591,1075,2946,4995,10000,0
A5 54 9A 5C 05 07 0E 33 04 82 0B 83 13 10 27 00 00 00 8D  TEL,23706,S5,3591,1075,2946,4995,10000,0
A5 54 9B 5C 05 E8 0D 32 04 82 0B 83 13 10 27 00 00 00 DA  TEL,23707,S5,3560,1074,2946,4995,10000,0
A5 54 9C 5C 05 45 0E 35 04 82 0B 83 13 10 27 00 00 00 17  TEL,23708,S5,3653,1077,2946,4995,10000,0
A5 54 9D 5C 05 E8 0D 32 04 82 0B 83 13 10 27 00 00 00 D6  TEL,23709,S5,3560,1074,2946,4995,10000,0
A5 54 9E 5C 05 E8 0D 32 04 82 0B 83 13 10 27 00 00 00 D0  TEL,23710,S5,3560,1074,2946,4995,10000,0
A5 54 9F 5C 05 07 0E 33 04 82 0B 83 13 10 27 00 00 00 87  TEL,23711,S5,3591,1075,2946,4995,10000,0
A5 54 A0 5C 05 8A 0D 2E 04 82 0B 83 13 10 27 00 00 00 F5  TEL,23712,S5,3466,1070,2946,4995,10000,0
A5 54 A1 5C 05 07 0E 33 04 82 0B 83 13 10 27 00 00 00 FB  TEL,23713,S5,3591,1075,2946,4995,10000,0
A5 54 A2 5C 05 07 0E 33 04 82 0B 83 13 10 27 00 00 00 FD  TEL,23714,S5,3591,1075,2946,4995,10000,0
A5 54 A3 5C 05 E8 0D 32 04 82 0B 83 13 10 27 00 00 00 AA  TEL,23715,S5,3560,1074,2946,4995,10000,0
A5 54 A4 5C 05 83 0E 37 04 82 0B 83 13 10 27 00 00 00 22  TEL,23716,S5,3715,1079,2946,4995,10000,0
A5 54 A5 5C 05 07 0E 33 04 82 0B 83 13 10 27 00 00 00 F3  TEL,23717,S5,3591,1075,2946,4995,10000,0
A5 54 A6 5C 05 07 0E 33 04 82 0B 83 13 10 27 00 00 00 F5  TEL,23718,S5,3591,1075,2946,4995,10000,0
A5 54 A7 5C 05 07 0E 33 04 82 0B 83 13 10 27 00 00 00 F7  TEL,23719,S5,3591,1075,2946,4995,10000,0
A5 54 A8 5C 05 07 0E 33 04 82 0B 83 13 10 27 00 00 00 E9  TEL,23720,S5,3591,1075,2946,4995,10000,0
A5 54 A9 5C 05 45 0E 35 04 82 0B 83 13 10 27 00 00 00 7D  TEL,23721,S5,3653,1077,2946,4995,10000,0
A5 54 AA 5C 05 07 0E 33 04 82 0B 83 13 10 27 00 00 00 ED  TEL,23722,S5,3591,1075,2946,4995,10000,0
A5 54 AB 5C 05 E8 0D 32 04 82 0B 83 13 10 27 00 00 00 BA  TEL,23723,S5,3560,1074,2946,4995,10000,0
A5 54 AC 5C 05 E8 0D 32 04 82 0B 83 13 10 27 00 00 00 B4  TEL,23724,S5,3560,1074,2946,4995,10000,0
A5 54 AD 5C 05 45 0E 35 04 82 0B 83 13 10 27 00 00 00 75  TEL,23725,S5,3653,1077,2946,4995,10000,0
A5 54 AE 5C 05 26 0E 34 04 82 0B 83 13 10 27 00 00 00 D2  TEL,23726,S5,3622,1076,2946,4995,10000,0
A5 54 AF 5C 05 83 0E 37 04 82 0B 83 13 10 27 00 00 00 34  TEL,23727,S5,3715,1079,2946,4995,10000,0
A5 54 B0 5C 05 07 0E 33 04 82 0B 83 13 10 27 00 00 00 D9  TEL,23728,S5,3591,1075,2946,4995,10000,0
A5 54 B1 5C 05 07 0E 33 04 82 0B 83 13 10 27 00 00 00 DB  TEL,23729,S5,3591,1075,2946,4995,10000,0
A5 54 B2 5C 05 E8 0D 32 04 82 0B 83 13 10 27 00 00 00 88  TEL,23730,S5,3560,1074,2946,4995,10000,0
A5 54 B3 5C 05 07 0E 33 04 82 0B 83 13 10 27 00 00 00 DF  TEL,23731,S5,3591,1075,2946,4995,10000,0
A5 54 B4 5C 05 45 0E 35 04 82 0B 83 13 10 27 00 00 00 47  TEL,23732,S5,3653,1077,2946,4995,10000,0
A5 54 B5 5C 05 07 0E 33 04 82 0B 83 13 10 27 00 00 00 D3  TEL,23733,S5,3591,1075,2946,4995,10000,0
A5 54 B6 5C 05 07 0E 33 04 82 0B 83 13 10 27 00 00 00 D5  TEL,23734,S5,3591,1075,2946,4995,10000,0
A5 54 B7 5C 05 07 0E 33 04 82 0B 83 13 10 27 00 00 00 D7  TEL,23735,S5,3591,1075,2946,4995,10000,0
A5 54 B8 5C 05 07 0E 33 04 82 0B 83 13 10 27 00 00 00 C9  TEL,23736,S5,3591,1075,2946,4995,10000,0
A5 54 B9 5C 05 07 0E 33 04 82 0B 83 13 10 27 00 00 00 CB  TEL,23737,S5,3591,1075,2946,4995,10000,0
A5 54 BA 5C 05 07 0E 33 04 82 0B 83 13 10 27 00 00 00 CD  TEL,23738,S5,3591,1075,2946,4995,10000,0
A5 54 BB 5C 05 07 0E 33 04 82 0B 83 13 10 27 00 00 00 CF  TEL,23739,S5,3591,1075,2946,4995,10000,0
A5 54 BC 5C 05 07 0E 33 04 82 0B 83 13 10 27 00 00 00 C1  TEL,23740,S5,3591,1075,2946,4995,10000,0
A5 54 BD 5C 05 07 0E 33 04 82 0B 83 13 10 27 00 00 00 C3  TEL,23741,S5,3591,1075,2946,4995,10000,0
A5 54 BE 5C 05 07 0E 33 04 82 0B 83 13 10 27 00 00 00 C5  TEL,23742,S5,3591,1075,2946,4995,10000,0
A5 54 BF 5C 05 E8 0D 32 04 82 0B 83 13 10 27 00 00 00 92  TEL,23743,S5,3560,1074,2946,4995,10000,0
A5 54 C0 5C 05 07 0E 33 04 82 0B 83 13 10 27 00 00 00 39  TEL,23744,S5,3591,1075,2946,4995,10000,0
A5 54 C1 5C 05 07 0E 33 04 82 0B 83 13 10 27 00 00 00 3B  TEL,23745,S5,3591,1075,2946,4995,10000,0
A5 54 C2 5C 05 07 0E 33 04 82 0B 83 13 10 27 00 00 00 3D  TEL,23746,S5,3591,1075,2946,4995,10000,0
A5 54 C3 5C 05 A3 0E 38 04 82 0B 83 13 10 27 00 00 00 B7  TEL,23747,S5,3747,1080,2946,4995,10000,0
A5 54 C4 5C 05 45 0E 35 04 82 0B 83 13 10 27 00 00 00 A7  TEL,23748,S5,3653,1077,2946,4995,10000,0
A5 54 C5 5C 05 45 0E 35 04 82 0B 83 13 10 27 00 00 00 A5  TEL,23749,S5,3653,1077,2946,4995,10000,0
A5 54 C6 5C 05 07 0E 33 04 82 0B 83 13 10 27 00 00 00 35  TEL,23750,S5,3591,1075,2946,4995,10000,0
A5 54 C7 5C 05 07 0E 33 04 82 0B 83 13 10 27 00 00 00 37  TEL,23751,S5,3591,1075,2946,4995,10000,0
A5 54 C8 5C 05 07 0E 33 04 82 0B 83 13 10 27 00 00 00 29  TEL,23752,S5,3591,1075,2946,4995,10000,0
A5 54 C9 5C 05 07 0E 33 04 82 0B 83 13 10 27 00 00 00 2B  TEL,23753,S5,3591,1075,2946,4995,10000,0
A5 54 CA 5C 05 07 0E 33 04 82 0B 83 13 10 27 00 00 00 2D  TEL,23754,S5,3591,1075,2946,4995,10000,0
A5 54 CB 5C 05 07 0E 33 04 82 0B 83 13 10 27 00 00 00 2F  TEL,23755,S5,3591,1075,2946,4995,10000,0
A5 54 CC 5C 05 07 0E 33 04 82 0B 83 13 10 27 00 00 00 21  TEL,23756,S5,3591,1075,2946,4995,10000,0
A5 54 CD 5C 05 07 0E 33 04 82 0B 83 13 10 27 00 00 00 23  TEL,23757,S5,3591,1075,2946,4995,10000,0
A5 54 CE 5C 05 07 0E 33 04 82 0B 83 13 10 27 00 00 00 25  TEL,23758,S5,3591,1075,2946,4995,10000,0
A5 54 CF 5C 05 07 0E 33 04 82 0B 83 13 10 27 00 00 00 27  TEL,23759,S5,3591,1075,2946,4995,10000,0
A5 54 D0 5C 05 07 0E 33 04 82 0B 83 13 10 27 00 00 00 19  TEL,23760,S5,3591,1075,2946,4995,10000,0
A5 54 D1 5C 05 07 0E 33 04 82 0B 83 13 10 27 00 00 00 1B  TEL,23761,S5,3591,1075,2946,4995,10000,0
A5 54 D2 5C 05 E8 0D 32 04 82 0B 83 13 10 27 00 00 00 48  TEL,23762,S5,3560,1074,2946,4995,10000,0
A5 54 D3 5C 05 07 0E 33 04 82 0B 83 13 10 27 00 00 00 1F  TEL,23763,S5,3591,1075,2946,4995,10000,0
A5 54 D4 5C 05 45 0E 35 04 82 0B 83 13 10 27 00 00 00 87  TEL,23764,S5,3653,1077,2946,4995,10000,0
A5 54 D5 5C 05 07 0E 33 04 82 0B 83 13 10 27 00 00 00 13  TEL,23765,S5,3591,1075,2946,4995,10000,0
A5 54 D6 5C 05 07 0E 33 04 82 0B 83 13 10 27 00 00 00 15  TEL,23766,S5,3591,1075,2946,4995,10000,0
A5 54 D7 5C 05 07 0E 33 04 82 0B 83 13 10 27 00 00 00 17  TEL,23767,S5,3591,1075,2946,4995,10000,0
A5 54 D8 5C 05 C9 0D 30 04 82 0B 83 13 10 27 00 00 00 08  TEL,23768,S5,3529,1072,2946,4995,10000,0
A5 54 D9 5C 05 07 0E 33 04 82 0B 83 13 10 27 00 00 00 0B  TEL,23769,S5,3591,1075,2946,4995,10000,0
A5 54 DA 5C 05 07 0E 33 04 82 0B 83 13 10 27 00 00 00 0D  TEL,23770,S5,3591,1075,2946,4995,10000,0
A5 54 DB 5C 05 A3 0E 38 04 82 0B 83 13 10 27 00 00 00 87  TEL,23771,S5,3747,1080,2946,4995,10000,0
A5 54 DC 5C 05 07 0E 33 04 82 0B 83 13 10 27 00 00 00 01  TEL,23772,S5,3591,1075,2946,4995,10000,0
A5 54 DD 5C 05 E8 0D 32 04 82 0B 83 13 10 27 00 00 00 56  TEL,23773,S5,3560,1074,2946,4995,10000,0
A5 54 DE 5C 05 83 0E 37 04 82 0B 83 13 10 27 00 00 00 D6  TEL,23774,S5,3715,1079,2946,4995,10000,0
A5 54 DF 5C 05 45 0E 35 04 82 0B 83 13 10 27 00 00 00 91  TEL,23775,S5,3653,1077,2946,4995,10000,0
A5 54 E0 5C 05 83 0E 37 04 82 0B 83 13 10 27 00 00 00 AA  TEL,23776,S5,3715,1079,2946,4995,10000,0
A5 54 E1 5C 05 07 0E 33 04 82 0B 83 13 10 27 00 00 00 7B  TEL,23777,S5,3591,1075,2946,4995,10000,0
A5 54 E2 5C 05 E8 0D 32 04 82 0B 83 13 10 27 00 00 00 28  TEL,23778,S5,3560,1074,2946,4995,10000,0
A5 54 E3 5C 05 07 0E 33 04 82 0B 83 13 10 27 00 00 00 7F  TEL,23779,S5,3591,1075,2946,4995,10000,0
A5 54 E4 5C 05 26 0E 34 04 82 0B 83 13 10 27 00 00 00 46  TEL,23780,S5,3622,1076,2946,4995,10000,0
A5 54 E5 5C 05 07 0E 33 04 82 0B 83 13 10 27 00 00 00 73  TEL,23781,S5,3591,1075,2946,4995,10000,0
A5 54 E6 5C 05 07 0E 33 04 82 0B 83 13 10 27 00 00 00 75  TEL,23782,S5,3591,1075,2946,4995,10000,0
A5 54 E7 5C 05 07 0E 33 04 82 0B 83 13 10 27 00 00 00 77  TEL,23783,S5,3591,1075,2946,4995,10000,0
A5 54 E8 5C 05 E8 0D 32 04 82 0B 83 13 10 27 00 00 00 3C  TEL,23784,S5,3560,1074,2946,4995,10000,0
A5 54 E9 5C 05 6B 0D 2D 04 82 0B 83 13 10 27 00 00 00 26  TEL,23785,S5,3435,1069,2946,4995,10000,0
A5 54 EA 5C 05 07 0E 33 04 82 0B 83 13 10 27 00 00 00 6D  TEL,23786,S5,3591,1075,2946,4995,10000,0
A5 54 EB 5C 05 E8 0D 32 04 82 0B 83 13 10 27 00 00 00 3A  TEL,23787,S5,3560,1074,2946,4995,10000,0
A5 54 EC 5C 05 07 0E 33 04 82 0B 83 13 10 27 00 00 00 61  TEL,23788,S5,3591,1075,2946,4995,10000,0
A5 54 ED 5C 05 07 0E 33 04 82 0B 83 13 10 27 00 00 00 63  TEL,23789,S5,3591,1075,2946,4995,10000,0
A5 54 EE 5C 05 07 0E 33 04 82 0B 83 13 10 27 00 00 00 65  TEL,23790,S5,3591,1075,2946,4995,10000,0
A5 54 EF 5C 05 07 0E 33 04 82 0B 83 13 10 27 00 00 00 67  TEL,23791,S5,3591,1075,2946,4995,10000,0
A5 54 F0 5C 05 07 0E 33 04 82 0B 83 13 10 27 00 00 00 59  TEL,23792,S5,3591,1075,2946,4995,10000,0
A5 54 F1 5C 05 07 0E 33 04 82 0B 83 13 10 27 00 00 00 5B  TEL,23793,S5,3591,1075,2946,4995,10000,0
A5 54 F2 5C 05 E8 0D 32 04 82 0B 83 13 10 27 00 00 00 08  TEL,23794,S5,3560,1074,2946,4995,10000,0
A5 54 F3 5C 05 07 0E 33 04 82 0B 83 13 10 27 00 00 00 5F  TEL,23795,S5,3591,1075,2946,4995,10000,0
A5 54 F4 5C 05 26 0E 34 04 82 0B 83 13 10 27 00 00 00 66  TEL,23796,S5,3622,1076,2946,4995,10000,0
A5 54 F5 5C 05 C2 0E 39 04 82 0B 83 13 10 27 00 00 00 55  TEL,23797,S5,3778,1081,2946,4995,10000,0
A5 54 F6 5C 05 E8 0D 32 04 82 0B 83 13 10 27 00 00 00 00  TEL,23798,S5,3560,1074,2946,4995,10000,0
A5 54 F7 5C 05 45 0E 35 04 82 0B 83 13 10 27 00 00 00 C1  TEL,23799,S5,3653,1077,2946,4995,10000,0
A5 54 F8 5C 05 07 0E 33 04 82 0B 83 13 10 27 00 00 00 49  TEL,23800,S5,3591,1075,2946,4995,10000,0
A5 54 F9 5C 05 07 0E 33 04 82 0B 83 13 10 27 00 00 00 4B  TEL,23801,S5,3591,1075,2946,4995,10000,0
A5 54 FA 5C 05 07 0E 33 04 82 0B 83 13 10 27 00 00 00 4D  TEL,23802,S5,3591,1075,2946,4995,10000,0
A5 54 FB 5C 05 07 0E 33 04 82 0B 83 13 10 27 00 00 00 4F  TEL,23803,S5,3591,1075,2946,4995,10000,0
A5 54 FC 5C 05 07 0E 33 04 82 0B 83 13 10 27 00 00 00 41  TEL,23804,S5,3591,1075,2946,4995,10000,0
A5 54 FD 5C 05 E8 0D 32 04 82 0B 83 13 10 27 00 00 00 16  TEL,23805,S5,3560,1074,2946,4995,10000,0
A5 54 FE 5C 05 E8 0D 32 04 82 0B 83 13 10 27 00 00 00 10  TEL,23806,S5,3560,1074,2946,4995,10000,0
A5 54 FF 5C 05 07 0E 33 04 82 0B 83 13 10 27 00 00 00 47  TEL,23807,S5,3591,1075,2946,4995,10000,0
A5 54 00 5D 05 07 0E 33 04 82 0B 83 13 10 27 00 00 00 0B  TEL,23808,S5,3591,1075,2946,4995,10000,0
A5 54 01 5D 05 07 0E 33 04 82 0B 83 13 10 27 00 00 00 09  TEL,23809,S5,3591,1075,2946,4995,10000,0
A5 54 02 5D 05 07 0E 33 04 82 0B 83 13 10 27 00 00 00 0F  TEL,23810,S5,3591,1075,2946,4995,10000,0
A5 54 03 5D 05 07 0E 33 04 82 0B 83 13 10 27 00 00 00 0D  TEL,23811,S5,3591,1075,2946,4995,10000,0
A5 54 04 5D 05 26 0E 34 04 82 0B 83 13 10 27 00 00 00 34  TEL,23812,S5,3622,1076,2946,4995,10000,0
A5 54 05 5D 05 E8 0D 32 04 82 0B 83 13 10 27 00 00 00 54  TEL,23813,S5,3560,1074,2946,4995,10000,0
A5 54 06 5D 05 07 0E 33 04 82 0B 83 13 10 27 00 00 00 07  TEL,23814,S5,3591,1075,2946,4995,10000,0
A5 54 07 5D 05 07 0E 33 04 82 0B 83 13 10 27 00 00 00 05  TEL,23815,S5,3591,1075,2946,4995,10000,0
A5 54 08 5D 05 07 0E 33 04 82 0B 83 13 10 27 00 00 00 1B  TEL,23816,S5,3591,1075,2946,4995,10000,0
A5 54 09 5D 05 64 0E 36 04 82 0B 83 13 10 27 00 00 00 C4  TEL,23817,S5,3684,1078,2946,4995,10000,0
A5 54 0A 5D 05 07 0E 33 04 82 0B 83 13 10 27 00 00 00 1F  TEL,23818,S5,3591,1075,2946,4995,10000,0
A5 54 0B 5D 05 45 0E 35 04 82 0B 83 13 10 27 00 00 00 8B  TEL,23819,S5,3653,1077,2946,4995,10000,0
A5 54 0C 5D 05 07 0E 33 04 82 0B 83 13 10 27 00 00 00 13  TEL,23820,S5,3591,1075,2946,4995,10000,0
A5 54 0D 5D 05 07 0E 33 04 82 0B 83 13 10 27 00 00 00 11  TEL,23821,S5,3591,1075,2946,4995,10000,0
A5 54 0E 5D 05 E8 0D 32 04 82 0B 83 13 10 27 00 00 00 42  TEL,23822,S5,3560,1074,2946,4995,10000,0
A5 54 0F 5D 05 07 0E 33 04 82 0B 83 13 10 27 00 00 00 15  TEL,23823,S5,3591,1075,2946,4995,10000,0
A5 54 10 5D 05 07 0E 33 04 82 0B 83 13 10 27 00 00 00 2B  TEL,23824,S5,3591,1075,2946,4995,10000,0
A5 54 11 5D 05 07 0E 33 04 82 0B 83 13 10 27 00 00 00 29  TEL,23825,S5,3591,1075,2946,4995,10000,0
A5 54 12 5D 05 07 0E 33 04 82 0B 83 13 10 27 00 00 00 2F  TEL,23826,S5,3591,1075,2946,4995,10000,0
A5 54 13 5D 05 E8 0D 32 04 82 0B 83 13 10 27 00 00 00 78  TEL,23827,S5,3560,1074,2946,4995,10000,0
A5 54 14 5D 05 45 0E 35 04 82 0B 83 13 10 27 00 00 00 B5  TEL,23828,S5,3653,1077,2946,4995,10000,0
A5 54 15 5D 05 07 0E 33 04 82 0B 83 13 10 27 00 00 00 21  TEL,23829,S5,3591,1075,2946,4995,10000,0
A5 54 16 5D 05 07 0E 33 04 82 0B 83 13 10 27 00 00 00 27  TEL,23830,S5,3591,1075,2946,4995,10000,0
A5 54 17 5D 05 07 0E 33 04 82 0B 83 13 10 27 00 00 00 25  TEL,23831,S5,3591,1075,2946,4995,10000,0
A5 54 18 5D 05 C9 0D 31 04 82 0B 83 13 10 27 00 00 00 25  TEL,23832,S5,3529,1073,2946,4995,10000,0
A5 54 19 5D 05 07 0E 33 04 82 0B 83 13 10 27 00 00 00 39  TEL,23833,S5,3591,1075,2946,4995,10000,0
A5 54 1A 5D 05 07 0E 33 04 82 0B 83 13 10 27 00 00 00 3F  TEL,23834,S5,3591,1075,2946,4995,10000,0
A5 54 1B 5D 05 07 0E 33 04 82 0B 83 13 10 27 00 00 00 3D  TEL,23835,S5,3591,1075,2946,4995,10000,0
A5 54 1C 5D 05 C9 0D 30 04 82 0B 83 13 10 27 00 00 00 32  TEL,23836,S5,3529,1072,2946,4995,10000,0
A5 54 1D 5D 05 07 0E 33 04 82 0B 83 13 10 27 00 00 00 31  TEL,23837,S5,3591,1075,2946,4995,10000,0
A5 54 1E 5D 05 07 0E 33 04 82 0B 83 13 10 27 00 00 00 37  TEL,23838,S5,3591,1075,2946,4995,10000,0
A5 54 1F 5D 05 07 0E 33 04 82 0B 83 13 10 27 00 00 00 35  TEL,23839,S5,3591,1075,2946,4995,10000,0
A5 54 20 5D 05 07 0E 33 04 82 0B 83 13 10 27 00 00 00 4B  TEL,23840,S5,3591,1075,2946,4995,10000,0
A5 54 21 5D 05 45 0E 35 04 82 0B 83 13 10 27 00 00 00 DF  TEL,23841,S5,3653,1077,2946,4995,10000,0
A5 54 22 5D 05 E8 0D 32 04 82 0B 83 13 10 27 00 00 00 1A  TEL,23842,S5,3560,1074,2946,4995,10000,0
A5 54 23 5D 05 E8 0D 32 04 82 0B 83 13 10 27 00 00 00 18  TEL,23843,S5,3560,1074,2946,4995,10000,0
A5 54 24 5D 05 26 0E 34 04 82 0B 83 13 10 27 00 00 00 74  TEL,23844,S5,3622,1076,2946,4995,10000,0
A5 54 25 5D 05 07 0E 33 04 82 0B 83 13 10 27 00 00 00 41  TEL,23845,S5,3591,1075,2946,4995,10000,0
A5 54 26 5D 05 07 0E 33 04 82 0B 83 13 10 27 00 00 00 47  TEL,23846,S5,3591,1075,2946,4995,10000,0
A5 54 27 5D 05 E8 0D 32 04 82 0B 83 13 10 27 00 00 00 10  TEL,23847,S5,3560,1074,2946,4995,10000,0
A5 54 28 5D 05 07 0E 33 04 82 0B 83 13 10 27 00 00 00 5B  TEL,23848,S5,3591,1075,2946,4995,10000,0
A5 54 29 5D 05 C9 0D 30 04 82 0B 83 13 10 27 00 00 00 58  TEL,23849,S5,3529,1072,2946,4995,10000,0
A5 54 2A 5D 05 07 0E 33 04 82 0B 83 13 10 27 00 00 00 5F  TEL,23850,S5,3591,1075,2946,4995,10000,0
A5 54 2B 5D 05 07 0E 33 04 82 0B 83 13 10 27 00 00 00 5D  TEL,23851,S5,3591,1075,2946,4995,10000,0
A5 54 2C 5D 05 E8 0D 32 04 82 0B 83 13 10 27 00 00 00 06  TEL,23852,S5,3560,1074,2946,4995,10000,0
A5 54 2D 5D 05 07 0E 33 04 82 0B 83 13 10 27 00 00 00 51  TEL,23853,S5,3591,1075,2946,4995,10000,0
A5 54 2E 5D 05 07 0E 33 04 82 0B 83 13 10 27 00 00 00 57  TEL,23854,S5,3591,1075,2946,4995,10000,0
A5 54 2F 5D 05 E8 0D 32 04 82 0B 83 13 10 27 00 00 00 00  TEL,23855,S5,3560,1074,2946,4995,10000,0
A5 54 30 5D 05 07 0E 33 04 82 0B 83 13 10 27 00 00 00 6B  TEL,23856,S5,3591,1075,2946,4995,10000,0
A5 54 31 5D 05 07 0E 33 04 82 0B 83 13 10 27 00 00 00 69  TEL,23857,S5,3591,1075,2946,4995,10000,0
A5 54 32 5D 05 E8 0D 32 04 82 0B 83 13 10 27 00 00 00 3A  TEL,23858,S5,3560,1074,2946,4995,10000,0
A5 54 33 5D 05 07 0E 33 04 82 0B 83 13 10 27 00 00 00 6D  TEL,23859,S5,3591,1075,2946,4995,10000,0
A5 54 34 5D 05 45 0E 35 04 82 0B 83 13 10 27 00 00 00 F5  TEL,23860,S5,3653,1077,2946,4995,10000,0
A5 54 35 5D 05 07 0E 33 04 82 0B 83 13 10 27 00 00 00 61  TEL,23861,S5,3591,1075,2946,4995,10000,0
A5 54 36 5D 05 07 0E 33 04 82 0B 83 13 10 27 00 00 00 67  TEL,23862,S5,3591,1075,2946,4995,10000,0
A5 54 37 5D 05 A3 0E 38 04 82 0B 83 13 10 27 00 00 00 ED  TEL,23863,S5,3747,1080,2946,4995,10000,0
A5 54 38 5D 05 07 0E 33 04 82 0B 83 13 10 27 00 00 00 7B  TEL,23864,S5,3591,1075,2946,4995,10000,0
A5 54 39 5D 05 07 0E 33 04 82 0B 83 13 10 27 00 00 00 79  TEL,23865,S5,3591,1075,2946,4995,10000,0
A5 54 3A 5D 05 E8 0D 32 04 82 0B 83 13 10 27 00 00 00 2A  TEL,23866,S5,3560,1074,2946,4995,10000,0
A5 54 3B 5D 05 07 0E 33 04 82 0B 83 13 10 27 00 00 00 7D  TEL,23867,S5,3591,1075,2946,4995,10000,0
A5 54 3C 5D 05 C9 0D 30 04 82 0B 83 13 10 27 00 00 00 72  TEL,23868,S5,3529,1072,2946,4995,10000,0
A5 54 3D 5D 05 07 0E 33 04 82 0B 83 13 10 27 00 00 00 71  TEL,23869,S5,3591,1075,2946,4995,10000,0
A5 54 3E 5D 05 07 0E 33 04 82 0B 83 13 10 27 00 00 00 77  TEL,23870,S5,3591,1075,2946,4995,10000,0
A5 54 3F 5D 05 E8 0D 32 04 82 0B 83 13 10 27 00 00 00 20  TEL,23871,S5,3560,1074,2946,4995,10000,0
A5 54 40 5D 05 07 0E 33 04 82 0B 83 13 10 27 00 00 00 8B  TEL,23872,S5,3591,1075,2946,4995,10000,0
A5 54 41 5D 05 E8 0D 32 04 82 0B 83 13 10 27 00 00 00 DC  TEL,23873,S5,3560,1074,2946,4995,10000,0
A5 54 42 5D 05 07 0E 33 04 82 0B 83 13 10 27 00 00 00 8F  TEL,23874,S5,3591,1075,2946,4995,10000,0
A5 54 43 5D 05 E8 0D 32 04 82 0B 83 13 10 27 00 00 00 D8  TEL,23875,S5,3560,1074,2946,4995,10000,0
A5 54 44 5D 05 83 0E 37 04 82 0B 83 13 10 27 00 00 00 50  TEL,23876,S5,3715,1079,2946,4995,10000,0
A5 54 45 5D 05 07 0E 33 04 82 0B 83 13 10 27 00 00 00 81  TEL,23877,S5,3591,1075,2946,4995,10000,0
A5 54 46 5D 05 E8 0D 32 04 82 0B 83 13 10 27 00 00 00 D2  TEL,23878,S5,3560,1074,2946,4995,10000,0
A5 54 47 5D 05 07 0E 33 04 82 0B 83 13 10 27 00 00 00 85  TEL,23879,S5,3591,1075,2946,4995,10000,0
A5 54 48 5D 05 07 0E 33 04 82 0B 83 13 10 27 00 00 00 9B  TEL,23880,S5,3591,1075,2946,4995,10000,0
A5 54 49 5D 05 07 0E 33 04 82 0B 83 13 10 27 00 00 00 99  TEL,23881,S5,3591,1075,2946,4995,10000,0
A5 54 4A 5D 05 E8 0D 32 04 82 0B 83 13 10 27 00 00 00 CA  TEL,23882,S5,3560,1074,2946,4995,10000,0
A5 54 4B 5D 05 E8 0D 32 04 82 0B 83 13 10 27 00 00 00 C8  TEL,23883,S5,3560,1074,2946,4995,10000,0
A5 54 4C 5D 05 07 0E 33 04 82 0B 83 13 10 27 00 00 00 93  TEL,23884,S5,3591,1075,2946,4995,10000,0
A5 54 4D 5D 05 07 0E 33 04 82 0B 83 13 10 27 00 00 00 91  TEL,23885,S5,3591,1075,2946,4995,10000,0
A5 54 4E 5D 05 8A 0D 2E 04 82 0B 83 13 10 27 00 00 00 9B  TEL,23886,S5,3466,1070,2946,4995,10000,0
A5 54 4F 5D 05 E8 0D 32 04 82 0B 83 13 10 27 00 00 00 C0  TEL,23887,S5,3560,1074,2946,4995,10000,0
A5 54 50 5D 05 07 0E 33 04 82 0B 83 13 10 27 00 00 00 AB  TEL,23888,S5,3591,1075,2946,4995,10000,0
A5 54 51 5D 05 07 0E 33 04 82 0B 83 13 10 27 00 00 00 A9  TEL,23889,S5,3591,1075,2946,4995,10000,0
A5 54 52 5D 05 07 0E 33 04 82 0B 83 13 10 27 00 00 00 AF  TEL,23890,S5,3591,1075,2946,4995,10000,0
A5 54 53 5D 05 E8 0D 32 04 82 0B 83 13 10 27 00 00 00 F8  TEL,23891,S5,3560,1074,2946,4995,10000,0
A5 54 54 5D 05 45 0E 35 04 82 0B 83 13 10 27 00 00 00 35  TEL,23892,S5,3653,1077,2946,4995,10000,0
A5 54 55 5D 05 07 0E 33 04 82 0B 83 13 10 27 00 00 00 A1  TEL,23893,S5,3591,1075,2946,4995,10000,0
A5 54 56 5D 05 07 0E 33 04 82 0B 83 13 10 27 00 00 00 A7  TEL,23894,S5,3591,1075,2946,4995,10000,0
A5 54 57 5D 05 C9 0D 31 04 82 0B 83 13 10 27 00 00 00 BB  TEL,23895,S5,3529,1073,2946,4995,10000,0
A5 54 58 5D 05 07 0E 33 04 82 0B 83 13 10 27 00 00 00 BB  TEL,23896,S5,3591,1075,2946,4995,10000,0
A5 54 59 5D 05 26 0E 34 04 82 0B 83 13 10 27 00 00 00 8E  TEL,23897,S5,3622,1076,2946,4995,10000,0
A5 54 5A 5D 05 07 0E 33 04 82 0B 83 13 10 27 00 00 00 BF  TEL,23898,S5,3591,1075,2946,4995,10000,0
A5 54 5B 5D 05 E8 0D 32 04 82 0B 83 13 10 27 00 00 00 E8  TEL,23899,S5,3560,1074,2946,4995,10000,0
A5 54 5C 5D 05 26 0E 34 04 82 0B 83 13 10 27 00 00 00 84  TEL,23900,S5,3622,1076,2946,4995,10000,0
A5 54 5D 5D 05 E8 0D 32 04 82 0B 83 13 10 27 00 00 00 E4  TEL,23901,S5,3560,1074,2946,4995,10000,0
A5 54 5E 5D 05 E8 0D 32 04 82 0B 83 13 10 27 00 00 00 E2  TEL,23902,S5,3560,1074,2946,4995,10000,0
A5 54 5F 5D 05 07 0E 33 04 82 0B 83 13 10 27 00 00 00 B5  TEL,23903,S5,3591,1075,2946,4995,10000,0
A5 54 60 5D 05 07 0E 33 04 82 0B 83 13 10 27 00 00 00 CB  TEL,23904,S5,3591,1075,2946,4995,10000,0
A5 54 61 5D 05 C2 0E 39 04 82 0B 83 13 10 27 00 00 00 CF  TEL,23905,S5,3778,1081,2946,4995,10000,0
A5 54 62 5D 05 07 0E 33 04 82 0B 83 13 10 27 00 00 00 CF  TEL,23906,S5,3591,1075,2946,4995,10000,0
A5 54 63 5D 05 E8 0D 32 04 82 0B 83 13 10 27 00 00 00 98  TEL,23907,S5,3560,1074,2946,4995,10000,0
A5 54 64 5D 05 45 0E 35 04 82 0B 83 13 10 27 00 00 00 55  TEL,23908,S5,3653,1077,2946,4995,10000,0
A5 54 65 5D 05 07 0E 33 04 82 0B 83 13 10 27 00 00 00 C1  TEL,23909,S5,3591,1075,2946,4995,10000,0
A5 54 66 5D 05 E8 0D 32 04 82 0B 83 13 10 27 00 00 00 92  TEL,23910,S5,3560,1074,2946,4995,10000,0
A5 54 67 5D 05 07 0E 33 04 82 0B 83 13 10 27 00 00 00 C5  TEL,23911,S5,3591,1075,2946,4995,10000,0
A5 54 68 5D 05 07 0E 33 04 82 0B 83 13 10 27 00 00 00 DB  TEL,23912,S5,3591,1075,2946,4995,10000,0
A5 54 69 5D 05 E8 0D 32 04 82 0B 83 13 10 27 00 00 00 8C  TEL,23913,S5,3560,1074,2946,4995,10000,0
A5 54 6A 5D 05 07 0E 33 04 82 0B 83 13 10 27 00 00 00 DF  TEL,23914,S5,3591,1075,2946,4995,10000,0
A5 54 6B 5D 05 E8 0D 32 04 82 0B 83 13 10 27 00 00 00 88  TEL,23915,S5,3560,1074,2946,4995,10000,0
A5 54 6C 5D 05 07 0E 33 04 82 0B 83 13 10 27 00 00 00 D3  TEL,23916,S5,3591,1075,2946,4995,10000,0
A5 54 6D 5D 05 83 0E 37 04 82 0B 83 13 10 27 00 00 00 02  TEL,23917,S5,3715,1079,2946,4995,10000,0
A5 54 6E 5D 05 C9 0D 30 04 82 0B 83 13 10 27 00 00 00 D6  TEL,23918,S5,3529,1072,2946,4995,10000,0
A5 54 6F 5D 05 26 0E 34 04 82 0B 83 13 10 27 00 00 00 E2  TEL,23919,S5,3622,1076,2946,4995,10000,0
A5 54 70 5D 05 07 0E 33 04 82 0B 83 13 10 27 00 00 00 EB  TEL,23920,S5,3591,1075,2946,4995,10000,0
A5 54 71 5D 05 07 0E 33 04 82 0B 83 13 10 27 00 00 00 E9  TEL,23921,S5,3591,1075,2946,4995,10000,0
A5 54 72 5D 05 E8 0D 32 04 82 0B 83 13 10 27 00 00 00 BA  TEL,23922,S5,3560,1074,2946,4995,10000,0
A5 54 73 5D 05 07 0E 33 04 82 0B 83 13 10 27 00 00 00 ED  TEL,23923,S5,3591,1075,2946,4995,10000,0
A5 54 74 5D 05 64 0E 36 04 82 0B 83 13 10 27 00 00 00 3E  TEL,23924,S5,3684,1078,2946,4995,10000,0
A5 54 75 5D 05 07 0E 33 04 82 0B 83 13 10 27 00 00 00 E1  TEL,23925,S5,3591,1075,2946,4995,10000,0
A5 54 76 5D 05 26 0E 34 04 82 0B 83 13 10 27 00 00 00 D0  TEL,23926,S5,3622,1076,2946,4995,10000,0
A5 54 77 5D 05 E8 0D 32 04 82 0B 83 13 10 27 00 00 00 B0  TEL,23927,S5,3560,1074,2946,4995,10000,0
A5 54 78 5D 05 E8 0D 32 04 82 0B 83 13 10 27 00 00 00 AE  TEL,23928,S5,3560,1074,2946,4995,10000,0
A5 54 79 5D 05 07 0E 33 04 82 0B 83 13 10 27 00 00 00 F9  TEL,23929,S5,3591,1075,2946,4995,10000,0
A5 54 7A 5D 05 C9 0D 30 04 82 0B 83 13 10 27 00 00 00 FE  TEL,23930,S5,3529,1072,2946,4995,10000,0
A5 54 7B 5D 05 E8 0D 32 04 82 0B 83 13 10 27 00 00 00 A8  TEL,23931,S5,3560,1074,2946,4995,10000,0
A5 54 7C 5D 05 A3 0E 38 04 82 0B 83 13 10 27 00 00 00 7B  TEL,23932,S5,3747,1080,2946,4995,10000,0
A5 54 7D 5D 05 07 0E 33 04 82 0B 83 13 10 27 00 00 00 F1  TEL,23933,S5,3591,1075,2946,4995,10000,0
A5 54 7E 5D 05 E8 0D 32 04 82 0B 83 13 10 27 00 00 00 A2  TEL,23934,S5,3560,1074,2946,4995,10000,0
A5 54 7F 5D 05 07 0E 33 04 82 0B 83 13 10 27 00 00 00 F5  TEL,23935,S5,3591,1075,2946,4995,10000,0
A5 54 80 5D 05 E8 0D 32 04 82 0B 83 13 10 27 00 00 00 59  TEL,23936,S5,3560,1074,2946,4995,10000,0
A5 54 81 5D 05 E8 0D 32 04 82 0B 83 13 10 27 00 00 00 5B  TEL,23937,S5,3560,1074,2946,4995,10000,0
A5 54 82 5D 05 E8 0D 32 04 82 0B 83 13 10 27 00 00 00 5D  TEL,23938,S5,3560,1074,2946,4995,10000,0
A5 54 83 5D 05 A3 0E 38 04 82 0B 83 13 10 27 00 00 00 82  TEL,23939,S5,3747,1080,2946,4995,10000,0
A5 54 84 5D 05 45 0E 35 04 82 0B 83 13 10 27 00 00 00 92  TEL,23940,S5,3653,1077,2946,4995,10000,0
A5 54 85 5D 05 E8 0D 32 04 82 0B 83 13 10 27 00 00 00 53  TEL,23941,S5,3560,1074,2946,4995,10000,0
A5 54 86 5D 05 64 0E 36 04 82 0B 83 13 10 27 00 00 00 DD  TEL,23942,S5,3684,1078,2946,4995,10000,0
A5 54 87 5D 05 E8 0D 32 04 82 0B 83 13 10 27 00 00 00 57  TEL,23943,S5,3560,1074,2946,4995,10000,0
A5 54 88 5D 05 07 0E 33 04 82 0B 83 13 10 27 00 00 00 1C  TEL,23944,S5,3591,1075,2946,4995,10000,0
A5 54 89 5D 05 07 0E 33 04 82 0B 83 13 10 27 00 00 00 1E  TEL,23945,S5,3591,1075,2946,4995,10000,0
A5 54 8A 5D 05 07 0E 33 04 82 0B 83 13 10 27 00 00 00 18  TEL,23946,S5,3591,1075,2946,4995,10000,0
A5 54 8B 5D 05 07 0E 33 04 82 0B 83 13 10 27 00 00 00 1A  TEL,23947,S5,3591,1075,2946,4995,10000,0
A5 54 8C 5D 05 07 0E 33 04 82 0B 83 13 10 27 00 00 00 14  TEL,23948,S5,3591,1075,2946,4995,10000,0
A5 54 8D 5D 05 E8 0D 32 04 82 0B 83 13 10 27 00 00 00 43  TEL,23949,S5,3560,1074,2946,4995,10000,0
A5 54 8E 5D 05 07 0E 33 04 82 0B 83 13 10 27 00 00 00 10  TEL,23950,S5,3591,1075,2946,4995,10000,0
A5 54 8F 5D 05 07 0E 33 04 82 0B 83 13 10 27 00 00 00 12  TEL,23951,S5,3591,1075,2946,4995,10000,0
A5 54 90 5D 05 07 0E 33 04 82 0B 83 13 10 27 00 00 00 2C  TEL,23952,S5,3591,1075,2946,4995,10000,0
A5 54 91 5D 05 E8 0D 32 04 82 0B 83 13 10 27 00 00 00 7B  TEL,23953,S5,3560,1074,2946,4995,10000,0
A5 54 92 5D 05 07 0E 33 04 82 0B 83 13 10 27 00 00 00 28  TEL,23954,S5,3591,1075,2946,4995,10000,0
A5 54 93 5D 05 E8 0D 32 04 82 0B 83 13 10 27 00 00 00 7F  TEL,23955,S5,3560,1074,2946,4995,10000,0
A5 54 94 5D 05 26 0E 34 04 82 0B 83 13 10 27 00 00 00 13  TEL,23956,S5,3622,1076,2946,4995,10000,0
A5 54 95 5D 05 A3 0E 38 04 82 0B 83 13 10 27 00 00 00 AE  TEL,23957,S5,3747,1080,2946,4995,10000,0
A5 54 96 5D 05 07 0E 33 04 82 0B 83 13 10 27 00 00 00 20  TEL,23958,S5,3591,1075,2946,4995,10000,0
A5 54 97 5D 05 07 0E 33 04 82 0B 83 13 10 27 00 00 00 22  TEL,23959,S5,3591,1075,2946,4995,10000,0
A5 54 98 5D 05 07 0E 33 04 82 0B 83 13 10 27 00 00 00 3C  TEL,23960,S5,3591,1075,2946,4995,10000,0
A5 54 99 5D 05 07 0E 33 04 82 0B 83 13 10 27 00 00 00 3E  TEL,23961,S5,3591,1075,2946,4995,10000,0
A5 54 9A 5D 05 E8 0D 32 04 82 0B 83 13 10 27 00 00 00 6D  TEL,23962,S5,3560,1074,2946,4995,10000,0
A5 54 9B 5D 05 E8 0D 32 04 82 0B 83 13 10 27 00 00 00 6F  TEL,23963,S5,3560,1074,2946,4995,10000,0
A5 54 9C 5D 05 07 0E 33 04 82 0B 83 13 10 27 00 00 00 34  TEL,23964,S5,3591,1075,2946,4995,10000,0
A5 54 9D 5D 05 07 0E 33 04 82 0B 83 13 10 27 00 00 00 36  TEL,23965,S5,3591,1075,2946,4995,10000,0
A5 54 9E 5D 05 07 0E 33 04 82 0B 83 13 10 27 00 00 00 30  TEL,23966,S5,3591,1075,2946,4995,10000,0
A5 54 9F 5D 05 07 0E 33 04 82 0B 83 13 10 27 00 00 00 32  TEL,23967,S5,3591,1075,2946,4995,10000,0
A5 54 A0 5D 05 07 0E 33 04 82 0B 83 13 10 27 00 00 00 4C  TEL,23968,S5,3591,1075,2946,4995,10000,0
A5 54 A1 5D 05 07 0E 33 04 82 0B 83 13 10 27 00 00 00 4E  TEL,23969,S5,3591,1075,2946,4995,10000,0
A5 54 A2 5D 05 07 0E 33 04 82 0B 83 13 10 27 00 00 00 48  TEL,23970,S5,3591,1075,2946,4995,10000,0
A5 54 A3 5D 05 07 0E 33 04 82 0B 83 13 10 27 00 00 00 4A  TEL,23971,S5,3591,1075,2946,4995,10000,0
A5 54 A4 5D 05 C9 0D 31 04 82 0B 83 13 10 27 00 00 00 5A  TEL,23972,S5,3529,1073,2946,4995,10000,0
A5 54 A5 5D 05 07 0E 33 04 82 0B 83 13 10 27 00 00 00 46  TEL,23973,S5,3591,1075,2946,4995,10000,0
A5 54 A6 5D 05 07 0E 33 04 82 0B 83 13 10 27 00 00 00 40  TEL,23974,S5,3591,1075,2946,4995,10000,0
A5 54 A7 5D 05 45 0E 35 04 82 0B 83 13 10 27 00 00 00 D4  TEL,23975,S5,3653,1077,2946,4995,10000,0
A5 54 A8 5D 05 E8 0D 32 04 82 0B 83 13 10 27 00 00 00 09  TEL,23976,S5,3560,1074,2946,4995,10000,0
A5 54 A9 5D 05 07 0E 33 04 82 0B 83 13 10 27 00 00 00 5E  TEL,23977,S5,3591,1075,2946,4995,10000,0
A5 54 AA 5D 05 E8 0D 32 04 82 0B 83 13 10 27 00 00 00 0D  TEL,23978,S5,3560,1074,2946,4995,10000,0
A5 54 AB 5D 05 07 0E 33 04 82 0B 83 13 10 27 00 00 00 5A  TEL,23979,S5,3591,1075,2946,4995,10000,0
ACK,23980,S0,CTK                                               
REC,S5,121,348363678,17,2,70,875,ok                            
REC,S5,122,349841095,18,1,1401,873,ok                          
REC,S5,123,351445342,17,2,75,873,ok                            
REC,S5,124,352996345,18,1,75,874,ok                            
REC,S5,125,354394403,17,2,70,876,ok                            
REC,S5,126,355930501,18,1,1995,874,ok                          
REC,S5,127,357595070,17,2,70,874,ok                            
REC,S5,128,359092172,18,2,323,878,ok                           
REC,S5,129,360642769,20,2,551,875,ok                           
REC,S5,130,362125002,17,2,70,874,ok                            
REC,S5,131,363529308,17,2,3189,873,ok                          
REC,S5,132,364955335,18,2,74,875,ok                            
REC,S5,133,366500551,18,1,1946,877,ok                          
REC,S5,134,367924983,18,2,70,873,ok                            
REC,S5,135,369266767,18,1,71,875,ok                            
REC,S5,136,370786815,18,1,71,874,ok                            
REC,S5,137,372265440,18,2,71,872,ok                            
REC,S5,138,373598848,18,1,3649,877,ok                          
REC,S5,139,374995184,17,2,71,873,ok                            
REC,S5,140,376425907,18,1,71,874,ok                            
REC,S5,141,378077785,18,1,4712,877,ok                          
REC,S5,142,379456985,17,2,71,876,ok                            
REC,S5,143,380967843,18,2,4653,877,ok                          
REC,S5,144,382469227,18,1,3271,876,ok                          
REC,S5,145,383873147,20,2,173,874,ok                           
REC,S5,146,385284149,17,2,71,875,ok                            
REC,S5,147,386713443,18,1,72,874,ok                            
REC,S5,148,388245344,17,2,77,875,ok                            
REC,S5,149,389599902,18,2,2595,877,ok                          
REC,S5,150,391652107,17,2,391,876,ok                           
CNT,S0,accepted,30                                             
CNT,S0,repeat,41                                               
CNT,S0,btn_queue_drop,0                                        
CNT,S0,tx_queue_drop,0                                         
CNT,S0,tx_queue_max,2                                          
CNT,S0,pool_overflow,0                                         
CNT,S0,droplog_overflow,0                                      
CNT,S0,tx_timeout,0                                            
CNT,S0,tx_start_fail,0                                         
CNT,S0,spurious_tc,0                                           
CNT,S0,encode_error,0                                          
CNT,S0,tel_sent,5666                                           
CNT,S0,tel_drop,0                                              
CNT,S0,tel_period_min_us,9608                                  
CNT,S0,tel_period_avg_us,9999                                  
CNT,S0,tel_period_max_us,10002                                 
CNT,S0,tel_wait_avg_us,64                                      
CNT,S0,tel_wait_max_us,2893                                    
CNT,S0,stack_hwm_telemetry,318                                 
CNT,S0,stack_hwm_button,324                                    
CNT,S0,stack_hwm_uart_tx,380                                   
END,S0,30                                                      
